Date,0_0,1_0,2_0,3_0,4_0,5_0,6_0,7_0,8_0,0_1,1_1,2_1,3_1,4_1,5_1,6_1,7_1,8_1,0_2,1_2,2_2,3_2,4_2,5_2,6_2,7_2,8_2,0_3,1_3,2_3,3_3,4_3,5_3,6_3,7_3,8_3,0_4,1_4,2_4,3_4,4_4,5_4,6_4,7_4,8_4,0_5,1_5,2_5,3_5,4_5,5_5,6_5,7_5,8_5,0_6,1_6,2_6,3_6,4_6,5_6,6_6,7_6,8_6,0_7,1_7,2_7,3_7,4_7,5_7,6_7,7_7,8_7,0_8,1_8,2_8,3_8,4_8,5_8,6_8,7_8,8_8,0_9,1_9,2_9,3_9,4_9,5_9,6_9,7_9,8_9,0_10,1_10,2_10,3_10,4_10,5_10,6_10,7_10,8_10,0_11,1_11,2_11,3_11,4_11,5_11,6_11,7_11,8_11,0_12,1_12,2_12,3_12,4_12,5_12,6_12,7_12,8_12,0_13,1_13,2_13,3_13,4_13,5_13,6_13,7_13,8_13,0_14,1_14,2_14,3_14,4_14,5_14,6_14,7_14,8_14,0_15,1_15,2_15,3_15,4_15,5_15,6_15,7_15,8_15
2025-01-01,0.0,0.0,0.0,0.0,0.010173202492296696,0.0,0.0,0.0,0.0,0.0,0.0,0.0055415029637515545,0.0,0.0,0.0,0.0,0.0,0.0,0.0,0.0,0.0,0.018047785386443138,0.0015149638056755066,0.0,0.0,0.0,0.0,0.0,0.00021046586334705353,0.0,0.0,0.04430531710386276,0.010413972660899162,0.0,0.0,0.0,0.0,0.0,0.0,0.0,0.0013048872351646423,0.015281022526323795,0.011291742324829102,0.006616063416004181,0.0,0.0,0.0,0.0,0.0,0.003958854824304581,0.021248042583465576,0.0014271179679781199,0.0,0.0,0.0,0.0,0.0,0.0,0.004217215348035097,0.0,0.0,0.010364515706896782,0.0,0.0,0.0,0.0,0.0,0.0026954980567097664,0.01275143213570118,0.003921761177480221,0.003071371465921402,0.0,0.0007267303299158812,0.0,0.0,0.0,0.0,0.0,0.0,0.004947848152369261,0.0,0.0,0.0,0.016690894961357117,0.000148797407746315,0.0,0.0,0.0002349112182855606,0.051837049424648285,0.0018878704868257046,0.0,0.05438557639718056,0.011694284155964851,0.021865246817469597,9.413703810423613e-05,0.0034598372876644135,0.0013976842164993286,0.0,0.006801072042435408,0.0,0.0,0.0032243989408016205,0.00148865208029747,0.010120680555701256,0.0012800605036318302,0.0052096052095294,0.0,0.0,0.0,0.0,0.015637485310435295,0.0033424273133277893,0.00034221960231661797,0.0,0.002275058999657631,0.017749404534697533,0.0,0.0,0.0,0.0,0.0008919164538383484,0.0,3.342353738844395e-05,0.0,0.0023610079661011696,0.0,0.0,0.0,0.000907927518710494,0.013644421473145485,0.0,0.0,0.0,0.0,0.0,0.0,0.0,0.0,0.0,0.0,0.0,0.0,0.0,0.0
2025-01-02,0.0,0.0,0.0,0.0,0.0026061073876917362,0.0,0.0,0.0,0.0,0.0,0.0,0.0,0.0011310353875160217,0.0,0.014061301946640015,0.0,0.0,0.0,0.0,0.0020484148990362883,0.0059314751997590065,0.00950869545340538,0.0,0.013325224630534649,0.0,0.0,0.0,0.0,0.002794683910906315,0.0,0.0015669986605644226,0.02822939306497574,0.027046579867601395,0.0030456800013780594,0.0,0.0,0.0,0.0008257508161477745,0.00539290439337492,0.0,0.01014508493244648,0.022122127935290337,0.026723302900791168,0.014405963942408562,0.0,0.0,0.0,0.0,0.0,0.019047128036618233,0.020023727789521217,0.003422483103349805,0.028221875429153442,0.0,0.0,0.0,0.0,0.0,2.388027496635914e-05,0.005023384932428598,0.0,0.0,0.0,0.0,0.0,0.0,0.0007656195666640997,0.012402421794831753,0.005505637265741825,0.005685538053512573,0.006477860268205404,0.001618692884221673,0.0066380067728459835,0.0,0.0019082544604316354,0.0,0.0,0.0,0.0,0.003796963021159172,0.0,0.008463069796562195,0.0,0.016982275992631912,0.0026981965638697147,0.0,0.0,0.0072183553129434586,0.07389337569475174,0.010623511858284473,0.0,0.0374361015856266,0.01409926824271679,0.01595776528120041,0.00035330367973074317,0.030558187514543533,0.010778224095702171,0.0,0.0,0.0,0.005750943906605244,0.0024996548891067505,0.0,0.0007276874966919422,0.0010983115062117577,0.003514549694955349,0.0,6.329687312245369e-05,0.0,0.0,0.019512010738253593,0.013497048988938332,0.0,0.0,0.006912024691700935,0.007302030920982361,0.0,0.0,0.0,0.0,0.02473808266222477,0.0026393095031380653,0.0,0.0,0.0,0.0,0.0,0.0,0.0,0.005651368759572506,0.0,0.0,0.0,0.0,0.0,0.0,0.0,0.0,0.0,0.0,0.0,0.0,0.0,0.0
2025-01-03,0.0,0.0,0.0,0.0,0.0026345187798142433,0.0,0.0,0.0,0.0,0.0,0.0,0.0,0.0,0.016040034592151642,0.024049848318099976,0.0,0.0,0.0,0.0,0.007440679706633091,0.002345508895814419,0.00860284548252821,0.0,0.017207443714141846,0.0,0.0,0.0,0.0,0.014320683665573597,0.002273467369377613,0.006923293694853783,0.012222005054354668,0.0,0.0006116759032011032,7.683783769607544e-05,0.0,0.0,0.005883046891540289,0.004669819958508015,0.004396572709083557,0.021313350647687912,0.016843829303979874,0.022148968651890755,0.0028223004192113876,0.0,0.0,0.0,0.0,0.0,0.007085639052093029,0.006340554915368557,0.0012596738524734974,0.005737043917179108,0.0,0.0,0.0,0.0,0.0,0.00019389716908335686,0.0,0.0,0.0,0.0,0.0,0.0,0.0,0.0012216402683407068,0.0013667615130543709,0.0,0.006334166973829269,0.001116940751671791,0.0015035029500722885,0.006279395893216133,0.0,0.028469447046518326,0.0,0.0,0.0,0.0,0.007163994014263153,0.002939346246421337,0.00779785355553031,0.00042661605402827263,0.050303466618061066,0.01422521285712719,0.0038921795785427094,0.0,0.0030286326073110104,0.03264351189136505,0.005718737840652466,0.0,0.03189922869205475,0.022086145356297493,0.018472274765372276,0.00010826066136360168,0.01740783452987671,0.03094588778913021,0.002586810849606991,0.0,0.0,0.024434790015220642,0.002911217510700226,0.005706576630473137,0.000519204419106245,0.0,0.0012318035587668419,0.0,0.002365413587540388,0.0,0.0,0.03746462240815163,0.0,0.0,0.0,0.013154009357094765,0.0,0.0,0.0,0.0,0.0,0.006853839382529259,0.011709263548254967,0.0,0.0,0.0009952094405889511,0.0,0.0,0.0,0.0,0.001103703398257494,0.0,0.0,0.0,0.0,0.0,0.0,0.0,0.0,0.0,0.0,0.0,0.0,0.0,0.0
2025-01-04,0.0,0.0,0.0,0.0,0.009046533145010471,0.0,0.00515649002045393,0.0,0.0,0.0,0.0,0.0,0.0,0.01678750291466713,0.031699299812316895,0.0,0.0,0.0,0.0,0.0020804982632398605,0.00539357028901577,0.03005323000252247,0.0,0.018543222919106483,0.0,0.0,0.0,0.0,0.0,0.013583177700638771,0.002377629280090332,0.008560916408896446,0.021599434316158295,0.009664000943303108,0.004743870813399553,0.0,0.0,0.001428371062502265,0.0010396267753094435,0.0001096515916287899,0.013651655986905098,0.012618263252079487,0.018450716510415077,0.00899791345000267,0.0,0.0,0.0,0.0,0.0,0.0065532466396689415,0.0015059681609272957,0.00013540848158299923,0.004687868058681488,0.0,0.0,0.0,0.0,0.0,0.0030509368516504765,0.008331169374287128,0.011465554125607014,0.0,0.0001676293322816491,0.0,0.0,0.0,0.001801429782062769,0.0,0.0,0.019395066425204277,0.0035387445241212845,0.0003154040314257145,0.0004911352880299091,0.0,0.004002773202955723,0.0,0.0,0.0,0.007604298647493124,3.815907984972e-05,0.01072982419282198,0.0005883434787392616,0.00550670875236392,0.05359569936990738,0.0026173749938607216,0.0,0.0,0.0019408219959586859,0.026211794465780258,0.0006291661411523819,0.002406415296718478,0.059857212007045746,0.004714071750640869,0.02350483648478985,0.0,0.0043149711564183235,0.03278571367263794,0.0,0.0,0.0,0.015766557306051254,0.0025785528123378754,0.004998183809220791,0.001707172952592373,0.0,0.0023476816713809967,0.0,0.0,0.0,0.0,0.02313225343823433,0.0023019351065158844,0.007905292324721813,0.0,0.00394037738442421,0.0,0.0,0.0,0.0,0.00020929286256432533,0.0,0.012584407813847065,0.0,0.0,0.007069622166454792,0.0,0.0,0.0,0.0024839057587087154,0.0010844799689948559,0.0,0.0,0.0,0.0,0.0,0.0,0.0,0.0,0.0,0.0,0.0,0.0,0.0,0.0
2025-01-05,0.0,0.0,2.1978281438350677e-05,0.0,0.005562486592680216,0.0,0.0,0.0,0.0,0.0,0.0,0.0,0.00794597901403904,0.0,0.049617618322372437,0.0,0.0,0.0,0.0,0.00038815313018858433,0.003916474059224129,0.012266309931874275,0.0,0.0,0.0,0.0,0.0,0.0,0.0,0.005016030743718147,0.0,0.013726217672228813,0.012333763763308525,0.0,0.0,0.0,0.0,0.0008283118950203061,7.345143239945173e-05,0.0,0.018877141177654266,0.0009208060801029205,0.017632504925131798,0.014366820454597473,0.0,0.0,0.0,0.0,0.0,0.0,0.0,0.00535108707845211,0.02949172630906105,0.0,0.0,0.0,0.0,0.0,0.009868137538433075,0.008952615782618523,0.005394680425524712,0.0028512515127658844,0.0006829978665336967,0.0,0.0,0.0,0.002483249409124255,0.01224168948829174,0.005535481031984091,0.008255540393292904,0.005279517266899347,0.0004920340143144131,0.0,0.0,0.0,0.0,0.0,0.0,0.0,0.00021133478730916977,0.002727401675656438,0.0,0.0,0.0383179672062397,0.0,0.0,0.0,0.001655427273362875,0.03563042730093002,0.0010264776647090912,0.016864869743585587,0.04015534371137619,0.023429563269019127,0.015553200617432594,0.0,0.0007355427369475365,0.014007744379341602,0.002964845160022378,0.0017481534741818905,0.0,0.0,0.0,0.0,0.0,0.004136308562010527,0.006273951381444931,0.00026515242643654346,0.0,0.0,0.0,0.014361956156790257,0.011868227273225784,0.0,0.0016583367250859737,0.0,0.0,0.0,0.0,0.0,0.0,0.015409767627716064,0.013354072347283363,0.00238270522095263,0.0016954690217971802,0.0025004351045936346,0.0,0.0,0.0,0.0,0.00419808691367507,0.005448724143207073,0.0,0.0,0.0,0.0,0.0,0.0,0.0,0.0,0.0,0.0,0.0,0.0,0.0
2025-01-06,0.0,0.0,0.00017320580082014203,0.0,0.0,0.0011023863917216659,0.0,0.0,0.0,0.0,0.0,0.0007937906193546951,0.0,0.00924130529165268,0.03271116316318512,0.0,0.0,0.0,0.0,0.003960227128118277,0.0017582662403583527,0.0014145821332931519,0.0,0.0,0.0,0.0,0.0,0.0,0.003851424902677536,0.0009851534850895405,0.004246443510055542,0.0009682215750217438,0.00586690753698349,0.0,0.0023763165809214115,0.0,0.0,0.0006045627524144948,0.0,0.0,0.01893271692097187,0.0,0.027051178738474846,0.001919364556670189,0.0,0.0,0.0,0.0,0.0,0.0,0.0,0.005793090909719467,0.021789101883769035,0.0,0.0,0.0,0.0,0.0,0.0018394237849861383,0.004138132091611624,0.0,0.010489286854863167,0.00044039677595719695,0.0,0.0,0.0,0.002504060510545969,0.019084878265857697,0.008461402729153633,0.001892266795039177,0.004695648327469826,0.003852555761113763,0.0017053205519914627,0.0,0.0,0.0,0.0,0.0,0.0,0.0034848060458898544,0.0,0.0,0.0,0.04073198139667511,0.0013851700350642204,0.0,0.011983592063188553,0.006391522940248251,0.024180836975574493,0.007737558800727129,0.004440180957317352,0.03989948704838753,0.045154303312301636,0.023973867297172546,0.0,0.005632923915982246,0.0066068340092897415,0.021295122802257538,0.0020791376009583473,0.0,0.0,0.0,0.0060884952545166016,0.0,0.0,0.008805623278021812,0.00046972697600722313,0.0007511484436690807,0.0,0.0,0.007340825162827969,0.0049440376460552216,0.0,0.0017372402362525463,0.007852239534258842,0.0,0.0,0.0,0.0,0.0,0.006035236641764641,0.004943082574754953,0.0,0.0,0.005040342453867197,0.0,0.0,0.0,0.00016492605209350586,0.0033043911680579185,0.0009649631101638079,0.0,0.0,0.0,0.0,0.0,0.0,0.0,0.0,0.0,0.0,0.0,0.0,0.0
2025-01-07,0.0,0.0,0.000334684707922861,0.0,0.007998712360858917,0.0057003372348845005,0.0,0.0,0.0,0.0,0.0,0.006635880563408136,0.00523467268794775,0.00787542387843132,0.019092246890068054,0.0,0.0,0.0,0.0,0.0055634635500609875,0.011269995011389256,0.0,0.0,0.0,0.0,0.0,0.0,0.0,0.005048226565122604,0.0,0.0,0.018866010010242462,0.014344923198223114,0.0,0.017954310402274132,0.0,0.0,0.0001529003493487835,0.0,0.0,0.01623031497001648,0.0012137237936258316,0.005262862890958786,0.010583357885479927,0.0,0.0,0.0,0.0,0.0,0.00804829876869917,0.0,0.0,0.0026467815041542053,0.0,0.0,0.0,0.0,0.0,0.0,0.0,0.0,0.0,0.000276632490567863,0.0,0.0,0.0,0.007148806005716324,0.011795544065535069,0.0015425169840455055,0.005392714403569698,0.007768392562866211,0.0037947981618344784,0.008369557559490204,0.0,0.0,0.0,0.0,0.0,0.0009173550643026829,0.003581368364393711,0.0,0.016280297189950943,0.0004598214291036129,0.030381081625819206,0.0,0.0,0.0011025102576240897,0.0010973787866532803,0.030357958748936653,0.008743006736040115,0.0,0.024501685053110123,0.05592329800128937,0.05259747803211212,0.0,0.002003544010221958,0.0014596674591302872,0.0043348390609025955,0.0017752242274582386,0.0,0.0,0.0,0.006745093502104282,0.006014746613800526,0.0,0.0005211606621742249,0.003188845468685031,0.0007415302097797394,0.0,0.0,0.004783137235790491,0.00636107474565506,0.0,0.003986087627708912,0.01072386559098959,0.0,0.0,0.0,0.0,0.0,0.009462252259254456,0.0,0.0,0.0025294506922364235,0.016837647184729576,0.0,0.0,0.0,0.001332701649516821,0.0018605822697281837,0.00189444690477103,0.0,0.0,0.0,0.0,0.0,0.0,0.0,0.0,0.0,0.0,0.0,0.0,0.0
2025-01-08,0.0,0.0,0.0,0.0,0.0,9.66549851000309e-05,0.0,0.0,0.0,0.0,0.0,0.0,0.0,0.001789867877960205,0.037293948233127594,0.0,0.0,0.0,0.0,0.008400224149227142,0.009025931358337402,0.0,0.0021029673516750336,0.0,0.0,0.0,0.0,0.0,0.005698211491107941,0.0,0.005808547139167786,0.007888825610280037,0.019576968625187874,0.0,0.0036612991243600845,0.0,0.0,0.0,0.0034387484192848206,0.003262761514633894,0.008854517713189125,0.0014325855299830437,0.008072737604379654,0.009255715645849705,0.0,0.0,0.0,0.0,0.0,0.0026339797768741846,0.0,0.0,0.007916798815131187,0.0,0.0,0.0,0.0,0.0,0.0,0.0,0.0,0.006960362195968628,0.00046090339310467243,0.0,0.0,0.0,0.004016785882413387,0.0,0.0,0.0,0.0007869815453886986,0.006787113379687071,0.0022800227161496878,0.0,0.0,0.0,0.0,0.0,0.007928327657282352,0.01575375720858574,0.0,0.003805176354944706,0.023112697526812553,0.012187580578029156,0.00543581647798419,6.80516823194921e-05,0.0,0.005862940102815628,0.03058793395757675,0.02191150188446045,0.0,0.04995368421077728,0.053989578038454056,0.028258031234145164,0.0,0.0010167267173528671,0.01242909301072359,0.008915932849049568,0.0015649078413844109,0.0,0.0,0.0,0.014243844896554947,0.0071943034417927265,0.007160089444369078,0.0023003006353974342,0.0048140427097678185,0.0,0.0,0.0,0.008463350124657154,0.012648342177271843,0.0,0.0,0.0003650672733783722,0.0,0.0,0.0,0.0,0.004211790394037962,0.010942574590444565,0.0012255720794200897,0.0,0.015369318425655365,0.004503535106778145,0.0,0.0,0.0,0.0017846832051873207,0.0,0.007867597974836826,0.0,0.0,0.0,0.0,0.0,0.0,0.0,0.0,0.0,0.0,0.0,0.0,0.0
2025-01-09,0.0,0.0,0.00019462185446172953,0.0,0.0,0.0004325124900788069,0.0,0.0,0.0,0.0,0.0,0.0,0.0,0.0,0.0,0.0,0.0,0.0,0.0,0.0011442259419709444,0.005516720935702324,0.002222309820353985,0.0,0.0,0.0,0.0,0.0,0.0,0.005099089816212654,0.00640801340341568,0.00425359420478344,0.008381400257349014,0.0,0.0,0.0,0.0,0.0,0.0,0.0,0.004146785009652376,0.009708922356367111,0.0,0.033334195613861084,0.003627430647611618,0.0,0.0,0.0,0.0,0.0,0.011330154724419117,0.008722598664462566,0.003621199168264866,0.010336073115468025,0.0,0.0,0.0,0.0,0.0,0.0016880289185792208,0.0,0.0,0.0,0.0003822963626589626,0.0,0.0,0.0,0.00231393170543015,0.0,0.0,0.0,0.0,0.0,0.002415233291685581,0.0,5.9646787121891975e-05,0.0,0.0,0.0,0.007476422935724258,0.005514237098395824,0.0,0.0,0.009750398807227612,0.007012516260147095,0.0,0.0005080043338239193,0.0,0.00047852983698248863,0.05149243399500847,0.015037047676742077,0.0,0.03622954338788986,0.05169931799173355,0.013384000398218632,0.0041257101111114025,0.0,0.00805661454796791,0.015329617075622082,0.004054774064570665,0.0,0.007212388329207897,0.0,0.027150612324476242,0.001562605146318674,0.0016898843459784985,0.0,0.001522846519947052,0.0,0.0,0.0,0.016894906759262085,0.009560385718941689,0.002736896276473999,0.0,0.012922234833240509,0.0,0.0,0.0,0.0,0.0,0.0,0.0,0.0,0.002778407419100404,0.001953063765540719,0.0,0.0,0.0,0.0018464801833033562,0.0,0.003979231230914593,0.0,0.0,0.0,0.0,0.0,0.0,0.0,0.0,0.0,0.0,0.0,0.0,0.0
2025-01-10,0.0,0.0,8.678744779899716e-05,0.0,0.0004681861028075218,0.0003584448713809252,0.0,0.0,0.0,0.0,0.0,0.0,0.0,0.01433529332280159,0.0,0.0,0.0,0.0,0.0,0.0,0.004587389528751373,0.0,0.0011730361729860306,0.0004389416426420212,0.0,0.0,0.0,0.0,0.006481274962425232,0.001322189811617136,0.0,0.017646122723817825,0.03406214714050293,0.001410198863595724,0.0,0.0,0.0,0.0,0.0,0.0049086748622357845,0.011542603373527527,0.0002706944942474365,0.03739923611283302,0.015110019594430923,0.0,0.0,0.0,0.0,0.0,0.0007375027053058147,0.004660256672650576,0.010946620255708694,0.006739454343914986,0.0,0.0,0.0,0.0,0.0,0.0,0.0,0.0,0.004895733669400215,0.00028422102332115173,0.0,0.0,0.0,0.0022890602704137564,0.0011471500620245934,0.0,0.0015551894903182983,0.004150714725255966,0.0,0.0004012836143374443,0.0,0.0,0.0,0.0,0.0,0.0,0.0,0.0,0.0,0.0174210574477911,0.020128946751356125,0.0,0.0,0.0,0.0037245682906359434,0.06685083359479904,0.0027366019785404205,0.0,0.05339442938566208,0.07445622980594635,0.026865219697356224,0.0,0.0019528809934854507,0.013290983624756336,0.001083883922547102,0.0006353887729346752,0.0,0.0,0.0,0.011457789689302444,0.006743760779500008,0.00011859694495797157,0.009560273960232735,0.0,0.003744445974007249,0.0,0.0,0.026894627138972282,0.007954210042953491,0.002827033633366227,0.0,0.002082889899611473,0.0,0.0,0.0,0.0,0.0,0.0,0.0009590424597263336,0.0,2.8382986783981323e-05,0.0003945431672036648,0.0,0.0,0.0,0.0009027549531310797,0.0,0.007872293703258038,0.0,0.0,0.0,0.0,0.0,0.0,0.0,0.0,0.0,0.0,0.0,0.0,0.0
2025-01-11,0.0,0.0,0.0003820321289822459,0.0,0.008846042677760124,0.0017348395194858313,0.0,0.0,0.0,0.0,0.0,0.0,0.0,0.0374748557806015,0.0,0.0,0.0,0.0,0.0,0.0,0.006164069287478924,0.0,0.0,0.0,0.0,0.0,0.0,0.0,0.0,0.0,0.010188434273004532,0.0018582381308078766,0.014088967815041542,0.021888257935643196,0.0,0.0,0.0,0.0,0.0,0.0058079930022358894,0.0005717650055885315,0.013167832046747208,0.04692762345075607,0.0026441682130098343,0.0,0.0,0.0,0.0,0.0,0.0,0.009126427583396435,0.004384754691272974,0.032837264239788055,0.0,0.0,0.0,0.0,0.0,0.0,0.004439018201082945,0.0,0.0,0.00023177321418188512,0.0,0.0,0.0,0.0019185614073649049,0.00888519175350666,0.0,0.005107985809445381,0.0,0.0,0.0,0.0,0.0,0.0,0.0,0.0,0.005923321004956961,0.007572072558104992,0.0,0.0011192560195922852,0.004536915570497513,0.031281277537345886,0.0,0.0,0.0,0.0021474482491612434,0.04060543328523636,0.010379943065345287,0.009961963631212711,0.02227044105529785,0.05778036639094353,0.027852332219481468,0.0,0.0,0.02256571128964424,0.0,0.0,0.0,0.0,0.0024424921721220016,0.002739155665040016,0.014501573517918587,0.005444497335702181,0.0,0.0002644069027155638,0.0,0.0,0.0,0.009851103648543358,0.0,0.0,0.0,0.0002971664071083069,0.0,0.0,0.0,0.0,8.232658728957176e-06,0.016532672569155693,0.00936438050121069,0.0,0.0006329156458377838,0.0,0.0,0.0,0.0,0.0003123125061392784,0.0,0.0035223299637436867,0.0,0.0,0.0,0.0,0.0,0.0,0.0,0.0,0.0,0.0,0.0,0.0,0.0
2025-01-12,0.0,0.0,0.0003798358666244894,0.0,0.0,0.0015473718522116542,0.0010751713998615742,0.0,0.0,0.0,0.0,0.0,0.0025530625134706497,0.015732325613498688,0.0,0.0,0.0,0.0,0.0,0.0001521063968539238,0.012874963693320751,0.00019955821335315704,0.0,0.0,0.0,0.0,0.0,0.0,0.0,0.00019428040832281113,0.0,0.004102349281311035,0.01995990239083767,0.007690349128097296,0.00014507886953651905,0.0,0.0,0.0,0.0005063633434474468,0.0019533790182322264,0.01235782727599144,0.0,0.05025181546807289,0.008341295644640923,0.0,0.0,0.0,0.0,0.0,0.0,0.0,0.0,0.018081553280353546,0.0,0.0,0.0,0.0,0.0,0.00010353117249906063,0.0030168117955327034,0.0,0.0,5.326041718944907e-05,0.0,0.0,0.0,0.0005973021034151316,0.011864835396409035,0.0,0.0,0.005804851185530424,2.404395490884781e-05,0.0009880163706839085,0.0,0.0,0.0,0.0,0.0,0.009748922660946846,0.0,0.0,0.0013650637120008469,0.0,0.02524852380156517,0.0,0.0,0.0,0.01194342877715826,0.04457060620188713,0.0,0.0,0.04584537073969841,0.05789380893111229,0.009210595861077309,0.0,0.0,0.024665696546435356,8.215196430683136e-05,0.0,0.0,0.0006747432053089142,0.005717427469789982,0.0010556932538747787,0.006289525423198938,0.0,0.0002811066806316376,0.0005629188381135464,0.0,0.0,0.0,0.005338852759450674,0.00027948617935180664,0.0033253899309784174,0.0,0.005071435123682022,0.0,0.0,0.0,0.0,0.0006184248486533761,0.002366207540035248,0.009058062918484211,0.0003015317488461733,0.0010222629643976688,0.00030892156064510345,0.0,0.0,0.0,0.0,0.0,0.006425066851079464,0.0,0.0,0.0,0.0,0.0,0.0,0.007146007381379604,0.0,0.0,0.0,0.0,0.0,0.0
2025-01-13,0.0,0.0,2.6147463358938694e-05,0.0,0.0,0.0003322330303490162,0.00579463317990303,0.0,0.0,0.0,0.0,0.0,0.0,0.0049326010048389435,0.007441528141498566,0.0,0.0,0.0,0.0,0.0003235205076634884,0.015864763408899307,0.0,0.0,0.008417576551437378,0.0,0.0,0.0,0.0,0.0,0.0016779140569269657,0.012430169619619846,0.016298403963446617,0.004329737275838852,0.0,0.0006748642772436142,0.0,0.0,0.0,0.0001597820082679391,0.0,0.024055786430835724,0.00019682012498378754,0.04976855218410492,0.019420353695750237,0.0,0.0,0.0,0.0,0.0,0.0008938603568822145,0.0,0.0,0.010105865076184273,0.0,0.0,0.0,0.0,0.0,0.0011237277649343014,0.012289149686694145,0.0,0.0015936437994241714,0.0,0.0,0.0,0.0,0.0,0.012087875045835972,0.0,0.0,0.0007438501343131065,0.0005579753778874874,0.0016063253860920668,0.0,0.0031424558255821466,0.0,0.0,0.0,0.0,0.0,0.0,0.0,0.0,0.006755756214261055,0.0,0.00016060005873441696,0.00795174390077591,0.0005448209121823311,0.03911668062210083,0.004934967029839754,0.0,0.030677231028676033,0.058977432548999786,0.014122717082500458,0.0,9.566638618707657e-05,0.007877802476286888,0.0007191263139247894,0.007474713027477264,0.0,0.0,0.0,0.0026329979300498962,0.0028721923008561134,0.0,0.006154355593025684,0.0027727773413062096,0.004448161460459232,0.0,0.0,0.01114281639456749,1.095607876777649e-05,0.0,0.0,0.0,0.00012970215175300837,0.0,0.0,0.0,0.0004744197940453887,0.0,0.0,0.0005129046039655805,0.0007900353521108627,0.0007256465032696724,0.0,0.0,0.0,0.0,0.007894696667790413,0.0005643204785883427,0.0,0.0,0.0,0.0,0.0,0.0,0.020104488357901573,0.0,0.0,0.0,0.0,0.0,0.0
2025-01-14,0.0,0.0,1.2319069355726242e-05,0.0,0.0043602678924798965,0.0,0.0006097434088587761,0.0,0.0,0.0,0.0,0.0,0.0,0.022761087864637375,0.0,0.0,0.0,0.0,0.0,0.0,0.0,0.0,0.007462077774107456,0.014029727317392826,0.0,0.0,0.0,0.0,0.008066188544034958,0.0,0.0,0.01605328731238842,0.0,0.0,7.79994297772646e-05,0.0,0.0,0.0,0.00042222533375024796,0.0,0.029683146625757217,0.004992141388356686,0.03276827186346054,0.007541089318692684,0.0,0.0,0.0,0.0,0.0,0.0010599493980407715,0.0019027255475521088,0.009851519018411636,0.02116391249001026,0.0,0.0,0.0,0.0,0.0,0.0034235164057463408,0.015433330088853836,0.0,0.0,0.0,0.0,0.0,0.0,0.0,0.0073238397017121315,0.007599529344588518,0.0,0.0,0.0021472524385899305,0.0031532798893749714,0.0,0.0,0.0,0.0,0.0,0.0,0.013070338405668736,0.00031101598870009184,0.0005170274525880814,0.00023160036653280258,0.011875401251018047,0.012862714938819408,0.0001194606302306056,0.0,0.0,0.041649721562862396,0.00037934817373752594,0.0,0.021300751715898514,0.035930659621953964,0.024820812046527863,0.0006187361432239413,0.0,0.005509641021490097,0.007743092253804207,0.0,0.0,0.0,0.0,0.012581381015479565,0.0015351688489317894,0.0,0.0,0.002734985901042819,0.00015368638560175896,0.0,0.0,0.005899224895983934,0.0,0.0,0.0019056638702750206,0.0,0.0002426469000056386,0.0,0.0,0.0,0.0005114985979162157,0.0,0.0,0.0017684383783489466,0.0007310593500733376,0.0,0.0,0.0,0.0,0.00551663339138031,0.0,0.0,0.0,0.0,0.0,0.0,0.0,0.0,0.0020737317390739918,0.0,0.0,0.0,0.0,0.0,0.0
2025-01-15,0.0,0.0,0.00018631076090969145,0.0,0.024900581687688828,0.0,0.0,0.0,0.0,0.0,0.0,0.0,0.0,0.005338221788406372,0.0,0.0,0.0,0.0,0.0,0.0,0.003176948055624962,0.0025287363678216934,0.019541263580322266,0.006609972566366196,0.0,0.0,0.0,0.0,0.005806773900985718,0.0017058667726814747,0.008873839862644672,0.04157092049717903,0.014286251738667488,0.0036982586607337,0.0006280455854721367,0.0,0.0,0.0,0.0,0.004327145870774984,0.04226430505514145,0.013591337949037552,0.03418479487299919,0.009670641273260117,0.0,0.0,0.0,0.0,0.0,0.0022531128488481045,0.0,8.939625695347786e-05,0.02129933424293995,0.0,0.0,0.0,0.0,0.0,0.008432641625404358,0.030827689915895462,0.0004760336596518755,0.0031908974051475525,0.0,0.0,0.0,0.0,0.0,0.002502460964024067,0.0042329393327236176,0.008011991158127785,0.0,0.01587863825261593,0.00856307614594698,0.0,0.0,0.0,0.0,0.0,0.0,0.01251621637493372,0.0005211147363297641,0.003285885788500309,0.0068007949739694595,0.02129337564110756,0.0024472405202686787,3.583618672564626e-05,0.0,0.0003727334551513195,0.02786749042570591,0.005084788892418146,0.0,0.051501523703336716,0.030411500483751297,0.029459591954946518,0.0010532541200518608,0.0018342500552535057,0.01105172373354435,0.001544394064694643,0.0015726462006568909,0.0,0.0,0.0049567800015211105,0.0007741805166006088,0.0,0.0036663610953837633,0.0004112999886274338,0.006573966704308987,0.0,0.0,0.0,0.011226853355765343,0.0,0.0,0.010852672159671783,0.0,0.00032110989559441805,0.0,0.0,0.0,0.0007796614663675427,0.003421945497393608,0.0,0.001857055351138115,0.0003396649844944477,0.0,0.0,0.0,0.0,0.009736970998346806,0.0,0.0,0.0,0.0,0.0,0.0,0.0,0.0,0.0,0.0,0.0,0.0,0.0,0.0,0.0
2025-01-16,0.0,0.0,0.0006649538991041481,0.0,0.003762307111173868,0.00976452324539423,0.0,0.0,0.0,0.0,0.0,0.0,0.006511927116662264,0.0,0.0,0.0,0.0,0.0,0.0,0.0,0.005068068392574787,0.015577820129692554,0.007246300578117371,0.0,0.0,0.0,0.0,0.0,0.004653510637581348,0.009836873039603233,0.007547261193394661,0.014344986528158188,0.013468664139509201,0.0,0.0005569474888034165,0.0,0.0,0.0,0.0,0.0037601888179779053,0.03235805779695511,0.01260524895042181,0.07204657793045044,0.004674704745411873,0.0,0.0,0.0,0.0,0.0,0.0020379251800477505,0.002139763440936804,0.0,0.024694617837667465,0.0,0.0,0.0,0.0,0.0,0.0012610882986336946,0.004270847886800766,0.001057312125340104,0.0,4.091160371899605e-05,0.0,0.0,0.0,0.008382875472307205,0.0018062004819512367,0.006731064524501562,0.010421046055853367,0.005551799666136503,0.0022676007356494665,0.0030881082639098167,0.0,0.0,0.0006730072782374918,0.0,0.0,0.0,0.002606046851724386,8.693424751982093e-05,0.011276640929281712,0.0019701775163412094,0.023187503218650818,0.008706312626600266,0.0,0.0015024031745269895,0.0006325538270175457,0.03184608370065689,0.00015754718333482742,0.0036635107826441526,0.03881566599011421,0.034011706709861755,0.04365655407309532,0.0010011752601712942,0.005786710884422064,0.028935309499502182,0.0028097936883568764,0.0,0.0,0.0,0.014508729800581932,1.3995915651321411e-05,0.002648462075740099,0.0,0.0,0.002765259239822626,0.0019305688329041004,0.0,0.0,0.011929549276828766,0.01811274141073227,0.0,0.009001119062304497,0.0,1.0927440598607063e-05,0.0,0.0,0.0,0.0,0.03031356818974018,0.0002524573355913162,0.001255184761248529,0.0018270430155098438,0.0,0.0,0.0,0.0,0.0,0.0,0.0,0.0,0.0,0.0,0.0,0.0,0.0,0.0,0.0,0.0,0.0,0.0,0.0,0.0
2025-01-17,0.0,0.0,0.0044908905401825905,0.0,0.0,0.0,0.0,0.0,0.0,0.0,0.0,0.0,0.024859987199306488,0.0,0.011175885796546936,0.0,0.0,0.0,0.0,0.0015908931382000446,0.0,0.008543587289750576,0.01208584289997816,0.0026711206883192062,0.0,0.0,0.0,0.0,0.0,0.0050348821096122265,0.0,0.009484242647886276,0.021783242002129555,0.006308414973318577,0.0,0.0,0.0,0.0,0.00019745039753615856,0.00818003062158823,0.012729139998555183,0.0,0.05936895310878754,0.03272299841046333,0.0,0.0,0.0,0.0,0.0,0.0014152714284136891,0.00973222404718399,0.0006490459199994802,0.023438379168510437,0.0,0.0,0.0,0.0,0.0,0.008856207132339478,0.0,0.0036592399701476097,0.001997014507651329,0.00035445543471723795,0.0,0.0,0.0,0.00020328210666775703,0.0,0.0017154142260551453,0.015030942857265472,0.0029214397072792053,0.009296465665102005,0.004841362126171589,0.0,0.002737640403211117,0.00021168566308915615,0.0,0.0,0.0,0.002359316684305668,0.00020321446936577559,0.004715274553745985,0.0018766273278743029,0.04127180203795433,0.016825135797262192,0.0,0.001462868764065206,0.002172894775867462,0.033514782786369324,0.0,0.0013018026947975159,0.01825728639960289,0.02128668501973152,0.022903181612491608,0.00044749031076207757,0.005154910031706095,0.02068154886364937,0.00682680681347847,0.0,0.0,0.0027413060888648033,0.004999025724828243,0.021358074620366096,0.0,0.006040038075298071,0.0060101887211203575,0.001432101707905531,0.006970700807869434,0.0,0.0,0.005639488343149424,0.00451047345995903,0.0,0.0,0.0011952836066484451,0.0,0.0,0.0,0.0,0.0,0.0,0.003469439223408699,0.0004945495165884495,0.013019492849707603,0.0025675673969089985,0.0,0.0,0.0,0.002159829018637538,0.016429681330919266,0.0009733641054481268,0.0,0.0,0.0,0.0,0.0,0.0,0.0,0.0,0.0,0.0,0.0,0.0,0.0
2025-01-18,0.0,0.0,3.8282887544482946e-05,0.0,0.0,0.0,0.0014786298852413893,0.0,0.0,0.0,0.0,0.0,0.007083765231072903,0.01753219962120056,0.019730836153030396,0.0,0.0,0.0,0.0,0.008651839569211006,0.0010873135179281235,0.02163044549524784,0.00715069193392992,0.0,0.0,0.0,0.0,0.0,0.006826422642916441,0.006457905285060406,0.001501305028796196,0.01600619964301586,0.0575161874294281,0.009990798309445381,0.0,0.0,0.0,0.0,0.00030719279311597347,0.0013232850469648838,0.02981339953839779,0.006155257113277912,0.03219648823142052,0.018043234944343567,0.0,0.0,0.0,0.0,0.0,0.0002804291434586048,0.01192160788923502,0.0046844189055264,0.006964325904846191,0.0,0.0,0.0,0.0,0.0,0.0,0.0,0.0,0.0018460769206285477,0.0005746858660131693,0.0,0.0,0.0,0.0,0.003252512775361538,0.0,0.00438598170876503,0.0033667869865894318,0.0,0.0034678801894187927,0.0,0.0,0.001073907595127821,0.0,0.0,0.0013978704810142517,0.002315256744623184,0.0,0.001171838492155075,0.002569449134171009,0.03042840212583542,0.004782271571457386,0.0,6.753019988536835e-05,0.0023532751947641373,0.03902627155184746,0.004621664062142372,0.008182932622730732,0.047159649431705475,0.01452164351940155,0.03361159935593605,0.00030990317463874817,0.01443171501159668,0.023728100582957268,0.014466779306530952,0.0007488424889743328,0.0,0.02186528593301773,0.0043516261503100395,0.0026885364204645157,0.0,0.0,0.0,0.0,0.001997277606278658,0.0,0.0,0.004224558360874653,0.0029164645820856094,0.006281822919845581,0.0,0.0035031717270612717,0.0,0.0,0.0,0.0,0.0,0.0,0.007924570702016354,0.0,0.0006400239653885365,0.004344386514276266,0.0,0.0,0.0,0.003514795796945691,0.011585461907088757,0.0003782480489462614,0.0,0.0,0.0,0.0,0.0,0.0,0.0016076943138614297,0.0,0.0,0.0,0.0,0.0,0.0
2025-01-19,0.0,0.0,0.0,0.0,0.0,0.0030863620340824127,0.0,0.0,0.0,0.0,0.0,0.0,0.000571222510188818,0.02574336901307106,0.014379598200321198,0.0,0.0,0.0,0.0,0.0055468203499913216,0.0047271596267819405,0.017284514382481575,0.011503331363201141,0.007789360359311104,0.0,0.0,0.0,0.0,0.005144507624208927,0.0,0.014663390815258026,0.030901726335287094,0.045572780072689056,0.024496160447597504,0.0,0.0,0.0,0.0,0.00193330692127347,0.0005196263082325459,0.03902646526694298,0.014723187312483788,0.00198528915643692,0.0022254399955272675,0.0,0.0,0.0,0.0,0.0,0.0,0.008844173513352871,0.0006712533067911863,0.04376235604286194,0.0,0.0,0.0,0.0,0.0,0.0,0.010675936937332153,0.0,0.01602853462100029,0.0007175725768320262,0.0,0.0,0.0,0.0,0.02342785894870758,0.014384374022483826,0.0070235952734947205,0.0004767943173646927,0.0005553965456783772,0.01969781704246998,0.00011367106344550848,0.0,0.005565316881984472,0.0,0.0,0.007897118106484413,0.0006080586463212967,0.0002245489158667624,0.00246656546369195,0.000776913482695818,0.020655570551753044,0.002771491650491953,0.0,0.0,0.0015347895678132772,0.027847452089190483,0.01841389387845993,0.0,0.036567945033311844,0.035120733082294464,0.01585894264280796,0.0,0.0,0.037706635892391205,0.009769037365913391,0.004976554773747921,0.0,0.02059910260140896,0.0,0.0006284601986408234,0.0017823074012994766,0.0005216230638325214,0.0,0.0,0.0027952007949352264,0.0,0.0,0.005468717310577631,0.014925718307495117,0.012152121402323246,0.014670444652438164,0.0026915837079286575,0.0,0.0,0.0,0.0,0.0,0.0021234508603811264,0.005892300978302956,0.0,0.0,0.0,0.0,0.0,0.0,0.0034813550300896168,0.009218364022672176,0.0008328871335834265,0.0,0.0,0.0,0.0,0.0,0.0,0.007655728608369827,0.0,0.0,0.0,0.0,0.0,0.0
2025-01-20,0.0,0.0,0.0,0.0,0.0,0.000707874889485538,0.0013540061190724373,0.0,0.0,0.0,0.0,0.0,0.0,0.04297035187482834,0.0,0.0,0.0,0.0,0.0,0.0,0.013035016134381294,0.0,0.0,0.0,0.0,0.0,0.0,0.0,0.013004519045352936,0.0,0.015210897661745548,0.029983974993228912,0.02452727034687996,0.0076599265448749065,0.0,0.0,0.0,0.0,0.0010043776128441095,0.00017405953258275986,0.01592736318707466,0.005204169079661369,0.0013846680521965027,0.0,0.0,0.0,0.0,0.0,0.0,0.0,0.004906114190816879,0.009358190931379795,0.05518657714128494,0.0,0.0,0.0,0.0,0.0,0.007172851357609034,0.004480916541069746,0.0017454966437071562,0.009210769087076187,8.546846220269799e-05,0.0,0.0,0.0,0.009222815744578838,0.006459564436227083,0.006669440772384405,0.0,0.005755558609962463,0.009151301346719265,0.008368106558918953,0.0,0.012886679731309414,0.0003944953787140548,0.0,0.0,0.0017952718771994114,0.003877625335007906,0.0004544292751234025,0.004144718870520592,0.004443408455699682,0.02930765599012375,0.002157622016966343,0.0,0.0034101775381714106,0.0016838249284774065,0.018432699143886566,0.01542293094098568,0.0,0.03849782794713974,0.053545594215393066,0.031220510601997375,0.0,0.0,0.02123292349278927,0.004946182481944561,0.0,0.0,0.012194779701530933,0.006072581745684147,0.014652179554104805,0.0028761355206370354,0.002206223551183939,0.0,0.007480990141630173,0.0010979739017784595,0.0,0.0,0.012580668553709984,0.004624400287866592,0.0,0.0013886652886867523,0.0,0.0,0.0,0.0,0.0,0.004429459571838379,0.00048730894923210144,0.001471477560698986,0.003382620168849826,0.0,0.002774636959657073,0.0,0.0,0.0,0.0,0.01937728188931942,0.005387142766267061,0.0,0.0,0.0,0.0,0.0,0.0,0.0,0.0,0.0,0.0,0.0,0.0,0.0
2025-01-21,0.0,0.0,0.0,0.0,0.0,0.0002822810783982277,0.0,0.0,0.0,0.0,0.0,0.0,0.0,0.02392534539103508,0.005980953574180603,0.0,0.0,0.0,0.0,0.0,0.0042442698031663895,0.017359722405672073,0.0,0.01279465015977621,0.0,0.0,0.0,0.0,0.006436114199459553,0.0,0.0014841016381978989,0.022395435720682144,0.021399926394224167,0.005074046552181244,0.0,0.0,0.0,5.5849726777523756e-05,0.0007338125724345446,0.0,0.008765550330281258,0.0035772351548075676,0.017516998574137688,0.008197114802896976,0.0,0.0,0.0,0.0,0.0,0.0036017964594066143,0.01827479898929596,0.00034976284950971603,0.020032919943332672,0.0,0.0,0.0,0.0,0.0,0.0010185828432440758,0.0001700492575764656,0.0007666596211493015,0.0,0.0,0.0,0.0,0.0,0.00030421954579651356,0.007455356419086456,0.006607679650187492,0.0,0.002887819893658161,0.010956855490803719,0.0006435387767851353,0.0,0.0029005107935518026,0.0,0.0,0.0,0.0,0.0030386256985366344,0.00043367952457629144,0.0008639385923743248,0.009593253955245018,0.014757821336388588,0.0004772329702973366,0.0,0.005536914337426424,0.001837229821830988,0.025743212550878525,0.00944486539810896,0.0,0.03484131768345833,0.037560682743787766,0.030328083783388138,0.0,0.0,0.02250402420759201,0.0006439629942178726,0.0,0.0,0.0,0.0049619609490036964,0.017368348315358162,0.01646195724606514,0.0021917694248259068,0.012457371689379215,0.002636841731145978,0.0014641487505286932,0.0,0.0,0.007415485568344593,0.0,0.0007946607656776905,0.0,0.016004635021090508,0.0,0.0,0.0,0.0,0.0,0.016378263011574745,0.003426778130233288,0.0,0.0009563674684613943,0.0,0.0,0.0,0.0,0.001122891204431653,0.002417772077023983,0.0017635911935940385,0.0,0.0,0.0,0.0,0.0,0.0,0.0,0.0,0.0,0.0,0.0,0.0,0.0
2025-01-22,0.0,0.0,0.0,0.0,0.0,0.00021073664538562298,0.0,0.0,0.0,0.0,0.0,0.0,0.004910232033580542,0.0,0.034410588443279266,0.0,0.0,0.0,0.0,8.265208452939987e-05,0.0017918059602379799,0.02961134724318981,0.0,0.0,0.0,0.0,0.0,0.0,0.007395354565232992,0.014766222797334194,0.0,0.024488836526870728,0.008174585178494453,0.0,0.0,0.0,0.0,0.00013064011000096798,0.0006564133800566196,0.0003871629014611244,0.0,0.010336687788367271,0.017982566729187965,0.02225635014474392,0.0,0.0,0.0,0.0,0.0,0.0,0.02607426606118679,0.0002801113296300173,0.02483404241502285,0.0,0.0,0.0,0.0,0.0,0.0,0.00017654243856668472,0.0,0.002346483990550041,0.0,0.0,0.0,0.0,0.00029661855660378933,0.003162400797009468,0.0,0.0,0.0027022836729884148,0.004213681910187006,0.0,0.0,0.001387885888107121,0.0,0.0,0.0,0.0,0.003204899840056896,0.0006751081091351807,0.015175547450780869,0.0,0.011965210549533367,0.011183924041688442,2.2699241526424885e-05,0.0,0.0016834400594234467,0.0025098472833633423,0.019812792539596558,0.0037994058802723885,0.06681124120950699,0.04387490823864937,0.014719354920089245,0.005425637122243643,0.015134455636143684,0.01943700760602951,0.0003381194546818733,0.0,0.0,0.002087046392261982,0.007361912168562412,0.016509337350726128,0.014588282443583012,0.002562429755926132,0.000873001292347908,0.004313473589718342,0.004762931726872921,0.0,0.0,0.0063662040047347546,0.017883984372019768,0.0,0.0,0.010462158359587193,0.0,0.0,0.0,0.0,0.0,0.0,0.012978293932974339,0.002971099689602852,0.0022602546960115433,0.0,0.0,0.0,0.0,0.0018231787253171206,0.0,0.0003457167185842991,0.0,0.0,0.0,0.0,0.0,0.0,0.0,0.0,0.0,0.0,0.0,0.0,0.0
2025-01-23,0.0,3.2954058042378165e-06,3.258005017414689e-05,0.0,0.0,0.0,0.0014236720744520426,0.0,0.0,0.0,0.0,0.0,0.0,0.0,0.022528082132339478,3.2954058042378165e-06,0.0,0.0,0.0,0.0015116084832698107,0.010842496529221535,0.02445046976208687,0.003110278397798538,0.0,3.2954058042378165e-06,0.0,0.0,0.0,0.005128361284732819,0.0,0.0,0.03867402672767639,0.0,0.0,0.0,0.0,0.0,0.0,0.0003208050038665533,0.005302079487591982,0.009400134906172752,0.024148808792233467,0.03353472426533699,0.01603357307612896,0.0,0.0,0.0,0.0,0.0,0.0,0.003869614563882351,0.0019306906033307314,0.0631449818611145,0.0,0.0,0.0,0.0,3.2954058042378165e-06,0.00020224926993250847,0.007878649979829788,0.00032048183493316174,0.004524387419223785,0.004191567189991474,0.0,3.2954058042378165e-06,0.0,0.0013809120282530785,0.001989152282476425,0.006339510437101126,0.0028961198404431343,0.0,0.0006453986279666424,0.0,0.0,0.00019198469817638397,0.0008705995278432965,3.2954058042378165e-06,3.2954058042378165e-06,0.00546160526573658,0.0,0.000682669400703162,0.0011374210007488728,0.0,0.011332404799759388,0.0016766944900155067,0.0005538694094866514,0.0,0.0005970236379653215,0.0,0.005508988164365292,0.007958238944411278,0.04096413031220436,0.03749322518706322,0.010155106894671917,0.0,0.0,0.009347448125481606,0.006106035318225622,0.005486235022544861,0.0,0.0005762986838817596,0.006572717800736427,0.014956379309296608,0.002591025549918413,0.008229108527302742,0.0,0.0,0.0006239437498152256,0.0,0.0,0.011511803604662418,0.0,0.0,0.0,0.005599126219749451,0.0,0.0,0.0,0.0,0.0,0.0,0.0025900397449731827,0.0,0.011195512488484383,0.0,0.0,0.0,0.0,0.0014524771831929684,0.0,5.9083569794893265e-05,0.0,0.0,0.0,0.0,0.0,0.0,0.0064936536364257336,0.0,0.0,0.0,0.0,0.0,0.0
2025-01-24,0.0,4.348294623923721e-06,0.0,0.0,0.00520743615925312,0.005881301127374172,0.004685426130890846,0.0,0.0,0.0,0.0,0.0005873824702575803,1.4312099665403366e-05,0.010900523513555527,0.0,4.348294623923721e-06,0.0,0.0,0.0,0.0013634555507451296,0.0005255201831459999,0.01173996552824974,0.006643787957727909,0.0,4.348294623923721e-06,0.0,0.0,0.0,0.0031349994242191315,0.0,0.0034734606742858887,0.04201982170343399,0.00034660473465919495,0.0015750215388834476,0.0,0.0,0.0,0.0,0.0,0.002775836270302534,0.0,0.006600828841328621,0.0258695837110281,0.0006490331143140793,0.0,0.0,0.0,0.0,0.0,0.0,0.0,0.001351737417280674,0.022204136475920677,0.0,0.0,0.0,0.0,4.348294623923721e-06,0.0020313130225986242,0.0,0.0007966500706970692,0.0,0.0,0.0,4.348294623923721e-06,0.0,0.0018491942901164293,0.004243501927703619,0.021368931978940964,0.0,0.0,0.0009791022166609764,0.0,0.003308061743155122,0.0,0.00661129504442215,4.348294623923721e-06,4.348294623923721e-06,0.01989373378455639,0.0,0.0,0.002159180585294962,0.000814296305179596,0.02017170563340187,0.0,0.0009476811392232776,0.0006910002557560802,0.0,0.010741803795099258,0.0014353510923683643,0.0,0.020543724298477173,0.0276247076690197,0.01993160881102085,0.0,0.0,0.011915067210793495,0.0012594377622008324,0.009547931142151356,0.0,0.0,0.0,0.014357957988977432,0.007958014495670795,0.000802239403128624,0.0,0.008447866886854172,0.0,0.0,0.0,0.011278942227363586,0.00297599658370018,0.0,0.006218183785676956,0.0,0.002954206196591258,0.0,0.0,0.0,0.0,0.0025027189403772354,0.00036416947841644287,0.0,0.002636596327647567,0.00538339139893651,0.0,0.0,0.0,0.002717007417231798,0.005826531443744898,0.0007036528550088406,0.0,0.0,0.0,0.0,0.0,0.0,0.0011355166789144278,0.0,0.0,0.0,0.0,0.0,0.0
2025-01-25,0.0,2.3694015908404253e-05,0.0,0.0,0.008414898067712784,0.00011795735917985439,0.001025973353534937,0.0,0.0,0.0,0.0,0.007044024765491486,0.0003418019041419029,0.0,0.0,2.3694015908404253e-05,0.0,0.0,0.0,0.00022178515791893005,0.0,0.02234911359846592,0.0,0.0,2.3694015908404253e-05,0.0,0.0,0.0,0.0,0.0,0.0,0.05782005935907364,0.006594546139240265,0.0010738535784184933,0.0,0.0,0.0,0.0,0.0,0.0,0.0,0.021241193637251854,0.019652266055345535,0.005748158320784569,0.0,0.0,0.0,0.0,0.0,0.003681652946397662,0.013472961261868477,0.001054495107382536,0.007414361461997032,0.0,0.0,0.0,0.0,2.3694015908404253e-05,0.0059885503724217415,0.0,0.0,0.006679609417915344,0.0,0.0,2.3694015908404253e-05,0.0,0.002083541825413704,0.008531266823410988,0.026384983211755753,0.0,0.0,6.210571154952049e-05,0.00020310236141085625,0.0,0.0,0.0006074752891436219,2.3694015908404253e-05,2.3694015908404253e-05,0.008250054903328419,0.0,0.0,0.0031961221247911453,0.0011544576846063137,0.01359560340642929,0.0,0.0012386784655973315,0.001795182703062892,0.0001089172437787056,0.037079524248838425,0.003680916503071785,0.0,0.055287741124629974,0.01637709140777588,0.022195084020495415,0.0,0.008153319358825684,0.0048366934061050415,0.001757387537509203,0.011518783867359161,0.0,0.0,0.0,0.005850598216056824,0.016634680330753326,0.0005404599942266941,0.004815005697309971,0.0,0.0,0.0,0.0,0.010740748606622219,0.006789715960621834,0.0028060723561793566,0.0,0.0,0.017642270773649216,0.0,0.0,0.0,0.0006603497895412147,0.0012756101787090302,0.0,0.0010121673112735152,0.005915796384215355,0.0042951758950948715,0.0,0.0,0.0,0.0021636872552335262,0.010215293616056442,0.001867285929620266,0.0,0.0,0.0,0.0,0.0,0.0,0.0005718551110476255,0.0,0.0,0.0,0.0,0.0,0.0
2025-01-26,0.0,0.0,0.0,0.0,1.650303602218628e-06,0.0,0.0034580049104988575,0.0,0.0,0.0,0.0,0.0006041238084435463,0.0038221392314881086,0.0,0.0,0.0,0.0,0.0,0.0,0.0006626446265727282,0.008964917622506618,0.013176641426980495,0.0,0.009397422894835472,0.0,0.0,0.0,0.0,0.0,0.0,0.0,0.03632718697190285,0.02955514006316662,0.004019572399556637,3.582262434065342e-05,0.0,0.0,0.0,0.0032511367462575436,0.0,0.0,0.02403060533106327,0.028749898076057434,0.017792928963899612,0.0,0.0,0.0,0.0,0.0,0.018451299518346786,0.009131954982876778,0.0017668029759079218,0.02476901188492775,0.0,0.0,0.0,0.0,0.0,0.003462639171630144,0.0,0.0,0.0,0.0,0.0,0.0,0.0,0.0011780653148889542,0.014302551746368408,0.016633640974760056,0.0,0.0017861993983387947,0.0010074847377836704,0.006039404310286045,0.0,0.0006534873973578215,0.0,0.0,0.0,0.003618495771661401,0.0010286103934049606,0.0,0.010995716787874699,0.0005165287293493748,0.007583048194646835,0.0,0.0022211449686437845,0.001623603980988264,0.00506034679710865,0.06322277337312698,0.009472123347222805,0.0,0.03558804839849472,0.022827403619885445,0.012700027786195278,0.0006643595988862216,0.03483302891254425,0.012911587953567505,0.0013210475444793701,0.0,0.0,0.0,0.001564609818160534,0.0,0.003343207761645317,0.0002639591693878174,0.005320306867361069,0.0,0.0009003558661788702,0.0,0.0,0.01361625175923109,0.013491963967680931,0.0,0.0,0.0009440165013074875,0.007723577320575714,0.0,0.0,0.0,0.0010155662894248962,0.023945733904838562,0.0010136431083083153,0.0013410995015874505,0.0018257906194776297,0.002270541386678815,0.0,0.0,0.0,0.0008315646555274725,0.0015964778140187263,0.002018881496042013,0.0,0.0,0.0,0.0,0.0,0.0,0.0006507865618914366,0.0,0.0,0.0,0.0,0.0,0.0
2025-01-27,0.0,9.357102499052417e-06,5.555368261411786e-05,0.0,0.0,0.0,0.0024682823568582535,0.0,0.0,0.0,0.0,0.0,0.0,0.028464622795581818,0.0,9.357102499052417e-06,0.0,0.0,0.0,0.005228497087955475,0.006132788956165314,0.013285774737596512,0.0,0.014511503279209137,9.357102499052417e-06,0.0,0.0,0.0,0.012104508467018604,0.0,0.001695549115538597,0.02011803165078163,0.004206549376249313,0.0,0.0026971865445375443,0.0,0.0,0.00377771002240479,0.0017173754749819636,0.004001923371106386,0.012690559029579163,0.016261408105492592,0.023114608600735664,0.007196512073278427,0.0,0.0,0.0,0.0,0.0,0.009072806686162949,0.0,0.0,0.0,0.0,0.0,0.0,0.0,9.357102499052417e-06,0.0038673358503729105,0.0,0.0,0.0,0.00045678706374019384,0.0,9.357102499052417e-06,0.0,0.0004339860752224922,0.0003092726692557335,0.0,0.0,0.0,0.0,0.005047759041190147,9.190279524773359e-05,0.024505775421857834,0.0,9.357102499052417e-06,9.357102499052417e-06,0.0,0.007317123934626579,0.00034512230195105076,0.00795034971088171,0.0,0.03797641396522522,0.010055949911475182,0.007464079651981592,0.0,0.001170582603663206,0.03068123385310173,0.003968074917793274,0.0,0.028399193659424782,0.03399426117539406,0.014305861666798592,0.0013302202569320798,0.02024652250111103,0.032171837985515594,0.0029600386042147875,0.0,0.0,0.013675730675458908,0.009141821414232254,0.0032768212258815765,0.001755664125084877,0.0020931516773998737,0.005260546691715717,0.0014150561764836311,0.004485364072024822,0.0,0.0,0.029956459999084473,0.0,0.0,0.00023228861391544342,0.009528552182018757,0.0002960237907245755,0.0,0.0,0.0,0.0018526676576584578,0.006656639277935028,0.006466516759246588,0.001188894733786583,0.003250513458624482,0.0044060032814741135,0.0,0.0,0.0,0.0017387226689606905,0.0,0.0015648604603484273,0.0,0.0,0.0,0.0,0.0,0.0,0.0008460595272481441,0.0,0.0,0.0,0.0,0.0,0.0
2025-01-28,0.0,1.2613360922841821e-05,0.00016844476340338588,0.0,0.005268533248454332,0.0,0.008569533005356789,0.0,0.0,0.0,0.0,0.0,0.0,0.028097964823246002,0.0,1.2613360922841821e-05,0.0,0.0,0.0,0.0001028978731483221,0.009662974625825882,0.03371473401784897,0.0005338899791240692,0.017421696335077286,1.2613360922841821e-05,0.0,0.0,0.0,0.0,0.00744355283677578,0.0,0.01956811733543873,0.029780274257063866,0.00702514685690403,0.008861507289111614,0.0,0.0,0.0,0.0,0.0015226860996335745,0.00899217277765274,0.011490185745060444,0.022188788279891014,0.012592194601893425,0.0,0.0,0.0,0.0,0.0,0.010994491167366505,0.0,0.0,0.0,0.0,0.0,0.0,0.0,1.2613360922841821e-05,0.006582479923963547,0.00543505372479558,0.011087944731116295,0.002898823469877243,0.00043927086517214775,0.0,1.2613360922841821e-05,0.0,0.0,0.0,0.0,0.0065796859562397,0.0012977253645658493,0.0,0.0,0.00031512611894868314,0.0021940888836979866,0.0,1.2613360922841821e-05,1.2613360922841821e-05,0.005988361779600382,0.0011675786226987839,0.007819466292858124,0.0,0.003990350756794214,0.039260901510715485,0.0,0.0024276592303067446,0.0,0.0012527506332844496,0.03298443555831909,0.0,0.0032535535283386707,0.054720453917980194,0.018116140738129616,0.019958481192588806,0.0010593743063509464,0.0045668440870940685,0.0347730815410614,0.0,0.0018379110842943192,0.0,0.0070072137750685215,0.016382817178964615,0.003881169483065605,0.0027648289687931538,0.0043348283506929874,0.005689634010195732,0.0019949304405599833,0.001553109847009182,0.0,0.0,0.01785578951239586,0.00668967142701149,0.009571010246872902,0.0020567839965224266,0.0,0.0,0.0,0.0,0.0,0.0019526407122612,0.0002809390425682068,0.00407744012773037,0.00048661883920431137,0.004044659901410341,0.0096539705991745,0.0,0.0,0.0,0.006939263083040714,0.0010779914446175098,0.0005992488004267216,0.0,0.0,0.0,0.0,0.0,0.0,0.0015841725980862975,0.0,0.0,0.0,0.0,0.0,0.0
2025-01-29,0.0,1.5344445273512974e-05,0.0001604485441930592,0.0,0.002300990279763937,0.0,0.002260443288832903,0.0,0.0,0.0,0.0,0.0,0.007829150184988976,0.0,0.015616491436958313,1.5344445273512974e-05,0.0,0.0,0.0,0.0,0.008852067403495312,0.014426725916564465,0.0,0.0,1.5344445273512974e-05,0.0,0.0,0.0,0.0023400690406560898,0.002062817569822073,0.0,0.02726215496659279,0.016240576282143593,0.0,0.004319085273891687,0.0,0.0,0.0,0.0,0.0019027241505682468,0.017008325085043907,0.0,0.02536441944539547,0.015908660367131233,0.0,0.0,0.0,0.0,0.0,0.0018450154457241297,0.0,0.006920189596712589,0.023622948676347733,0.0,0.0,0.0,0.0,1.5344445273512974e-05,0.013820611871778965,0.007282312028110027,0.005551610607653856,0.008155097253620625,0.0005501204286701977,0.0,1.5344445273512974e-05,0.0,8.472846820950508e-05,0.00893804058432579,0.008383393287658691,0.0,0.0037151407450437546,0.0,0.0,0.0005797183839604259,0.0,0.0008534524822607636,1.5344445273512974e-05,1.5344445273512974e-05,0.0,0.0008865958079695702,0.0004355862329248339,0.0,0.0,0.02448611706495285,0.0,0.0014733333373442292,0.0,0.002575245453044772,0.04627891629934311,0.0,0.014576928690075874,0.036390677094459534,0.0339595228433609,0.012807776220142841,0.0007649202598258853,0.0,0.018440261483192444,0.0,0.0044515058398246765,0.0,0.0,0.009466640651226044,0.0011994969099760056,0.0021121250465512276,0.015763845294713974,0.007067264057695866,0.0016213762573897839,0.0008336950559169054,0.0,0.0,0.012393221259117126,0.01583096571266651,0.0,0.006359892897307873,0.0,0.0,0.0,0.0,0.0,0.0014365923125296831,0.018132787197828293,0.004217768553644419,0.0034173550084233284,0.005570461507886648,0.0017132863868027925,0.0,0.0,0.0,0.002273963298648596,0.007627017330378294,0.005181106738746166,0.0,0.0,0.0,0.0,0.0,0.0,0.0026979087851941586,0.0,0.0,0.0,0.0,0.0,0.0
2025-01-30,0.0,7.102478321030503e-06,0.00012395507656037807,0.0,0.0,0.0010244733421131968,0.0,0.0,0.0,0.0,0.0,0.0010995599441230297,0.0,0.013762827962636948,0.012850560247898102,7.102478321030503e-06,0.0,0.0,0.0,0.002426253631711006,0.00772340502589941,0.002878052182495594,0.005896110087633133,0.003174874931573868,7.102478321030503e-06,0.0,0.0,0.0,0.008153504692018032,0.0,0.014253363944590092,0.012049730867147446,0.0038041770458221436,0.0008610282093286514,0.007357894442975521,0.0,0.0,0.00010449194815009832,0.0,0.0025674717035144567,0.01951822079718113,0.0,0.03596121817827225,0.0019390750676393509,0.0,0.0,0.0,0.0,0.0,0.0008508090395480394,0.00034464243799448013,0.008178651332855225,0.014882389456033707,0.0,0.0,0.0,0.0,7.102478321030503e-06,0.006865884177386761,0.0028771236538887024,0.0,0.0155143141746521,0.0,0.0,7.102478321030503e-06,0.0,0.0,0.01726783998310566,0.008137887343764305,0.0,0.0025752922520041466,0.001392437843605876,0.0034545038361102343,0.0005677507142536342,0.0,0.000680640630889684,7.102478321030503e-06,7.102478321030503e-06,0.0,0.0032599116675555706,0.0,0.0,0.0,0.030278753489255905,0.0022407681681215763,0.0010934453457593918,0.01081786397844553,0.007940590381622314,0.03747407719492912,0.0033403229899704456,0.001639464870095253,0.03790020942687988,0.049246400594711304,0.02262999303638935,0.00035779259633272886,0.0031083859503269196,0.010246125981211662,0.016601689159870148,0.0026765677612274885,0.0,0.0,0.012004252523183823,0.007997015491127968,0.002223862800747156,0.008436856791377068,0.007207468152046204,0.0003728237934410572,0.005881204269826412,0.0,0.0,0.008831984363496304,0.007549744099378586,0.0,0.005045563913881779,0.0,0.0,0.0,0.0,0.0,0.0,0.007535867393016815,0.0,0.0006001811707392335,0.0006067557260394096,0.0010995389893651009,0.0,0.0,0.0,0.0010085918474942446,0.009187151677906513,0.0,0.0,0.0,0.0,0.0,0.0,0.0,0.002206038683652878,0.0,0.0,0.0,0.0,0.0,0.0
2025-01-31,0.0,8.531199455319438e-06,0.00023131034686230123,0.0,0.0057144928723573685,0.005211027339100838,0.0,0.0,0.0,0.0,0.0,0.007058636751025915,0.007118409499526024,0.009770501405000687,0.01602984219789505,8.531199455319438e-06,0.0,0.0,0.0,0.004842402413487434,0.018107566982507706,0.0,0.0019220728427171707,0.0035422388464212418,8.531199455319438e-06,0.0,0.0,0.0,0.009099014103412628,0.0,0.010964612476527691,0.020359596237540245,0.008203955367207527,0.003951341845095158,0.021190239116549492,0.0,0.0,0.00042079074773937464,0.0011382678057998419,0.0017362111248075962,0.019568748772144318,0.0,0.012513311579823494,0.009518718346953392,0.0,0.0,0.0,0.0,0.0,0.008589464239776134,0.0,0.0014952439814805984,0.0,0.0,0.0,0.0,0.0,8.531199455319438e-06,0.0033662139903753996,0.0,0.0,0.007057255133986473,0.0,0.0,8.531199455319438e-06,0.0,0.00378740974701941,0.012946249917149544,0.0,0.007921229116618633,0.0047271763905882835,0.0022928412072360516,0.011879295110702515,0.00031244949786923826,0.00012168078683316708,2.7709524147212505e-05,8.531199455319438e-06,8.531199455319438e-06,0.002588793635368347,0.005217693746089935,0.0,0.014500926248729229,0.0,0.025297829881310463,0.0019292384386062622,0.0003773803182411939,0.0012092165416106582,0.0022022640332579613,0.041246332228183746,0.002792208455502987,0.0,0.028075838461518288,0.05200992524623871,0.05074255168437958,0.00027135468553751707,0.0011205179616808891,0.0020598098635673523,0.0022011883556842804,3.11434268951416e-06,0.0,0.0034081144258379936,0.010520738549530506,0.006974278949201107,0.008470065891742706,0.005586742889136076,0.0,0.0018677159678190947,0.005384760908782482,0.0,0.0,0.008822878822684288,0.006246959790587425,0.0,0.005967379547655582,0.004378626123070717,1.5001627616584301e-05,0.0,0.0,0.0,2.4129985831677914e-05,0.007610436528921127,0.0,0.00016620650421828032,0.0022911964915692806,0.01078386977314949,0.0,0.0,0.0,0.0005086977034807205,0.010854818858206272,0.0,0.0,0.0,0.0,0.0,0.0,0.0,0.0021189842373132706,0.0,0.0,0.0,0.0,0.0,0.0
2025-02-01,0.0,1.098577104130527e-05,3.0738243367522955e-05,0.0,0.0,0.0,0.0,0.0,0.0,0.0,0.0,0.000363062194082886,0.0025057177990674973,0.002802778035402298,0.045258574187755585,1.098577104130527e-05,0.0,0.0,0.0,0.008026737719774246,0.016256121918559074,0.0,0.003063339740037918,0.0,1.098577104130527e-05,0.0,0.0,0.0,0.008107656612992287,0.0,0.01655270904302597,0.0004030652344226837,0.010655589401721954,0.003489954397082329,0.005859581753611565,0.0,0.0,0.0007977995555847883,0.005514807999134064,0.0036374670453369617,0.013358864933252335,0.0036155637353658676,0.015897389501333237,0.0074464101344347,0.0,0.0,0.0,0.0,0.0,0.001312053413130343,0.0024656224995851517,0.002789551392197609,0.007022488862276077,0.0,0.0,0.0,0.0,1.098577104130527e-05,0.003039533970877528,0.0,0.0,0.02213427796959877,0.00010974844917654991,0.0,1.098577104130527e-05,0.0,0.000764480559155345,0.0,0.0,0.0,0.0,0.00592385046184063,0.006047793198376894,1.8584425561130047e-05,8.385581895709038e-05,0.0,1.098577104130527e-05,1.098577104130527e-05,0.011483266018331051,0.018497668206691742,0.0,0.00270357308909297,0.01686416007578373,0.01230500265955925,0.007744455710053444,0.0,0.0,0.006124549545347691,0.037370383739471436,0.013811459764838219,0.0,0.05600850656628609,0.040700118988752365,0.026466187089681625,0.0009008172200992703,0.0015017385594546795,0.007269648835062981,0.00996120274066925,0.0,0.0,0.003730103373527527,0.003377392888069153,0.011980708688497543,0.007628141436725855,0.008073647506535053,0.0003956742584705353,0.0030036731623113155,0.0,0.0,0.0,0.013415657915174961,0.009104667231440544,0.0,0.0,0.0,0.0,0.0,0.0,0.0,0.007119175512343645,0.005627397447824478,0.0028886711224913597,0.0004793945699930191,0.014042261987924576,0.0,0.0,0.0,0.0,0.0009650250431150198,0.01039084978401661,0.004195692948997021,0.0,0.0,0.0,0.0,0.0,0.0,0.002561587141826749,0.0,0.0,0.0,0.0,0.0,0.0
2025-02-02,0.0,2.377410237386357e-05,0.00034537725150585175,0.0,0.0,0.0,0.0002867709845304489,0.0,0.0,0.0,0.0,0.0,0.0,0.0,0.00486987829208374,2.377410237386357e-05,0.0,0.0,0.0,0.0012230952270328999,0.010553568601608276,0.009089377708733082,0.0,0.0,2.377410237386357e-05,0.0,0.0,0.0,0.005734981037676334,0.006432852242141962,0.009591665118932724,0.0,0.0,0.0019072312861680984,0.0,0.0,0.0,0.001118349377065897,0.0003177571343258023,0.002623957581818104,0.012269657105207443,0.0008402522653341293,0.04566175863146782,0.0,0.0,0.0,0.0,0.0,0.0,0.008414232172071934,0.02158481627702713,0.007723580114543438,0.015498265624046326,0.0,0.0,0.0,0.0,2.377410237386357e-05,0.007591805886477232,0.0,0.0009643640369176865,0.012786314822733402,0.0003861479344777763,0.0,2.377410237386357e-05,0.0,0.0,0.0,0.0,0.008543116971850395,0.0,0.0,0.00510775949805975,9.696581400930882e-05,0.0,0.0,2.377410237386357e-05,2.377410237386357e-05,0.011382102966308594,0.007584325037896633,0.0007059130584821105,0.0,0.0021417050156742334,0.011111591942608356,0.0,0.0,0.0013812445104122162,0.0,0.05411803349852562,0.006737562827765942,0.0,0.0406157523393631,0.0324050709605217,0.011198035441339016,0.005289701744914055,0.0,0.0,0.017857404425740242,0.0015028715133666992,0.0,0.014617294073104858,0.0,0.023158444091677666,0.0,0.0,0.0,0.0001397300511598587,8.203741163015366e-05,0.0,0.0,0.021236645057797432,0.0033731255680322647,0.004846548195928335,0.0,0.018579334020614624,3.089779056608677e-06,0.0,0.0,0.0,0.0,0.0,0.0,0.0010232268832623959,0.0021754098124802113,0.0,0.0,0.0,0.0,0.001608102349564433,0.004937801975756884,0.0,0.0,0.0,0.0,0.0,0.0,0.0,0.0021637161262333393,0.0,0.0,0.0,0.0,0.0,0.0
2025-02-03,0.0,3.850012149086979e-07,0.00011311954585835338,0.0,0.004109157249331474,0.0,0.0,0.0,0.0,0.0,0.0,0.0,0.0010167090222239494,0.012830022722482681,0.0,3.850012149086979e-07,0.0,0.0,0.0,0.0,0.004515383392572403,0.0047981105744838715,3.053434193134308e-05,0.0,3.850012149086979e-07,0.0,0.0,0.0,0.006547130644321442,0.0003085331991314888,0.0,0.010772200301289558,0.021655138581991196,0.0029795849695801735,0.0,0.0,0.0,0.00011907634325325489,0.0,0.0025233090855181217,0.010522883385419846,0.009442195296287537,0.05183138698339462,0.00994065124541521,0.0,0.0,0.0,0.0,0.0,0.0,0.019924208521842957,0.015012003481388092,0.015972338616847992,0.0,0.0,0.0,0.0,3.850012149086979e-07,0.0012249366845935583,0.004772157408297062,0.0010843949858099222,0.014710878022015095,0.0,0.0,3.850012149086979e-07,0.0,0.00011893222108483315,0.005661522503942251,0.0,0.01533648744225502,0.0036071031354367733,0.0,0.0020366560202091932,0.0,0.0,0.0,3.850012149086979e-07,3.850012149086979e-07,0.0023522269912064075,0.0001193443313241005,0.000935698626562953,0.0,0.01000063307583332,0.028188960626721382,0.0,0.0,0.001519936602562666,0.0015270395670086145,0.05976137891411781,0.0,0.0,0.05229711905121803,0.05039918050169945,0.022797487676143646,0.0002470343606546521,0.0024416139349341393,0.0009597614407539368,0.0021327012218534946,0.0009526228532195091,0.0,0.0,0.0,0.007021643221378326,0.0003827139735221863,0.0,0.007980461232364178,0.0,0.005335457623004913,0.0,0.0,0.029375039041042328,0.0017016660422086716,0.0031538826879113913,0.0,0.00948573648929596,0.0,0.0,0.0,0.0,0.0,0.0,0.009145773015916348,0.0010678245453163981,0.0,0.0,0.0,0.0,0.0,0.0014893417246639729,0.009566185995936394,0.00394298555329442,0.0,0.0,0.0,0.0,0.0,0.0,0.0,0.0,0.0,0.0,0.0,0.0,0.0
2025-02-04,0.0,1.139636083280493e-06,0.00020391709404066205,0.0,0.01247683260589838,0.0,0.0,0.0,0.0,0.0,0.0,0.0,0.0,0.03773815929889679,0.0,1.139636083280493e-06,0.0,0.0,0.0,0.0,0.001253332942724228,0.0,0.0,0.0,1.139636083280493e-06,0.0,0.0,0.0,0.0,0.0,0.004164224490523338,0.00039066746830940247,0.0,0.022408099845051765,0.0,0.0,0.0,0.0,0.0,0.004033734556287527,0.0,0.023755034431815147,0.05722787231206894,0.0,0.0,0.0,0.0,0.0,0.0,0.0,0.024232497438788414,0.0074579743668437,0.04209371656179428,0.0,0.0,0.0,0.0,1.139636083280493e-06,0.0,0.013534551486372948,0.0011726724915206432,0.0,0.0,0.0,1.139636083280493e-06,0.0,0.00013620988465845585,0.014337563887238503,0.0008330866694450378,0.01766754686832428,0.0016463883221149445,0.0,6.0712918639183044e-06,0.0,0.0,0.0,1.139636083280493e-06,1.139636083280493e-06,0.008011328987777233,0.006916967686265707,0.0007768712239339948,0.0,0.0,0.03968920558691025,0.00019891932606697083,0.0,0.00035662599839270115,0.0,0.028143353760242462,0.005215775221586227,0.01181638240814209,0.013115961104631424,0.03279881551861763,0.02376992255449295,0.0,0.0,0.01244379673153162,0.0,0.0006405692547559738,0.0,0.0024527469649910927,0.0,0.0,0.007125226315110922,0.00477174948900938,0.0,0.0003421164583414793,0.0,0.0,0.0,0.012898508459329605,0.0,0.0,0.0,0.007337240502238274,7.826380897313356e-05,0.0,0.0,0.0,0.00021525798365473747,0.014007365331053734,0.023007096722722054,0.0008461428806185722,0.0008476870134472847,0.0004328652285039425,0.0,0.0,0.0,0.0012272472959011793,0.0030185929499566555,0.0,0.0,0.0,0.0,0.0,0.0,0.0,0.0,0.0,0.0,0.0,0.0,0.0,0.0
2025-02-05,0.0,7.94588117969397e-07,9.948090882971883e-05,0.0,0.0,0.0003160929773002863,0.0,0.0,0.0,0.0,0.0,0.0,0.004800612106919289,0.01994943991303444,0.0,7.94588117969397e-07,0.0,0.0,0.0,0.0,0.005694643594324589,0.0021457429975271225,0.0,0.0,7.94588117969397e-07,0.0,0.0,0.0,0.0,0.0004177996888756752,0.0,0.006652934476733208,0.0049545131623744965,0.008212382905185223,0.0,0.0,0.0,0.0,0.00014490471221506596,0.0015069684013724327,0.0,0.006309317424893379,0.056432873010635376,0.00639737956225872,0.0,0.0,0.0,0.0,0.0,0.0004932181909680367,0.008339906111359596,0.0013428786769509315,0.02442559227347374,0.0,0.0,0.0,0.0,7.94588117969397e-07,0.0,0.007789061404764652,0.0007534234318882227,0.0,0.0,0.0,7.94588117969397e-07,0.0,0.0,0.01845497265458107,0.0,0.0,0.010488498955965042,0.0,0.00044295424595475197,0.0,0.0,0.0,7.94588117969397e-07,7.94588117969397e-07,0.00929247122257948,0.0,0.00015037687262520194,0.0,0.0,0.03043443337082863,0.0,0.0,0.0007383278571069241,0.0112037044018507,0.03183678165078163,0.0,0.0,0.03396248817443848,0.03551797196269035,0.006824246607720852,0.0,0.0015397514216601849,0.017057184129953384,0.0,0.0022720866836607456,0.0,0.006747701670974493,0.0009869569912552834,0.0,0.0004902803339064121,0.0006433390080928802,0.0,0.0006111061666160822,0.0,0.0,0.0,0.008519511669874191,0.0,0.0009380686096847057,0.0,0.009789295494556427,0.00020801287610083818,0.0,0.0,0.0,0.00017739390023052692,0.006484629586338997,0.024682898074388504,0.0007164789130911231,0.0017421671655029058,0.0010867472738027573,0.0,0.0,0.0,0.0,0.002731563989073038,0.00436283927410841,0.0,0.0,0.0,0.0,0.0,0.0,0.004449761006981134,0.0,0.0,0.0,0.0,0.0,0.0
2025-02-06,0.0,9.122254596150015e-06,0.0,0.0,0.0,0.0,0.003388954559341073,0.0,0.0,0.0,0.0,0.0,0.0,0.012708552181720734,0.00869971513748169,9.122254596150015e-06,0.0,0.0,0.0,0.0,0.01102941483259201,0.0,0.0,0.005033785477280617,9.122254596150015e-06,0.0,0.0,0.0,0.0,0.002889092080295086,0.009490319527685642,0.019462475553154945,0.0,0.0,0.0,0.0,0.0,0.0,3.640912473201752e-05,0.0,0.005677435547113419,0.010067220777273178,0.05177341401576996,0.015873203054070473,0.0,0.0,0.0,0.0,0.0,0.0033935096580535173,0.0024844547733664513,0.0,0.011453578248620033,0.0,0.0,0.0,0.0,9.122254596150015e-06,0.0,0.012040541507303715,0.0004973930772393942,0.0,0.0,0.0,9.122254596150015e-06,0.0,0.0,0.01912674680352211,0.0,0.0,0.00850594975054264,0.0,0.0,5.283509381115437e-07,0.005644240882247686,0.0,9.122254596150015e-06,9.122254596150015e-06,0.0,0.0,0.0006236529443413019,0.0,0.0,0.00792420282959938,0.002265072427690029,0.0,0.010092648677527905,0.001479156780987978,0.030939053744077682,0.0018844129517674446,0.0,0.02008083462715149,0.044438980519771576,0.014045324176549911,0.0,0.002794401254504919,0.007459480315446854,0.0,0.009907114319503307,0.0,0.0,0.0,0.0,0.0001139352098107338,0.0,0.004096456803381443,0.0017349342815577984,0.004606977105140686,0.0,0.0,0.012929835356771946,0.0,0.0,0.0,0.0,0.0004774637636728585,0.0,0.0,0.0,0.0,0.0,0.01076589897274971,0.0003223962849006057,0.002363618230447173,0.0009467662312090397,0.0,0.0,0.0,0.0,0.0111977718770504,0.0005587642081081867,0.0,0.0,0.0,0.0,0.0,0.0,0.015664177015423775,0.0,0.0,0.0,0.0,0.0,0.0
2025-02-07,0.0,1.5392488421639428e-05,0.0,0.0,0.005309311673045158,0.0,0.0,0.0,0.0,0.0,0.0,0.0,0.0,0.03146209940314293,0.0,1.5392488421639428e-05,0.0,0.0,0.0,0.0,0.0,0.0,0.0,0.012374334037303925,1.5392488421639428e-05,0.0,0.0,0.0,0.012011561542749405,0.0,0.0,0.017803173512220383,0.0,0.0,0.0,0.0,0.0,0.0,0.0006275343475863338,0.0,0.00961337797343731,0.012597357854247093,0.03042350336909294,0.002134585753083229,0.0,0.0,0.0,0.0,0.0,0.0037606400437653065,0.0034343614242970943,0.008412536233663559,0.018644914031028748,0.0,0.0,0.0,0.0,1.5392488421639428e-05,0.0,0.012716783210635185,0.0006805083248764277,0.0007153023034334183,0.0,0.0,1.5392488421639428e-05,0.0,0.0,0.014199762605130672,0.015206670388579369,0.0,0.0015209196135401726,0.0003530168905854225,0.0,0.00017780691268853843,0.0009247632697224617,0.0,1.5392488421639428e-05,1.5392488421639428e-05,0.0,0.01185685396194458,0.0006611743592657149,0.0017782077193260193,0.0,0.011451754719018936,0.01585649512708187,0.0,0.0008456611540168524,0.0016835243441164494,0.04043213278055191,0.0,0.0016709130723029375,0.018930431455373764,0.03189966082572937,0.027528362348675728,0.0004230187041684985,0.0011118566617369652,0.013559367507696152,0.007834797725081444,0.001071946695446968,0.0,0.0,0.0,0.005217202939093113,0.0014755809679627419,0.00047768838703632355,0.0,0.00045698252506554127,0.0,0.0,0.0,0.004839777480810881,0.0,0.0,0.004051347263157368,0.0,0.0005543850129470229,0.0,0.0,0.0,0.0,0.0022788438946008682,0.007944630458950996,0.0009499324951320887,0.002700627315789461,9.13599506020546e-05,0.0,0.0,0.0,0.006521661765873432,0.0,0.0010926828254014254,0.0,0.0,0.0,0.0,0.0,0.0,0.0,0.0,0.0,0.0,0.0,0.0,0.0
2025-02-08,0.0,3.001629920618143e-05,1.3489567209035158e-05,0.0,0.026396680623292923,0.0,0.0,0.0,0.0,0.0,0.0,0.0,0.0,0.014911387115716934,0.0018998384475708008,3.001629920618143e-05,0.0,0.0,0.0,0.0,0.0065550422295928,0.00021737255156040192,0.007163599133491516,0.008095791563391685,3.001629920618143e-05,0.0,0.0,0.0,0.01071166805922985,0.0,0.013126054778695107,0.0406276173889637,0.015075644478201866,0.007749862037599087,0.0,0.0,0.0,0.0,3.669736906886101e-05,0.0038888424169272184,0.02533889189362526,0.020624928176403046,0.025713305920362473,0.003392694517970085,0.0,0.0,0.0,0.0,0.0,0.004521978087723255,0.0,0.0,0.019238876178860664,0.0,0.0,0.0,0.0,3.001629920618143e-05,0.005605306476354599,0.026883920654654503,0.001039343886077404,0.010898973792791367,0.0,0.0,3.001629920618143e-05,0.0,0.0001932978630065918,0.007823954336345196,0.008669774979352951,0.0013350900262594223,0.0013173213228583336,0.015426063910126686,0.0037218695506453514,0.0002617065911181271,0.0004440918564796448,0.0,3.001629920618143e-05,3.001629920618143e-05,0.0011103968136012554,0.012072150595486164,0.0006378630641847849,0.00457159336656332,0.0052435011602938175,0.020558103919029236,0.004433692432940006,0.0,0.0,0.0031140970531851053,0.029294462874531746,0.006728935521095991,0.005442953668534756,0.05668473616242409,0.039244644343853,0.03507711738348007,0.0004497280460782349,0.0005101393908262253,0.023782990872859955,0.0,0.0019603664986789227,0.0,0.002474682405591011,0.008913842961192131,0.0,0.00035446882247924805,0.006945404224097729,0.002237396314740181,0.00347204995341599,0.0,0.0,0.0,0.009163930080831051,0.00648592971265316,8.610077202320099e-07,0.013657903298735619,0.0,0.0008195283589884639,0.0,0.0,0.0,0.00010152766481041908,0.006569750607013702,0.0006135199218988419,0.000624030246399343,0.00179346464574337,0.0,0.0,0.0,0.0,0.013692349195480347,0.0,0.0012195324525237083,0.0,0.0,0.0,0.0,0.0,0.0,0.0,0.0,0.0,0.0,0.0,0.0,0.0
2025-02-09,0.0,1.2431759387254715e-05,0.00041745713679119945,0.0,0.006936294492334127,0.008879606612026691,0.0,0.0,0.0,0.0,0.0,0.0,0.0005082651041448116,0.00602572038769722,0.0,1.2431759387254715e-05,0.0,0.0,0.0,0.0,0.011520720086991787,0.009897559881210327,0.0,0.0,1.2431759387254715e-05,0.0,0.0,0.0,0.009098291397094727,0.0036727525293827057,0.014174217358231544,0.012562830001115799,0.007083773612976074,0.0,0.0,0.0,0.0,0.0,0.0,0.0042223213240504265,0.020173287019133568,0.020643630996346474,0.05475984886288643,0.0016073063015937805,0.0,0.0,0.0,0.0,0.0,0.0038027726113796234,0.0,0.0,0.028896242380142212,0.0,0.0,0.0,0.0,1.2431759387254715e-05,0.0,0.0022022007033228874,0.0011159901041537523,0.006145389750599861,0.0,0.0,1.2431759387254715e-05,0.0,0.007159575819969177,0.005003208294510841,0.008840693160891533,0.003050803206861019,0.009134595282375813,0.002252055099233985,0.0,3.9684062357991934e-05,2.6330584660172462e-05,0.0,1.2431759387254715e-05,1.2431759387254715e-05,0.0,0.00011011026799678802,2.2132997401058674e-05,0.011017143726348877,0.0,0.020188726484775543,0.006781220436096191,0.0,2.638041041791439e-05,0.002084702253341675,0.03669866919517517,0.003207833506166935,0.011446542106568813,0.04280758649110794,0.04974355921149254,0.05201762914657593,0.0,0.0005400078371167183,0.040652789175510406,0.0,0.0,0.0,0.0,0.02433527261018753,0.0,0.002185489982366562,0.002870348747819662,0.0,0.0006414242088794708,0.0005168775096535683,0.0,0.0,0.011600668542087078,0.03523369878530502,0.00010878266766667366,0.01100191567093134,0.0,0.0006281310925260186,0.0,0.0,0.0,0.0,0.03220297768712044,0.0,0.0,0.0024365868885070086,0.0,0.0,0.0,0.0,0.0012079821899533272,0.0,0.0005645244382321835,0.0,0.0,0.0,0.0,0.0,0.0,0.0,0.0,0.0,0.0,0.0,0.0,0.0
2025-02-10,0.0,8.994424206321128e-06,0.004479459021240473,0.0,0.00022212229669094086,0.0005071815103292465,0.0,0.0,0.0,0.0,0.0,0.0,0.01592669077217579,0.0,0.0005354657769203186,8.994424206321128e-06,0.0,0.0,0.0,0.00608470756560564,0.003708147443830967,6.775930523872375e-05,0.007056216709315777,0.011372288689017296,8.994424206321128e-06,0.0,0.0,0.0,0.001682877540588379,0.0002571018412709236,0.004778316244482994,0.005053587257862091,0.0020852722227573395,0.00748483557254076,0.0,0.0,0.0,0.0002786382974591106,0.0,0.010713422670960426,0.004602067172527313,0.005997668951749802,0.042298849672079086,0.036983225494623184,0.0,0.0,0.0,0.0,0.0,0.002829865552484989,0.0,0.001299788011237979,0.03784140571951866,0.0,0.0,0.0,0.0,8.994424206321128e-06,0.008174315094947815,0.0,0.004290969111025333,0.011902048252522945,0.0,0.0,8.994424206321128e-06,0.0,0.0,0.0,0.0013789311051368713,0.009294973686337471,0.00386101845651865,0.008073421195149422,0.0035078111104667187,0.0,0.005550913512706757,0.0007446298259310424,8.994424206321128e-06,8.994424206321128e-06,0.0,0.0,0.00017024503904394805,0.00230712303891778,0.0,0.036693595349788666,0.008903314359486103,0.0,0.0,0.0020983268041163683,0.04056892544031143,0.0037401816807687283,0.007527126930654049,0.019930493086576462,0.036489006131887436,0.03455214947462082,0.0,0.0,0.01706266589462757,0.0,0.0,0.0,0.0,0.01151436660438776,0.022386468946933746,0.0,0.009300202131271362,0.01569490134716034,0.0012609255500137806,0.005026348400861025,0.0,0.0,0.00613806489855051,0.020907718688249588,0.0,0.0,0.0060020145028829575,0.0,0.0,0.0,0.0,0.0,0.0,0.0,0.0,0.012488499283790588,0.0026066794525831938,0.0,0.0,0.0,0.00948911439627409,0.015380015596747398,0.0012715195771306753,0.0,0.0,0.0,0.0,0.0,0.0,0.00011289841495454311,0.0,0.0,0.0,0.0,0.0,0.0
2025-02-11,0.0,0.0,4.871608689427376e-05,0.0,0.0,4.130578599870205e-05,0.0024141562171280384,0.0,0.0,0.0,0.0,0.0,0.0020475946366786957,0.010444864630699158,0.006600871682167053,0.0,0.0,0.0,0.0,0.0177812110632658,0.005313455127179623,0.01157374307513237,0.008533821441233158,0.00499427504837513,0.0,0.0,0.0,0.0,0.005749388597905636,0.002475976012647152,0.00034836679697036743,0.006743229925632477,0.028702426701784134,0.00706561841070652,0.0,0.0,0.0,0.00016687146853655577,0.0,0.005459200125187635,0.026387961581349373,0.01417669840157032,0.027810171246528625,0.025693831965327263,0.0,0.0,0.0,0.0,0.0,0.001831624424085021,0.0012381905689835548,0.007396101485937834,0.02668234519660473,0.0,0.0,0.0,0.0,0.0,0.0008810972794890404,0.0,0.0,0.009025948122143745,0.0,0.0,0.0,0.0,0.0,0.0021960949525237083,0.0,0.0,0.0011916132643818855,0.0,0.008840779773890972,4.389218520373106e-05,0.0,0.0045041958801448345,0.0,0.0,0.0024030818603932858,0.0,0.0,0.0,0.0009044925682246685,0.023274056613445282,0.0,0.0,0.0,0.001471643801778555,0.05097406357526779,0.008569346740841866,0.009599534794688225,0.047802772372961044,0.028267063200473785,0.04275503754615784,0.0,0.009232192300260067,0.009553646668791771,0.004641728941351175,9.346567094326019e-05,0.0,0.010765135288238525,0.01026461273431778,0.005340486764907837,0.0,0.0014933766797184944,0.007428625598549843,6.427313201129436e-05,0.0009520775638520718,0.0,0.0,0.006382738705724478,0.011975051835179329,0.0024178847670555115,0.0,0.008092399686574936,0.0,0.0,0.0,0.0,0.0,0.0,0.0024327151477336884,0.0,0.0006526391953229904,0.0030065111350268126,0.0,0.0,0.0,0.012693936005234718,0.007507947273552418,0.0002666783984750509,0.0,0.0,0.0,0.0,0.0,0.0,0.0013203575508669019,0.0,0.0,0.0,0.0,0.0,0.0
2025-02-12,0.0,0.0,0.0,0.0,0.0,0.003898921422660351,0.0,0.0,0.0,0.0,0.0,0.0,0.0,0.015214543789625168,0.009159378707408905,0.0,0.0,0.0,0.0,0.017131373286247253,0.0081983283162117,0.007500513456761837,0.015642737969756126,0.020497746765613556,0.0,0.0,0.0,0.0,0.0014027943834662437,0.0,0.008075251244008541,0.021460287272930145,0.02008182741701603,0.01607656478881836,0.0,0.0,0.0,0.00047923362581059337,0.001160431420430541,0.004418828058987856,0.03975248336791992,0.02042803354561329,0.0069711655378341675,0.0095955366268754,0.0,0.0,0.0,0.0,0.0,0.0007093201857060194,0.0,0.003143896348774433,0.056711580604314804,0.0,0.0,0.0,0.0,0.0,0.004336726851761341,0.005206413567066193,0.0,0.018089374527335167,9.792746277526021e-05,0.0,0.0,0.0,0.0,0.020032066851854324,0.015700865536928177,0.003316015936434269,0.0,0.0,0.031002666801214218,0.00024186441441997886,0.0,0.011021056212484837,0.0,0.0,0.010269733145833015,0.0,0.00045713881263509393,0.00042411405593156815,0.0013922262005507946,0.013592544943094254,0.0007651671767234802,0.0,0.0008174155373126268,0.001521674683317542,0.0431060753762722,0.020305044949054718,0.0,0.035788070410490036,0.04759150743484497,0.018043937161564827,3.894255496561527e-05,0.0,0.01793273538351059,0.001506635919213295,0.005107113625854254,0.0,0.011404009535908699,0.0035873157903552055,0.002369282767176628,0.0015341644175350666,0.0,0.0026443535462021828,0.0,0.0029554329812526703,0.0,0.0,0.009474522434175014,0.013616425916552544,0.006551959086209536,0.018204161897301674,0.006126813590526581,0.0,0.0,0.0,0.0,0.0013670779298990965,0.0,0.0015683462843298912,0.0010528340935707092,0.0013525730464607477,0.0,0.0,0.0,0.0,0.010583264753222466,0.002023670356720686,0.0008952042553573847,0.0,0.0,0.0,0.0,0.0,0.0,0.006867150776088238,0.0,0.0,0.0,0.0,0.0,0.0
2025-02-13,0.0,2.275929546158295e-06,0.0,0.0,0.0,0.0014115374069660902,0.0023251865059137344,0.0,0.0,0.0,0.0,0.0,0.0,0.03065214678645134,0.0033230483531951904,2.275929546158295e-06,0.0,0.0,0.0,0.0073827533051371574,0.01584562659263611,0.0,0.000157991424202919,0.011109831742942333,2.275929546158295e-06,0.0,0.0,0.0,0.007669833023101091,0.0,0.004233429208397865,0.02025185525417328,0.012920407578349113,0.0,2.048059832304716e-05,0.0,0.0,0.00036740899668075144,0.00010349985677748919,0.0016657761298120022,0.023985834792256355,0.0057164765894412994,0.01169160008430481,0.003417147323489189,0.0,0.0,0.0,0.0,0.0,0.00043489946983754635,0.0,0.008828762918710709,0.05692056939005852,0.0,0.0,0.0,0.0,2.275929546158295e-06,0.01299266330897808,0.000889832153916359,0.004791676066815853,0.013324243947863579,0.0,0.0,2.275929546158295e-06,0.0,0.007629516534507275,0.0018504317849874496,0.011865727603435516,0.0,0.000745055265724659,0.00717829680070281,0.019671842455863953,0.00010126270353794098,0.006917656399309635,0.0037759002298116684,2.275929546158295e-06,2.275929546158295e-06,0.007885281927883625,0.0027263006195425987,0.0006877301493659616,0.0045422823168337345,0.005776179954409599,0.022114193066954613,0.0005299821496009827,0.0,0.007858779281377792,0.001728207804262638,0.03741433471441269,0.013223681598901749,0.0,0.036571793258190155,0.05911244451999664,0.02658115327358246,0.0005672740517184138,0.001052054576575756,0.003555828705430031,0.0002520298585295677,0.0011420836672186852,0.0,0.006681415252387524,0.013207283802330494,0.018425777554512024,0.004297513514757156,8.330540731549263e-05,0.0,0.005313806235790253,0.0009547725785523653,0.0,0.0,0.017687134444713593,0.0,0.0,0.005638081580400467,0.0,0.00039926759200170636,0.0,0.0,0.0,0.008321961387991905,0.0011677592992782593,0.0,0.008235186338424683,0.0030109500512480736,0.003113632323220372,0.0,0.0,0.0,0.0020744111388921738,0.01000286266207695,0.005257575772702694,0.0,0.0,0.0,0.0,0.0,0.0,0.0,0.0,0.0,0.0,0.0,0.0,0.0
2025-02-14,0.0,0.0,0.0,0.0,0.0,0.0010238485410809517,0.0,0.0,0.0,0.0,0.0,0.0,0.0,0.019116956740617752,0.0057817623019218445,0.0,0.0,0.0,0.0,0.0013141767121851444,0.009528212249279022,0.014397729188203812,0.0,0.029212797060608864,0.0,0.0,0.0,0.0,0.003933988511562347,0.002134174108505249,0.0,0.01796180196106434,0.021256068721413612,0.0,0.0,0.0,0.0,0.0005436200881376863,0.00013104930985718966,0.0,0.023804835975170135,0.0008530933409929276,0.029108714312314987,0.009690496139228344,0.0,0.0,0.0,0.0,0.0,0.005624828394502401,0.010356951504945755,6.136065348982811e-05,0.022788431495428085,0.0,0.0,0.0,0.0,0.0,0.006098279729485512,0.0,0.002233423525467515,0.003811890259385109,0.0,0.0,0.0,0.0,0.0,0.0036616898141801357,0.010693510062992573,0.0,0.0,0.007904879748821259,0.009096645750105381,0.0,0.0,0.0,0.0,0.0,0.0004756329581141472,0.0046796007081866264,0.0004227173631079495,0.0016471464186906815,0.009419882670044899,0.009031377732753754,0.0,0.0,0.009361865930259228,0.0017567973118275404,0.046607229858636856,0.003862774930894375,0.0,0.03490881621837616,0.03689773753285408,0.023919932544231415,0.0021442314609885216,0.013143830001354218,0.007466426119208336,0.0,0.0001865946687757969,0.0,0.0,0.013346122577786446,0.024650610983371735,0.01925247721374035,0.0003281421959400177,0.009988917037844658,0.000204926123842597,0.0,0.0,0.0,0.013493498787283897,0.0,0.0011110072955489159,0.0005320226773619652,0.020811542868614197,9.385403245687485e-06,0.0,0.0,0.0,0.0014571086503565311,0.021382350474596024,0.0,0.004854973405599594,0.004331693053245544,0.0,0.0,0.0,0.0,0.00047477707266807556,0.0,0.0015975878341123462,0.0,0.0,0.0,0.0,0.0,0.0,0.0,0.0,0.0,0.0,0.0,0.0,0.0
2025-02-15,0.0,0.0,0.0,0.0,0.0,0.0010700846323743463,0.0,0.0,0.0,0.0,0.0,0.0,0.005813817027956247,0.0,0.02266652137041092,0.0,0.0,0.0,0.0,0.0,0.0076278578490018845,0.028399810194969177,0.0,0.01195244025439024,0.0,0.0,0.0,0.0,0.009217267856001854,0.018713733181357384,0.0,0.02374904230237007,0.017014484852552414,0.0,0.0,0.0,0.0,0.0003711759054567665,0.0002151379594579339,0.0,0.01499202474951744,0.010319845750927925,0.02471533790230751,0.014874584972858429,0.0,0.0,0.0,0.0,0.0,0.0004655728116631508,0.018440932035446167,0.0,0.032063256949186325,0.0,0.0,0.0,0.0,0.0,0.003229079768061638,0.0009546568617224693,0.0,0.009615583345293999,0.0008751711575314403,0.0,0.0,0.0,0.0,0.0,0.0,0.004584147594869137,0.0,0.0024906666949391365,0.004523215815424919,0.0,4.36913687735796e-05,0.0,0.0,0.0,0.0,0.0061537474393844604,0.0006304892594926059,0.013135775923728943,3.313925117254257e-05,0.01119924709200859,0.006324710790067911,0.000277383835054934,0.0014728631358593702,0.0015749400481581688,0.020581550896167755,0.01156597025692463,0.00261135958135128,0.06386371701955795,0.03879937157034874,0.011465012095868587,0.009037584066390991,0.02973124012351036,0.005755152553319931,0.00296615157276392,0.0024348990991711617,0.0,0.007763334084302187,0.017032034695148468,0.02882315218448639,0.017482446506619453,0.00190802663564682,0.0,0.002128259278833866,0.00272231618873775,0.0,0.0,0.015673618763685226,0.007669663056731224,0.0,0.0,0.018557194620370865,0.0,0.0,0.0,0.0,0.0,0.002740202471613884,0.009223803877830505,0.00822251196950674,0.004146782215684652,0.0011189193464815617,0.0,0.0,0.0,0.0007827982772141695,0.0,0.0002197599969804287,0.0,0.0,0.0,0.0,0.0,0.0,0.0,0.0,0.0,0.0,0.0,0.0,0.0
2025-02-16,0.0,1.2607422831933945e-05,0.0,0.0,0.0,0.001133672776632011,0.0003740603569895029,0.0,0.0,0.0,0.0,0.0008033124031499028,0.0,0.0,0.011963233351707458,1.2607422831933945e-05,0.0,0.0,0.0,0.0,0.01686089113354683,0.026372548192739487,0.0024693626910448074,0.0032579265534877777,1.2607422831933945e-05,0.0,0.0,0.0,0.011178271844983101,0.003283955156803131,0.011771708726882935,0.04101847857236862,0.007504988461732864,0.0,0.0,0.0,0.0,1.4395860489457846e-05,0.0,0.005939287133514881,0.023654576390981674,0.026843374595046043,0.03587730973958969,0.0037325844168663025,0.0,0.0,0.0,0.0,0.0,0.0,0.0,0.0010795656125992537,0.07464110851287842,0.0,0.0,0.0,0.0,1.2607422831933945e-05,0.0024012529756873846,0.00961322896182537,0.0,0.009456911124289036,0.0076803420670330524,0.0,1.2607422831933945e-05,0.0,0.0,0.0,0.003986885771155357,0.00866885669529438,0.0,0.0,0.002803224138915539,0.0,0.0007205232977867126,0.001912244246341288,1.2607422831933945e-05,1.2607422831933945e-05,0.0020561558194458485,0.0,0.001066888915374875,0.0,0.0,0.01630111038684845,0.0011549824848771095,0.0006975180585868657,5.6764110922813416e-05,0.0,0.016426030546426773,0.0,0.003732833545655012,0.03779017925262451,0.03611496463418007,0.010579383000731468,0.0017030654707923532,0.00577908381819725,0.0015941169112920761,0.010496511124074459,0.014623625203967094,0.0,0.009060480631887913,0.014204355888068676,0.029184285551309586,0.005813982803374529,0.00863797590136528,0.0,0.0,0.0,0.0,0.0,0.023379338905215263,0.0,0.0,0.0,0.015897564589977264,0.0,0.0,0.0,0.0,0.0,0.0044832974672317505,0.0026533352211117744,0.0010299364803358912,0.010005185380578041,0.003280332311987877,0.0,0.0,0.0,0.0002824151888489723,0.0,0.0002293295692652464,0.0,0.0,0.0,0.0,0.0,0.0,0.003972878213971853,0.0,0.0,0.0,0.0,0.0,0.0
2025-02-17,0.0,1.293347668251954e-05,0.0,0.0,0.0051428149454295635,0.007897937670350075,0.004159725736826658,0.0,0.0,0.0,0.0,0.003472323063760996,0.004681459628045559,0.01337214931845665,0.0,1.293347668251954e-05,0.0,0.0,0.0,0.0,0.003034289926290512,0.00873621180653572,0.007511510513722897,0.008097408339381218,1.293347668251954e-05,0.0,0.0,0.0,0.010081415064632893,0.0,0.016825519502162933,0.0404023602604866,0.008164189755916595,0.002358316909521818,0.0,0.0,0.0,0.0,0.0,0.005372914019972086,0.009957930073142052,0.007165047340095043,0.025303183123469353,0.0,0.0,0.0,0.0,0.0,0.0,0.0005790321156382561,0.0,0.0014810876455157995,0.04141593351960182,0.0,0.0,0.0,0.0,1.293347668251954e-05,0.0033158496953547,0.0007952293381094933,0.0,0.0,0.0011814157478511333,0.0,1.293347668251954e-05,0.0,0.0,0.002690904773771763,0.012005847878754139,0.0,0.0,0.0,0.003294476540759206,0.004806034732609987,2.278410829603672e-05,0.00828894879668951,1.293347668251954e-05,1.293347668251954e-05,0.010840635746717453,0.0,0.0009251341107301414,5.7794153690338135e-05,0.0,0.027239756658673286,4.8547983169555664e-05,0.0,0.00019677984528243542,0.0,0.027728896588087082,0.0,0.0,0.02371702715754509,0.03162054345011711,0.02457413822412491,0.0,0.0024627079255878925,0.012729213573038578,0.003660992719233036,0.02486483007669449,0.0,0.003184671513736248,0.001019706018269062,0.02664041519165039,0.010349871590733528,0.0012777321971952915,0.0,0.007265049964189529,0.0005407985299825668,0.0,0.0,0.023256361484527588,0.006697060540318489,0.0,0.008392940275371075,5.898624658584595e-05,0.0,0.0,0.0,0.0,0.0,0.007304146885871887,0.0017391527071595192,0.0,0.0028886371292173862,0.010367576032876968,0.0,0.0,0.0,0.0016242312267422676,0.005682957358658314,0.0012601963244378567,0.0,0.0,0.0,0.0,0.0,0.0,0.0,0.0,0.0,0.0,0.0,0.0,0.0
2025-02-18,0.0,2.6778627216117457e-05,0.0,0.0,0.006851610261946917,0.0006723867263644934,0.0015309953596442938,0.0,0.0,0.0,0.0,0.009523161686956882,0.00527962576597929,0.0,0.0,2.6778627216117457e-05,0.0,0.0,0.0,0.0,0.0016685351729393005,0.010872123762965202,0.002122042700648308,0.0009041298180818558,2.6778627216117457e-05,0.0,0.0,0.0,0.004875619895756245,0.0,0.00752529501914978,0.05701771378517151,0.008381549268960953,0.0046295057982206345,0.0,0.0,0.0,0.0,0.0,0.0,0.0,0.018383150920271873,0.022321881726384163,0.0,0.0,0.0,0.0,0.0,0.0,0.0016199377132579684,0.005879424512386322,0.0016682080458849669,0.03344254940748215,0.0,0.0,0.0,0.0,2.6778627216117457e-05,0.0062472461722791195,0.0,0.0,0.0059080831706523895,0.0,0.0,2.6778627216117457e-05,0.0,0.0007461232598870993,0.007828098721802235,0.018888497725129128,0.0,0.0028412500396370888,0.0,0.005256098695099354,0.0,0.0,0.002727313432842493,2.6778627216117457e-05,2.6778627216117457e-05,0.001920133363455534,0.00014790799468755722,0.0,0.0011460133828222752,0.0,0.017257457599043846,0.003532900009304285,0.0,0.0008998028934001923,0.0,0.05438615009188652,0.0,0.0,0.05694932863116264,0.024680837988853455,0.02496933564543724,0.0,0.00737479142844677,0.013559854589402676,0.0024452777579426765,0.02779013104736805,0.0,0.0019180476665496826,0.002537919208407402,0.013349667191505432,0.016063440591096878,3.713136538863182e-05,0.0009185075759887695,0.0006566888187080622,0.0014527500607073307,0.0,0.0,0.019650544971227646,0.01775074377655983,0.0032771211117506027,0.0,0.0,0.01077376026660204,0.0,0.0,0.0,0.0,0.0020706579089164734,0.0,0.0,0.006219076458364725,0.005613079760223627,0.0,0.0,0.0,0.0013817145954817533,0.004979032091796398,0.0019325788598507643,0.0,0.0,0.0,0.0,0.0,0.0,0.0,0.0,0.0,0.0,0.0,0.0,0.0
2025-02-19,0.0,0.0,0.0,0.0,0.004002993926405907,0.0,0.005724893882870674,0.0,0.0,0.0,0.0,0.0022907578386366367,0.00887543149292469,0.008173748850822449,0.0,0.0,0.0,0.0,0.0,0.0,0.011687211692333221,0.002193642780184746,0.001921212300658226,0.00796688161790371,0.0,0.0,0.0,0.0,0.005930335260927677,0.0,0.0023220740258693695,0.035582687705755234,0.02448444440960884,0.010305322706699371,0.0,0.0,0.0,0.0,0.005023200064897537,0.00020570307970046997,0.0,0.01937888003885746,0.03255673497915268,0.009032266214489937,0.0,0.0,0.0,0.0,0.0,0.010066431947052479,0.004790580831468105,0.00253779673948884,0.05213009566068649,0.0,0.0,0.0,0.0,0.0,0.0011945310980081558,0.004208079539239407,0.0,0.0,0.0,0.0,0.0,0.0,0.00019179494120180607,0.01606294885277748,0.014298118650913239,0.0,0.006110442336648703,0.0,0.0119899557903409,0.0,0.0,0.0,0.0,0.0,0.0009588426910340786,0.0,0.0,0.010600009933114052,0.0,0.008628493174910545,0.0025153630413115025,0.0,0.0011484588030725718,0.0031719072721898556,0.08426086604595184,0.008524404838681221,0.0,0.03748060390353203,0.034813329577445984,0.015194370411336422,0.0,0.027711860835552216,0.022554542869329453,0.0013986113481223583,0.010069958865642548,0.0,0.00914670154452324,0.004119337536394596,0.0,0.0002838936634361744,0.0,0.001799195073544979,0.0,0.0023986785672605038,0.0,0.0,0.017299508675932884,0.028355734422802925,0.0,0.0,0.008149676024913788,0.004718499723821878,0.0,0.0,0.0,0.0,0.022009216248989105,0.00020426418632268906,0.0,0.000683994498103857,0.0013515714090317488,0.0,0.0,0.0,5.180574953556061e-05,0.0,0.001753263408318162,0.0,0.0,0.0,0.0,0.0,0.0,0.0,0.0,0.0,0.0,0.0,0.0,0.0
2025-02-20,0.0,4.175834419584135e-06,0.0001112861791625619,0.0,0.004192783962935209,0.0,0.005834214389324188,0.0,0.0,0.0,0.0,0.0,0.0009251274168491364,0.03520584851503372,0.008163698017597198,4.175834419584135e-06,0.0,0.0,0.0,0.0033608712255954742,0.008745722472667694,0.005287271924316883,0.005578482523560524,0.00967019610106945,4.175834419584135e-06,0.0,0.0,0.0,0.018006835132837296,0.0,0.0048910994082689285,0.013376498594880104,0.002865321934223175,0.006715182214975357,0.0,0.0,0.0,0.00488616805523634,0.0016575951594859362,0.005267175380140543,0.0075093768537044525,0.010953006334602833,0.023934220895171165,0.0,0.0,0.0,0.0,0.0,0.0,0.002633317606523633,0.0,0.001506047323346138,0.02798483334481716,0.0,0.0,0.0,0.0,4.175834419584135e-06,0.0,0.000841858796775341,0.002758804941549897,0.0,4.5010470785200596e-05,0.0,4.175834419584135e-06,0.0,0.0,0.002713575027883053,0.0021239696070551872,0.0,0.005275326780974865,0.0,0.01097087562084198,0.0,0.01761617138981819,0.0,4.175834419584135e-06,4.175834419584135e-06,0.0,0.00484110601246357,0.0,0.009263860993087292,0.0010785611812025309,0.03706788644194603,0.008655276149511337,0.00315062771551311,0.0003469486255198717,0.0,0.045940108597278595,0.004858789965510368,0.0,0.022786900401115417,0.05018090084195137,0.017365144565701485,0.0,0.014295203611254692,0.03620340675115585,0.003879709169268608,0.004097250290215015,0.0,0.021016303449869156,0.007036756724119186,0.0017132442444562912,0.0,0.0003853938542306423,0.0022699981927871704,0.0013336471747606993,0.004070287104696035,0.0,0.0,0.028965000063180923,0.008919427171349525,0.0,0.0,0.017690762877464294,0.0,0.0,0.0,0.0,0.0006691108574159443,0.005274832248687744,0.0054603987373411655,0.0,0.001496192067861557,0.0024940725415945053,0.0,0.0,0.0,0.0017839614301919937,0.0,0.0006545521318912506,0.0,0.0,0.0,0.0,0.0,0.0,0.0,0.0,0.0,0.0,0.0,0.0,0.0
2025-02-21,0.0,1.813398012018297e-05,0.00030928454361855984,0.0,0.009493127465248108,0.0016498954501003027,0.01225496456027031,0.0,0.0,0.0,0.0,0.0,0.0006027063354849815,0.03634773939847946,0.01846296340227127,1.813398012018297e-05,0.0,0.0,0.0,0.0,0.013199005275964737,0.030022939667105675,0.007382702082395554,0.007731111720204353,1.813398012018297e-05,0.0,0.0,0.0,0.0,0.00794826727360487,0.001788359135389328,0.00936979427933693,0.034633200615644455,0.011207612231373787,0.0024029561318457127,0.0,0.0,0.0,0.0,0.0017726721707731485,0.0020286589860916138,0.012062007561326027,0.024147670716047287,0.0028181448578834534,0.0,0.0,0.0,0.0,0.0,0.007737397216260433,0.0,0.0036389401648193598,0.023397592827677727,0.0,0.0,0.0,0.0,1.813398012018297e-05,0.0003438305575400591,0.012971105985343456,0.014993582852184772,0.007681448012590408,0.0,0.0,1.813398012018297e-05,0.0,0.0,0.0,0.005577259697020054,0.009006098844110966,0.009517335332930088,0.0,0.0026841596700251102,0.0,0.0001478500198572874,0.0,1.813398012018297e-05,1.813398012018297e-05,0.006011125631630421,0.0,0.006025582551956177,0.0,0.00780632346868515,0.03761542961001396,0.0020079114474356174,0.0,0.0,0.0012986189685761929,0.044339507818222046,0.00046838168054819107,0.0,0.04201424866914749,0.03745526447892189,0.022970903664827347,0.0,0.002851751632988453,0.032741300761699677,0.0,0.002461629919707775,0.0,0.01887541264295578,0.008208097890019417,0.0045051854103803635,0.0,0.00506245344877243,0.0040624067187309265,0.0018156177829951048,0.0,0.0,0.0,0.019205426797270775,0.014342304319143295,0.009318792261183262,0.00026551447808742523,0.006541691720485687,0.0,0.0,0.0,0.0,0.000535317522007972,0.0,0.003236916847527027,0.0,0.002013426274061203,0.00709180161356926,0.0,0.0,0.0,0.0077879782766103745,4.923716187477112e-05,0.0,0.0,0.0,0.0,0.0,0.0,0.0,0.0,0.0,0.0,0.0,0.0,0.0,0.0
2025-02-22,0.0,3.724915222846903e-05,0.0004098555364180356,0.0,0.00551411509513855,0.002995070768520236,0.006635215133428574,0.0,0.0,0.0,0.0,0.0,0.007092528976500034,0.0,0.04129819571971893,3.724915222846903e-05,0.0,0.0,0.0,0.0012160246260464191,0.01620708592236042,0.010571908205747604,0.005628366023302078,0.0,3.724915222846903e-05,0.0,0.0,0.0,0.00036079809069633484,0.006912398152053356,3.786943852901459e-05,0.022509228438138962,0.024335619062185287,0.0,0.0,0.0,0.0,0.0,0.0,0.0018063578754663467,0.011165071278810501,0.0044676316902041435,0.031129654496908188,0.00624459981918335,0.0,0.0,0.0,0.0,0.0,0.0016831798711791635,0.0014148866757750511,0.01205765176564455,0.04093050956726074,0.0,0.0,0.0,0.0,3.724915222846903e-05,0.007000815123319626,0.013635764829814434,0.011619653552770615,0.012021012604236603,0.0,0.0,3.724915222846903e-05,0.0,0.0,0.007629440166056156,0.01569463312625885,0.0014666039496660233,0.013316795229911804,0.0,0.0,0.00015081814490258694,0.0,0.0,3.724915222846903e-05,3.724915222846903e-05,0.0,0.0,0.0,0.0,0.00048105092719197273,0.024363365024328232,0.0042022885754704475,0.0,8.289306424558163e-05,0.004552455618977547,0.05872875824570656,0.0009924881160259247,0.007850108668208122,0.01880451664328575,0.05820927768945694,0.013603216968476772,0.000131503795273602,0.0,0.010800819844007492,0.0005765561945736408,0.002432500012218952,0.0,0.0,0.0,0.007459154352545738,0.0,0.01997634395956993,0.007704196497797966,0.0022525805979967117,0.0,0.0,0.0,0.017764441668987274,0.01525198295712471,0.0,0.006696653552353382,0.0,0.0005630053346976638,0.0,0.0,0.0,0.0,0.019547563046216965,0.002175716683268547,0.00265916483476758,0.004083424340933561,0.0,0.0,0.0,0.0,0.003296589944511652,0.009869587607681751,0.003916904330253601,0.0,0.0,0.0,0.0,0.0,0.0,0.0008231124375015497,0.0,0.0,0.0,0.0,0.0,0.0
2025-02-23,0.0,4.27441336796619e-05,0.00044902710942551494,0.0,0.0,0.00629134476184845,0.0034252749755978584,0.0,0.0,0.0,0.0,0.0031033826526254416,0.0015277075581252575,0.01357746496796608,0.04241154342889786,4.27441336796619e-05,0.0,0.0,0.0,0.007860654033720493,0.015561076812446117,0.0,0.01369780395179987,0.005527660250663757,4.27441336796619e-05,0.0,0.0,0.0,0.005308288149535656,0.005263955798000097,0.0131544079631567,0.012451384216547012,0.0133699681609869,0.0,0.0,0.0,0.0,1.0587973520159721e-06,0.0,0.0024901360739022493,0.01981678232550621,0.002492818981409073,0.043656107038259506,0.0,0.0,0.0,0.0,0.0,0.0,0.002178609138354659,0.006772782187908888,0.013431969098746777,0.027760040014982224,0.0,0.0,0.0,0.0,4.27441336796619e-05,0.002622991567477584,0.009877258911728859,0.0054700374603271484,0.014722186140716076,0.0,0.0,4.27441336796619e-05,0.0,0.0,0.01607518456876278,0.01564568467438221,0.0011826809495687485,0.012146051041781902,0.002425567712634802,0.001997442450374365,0.00039500228012911975,0.0,0.0,4.27441336796619e-05,4.27441336796619e-05,0.0,0.0032876399345695972,0.0,0.0013112486340105534,0.0,0.03572362661361694,0.009367940947413445,0.00022648254525847733,0.008340242318809032,0.011968404054641724,0.04996400326490402,0.005753010511398315,0.0,0.02078014239668846,0.07639160752296448,0.020928477868437767,0.001621678238734603,0.0010089781135320663,0.003066558390855789,0.01710687205195427,0.0005559595301747322,0.0,0.0,0.0,0.019110722467303276,0.0,0.01608087122440338,0.011088328436017036,0.0019195163622498512,0.005286865867674351,0.0,0.0,0.017667261883616447,0.006338605657219887,0.000654259230941534,0.00806287582963705,0.0030130818486213684,0.000758801237680018,0.0,0.0,0.0,0.0,0.013761840760707855,0.0,0.0009068755898624659,0.0007484490051865578,0.0,0.0,0.0,0.0,0.0021176370792090893,0.01472766138613224,0.0,0.0,0.0,0.0,0.0,0.0,0.0,0.0005359107162803411,0.0,0.0,0.0,0.0,0.0,0.0
2025-02-24,0.0,3.866486804326996e-05,0.0005227616638876498,0.0,0.008617077954113483,0.011469959281384945,0.0013437045272439718,0.0,0.0,0.0,0.0,0.009938097558915615,0.009492753073573112,0.0016762390732765198,0.04378286004066467,3.866486804326996e-05,0.0,0.0,0.0,0.01099158264696598,0.025883160531520844,0.0,0.011377747170627117,0.010655547492206097,3.866486804326996e-05,0.0,0.0,0.0,0.004997738637030125,0.0,0.00790371373295784,0.025641173124313354,0.019435983151197433,0.00019789300858974457,0.011674982495605946,0.0,0.0,0.0004598455270752311,0.0013864433858543634,0.0014353881124407053,0.02021440677344799,0.004275355488061905,0.020480168983340263,0.011369399726390839,0.0,0.0,0.0,0.0,0.0,0.008373254910111427,0.0017005950212478638,0.004203311633318663,0.008079087361693382,0.0,0.0,0.0,0.0,3.866486804326996e-05,0.00185222621075809,0.003962563816457987,0.0029153989162296057,0.001233743503689766,0.0,0.0,3.866486804326996e-05,0.0,0.004570550285279751,0.013026118278503418,0.007177512161433697,0.014709535986185074,0.011919927783310413,0.00608563469722867,0.009510677307844162,0.0002174957189708948,0.0011954917572438717,0.0,3.866486804326996e-05,3.866486804326996e-05,0.0,0.008919844403862953,0.00023053842596709728,0.01886281929910183,0.0023080904502421618,0.03454958647489548,0.006145605351775885,0.000813297345302999,0.0005556566175073385,0.007676008157432079,0.04703691601753235,0.0008643707260489464,0.0,0.02350633218884468,0.08134326338768005,0.04538879171013832,0.0035211406648159027,0.0,0.0,0.004202560521662235,0.0,0.0,0.0010718079283833504,0.0014858748763799667,0.01773160509765148,0.007618374656885862,0.014256289228796959,0.004117908887565136,0.0037073995918035507,0.004221564624458551,0.0,0.0,0.01676579751074314,0.0062566231936216354,0.005039852112531662,0.010944307781755924,0.008271778002381325,0.0006219110800884664,0.0,0.0,0.0,0.0,0.01297985389828682,0.0,0.0009956754511222243,0.0025137863121926785,0.010076342150568962,0.0,0.0,0.0,0.0015595960430800915,0.015355844050645828,0.0,0.0,0.0,0.0,0.0,0.0,0.0,8.176150731742382e-05,0.0,0.0,0.0,0.0,0.0,0.0
2025-02-25,0.0,2.777201916615013e-05,0.00021385200670920312,0.0,0.0018623587675392628,0.005177237559109926,0.0005163666792213917,0.0,0.0,0.0,0.0,0.003620848059654236,0.006079763174057007,0.0,0.071047343313694,2.777201916615013e-05,0.0,0.0,0.0,0.01346612349152565,0.024374157190322876,0.0006806664168834686,0.015599019825458527,0.008052656427025795,2.777201916615013e-05,0.0,0.0,0.0,0.002643653191626072,0.0,0.013589011505246162,0.01521804928779602,0.022749127820134163,0.0004499359056353569,0.001999584259465337,0.0,0.0,0.0006295587518252432,0.006677865516394377,0.0031704423017799854,0.009607706218957901,0.004806439392268658,0.021713420748710632,0.007956980727612972,0.0,0.0,0.0,0.0,0.0,0.0028189776930958033,0.001162610948085785,0.0017529681790620089,0.018158746883273125,0.0,0.0,0.0,0.0,2.777201916615013e-05,0.0032801013439893723,0.0,0.0007687255274504423,0.014755776152014732,0.0,0.0,2.777201916615013e-05,0.0,0.0007452451391145587,0.0,0.002504231408238411,0.0057911621406674385,0.002958427183330059,0.01057998277246952,0.004063363187015057,0.0,0.0011380768846720457,0.0,2.777201916615013e-05,2.777201916615013e-05,0.006468611303716898,0.025035692378878593,0.001082206261344254,0.0090522775426507,0.017900628969073296,0.020868174731731415,0.008050022646784782,0.00047217588871717453,0.0,0.011487066745758057,0.03721541911363602,0.008905615657567978,0.0,0.06024696305394173,0.06340175867080688,0.025964517146348953,0.005872427485883236,0.0018527987413108349,0.010717455297708511,0.013724892400205135,0.0,0.0,0.0,0.0031340718269348145,0.018544908612966537,0.007373599801212549,0.01474735327064991,0.007883692160248756,0.004317964892834425,0.0,0.0,0.0,0.01580604910850525,0.009366858750581741,0.008282351307570934,0.0036265826784074306,0.006544675678014755,3.952137194573879e-05,0.0,0.0,0.0,0.006860926281660795,0.013167101889848709,0.004118616227060556,0.0011567462934181094,0.012039567343890667,0.0,0.0,0.0,0.0,0.0017820533830672503,0.012445768341422081,0.005500340834259987,0.0,0.0,0.0,0.0,0.0,0.0,0.0,0.0,0.0,0.0,0.0,0.0,0.0
2025-02-26,0.0,3.511511749820784e-05,0.00032328610541298985,0.0,0.004691295325756073,0.0028287156019359827,0.0002671191468834877,0.0,0.0,0.0,0.0,1.2893229722976685e-05,0.0,0.0,0.03561926633119583,3.511511749820784e-05,0.0,0.0,0.0,0.006649669259786606,0.01918901689350605,0.017811080440878868,0.006658585742115974,0.0011850986629724503,3.511511749820784e-05,0.0,0.0,0.0,0.00044780876487493515,0.005047121085226536,0.011136244051158428,0.015921473503112793,0.004767373204231262,0.0010867561213672161,0.0,0.0,0.0,0.0008734529837965965,0.00024794775526970625,0.001401819521561265,0.007443912327289581,0.0,0.045672714710235596,0.0,0.0,0.0,0.0,0.0,0.0,0.008513416163623333,0.015094885602593422,0.002730746753513813,0.022774212062358856,0.0,0.0,0.0,0.0,3.511511749820784e-05,0.00917589757591486,0.0,0.0004939381033182144,0.007666494697332382,3.7461111787706614e-05,0.0,3.511511749820784e-05,0.0,0.0,0.0,0.0,0.020139293745160103,0.0,0.004480239935219288,0.004148487467318773,0.0,0.0009331104811280966,0.0,3.511511749820784e-05,3.511511749820784e-05,0.005187693051993847,0.014723792672157288,0.0012582617346197367,0.0006073685362935066,0.0022951927967369556,0.015097564086318016,0.0,0.0003404147573746741,0.000853465055115521,0.0032110323663800955,0.0501188226044178,0.006990548223257065,0.0014498797245323658,0.04608551040291786,0.05144984647631645,0.01688641868531704,0.011270536109805107,0.0018572486005723476,0.00484909862279892,0.022300750017166138,0.0021637016907334328,0.0,0.00817185640335083,0.0,0.023827914148569107,0.0,0.006782567128539085,0.003231343813240528,0.001461218809708953,0.00041225366294384,0.0,0.0,0.01656310260295868,0.004236325621604919,0.01677047647535801,0.0038428748957812786,0.02743000164628029,0.00034148601116612554,0.0,0.0,0.0,0.0,0.0,0.0,0.001250427681952715,0.002262986032292247,0.0,0.0,0.0,0.0,0.0014672253746539354,0.0027019549161195755,0.0005993004888296127,0.0,0.0,0.0,0.0,0.0,0.0,0.0,0.0,0.0,0.0,0.0,0.0,0.0
2025-02-27,0.0,1.475812132412102e-05,9.849411435425282e-05,0.0,0.012207694351673126,0.00044418638572096825,0.0,0.0,0.0,0.0,0.0,0.0,5.8801379054784775e-05,0.015257135033607483,0.021979957818984985,1.475812132412102e-05,0.0,0.0,0.0,0.0032939480151981115,0.014238634146749973,0.01584441028535366,0.006910937838256359,0.001980019733309746,1.475812132412102e-05,0.0,0.0,0.0,0.0040568094700574875,0.0,0.00696863979101181,0.026438036933541298,0.0376150980591774,0.0032972139306366444,0.0,0.0,0.0,0.0,0.0,0.0006809753831475973,0.00928444042801857,0.003613724373281002,0.046771854162216187,0.005404076538980007,0.0,0.0,0.0,0.0,0.0,0.0011917357333004475,0.009382718242704868,0.0070290761068463326,0.013066662475466728,0.0,0.0,0.0,0.0,1.475812132412102e-05,0.0036067126784473658,0.0024639759212732315,0.0,0.011342363432049751,0.0,0.0,1.475812132412102e-05,0.0,0.0,0.004429892636835575,0.0,0.02709110826253891,0.004056672565639019,0.0020131045021116734,0.001759951701387763,0.0,0.0,0.0,1.475812132412102e-05,1.475812132412102e-05,0.0,0.0071250759065151215,0.0007912220899015665,0.0,0.006939277984201908,0.02678399160504341,0.0,0.0,0.00126123265363276,0.0023896684870123863,0.058744270354509354,0.0001514991745352745,0.005472991615533829,0.057523906230926514,0.0632026195526123,0.027754642069339752,0.005943011026829481,0.005282163619995117,0.008367493748664856,0.00676035787910223,0.0021943883039057255,0.0,0.0,0.006060570478439331,0.003962457180023193,0.0,0.003956739790737629,0.015023589134216309,0.0008437866345047951,0.0063552577048540115,0.0,0.0,0.023401185870170593,0.004387153312563896,0.015174029394984245,0.0026252688840031624,0.01689380407333374,0.0,0.0,0.0,0.0,0.0,0.0,0.004408912267535925,0.0006034721154719591,0.00065609160810709,0.0,0.0,0.0,0.0,0.0,0.003571647685021162,0.0038973211776465178,0.0,0.0,0.0,0.0,0.0,0.0,0.0,0.0,0.0,0.0,0.0,0.0,0.0
2025-02-28,0.0,1.961748603207525e-05,0.00011524878209456801,0.0,0.018477875739336014,0.0007347201462835073,0.0,0.0,0.0,0.0,0.0,0.0,0.0,0.04034324362874031,0.01892790198326111,1.961748603207525e-05,0.0,0.0,0.0,0.0,0.010862760245800018,0.005682222545146942,0.00198168121278286,0.0,1.961748603207525e-05,0.0,0.0,0.0,0.0,0.0,0.023565052077174187,0.010895710438489914,0.008601479232311249,0.022686822339892387,0.0,0.0,0.0,0.0,0.0,0.0020504340063780546,0.0,0.01807946152985096,0.04795196279883385,0.0,0.0,0.0,0.0,0.0,0.0,0.0007472352590411901,0.01336747407913208,0.0011681301984936,0.026757366955280304,0.0,0.0,0.0,0.0,1.961748603207525e-05,0.0012254652101546526,0.007385678589344025,0.0,0.0010299384593963623,0.0,0.0,1.961748603207525e-05,0.0,0.0,0.008823629468679428,0.0,0.02798253297805786,0.0036108694039285183,0.0,0.0,0.0,0.0010806613136082888,0.0,1.961748603207525e-05,1.961748603207525e-05,0.006834466475993395,0.0139571912586689,0.00039803647086955607,0.0006620599888265133,0.0,0.03754531592130661,0.001766003668308258,0.0,0.0013303525047376752,0.0,0.0329635851085186,0.011844348162412643,0.02045033499598503,0.017215590924024582,0.034738507121801376,0.026516009122133255,0.003565005026757717,0.001699619460850954,0.017692655324935913,0.0,0.002854341408237815,0.0,0.005163226276636124,0.00869690626859665,0.0,0.005444011650979519,0.009314018301665783,0.00012675300240516663,0.001687977695837617,0.0,0.0,0.0,0.006405664142221212,0.0,0.003924540244042873,0.0015088599175214767,0.009124331176280975,7.295317482203245e-05,0.0,0.0,0.0,0.0,0.02716836705803871,0.01568717136979103,8.159363642334938e-05,0.0012159848120063543,0.0011578062549233437,0.0,0.0,0.0,0.0,0.0,0.0,0.0,0.0,0.0,0.0,0.0,0.0,0.0,0.0,0.0,0.0,0.0,0.0,0.0
2025-03-01,0.0,2.7055893951910548e-05,9.077921276912093e-05,0.0,0.0013346001505851746,0.00012146891094744205,0.0,0.0,0.0,0.0,0.0,0.0,0.004743111319839954,0.03265677019953728,0.015728630125522614,2.7055893951910548e-05,0.0,0.0,0.0,0.0,0.012919684872031212,0.00866168923676014,0.007816351018846035,0.0,2.7055893951910548e-05,0.0,0.0,0.0,0.0,4.963669925928116e-05,0.016471412032842636,0.01054113358259201,0.005393363535404205,0.011814836412668228,0.0,0.0,0.0,0.0,0.0,0.0007749674841761589,0.0021460801362991333,0.005515768192708492,0.04326595366001129,0.002090519294142723,0.0,0.0,0.0,0.0,0.0,0.0015423501608893275,0.0003789663314819336,0.0,0.01160697266459465,0.0,0.0,0.0,0.0,2.7055893951910548e-05,0.0012188805267214775,0.0,7.46359582990408e-05,0.0,0.0,0.0,2.7055893951910548e-05,0.0,0.0,0.00874684751033783,0.0,0.004073242656886578,0.015357621014118195,0.0,0.0008650901727378368,0.0,0.00074718426913023,0.0,2.7055893951910548e-05,2.7055893951910548e-05,0.007690836675465107,0.002223614603281021,4.435767186805606e-05,0.0015640687197446823,0.0,0.031764835119247437,0.0,0.0,0.0030653360299766064,0.005908598192036152,0.043200187385082245,0.0009707817807793617,0.005083197727799416,0.031637877225875854,0.03704521432518959,0.00806298479437828,0.0015902152517810464,0.002926175482571125,0.016375865787267685,0.0,0.005695388652384281,0.0,0.010651648044586182,0.008972695097327232,0.0,0.0,0.0032303612679243088,0.001358245499432087,0.001998358406126499,0.0,0.0,0.0,0.005901601631194353,0.0014212224632501602,0.006899774074554443,0.0,0.0071833785623312,4.079111386090517e-05,0.0,0.0,0.0,0.00040907610673457384,0.02105635777115822,0.019108552485704422,0.0,0.0016138122882694006,0.002122723264619708,0.0,0.0,0.0,0.0,0.0,0.0030076918192207813,0.0,0.0,0.0,0.0,0.0,0.0,0.0072089675813913345,0.0,0.0,0.0,0.0,0.0,0.0
2025-03-02,0.0,3.5200042475480586e-05,0.00016593345208093524,0.0,0.0,0.0,0.002161690965294838,0.0,0.0,0.0,0.0,0.0,0.0,0.03589605912566185,0.03462176024913788,3.5200042475480586e-05,0.0,0.0,0.0,0.0,0.019605159759521484,0.0020444225519895554,0.006766910664737225,0.01178012415766716,3.5200042475480586e-05,0.0,0.0,0.0,0.0,0.004857775755226612,0.028962120413780212,0.021330462768673897,0.0,0.005364757962524891,0.0,0.0,0.0,0.0,0.0,0.0,0.005251031368970871,0.01344163529574871,0.044828251004219055,0.01255795732140541,0.0,0.0,0.0,0.0,0.0,0.002549300901591778,0.0,0.0006501208990812302,0.006386037915945053,0.0,0.0,0.0,0.0,3.5200042475480586e-05,0.0,0.0022178906947374344,0.00035446020774543285,0.008566245436668396,0.0,0.0,3.5200042475480586e-05,0.0,0.0,0.009591967798769474,0.0,0.005538280121982098,0.014839046634733677,0.0,0.000984452199190855,0.0,0.0055797891691327095,0.00022363627795130014,3.5200042475480586e-05,3.5200042475480586e-05,0.0,0.003933203872293234,0.0005025012069381773,0.0,0.0,0.013548584654927254,0.0,0.0,0.01123881060630083,0.0,0.039143290370702744,0.006631257012486458,0.0006449157372117043,0.01732422411441803,0.04583284258842468,0.010884757153689861,2.157595008611679e-05,0.0034027593210339546,0.0069696418941020966,0.0,0.014204846695065498,0.0,9.93628054857254e-06,0.0,0.0,0.0006582299247384071,0.00010376190766692162,0.00713654700666666,0.002812689635902643,0.005582230631262064,0.0,0.0,0.014229541644454002,0.0005012862384319305,0.0,0.0,0.0,0.0001907884143292904,0.0,0.0,0.0,0.0003859570133499801,0.006940746679902077,0.010727016255259514,0.0,0.0020568324252963066,0.0020460879895836115,0.0,0.0,0.0,0.0,0.009152938611805439,0.0,0.0,0.0,0.0,0.0,0.0,0.0,0.016803355887532234,0.0,0.0,0.0,0.0,0.0,0.0
2025-03-03,0.0,4.075853212270886e-05,0.0006030953372828662,0.0,0.0,0.0,0.0,0.0,0.0,0.0,0.0,0.0,0.0,0.05875113978981972,0.020715832710266113,4.075853212270886e-05,0.0,0.0,0.0,0.0,0.0031634196639060974,0.0,0.008913319557905197,0.017785752192139626,4.075853212270886e-05,0.0,0.0,0.0,0.010268174111843109,0.00023534707725048065,0.008860424160957336,0.0221282709389925,0.0,0.0035520829260349274,0.0,0.0,0.0,0.0,1.9342987798154354e-05,0.0,0.005782216787338257,0.015856202691793442,0.03675030916929245,0.0025398414582014084,0.0,0.0,0.0,0.0,0.0,0.001701595727354288,0.005178265273571014,0.011382077820599079,0.024397410452365875,0.0,0.0,0.0,0.0,4.075853212270886e-05,0.0005806239787489176,0.007328526582568884,0.0015076965792104602,0.015180880203843117,0.0,0.0,4.075853212270886e-05,0.0,0.0,0.008594055660068989,0.005716407671570778,0.0,0.006264532450586557,0.0,0.0024623717181384563,0.0,0.0,0.0,4.075853212270886e-05,4.075853212270886e-05,0.000339253805577755,0.02091578021645546,0.000581108033657074,0.0,0.0,0.017247289419174194,0.009356045164167881,0.0,0.0032113376073539257,0.0,0.039052966982126236,0.0026698983274400234,0.0,0.013507474213838577,0.04276813566684723,0.018261922523379326,0.0,0.0012776665389537811,0.011812367476522923,0.004942473955452442,0.005611165426671505,0.0,0.0,0.0,0.008689564652740955,0.003551115281879902,0.002441791817545891,0.0,0.0003052388783544302,0.0011355516035109758,0.0,0.0,0.006824931129813194,0.0,0.0,0.0,0.0,0.00036792265018448234,0.0,0.0,0.0,0.00010337668936699629,0.00431407243013382,0.01400464866310358,0.0,0.002302667824551463,0.0013574908953160048,0.0,0.0,0.0,0.010468849912285805,0.0,0.0005441715475171804,0.0,0.0,0.0,0.0,0.0,0.0,0.00019272183999419212,0.0,0.0,0.0,0.0,0.0,0.0
2025-03-04,0.0,6.056396523490548e-05,0.0014073027996346354,0.0,0.011638359166681767,0.0,0.0,0.0,0.0,0.0,0.0,0.0,0.0,0.046590108424425125,0.024637602269649506,6.056396523490548e-05,0.0,0.0,0.0,0.0,0.011178597807884216,0.0031319130212068558,0.0127053027972579,0.017730724066495895,6.056396523490548e-05,0.0,0.0,0.0,0.007709079887717962,0.001988139469176531,0.018037481233477592,0.050194405019283295,0.015320464968681335,0.012470703572034836,0.0009417872643098235,0.0,0.0,3.9061473216861486e-05,0.0,0.003845276776701212,0.019680732861161232,0.019846826791763306,0.03572482615709305,0.0011227559298276901,0.0,0.0,0.0,0.0,0.0,0.0027743761893361807,0.0,0.004051373805850744,0.0326695442199707,0.0,0.0,0.0,0.0,6.056396523490548e-05,0.005612487439066172,0.023126885294914246,0.0028915232978761196,0.023056088015437126,0.0,0.0,6.056396523490548e-05,0.0,0.00035998784005641937,0.00797724537551403,0.0,0.0,0.0028447480872273445,0.010529302060604095,0.007260598242282867,0.0,0.0,0.0,6.056396523490548e-05,6.056396523490548e-05,0.0016802460886538029,0.01999102160334587,0.0007316000410355628,0.0,0.006239688955247402,0.02395538240671158,0.0008873715996742249,0.0,0.0005148777272552252,0.002018268220126629,0.0217643640935421,0.007874252274632454,0.0,0.04776841402053833,0.05974077433347702,0.018725769594311714,0.0,0.0,0.01847679913043976,0.0,0.005410165060311556,0.0,0.0031542107462882996,0.000424310564994812,0.004810460843145847,0.0024674301967024803,0.009875740855932236,0.0045515913516283035,0.002743125893175602,0.0,0.0,0.0,0.010391267016530037,0.0,0.0,0.006113504990935326,0.0019159968942403793,0.0007463927031494677,0.0,0.0,0.0,0.0002128290943801403,0.003934232518076897,0.011243551038205624,0.0,0.00219847378320992,0.0008830237202346325,0.0,0.0,0.0,0.018208058550953865,0.0,0.0016642211703583598,0.0,0.0,0.0,0.0,0.0,0.0,0.0,0.0,0.0,0.0,0.0,0.0,0.0
2025-03-05,0.0,5.129325654706918e-05,0.0029914493206888437,0.0,0.0,0.006448171101510525,0.0,0.0,0.0,0.0,0.0,0.0,0.000590568408370018,0.03801170364022255,0.014641694724559784,5.129325654706918e-05,0.0,0.0,0.0,0.0,0.015641499310731888,0.013413465581834316,0.0027771014720201492,0.010940343141555786,5.129325654706918e-05,0.0,0.0,0.0,0.0063728513196110725,0.008906389586627483,0.02059289999306202,0.036858707666397095,0.013947108760476112,0.00016585830599069595,0.0012941795866936445,0.0,0.0,0.000198297668248415,0.0,0.0021226827520877123,0.018790679052472115,0.02176651544868946,0.06129744276404381,0.0,0.0,0.0,0.0,0.0,0.0,0.002687412314116955,0.0,0.004307304043322802,0.04028625041246414,0.0,0.0,0.0,0.0,5.129325654706918e-05,0.0,0.002190026454627514,0.004130384419113398,0.013808147050440311,0.0,0.0,5.129325654706918e-05,0.0,0.008390553295612335,0.010056977160274982,0.0032032765448093414,0.0,0.009084629826247692,0.0,0.0,0.0,0.0006263053510338068,0.0,5.129325654706918e-05,5.129325654706918e-05,0.0007865442894399166,0.005373653490096331,0.00030472519574686885,0.003711146768182516,0.0012462399899959564,0.02041538432240486,0.005288517568260431,0.0,0.0,0.003172527067363262,0.030594052746891975,0.0012283539399504662,0.0015869990456849337,0.034603364765644073,0.07455018162727356,0.031033260747790337,0.0,0.0,0.028605716302990913,0.0,0.0018006735481321812,0.0,0.007301651872694492,0.010272281244397163,0.01446581818163395,0.004969903267920017,0.0064013078808784485,0.0036081532016396523,0.00039956881664693356,0.0009531723335385323,0.0,0.0,0.012931623496115208,0.022780274972319603,0.0,0.006952247116714716,0.0012845490127801895,0.0006993511924520135,0.0,0.0,0.0,0.0,0.02817695587873459,0.008831514976918697,0.0,0.0043270764872431755,0.0009395484812557697,0.0,0.0,0.0,0.002850298071280122,0.0,0.0021986316423863173,0.0,0.0,0.0,0.0,0.0,0.0,0.0007983052637428045,0.0,0.0,0.0,0.0,0.0,0.0
2025-03-06,0.0,5.073306601843797e-05,0.008277020417153835,0.0,0.0,0.0,0.0,0.0,0.0,0.0,0.0,0.00013084663078188896,0.015841996297240257,0.01824820786714554,0.015346914529800415,5.073306601843797e-05,0.0,0.0,0.0,0.0,0.005708650685846806,0.0071678925305604935,0.01770486682653427,0.018825992941856384,5.073306601843797e-05,0.0,0.0,0.0,0.0,0.005502733867615461,0.014597661793231964,0.03569043055176735,0.015664737671613693,0.002187540289014578,0.0008950975607149303,0.0,0.0,0.00044313352555036545,0.0,0.006907613016664982,0.004802081733942032,0.010303176939487457,0.044114481657743454,0.020298078656196594,0.0,0.0,0.0,0.0,0.0,0.0024579972960054874,0.004220013041049242,0.0073482743464410305,0.03800370916724205,0.0,0.0,0.0,0.0,5.073306601843797e-05,0.007522428408265114,0.0,0.008823518641293049,0.01527371071279049,0.0,0.0,5.073306601843797e-05,0.0,0.0007569584995508194,0.007885895669460297,0.0034564603120088577,0.004000561311841011,0.0070752715691924095,0.007243644446134567,0.0007185449358075857,0.0,0.0069272480905056,0.0,5.073306601843797e-05,5.073306601843797e-05,0.0007960046641528606,0.0007102489471435547,0.000373160612070933,0.0,0.0019888575188815594,0.03742608800530434,0.007368303369730711,0.0005045495927333832,0.0,0.0033577047288417816,0.04152635484933853,0.0,0.0,0.010297801345586777,0.05757586658000946,0.015394138172268867,0.0,0.0,0.009423231706023216,0.0,0.0,0.0,0.011090588755905628,0.004029759205877781,0.038799650967121124,0.001675221137702465,0.011802536435425282,0.022274071350693703,0.002818342763930559,0.0053208270110189915,0.0,0.0,0.007837256416678429,0.009607389569282532,0.0,0.001878528855741024,0.01753951609134674,0.0,0.0,0.0,0.0,0.00018705299589782953,0.0,0.009896819479763508,0.0,0.01630956307053566,0.005412315484136343,0.0,0.0,0.0,0.007048285566270351,0.009649042971432209,0.004568545613437891,0.0,0.0,0.0,0.0,0.0,0.0,0.0012588934041559696,0.0,0.0,0.0,0.0,0.0,0.0
2025-03-07,0.0,2.078332363453228e-05,0.0024814631324261427,0.0,0.0,0.0,0.003859237302094698,0.0,0.0,0.0,0.0,0.0,0.002900614868849516,0.0236191563308239,0.019200749695301056,2.078332363453228e-05,0.0,0.0,0.0,0.007094270084053278,0.006154562346637249,0.020688079297542572,0.023636093363165855,0.002152126282453537,2.078332363453228e-05,0.0,0.0,0.0,0.004515029489994049,0.006235123611986637,0.010689299553632736,0.03519408404827118,0.04918384552001953,0.00097726471722126,0.0006214056047610939,0.0,0.0,0.00017947258311323822,0.0,0.002044202294200659,0.025266330689191818,0.01974707655608654,0.03015291690826416,0.011812174692749977,0.0,0.0,0.0,0.0,0.0,0.0019912216812372208,0.00544354785233736,0.013102422468364239,0.019102679565548897,0.0,0.0,0.0,0.0,2.078332363453228e-05,3.868713974952698e-06,0.001756296493113041,0.0031899530440568924,0.009810090065002441,0.0,0.0,2.078332363453228e-05,0.0,0.0,0.013792943209409714,0.007017312105745077,0.0,0.006835358217358589,0.0,0.0009940271265804768,0.0,0.0004087530542165041,0.0,2.078332363453228e-05,2.078332363453228e-05,0.003644525073468685,0.0013598594814538956,0.00010034115985035896,0.0,0.006732529494911432,0.02808547392487526,0.0,0.0007411826518364251,2.2716820240020752e-05,0.0022827894426882267,0.05604253709316254,0.0,0.0031064855866134167,0.03655925765633583,0.04019853100180626,0.028349272906780243,0.0,0.009434306994080544,0.0071604810655117035,0.0035212277434766293,0.0018981238827109337,0.0,0.027411378920078278,0.008958734571933746,0.018806442618370056,0.0004717879928648472,0.0025202780961990356,0.015873165801167488,0.004612399730831385,0.0013641018886119127,0.0,0.0,0.008405646309256554,0.0039350129663944244,0.005924386903643608,0.009007198736071587,0.022897828370332718,0.0,0.0,0.0,0.0,0.00032767694210633636,4.357844591140747e-05,0.01330538559705019,0.0,0.003068296005949378,0.005939544178545475,0.0,0.0,0.0,0.008115380071103573,0.0009254836477339268,0.006000695750117302,0.0,0.0,0.0,0.0,0.0,0.0,0.002046494744718075,0.0,0.0,0.0,0.0,0.0,0.0
2025-03-08,0.0,3.029534491361119e-05,0.0,0.0,0.0,0.002485577017068863,0.0,0.0,0.0,0.0,0.0,0.0,0.001009511761367321,0.01739216223359108,0.025649629533290863,3.029534491361119e-05,0.0,0.0,0.0,0.0063148424960672855,0.008667465299367905,0.015711335465312004,0.033761344850063324,0.006449751555919647,3.029534491361119e-05,0.0,0.0,0.0,0.0,0.0,0.014450623653829098,0.04241000860929489,0.04856251925230026,0.012388559058308601,0.0008743845392018557,0.0,0.0,0.0005232920520938933,0.0012432539369910955,0.0030075893737375736,0.03721500188112259,0.026370152831077576,0.016388028860092163,0.007706798613071442,0.0,0.0,0.0,0.0,0.0,0.0014114349614828825,0.0026076207868754864,0.008535502478480339,0.04603996127843857,0.0,0.0,0.0,0.0,3.029534491361119e-05,0.001979411579668522,0.011269928887486458,0.001120279310271144,0.014172100462019444,0.0005896248039789498,0.0,3.029534491361119e-05,0.0,0.002484117867425084,0.03339577093720436,0.027639787644147873,0.005569739267230034,0.002430969849228859,0.0,0.020003898069262505,0.0,0.0,0.005563055165112019,3.029534491361119e-05,3.029534491361119e-05,0.011424923315644264,0.003586436156183481,0.00029908347642049193,0.009103742428123951,0.010682811960577965,0.02298341877758503,0.003982727415859699,0.0012694182805716991,0.002658385317772627,0.0017251854296773672,0.047699615359306335,0.009793413802981377,0.0,0.02249475196003914,0.04980596527457237,0.011478082276880741,0.000683399906847626,0.0,0.019909365102648735,0.0009842514991760254,0.007440455723553896,0.0,0.027159113436937332,0.007413540035486221,0.009107931517064571,0.0,0.0,0.009293049573898315,0.006838293746113777,0.00424511032178998,0.0,0.0,0.01110804919153452,0.009534962475299835,0.01064356043934822,0.03304513916373253,0.021418984979391098,0.0,0.0,0.0,0.0,0.0026914572808891535,0.003882274031639099,0.008973419666290283,0.002695992588996887,0.0010501472279429436,0.000493235420435667,0.0,0.0,0.0,0.006630065385252237,0.0,0.008519046008586884,0.0,0.0,0.0,0.0,0.0,0.0,0.008125197142362595,0.0,0.0,0.0,0.0,0.0,0.0
2025-03-09,0.0,3.192561780451797e-05,0.0,0.0,0.00176590820774436,0.0,0.004011917393654585,0.0,0.0,0.0,0.0,0.00022707937750965357,0.000577001366764307,0.02725311741232872,0.02776823192834854,3.192561780451797e-05,0.0,0.0,0.0,0.0,0.016118699684739113,0.0,0.017099399119615555,0.0,3.192561780451797e-05,0.0,0.0,0.0,0.003394867293536663,0.0,0.005730964243412018,0.030941911041736603,0.04610622674226761,0.0013498556800186634,0.001577332615852356,0.0,0.0,0.0002781712100841105,4.96978173032403e-05,0.0024316757917404175,0.02105112001299858,0.0112623181194067,0.030208149924874306,0.017506254836916924,0.0,0.0,0.0,0.0,0.0,0.0012485531624406576,0.0,0.013257873244583607,0.04721808061003685,0.0,0.0,0.0,0.0,3.192561780451797e-05,0.00955975241959095,0.01091782096773386,0.005178479477763176,0.004377724602818489,0.0,0.0,3.192561780451797e-05,0.0,0.011568855494260788,0.014438779093325138,0.022340036928653717,0.0024585500359535217,0.005683732219040394,0.004825203213840723,0.009149846620857716,0.0,0.0065367622300982475,6.242981180548668e-05,3.192561780451797e-05,3.192561780451797e-05,0.009339275769889355,0.011302587576210499,8.903088746592402e-05,0.017137739807367325,0.017958005890250206,0.03245905414223671,0.004818686284124851,0.0009311955654993653,0.01025114394724369,0.0013624064158648252,0.0391334667801857,0.004862498492002487,0.0,0.02385605499148369,0.05416010320186615,0.029046712443232536,0.0018268798012286425,0.003437135834246874,0.012008283287286758,0.0,0.0025264197029173374,0.0,0.01784404367208481,0.021899571642279625,0.01726364903151989,0.0,0.0,0.0023706210777163506,0.01390125509351492,0.0036200250033289194,0.0,0.0,0.016239099204540253,0.0,0.0016687149181962013,0.020867247134447098,0.006866643205285072,0.0,0.0,0.0,0.0,0.009736682288348675,0.005575094372034073,0.000840652734041214,0.010468865744769573,6.951438263058662e-05,0.006049439311027527,0.0,0.0,0.0,0.0006434023380279541,0.004796525463461876,0.013354123570024967,0.0,0.0,0.0,0.0,0.0,0.0,0.0011612058151513338,0.0,0.0,0.0,0.0,0.0,0.0
2025-03-10,0.0,1.3348812899494078e-05,0.0,0.0,0.0008280524052679539,0.0,0.0,0.0,0.0,0.0,0.0,0.0,0.0030478360131382942,0.014924746006727219,0.03963537514209747,1.3348812899494078e-05,0.0,0.0,0.0,0.0,0.00905623659491539,0.011717589572072029,0.00983540341258049,0.016866009682416916,1.3348812899494078e-05,0.0,0.0,0.0,0.0,0.0,0.0,0.01826166920363903,0.04701199382543564,0.003760901279747486,0.0008292162674479187,0.0,0.0,0.0003315735375508666,0.0,0.001122022746130824,0.0218411423265934,0.003896499052643776,0.05441829934716225,0.036410968750715256,0.0,0.0,0.0,0.0,0.0,0.006167251616716385,0.00926491990685463,0.0033410515170544386,0.015955718234181404,0.0,0.0,0.0,0.0,1.3348812899494078e-05,0.0031556929461658,0.010661846026778221,0.0011963334400206804,0.0,0.0,0.0,1.3348812899494078e-05,0.0,0.003823457285761833,0.011943056248128414,0.016295673325657845,0.0066927699372172356,0.0,0.004061558283865452,0.0019681467674672604,0.0,0.0,0.0,1.3348812899494078e-05,1.3348812899494078e-05,0.0018609757535159588,0.014815716072916985,0.0,0.014839615672826767,0.021537145599722862,0.016308054327964783,0.0,0.0005670366226695478,0.011904731392860413,0.0011878488585352898,0.04881769046187401,0.0002993457019329071,0.0,0.02542068436741829,0.02874818816781044,0.032953277230262756,0.004038145765662193,0.01719890534877777,0.02105802111327648,0.0,0.0,0.0,0.004800594411790371,0.024540096521377563,0.016848739236593246,0.006208066828548908,0.0011320719495415688,0.011651904322206974,0.009420841932296753,0.002692318521440029,0.0,0.0,0.0074197594076395035,0.0,0.004946624394506216,0.012148738838732243,0.029067421332001686,0.0,0.0,0.0,0.0,0.002802771981805563,0.025899961590766907,0.000661737285554409,0.007564703933894634,0.0,0.0014476210344582796,0.0,0.0,0.0,0.001442550914362073,0.0,0.008453701622784138,0.0,0.0,0.0,0.0,0.0,0.0,0.0010185025166720152,0.0,0.0,0.0,0.0,0.0,0.0
2025-03-11,0.0,7.970899787324015e-06,0.0,0.0,0.0,0.0,0.0010404186323285103,0.0,0.0,0.0,0.0,0.0,0.009556151926517487,0.0,0.06210006773471832,7.970899787324015e-06,0.0,0.0,0.0,0.0,0.004997279495000839,0.01992809772491455,0.0011618081480264664,0.010194622911512852,7.970899787324015e-06,0.0,0.0,0.0,0.002676025964319706,0.01429574191570282,0.0,0.014934197068214417,0.029957536607980728,0.0007024328224360943,0.00037847604835405946,0.0,0.0,0.0001915271277539432,0.0,0.0020516125950962305,0.016524329781532288,0.008874619379639626,0.04987320303916931,0.04470202326774597,0.0,0.0,0.0,0.0,0.0,0.0011771689169108868,0.017347943037748337,0.0013704854063689709,0.02436888962984085,0.0,0.0,0.0,0.0,7.970899787324015e-06,0.0021758233197033405,0.011304776184260845,0.0,0.0,0.0,0.0,7.970899787324015e-06,0.0,0.002067029708996415,0.002512304112315178,0.0,0.014538871124386787,0.0,0.00024309754371643066,0.0007727928459644318,0.0,0.0006475136615335941,0.0,7.970899787324015e-06,7.970899787324015e-06,0.0,0.014973596669733524,0.0,0.02421737089753151,0.010405132547020912,0.012823904864490032,0.006035972852259874,0.0002035938377957791,0.00333998491987586,0.0011355075985193253,0.026326023042201996,0.012169385328888893,0.005936147645115852,0.05650264769792557,0.028651457279920578,0.019034894183278084,0.011147902347147465,0.03419940173625946,0.01989392377436161,0.0,0.0,0.0,0.007848037406802177,0.0295539703220129,0.016710428521037102,0.0031178859062492847,0.0036210943944752216,0.0,0.011446955613791943,0.004709984175860882,0.0,0.0,0.004366932436823845,0.00781283713877201,0.0,0.006245449185371399,0.020820342004299164,0.0,0.0,0.0,0.0,0.0006446554907597601,0.009969281032681465,0.00877452827990055,0.010852239094674587,0.0,0.0,0.0,0.0,0.0,0.0021552969701588154,0.0,0.004422761034220457,0.0,0.0,0.0,0.0,0.0,0.0,0.0024165965151041746,0.0,0.0,0.0,0.0,0.0,0.0
2025-03-12,0.0,1.8648881450644694e-05,0.0,0.0,0.0,0.0,0.004347947891801596,0.0,0.0,0.0,0.0,0.0,0.0003558546304702759,0.0,0.05458345264196396,1.8648881450644694e-05,0.0,0.0,0.0,0.0,0.013116680085659027,0.017899494618177414,0.0023526176810264587,0.011233419179916382,1.8648881450644694e-05,0.0,0.0,0.0,0.004675546661019325,0.0,0.012927927076816559,0.02668711543083191,0.011413795873522758,0.0,0.00032536708749830723,0.0,0.0,0.0,0.0,0.009432325139641762,0.028508037328720093,0.020752718672156334,0.0559983067214489,0.028588317334651947,0.0,0.0,0.0,0.0,0.0,0.001149022951722145,0.0014189956709742546,0.0015632302965968847,0.061369169503450394,0.0,0.0,0.0,0.0,1.8648881450644694e-05,0.004013548139482737,0.017972350120544434,0.0,0.004480645060539246,0.003241433994844556,0.0,1.8648881450644694e-05,0.0,0.0009659461211413145,0.0,0.0,0.01877780631184578,0.0006001489236950874,0.0,0.0010097925551235676,0.0005289952969178557,0.0018603645730763674,0.0,1.8648881450644694e-05,1.8648881450644694e-05,0.00046365056186914444,0.0043112910352647305,0.0007076397305354476,0.007947982288897038,0.005275124683976173,0.015869390219449997,0.0007666256278753281,0.0,0.0015090071829035878,0.00015305611304938793,0.028602439910173416,0.0006150770932435989,0.005476471967995167,0.037148747593164444,0.028110254555940628,0.010080086067318916,0.0037541105411946774,0.010090107098221779,0.012195698916912079,0.0026963790878653526,0.0032748442608863115,0.0,0.006329700350761414,0.024214379489421844,0.014543619006872177,0.0,0.010108042508363724,0.0,0.007526732515543699,0.0008184539619833231,0.0,0.0,0.008401661179959774,0.0,0.0,0.0032017179764807224,0.011707756668329239,0.00012996443547308445,0.0,0.0,0.0,0.0003031884552910924,0.013365136459469795,0.0027461955323815346,0.0030512912198901176,0.005746535025537014,0.0,0.0,0.0,0.0,0.0007881294004619122,0.0016598436050117016,0.001937036868184805,0.0,0.0,0.0,0.0,0.0,0.0,0.00758256483823061,0.0,0.0,0.0,0.0,0.0,0.0
2025-03-13,0.0,2.744720404734835e-05,0.0,0.0,0.004787769168615341,0.004612964577972889,0.010047296062111855,0.0,0.0,0.0,0.0,0.0,0.0018619210459291935,0.015141747891902924,0.010649643838405609,2.744720404734835e-05,0.0,0.0,0.0,0.0010035838931798935,0.000896260142326355,0.004647423513233662,0.0074986182153224945,0.02025493048131466,2.744720404734835e-05,0.0,0.0,0.0,0.004818392917513847,0.0,0.020159151405096054,0.025958120822906494,0.008036822080612183,0.0,0.00010881840717047453,0.0,0.0,0.0,0.0,0.008370627649128437,0.019090862944722176,0.0,0.035196758806705475,0.0047996435314416885,0.0,0.0,0.0,0.0,0.0,0.0022566993720829487,0.0002407170832157135,0.001351616345345974,0.021896641701459885,0.0,0.0,0.0,0.0,2.744720404734835e-05,0.007260497193783522,0.006875680759549141,2.8306851163506508e-05,0.0019106511026620865,0.0,0.0,2.744720404734835e-05,0.0,0.0008839962538331747,0.0,0.0018102023750543594,0.007472907193005085,0.006436947733163834,0.0018105641938745975,0.0017275360878556967,0.005939014256000519,0.0019704927690327168,0.004365116357803345,2.744720404734835e-05,2.744720404734835e-05,0.008562920615077019,0.0023884419351816177,0.0015290993032976985,0.00624631205573678,0.003517255187034607,0.032245390117168427,0.0006497553549706936,0.0,0.0011947005987167358,0.0,0.04668310284614563,0.0,0.0,0.03321411833167076,0.027612317353487015,0.015443840995430946,0.001702937763184309,0.0045587108470499516,0.016954191029071808,0.0,0.010548700578510761,0.0,0.0003544241189956665,0.007908375933766365,0.014622330665588379,0.008562271483242512,0.00207890709862113,0.0030793771147727966,0.015502537600696087,0.0004275287501513958,0.0,0.0,0.009056015871465206,0.006879692897200584,0.00040511786937713623,0.013386070728302002,0.0,0.0033807833679020405,0.0,0.0,0.0,0.0,0.01658499613404274,0.0029539186507463455,0.0002867410657927394,0.0011312819551676512,0.0038689947687089443,0.0,0.0,0.0,0.000582023523747921,0.010281108319759369,0.0011855734046548605,0.0,0.0,0.0,0.0,0.0,0.0,0.0014756560558453202,0.0,0.0,0.0,0.0,0.0,0.0
2025-03-14,0.0,5.2483905164990574e-05,7.490353891626e-05,0.0,0.008073512464761734,0.0,0.0061124516651034355,0.0,0.0,0.0,0.0,0.0038800910115242004,0.0,0.006849382072687149,0.009366117417812347,5.2483905164990574e-05,0.0,0.0,0.0,0.0,0.0025549493730068207,0.011755834333598614,0.00829698983579874,0.010749452747404575,5.2483905164990574e-05,0.0,0.0,0.0,0.0009031016379594803,0.0,0.010546364821493626,0.0501752607524395,0.007818151265382767,0.0,4.736392293125391e-05,0.0,0.0,0.0,0.0,0.000840726075693965,0.006014073267579079,0.007932805456221104,0.022350361570715904,0.0038742106407880783,0.0,0.0,0.0,0.0,0.0,0.002605465240776539,0.011926835402846336,0.0012798267416656017,0.010114435106515884,0.0,0.0,0.0,0.0,5.2483905164990574e-05,0.012603705748915672,0.0020382916554808617,0.0012248081620782614,0.01728353276848793,0.0,0.0,5.2483905164990574e-05,0.0,0.0011039267992600799,0.0008542332798242569,0.009822389110922813,0.006809135898947716,0.012801535427570343,0.0013881099876016378,0.0030354931950569153,0.0004566977731883526,0.0012329928576946259,0.0001648721517995,5.2483905164990574e-05,5.2483905164990574e-05,0.0014713970012962818,0.003675165120512247,0.0015028424095362425,0.004240609239786863,0.0007147588767111301,0.02960491180419922,0.005872627254575491,0.0,0.0012577237794175744,0.0,0.07733626663684845,0.0,0.0,0.07532735168933868,0.025253476575016975,0.01343175582587719,0.0007390014361590147,0.007067423313856125,0.012477278709411621,0.0,0.014333011582493782,0.0,0.0005816100165247917,0.007537323981523514,0.0101523632183671,0.01819523051381111,0.00035028671845793724,0.013067924417555332,0.007359199225902557,0.0001758192665874958,0.0,0.0,0.009758824482560158,0.016947582364082336,0.005247950553894043,0.003416172694414854,0.0,0.01616669073700905,0.0,0.0,0.0,0.0,0.012925585731863976,0.002801467664539814,0.0,0.006259767804294825,0.0,0.0,0.0,0.0,0.0007342395838350058,0.009997976943850517,0.0010201334953308105,0.0,0.0,0.0,0.0,0.0,0.0,0.0010932257864624262,0.0,0.0,0.0,0.0,0.0,0.0
2025-03-15,0.0,2.1229740013950504e-05,0.00027093885000795126,0.0,0.008277134969830513,0.0,0.00677988538518548,0.0,0.0,0.0,0.0,0.0,0.0017061661928892136,0.021522872149944305,0.025346800684928894,2.1229740013950504e-05,0.0,0.0,0.0,0.0,0.013355178758502007,0.003450772725045681,0.01595168188214302,0.011926793493330479,2.1229740013950504e-05,0.0,0.0,0.0,0.003663870505988598,0.0,0.0029423143714666367,0.04187130182981491,0.02036748267710209,0.005063355900347233,0.0,0.0,0.0,0.0009515563724562526,0.0035972283221781254,0.00042516645044088364,0.0,0.011181075125932693,0.029921995475888252,0.011194062419235706,0.0,0.0,0.0,0.0,0.0,0.009471239522099495,0.010900376364588737,0.0033062321599572897,0.030761543661355972,0.0,0.0,0.0,0.0,2.1229740013950504e-05,0.007709304802119732,0.004827237222343683,0.0004442713689059019,0.013025978580117226,0.0,0.0,2.1229740013950504e-05,0.0,8.033891208469868e-05,0.010755352675914764,0.007929564453661442,8.95969569683075e-05,0.015497162938117981,0.002187589416280389,0.008885033428668976,0.0,0.004788956139236689,0.0,2.1229740013950504e-05,2.1229740013950504e-05,0.0028438109438866377,0.005353198386728764,0.0005366636323742568,0.010373026132583618,0.0,0.025171946734189987,0.0035386262461543083,0.0,0.0012011569924652576,0.003779787104576826,0.10446546226739883,0.0027065901085734367,0.0,0.057276416569948196,0.038434553891420364,0.007819882594048977,0.0006741053075529635,0.026460841298103333,0.016876820474863052,0.0,0.00021454598754644394,0.0,0.010359803214669228,0.007532543037086725,0.005493487231433392,0.0016926666721701622,0.0,0.012994701974093914,0.0038494651671499014,0.0,0.0,0.0,0.015187033452093601,0.026055632159113884,0.0,0.001598241738975048,0.0029720719903707504,0.011782299727201462,0.0,0.0,0.0,0.0,0.03681952878832817,0.0059386505745351315,0.0,0.0004893457517027855,0.0,0.0,0.0,0.0,0.0017149532213807106,0.0009818472899496555,0.0006441716104745865,0.0,0.0,0.0,0.0,0.0,0.0,0.0014903999399393797,0.0,0.0,0.0,0.0,0.0,0.0
2025-03-16,0.0,2.6598976546665654e-05,0.00045844452688470483,0.0,0.009710580110549927,0.00028857612051069736,0.0011891520116478205,0.0,0.0,0.0,0.0,0.0,0.0,0.05409642308950424,0.036196596920490265,2.6598976546665654e-05,0.0,0.0,0.0,0.004511161707341671,0.008091019466519356,0.0032299356535077095,0.02480502612888813,0.01096519734710455,2.6598976546665654e-05,0.0,0.0,0.0,0.017414217814803123,0.0,0.004979442805051804,0.03127138689160347,0.0,0.005517439916729927,0.0003749315510503948,0.0,0.0,0.006338263861835003,0.0004676847020164132,0.0043205092661082745,0.0006192587316036224,0.006575326435267925,0.027755165472626686,0.0,0.0,0.0,0.0,0.0,0.0,0.001450936309993267,0.0019088611006736755,0.0034177701454609632,0.01339707337319851,0.0,0.0,0.0,0.0,2.6598976546665654e-05,0.0035773413255810738,0.0,0.0006581342313438654,0.010053864680230618,0.0006241778610274196,0.0,2.6598976546665654e-05,0.0,0.0,0.0012339921668171883,0.0,0.0,0.011701062321662903,0.0025219253730028868,0.008173402398824692,0.0,0.022502390667796135,0.0,2.6598976546665654e-05,2.6598976546665654e-05,0.0034093179274350405,0.012130681425333023,0.001657975371927023,0.006693996489048004,0.0,0.0529041588306427,0.006926694884896278,0.005346152000129223,9.219837374985218e-05,0.0,0.05485719069838524,0.0,0.0,0.04056734964251518,0.05374865606427193,0.017022771760821342,0.0009434656822122633,0.01460186392068863,0.028860846534371376,0.002188260667026043,0.0,0.0,0.02251240238547325,0.010109798982739449,0.013288148678839207,0.0,0.0028446351643651724,0.0102616548538208,0.0021822908893227577,0.0004966650158166885,0.0,0.0,0.03257088363170624,0.005709962919354439,0.0,0.0017495835199952126,0.017149444669485092,0.005613175220787525,0.0,0.0,0.0,0.0,0.021564174443483353,0.013274394907057285,0.0,0.0012057353742420673,0.000680265948176384,0.0,0.0,0.0,0.006519726477563381,0.0,0.00044071138836443424,0.0,0.0,0.0,0.0,0.0,0.0,0.00035122293047606945,0.0,0.0,0.0,0.0,0.0,0.0
2025-03-17,0.0,3.0292161682154983e-05,0.0005267882952466607,0.0,0.014283602125942707,0.0007398717571049929,0.0037534695584326982,0.0,0.0,0.0,0.0,0.0,0.0,0.06273350864648819,0.04287252575159073,3.0292161682154983e-05,0.0,0.0,0.0,0.0,0.00802547112107277,0.02326957695186138,0.02823207899928093,0.010855716653168201,3.0292161682154983e-05,0.0,0.0,0.0,0.0016943160444498062,0.011017846874892712,0.003060547634959221,0.03328004851937294,0.02167193405330181,0.01237082201987505,0.003880414180457592,0.0,0.0,0.0006060976884327829,0.0,0.0008699165191501379,0.0,0.013122675940394402,0.039030879735946655,0.004649626091122627,0.0,0.0,0.0,0.0,0.0,0.005906253587454557,0.00418875552713871,0.006392278708517551,0.016036605462431908,0.0,0.0,0.0,0.0,3.0292161682154983e-05,0.0013273258227854967,0.003971191123127937,0.008364859037101269,0.01890292391180992,0.00015987741062417626,0.0,3.0292161682154983e-05,0.0,0.0,0.0,0.0,0.010646075010299683,0.011583722196519375,0.0011380366049706936,0.0006205132231116295,0.0,0.005348848178982735,0.0,3.0292161682154983e-05,3.0292161682154983e-05,0.01073007844388485,0.0060360548086464405,0.008446300402283669,0.0,0.0014147101901471615,0.04928407073020935,0.0,0.0,0.0,0.0,0.04492181912064552,0.0,0.0,0.05746522545814514,0.03696480765938759,0.025686180219054222,0.0004580118111334741,0.005459577776491642,0.02778906375169754,0.0,0.0008665253408253193,0.0,0.02173413150012493,0.011231918819248676,0.012555667199194431,0.0,0.009163854643702507,0.00710712093859911,0.0008679891470819712,0.0,0.0,0.0,0.027469517663121223,0.01043279841542244,0.00717027485370636,0.0034986212849617004,0.009700343012809753,0.002992670750245452,0.0,0.0,0.0,0.0,0.016107648611068726,0.011994509026408195,0.0,0.0018734131008386612,0.007436016574501991,0.0,0.0,0.0,0.014390729367733002,0.0,0.00036410498432815075,0.0,0.0,0.0,0.0,0.0,0.0,0.0,0.0,0.0,0.0,0.0,0.0,0.0
2025-03-18,0.0,4.258380431565456e-05,0.0004115829069633037,0.0,0.006993275601416826,0.0,0.0,0.0,0.0,0.0,0.0,0.0,0.006299261935055256,0.03185192868113518,0.06145388260483742,4.258380431565456e-05,0.0,0.0,0.0,0.0,0.00756043940782547,0.0022668512538075447,0.024413181468844414,0.0028673820197582245,4.258380431565456e-05,0.0,0.0,0.0,0.004460470750927925,0.011489376425743103,0.003504812717437744,0.04832423850893974,0.012585103511810303,0.0,0.0,0.0,0.0,0.0,0.0,0.0012089060619473457,0.0,0.008683121763169765,0.056477949023246765,0.012932922691106796,0.0,0.0,0.0,0.0,0.0,0.00014145695604383945,0.008621184155344963,0.01452438160777092,0.03660904988646507,0.0,0.0,0.0,0.0,4.258380431565456e-05,0.005123813636600971,0.0008348086848855019,0.0033788650762289762,0.02137029357254505,0.0,0.0,4.258380431565456e-05,0.0,0.0,0.011864335276186466,0.0003648465499281883,0.001628020778298378,0.012941526249051094,0.0002883155830204487,0.0,0.0,0.0017686218488961458,0.0,4.258380431565456e-05,4.258380431565456e-05,0.005095733795315027,0.00445548864081502,0.0014832740416750312,0.0016706157475709915,0.0,0.029081059619784355,0.0,0.0,2.91306059807539e-05,0.001370142912492156,0.05937807634472847,0.0,0.0074738068506121635,0.03439822793006897,0.04798372834920883,0.012711980380117893,0.0,0.001117408275604248,0.010838352143764496,0.0,0.0037681302055716515,0.0,0.0031564515084028244,0.00018391292542219162,0.007074691355228424,0.0,0.02484150603413582,0.005364617332816124,0.000869077630341053,0.0,0.0,0.0,0.027421735227108,0.013744620606303215,0.0,0.009068583138287067,0.004228360950946808,0.0014410280855372548,0.0,0.0,0.0,0.0,0.03618112578988075,0.010159463621675968,0.00046049105003476143,0.0041045574471354485,0.001207555178552866,0.0,0.0,0.0,0.008912727236747742,0.0,0.005169684067368507,0.0,0.0,0.0,0.0,0.0,0.0,0.0,0.0,0.0,0.0,0.0,0.0,0.0
2025-03-19,0.0,4.387587250676006e-05,0.00012408941984176636,0.0,0.0,0.0003729364834725857,0.0,0.0,0.0,0.0,0.0,0.0,0.0044137854129076,0.05271990969777107,0.05791272222995758,4.387587250676006e-05,0.0,0.0,0.0,0.00238310219720006,0.0032416973263025284,0.0,0.02919849008321762,0.02108072303235531,4.387587250676006e-05,0.0,0.0,0.0,0.010573777370154858,0.008993731811642647,0.01863226853311062,0.03686835616827011,0.008591901510953903,0.0,0.0,0.0,0.0,0.0,0.002128089778125286,0.001563138561323285,0.017125975340604782,0.00574331171810627,0.07001011818647385,0.014453830197453499,0.0,0.0,0.0,0.0,0.0,0.0009424914605915546,0.015273012220859528,0.014896073378622532,0.02576814964413643,0.0,0.0,0.0,0.0,4.387587250676006e-05,0.001417017774656415,0.0,0.0,0.023197725415229797,0.0,0.0,4.387587250676006e-05,0.0,0.0006364351138472557,0.022649511694908142,0.0010086102411150932,0.0,0.008976700715720654,0.0026208737399429083,0.0,0.0,0.001186133362352848,4.873273428529501e-05,4.387587250676006e-05,4.387587250676006e-05,0.004278119653463364,0.0069980314001441,0.0003872331290040165,0.013221350498497486,0.0,0.036149680614471436,0.0014546732418239117,0.0,0.008392196148633957,0.008490702137351036,0.052645035088062286,0.003716057166457176,0.0,0.03464007377624512,0.055491216480731964,0.011907434090971947,0.0,0.004184830002486706,0.007236909121274948,0.008400253020226955,0.003240563441067934,0.0,0.0017910981550812721,0.003259827382862568,0.01060204952955246,0.0,0.020136961713433266,0.0038673169910907745,0.0005041374824941158,0.0052209291607141495,0.0,0.0,0.026380015537142754,0.01113063283264637,0.0,0.008500130847096443,0.012182220816612244,0.00048766116378828883,0.0,0.0,0.0,0.0,0.03102066181600094,0.005698598455637693,0.0,0.0002225344069302082,0.0025036977604031563,0.0,0.0,0.0,0.0038412529975175858,0.0014859591610729694,0.0,0.0,0.0,0.0,0.0,0.0,0.0,0.0,0.0,0.0,0.0,0.0,0.0,0.0
2025-03-20,0.0,3.7153702578507364e-05,0.0002158571151085198,0.0,0.004431309178471565,0.004467287100851536,0.0,0.0,0.0,0.0,0.0,0.0041526430286467075,0.014504479244351387,0.04446813091635704,0.05269765853881836,3.7153702578507364e-05,0.0,0.0,0.0,0.0009406120516359806,0.011579741723835468,0.0,0.022962288931012154,0.03149827569723129,3.7153702578507364e-05,0.0,0.0,0.0,0.009362788870930672,0.0,0.014375506900250912,0.04686049744486809,0.02491120435297489,0.0003010528162121773,0.008933856151998043,0.0,0.0,0.0,0.005974871106445789,0.0002110786736011505,0.026201918721199036,0.006792372092604637,0.03784680366516113,0.033066365867853165,0.0,0.0,0.0,0.0,0.0,0.007409476675093174,0.007874645292758942,0.004336806945502758,0.014274552464485168,0.0,0.0,0.0,0.0,3.7153702578507364e-05,0.002996443770825863,0.0,0.0005532782524824142,0.013137024827301502,0.0,0.0,3.7153702578507364e-05,0.0,0.005768992006778717,0.02130461484193802,0.0,0.00814118329435587,0.00787411443889141,0.0024615898728370667,0.005827580112963915,0.0,9.828177280724049e-05,0.0,3.7153702578507364e-05,3.7153702578507364e-05,0.005409017205238342,0.008600564673542976,0.0010964025277644396,0.03605801984667778,0.0010977874044328928,0.035546816885471344,0.0,0.00025390394148416817,0.0016215684590861201,0.005014584865421057,0.04746907949447632,0.0006274059414863586,0.0,0.03361870348453522,0.05346251279115677,0.029939066618680954,0.0,0.002325387205928564,0.006306895986199379,0.0,0.0015309955924749374,0.0,0.006496012210845947,0.004493402317166328,0.005888408049941063,0.00925307534635067,0.015488605946302414,0.0,0.0018252066802233458,0.0052492148242890835,0.0,0.0,0.02325677126646042,0.017123550176620483,0.0026668396312743425,0.009535875171422958,0.019599203020334244,7.249158807098866e-05,0.0,0.0,0.0,0.001959978835657239,0.029053453356027603,0.005005247425287962,0.0,0.0013999035581946373,0.013877736404538155,0.0,0.0,0.0,6.752088665962219e-05,0.0033466853201389313,0.0003801225684583187,0.0,0.0,0.0,0.0,0.0,0.0,0.0,0.0,0.0,0.0,0.0,0.0,0.0
2025-03-21,0.0,2.4516972189303488e-05,1.0313116945326328e-05,0.0,0.0,0.0,0.0,0.0,0.0,0.0,0.0,0.0,0.013338439166545868,0.03690658509731293,0.07357148826122284,2.4516972189303488e-05,0.0,0.0,0.0,0.0016601746901869774,0.013355587609112263,0.004222948104143143,0.023917902261018753,0.030355917289853096,2.4516972189303488e-05,0.0,0.0,0.0,0.0042778681963682175,0.0,0.017719019204378128,0.03440123796463013,0.036321621388196945,0.00022283289581537247,0.0,0.0,0.0,0.0,0.012015404179692268,0.002058591926470399,0.021901916712522507,0.00930535513907671,0.03008522093296051,0.0329609215259552,0.0,0.0,0.0,0.0,0.0,0.0026024081744253635,0.0016081854701042175,0.001096938969567418,0.035490937530994415,0.0,0.0,0.0,0.0,2.4516972189303488e-05,0.006935838609933853,0.0016410015523433685,0.0011245624627918005,0.033900365233421326,0.0,0.0,2.4516972189303488e-05,0.0,0.0013724311720579863,0.008066071197390556,0.0,0.0,0.001375948078930378,0.004988056607544422,6.056809797883034e-05,0.0,0.0,0.0,2.4516972189303488e-05,2.4516972189303488e-05,0.010667620226740837,0.02184572070837021,0.0011105270823463798,0.027113597840070724,0.01743924245238304,0.023241158574819565,0.003922342322766781,6.965664215385914e-05,0.0009510044474154711,0.010485797189176083,0.028911814093589783,0.009771637618541718,0.0016675482038408518,0.06357257813215256,0.03345383331179619,0.012078110128641129,0.00036596861900761724,0.004452466033399105,0.020581934601068497,0.0042293258011341095,0.0,0.0,0.00150214321911335,0.004077339544892311,0.008582448586821556,0.01055872067809105,0.011822404339909554,0.004803501069545746,0.002720287535339594,0.0004169996827840805,0.0,0.0,0.01890457049012184,0.025734074413776398,0.005322074051946402,0.0011782990768551826,0.019919728860259056,0.0,0.0,0.0,0.0,0.01024885755032301,0.025918271392583847,0.012274060398340225,0.0002679043682292104,0.009921358898282051,0.0005799122154712677,0.0,0.0,0.0,0.0,0.004193753469735384,0.0059759654104709625,0.0,0.0,0.0,0.0,0.0,0.0,0.0,0.0,0.0,0.0,0.0,0.0,0.0
2025-03-22,0.0,3.739348903764039e-05,0.0004947741399519145,0.0,0.00023959483951330185,0.0,0.0001356992870569229,0.0,0.0,0.0,0.0,0.0,0.005687817931175232,0.03020879253745079,0.036905936896800995,3.739348903764039e-05,0.0,0.0,0.0,0.0,0.014420155435800552,0.019420301541686058,0.013054299168288708,0.02067664824426174,3.739348903764039e-05,0.0,0.0,0.0,0.0,0.0010787327773869038,0.013261058367788792,0.032058730721473694,0.022461947053670883,0.00013813190162181854,0.0,0.0,0.0,0.00021629914408549666,0.005017579533159733,0.0012202663347125053,0.020112132653594017,0.005173452198505402,0.055233605206012726,0.023529957979917526,0.0,0.0,0.0,0.0,0.0,0.008334457874298096,0.007658279500901699,0.0017894899938255548,0.04883352294564247,0.0,0.0,0.0,0.0,3.739348903764039e-05,0.013973242603242397,0.006761874537914991,0.0020099878311157227,0.02312646061182022,0.0,0.0,3.739348903764039e-05,0.0,0.0,0.005898897536098957,0.0,0.009216561913490295,0.0,0.0005780262872576714,0.001414475729689002,0.0,0.0,0.0,3.739348903764039e-05,3.739348903764039e-05,0.006711991038173437,0.008645779453217983,0.0007416583248414099,0.013365181162953377,0.0013207481242716312,0.01587803289294243,0.0003195605240762234,0.00041626254096627235,0.0015470408834517002,0.004332659766077995,0.03227204829454422,0.00973421148955822,0.0065832012332975864,0.04425957798957825,0.02488219179213047,0.008133657276630402,0.005173966754227877,0.004655344877392054,0.016286786645650864,0.013454729691147804,0.002218260895460844,0.0,0.010784030891954899,0.0,0.015698133036494255,0.0010447418317198753,0.0010694698430597782,0.006208479404449463,0.0005448090378195047,0.004131445195525885,0.0,0.0,0.0157085619866848,0.02280689775943756,0.012439930811524391,0.0016429903917014599,0.04070639610290527,0.0,0.0,0.0,0.0,0.0010450569679960608,0.0027750488370656967,0.00806086603552103,0.0011313615832477808,0.0006496580317616463,0.0,0.0,0.0,0.0,0.0005170535296201706,0.0,0.0014387584524229169,0.0,0.0,0.0,0.0,0.0,0.0,0.0022143288515508175,0.0,0.0,0.0,0.0,0.0,0.0
2025-03-23,0.0,2.5265864678658545e-05,0.0006226266850717366,0.0,0.011165428906679153,0.0,0.0,0.0,0.0,0.0,0.0,0.0,0.008890308439731598,0.04116187244653702,0.02714844048023224,2.5265864678658545e-05,0.0,0.0,0.0,0.0,0.01841069757938385,0.011972703039646149,0.015443462878465652,0.017322832718491554,2.5265864678658545e-05,0.0,0.0,0.0,0.0004348866641521454,0.0,0.009478114545345306,0.040106553584337234,0.05484744906425476,0.0006291093304753304,0.0,0.0,0.0,0.0,0.001063278061337769,0.0012760148383677006,0.016856830567121506,0.011111626401543617,0.05259779095649719,0.031222308054566383,0.0,0.0,0.0,0.0,0.0,0.00013896310701966286,0.0,0.006088960915803909,0.042737338691949844,0.0,0.0,0.0,0.0,2.5265864678658545e-05,0.008485253900289536,0.017054343596100807,0.0016692327335476875,0.02372216433286667,0.0,0.0,2.5265864678658545e-05,0.0,0.0,0.008452966809272766,0.0,0.018460728228092194,0.006852279417216778,0.0014146855100989342,0.0006417608819901943,0.0,0.0,0.00011019664816558361,2.5265864678658545e-05,2.5265864678658545e-05,0.0,0.00033248215913772583,9.011337533593178e-05,0.005330333020538092,0.0061426907777786255,0.024618415161967278,0.004196622408926487,5.573011003434658e-05,0.0009107890073210001,0.006008122116327286,0.040522657334804535,0.0043712761253118515,0.013307873159646988,0.05698931962251663,0.041609473526477814,0.024707263335585594,0.0006419517449103296,0.007557325065135956,0.024883635342121124,0.000986841507256031,0.0017033242620527744,0.0,0.0,0.009419674053788185,0.0005044713616371155,0.0007199980318546295,0.0,0.024523910135030746,0.0001620983239263296,0.013370480388402939,0.0,0.0,0.02002352848649025,0.02142227068543434,0.008804874494671822,0.0025406163185834885,0.02581533044576645,0.0,0.0,0.0,0.0,0.0,0.0,0.012928592972457409,0.0011684608180075884,0.0004731239750981331,0.0,0.0,0.0,0.0,0.0012549145612865686,0.002490529790520668,0.005841315723955631,0.0,0.0,0.0,0.0,0.0,0.0,0.00327969784848392,0.0,0.0,0.0,0.0,0.0,0.0
2025-03-24,0.0,3.178441329509951e-05,0.000663398823235184,0.0,0.021967489272356033,0.0016818095464259386,0.0,0.0,0.0,0.0,0.0,0.00011579471174627542,0.008055729791522026,0.047255516052246094,0.03634781390428543,3.178441329509951e-05,0.0,0.0,0.0,0.0,0.021930254995822906,0.0,0.015441324561834335,0.007145848125219345,3.178441329509951e-05,0.0,0.0,0.0,0.0,0.0,0.02600817196071148,0.019992444664239883,0.023872755467891693,0.017993517220020294,0.0002675513969734311,0.0,0.0,0.0,0.0,0.002735748188570142,0.0,0.023491978645324707,0.046740271151065826,0.015742242336273193,0.0,0.0,0.0,0.0,0.0,0.0006007750052958727,0.003955706488341093,6.063818000257015e-05,0.05300963670015335,0.0,0.0,0.0,0.0,3.178441329509951e-05,0.005554165691137314,0.019911913201212883,0.0016360828885808587,0.01011122390627861,0.0,0.0,3.178441329509951e-05,0.0,0.0,0.0070352996699512005,0.0010842150077223778,0.025258375331759453,0.005136880557984114,0.0012565506622195244,0.00039929524064064026,0.0,0.003235900541767478,0.0,3.178441329509951e-05,3.178441329509951e-05,0.009066944941878319,0.008506675250828266,0.0,0.002066626213490963,0.0,0.03214046359062195,0.010039642453193665,0.0,0.00046685850247740746,0.0017604173626750708,0.028790852054953575,0.016968801617622375,0.03067360632121563,0.023796066641807556,0.018988503143191338,0.0259715523570776,0.0001540535595268011,0.003311202395707369,0.03971347212791443,0.0,0.0012263129465281963,0.0,0.0,0.017095381394028664,0.0,0.006589753553271294,0.006486972328275442,0.015715625137090683,0.0004699346609413624,0.008879156783223152,0.0,0.0,0.003359573893249035,0.007392700761556625,0.0,0.0036155516281723976,0.010950054042041302,0.00014042051043361425,0.0,0.0,0.0,0.0,0.01581837236881256,0.021077334880828857,0.0010379530722275376,0.0018790068570524454,0.0,0.0,0.0,0.0,0.0014182080049067736,0.0,0.0009211716242134571,0.0,0.0,0.0,0.0,0.0,0.0,0.0042798081412911415,0.0,0.0,0.0,0.0,0.0,0.0
2025-03-25,0.0,3.601167190936394e-05,0.0004853977297898382,0.0,0.006236939691007137,0.0022949818521738052,0.0,0.0,0.0,0.0,0.0,0.0004647897440008819,0.014315408654510975,0.020192518830299377,0.042258962988853455,3.601167190936394e-05,0.0,0.0,0.0,0.000535955186933279,0.02694045752286911,0.0025292839854955673,0.02558054029941559,0.0034866295754909515,3.601167190936394e-05,0.0,0.0,0.0,0.0,0.0011792448349297047,0.01858655735850334,0.016289543360471725,0.02115269936621189,0.005741412751376629,0.00027044734451919794,0.0,0.0,0.0,0.0,0.0018917927518486977,0.00019290298223495483,0.006546659395098686,0.03487291559576988,0.018698418512940407,0.0,0.0,0.0,0.0,0.0,0.0025008239317685366,0.0,0.0,0.027751343324780464,0.0,0.0,0.0,0.0,3.601167190936394e-05,0.004425314255058765,0.006055007688701153,0.0017092012567445636,0.004373004660010338,0.0,0.0,3.601167190936394e-05,0.0,0.0,0.0012554042041301727,6.671622395515442e-05,0.00844302773475647,0.015774082392454147,0.0010154647752642632,0.002592342207208276,0.00014556810492649674,0.004574844613671303,0.000779034337028861,3.601167190936394e-05,3.601167190936394e-05,0.012085335329174995,0.0,0.0,0.0009398558177053928,0.0,0.026215126737952232,0.0032698397990316153,0.0,0.0026677087880671024,0.01076227892190218,0.06018080189824104,0.0044991918839514256,0.013459410518407822,0.04603836312890053,0.025517025962471962,0.005849361419677734,0.0006291787722148001,0.0028291288763284683,0.042669400572776794,0.0,0.0018597063608467579,0.0,0.0034967297688126564,0.02426152676343918,0.0018735900521278381,0.0,0.0014700479805469513,0.02074812352657318,0.0006352430209517479,0.009938890114426613,0.0,0.0,0.005225552711635828,0.012934895232319832,0.002586906775832176,0.0010972796007990837,0.004125792533159256,7.391651161015034e-05,0.0,0.0,0.0,0.00016280217096209526,0.010253416374325752,0.01940969005227089,0.0012771061155945063,0.002493690000846982,0.0,0.0,0.0,0.0,0.0,0.001105492003262043,0.004347246140241623,0.0,0.0,0.0,0.0,0.0,0.0,0.011452930048108101,0.0,0.0,0.0,0.0,0.0,0.0
2025-03-26,0.0,3.8530855817953125e-05,0.0002168135833926499,0.0,0.0,0.0019560272339731455,0.0018187104724347591,0.0,0.0,0.0,0.0,0.000537266896571964,0.0064934007823467255,0.019552402198314667,0.0676545798778534,3.8530855817953125e-05,0.0,0.0,0.0,0.0015053772367537022,0.03134728595614433,0.0,0.027824511751532555,0.014274511486291885,3.8530855817953125e-05,0.0,0.0,0.0,0.0,0.009741954505443573,0.031025664880871773,0.023202642798423767,0.008625635877251625,0.0025645652785897255,0.0010716464603319764,0.0,0.0,0.0002370983420405537,0.0,0.0010068463161587715,0.0006692111492156982,0.010160474106669426,0.033662762492895126,0.022761473432183266,0.0,0.0,0.0,0.0,0.0,0.003736932994797826,0.0001657586544752121,0.0007587976288050413,0.015165809541940689,0.0,0.0,0.0,0.0,3.8530855817953125e-05,0.0028431680984795094,0.0059651401825249195,0.0018283703830093145,0.012903574854135513,0.00024092546664178371,0.0,3.8530855817953125e-05,0.0,0.0005192998796701431,0.0008664093911647797,0.0026423418894410133,0.015724413096904755,0.013215436600148678,0.0,0.0032111029140651226,0.00020496445358730853,0.010616051033139229,0.000957064563408494,3.8530855817953125e-05,3.8530855817953125e-05,0.0023980052210390568,0.002140909433364868,0.00014820165233686566,0.0,0.0,0.011240269988775253,0.0028810412622988224,0.0,0.011647109873592854,0.0,0.07290340214967728,0.009135107509791851,0.005790784489363432,0.03332512080669403,0.037780605256557465,0.008449464105069637,0.0011080906260758638,0.0019470308907330036,0.03136628121137619,0.00415695970878005,0.008685854263603687,0.0,0.0,0.01166921854019165,0.004086952656507492,0.0002903728745877743,0.0,0.025816315785050392,0.002337745623663068,0.014383850619196892,0.0,0.0,0.016767416149377823,0.009026182815432549,0.0,0.0,0.0,0.000428528874181211,0.0,0.0,0.0,0.000539531814865768,0.002422487363219261,0.005685000214725733,0.0008807452395558357,0.0021335065830498934,0.0,0.0,0.0,0.0,0.00043516699224710464,0.012585476040840149,0.0004700424615293741,0.0,0.0,0.0,0.0,0.0,0.0,0.01909649930894375,0.0,0.0,0.0,0.0,0.0,0.0
2025-03-27,0.0,4.86904573335778e-05,0.000373190880054608,0.0,0.0022020027972757816,0.0025620106607675552,0.0,0.0,0.0,0.0,0.0,0.0003373560030013323,0.0004110848531126976,0.05353397876024246,0.05863218009471893,4.86904573335778e-05,0.0,0.0,0.0,0.001592353917658329,0.012235122732818127,0.0,0.028357334434986115,0.018394434824585915,4.86904573335778e-05,0.0,0.0,0.0,0.005389131605625153,0.006497583352029324,0.005992036312818527,0.017440689727663994,0.019244659692049026,0.0072910599410533905,0.00040036742575466633,0.0,0.0,0.0003514277341309935,0.0,0.0011408578138798475,0.0032354258000850677,0.009108579717576504,0.02801121026277542,0.007247123867273331,0.0,0.0,0.0,0.0,0.0,0.002877581864595413,0.009447768330574036,0.01219973899424076,0.028694503009319305,0.0,0.0,0.0,0.0,4.86904573335778e-05,0.00469956872984767,0.009526867419481277,0.002435255330055952,0.01975218579173088,0.00044278305722400546,0.0,4.86904573335778e-05,0.0,0.0020032578613609076,0.0028546014800667763,0.01741136983036995,0.007450280711054802,0.003767445683479309,0.0008246833458542824,0.0051816306076943874,2.8732814826071262e-05,0.005476803053170443,0.0007918585906736553,4.86904573335778e-05,4.86904573335778e-05,0.0028571703005582094,0.022257773205637932,0.00013887614477425814,0.0,0.0,0.020083792507648468,0.011909298598766327,0.0,0.002505600219592452,0.0,0.07829339802265167,0.0033464408479630947,0.001116960309445858,0.02985716238617897,0.035781700164079666,0.01750124990940094,0.002303178422152996,0.0006809448823332787,0.02842237614095211,0.014612358994781971,0.0,0.0,0.0,0.005766323767602444,0.01354474201798439,0.00176582345739007,0.0,0.012303781695663929,0.0005650257226079702,0.00585267785936594,0.0,0.0,0.012384720146656036,0.003336247056722641,0.00013581523671746254,0.0,0.0,0.00047722418094053864,0.0,0.0,0.0,0.0006537191802635789,0.009732218459248543,0.004840290639549494,0.0012411382049322128,0.001843268284574151,0.0,0.0,0.0,0.0,0.009764406830072403,0.0,0.0007865841034799814,0.0,0.0,0.0,0.0,0.0,0.0,0.0,0.0,0.0,0.0,0.0,0.0,0.0
2025-03-28,0.0,6.881594890728593e-05,0.00038149458123371005,0.0,0.01808594912290573,0.0044432091526687145,0.0,0.0,0.0,0.0,0.0,0.0,0.0,0.05005357414484024,0.06479841470718384,6.881594890728593e-05,0.0,0.0,0.0,0.00018722936511039734,0.01646571047604084,0.004455209709703922,0.02803013101220131,0.018967146053910255,6.881594890728593e-05,0.0,0.0,0.0,0.0027958285063505173,0.006784242577850819,0.0147244893014431,0.04214632511138916,0.045997440814971924,0.0205039344727993,0.0006329900352284312,0.0,0.0,0.0005111760110594332,0.0,0.004688660614192486,0.02072659507393837,0.010961219668388367,0.0370512455701828,0.006979426369071007,0.0,0.0,0.0,0.0,0.0,0.003471174044534564,0.005107598844915628,0.002656425815075636,0.036520570516586304,0.0,0.0,0.0,0.0,6.881594890728593e-05,0.012035692110657692,0.02656349167227745,0.0025523900985717773,0.029532650485634804,0.0004710839129984379,0.0,6.881594890728593e-05,0.0,0.0045449030585587025,0.005889939144253731,0.008085609413683414,0.007380248047411442,0.0009338734671473503,0.01649794541299343,0.009840471670031548,0.0,0.005828475579619408,0.0009086676291190088,6.881594890728593e-05,6.881594890728593e-05,0.003370479913428426,0.02373814955353737,0.00010150659363716841,0.0,0.005593918729573488,0.03026936575770378,0.004263784736394882,3.545801155269146e-05,0.0,0.0,0.053773295134305954,0.00790491234511137,0.0,0.063988596200943,0.05276121199131012,0.020918987691402435,0.0021673254668712616,0.0021490557119250298,0.02508888766169548,0.006723291240632534,0.0006845705211162567,0.0,0.0038680676370859146,0.004196830093860626,0.013208216056227684,0.0,0.005119850393384695,0.011256223544478416,0.0029489449225366116,0.0,0.0,0.0,0.01737985946238041,0.0016508307307958603,0.0016015633009374142,0.0007444988004863262,0.0,0.0005814898759126663,0.0,0.0,0.0,0.0007668632897548378,0.018109023571014404,0.0,0.0009291489841416478,0.0008057155646383762,0.0,0.0,0.0,0.0,0.015133943408727646,0.0,0.00021163024939596653,0.0,0.0,0.0,0.0,0.0,0.0,0.0,0.0,0.0,0.0,0.0,0.0,0.0
2025-03-29,0.0,6.610660057049245e-05,0.00042363815009593964,0.0,0.004047619178891182,0.016333473846316338,0.00014220713637769222,0.0,0.0,0.0,0.0,0.0007692516082897782,0.0,0.0460854098200798,0.060461945831775665,6.610660057049245e-05,0.0,0.0,0.0,0.0,0.015569392591714859,0.010875004343688488,0.010107871145009995,0.016250014305114746,6.610660057049245e-05,0.0,0.0,0.0,0.0029820790514349937,0.008895392529666424,0.02338116057217121,0.026294322684407234,0.04465183988213539,0.00732160359621048,0.001304136705584824,0.0,0.0,0.00033381482353433967,0.0,0.0018009988125413656,0.022064201533794403,0.01126953400671482,0.07304012775421143,0.0038242489099502563,0.0,0.0,0.0,0.0,0.0,0.0027638720348477364,0.002153119072318077,0.0007362351752817631,0.04804305359721184,0.0,0.0,0.0,0.0,6.610660057049245e-05,0.00877236295491457,0.005867417436093092,0.00243545975536108,0.02215045876801014,0.0005385264521464705,0.0,6.610660057049245e-05,0.0,0.013467477634549141,0.008462036028504372,0.0037775039672851562,0.0028169192373752594,0.008950053714215755,0.008435457944869995,0.0011031944304704666,0.0,0.008087237365543842,0.0012633971637114882,6.610660057049245e-05,6.610660057049245e-05,0.0021815248765051365,0.009075234644114971,0.0,0.0006995578296482563,0.0,0.02702343463897705,0.0125727578997612,0.0001715172256808728,0.00029742950573563576,0.0,0.052788302302360535,0.00045656226575374603,0.00374269625172019,0.05119003355503082,0.06525741517543793,0.03549181669950485,0.0017955787479877472,0.004942570347338915,0.02498326264321804,0.0019696098752319813,0.0008179615251719952,0.0,0.009233454242348671,0.007670165039598942,0.026337210088968277,0.0,0.0012126313522458076,0.0035220906138420105,0.0,0.0,0.0,0.0,0.020637664943933487,0.029285142198204994,5.699368193745613e-05,0.0,0.00021528825163841248,0.00020790635608136654,0.0,0.0,0.0,0.0,0.047792546451091766,0.0,0.0004203416174277663,0.0015792353078722954,0.0,0.0,0.0,0.0,0.0,0.0,0.0,0.0,0.0,0.0,0.0,0.0,0.0,0.00015900097787380219,0.0,0.0,0.0,0.0,0.0,0.0
2025-03-30,0.0,6.875115650473163e-05,0.0037306577432900667,0.0,0.0017290059477090836,0.005396983586251736,0.0,0.0,0.0,0.0,0.0,0.0012300844537094235,0.012754721567034721,0.032299794256687164,0.06220979616045952,6.875115650473163e-05,0.0,0.0,0.0,0.0,0.0015053069218993187,0.0,0.01834019087255001,0.025630909949541092,6.875115650473163e-05,0.0,0.0,0.0,0.0,0.0030728247947990894,0.024770749732851982,0.02864532545208931,0.03426140174269676,0.006301413290202618,0.0010786158964037895,0.0,0.0,0.00020179981947876513,0.0,0.005522946827113628,0.007246240973472595,0.0,0.061553213745355606,0.03267340734601021,0.0,0.0,0.0,0.0,0.0,0.001404404640197754,0.006604847032576799,0.002310170792043209,0.0500449538230896,0.0,0.0,0.0,0.0,6.875115650473163e-05,0.01796821504831314,0.002456759102642536,0.006861931644380093,0.02495451085269451,0.0005612554959952831,0.0,6.875115650473163e-05,0.0,0.0038307076320052147,0.002320517785847187,0.0,0.00904727540910244,0.007507605478167534,0.01892176643013954,0.0,0.0,0.013661468401551247,0.00038278166903182864,6.875115650473163e-05,6.875115650473163e-05,0.0030782849062234163,0.0026200017891824245,0.00025115645257756114,0.0,0.0,0.04283355176448822,0.018338626250624657,0.0003630330611485988,0.0023432045709341764,0.0004245876334607601,0.05387832596898079,0.0,0.00383021030575037,0.029063204303383827,0.046394698321819305,0.018007390201091766,0.001171543262898922,0.003933370113372803,0.004548203200101852,0.0,0.0038491806481033564,0.0,0.010516866110265255,2.9589049518108368e-05,0.0506695881485939,0.0,0.008029901422560215,0.017859656363725662,0.00079296063631773,0.0013983251992613077,0.0,0.0,0.012278666719794273,0.01885305903851986,0.0,0.0,0.019730864092707634,0.0,0.0,0.0,0.0,0.0,0.011643877252936363,0.0018382705748081207,2.4770153686404228e-05,0.011683923192322254,0.004794797394424677,0.0,0.0,0.0,0.00327370036393404,0.011837880127131939,0.0,0.0,0.0,0.0,0.0,0.0,0.0,0.0007344274781644344,0.0,0.0,0.0,0.0,0.0,0.0
2025-03-31,0.0,3.8757341826567426e-05,0.0,0.0,0.00059459637850523,0.0035303188487887383,0.004638846032321453,0.0,0.0,0.0,0.0,0.0010251011699438095,0.0,0.04195477068424225,0.06735701858997345,3.8757341826567426e-05,0.0,0.0,0.0,0.0053777508437633514,0.0006567118689417839,0.011741641908884048,0.017650077119469643,0.01135667972266674,3.8757341826567426e-05,0.0,0.0,0.0,0.008119734935462475,0.004622629843652248,0.024159442633390427,0.0308477021753788,0.04920396953821182,0.0017705513164401054,0.0006991652771830559,0.0,0.0,0.0,0.0,0.0,0.027182914316654205,0.007306748069822788,0.04416052997112274,0.02360556460916996,0.0,0.0,0.0,0.0,0.0,0.00038190302439033985,0.00771754328161478,0.008146189153194427,0.03611946478486061,0.0,0.0,0.0,0.0,3.8757341826567426e-05,0.006451474502682686,0.002649161033332348,0.0058527374640107155,0.016856610774993896,0.00040290883043780923,0.0,3.8757341826567426e-05,0.0,0.0008228928782045841,0.002608776092529297,0.0,0.002873440273106098,0.010017331689596176,0.00788349099457264,0.0,0.0,0.004786008503288031,0.0019621700048446655,3.8757341826567426e-05,3.8757341826567426e-05,0.007541196420788765,0.0005078501999378204,4.931620787829161e-05,0.00258814450353384,0.0,0.03218071162700653,0.009360658004879951,0.0,0.005422783549875021,0.0009504850022494793,0.06587871164083481,0.0,0.011736268177628517,0.06026046723127365,0.0312885046005249,0.026600204408168793,0.0013001797487959266,0.01294600497931242,0.0014829933643341064,0.0023992201313376427,0.00938648171722889,0.0,0.024945750832557678,0.002651187591254711,0.026010680943727493,0.0,0.0003465162590146065,0.00856238417327404,0.0011923899874091148,0.0,0.0,0.0,0.008695182390511036,0.01658380962908268,0.0,0.0008008121512830257,0.02532183565199375,0.0006794857326894999,0.0,0.0,0.0,0.0,0.00280805304646492,0.00998109020292759,0.0,0.0,0.005793325137346983,0.0,0.0,0.0,0.006828596815466881,0.00368264177814126,0.0,0.0,0.0,0.0,0.0,0.0,0.0,0.0004480057395994663,0.0,0.0,0.0,0.0,0.0,0.0
2025-04-01,0.0,5.704414070351049e-05,0.0,0.0,0.00022289901971817017,0.0065749092027544975,0.0004891462158411741,0.0,0.0,0.0,0.0,0.0011971485801041126,0.0,0.03718450665473938,0.06980802118778229,5.704414070351049e-05,0.0,0.0,0.0,0.004678144119679928,0.0067968787625432014,0.009355371817946434,0.0209758672863245,0.01957223191857338,5.704414070351049e-05,0.0,0.0,0.0,0.005954710766673088,0.0,0.027697622776031494,0.036327607929706573,0.040637560188770294,0.01371491514146328,0.0008544218726456165,0.0,0.0,0.0,0.0008399960352107882,0.0005738730542361736,0.04240649566054344,0.016281820833683014,0.026296477764844894,0.011607588268816471,0.0,0.0,0.0,0.0,0.0,0.0009043626487255096,0.005510806571692228,0.006870673969388008,0.07293042540550232,0.0,0.0,0.0,0.0,5.704414070351049e-05,0.004159966018050909,0.010503971017897129,0.010827263817191124,0.020482072606682777,0.0004914086312055588,0.0,5.704414070351049e-05,0.0,0.0029768203385174274,0.018004553392529488,0.02040780708193779,0.009124504402279854,0.010610653087496758,0.004756069742143154,0.015275660902261734,0.0,0.0,0.008116654120385647,5.704414070351049e-05,5.704414070351049e-05,0.017435096204280853,0.0,0.0004045629466418177,0.01735531911253929,0.0,0.02729218825697899,0.01202220469713211,0.00018633092986419797,0.009533855132758617,0.001245216466486454,0.05717054009437561,0.012156871147453785,0.004424230195581913,0.04836510121822357,0.04443914443254471,0.007237616926431656,0.001163035398349166,0.0,0.014004194177687168,0.0,0.015336526557803154,0.0,0.022405479103326797,0.0,0.013303006067872047,6.062909960746765e-05,0.0,0.00027240440249443054,0.002989057917147875,0.0014305573422461748,0.0,0.0,0.0053373342379927635,0.02528979443013668,0.005252736620604992,0.026004519313573837,0.0206157173961401,0.001570770749822259,0.0,0.0,0.0,0.000631343515124172,9.616091847419739e-05,0.009961944073438644,0.0003434178652241826,0.0019039383623749018,0.0,0.0,0.0,0.0,0.006688682362437248,0.0,0.0010514480527490377,0.0,0.0,0.0,0.0,0.0,0.0,0.005275862291455269,0.0,0.0,0.0,0.0,0.0,0.0
2025-04-02,0.0,7.08098741597496e-05,0.0,0.0,0.002905012108385563,0.0024375771172344685,0.004722889047116041,0.0,0.0,0.0,0.0,0.001480177277699113,0.0,0.057384245097637177,0.06961150467395782,7.08098741597496e-05,0.0,0.0,0.0,0.0,0.02213633432984352,0.0,0.0065981801599264145,0.010105951689183712,7.08098741597496e-05,0.0,0.0,0.0,0.012445871718227863,0.0,0.01749771274626255,0.02506761997938156,0.03368658572435379,0.0021886974573135376,0.0015565977664664388,0.0,0.0,0.0,0.0,0.0010113127063959837,0.027006961405277252,0.005801443010568619,0.03587217628955841,0.01311519555747509,0.0,0.0,0.0,0.0,0.0,0.002278196159750223,0.0033475225791335106,0.015079476870596409,0.07508514821529388,0.0,0.0,0.0,0.0,7.08098741597496e-05,0.009629620239138603,0.006429273635149002,0.020361248403787613,0.011689548380672932,0.0,0.0,7.08098741597496e-05,0.0,0.012746462598443031,0.005360971670597792,0.021999672055244446,0.004677043296396732,0.017936265096068382,0.008272250182926655,0.004718422424048185,0.0,0.008679863065481186,0.002263483125716448,7.08098741597496e-05,7.08098741597496e-05,0.017547734081745148,0.0037889136001467705,0.0003711354802362621,0.028060641139745712,0.003576036775484681,0.03688908740878105,0.011072203516960144,3.14260832965374e-05,0.01739058457314968,0.001431837910786271,0.05236304551362991,0.010045647621154785,0.00539093604311347,0.0460432767868042,0.05485985428094864,0.028428439050912857,0.0008524337317794561,0.0005287965759634972,0.0004170704632997513,0.0,0.009032069705426693,0.0,0.01406825054436922,0.008428807370364666,0.02267797477543354,0.0,0.0,0.0,0.01023417804390192,0.001598990522325039,0.0,0.0,0.008577883243560791,0.011104350909590721,0.0,0.01503719761967659,0.0014656130224466324,0.002732092048972845,0.0,0.0,0.0,0.00727880047634244,0.001545645296573639,0.0026084017008543015,0.006497838068753481,0.005292001646012068,0.004293518140912056,0.0,0.0,0.0,0.0,0.01206713542342186,0.005644777789711952,0.0,0.0,0.0,0.0,0.0,0.0,0.0,0.0,0.0,0.0,0.0,0.0,0.0
2025-04-03,0.0,6.637125625275075e-05,0.0007880518096499145,0.0,0.0035247630439698696,0.0012958163861185312,0.0,0.0,0.0,0.0,0.0,0.0011386553524062037,0.0039932806976139545,0.04986441135406494,0.08000831305980682,6.637125625275075e-05,0.0,0.0,0.0,0.0,0.021948155015707016,0.01084066927433014,0.0064810896292328835,0.03969498723745346,6.637125625275075e-05,0.0,0.0,0.0,0.006650615017861128,0.0,0.0023446958512067795,0.016689619049429893,0.04321375861763954,0.005179517902433872,0.0011063795536756516,0.0,0.0,0.0,0.0,0.001696472754701972,0.0282534621655941,0.007362131029367447,0.05426766723394394,0.024938032031059265,0.0,0.0,0.0,0.0,0.0,0.008312503807246685,0.015913527458906174,0.004007669631391764,0.03273390233516693,0.0,0.0,0.0,0.0,6.637125625275075e-05,0.0026151835918426514,0.005891216918826103,0.018334906548261642,0.0029993411153554916,0.0,0.0,6.637125625275075e-05,0.0,0.001857660710811615,0.009716478176414967,0.022666823118925095,0.007274985313415527,0.011359844356775284,0.006294427439570427,0.0,0.0013441802002489567,0.0,0.0,6.637125625275075e-05,6.637125625275075e-05,0.009656019508838654,0.0053064883686602116,0.00028796790866181254,0.026003282517194748,0.010386997833848,0.019159819930791855,0.005193385761231184,0.0003003066231030971,0.016819458454847336,0.001344182062894106,0.06155962496995926,0.007380618713796139,0.010159604251384735,0.03830321878194809,0.03148511052131653,0.03628052771091461,0.0019278244581073523,0.014175903052091599,0.008505186066031456,0.0,0.003605129662901163,0.0,0.003808659501373768,0.012317987158894539,0.02582636848092079,0.009812401607632637,0.0009289686568081379,0.003591638058423996,0.00140967289917171,0.0015623695217072964,0.0,0.0,0.002736126072704792,0.0025966688990592957,0.00320997997187078,0.007765274960547686,0.022403057664632797,0.002848063362762332,0.0,0.0,0.0,0.0004101997474208474,0.0228708628565073,0.002107013948261738,0.0028138053603470325,0.008687562309205532,0.0,0.0,0.0,0.0,0.00030047912150621414,0.0018948749639093876,0.0020649866200983524,0.0,0.0,0.0,0.0,0.0,0.0,0.0,0.0,0.0,0.0,0.0,0.0,0.0
2025-04-04,0.0,6.461547309299931e-05,0.00154247903265059,0.0,0.004061311017721891,0.0012569109676405787,0.0,0.0,0.0,0.0,0.0,0.000984727987088263,0.01570744439959526,0.02816934511065483,0.10764677077531815,6.461547309299931e-05,0.0,0.0,0.0,0.0,0.024803701788187027,0.01812474988400936,0.005136111751198769,0.03613059222698212,6.461547309299931e-05,0.0,0.0,0.0,0.009645639918744564,0.014146200381219387,0.005538363009691238,0.022845640778541565,0.03678135573863983,0.0020420746877789497,0.0010175048373639584,0.0,0.0,0.0,6.543472409248352e-06,0.005394576117396355,0.02052268572151661,0.023708822205662727,0.044577550143003464,0.037386275827884674,0.0,0.0,0.0,0.0,0.0,0.0036698703188449144,0.02161620557308197,0.0009109601378440857,0.0384024977684021,0.0,0.0,0.0,0.0,6.461547309299931e-05,0.0015537680592387915,0.010752687230706215,0.01093265600502491,0.015760237351059914,0.0,0.0,6.461547309299931e-05,0.0,0.0,0.005948317237198353,0.004069105722010136,0.015336629003286362,0.009569171816110611,0.0012700222432613373,0.0,0.0038497583009302616,0.0009938497096300125,0.0,6.461547309299931e-05,6.461547309299931e-05,0.004461470525711775,0.006374720949679613,0.0006091740797273815,0.03147580102086067,9.231828153133392e-05,0.01403798907995224,0.012666566297411919,0.0003676615306176245,0.0061636557802557945,0.0014528697356581688,0.0371563546359539,0.020030703395605087,0.020658832043409348,0.061690911650657654,0.035050489008426666,0.025451451539993286,0.008803509175777435,0.03197264298796654,0.011532706208527088,0.0,0.0005643898621201515,0.0,0.012399593368172646,0.023228466510772705,0.028317295014858246,0.007163741625845432,0.004371301736682653,0.0,0.0018639026675373316,0.0036897282116115093,0.0,0.0,0.006339057348668575,0.01770942285656929,0.002699808217585087,0.003523661755025387,0.017119692638516426,0.001548674888908863,0.0,0.0,0.0,0.0,0.006833149120211601,0.011912970803678036,0.006653449963778257,0.010805023834109306,0.0,0.0,0.0,0.0,0.002886264119297266,0.0016464097425341606,0.0003191158175468445,0.0,0.0,0.0,0.0,0.0,0.0,0.0008082680869847536,0.0,0.0,0.0,0.0,0.0,0.0
2025-04-05,0.0,7.121392263798043e-05,0.0016558305360376835,0.0,0.005673970095813274,0.0017429625149816275,0.0,0.0,0.0,0.0,0.0,0.0012297837529331446,0.008051716722548008,0.02311551570892334,0.10037194192409515,7.121392263798043e-05,0.0,0.0,0.0,0.0004558607470244169,0.035575225949287415,0.01069670356810093,0.01316133514046669,0.040287792682647705,7.121392263798043e-05,0.0,0.0,0.0,0.00897376798093319,0.00018413737416267395,0.020984984934329987,0.046561285853385925,0.027321655303239822,0.0,0.0009156757150776684,0.0,0.0,0.0,0.0016603677067905664,0.015823476016521454,0.029574502259492874,0.043812088668346405,0.04811593517661095,0.02804635278880596,0.0,0.0,0.0,0.0,0.0,0.0022805952467024326,0.0,0.002216670662164688,0.08494248241186142,0.0,0.0,0.0,0.0,7.121392263798043e-05,0.0021636902820318937,0.022190844640135765,0.0076616909354925156,0.026231221854686737,0.0065135895274579525,0.0,7.121392263798043e-05,0.0,0.0,0.005552264396101236,0.0045497240498661995,0.02042263373732567,0.008988605812191963,0.000674066599458456,0.0014505165163427591,0.007533428259193897,0.0025326143950223923,0.0010290680220350623,7.121392263798043e-05,7.121392263798043e-05,0.0018938430584967136,0.0,0.0010061038192361593,0.007013400550931692,0.0,0.014535300433635712,0.006015018559992313,0.0002219389716628939,0.003026274498552084,0.0012518437579274178,0.03620387613773346,0.006915492936968803,0.02219798043370247,0.03358711302280426,0.034177958965301514,0.017045706510543823,0.0018551053944975138,0.0023014885373413563,0.009023666381835938,0.007725042290985584,0.00868909154087305,0.0,0.013843697495758533,0.029223967343568802,0.025092914700508118,0.0005981610156595707,0.012014910578727722,0.0006664125248789787,0.0,0.000841556116938591,0.0,0.0,0.019436616450548172,0.0,0.003408260876312852,0.002429208718240261,0.013129543513059616,0.0,0.0,0.0,0.0,0.0,0.010698962956666946,0.004145630169659853,0.00020820391364395618,0.01905953884124756,0.0,0.0,0.0,0.0,0.0040412237867712975,0.0031418902799487114,6.868783384561539e-05,0.0,0.0,0.0,0.0,0.0,0.0,0.006929499097168446,0.0,0.0,0.0,0.0,0.0,0.0
2025-04-06,0.0,6.378051330102608e-05,0.0012044836767017841,0.0,0.017323240637779236,0.008460317738354206,0.0026996692176908255,0.0,0.0,0.0,0.0,0.0012648770352825522,0.013227875344455242,0.04577239602804184,0.06276287883520126,6.378051330102608e-05,0.0,0.0,0.0,0.002274665981531143,0.020845744758844376,0.0,0.02374512515962124,0.052632886916399,6.378051330102608e-05,0.0,0.0,0.0,0.004518596455454826,0.0,0.026884619146585464,0.05916385352611542,0.03301887959241867,0.0024926578626036644,0.0009811880299821496,0.0,0.0,0.0011169897625222802,0.003891798434779048,0.01665199175477028,0.016776971518993378,0.024762209504842758,0.033743634819984436,0.01150182168930769,0.0,0.0,0.0,0.0,0.0,0.0018489592475816607,0.0,0.0031956774182617664,0.05886448919773102,0.0,0.0,0.0,0.0,6.378051330102608e-05,0.003697470296174288,0.016013942658901215,0.006389687303453684,0.021657122299075127,0.0,0.0,6.378051330102608e-05,0.0,0.0,0.009500217624008656,0.008154704235494137,0.013785116374492645,0.01257384940981865,0.0033044423907995224,0.0041165659204125404,0.013902572914958,0.0012584945652633905,0.006180666387081146,6.378051330102608e-05,6.378051330102608e-05,0.008910644799470901,0.0,0.0010045546805486083,0.0014629899524152279,0.0,0.030502088367938995,0.006237832363694906,0.0,0.0021272795274853706,0.002356430981308222,0.05431373789906502,0.0014195516705513,0.009720013476908207,0.0312693826854229,0.02847464010119438,0.023184161633253098,0.0005971086793579161,0.0,0.019990330561995506,0.002199293812736869,0.018129732459783554,0.0,0.005254682153463364,0.023894276469945908,0.021410323679447174,0.012304062023758888,0.0050546759739518166,0.014913325197994709,0.010704685002565384,0.0014009142760187387,0.0,0.0,0.02492503449320793,0.008124815300107002,0.006292251870036125,0.013153500854969025,0.0,0.0,0.0,0.0,0.0,0.0,0.014626724645495415,0.004921823274344206,0.0,0.011002620682120323,0.004476895090192556,0.0,0.0,0.0,0.005431371740996838,0.011406956240534782,0.0007964246906340122,0.0,0.0,0.0,0.0,0.0,0.0,0.001081760274246335,0.0,0.0,0.0,0.0,0.0,0.0
2025-04-07,0.0,0.0,0.0001318983267992735,0.0,0.02864205837249756,0.005649925209581852,0.004216535482555628,0.0,0.0,0.0,0.0,0.004744675941765308,0.01845749281346798,0.032167136669158936,0.07298162579536438,0.0,0.0,0.0,0.0,0.002819702262058854,0.019952470436692238,0.016154946759343147,0.03588122874498367,0.05030123144388199,0.0,0.0,0.0,0.0,0.0,0.002868815790861845,0.030551964417099953,0.09239649772644043,0.037314314395189285,0.0,0.001098509761504829,0.0,0.0,0.0027635162696242332,0.008073401637375355,0.011854440905153751,0.01866934821009636,0.04124722629785538,0.02557433769106865,0.01615976169705391,0.0,0.0,0.0,0.0,0.0,0.002237170236185193,0.010369975119829178,0.003951774910092354,0.05820632353425026,0.0,0.0,0.0,0.0,0.0,0.014824995771050453,0.021443797275424004,0.007223021239042282,0.034919898957014084,0.0,0.0,0.0,0.0,0.00045726378448307514,0.018718929961323738,0.02218404971063137,0.023316819220781326,0.019938630983233452,0.0031409827060997486,0.007877114228904247,0.015029920265078545,0.0,0.004588507115840912,0.0,0.0,0.002926398301497102,0.004080571234226227,0.00037844147300347686,0.01194794476032257,0.0013587118592113256,0.040133021771907806,0.012971979565918446,0.0,0.0028131124563515186,0.0015543352346867323,0.07434900850057602,0.009599095210433006,0.011934759095311165,0.07671065628528595,0.020768428221344948,0.020909784361720085,0.00010708498302847147,0.0008022370748221874,0.02833392098546028,0.0014827032573521137,0.023361559957265854,0.0,0.0035849949344992638,0.035430241376161575,0.024519532918930054,0.025395015254616737,0.006676009856164455,0.03419766575098038,0.007333055604249239,0.0017130397027358413,0.0,0.0,0.03633974492549896,0.026015954092144966,0.020044978708028793,0.010525400750339031,0.009328577667474747,0.011094791814684868,0.0,0.0,0.0,0.0011363415978848934,0.019502555951476097,0.008984435349702835,0.0007595023489557207,0.014487984590232372,0.0004518600180745125,0.0,0.0,0.0,0.005994358565658331,0.012547220103442669,0.0003288174048066139,0.0,0.0,0.0,0.0,0.0,0.0,0.0027633828576654196,0.0,0.0,0.0,0.0,0.0,0.0
2025-04-08,0.0,0.0,0.00042355875484645367,0.0,0.026449736207723618,0.0026387558318674564,0.006633264012634754,0.0,0.0,0.0,0.0,0.0,0.016799230128526688,0.027929436415433884,0.10118526220321655,0.0,0.0,0.0,0.0,0.007801775820553303,0.025095365941524506,0.01627822406589985,0.03255753964185715,0.056789129972457886,0.0,0.0,0.0,0.0,0.0014442577958106995,0.002438243478536606,0.0200643427670002,0.07983347773551941,0.055412374436855316,0.009642754681408405,0.0010211652843281627,0.0,0.0,0.006772405002266169,0.015660768374800682,0.008105497807264328,0.026126347482204437,0.0394735112786293,0.03122152015566826,0.02967292070388794,0.0,0.0,0.0,0.0,0.0,0.014639630913734436,0.00691783893853426,0.005187428556382656,0.08002211153507233,0.0,0.0,0.0,0.0,0.0,0.007484782487154007,0.021685732528567314,0.005122513044625521,0.020349087193608284,9.435717947781086e-05,0.0,0.0,0.0,0.0013908662367612123,0.031085295602679253,0.019415851682424545,0.01670045033097267,0.02152886427938938,0.003994551952928305,0.017382193356752396,0.010053236037492752,0.0004978848155587912,0.003112779464572668,0.0,0.0,0.0014692009426653385,0.005821132566779852,1.1102994903922081e-05,0.0214412622153759,0.0011563648004084826,0.04320788383483887,0.007252248469740152,0.00016100489301607013,0.0039477176032960415,0.006463781930506229,0.1001889556646347,0.013059467077255249,0.008296128362417221,0.06739171594381332,0.023573823273181915,0.016456816345453262,0.0015842830762267113,0.019403720274567604,0.030390281230211258,0.0038022943772375584,0.009131777100265026,0.0,0.015229788608849049,0.03170859441161156,0.01825007051229477,0.010910585522651672,0.005194071214646101,0.02597106248140335,0.005790979601442814,0.000265269773080945,0.0,0.0,0.037652257829904556,0.03803693503141403,0.010213278234004974,0.006263125687837601,0.016262667253613472,0.0038987291045486927,0.0,0.0,0.0,0.0011532455682754517,0.039287127554416656,0.010602256283164024,0.0011672681430354714,0.0069968970492482185,0.00042210565879940987,0.0,0.0,0.0,0.004714652430266142,0.0013442421332001686,0.0,0.0,0.0,0.0,0.0,0.0,0.0,0.0026382855139672756,0.0,0.0,0.0,0.0,0.0,0.0
2025-04-09,0.0,0.0,0.00041227019391953945,0.0,0.03291572630405426,0.0028801560401916504,0.002123745623975992,0.0,0.0,0.0,0.0,0.0,0.009743274189531803,0.04994980990886688,0.10358624905347824,0.0,0.0,0.0,0.0,0.016229264438152313,0.017582319676876068,0.021316364407539368,0.031528957188129425,0.048039279878139496,0.0,0.0,0.0,0.0,0.012105335481464863,0.005169745068997145,0.016618911176919937,0.06046195328235626,0.026799626648426056,0.013268495909869671,0.0014365139650180936,0.0,0.0,0.013732656836509705,0.007829183712601662,0.006464785430580378,0.023232441395521164,0.036270104348659515,0.04319160804152489,0.019062016159296036,0.0,0.0,0.0,0.0,0.0,0.005280748009681702,0.00013778544962406158,0.004350274335592985,0.0561557412147522,0.0,0.0,0.0,0.0,0.0,0.004591632634401321,0.013370947912335396,0.006261731497943401,0.015149078331887722,0.0006901025772094727,0.0,0.0,0.0,0.0017199910944327712,0.0180099755525589,0.004727530293166637,0.01611950434744358,0.011317930184304714,0.0038324196357280016,0.02105153165757656,0.007616444490849972,0.025696907192468643,0.0038800430484116077,0.0,0.0,0.004766674712300301,0.009344606660306454,0.0005897282972000539,0.018441736698150635,0.0024201252963393927,0.08054504543542862,0.01696271449327469,0.00684328144416213,0.0049611590802669525,0.001908835954964161,0.047860778868198395,0.006978550925850868,0.00418071448802948,0.05864616110920906,0.030826611444354057,0.023233218118548393,0.002108852844685316,0.014013351872563362,0.03662196174263954,0.011475484818220139,0.004342529457062483,0.0,0.0374910905957222,0.022157475352287292,0.024098042398691177,0.005009327083826065,0.0031372562516480684,0.020061010494828224,0.005795419216156006,0.0009366036392748356,0.0,0.0,0.05229894444346428,0.01760687306523323,0.010325259529054165,0.0041401563212275505,0.024452919140458107,0.0,0.0,0.0,0.0,0.0006597033934667706,0.023159362375736237,0.019531069323420525,0.001466660643927753,0.004371585790067911,0.003120990004390478,0.0,0.0,0.0,0.004685689695179462,0.0014041028916835785,0.0,0.0,0.0,0.0,0.0,0.0,0.0,0.0020889986772090197,0.0,0.0,0.0,0.0,0.0,0.0
2025-04-10,0.0,0.0,0.00026896854978986084,0.0,0.039057325571775436,0.004232666455209255,0.00418346282094717,0.0,0.0,0.0,0.0,0.0,0.008551770821213722,0.051434170454740524,0.10362023860216141,0.0,0.0,0.0,0.0,0.009064736776053905,0.01880905218422413,0.03300146386027336,0.024307437241077423,0.04317205771803856,0.0,0.0,0.0,0.0,0.003371601924300194,0.017952144145965576,0.015028568916022778,0.05168362706899643,0.03439723327755928,0.01831422746181488,0.004041559994220734,0.0,0.0,0.006104583851993084,0.0023350403644144535,0.005244561471045017,0.010713905096054077,0.027166351675987244,0.05543334409594536,0.020790034905076027,0.0,0.0,0.0,0.0,0.0,0.00985159445554018,0.00416575837880373,0.0038746788632124662,0.04711313918232918,0.0,0.0,0.0,0.0,0.0,0.0038856039755046368,0.01576942764222622,0.019113490357995033,0.02222873829305172,0.0010248306207358837,0.0,0.0,0.0,0.0035037733614444733,0.01363364513963461,0.003974332474172115,0.025632549077272415,0.012731671333312988,0.00556042417883873,0.01450229249894619,0.006537442561239004,0.0013102155644446611,0.003010475542396307,0.0,0.0,0.018026717007160187,0.005526607856154442,0.005504266824573278,0.007608107756823301,0.007837981916964054,0.08054818958044052,0.004169778432697058,0.0003068883379455656,0.005054576322436333,0.0,0.05245360732078552,0.006077460944652557,0.006577066611498594,0.0788542851805687,0.017020154744386673,0.03837662190198898,0.002288113348186016,0.004916772246360779,0.04490284249186516,0.004903659224510193,0.0037485540378838778,0.0,0.027428001165390015,0.015442702919244766,0.018699143081903458,0.002332882024347782,0.002627057023346424,0.013898386619985104,0.005613942164927721,0.0009205294772982597,0.0,0.0,0.03146219626069069,0.017031151801347733,0.016858255490660667,0.002220252063125372,0.01416646596044302,0.0016928405966609716,0.0,0.0,0.0,2.3732543922960758e-05,0.019535865634679794,0.014996834099292755,0.001679020351730287,0.004161997698247433,0.00972518790513277,0.0,0.0,0.0,0.008297821506857872,0.003990562167018652,0.0006488205399364233,0.0,0.0,0.0,0.0,0.0,0.0,0.0017435378395020962,0.0,0.0,0.0,0.0,0.0,0.0
2025-04-11,0.0,0.0,0.00018567510414868593,0.0,0.028036363422870636,0.003909572958946228,8.157733827829361e-05,0.0,0.0,0.0,0.0,0.0,0.01841847598552704,0.03859660029411316,0.11383867263793945,0.0,0.0,0.0,0.0,0.006670533679425716,0.01599801518023014,0.018312448635697365,0.015824975445866585,0.027393199503421783,0.0,0.0,0.0,0.0,0.006489294581115246,0.012352238409221172,0.010950988158583641,0.051151059567928314,0.03852028027176857,0.006308568641543388,0.0,0.0,0.0,0.001565026817843318,0.0,0.005331763997673988,0.02557941898703575,0.02410728484392166,0.06362588703632355,0.029140997678041458,0.0,0.0,0.0,0.0,0.0,0.006041755899786949,0.005981991998851299,0.008231539279222488,0.06651246547698975,0.0,0.0,0.0,0.0,0.0,0.008475525304675102,0.013218846172094345,0.011775669641792774,0.029958181083202362,0.0014787737745791674,0.0,0.0,0.0,0.005531659349799156,0.026762302964925766,0.009961707517504692,0.015640199184417725,0.010747184976935387,0.00414356729015708,0.008394593372941017,0.006963927298784256,0.0,0.0027532544918358326,0.0,0.0,0.0065895258449018,0.0032286038622260094,0.000540316104888916,0.004588054493069649,0.004418546799570322,0.05523022264242172,0.00585346482694149,0.0,0.006194409914314747,0.0,0.07503114640712738,0.007823873311281204,0.017704946920275688,0.04724204167723656,0.029252830892801285,0.02100084349513054,0.0019055112497881055,0.0040566762909293175,0.016888879239559174,0.006629323121160269,0.004650341812521219,0.0,0.010485045611858368,0.003055884502828121,0.008994298987090588,0.0007796827703714371,0.012308159843087196,0.01010775938630104,0.005873072426766157,0.003704785369336605,0.0,0.0,0.02457849308848381,0.021640963852405548,0.0011457642540335655,0.006685060448944569,0.004213692620396614,0.002245777053758502,0.0,0.0,0.0,0.00044109049485996366,0.041775912046432495,0.018069544807076454,0.0020084085408598185,0.004967076703906059,0.0075932759791612625,0.0,0.0,0.0,0.0039001693949103355,0.007838458754122257,0.005720116198062897,0.0,0.0,0.0,0.0,0.0,0.0,0.002907373011112213,0.0,0.0,0.0,0.0,0.0,0.0
2025-04-12,0.0,0.0,1.7527665477246046e-05,0.0,0.013252602890133858,0.003917377442121506,0.0005437552463263273,0.0,0.0,0.0,0.0,0.0002368777059018612,0.008541135117411613,0.06315556913614273,0.11662667989730835,0.0,0.0,0.0,0.0,0.008932261727750301,0.010377852246165276,0.008965494111180305,0.0184923242777586,0.034950461238622665,0.0,0.0,0.0,0.0,0.01577555388212204,0.009233850985765457,0.020860344171524048,0.03237957879900932,0.039624523371458054,0.0037647951394319534,0.0,0.0,0.0,0.0,0.0,0.00488272774964571,0.04092205688357353,0.01778193563222885,0.06695345044136047,0.01910644769668579,0.0,0.0,0.0,0.0,0.0,0.009002689272165298,0.00930304080247879,0.01098288968205452,0.04760398715734482,0.0,0.0,0.0,0.0,0.0,0.005003366619348526,0.00599147193133831,0.0046616168692708015,0.030389901250600815,0.0011619587894529104,0.0,0.0,0.0,0.009770892560482025,0.0320458747446537,0.007642581593245268,0.005995987914502621,0.005131278187036514,0.003993980120867491,0.005760166794061661,0.007439457345753908,0.0014936820371076465,0.002571429591625929,0.0,0.0,0.007411670871078968,0.007527895271778107,0.00011061731493100524,0.008806467987596989,0.0003739111125469208,0.05301763117313385,0.010278544388711452,0.0,0.0176777895539999,0.004734605550765991,0.07269895821809769,0.009591586887836456,0.007445082068443298,0.05193386971950531,0.04825495183467865,0.01430264301598072,0.0018092780373990536,0.00497950566932559,0.01526307687163353,0.02225503884255886,0.004439351614564657,0.0,0.008365645073354244,0.010631621815264225,0.013814151287078857,0.0026407043915241957,0.009308798238635063,0.009645724669098854,0.00555608281865716,0.015617618337273598,0.0,0.0,0.024147052317857742,0.009626712650060654,0.0,0.004837768152356148,0.007743999361991882,0.0016025234945118427,0.0,0.0,0.0,0.0015920589212328196,0.035955846309661865,0.008153381757438183,0.0012599461479112506,0.004690990783274174,0.012134852819144726,0.0,0.0,0.0,0.002851115772500634,0.006012324243783951,0.0029799952171742916,0.0,0.0,0.0,0.0,0.0,0.0,0.003488385584205389,0.0,0.0,0.0,0.0,0.0,0.0
2025-04-13,0.0,0.0,0.0004768461221829057,0.0,0.017098385840654373,0.006783842109143734,0.001179313287138939,0.0,0.0,0.0,0.0,0.005134544335305691,0.016510874032974243,0.07892560213804245,0.10459921509027481,0.0,0.0,0.0,0.0,0.002804940566420555,0.02366945892572403,0.0070230672135949135,0.020940983667969704,0.03142845630645752,0.0,0.0,0.0,0.0,0.017599308863282204,0.0024984674528241158,0.015104113146662712,0.05173691734671593,0.04491368308663368,0.0017866226844489574,0.012160250917077065,0.0,0.0,0.0,0.0,0.0036148610524833202,0.041300155222415924,0.015748413279652596,0.04875752329826355,0.036604590713977814,0.0,0.0,0.0,0.0,0.0,0.01756138727068901,0.003090504091233015,0.0033034514635801315,0.04202093556523323,0.0,0.0,0.0,0.0,0.0,0.005383311305195093,0.006498492322862148,0.005351324565708637,0.01845352165400982,0.0009278258075937629,0.0,0.0,0.0,0.01780254952609539,0.02170381508767605,0.003648347221314907,0.014345983043313026,0.010567624121904373,0.0029556434601545334,0.010002448223531246,0.007508174981921911,0.003276485949754715,0.002311538904905319,0.0,0.0,0.013839827850461006,0.006464438512921333,0.0007237265817821026,0.027368396520614624,0.0,0.04905390739440918,0.008909107185900211,0.0,0.003941761329770088,0.0015698582865297794,0.06349435448646545,0.0013782652094960213,0.006090258713811636,0.0493699349462986,0.05586046725511551,0.03668249398469925,0.0016127127455547452,0.005410030484199524,0.016081633046269417,0.0041391197592020035,0.003816792741417885,0.0,0.011340124532580376,0.016146710142493248,0.014896130189299583,0.011421369388699532,0.014788157306611538,0.004863227717578411,0.006041358690708876,0.014209155924618244,0.0,0.0,0.027022957801818848,0.01656860113143921,0.0009803655557334423,0.007878804579377174,0.005816305056214333,0.000994594069197774,0.0,0.0,0.0,0.005114355590194464,0.04724089056253433,0.010799404233694077,0.0013992155436426401,0.008489446714520454,0.02383800968527794,0.0,0.0,0.0,0.0023849080316722393,0.00599431898444891,0.00699026370421052,0.0,0.0,0.0,0.0,0.0,0.0,0.0028399566654115915,0.0,0.0,0.0,0.0,0.0,0.0
2025-04-14,0.0,0.0,0.0008635292178951204,0.0,0.005069496110081673,0.0034132080618292093,0.001663021044805646,0.0,0.0,0.0,0.0,0.00016261881683021784,0.014324061572551727,0.06335413455963135,0.12169825285673141,0.0,0.0,0.0,0.0,0.00596085749566555,0.019645866006612778,0.005810610018670559,0.02041790634393692,0.02679039165377617,0.0,0.0,0.0,0.0,0.014570110477507114,0.002304340247064829,0.01838460937142372,0.03825557231903076,0.04895704984664917,0.002248795237392187,0.0011145718162879348,0.0,0.0,0.0,0.004891350865364075,0.004183288663625717,0.028873231261968613,0.01550875511020422,0.04793036729097366,0.039082907140254974,0.0,0.0,0.0,0.0,0.0,0.008794901892542839,0.0032975347712635994,0.0020955358631908894,0.05133155360817909,0.0,0.0,0.0,0.0,0.0,0.0058377585373818874,0.009083544835448265,0.006814468652009964,0.03196341171860695,0.0011218225117772818,0.0,0.0,0.0,0.010390780866146088,0.00993717648088932,0.005087229423224926,0.000719255767762661,0.006373166106641293,0.009110108949244022,0.006461587268859148,0.008139089681208134,0.003297946648672223,0.0017417552880942822,0.0,0.0,0.02184228226542473,0.022811511531472206,0.0009901521261781454,0.017130549997091293,0.012344231829047203,0.038699258118867874,0.012467039749026299,0.0005649059894494712,8.713710121810436e-05,0.010130345821380615,0.0451173335313797,0.007983825169503689,0.0066887023858726025,0.06811145693063736,0.04606800526380539,0.02414827235043049,0.002189025515690446,0.006745576858520508,0.024969717487692833,0.009133124724030495,0.004412094131112099,0.0,0.010339785367250443,0.018278049305081367,0.017393503338098526,0.009181835688650608,0.022406645119190216,0.006905304733663797,0.00621242867782712,0.006174538284540176,0.0,0.0,0.029083915054798126,0.02110493928194046,0.004703910555690527,0.0011046947911381721,0.007225637324154377,0.0010318337008357048,0.0,0.0,0.0,0.013283299282193184,0.04667382687330246,0.0185159370303154,0.0014067533193156123,0.020123209804296494,0.009172793477773666,0.0,0.0,0.0,0.0025530627463012934,0.004235017579048872,0.017230838537216187,0.0,0.0,0.0,0.0,0.0,0.0,0.002379870507866144,0.0,0.0,0.0,0.0,0.0,0.0
2025-04-15,0.0,6.16480247117579e-06,0.0015330723254010081,0.0,0.0031426483765244484,0.0021251647267490625,0.0018379646353423595,0.0,0.0,0.0,0.0,0.0,0.0062359292060136795,0.05765097215771675,0.10252009332180023,6.16480247117579e-06,0.0,0.0,0.0,0.0012136369477957487,0.02316804602742195,0.019391126930713654,0.009967857040464878,0.014731762930750847,6.16480247117579e-06,0.0,0.0,0.0,0.009382215328514576,0.008952168747782707,0.019150080159306526,0.020444683730602264,0.025685951113700867,0.005148936063051224,0.0001582597615197301,0.0,0.0,0.00017926952568814158,0.0,0.004847439005970955,0.022437196224927902,0.008027726784348488,0.06121397018432617,0.036103785037994385,0.0,0.0,0.0,0.0,0.0,0.016060350462794304,0.01072665210813284,0.002149093197658658,0.061641715466976166,0.0,0.0,0.0,0.0,6.16480247117579e-06,0.010735590010881424,0.014475841075181961,0.00834454596042633,0.020377960056066513,0.0010916587198153138,0.0,6.16480247117579e-06,0.0,0.005593378096818924,0.013679584488272667,0.006279191933572292,0.008126279339194298,0.004886132664978504,0.0035195795353502035,0.006568680517375469,0.007323171943426132,0.0030003672000020742,0.0024945633485913277,6.16480247117579e-06,6.16480247117579e-06,0.015622049570083618,0.011180419474840164,0.0014234090922400355,0.009276684373617172,0.00037245918065309525,0.028129281476140022,0.003769277362152934,0.00043327256571501493,0.0010692696087062359,0.008849091827869415,0.04041102156043053,0.008899983018636703,0.00714092655107379,0.06326037645339966,0.043574996292591095,0.023496100679039955,0.006076492369174957,0.009303275495767593,0.015859276056289673,0.01659361831843853,0.0037240153178572655,0.0,0.022351354360580444,0.016464563086628914,0.022840743884444237,0.0,0.009806491434574127,0.0,0.0056917062029242516,0.004137094132602215,0.0,0.0,0.03360135108232498,0.014559718780219555,0.015514425002038479,0.0024477895349264145,0.02711305022239685,0.0011196872219443321,0.0,0.0,0.0,0.0052081323228776455,0.029804013669490814,0.009937715716660023,0.0015821390552446246,0.007551249116659164,0.005571399815380573,0.0,0.0,0.0,0.001941464375704527,0.0,0.014155729673802853,0.0,0.0,0.0,0.0,0.0,0.0,0.0023881904780864716,0.0,0.0,0.0,0.0,0.0,0.0
2025-04-16,0.0,0.0,0.000966831692494452,0.0,0.014066727831959724,0.003163713961839676,6.489455699920654e-06,0.0,0.0,0.0,0.0,0.0007551278686150908,0.013279588893055916,0.07224711775779724,0.10627163201570511,0.0,0.0,0.0,0.0,0.0008415409829467535,0.02926970273256302,0.015506686642765999,0.0086305420845747,0.01908358559012413,0.0,0.0,0.0,0.0,0.011375347152352333,0.005076360888779163,0.01784210279583931,0.03984188660979271,0.04320261627435684,0.006795818917453289,0.0019173240289092064,0.0,0.0,0.0007418038439936936,0.0002161769662052393,0.004240631125867367,0.016613246873021126,0.013524096459150314,0.050147928297519684,0.046210162341594696,0.0,0.0,0.0,0.0,0.0,0.0054757120087742805,0.0055815912783145905,0.007713004481047392,0.056322112679481506,0.0,0.0,0.0,0.0,0.0,0.004440123215317726,0.02230258658528328,0.008339740335941315,0.020312471315264702,0.0008247774676419795,0.0,0.0,0.0,0.0030365493148565292,0.02353961393237114,0.006160456221550703,0.014205290004611015,0.009971176274120808,0.003204521257430315,0.006797170266509056,0.007192392833530903,0.003005901351571083,0.0024272138252854347,0.0,0.0,0.0058029466308653355,0.002196054905653,0.0012347286101430655,0.008136081509292126,0.009407607838511467,0.03505958616733551,0.0074027650989592075,0.0,0.0033108526840806007,0.015478376299142838,0.055964574217796326,0.0050698257982730865,0.010284003801643848,0.08544395864009857,0.06284620612859726,0.03989564627408981,0.002225156407803297,0.013965662568807602,0.025097785517573357,0.006203230936080217,0.004344016779214144,0.0,0.0114011624827981,0.025565987452864647,0.007767138071358204,0.0014012828469276428,0.007617943920195103,0.011183835566043854,0.0051674386486411095,0.0072807427495718,0.0,0.0,0.040117524564266205,0.013946296647191048,0.011027997359633446,0.004122165031731129,0.017376895993947983,0.0010063935769721866,0.0,0.0,0.0,0.0014546153834089637,0.021544551476836205,0.008775806985795498,0.0012942752800881863,0.005397592671215534,0.0016821976751089096,0.0,0.0,0.0,0.0011237545404583216,0.006108598317950964,0.018132217228412628,0.0,0.0,0.0,0.0,0.0,0.0,0.0011572609655559063,0.0,0.0,0.0,0.0,0.0,0.0
2025-04-17,0.0,0.0,0.0009423182345926762,0.0,0.026484768837690353,0.004654121119529009,0.0,0.0,0.0,0.0,0.0,0.0011031614849343896,0.00832995492964983,0.07338795065879822,0.12052104622125626,0.0,0.0,0.0,0.0,0.0004726226907223463,0.030932459980249405,0.004917972721159458,0.007493400946259499,0.011020202189683914,0.0,0.0,0.0,0.0,0.005249354988336563,0.007152748294174671,0.03754062205553055,0.020090414211153984,0.02417464181780815,0.02398253232240677,0.0027048755437135696,0.0,0.0,0.0014790329150855541,0.00023190327920019627,0.00388951413333416,0.0070108938962221146,0.025564303621649742,0.04547451063990593,0.02599187195301056,0.0,0.0,0.0,0.0,0.0,0.002350802533328533,0.008268234319984913,0.003173863049596548,0.07160844653844833,0.0,0.0,0.0,0.0,0.0,0.005017125979065895,0.0273749977350235,0.008229514583945274,0.022736800834536552,0.001034863875247538,0.0,0.0,0.0,0.0014440763043239713,0.025250868871808052,0.007555502932518721,0.020844992250204086,0.006082616746425629,0.004358008503913879,0.004425495862960815,0.0071847764775156975,0.0037873941473662853,0.0010569950100034475,0.0,0.0,0.00985641684383154,0.01200987957417965,0.0008326594834215939,0.008922483772039413,0.0013355182018131018,0.03875216096639633,0.011540453881025314,0.0004573927726596594,0.005488737486302853,0.010075322352349758,0.040348269045352936,0.014218473806977272,0.023717066273093224,0.06327588856220245,0.04008018225431442,0.03862716257572174,0.002026831731200218,0.007923020981252193,0.033565472811460495,0.0033484750892966986,0.0032562334090471268,0.0,0.01906197890639305,0.029759645462036133,0.010259928181767464,0.006879583466798067,0.010711545124650002,0.0013257088139653206,0.005006181076169014,0.000931641785427928,0.0,0.0,0.020546436309814453,0.011023322120308876,0.005126414820551872,0.003517513396218419,0.0125309182330966,0.0019332421943545341,0.0,0.0,0.0,0.000399087555706501,0.037450194358825684,0.008438530378043652,0.0014281877083703876,0.006099860183894634,0.0,0.0,0.0,0.0,0.0004165708087384701,0.005426202900707722,0.00939024705439806,0.0,0.0,0.0,0.0,0.0,0.0,0.002094597090035677,0.0,0.0,0.0,0.0,0.0,0.0
2025-04-18,0.0,0.0,0.0007549306028522551,0.0,0.008913973346352577,0.0036493143998086452,0.0,0.0,0.0,0.0,0.0,0.0012022166047245264,0.011869432404637337,0.05170007422566414,0.1129421666264534,0.0,0.0,0.0,0.0,0.0009653777815401554,0.036517441272735596,0.01120698731392622,0.015954000875353813,0.011719188652932644,0.0,0.0,0.0,0.0,0.006076622288674116,0.013423377647995949,0.03642916679382324,0.022265944629907608,0.03336891159415245,0.010112246498465538,0.0018509137444198132,0.0,0.0,0.0004453141591511667,0.0005172195378690958,0.003779021091759205,0.012539612129330635,0.012700997292995453,0.03338067606091499,0.02406475506722927,0.0,0.0,0.0,0.0,0.0,0.0018380514811724424,0.004526624456048012,0.004267244599759579,0.050610560923814774,0.0,0.0,0.0,0.0,0.0,0.006175130605697632,0.02078070491552353,0.008235426619648933,0.02030390501022339,0.000937362143304199,0.0,0.0,0.0,0.0019497611792758107,0.024329829961061478,0.0062449839897453785,0.010886874049901962,0.015362095087766647,0.004163695964962244,0.0038459859788417816,0.007335944566875696,0.00533266831189394,0.0021285389084368944,0.0,0.0,0.015309100970625877,0.0031000724993646145,0.00033953849924728274,0.010348502546548843,0.0021196692250669003,0.026366081088781357,0.005724320653825998,0.00027955876430496573,0.009103260934352875,0.015232186764478683,0.07471343874931335,0.005894440226256847,0.010263025760650635,0.08102963864803314,0.03614532947540283,0.017079072073101997,0.0018838965333998203,0.006428821943700314,0.03437907621264458,0.004252477083355188,0.004013984464108944,0.0,0.020077157765626907,0.03586142510175705,0.011728406883776188,0.0021367287263274193,0.002819326939061284,0.008883202448487282,0.0048823184333741665,0.0003259547520428896,0.0,0.0,0.016366858035326004,0.03192988783121109,0.009400837123394012,0.005789648741483688,0.01961362361907959,0.0018182432977482677,0.0,0.0,0.0,2.3335102014243603e-05,0.02192077785730362,0.007957734167575836,0.0012678841594606638,0.006331386510282755,0.0,0.0,0.0,0.0,0.0029769521206617355,0.009734232909977436,0.006480970419943333,0.0,0.0,0.0,0.0,0.0,0.0,0.011397317051887512,0.0,0.0,0.0,0.0,0.0,0.0
2025-04-19,0.0,0.0,0.0005673369741998613,0.0,0.0015535000711679459,0.00262326723895967,0.004816514439880848,0.0,0.0,0.0,0.0,0.001108992495574057,0.0063722706399858,0.056852374225854874,0.1257258802652359,0.0,0.0,0.0,0.0,0.0014317946042865515,0.03787854313850403,0.006128888577222824,0.01949581503868103,0.021481141448020935,0.0,0.0,0.0,0.0,0.004408627282828093,0.018763188272714615,0.049192238599061966,0.03766543045639992,0.021689679473638535,0.007232977077364922,0.001732946140691638,0.0,0.0,6.571318954229355e-05,0.0008470072643831372,0.00375875411555171,0.015418199822306633,0.01985972560942173,0.03316980600357056,0.02642757073044777,0.0,0.0,0.0,0.0,0.0,0.0025692512281239033,0.009830698370933533,0.009239550679922104,0.04053536057472229,0.0,0.0,0.0,0.0,0.0,0.00468309735879302,0.024262085556983948,0.008557522669434547,0.02582669071853161,0.0007354097906500101,0.0,0.0,0.0,0.0,0.021894745528697968,0.011181333102285862,0.021503273397684097,0.010207109153270721,0.007220031693577766,0.007405639626085758,0.007221016567200422,0.007573586422950029,0.0025048593524843454,0.0,0.0,0.004706935491412878,0.010205765254795551,0.00029868556885048747,0.010264832526445389,0.006100763101130724,0.012789586558938026,0.0036875507794320583,0.0005870337481610477,0.02099132537841797,0.0009678273927420378,0.08657322824001312,0.010261448100209236,0.007740841247141361,0.05257523059844971,0.044151801615953445,0.014489635825157166,0.001478050835430622,0.004647235851734877,0.023000560700893402,0.005184415727853775,0.010793708264827728,0.0,0.009621826931834221,0.017368579283356667,0.011656330898404121,0.003096751868724823,0.0004688641056418419,0.012531006708741188,0.003974027466028929,0.005355160683393478,0.0,0.0,0.021394558250904083,0.031379811465740204,0.002888594986870885,0.007146709132939577,0.009641531854867935,0.0015502908499911427,0.0,0.0,0.0,0.0,0.005866538733243942,0.0,0.0013219669926911592,0.005489707924425602,0.0006013503298163414,0.0,0.0,0.0,0.006322865840047598,0.02363782562315464,0.0,0.0,0.0,0.0,0.0,0.0,0.0,0.02441541664302349,0.0,0.0,0.0,0.0,0.0,0.0
2025-04-20,0.0,0.0,0.0006088350201025605,0.0,0.0019702408462762833,0.0016988266725093126,0.0,0.0,0.0,0.0,0.0,0.0012366748414933681,0.003974779509007931,0.0936281681060791,0.10893473774194717,0.0,0.0,0.0,0.0,0.002637525089085102,0.026426244527101517,0.008032992482185364,0.024678129702806473,0.03192573040723801,0.0,0.0,0.0,0.0,0.008933212608098984,0.011174630373716354,0.013151056133210659,0.02510494738817215,0.023110149428248405,0.010748777538537979,0.00202274601906538,0.0,0.0,0.0,0.0009629814885556698,0.005712246522307396,0.016665222123265266,0.021161610260605812,0.03503423184156418,0.020561061799526215,0.0,0.0,0.0,0.0,0.0,0.0033016104716807604,0.022786103188991547,0.021106507629156113,0.056914329528808594,0.0,0.0,0.0,0.0,0.0,0.005691343918442726,0.02326243557035923,0.006995366886258125,0.025355763733386993,0.0006879075081087649,0.0,0.0,0.0,0.0,0.022550828754901886,0.023544037714600563,0.0177538450807333,0.0028489013202488422,0.011049572378396988,0.012228000909090042,0.007368319667875767,0.0023213978856801987,0.002830361947417259,0.0,0.0,0.004767741542309523,0.03029302880167961,0.00040430264198221266,0.010670461691915989,0.011282850988209248,0.01711983233690262,0.015035404823720455,0.0005365265533328056,0.010590359568595886,0.0,0.09729960560798645,0.005728061310946941,0.0049002463929355145,0.042096879333257675,0.04289704188704491,0.02155964821577072,0.0018189966212958097,0.005936856381595135,0.023264383897185326,0.01213509775698185,0.0032479800283908844,0.0,0.00785544142127037,0.007907062768936157,0.022669993340969086,0.003675964428111911,0.002325349487364292,0.0016103563830256462,0.0038787811063230038,0.001746891182847321,0.0,0.0,0.01266486942768097,0.026112930849194527,0.0035007772967219353,0.006656639743596315,0.011806908063590527,0.001782444305717945,0.0,0.0,0.0,0.00030243280343711376,0.006225127726793289,0.0027530244551599026,0.0013144179247319698,0.005304556339979172,0.002213134430348873,0.0,0.0,0.0,0.017655853182077408,0.012170279398560524,0.0,0.0,0.0,0.0,0.0,0.0,0.0,0.0049259657971560955,0.0,0.0,0.0,0.0,0.0,0.0
2025-04-21,0.0,1.705754766589962e-05,0.00010410911636427045,0.0,0.018839851021766663,0.004018821287900209,0.0,0.0,0.0,0.0,0.0,0.00037093565333634615,0.0012921476736664772,0.08857500553131104,0.12440172582864761,1.705754766589962e-05,0.0,0.0,0.0,0.004160010255873203,0.03187546506524086,0.012913042679429054,0.030435316264629364,0.04081595689058304,1.705754766589962e-05,0.0,0.0,0.0,0.008864353410899639,0.012778090313076973,0.01339050754904747,0.04966917634010315,0.04742277413606644,0.020789822563529015,0.0017640938749536872,0.0,0.0,0.00016289518680423498,0.0005502892308868468,0.010827416554093361,0.02898380160331726,0.026858650147914886,0.04651954770088196,0.023711638525128365,0.0,0.0,0.0,0.0,0.0,0.003905214834958315,0.01435038447380066,0.00862118974328041,0.07097556442022324,0.0,0.0,0.0,0.0,1.705754766589962e-05,0.010597776621580124,0.03874412924051285,0.006233491934835911,0.029030323028564453,0.000640091544482857,0.0,1.705754766589962e-05,0.0,0.0018790236208587885,0.019829723984003067,0.01739204302430153,0.03225420042872429,0.0033450229093432426,0.022502774372696877,0.02069830149412155,0.00655045872554183,0.0008971253409981728,0.003206914057955146,1.705754766589962e-05,1.705754766589962e-05,0.005659032147377729,0.033110469579696655,0.0007219829130917788,0.010156751610338688,0.01802777126431465,0.025518737733364105,0.0017133811488747597,0.00039281899807974696,0.0058135055005550385,3.457348793745041e-05,0.0793946385383606,0.009458731859922409,0.0056146737188100815,0.0643523633480072,0.05745745450258255,0.024674605578184128,0.0020142486318945885,0.005751476623117924,0.02933540940284729,0.007219221442937851,0.0010423853527754545,0.0,0.01616623066365719,0.0037773726508021355,0.023253826424479485,0.004960569553077221,0.005719734355807304,0.00664121750742197,0.0032065408304333687,3.8242898881435394e-05,0.0,0.0,0.013414526358246803,0.012224825099110603,0.0043212054297327995,0.012118357233703136,0.016770195215940475,0.001699176151305437,0.0,0.0,0.0,0.0008188844076357782,0.01776145026087761,0.003739855717867613,0.0017637955024838448,0.004866720177233219,0.004478910006582737,0.0,0.0,0.0,0.022113943472504616,0.007303180638700724,0.0,0.0,0.0,0.0,0.0,0.0,0.0,0.0007806865032762289,0.0,0.0,0.0,0.0,0.0,0.0
2025-04-22,0.0,9.690525075711776e-06,0.0007165928254835308,0.0,0.008396689780056477,0.015659255906939507,0.0026391632854938507,0.0,0.0,0.0,0.0,0.0011629353975877166,0.005389874801039696,0.07259701192378998,0.11754092574119568,9.690525075711776e-06,0.0,0.0,0.0,0.0043093375861644745,0.029736299067735672,0.023809272795915604,0.00982341542840004,0.04174431413412094,9.690525075711776e-06,0.0,0.0,0.0,0.00871377531439066,0.009947206825017929,0.017315421253442764,0.04745294898748398,0.05841970071196556,0.01039709523320198,0.0017541463021188974,0.0,0.0,0.0004932312876917422,0.0016907773679122329,0.007264279760420322,0.02236754074692726,0.030329126864671707,0.08665817975997925,0.01864408515393734,0.0,0.0,0.0,0.0,0.0,0.003581512253731489,0.01404325757175684,0.0038150367327034473,0.07562397420406342,0.0,0.0,0.0,0.0,9.690525075711776e-06,0.008002759888768196,0.01726488396525383,0.006767258979380131,0.016481740400195122,0.0008701510960236192,0.0,9.690525075711776e-06,0.0,0.013630290515720844,0.015920152887701988,0.01493709534406662,0.02256649173796177,0.01331204641610384,0.011906348168849945,0.01326870545744896,0.0050466968677937984,0.0015761181712150574,0.003808432724326849,9.690525075711776e-06,9.690525075711776e-06,0.004883722402155399,0.018654193729162216,0.0008121650316752493,0.015929438173770905,0.01012517511844635,0.0244727972894907,0.01031932607293129,0.0,0.004378699231892824,0.0015209864359349012,0.07335354387760162,0.004421352408826351,0.009478358551859856,0.06279082596302032,0.06768518686294556,0.043249063193798065,0.0022181416861712933,0.005119504872709513,0.03634219244122505,0.005687073338776827,0.000289693009108305,0.0,0.01758475974202156,0.013087608851492405,0.030574312433600426,0.004659297876060009,0.002263781148940325,0.00406752061098814,0.003597293281927705,0.0027081496082246304,0.0,0.0,0.01780439354479313,0.03494371473789215,0.004218732006847858,0.010149462148547173,0.011211364530026913,0.0020444514229893684,0.0,0.0,0.0,0.0003381276037544012,0.05184987559914589,0.008471406064927578,0.0016440642066299915,0.006241165101528168,0.0067267045378685,0.0,0.0,0.0,0.0070473551750183105,0.006496998481452465,0.0008004875853657722,0.0,0.0,0.0,0.0,0.0,0.0,0.0024785110726952553,0.0,0.0,0.0,0.0,0.0,0.0
2025-04-23,0.0,2.2378490029950626e-05,0.005120251327753067,0.0,0.009024388156831264,0.0033532660454511642,0.0071881003677845,0.0,0.0,0.0,0.0,0.0009360802359879017,0.020833918824791908,0.05948653072118759,0.13547685742378235,2.2378490029950626e-05,0.0,0.0,0.0,0.004831047262996435,0.018820298835635185,0.01909525692462921,0.013585807755589485,0.044981859624385834,2.2378490029950626e-05,0.0,0.0,0.0,0.004793880507349968,0.006851538084447384,0.016110576689243317,0.05545499175786972,0.06424802541732788,0.011061454191803932,0.0014175126561895013,0.0,0.0,0.0006613555015064776,0.0008729032124392688,0.011991890147328377,0.006151413545012474,0.021834716200828552,0.07292170822620392,0.03732782602310181,0.0,0.0,0.0,0.0,0.0,0.002835760358721018,0.022235048934817314,0.002226964570581913,0.06493727117776871,0.0,0.0,0.0,0.0,2.2378490029950626e-05,0.020213106647133827,0.014139021746814251,0.010793639346957207,0.018112659454345703,0.0009499735897406936,0.0,2.2378490029950626e-05,0.0,0.005745927803218365,0.0054380749352276325,0.01200628187507391,0.027713969349861145,0.015408163890242577,0.018551524728536606,0.006099038291722536,0.006230063270777464,0.00752250337973237,0.001482083578594029,2.2378490029950626e-05,2.2378490029950626e-05,0.0026576893869787455,0.009068310260772705,0.0010819322196766734,0.008601589128375053,0.004825431387871504,0.039887648075819016,0.019587434828281403,0.0,0.0027454786468297243,0.00257904757745564,0.07961103320121765,0.0036760405637323856,0.008600248955190182,0.04067479074001312,0.05427059531211853,0.025322940200567245,0.0036451611667871475,0.0065862382762134075,0.02249026671051979,0.007298021577298641,0.0009556128643453121,0.0,0.01622062921524048,0.004809621721506119,0.05190068483352661,0.004049280658364296,0.007554246578365564,0.021320192143321037,0.002788925776258111,0.007407651282846928,0.0,0.0,0.012675263918936253,0.025237921625375748,0.0038572680205106735,0.002551634795963764,0.016023796051740646,0.0023109554313123226,0.0,0.0,0.0,0.00022823631297796965,0.020670000463724136,0.011271584779024124,0.0012315099593251944,0.014959638938307762,0.013384751975536346,0.0,0.0,0.0,0.007060106843709946,0.01573866605758667,0.0003698035143315792,0.0,0.0,0.0,0.0,0.0,0.0,0.0031571967992931604,0.0,0.0,0.0,0.0,0.0,0.0
2025-04-24,0.0,0.0,0.0003057088179048151,0.0,0.008403345942497253,0.0027125515043735504,0.015019390732049942,0.0,0.0,0.0,0.0,0.0006021769950166345,0.004767616279423237,0.06842232495546341,0.14437855780124664,0.0,0.0,0.0,0.0,0.008685287088155746,0.013044253922998905,0.031211886554956436,0.014582891017198563,0.02312657982110977,0.0,0.0,0.0,0.0,0.009758023545145988,0.007252666633576155,0.019930392503738403,0.06316052377223969,0.09009180963039398,0.009084546007215977,0.001044516684487462,0.0,0.0,0.0002729586267378181,0.0,0.007297400385141373,0.023868899792432785,0.029890727251768112,0.051429249346256256,0.03126586228609085,0.0,0.0,0.0,0.0,0.0,0.004089305642992258,0.01868518814444542,0.006948148366063833,0.04155682027339935,0.0,0.0,0.0,0.0,0.0,0.009553289040923119,0.013609486632049084,0.005087920464575291,0.01612701080739498,0.0009471318917348981,0.0,0.0,0.0,0.0054597496055066586,0.0029156291857361794,0.01101196464151144,0.018691295757889748,0.018158558756113052,0.00960848480463028,0.001070333644747734,0.006833067629486322,0.0014475472271442413,0.0012109969975426793,0.0,0.0,0.004152693320065737,0.008624978363513947,0.000871412456035614,0.010860961861908436,0.0027701007202267647,0.02806442230939865,0.012226428836584091,0.0,0.001355599844828248,0.0019642007537186146,0.09196487814188004,0.004512121435254812,0.01738644763827324,0.06395110487937927,0.046819984912872314,0.03275740146636963,0.003007305320352316,0.013726800680160522,0.02404465526342392,0.01277567632496357,0.003909035120159388,0.0,0.034082476049661636,0.010177661664783955,0.03259716182947159,0.003968189936131239,0.0016451580449938774,0.009345177561044693,0.0036715706810355186,0.003158093197271228,0.0,0.0,0.011170957237482071,0.028494779020547867,0.014112631790339947,0.0025878208689391613,0.019879896193742752,0.00215343339368701,0.0,0.0,0.0,0.0,0.023451849818229675,0.017643585801124573,0.00016606959979981184,0.003486685222014785,0.011936575174331665,0.0,0.0,0.0,0.004841155372560024,0.006510317791253328,5.708867684006691e-05,0.0,0.0,0.0,0.0,0.0,0.0,0.003844244172796607,0.0,0.0,0.0,0.0,0.0,0.0
2025-04-25,0.0,9.154193321592174e-06,0.0001994367630686611,0.0,0.008722063153982162,0.009776185266673565,0.01218444760888815,0.0,0.0,0.0,0.0,0.0010822578333318233,0.005683266557753086,0.06500531733036041,0.13555578887462616,9.154193321592174e-06,0.0,0.0,0.0,0.007051892578601837,0.014945946633815765,0.03548211231827736,0.021093148738145828,0.027091166004538536,9.154193321592174e-06,0.0,0.0,0.0,0.005180531181395054,0.0029220832511782646,0.0262838713824749,0.06255524605512619,0.08672592043876648,0.024636566638946533,0.0015105759957805276,0.0,0.0,0.0,0.0005983692826703191,0.0059936270117759705,0.038296837359666824,0.03736318275332451,0.036480557173490524,0.025352589786052704,0.0,0.0,0.0,0.0,0.0,0.0034683195408433676,0.015121427364647388,0.005695403553545475,0.09096682071685791,0.0,0.0,0.0,0.0,9.154193321592174e-06,0.008595752529799938,0.02578740194439888,0.00524872774258256,0.03110368922352791,0.001038162037730217,0.0,9.154193321592174e-06,0.0,0.009789565578103065,0.01944318413734436,0.03000844642519951,0.02048885077238083,0.014104023575782776,0.010624729096889496,0.011396815069019794,0.007099777925759554,0.004418742842972279,0.0060534547083079815,9.154193321592174e-06,9.154193321592174e-06,0.01163472793996334,0.008210600353777409,0.0011527994647622108,0.021226562559604645,0.004528604447841644,0.017880264669656754,0.020558621734380722,0.0,0.0016061722999438643,0.0003287235740572214,0.0992094874382019,0.012324678711593151,0.006944174878299236,0.05877581238746643,0.06263846158981323,0.015367991290986538,0.002244543517008424,0.00416164193302393,0.03668561577796936,0.00946805626153946,0.00955214910209179,0.0,0.03582547605037689,0.009184656664729118,0.02276839315891266,0.002382335253059864,0.0011152643710374832,0.003942182287573814,0.007341824006289244,0.00215408718213439,0.0,0.0,0.013635818846523762,0.03664124384522438,0.025683531537652016,0.01769062504172325,0.020190482959151268,0.0027037295512855053,0.0,0.0,0.0,0.00024027354083955288,0.030004044994711876,0.020614871755242348,0.0,0.0017599919810891151,0.006116434931755066,0.0,0.0,0.0,0.0043524871580302715,0.0019896281883120537,0.0,0.0,0.0,0.0,0.0,0.0,0.0,0.008022106252610683,0.0,0.0,0.0,0.0,0.0,0.0
2025-04-26,0.0,1.5800309483893216e-05,0.0004925712128169835,0.0,0.007516485173255205,0.004852889571338892,0.014422244392335415,0.0,0.0,0.0,0.0,0.0014334953157231212,0.008837869390845299,0.0935872346162796,0.13647815585136414,1.5800309483893216e-05,0.0,0.0,0.0,0.002811059821397066,0.027641601860523224,0.02146165817975998,0.005183582194149494,0.014918121509253979,1.5800309483893216e-05,0.0,0.0,0.0,0.013579199090600014,0.0036434249486774206,0.02214813232421875,0.04259483143687248,0.06637394428253174,0.009182470850646496,0.004076485987752676,0.0,0.0,0.00035644182935357094,0.0010434226132929325,0.004623563960194588,0.024215370416641235,0.02040921524167061,0.03694678843021393,0.037547577172517776,0.0,0.0,0.0,0.0,0.0,0.005162875633686781,0.00865804124623537,0.015893936157226562,0.08266773074865341,0.0,0.0,0.0,0.0,1.5800309483893216e-05,0.013662828132510185,0.01688939705491066,0.012246962636709213,0.01931248977780342,0.0008974384400062263,0.0,1.5800309483893216e-05,0.0,0.022121712565422058,0.01083875447511673,0.02923502027988434,0.014146881178021431,0.016223782673478127,0.01901453733444214,0.004153111018240452,0.006397900637239218,0.01787653937935829,0.0019527648109942675,1.5800309483893216e-05,1.5800309483893216e-05,0.013223688118159771,0.01675630733370781,0.0012604824732989073,0.028513476252555847,0.012232523411512375,0.03316699340939522,0.020212307572364807,0.0,0.008151737041771412,0.0,0.08853410184383392,0.008810698054730892,0.0018974167760461569,0.05797789245843887,0.07490307092666626,0.03448434919118881,0.0011496482184156775,0.0024782889522612095,0.023263078182935715,0.0070348381996154785,0.005762739107012749,0.0,0.028436994180083275,0.0201285220682621,0.03452841937541962,0.0033408759627491236,0.0022529608104377985,0.0,0.017468322068452835,0.001865428639575839,0.0,0.0,0.02014315500855446,0.02441469207406044,0.013098560273647308,0.008008497767150402,0.005196947604417801,0.0026950747705996037,0.0,0.0,0.0,0.0057713245041668415,0.034819453954696655,0.012316820211708546,0.0041521391831338406,0.0012412474025040865,0.00846635177731514,0.0,0.0,0.0,0.0,0.0119209885597229,0.002618849277496338,0.0,0.0,0.0,0.0,0.0,0.0,0.0028640110976994038,0.0,0.0,0.0,0.0,0.0,0.0
2025-04-27,0.0,6.899037543917075e-06,0.00029762432677671313,0.0,0.006298858672380447,0.003040876006707549,0.005666800308972597,0.0,0.0,0.0,0.0,0.0013967105187475681,0.013820204883813858,0.07685881853103638,0.14811131358146667,6.899037543917075e-06,0.0,0.0,0.0,0.003087261924520135,0.018243366852402687,0.03129580244421959,0.005147773772478104,0.03693757951259613,6.899037543917075e-06,0.0,0.0,0.0,0.004577268846333027,0.005343685392290354,0.007361980155110359,0.024300258606672287,0.06704679876565933,0.010815965943038464,0.001267854357138276,0.0,0.0,0.0008274647407233715,0.0006875783437862992,0.002526473253965378,0.02070632576942444,0.018580732867121696,0.050503186881542206,0.05010167509317398,0.0,0.0,0.0,0.0,0.0,0.011057650670409203,0.01841500587761402,0.006116241216659546,0.04819086939096451,0.0,0.0,0.0,0.0,6.899037543917075e-06,0.011108742095530033,0.008288555778563023,0.009096188470721245,0.01174431387335062,0.0003340487601235509,0.0,6.899037543917075e-06,0.0,0.01092393696308136,0.01735418289899826,0.02630900964140892,0.017900418490171432,0.006147745065391064,0.015648074448108673,0.001364974770694971,0.00510406494140625,0.003281689714640379,0.001966804964467883,6.899037543917075e-06,6.899037543917075e-06,0.003590428037568927,0.018758220598101616,0.0013662949204444885,0.024648521095514297,0.019269390031695366,0.01705988310277462,0.014674114063382149,0.0,0.008145916275680065,8.102040737867355e-05,0.08694130182266235,0.005696514621376991,0.003590173553675413,0.053323205560445786,0.048721518367528915,0.03802938014268875,0.001026495243422687,0.013804398477077484,0.023781510069966316,0.005524876061826944,0.00621558353304863,0.0,0.007800064515322447,0.015137922018766403,0.035080939531326294,0.013535216450691223,0.0006628818809986115,0.010249931365251541,0.009627291932702065,0.001956012099981308,0.0,0.0,0.01549755409359932,0.014300568960607052,0.01620233803987503,0.004455083049833775,0.02567150443792343,0.0022781211882829666,0.0,0.0,0.0,0.0,0.048054877668619156,0.013216736726462841,0.0,0.0007173789199441671,0.0021803430281579494,0.0,0.0,0.0,0.0006045065820217133,0.0007799733430147171,0.0,0.0,0.0,0.0,0.0,0.0,0.0,0.00044977152720093727,0.0,0.0,0.0,0.0,0.0,0.0
2025-04-28,0.0,1.1526472007972188e-05,0.0005095802480354905,0.0,0.006128999404609203,0.0025462096091359854,0.0019990666769444942,0.0,0.0,0.0,0.0,0.0008829355938360095,0.024593520909547806,0.0513552688062191,0.1925058662891388,1.1526472007972188e-05,0.0,0.0,0.0,0.004668929148465395,0.014302773401141167,0.028092382475733757,0.005133083090186119,0.033841054886579514,1.1526472007972188e-05,0.0,0.0,0.0,0.008413063362240791,0.015868065878748894,0.004924051463603973,0.023972898721694946,0.061409980058670044,0.00674230232834816,0.0010211777407675982,0.0,0.0,0.0011882118415087461,0.00038115796633064747,0.0023309309035539627,0.023275822401046753,0.028743747621774673,0.04432528093457222,0.061221249401569366,0.0,0.0,0.0,0.0,0.0,0.004394977819174528,0.026990581303834915,0.0058484855107963085,0.053500786423683167,0.0,0.0,0.0,0.0,1.1526472007972188e-05,0.00792814139276743,0.007240486331284046,0.004436097107827663,0.020916031673550606,0.0010239433031529188,0.0,1.1526472007972188e-05,0.0,0.006667211651802063,0.008814478293061256,0.0023861657828092575,0.021221382543444633,0.004316752776503563,0.006157068535685539,0.004207153804600239,0.004184534307569265,0.0006461923476308584,0.002181191695854068,1.1526472007972188e-05,1.1526472007972188e-05,0.0006101732142269611,0.018001727759838104,0.0011599540011957288,0.03282547742128372,0.0081019327044487,0.012994094751775265,0.023403611034154892,0.0,0.0012328093871474266,0.0009616876486688852,0.053216271102428436,0.017190679907798767,0.012919863685965538,0.08976684510707855,0.053855400532484055,0.021480446681380272,0.006883535534143448,0.03317054733633995,0.018980445340275764,0.006120285950601101,0.00851515680551529,0.0,0.008972269482910633,0.01511718425899744,0.032345354557037354,0.004909269046038389,0.0012887530028820038,0.004407726228237152,0.011536465026438236,0.0002582154702395201,0.0,0.0,0.015040411613881588,0.033285096287727356,0.010122520849108696,0.0023942049592733383,0.026767943054437637,0.0022082487121224403,0.0,0.0,0.0,0.0,0.02390170283615589,0.023306120187044144,0.0039814794436097145,0.005796796176582575,0.0008479289244860411,0.0,0.0,0.0,0.001521316822618246,0.0018075751140713692,0.0005886524450033903,0.0,0.0,0.0,0.0,0.0,0.0,0.001537717180326581,0.0,0.0,0.0,0.0,0.0,0.0
2025-04-29,0.0,3.5910506994696334e-05,0.0008271830738522112,0.0,0.0073692104779183865,0.002647354267537594,0.0018083995673805475,0.0,0.0,0.0,0.0,0.00021042185835540295,0.01477995328605175,0.04768265411257744,0.19363901019096375,3.5910506994696334e-05,0.0,0.0,0.0,0.004361975472420454,0.024782244116067886,0.015436741523444653,0.011378975585103035,0.033018626272678375,3.5910506994696334e-05,0.0,0.0,0.0,0.008060755208134651,0.005399896763265133,0.016225997358560562,0.0308271162211895,0.04958152398467064,0.001932412851601839,0.0013194679049775004,0.0,0.0,0.0007134809857234359,0.0,0.007233249023556709,0.033529747277498245,0.038003209978342056,0.057904429733753204,0.05270060896873474,0.0,0.0,0.0,0.0,0.0,0.002702600322663784,0.006703776307404041,0.0034218321088701487,0.08858978748321533,0.0,0.0,0.0,0.0,3.5910506994696334e-05,0.006779056042432785,0.016782326623797417,0.00569775328040123,0.03380328789353371,0.006257005035877228,0.0,3.5910506994696334e-05,0.0,0.0037822751328349113,0.0035058343783020973,0.0033447546884417534,0.02293924055993557,0.006205607671290636,0.00461272057145834,0.0065332395024597645,0.005444647744297981,0.0017990045016631484,0.00266356416977942,3.5910506994696334e-05,3.5910506994696334e-05,0.0021078793797641993,0.009220517240464687,0.001162092201411724,0.009485552087426186,0.005867930594831705,0.015077655203640461,0.008862106129527092,0.0,0.0018843435682356358,0.0008634910918772221,0.04361909627914429,0.008224649354815483,0.018319817259907722,0.07369863241910934,0.05548835173249245,0.011049588210880756,0.0010621778201311827,0.01064552366733551,0.015106280334293842,0.010569325648248196,0.014703459106385708,0.0,0.011185243725776672,0.01329023763537407,0.028609082102775574,0.0,0.008027511648833752,0.008846951648592949,0.008929399773478508,0.0014053157065063715,0.0,0.0,0.019300885498523712,0.014268354512751102,0.0062022446654737,0.005756983067840338,0.020229943096637726,0.0020685463678091764,0.0,0.0,0.0,0.0009893509559333324,0.02670820616185665,0.006231124512851238,0.0,0.019723553210496902,0.0009050790686160326,0.0,0.0,0.0,0.00204565585590899,0.005734577775001526,0.0009039163123816252,0.0,0.0,0.0,0.0,0.0,0.0,0.006993846036493778,0.0,0.0,0.0,0.0,0.0,0.0
2025-04-30,0.0,3.710022065206431e-05,0.0009503955952823162,0.0,0.016994643956422806,0.011561091057956219,0.007748435717076063,0.0,0.0,0.0,0.0,0.0,0.014686666429042816,0.07907342910766602,0.13834616541862488,3.710022065206431e-05,0.0,0.0,0.0,0.0037431337404996157,0.012537485919892788,0.011372937820851803,0.014768656343221664,0.04042091220617294,3.710022065206431e-05,0.0,0.0,0.0,0.007976294495165348,0.004175981506705284,0.020681869238615036,0.04241462051868439,0.04311647638678551,0.000757245346903801,0.002639811486005783,0.0,0.0,0.0,0.0,0.008320817723870277,0.028432365506887436,0.015845876187086105,0.050855591893196106,0.02488982491195202,0.0,0.0,0.0,0.0,0.0,0.002227859105914831,0.008300384506583214,0.002765660174190998,0.05639610439538956,0.0,0.0,0.0,0.0,3.710022065206431e-05,0.007089351303875446,0.00841590017080307,0.007822306826710701,0.03681361675262451,0.0010020214831456542,0.0,3.710022065206431e-05,0.0,0.002552308142185211,0.00421249121427536,0.014952636323869228,0.0076423101127147675,0.010263213887810707,0.0043623195961117744,0.003965502604842186,0.011519384570419788,0.0023809592239558697,0.007229403592646122,3.710022065206431e-05,3.710022065206431e-05,0.013325067237019539,0.004519988317042589,0.0009654073510318995,0.00801121722906828,0.002992284018546343,0.027300788089632988,0.006351310759782791,6.373971700668335e-05,0.005110329482704401,0.0009593188297003508,0.06357665359973907,0.006218144670128822,0.007943273521959782,0.0630696713924408,0.05111336708068848,0.02362704835832119,0.00020395254250615835,0.0054072123020887375,0.021078672260046005,0.005746336653828621,0.020197153091430664,0.0,0.009147617034614086,0.0037779314443469048,0.026195291429758072,0.004601362626999617,0.002015603706240654,0.01882231794297695,0.0179552361369133,0.0019340687431395054,0.0,0.0,0.02026163786649704,0.023995377123355865,0.005686943884938955,0.019543662667274475,0.005814677104353905,0.0045653763227164745,0.0,0.0,0.0,0.0014903184492141008,0.019866205751895905,0.000502350740134716,0.0,0.012491992674767971,0.007425523363053799,0.0,0.0,0.0,0.0032930965535342693,0.01487845927476883,0.0,0.0,0.0,0.0,0.0,0.0,0.0,0.002819258254021406,0.0,0.0,0.0,0.0,0.0,0.0
2025-05-01,0.0,5.62658860872034e-05,0.0008538761176168919,0.0,0.026518456637859344,0.0038386350497603416,0.006620780564844608,0.0,0.0,0.0,0.0,0.004202461801469326,0.01218867301940918,0.06591399759054184,0.14085014164447784,5.62658860872034e-05,0.0,0.0,0.0,0.0014895496424287558,0.011625922285020351,0.03531385585665703,0.016885623335838318,0.026264747604727745,5.62658860872034e-05,0.0,0.0,0.0,0.0027848524041473866,0.0034319409169256687,0.016369881108403206,0.07128231227397919,0.04398007690906525,0.0024680504575371742,0.003098706714808941,0.0,0.0,0.0,0.0011250259121879935,0.003050587372854352,0.027697907760739326,0.022414391860365868,0.03687240555882454,0.01893465779721737,0.0,0.0,0.0,0.0,0.0,0.005969044286757708,0.024156825616955757,0.002695600502192974,0.04222235456109047,0.0,0.0,0.0,0.0,5.62658860872034e-05,0.013974174857139587,0.010989062488079071,0.008409526199102402,0.04326333850622177,0.00030448779580183327,0.0,5.62658860872034e-05,0.0,0.0029011303558945656,0.005958467721939087,0.024314790964126587,0.01021505706012249,0.01907430589199066,0.0047263577580451965,0.0016974459867924452,0.00609924178570509,0.0036582269240170717,0.002112753689289093,5.62658860872034e-05,5.62658860872034e-05,0.004983962047845125,0.005768232513219118,0.0007422775379382074,0.006407976616173983,0.002075563184916973,0.026205329224467278,0.013792390003800392,0.003215234261006117,0.006198993418365717,0.002300090389326215,0.09022356569766998,0.006597062572836876,0.005672900937497616,0.09943792223930359,0.03748927265405655,0.018404891714453697,0.0,0.007009046617895365,0.01878621056675911,0.006408606190234423,0.020234614610671997,0.0,0.012439008802175522,0.009938942268490791,0.023324089124798775,0.015136745758354664,0.000646581407636404,0.0273832269012928,0.00814585667103529,0.0017794700106605887,0.0,0.0,0.0198102667927742,0.042322415858507156,0.013195216655731201,0.009712960571050644,0.006998338736593723,0.01912667416036129,0.0,0.0,0.0,0.001854090834967792,0.015721090137958527,0.001736416481435299,0.0007487134425900877,0.015361877158284187,0.0033573443070054054,0.0,0.0,0.0,0.0030873005744069815,0.022510362789034843,0.0016567452112212777,0.0,0.0,0.0,0.0,0.0,0.0,0.0026641872245818377,0.0,0.0,0.0,0.0,0.0,0.0
2025-05-02,0.0,2.504359326849226e-05,0.0014373492449522018,0.0,0.018535181879997253,0.0028299055993556976,0.010640286840498447,0.0,0.0,0.0,0.0,0.0,0.008080786094069481,0.07305032014846802,0.1602420061826706,2.504359326849226e-05,0.0,0.0,0.0,0.0014756976161152124,0.019731037318706512,0.029506130144000053,0.01919284090399742,0.03348429501056671,2.504359326849226e-05,0.0,0.0,0.0,0.004869706928730011,0.0017941100522875786,0.017788046970963478,0.06835286319255829,0.05898578464984894,0.010376835241913795,0.002963853068649769,0.0,0.0,9.015557589009404e-05,0.00678026070818305,0.002147519029676914,0.03417252376675606,0.025256946682929993,0.03862569481134415,0.027033202350139618,0.0,0.0,0.0,0.0,0.0,0.019177913665771484,0.01567152701318264,0.0029751244001090527,0.06177711859345436,0.0,0.0,0.0,0.0,2.504359326849226e-05,0.0081374142318964,0.015970805659890175,0.007477693259716034,0.026038235053420067,0.0003775913210120052,0.0,2.504359326849226e-05,0.0,0.0029845107346773148,0.012706613168120384,0.0272669680416584,0.002660125494003296,0.022019756957888603,0.0052514150738716125,0.006052572280168533,0.004496029578149319,0.01194970402866602,0.0013622326077893376,2.504359326849226e-05,2.504359326849226e-05,0.005106291268020868,0.006971037480980158,0.00017373869195580482,0.014676732942461967,0.0006233514286577702,0.027955904603004456,0.013385605067014694,0.0073096309788525105,0.004473235923796892,0.0066905394196510315,0.1151246428489685,0.011697466485202312,0.005887387786060572,0.08558297902345657,0.04399044066667557,0.011901678517460823,0.0012238671770319343,0.024908600375056267,0.02415173500776291,0.00647677481174469,0.005986680276691914,0.0,0.027985189110040665,0.01014250610023737,0.02446727640926838,0.0033581340685486794,0.0021601510234177113,0.017935115844011307,0.004300006665289402,1.8408987671136856e-05,0.0,0.0,0.024827327579259872,0.05550450086593628,0.007271253503859043,0.006302302703261375,0.01246364414691925,0.009200893342494965,0.0,0.0,0.0,0.0020202361047267914,0.03368091583251953,0.006302488036453724,0.001159101608209312,0.01152562815696001,0.0014413080643862486,0.0,0.0,0.0,0.001620221883058548,0.008817953988909721,0.0018840471748262644,0.0,0.0,0.0,0.0,0.0,0.0,0.002461789408698678,0.0,0.0,0.0,0.0,0.0,0.0
2025-05-03,0.0,3.9085603930288926e-05,0.0014934699283912778,0.0,0.019966747611761093,0.0038519729860126972,0.005895891226828098,0.0,0.0,0.0,0.0,0.0005719168111681938,0.0014632055535912514,0.10215616226196289,0.15669658780097961,3.9085603930288926e-05,0.0,0.0,0.0,0.00760147999972105,0.01888662576675415,0.02600989118218422,0.028414325788617134,0.026850106194615364,3.9085603930288926e-05,0.0,0.0,0.0,0.013771960511803627,0.00258392421528697,0.026364438235759735,0.05937158316373825,0.028655219823122025,0.014856156893074512,0.003999838139861822,0.0,0.0,0.005874733906239271,0.00038583303103223443,0.0031835269182920456,0.03147219121456146,0.026041224598884583,0.04625556617975235,0.01919146068394184,0.0,0.0,0.0,0.0,0.0,0.007258083671331406,0.005038317758589983,0.0030305511318147182,0.039839502424001694,0.0,0.0,0.0,0.0,3.9085603930288926e-05,0.007425022777169943,0.011592671275138855,0.008267445489764214,0.01590832695364952,0.0006151842535473406,0.0,3.9085603930288926e-05,0.0,0.00273369112983346,0.0004249541088938713,0.012926238588988781,0.0042513227090239525,0.011620797216892242,0.005634540691971779,0.008117297664284706,0.0051231044344604015,0.03974493592977524,0.0031205425038933754,3.9085603930288926e-05,3.9085603930288926e-05,0.010722813196480274,0.01099957525730133,0.0011224239133298397,0.01203881949186325,0.002725935075432062,0.06202137470245361,0.024720264598727226,0.015087987296283245,0.0024823679123073816,0.0025686481967568398,0.06281179934740067,0.005794942378997803,0.006662762723863125,0.07576189190149307,0.05215877667069435,0.01521017961204052,0.0016307600308209658,0.019498934969305992,0.038364820182323456,0.012022718787193298,0.0021849176846444607,0.0,0.052676212042570114,0.011154551059007645,0.03464469686150551,0.001611651387065649,0.003663205774500966,0.011839057318866253,0.00288792559877038,0.0017347558168694377,0.0,0.0,0.04449209198355675,0.03288285806775093,0.013531936332583427,0.004896844737231731,0.020330192521214485,0.0016494373558089137,0.0,0.0,0.0,0.0014307989040389657,0.018675658851861954,0.02054656110703945,0.0009990085382014513,0.009432072751224041,0.00200218940153718,0.0,0.0,0.0,0.002466783858835697,0.0057704858481884,0.005105729214847088,0.0,0.0,0.0,0.0,0.0,0.0,0.002762627089396119,0.0,0.0,0.0,0.0,0.0,0.0
2025-05-04,0.0,4.05827522627078e-05,0.0013321174774318933,0.0,0.02447165548801422,0.004637374542653561,0.005879733245819807,0.0,0.0,0.0,0.0,0.001476701465435326,0.003644373267889023,0.10147152096033096,0.15188643336296082,4.05827522627078e-05,0.0,0.0,0.0,0.0017958575626835227,0.02750469744205475,0.02957025170326233,0.03165993094444275,0.026436615735292435,4.05827522627078e-05,0.0,0.0,0.0,0.001718088984489441,0.013591254130005836,0.0318911075592041,0.06045711413025856,0.033922478556632996,0.021106302738189697,0.007098562084138393,0.0,0.0,0.00021830981131643057,0.0,0.003912460990250111,0.018800759688019753,0.01808617077767849,0.05292132496833801,0.02575026825070381,0.0,0.0,0.0,0.0,0.0,0.006659010890871286,0.0072835469618439674,0.004412605427205563,0.033546075224876404,0.0,0.0,0.0,0.0,4.05827522627078e-05,0.008475911803543568,0.015673909336328506,0.019766923040151596,0.0196637362241745,0.0007143786642700434,0.0,4.05827522627078e-05,0.0,0.0029006805270910263,0.002169421873986721,0.008781729266047478,0.01879281923174858,0.01175254862755537,0.006984204053878784,0.00400196947157383,0.005896137561649084,0.012951080687344074,0.003305017715319991,4.05827522627078e-05,4.05827522627078e-05,0.024741362780332565,0.006238999776542187,0.006162169389426708,0.004623205866664648,0.008597476407885551,0.056881435215473175,0.00851741898804903,0.007120652124285698,0.0013835369609296322,0.001110962126404047,0.06812050938606262,0.004331469070166349,0.01212058961391449,0.10099797695875168,0.03877627104520798,0.02831658348441124,0.0020776866003870964,0.008593491278588772,0.0555306151509285,0.005222666542977095,0.0024341349489986897,0.0,0.03979916125535965,0.018223289400339127,0.029113497585058212,0.0037815957330167294,0.005295880138874054,0.007549690548330545,0.002201708732172847,0.003266485407948494,0.0,0.0,0.027599040418863297,0.02826397866010666,0.025150779634714127,0.003436021041125059,0.011247970163822174,0.002048006048426032,0.0,0.0,0.0,0.00013270287308841944,0.01577097177505493,0.018912140280008316,0.0006716107600368559,0.006564730778336525,0.005289980676025152,0.0,0.0,0.0,0.007617263123393059,0.006621893960982561,0.0080662090331316,0.0,0.0,0.0,0.0,0.0,0.0,0.002880362793803215,0.0,0.0,0.0,0.0,0.0,0.0
2025-05-05,0.0,4.564943810692057e-05,0.0011305211810395122,0.0,0.015982255339622498,0.002980366814881563,0.00014586513862013817,0.0,0.0,0.0,0.0,0.0009996892185881734,0.018214797601103783,0.08202338963747025,0.157058984041214,4.564943810692057e-05,0.0,0.0,0.0,0.0022087066899985075,0.028500594198703766,0.013715334236621857,0.030736345797777176,0.015914227813482285,4.564943810692057e-05,0.0,0.0,0.0,0.0002778545022010803,0.007133217994123697,0.029026435688138008,0.06723982095718384,0.0365983285009861,0.008901122026145458,0.0017032972536981106,0.0,0.0,0.0,6.54575414955616e-05,0.004776051267981529,0.033499233424663544,0.014107715338468552,0.05552694946527481,0.03610125556588173,0.0,0.0,0.0,0.0,0.0,0.0,0.010159173980355263,0.01058322936296463,0.055117834359407425,0.0,0.0,0.0,0.0,4.564943810692057e-05,0.013177944347262383,0.013603726401925087,0.010868703946471214,0.027568327262997627,0.0008811482694000006,0.0,4.564943810692057e-05,0.0,0.001801422331482172,0.02299429662525654,0.010365272872149944,0.016973624005913734,0.009063543751835823,0.00491359643638134,0.0018673602025955915,0.006513665430247784,0.0045790523290634155,0.003636862151324749,4.564943810692057e-05,4.564943810692057e-05,0.010662366636097431,0.002480042167007923,0.0011513113277032971,0.00661107711493969,0.005143884103745222,0.02726173959672451,0.004830460995435715,0.0024463674053549767,0.0028810789808630943,0.002167436759918928,0.09265311062335968,0.00583095196634531,0.023038042709231377,0.07623422890901566,0.0527753122150898,0.011747205629944801,0.0021623820066452026,0.005354512482881546,0.03393392264842987,0.007336738519370556,0.0034137768670916557,0.0,0.017281286418437958,0.017804356291890144,0.014633670449256897,0.006772307679057121,0.015292719006538391,0.0052050016820430756,0.002332749543711543,0.006540406495332718,0.0,0.0,0.021412670612335205,0.030954211950302124,0.011497030965983868,0.00799842644482851,0.0024480950087308884,0.0028457175940275192,0.0,0.0,0.0,0.0,0.03711399435997009,0.02076095901429653,0.0007934699533507228,0.003546474501490593,0.0,0.0,0.0,0.0,0.004113476257771254,0.011646500788629055,0.01199946366250515,0.0,0.0,0.0,0.0,0.0,0.0,0.0034286906011402607,0.0,0.0,0.0,0.0,0.0,0.0
2025-05-06,0.0,3.526320506352931e-05,0.000549681659322232,0.0,0.005143333692103624,0.0019465791992843151,0.0,0.0,0.0,0.0,0.0,0.0007398130837827921,0.012231580913066864,0.09683974087238312,0.1499689221382141,3.526320506352931e-05,0.0,0.0,0.0,0.006930977571755648,0.020708411931991577,0.00837712176144123,0.03579142689704895,0.02797175571322441,3.526320506352931e-05,0.0,0.0,0.0,0.0060953707434237,0.004845449700951576,0.03493790328502655,0.05066460371017456,0.036922845989465714,0.0056304712779819965,0.0018072226084768772,0.0,0.0,0.0,0.0014555173693224788,0.004205702338367701,0.050899527966976166,0.00919099897146225,0.052871882915496826,0.0225753802806139,0.0,0.0,0.0,0.0,0.0,0.0005334466695785522,0.015669282525777817,0.01405930332839489,0.039104413241147995,0.0,0.0,0.0,0.0,3.526320506352931e-05,0.008754544891417027,0.0072367191314697266,0.003622816875576973,0.02979530394077301,0.00024265729007311165,0.0,3.526320506352931e-05,0.0,0.0033266604878008366,0.033001720905303955,0.00586977181956172,0.016100376844406128,0.0030443137511610985,0.003937107510864735,0.002374082338064909,0.006187374237924814,0.0018974870909005404,0.003388183657079935,3.526320506352931e-05,3.526320506352931e-05,0.005444877315312624,0.005299871321767569,0.00025388263748027384,0.014711068943142891,0.002792259445413947,0.02462541125714779,0.006279736291617155,0.0,0.01622394099831581,0.006774918641895056,0.0982799381017685,0.010162439197301865,0.010561703704297543,0.07784086465835571,0.07677463442087173,0.00663499440997839,0.0018545320490375161,0.0038930540904402733,0.03155513107776642,0.022765988484025,0.0025577801279723644,0.0,0.011494592763483524,0.030469007790088654,0.013570109382271767,0.011539815925061703,0.00965769775211811,0.006486278027296066,0.002414486836642027,0.017488926649093628,0.0,0.0,0.020683899521827698,0.022952213883399963,0.007055617868900299,0.005672850180417299,0.0068544140085577965,0.0031836593989282846,0.0,0.0,0.0,0.0,0.027960486710071564,0.007007061503827572,0.00020057999063283205,0.0005618850700557232,0.0019371702801436186,0.0,0.0,0.0,0.003416631370782852,0.012386171147227287,0.004308249335736036,0.0,0.0,0.0,0.0,0.0,0.0,0.0036151413805782795,0.0,0.0,0.0,0.0,0.0,0.0
2025-05-07,0.0,3.777385791181587e-05,0.000492171966470778,0.0,0.012029203586280346,0.0046426160261034966,0.00046894093975424767,0.0,0.0,0.0,0.0,0.0043448093347251415,0.02200707420706749,0.10516245663166046,0.1298937052488327,3.777385791181587e-05,0.0,0.0,0.0,0.0026322542689740658,0.026276327669620514,0.012997573241591454,0.035428255796432495,0.026623521000146866,3.777385791181587e-05,0.0,0.0,0.0,0.006916494574397802,0.0013254377990961075,0.02423170953989029,0.06762644648551941,0.04098149761557579,0.003923097625374794,0.013045030646026134,0.0,0.0,0.000731350330170244,0.002786985132843256,0.002253930550068617,0.05240441858768463,0.012089037336409092,0.02982296608388424,0.0344189777970314,0.0,0.0,0.0,0.0,0.0,0.010706287808716297,0.011580917052924633,0.00664419773966074,0.034868888556957245,0.0,0.0,0.0,0.0,3.777385791181587e-05,0.0080961799249053,0.008685924112796783,0.005350266583263874,0.01762421801686287,0.0,0.0,3.777385791181587e-05,0.0,0.010196064598858356,0.022328242659568787,0.0018218979239463806,0.03026643767952919,0.009010321460664272,0.002961750142276287,0.007810536772012711,0.005479868501424789,0.0017085535218939185,0.002901527564972639,3.777385791181587e-05,3.777385791181587e-05,0.005349016282707453,0.0035561155527830124,0.00065495545277372,0.03436402976512909,0.0040014274418354034,0.02412271685898304,0.005139244720339775,0.0,0.004078509286046028,0.0004248588811606169,0.10092329978942871,0.006745505146682262,0.00682341493666172,0.06242087483406067,0.09093327075242996,0.028869904577732086,0.0005480093532241881,0.003588732797652483,0.025290971621870995,0.0034121833741664886,0.0007837363518774509,0.0,0.01427124161273241,0.031848154962062836,0.011876299977302551,0.020391596481204033,0.010717129334807396,0.0026029879227280617,0.0033912118524312973,0.014256296679377556,0.0,0.0,0.02280643954873085,0.03590690344572067,0.0030722059309482574,0.008147936314344406,0.006223599426448345,0.003083361079916358,0.0,0.0,0.0,0.0008298546890728176,0.03717132657766342,0.007175515405833721,0.00039921561256051064,0.0035526526626199484,0.013435406610369682,0.0,0.0,0.0,0.002936165314167738,0.014265172183513641,0.0010108617134392262,0.0,0.0,0.0,0.0,0.0,0.0,0.0030959967989474535,0.0,0.0,0.0,0.0,0.0,0.0
2025-05-08,0.0,4.008450923720375e-05,0.00043928870582021773,0.0,0.0009465324692428112,0.0015874645905569196,0.001266916049644351,0.0,0.0,0.0,0.0,0.0,0.02077256143093109,0.08945189416408539,0.14554977416992188,4.008450923720375e-05,0.0,0.0,0.0,0.005877906456589699,0.01421836856752634,0.016030045226216316,0.030188534408807755,0.02326757274568081,4.008450923720375e-05,0.0,0.0,0.0,0.005051118787378073,0.004839289467781782,0.023803425952792168,0.04815572127699852,0.04513384401798248,0.005861002020537853,0.0018951965030282736,0.0,0.0,0.0011792046716436744,0.007524468470364809,0.0018847251776605844,0.03761885315179825,0.018051305785775185,0.02792144939303398,0.036652371287345886,0.0,0.0,0.0,0.0,0.0,0.0037377113476395607,0.01416363287717104,0.005566991865634918,0.04584433138370514,0.0,0.0,0.0,0.0,4.008450923720375e-05,0.008553670719265938,0.011089066974818707,0.007591333705931902,0.028424587100744247,0.0003055607667192817,0.0,4.008450923720375e-05,0.0,0.0045537808910012245,0.006733505520969629,0.002671554684638977,0.018661413341760635,0.008070528507232666,0.00945203099399805,0.0043108100071549416,0.005799681879580021,0.0022393101826310158,0.00211325753480196,4.008450923720375e-05,4.008450923720375e-05,0.010604159906506538,0.019610118120908737,0.0009125641081482172,0.022860655561089516,0.023531682789325714,0.020345835015177727,0.011258627288043499,0.0,0.0005641458556056023,0.00408076960593462,0.0954376682639122,0.015805285423994064,0.006650072988122702,0.06534629315137863,0.08584623783826828,0.018962586298584938,9.79369506239891e-05,0.0060549043118953705,0.023975007236003876,0.006387221626937389,0.0012241930235177279,0.0,0.013971971347928047,0.022961586713790894,0.01587335206568241,0.014873592182993889,0.01590088941156864,0.004658975638449192,0.0037936035078018904,0.004489204380661249,0.0,0.0,0.025595514103770256,0.042835865169763565,0.002086516935378313,0.0006988081149756908,0.009834859520196915,0.0028515721205621958,0.0,0.0,0.0,0.008601638488471508,0.03677751496434212,0.016662612557411194,0.0006955532589927316,0.015712430700659752,0.0017928492743521929,0.0,0.0,0.0,0.0030835529323667288,0.012582821771502495,0.004730509594082832,0.0,0.0,0.0,0.0,0.0,0.0,0.003102893941104412,0.0,0.0,0.0,0.0,0.0,0.0
2025-05-09,0.0,5.4266711231321096e-05,0.0009708068682812154,0.0,0.0,0.001282446668483317,0.0018449288327246904,0.0,0.0,0.0,0.0,0.0,0.013451190665364265,0.09200252592563629,0.1358022689819336,5.4266711231321096e-05,0.0,0.0,0.0,0.0009094018023461103,0.013669902458786964,0.029707521200180054,0.0170595645904541,0.01693369820713997,5.4266711231321096e-05,0.0,0.0,0.0,0.002743891440331936,0.012743597850203514,0.022871902212500572,0.025764819234609604,0.024741049855947495,0.010481606237590313,0.00013291591312736273,0.0,0.0,0.0010328711941838264,0.0021144882775843143,0.0019042528001591563,0.029814068228006363,0.014163048006594181,0.047587595880031586,0.040086548775434494,0.0,0.0,0.0,0.0,0.0,0.011574131436645985,0.02520020678639412,0.005833061411976814,0.05880330502986908,0.0,0.0,0.0,0.0,5.4266711231321096e-05,0.012978553771972656,0.016642216593027115,0.009061228483915329,0.015873216092586517,0.00046802492579445243,0.0,5.4266711231321096e-05,0.0,0.00311528192833066,0.00693913409486413,0.002382189966738224,0.024746987968683243,0.011284074746072292,0.005473892204463482,0.00412380276247859,0.0050502861849963665,0.003552130190655589,0.002584081143140793,5.4266711231321096e-05,5.4266711231321096e-05,0.009228518232703209,0.009477618150413036,0.0015901739243417978,0.012797372415661812,0.011911055073142052,0.02117116004228592,0.004749380983412266,0.0,0.0013139849761500955,0.0,0.10137193650007248,0.013134321197867393,0.007073102053254843,0.05475355312228203,0.08326087892055511,0.02291996031999588,0.0033640353940427303,0.010380263440310955,0.009133229963481426,0.013103438541293144,0.0009823869913816452,0.0,0.026591481640934944,0.010661348700523376,0.024260658770799637,0.0022267126478254795,0.004409863147884607,0.0,0.002959904260933399,0.002933686366304755,0.0,0.0,0.030863173305988312,0.03686534985899925,0.01126963272690773,0.0009114379063248634,0.03165963292121887,0.002438534749671817,0.0,0.0,0.0,0.0009795792866498232,0.019332248717546463,0.016561131924390793,0.0005661845207214355,0.004347567912191153,0.0026037083007395267,0.0,0.0,0.0,0.0024329661391675472,0.007299888879060745,0.0005168274510651827,0.0,0.0,0.0,0.0,0.0,0.0,0.002923849504441023,0.0,0.0,0.0,0.0,0.0,0.0
2025-05-10,0.0,3.133160498691723e-05,0.0004255792300682515,0.0,0.007819512858986855,0.002981917466968298,0.0006368309259414673,0.0,0.0,0.0,0.0,0.0008585488540120423,0.02049154043197632,0.10896963626146317,0.16359566152095795,3.133160498691723e-05,0.0,0.0,0.0,0.0002888177987188101,0.019258607178926468,0.02469049021601677,0.013488762080669403,0.024836624041199684,3.133160498691723e-05,0.0,0.0,0.0,0.009318637661635876,0.0058102598413825035,0.02031518891453743,0.040178846567869186,0.046684324741363525,0.013261290267109871,0.0010315666440874338,0.0,0.0,0.0004670657799579203,0.0020136407110840082,0.0009482834720984101,0.019952405244112015,0.021603744477033615,0.04663815349340439,0.05046861618757248,0.0,0.0,0.0,0.0,0.0,0.0021501961164176464,0.018224338069558144,0.010641073808073997,0.05533919110894203,0.0,0.0,0.0,0.0,3.133160498691723e-05,0.006158951669931412,0.025591973215341568,0.008124159649014473,0.014922934584319592,0.00022343132877722383,0.0,3.133160498691723e-05,0.0,0.003461200278252363,0.01108318567276001,0.0012478530406951904,0.02668117731809616,0.019053656607866287,0.006110642105340958,0.004716853611171246,0.005130833014845848,0.003614040557295084,0.002234523417428136,3.133160498691723e-05,3.133160498691723e-05,0.006964974105358124,0.0037898095324635506,0.0017991997301578522,0.008418657816946507,0.019077565521001816,0.042669810354709625,0.00878300704061985,0.0,0.0017267591319978237,0.007639353163540363,0.11533153057098389,0.005609417334198952,0.008560553193092346,0.08208973705768585,0.10046994686126709,0.04144696891307831,0.0,0.015979008749127388,0.0169588103890419,0.002998121315613389,0.003051960375159979,0.0,0.010614006780087948,0.0123450243845582,0.009007835760712624,0.0034816316328942776,0.004420374054461718,0.013020174577832222,0.0027499727439135313,0.007216902915388346,0.0,0.0,0.03759411349892616,0.03147902712225914,0.008260619826614857,0.0028716232627630234,0.020623449236154556,0.0015381582779809833,0.0,0.0,0.0,0.0,0.012918835505843163,0.025100961327552795,0.0,0.002679084660485387,0.002474141540005803,0.0,0.0,0.0,0.0007767984643578529,0.009599676355719566,0.007186022587120533,0.0,0.0,0.0,0.0,0.0,0.0,0.0004087721463292837,0.0,0.0,0.0,0.0,0.0,0.0
2025-05-11,0.0,3.287804429419339e-05,0.0006207211408764124,0.0,0.020746104419231415,0.003948473837226629,0.001495271222665906,0.0,0.0,0.0,0.0,0.0012857222463935614,0.014052914455533028,0.10546252876520157,0.1988648623228073,3.287804429419339e-05,0.0,0.0,0.0,0.0003984051290899515,0.024696286767721176,0.013696343638002872,0.01061903778463602,0.015294483862817287,3.287804429419339e-05,0.0,0.0,0.0,0.005127222742885351,0.0028284662403166294,0.039270754903554916,0.018632687628269196,0.03340769559144974,0.030374009162187576,0.001813798095099628,0.0,0.0,0.0009229052811861038,0.0013622548431158066,0.0013532370794564486,0.007960228249430656,0.03187752515077591,0.052362702786922455,0.02845050022006035,0.0,0.0,0.0,0.0,0.0,0.0,0.016852952539920807,0.004153307061642408,0.07399014383554459,0.0,0.0,0.0,0.0,3.287804429419339e-05,0.005036228336393833,0.030838266015052795,0.00740003352984786,0.01619633659720421,0.00046071549877524376,0.0,3.287804429419339e-05,0.0,0.0037280996330082417,0.00802287831902504,0.0036810925230383873,0.025902913883328438,0.014447658322751522,0.006782347336411476,0.0032887342385947704,0.00527108833193779,0.003021666780114174,0.0010567333083599806,3.287804429419339e-05,3.287804429419339e-05,0.01688934676349163,0.015460682101547718,0.0014751985436305404,0.006475407164543867,0.008388735353946686,0.05645276606082916,0.012803633697330952,0.00040458887815475464,0.0015007472829893231,0.011606838554143906,0.09433509409427643,0.015256228856742382,0.019651634618639946,0.06889569014310837,0.07870890945196152,0.03966610133647919,0.0,0.008973808959126472,0.02850581891834736,0.0030501822475343943,0.0027203490026295185,0.0,0.014276895672082901,0.013215355575084686,0.010832121595740318,0.009508027695119381,0.010924826376140118,0.00452592596411705,0.0033180101308971643,0.0038061034865677357,0.0,0.0,0.018806487321853638,0.023345110937952995,0.0039939070120453835,0.0022358247078955173,0.01526202354580164,0.0018955380655825138,0.0,0.0,0.0,0.0,0.03261498734354973,0.029747601598501205,0.0,0.0036660018377006054,0.002536187879741192,0.0,0.0,0.0,0.0,0.0022105607204139233,0.006783387623727322,0.0,0.0,0.0,0.0,0.0,0.0,0.0002830945886671543,0.0,0.0,0.0,0.0,0.0,0.0
2025-05-12,0.0,3.170430500176735e-05,0.0009711887687444687,0.0,0.008399858139455318,0.002487184014171362,0.0022645615972578526,0.0,0.0,0.0,0.0,0.001231601694598794,0.015612725168466568,0.0761542022228241,0.20694996416568756,3.170430500176735e-05,0.0,0.0,0.0,0.0014310036785900593,0.03404376655817032,0.02202029712498188,0.017761027440428734,0.01282816007733345,3.170430500176735e-05,0.0,0.0,0.0,0.00609932467341423,0.0038427512627094984,0.03737574815750122,0.023335862904787064,0.04645013436675072,0.01375026348978281,0.0016800760058686137,0.0,0.0,0.0002754204033408314,0.0010162286926060915,0.003089337144047022,0.015260277315974236,0.011932105757296085,0.04723650589585304,0.02234983816742897,0.0,0.0,0.0,0.0,0.0,0.0,0.005857499316334724,0.002033005468547344,0.05259762704372406,0.0,0.0,0.0,0.0,3.170430500176735e-05,0.00435048621147871,0.02252357453107834,0.007750841323286295,0.012494729831814766,0.0003724904381670058,0.0,3.170430500176735e-05,0.0,0.004036710597574711,0.004058264661580324,0.00454357173293829,0.007692533545196056,0.023488987237215042,0.0051297834143042564,0.0025441059842705727,0.005035225301980972,0.0029211167711764574,0.002300667343661189,3.170430500176735e-05,3.170430500176735e-05,0.02240787446498871,0.002567778341472149,0.0008050561882555485,0.006516756024211645,0.005027060862630606,0.04253707826137543,0.006579522043466568,0.0,0.002622176194563508,0.02602127380669117,0.12225736677646637,0.0058557093143463135,0.005616317968815565,0.09392690658569336,0.07379566878080368,0.014347728341817856,0.001034455606713891,0.005532477051019669,0.0329727977514267,0.006133518181741238,0.003918470349162817,0.0,0.0163201205432415,0.019935019314289093,0.013737568631768227,0.0029709693044424057,0.004587619565427303,0.012296421453356743,0.0032400544732809067,0.004046773537993431,0.0,0.0,0.014678441919386387,0.03599526733160019,0.011177709326148033,0.0028846142813563347,0.02333051525056362,0.001701039494946599,0.0,0.0,0.0,0.0001507120905444026,0.024547070264816284,0.029088493436574936,0.0,0.004575860686600208,0.0034273797646164894,0.0,0.0,0.0,0.0,0.00045114289969205856,0.011118344962596893,0.0,0.0,0.0,0.0,0.0,0.0,0.009322366677224636,0.0,0.0,0.0,0.0,0.0,0.0
2025-05-13,0.0,4.180174437351525e-05,0.001281277509406209,0.0,0.0076415324583649635,0.002329736016690731,0.008276820182800293,0.0,0.0,0.0,0.0,0.0009915444534271955,0.010423560626804829,0.07831781357526779,0.22524920105934143,4.180174437351525e-05,0.0,0.0,0.0,0.0022155526094138622,0.03588486462831497,0.016082296147942543,0.020362235605716705,0.01838960498571396,4.180174437351525e-05,0.0,0.0,0.0,0.003787701018154621,0.005965682677924633,0.05221244692802429,0.04246121272444725,0.03763888031244278,0.006720154546201229,0.0022422363981604576,0.0,0.0,0.0004414594150148332,0.0012861733557656407,0.005190858151763678,0.021243561059236526,0.012703077867627144,0.0455879308283329,0.024076202884316444,0.0,0.0,0.0,0.0,0.0,0.0013378711882978678,0.004356334917247295,0.0039037761744111776,0.034594111144542694,0.0,0.0,0.0,0.0,4.180174437351525e-05,0.0025094947777688503,0.02288099378347397,0.008606256917119026,0.018807530403137207,0.00038218521513044834,0.0,4.180174437351525e-05,0.0,0.0012704699765890837,0.002220134250819683,0.012243629433214664,0.014176582917571068,0.017780836671590805,0.006376134231686592,0.003849990665912628,0.004728187341243029,0.0059607913717627525,0.0025205793790519238,4.180174437351525e-05,4.180174437351525e-05,0.009449392557144165,0.003275392111390829,0.0006942514446564019,0.005602185148745775,0.004545717034488916,0.019701983779668808,0.005199793726205826,2.706650411710143e-05,0.012817761860787868,0.013124944642186165,0.12479380518198013,0.01106959581375122,0.0038839937187731266,0.0691363662481308,0.07738396525382996,0.008669834583997726,0.0017872891621664166,0.002446301281452179,0.024083146825432777,0.0070151640102267265,0.01175994798541069,0.0,0.009845170192420483,0.010503046214580536,0.01724829524755478,0.0021275668404996395,0.0037876947317272425,0.015091480687260628,0.002557612955570221,0.008030173368752003,0.0,0.0,0.020693955942988396,0.030258527025580406,0.005629600957036018,0.0013385666534304619,0.012361321598291397,0.0017260998720303178,0.0,0.0,0.0,0.0007496212492696941,0.01439715176820755,0.011925874277949333,0.0005178687861189246,0.0051970453932881355,0.002859800588339567,0.0,0.0,0.0,0.0,0.01128431037068367,0.0049130357801914215,0.0,0.0,0.0,0.0,0.0,0.0,0.02394760027527809,0.0,0.0,0.0,0.0,0.0,0.0
2025-05-14,0.0,4.8549693019595e-05,0.0013671613996848464,0.0,0.013244563713669777,0.003381498157978058,0.003114804159849882,0.0,0.0,0.0,0.0,0.000715885718818754,0.008666404522955418,0.1197098046541214,0.20346589386463165,4.8549693019595e-05,0.0,0.0,0.0,0.0025047753006219864,0.02343827113509178,0.013369807973504066,0.028750013560056686,0.02030973695218563,4.8549693019595e-05,0.0,0.0,0.0,0.0077318912371993065,0.0015261983498930931,0.02043653279542923,0.027692575007677078,0.0391475073993206,0.007912866771221161,0.002515999833121896,0.0,0.0,0.0006316318758763373,0.0012815044028684497,0.008053241297602654,0.024686060845851898,0.014664076268672943,0.04075859859585762,0.019087322056293488,0.0,0.0,0.0,0.0,0.0,0.0023827173281461,0.013936290517449379,0.013953696936368942,0.040726613253355026,0.0,0.0,0.0,0.0,4.8549693019595e-05,0.005830505397170782,0.019954193383455276,0.008214347995817661,0.020359385758638382,0.0002482283452991396,0.0,4.8549693019595e-05,0.0,0.0,0.008197023533284664,0.025726143270730972,0.008872004225850105,0.008967570960521698,0.007867857813835144,0.004420118406414986,0.00493943365290761,0.0024083261378109455,0.002165380399674177,4.8549693019595e-05,4.8549693019595e-05,0.006270530633628368,0.01758405938744545,0.0005041792755946517,0.005548175424337387,0.0064399573020637035,0.017324551939964294,0.01813068613409996,0.0001942486851476133,0.0036082323640584946,0.006190808489918709,0.12821601331233978,0.008025451563298702,0.0024252920411527157,0.054594751447439194,0.06914249062538147,0.013993075117468834,0.0021624884102493525,0.003395556937903166,0.024172548204660416,0.011929781176149845,0.004031830001622438,0.0,0.013566209934651852,0.00934351421892643,0.03044874779880047,0.001807325053960085,0.0065468368120491505,0.00437527522444725,0.002934288466349244,0.004235172178596258,0.0,0.0,0.011721423827111721,0.02512580156326294,0.005846167914569378,0.0,0.013011313043534756,0.0023921136744320393,0.0,0.0,0.0,0.0011934746289625764,0.02263672649860382,0.01040240004658699,0.0005881735705770552,0.005805384833365679,0.001361224101856351,0.0,0.0,0.0,0.0076296525076031685,0.0,0.002879449399188161,0.0,0.0,0.0,0.0,0.0,0.0,0.004280998837202787,0.0,0.0,0.0,0.0,0.0,0.0
2025-05-15,0.0,6.503607437480241e-05,0.0002593559038359672,0.0,0.030142217874526978,0.00807145331054926,0.0009151159320026636,0.0,0.0,0.0,0.0,0.0,0.006911328062415123,0.12046743929386139,0.2071990966796875,6.503607437480241e-05,0.0,0.0,0.0,0.0020142709836363792,0.027856584638357162,0.01123003102838993,0.04113161936402321,0.019877029582858086,6.503607437480241e-05,0.0,0.0,0.0,0.006850747391581535,0.008281383663415909,0.023243073374032974,0.045379262417554855,0.059574924409389496,0.01808745414018631,0.0017741343472152948,0.0,0.0,0.000610680493991822,0.00077776238322258,0.012453318573534489,0.03731618449091911,0.022385848686099052,0.04494941234588623,0.027591193094849586,0.0,0.0,0.0,0.0,0.0,0.0031741587445139885,0.006762167904525995,0.00283819530159235,0.050865158438682556,0.0,0.0,0.0,0.0,6.503607437480241e-05,0.015036925673484802,0.032209448516368866,0.0072709727101027966,0.029117422178387642,0.0,0.0,6.503607437480241e-05,0.0,0.002534035127609968,0.012846832163631916,0.017706643790006638,0.022307347506284714,0.007351940963417292,0.017581552267074585,0.009224211797118187,0.004744119010865688,0.002177236368879676,0.0021138719748705626,6.503607437480241e-05,6.503607437480241e-05,0.00535686407238245,0.020099859684705734,0.0002755787572823465,0.00587639631703496,0.011368528008460999,0.02522307075560093,0.006642338819801807,0.00046957278391346335,0.0009217130718752742,0.00179634103551507,0.1057252436876297,0.01438360009342432,0.00468757189810276,0.07311305403709412,0.07102006673812866,0.01873958855867386,0.0017694528214633465,0.004255187232047319,0.030129436403512955,0.006392969284206629,0.002639569342136383,0.0,0.025305751711130142,0.010207056999206543,0.03004596382379532,0.003074434120208025,0.010106556117534637,0.009040974080562592,0.0031302100978791714,0.0014469585148617625,0.0,0.0,0.0137507114559412,0.01737833395600319,0.005723588168621063,0.004853993654251099,0.015971289947628975,0.0024146626237779856,0.0,0.0,0.0,0.0019243499264121056,0.03747306391596794,0.005797397345304489,0.0012580715119838715,0.00544170755892992,5.4772477596998215e-05,0.0,0.0,0.0,0.014398548752069473,0.0,0.0011217002756893635,0.0,0.0,0.0,0.0,0.0,0.0,0.0,0.0,0.0,0.0,0.0,0.0,0.0
2025-05-16,0.0,4.862273272010498e-05,0.0,0.0,0.015074506402015686,0.021585874259471893,0.0002867216244339943,0.0,0.0,0.0,0.0,0.00044343556510284543,0.010730448178946972,0.10774055123329163,0.19777554273605347,4.862273272010498e-05,0.0,0.0,0.0,0.0004749211948364973,0.02788568288087845,0.014019331894814968,0.0230708047747612,0.01971781812608242,4.862273272010498e-05,0.0,0.0,0.0,0.005680352449417114,0.00929929781705141,0.02543509565293789,0.03448678180575371,0.06358557939529419,0.009389704093337059,0.001394787454046309,0.0,0.0,0.0005767205730080605,0.0016740012215450406,0.006996295414865017,0.03194432705640793,0.025938138365745544,0.08179517090320587,0.03188623487949371,0.0,0.0,0.0,0.0,0.0,0.0028564855456352234,0.0073028989136219025,0.0,0.0603790357708931,0.0,0.0,0.0,0.0,4.862273272010498e-05,0.014199061319231987,0.010818947106599808,0.006962355226278305,0.020258137956261635,0.0,0.0,4.862273272010498e-05,0.0,0.013713361695408821,0.016564980149269104,0.01124946866184473,0.012190558016300201,0.013622062280774117,0.008801854215562344,0.003952266648411751,0.0040030712261796,0.002444439334794879,0.003134161699563265,4.862273272010498e-05,4.862273272010498e-05,0.0048332298174500465,0.00881084892898798,4.9547001253813505e-05,0.012716317549347878,0.006535265129059553,0.028310226276516914,0.015042535960674286,0.0005660795723088086,0.0027624124195426702,0.0,0.09234943985939026,0.009164330549538136,0.011250145733356476,0.07219183444976807,0.0702235996723175,0.04174134507775307,0.0009969919919967651,0.005582282319664955,0.036453600972890854,0.0036194990389049053,0.0020414015743881464,0.0,0.02356800064444542,0.02060955949127674,0.032539475709199905,0.0029062728863209486,0.005607617553323507,0.0049153780564665794,0.0036236343439668417,0.0029907310381531715,0.0,0.0,0.01929524540901184,0.04554813355207443,0.004274970851838589,0.004271567799150944,0.009889070875942707,0.002387403044849634,0.0,0.0,0.0,0.0017294541466981173,0.06685702502727509,0.006517352536320686,0.0011590778594836593,0.007051763124763966,0.0007743765600025654,0.0,0.0,0.0,0.004519491456449032,0.002005345653742552,0.0013475720770657063,0.0,0.0,0.0,0.0,0.0,0.0,0.0,0.0,0.0,0.0,0.0,0.0,0.0
2025-05-17,0.0,4.396095755510032e-05,0.003303075907751918,0.0,0.009900296106934547,0.010564715601503849,0.0006373159121721983,0.0,0.0,0.0,0.0,0.0005356265464797616,0.02339278720319271,0.09121484309434891,0.21549755334854126,4.396095755510032e-05,0.0,0.0,0.0,0.0012227490078657866,0.01838381588459015,0.003245125524699688,0.024782489985227585,0.031209152191877365,4.396095755510032e-05,0.0,0.0,0.0,0.001014077104628086,0.006532687693834305,0.022115478292107582,0.03549094870686531,0.05853087827563286,0.012158986181020737,0.0012317963410168886,0.0,0.0,0.000522128539159894,0.000904323416762054,0.009603643789887428,0.019353166222572327,0.01616574451327324,0.07092821598052979,0.05649631470441818,0.0,0.0,0.0,0.0,0.0,0.0025823707692325115,0.015271035954356194,0.0,0.05863698199391365,0.0,0.0,0.0,0.0,4.396095755510032e-05,0.025798998773097992,0.010734730400145054,0.009700439870357513,0.024140160530805588,0.0,0.0,4.396095755510032e-05,0.0,0.003688660915941,0.008283519186079502,0.0019125621765851974,0.015327771194279194,0.012583218514919281,0.017280180007219315,0.0014261906035244465,0.005382691975682974,0.007020699791610241,0.002152900444343686,4.396095755510032e-05,4.396095755510032e-05,0.0039982483722269535,0.0029277470894157887,0.0003069046651944518,0.003851106856018305,0.004141743760555983,0.04915853589773178,0.021165097132325172,0.0005269972607493401,0.004098688717931509,0.0,0.082340307533741,0.006403053645044565,0.013318292796611786,0.0598057322204113,0.050470635294914246,0.027910418808460236,0.001866648904979229,0.010231989435851574,0.023838497698307037,0.002719784853979945,0.0023607087787240744,0.0,0.016255196183919907,0.013812309131026268,0.048398394137620926,0.0037919781170785427,0.011899352073669434,0.02389507368206978,0.0017199357971549034,0.007319201715290546,0.0,0.0,0.015241684392094612,0.0348179005086422,0.0018720794469118118,0.0,0.014917353168129921,0.0018668083939701319,0.0,0.0,0.0,0.0014560756972059608,0.025188442319631577,0.006295963656157255,0.0007453240687027574,0.01563412882387638,0.0084090456366539,0.0,0.0,0.0,0.014378204941749573,0.017411785200238228,0.0,0.0,0.0,0.0,0.0,0.0,0.0,0.0013901540078222752,0.0,0.0,0.0,0.0,0.0,0.0
2025-05-18,0.0,1.2230846550664864e-05,0.0,0.0,0.00639397744089365,0.008729127235710621,0.005470131523907185,0.0,0.0,0.0,0.0,0.00032118300441652536,0.007241215091198683,0.0972938984632492,0.21511705219745636,1.2230846550664864e-05,0.0,0.0,0.0,0.006513684988021851,0.013849304057657719,0.015897758305072784,0.020369602367281914,0.02772718295454979,1.2230846550664864e-05,0.0,0.0,0.0,0.006651564966887236,0.008467597886919975,0.022412216290831566,0.041401706635951996,0.07010038942098618,0.012079417705535889,0.001077192253433168,0.0,0.0,0.00021898519480600953,0.0,0.002212132327258587,0.04413670673966408,0.01998058706521988,0.0580747053027153,0.056454338133335114,0.0,0.0,0.0,0.0,0.0,0.00441810442134738,0.016590479761362076,0.003791960421949625,0.05093458294868469,0.0,0.0,0.0,0.0,1.2230846550664864e-05,0.01263902522623539,0.013376712799072266,0.0044693658128380775,0.024533361196517944,0.0,0.0,1.2230846550664864e-05,0.0,0.0005744155496358871,0.005256521049886942,0.0,0.007527231238782406,0.013448117300868034,0.008876299485564232,0.0,0.0055619338527321815,1.431838609278202e-05,0.002656975295394659,1.2230846550664864e-05,1.2230846550664864e-05,0.007491685450077057,0.0033060843124985695,0.0001455112360417843,0.0027956757694482803,0.0026965972501784563,0.04018580541014671,0.009956255555152893,0.00012994452845305204,0.004624951630830765,0.00016122381202876568,0.08609116077423096,0.0070923385210335255,0.02382347546517849,0.09639232605695724,0.04177349805831909,0.03684423863887787,0.0015261623775586486,0.020714279264211655,0.02445169724524021,0.006642872001975775,0.0034644072875380516,0.0,0.027902688831090927,0.01784898154437542,0.024330507963895798,0.00669791828840971,0.0051378789357841015,0.01641511172056198,0.0005450559547170997,0.003403702285140753,0.0,0.0,0.012707212939858437,0.03926558420062065,0.009271984919905663,0.0,0.016534704715013504,0.001858993200585246,0.0,0.0,0.0,0.000630704453215003,0.017529571428894997,0.008876499719917774,0.0003385597374290228,0.0029198452830314636,0.011035747826099396,0.0,0.0,0.0,0.01999475806951523,0.010145874693989754,0.0,0.0,0.0,0.0,0.0,0.0,0.0,0.004139604512602091,0.0,0.0,0.0,0.0,0.0,0.0
2025-05-19,0.0,2.796324042719789e-05,0.0,0.0,0.008315889164805412,0.012988622300326824,0.0025530289858579636,0.0,0.0,0.0,0.0,0.0008266771910712123,0.006143965292721987,0.09765461087226868,0.19824890792369843,2.796324042719789e-05,0.0,0.0,0.0,0.004715167451649904,0.016822272911667824,0.026605134829878807,0.023893987759947777,0.0494193509221077,2.796324042719789e-05,0.0,0.0,0.0,0.0004588766023516655,0.0028242687694728374,0.02797209843993187,0.04913805425167084,0.059307970106601715,0.026656221598386765,0.0017859505023807287,0.0,0.0,0.0,0.0013953454326838255,0.0009868284687399864,0.06037049740552902,0.026440735906362534,0.04248730093240738,0.041586361825466156,0.0,0.0,0.0,0.0,0.0,0.005492616444826126,0.016631370410323143,0.002111446112394333,0.10773999989032745,0.0,0.0,0.0,0.0,2.796324042719789e-05,0.007567289285361767,0.025615401566028595,0.006333078257739544,0.03803694620728493,0.0,0.0,2.796324042719789e-05,0.0,0.002694059396162629,0.019458744674921036,0.02267489582300186,0.011100390926003456,0.010756542906165123,0.007797424681484699,0.010570406913757324,0.005506962537765503,0.0024696849286556244,0.007312207017093897,2.796324042719789e-05,2.796324042719789e-05,0.015862852334976196,0.0,0.0005833795294165611,0.00978504866361618,0.0022327566985040903,0.025437161326408386,0.012148890644311905,0.0,0.005008771549910307,0.0,0.09468605369329453,0.014591483399271965,0.013784501701593399,0.09523207694292068,0.06181558221578598,0.016826003789901733,0.0014310573460534215,0.010753922164440155,0.034016016870737076,0.003748686518520117,0.007484357338398695,0.0,0.030126478523015976,0.01601603254675865,0.010924235917627811,0.009257994592189789,0.003979614935815334,0.014100268483161926,0.0017271405085921288,0.0019774495158344507,0.0,0.0,0.014141388237476349,0.051566969603300095,0.01762666553258896,0.018915072083473206,0.014992188662290573,0.002821919973939657,0.0,0.0,0.0,0.002148783067241311,0.018394486978650093,0.008933749049901962,0.0016862518386915326,0.0013329191133379936,0.00765336723998189,0.0,0.0,0.0,0.021142611280083656,0.006805389653891325,0.0,0.0,0.0,0.0,0.0,0.0,0.0,0.00940330047160387,0.0,0.0,0.0,0.0,0.0,0.0
2025-05-20,0.0,3.7374997191363946e-05,0.0008401117520406842,0.0,0.009830744005739689,0.006265768315643072,0.00713563896715641,0.0,0.0,0.0,0.0,0.0008598454878665507,0.0061882855370640755,0.12852688133716583,0.1869104504585266,3.7374997191363946e-05,0.0,0.0,0.0,0.002298765117302537,0.03051627054810524,0.024445848539471626,0.010190935805439949,0.04702690988779068,3.7374997191363946e-05,0.0,0.0,0.0,0.008778409101068974,0.0024900464341044426,0.02809898741543293,0.04094290733337402,0.04160964488983154,0.012879583984613419,0.004615311976522207,0.0,0.0,0.0005455769714899361,0.0017190116923302412,0.0017114590154960752,0.05008643865585327,0.013202350586652756,0.03838328644633293,0.03983882814645767,0.0,0.0,0.0,0.0,0.0,0.008975425735116005,0.011195303872227669,0.011421732604503632,0.09521732479333878,0.0,0.0,0.0,0.0,3.7374997191363946e-05,0.010032469406723976,0.01607091724872589,0.015104865655303001,0.02588501200079918,0.0,0.0,3.7374997191363946e-05,0.0,0.013977134600281715,0.006290648132562637,0.031318455934524536,0.006017016246914864,0.015245413407683372,0.014589319005608559,0.00518487673252821,0.005157659761607647,0.01697290688753128,0.003535547759383917,3.7374997191363946e-05,3.7374997191363946e-05,0.015502169728279114,0.006198014132678509,0.000816442770883441,0.014505445025861263,0.007036733441054821,0.037398457527160645,0.011142848990857601,7.592880865558982e-05,0.011921616271138191,0.0,0.09865030646324158,0.007917884737253189,0.0071530407294631,0.09137074649333954,0.08206737041473389,0.03382797911763191,0.0013705603778362274,0.009544740431010723,0.020479347556829453,0.003699356922879815,0.0029007538687437773,0.0,0.028158988803625107,0.025893468409776688,0.021260417997837067,0.015700437128543854,0.0044149188324809074,0.008229304105043411,0.010734091512858868,0.0015453491359949112,0.0,0.0,0.02121143974363804,0.04530062526464462,0.0025745127350091934,0.010067514143884182,4.914775490760803e-05,0.002996087074279785,0.0,0.0,0.0,0.00903154257684946,0.02016288973391056,0.0014546066522598267,0.008135408163070679,0.003092507366091013,0.012633804231882095,0.0,0.0,0.0,0.010059794411063194,0.01708420366048813,0.0016139406943693757,0.0,0.0,0.0,0.0,0.0,0.0,0.0024356681387871504,0.0,0.0,0.0,0.0,0.0,0.0
2025-05-21,0.0,2.936616147053428e-05,0.0013922682264819741,0.0,0.010583553463220596,0.0044191754423081875,0.0024500528816133738,0.0,0.0,0.0,0.0,0.0008175245602615178,0.009353559464216232,0.11800534278154373,0.18941116333007812,2.936616147053428e-05,0.0,0.0,0.0,0.0033431698102504015,0.023315951228141785,0.04645659402012825,0.015045338310301304,0.06594271957874298,2.936616147053428e-05,0.0,0.0,0.0,0.003547380678355694,0.00503397174179554,0.021086592227220535,0.03083563596010208,0.04947227984666824,0.014463512226939201,0.0014543962897732854,0.0,0.0,0.0007670406484976411,0.0011866774875670671,0.0018867574399337173,0.044497519731521606,0.014449188485741615,0.04628445953130722,0.040572911500930786,0.0,0.0,0.0,0.0,0.0,0.016148699447512627,0.02125713974237442,0.0015427058096975088,0.05203360319137573,0.0,0.0,0.0,0.0,2.936616147053428e-05,0.006035820115357637,0.008216884918510914,0.013678031973540783,0.015538660809397697,0.0017156472895294428,0.0,2.936616147053428e-05,0.0,0.004084629938006401,0.010015353560447693,0.04059236869215965,0.009357277303934097,0.010348601266741753,0.013476511463522911,0.001113182632252574,0.004980559926480055,0.004205717705190182,0.0033354940824210644,2.936616147053428e-05,2.936616147053428e-05,0.00743231363594532,0.008358637802302837,0.0010226366575807333,0.011282488703727722,0.013554459437727928,0.018673185259103775,0.008577849715948105,0.00021475041285157204,0.014535939320921898,0.0,0.11583882570266724,0.000607677735388279,0.007366600446403027,0.08039461821317673,0.06645971536636353,0.035556964576244354,0.0027653223369270563,0.023431183770298958,0.02005787380039692,0.006047421135008335,0.002854878082871437,0.0,0.013918895274400711,0.0207659974694252,0.025194410234689713,0.02906458079814911,0.0020314031280577183,0.019855614751577377,0.003964574076235294,0.0014196180272847414,0.0,0.0,0.0170005913823843,0.03976435214281082,0.006510160397738218,0.003788970410823822,0.025211934000253677,0.0022009490057826042,0.0,0.0,0.0,0.0020152044016867876,0.03653845936059952,0.005805118940770626,0.0030051032081246376,0.005966788157820702,0.009056011214852333,0.0,0.0,0.0,0.004186674486845732,0.007198134902864695,0.0,0.0,0.0,0.0,0.0,0.0,0.0,0.0,0.0,0.0,0.0,0.0,0.0,0.0
2025-05-22,0.0,3.2761250622570515e-05,0.0016189021989703178,0.0,0.011718964204192162,0.005615241825580597,0.0015163971111178398,0.0,0.0,0.0,0.0,0.001131763681769371,0.021103249862790108,0.09179671108722687,0.23648762702941895,3.2761250622570515e-05,0.0,0.0,0.0,0.004495799541473389,0.022189538925886154,0.04908662661910057,0.021968644112348557,0.051156945526599884,3.2761250622570515e-05,0.0,0.0,0.0,0.012517161667346954,0.016913197934627533,0.02271801419556141,0.037223681807518005,0.052960105240345,0.010736764408648014,0.0006551360129378736,0.0,0.0,0.0007239949190989137,0.0010170374298468232,0.003275809809565544,0.03494548797607422,0.023655733093619347,0.03856004774570465,0.04964601993560791,0.0,0.0,0.0,0.0,0.0,0.008874836377799511,0.028937816619873047,0.0017301591578871012,0.05028602480888367,0.0,0.0,0.0,0.0,3.2761250622570515e-05,0.0040737357921898365,0.007354244589805603,0.008313339203596115,0.02082379162311554,0.0060294927097857,0.0,3.2761250622570515e-05,0.0,0.0017505749128758907,0.004721738398075104,0.023040905594825745,0.014260734431445599,0.00985927414149046,0.007720790803432465,0.002402026206254959,0.004837615415453911,0.0019612174946814775,0.00339525006711483,3.2761250622570515e-05,3.2761250622570515e-05,0.0067848702892661095,0.012044280767440796,0.0008805877878330648,0.023602470755577087,0.0037207677960395813,0.012684068642556667,0.020985038951039314,0.0003813535731751472,0.006235925480723381,0.00022373232059180737,0.09593711793422699,0.010330788791179657,0.017003865912556648,0.10493341088294983,0.0719909518957138,0.0190743338316679,0.0103559335693717,0.042829692363739014,0.014972655102610588,0.011000949889421463,0.0047401185147464275,0.0,0.0187943484634161,0.021516161039471626,0.02877301722764969,0.01853705570101738,0.002864640671759844,0.005072706378996372,0.006980170030146837,0.0,0.0,0.0,0.018889935687184334,0.05606203153729439,0.004935088567435741,0.0010397452861070633,0.030708905309438705,0.0015071629313752055,0.0,0.0,0.0,0.0008455158094875515,0.016537990421056747,0.019677985459566116,0.00866098515689373,0.012757950462400913,0.009681371971964836,0.0,0.0,0.0,0.0,0.004919902421534061,0.00011978577822446823,0.0,0.0,0.0,0.0,0.0,0.0,0.0012865196913480759,0.0,0.0,0.0,0.0,0.0,0.0
2025-05-23,0.0,5.263951970846392e-05,0.0014358068583533168,0.0,0.012669162824749947,0.008507007732987404,0.0016753755044192076,0.0,0.0,0.0,0.0,0.0020509224850684404,0.01562434621155262,0.08255820721387863,0.2510937750339508,5.263951970846392e-05,0.0,0.0,0.0,0.0038768851663917303,0.03661714121699333,0.03075828030705452,0.03354589641094208,0.04306144267320633,5.263951970846392e-05,0.0,0.0,0.0,0.014945107512176037,0.002513169776648283,0.03459080308675766,0.042000241577625275,0.05142921581864357,0.007170765195041895,0.0006748667219653726,0.0,0.0,0.0006416908581741154,0.001063687028363347,0.008894667029380798,0.03724604472517967,0.03090084157884121,0.05522167682647705,0.04555604234337807,0.0,0.0,0.0,0.0,0.0,0.005245781037956476,0.008741148747503757,0.0014225752092897892,0.0857391208410263,0.0,0.0,0.0,0.0,5.263951970846392e-05,0.00441594235599041,0.01662803813815117,0.006707268301397562,0.02857918292284012,0.013783819042146206,0.0,5.263951970846392e-05,0.0,0.0012490040389820933,0.0030328352004289627,0.02269452065229416,0.021234948188066483,0.009122167713940144,0.00852273777127266,0.005211167503148317,0.005687075667083263,0.002654497977346182,0.00407858332619071,5.263951970846392e-05,5.263951970846392e-05,0.009749457240104675,0.0068590822629630566,0.0008086124435067177,0.005113739985972643,0.003922971431165934,0.014067058451473713,0.00818000826984644,0.00042942253639921546,0.004354548640549183,0.0017175523098558187,0.09041674435138702,0.002387567423284054,0.02588263526558876,0.07640372216701508,0.07017835974693298,0.013901514932513237,0.0034602582454681396,0.016027599573135376,0.012853008694946766,0.017985211685299873,0.011101176030933857,0.0,0.019480329006910324,0.022794846445322037,0.032446831464767456,0.006065139081329107,0.012293149717152119,0.0005245404317975044,0.0030096652917563915,0.0015280876541510224,0.0,0.0,0.025154735893011093,0.028891265392303467,0.005286743398755789,0.004245585761964321,0.029863685369491577,0.00024108542129397392,0.0,0.0,0.0,0.0019007959635928273,0.024974007159471512,0.00659450888633728,0.0028366567566990852,0.025126878172159195,0.011203865520656109,0.0,0.0,0.0,0.0,0.0041815899312496185,0.0022441809996962547,0.0,0.0,0.0,0.0,0.0,0.0,0.008915088139474392,0.0,0.0,0.0,0.0,0.0,0.0
2025-05-24,0.0,5.2058061555726454e-05,0.0007468530675396323,0.0,0.01978398486971855,0.01949758268892765,0.006156798452138901,0.0,0.0,0.0,0.0,0.0030805969145148993,0.02132355235517025,0.10581851005554199,0.20156875252723694,5.2058061555726454e-05,0.0,0.0,0.0,0.004075795412063599,0.0256030410528183,0.015442999079823494,0.03564939647912979,0.04895639047026634,5.2058061555726454e-05,0.0,0.0,0.0,0.015417702496051788,0.0,0.03861617669463158,0.04751257598400116,0.05285928398370743,0.0076709045097231865,0.0011959965340793133,0.0,0.0,0.000801884918473661,0.0,0.008041854947805405,0.03036033734679222,0.011515005491673946,0.05189180746674538,0.02243443764746189,0.0,0.0,0.0,0.0,0.0,0.0022920428309589624,0.010199246928095818,0.004070431459695101,0.05660729855298996,0.0,0.0,0.0,0.0,5.2058061555726454e-05,0.005534245166927576,0.00799585971981287,0.005957411602139473,0.02935134992003441,0.006153568625450134,0.0,5.2058061555726454e-05,0.0,0.0017075380310416222,0.00480050640180707,0.02352915145456791,0.009994713589549065,0.008652135729789734,0.00921320915222168,0.004064502194523811,0.010746564716100693,0.0018342999974265695,0.008993535302579403,5.2058061555726454e-05,5.2058061555726454e-05,0.01899843104183674,0.0050232065841555595,0.0003891973465215415,0.007613069377839565,0.0038442937657237053,0.024893220514059067,0.004556574858725071,0.00020413610036484897,0.004362017847597599,0.004311842378228903,0.10542766749858856,0.0036716945469379425,0.016422037035226822,0.0598718486726284,0.060215361416339874,0.03431672230362892,0.0016510155983269215,0.007792249321937561,0.019406989216804504,0.010633394122123718,0.018077101558446884,0.0,0.016647804528474808,0.016775833442807198,0.03233136981725693,0.012486854568123817,0.0075111305341124535,0.004976801574230194,0.011408044956624508,0.0025164480321109295,0.0,0.0,0.026721924543380737,0.027010656893253326,0.00681433267891407,0.0185024943202734,0.014410020783543587,0.001924396026879549,0.0,0.0,0.0,0.0018145883223041892,0.024393443018198013,0.00364086776971817,0.0014903612900525331,0.012893572449684143,0.017875894904136658,0.0,0.0,0.0,0.0,0.010668686591088772,0.001353980042040348,0.0,0.0,0.0,0.0,0.0,0.0,0.0035639998968690634,0.0,0.0,0.0,0.0,0.0,0.0
2025-05-25,0.0,6.527595542138442e-05,0.0,0.0,0.024293355643749237,0.009578131139278412,0.0039411247707903385,0.0,0.0,0.0,0.0,0.0075064185075461864,0.022434523329138756,0.08544258028268814,0.19775813817977905,6.527595542138442e-05,0.0,0.0,0.0,0.002755616093054414,0.022598814219236374,0.02405567094683647,0.029273411259055138,0.03788452595472336,6.527595542138442e-05,0.0,0.0,0.0,0.008396195247769356,0.0008192774839699268,0.03182685375213623,0.06744305044412613,0.053225524723529816,0.009034407325088978,0.0009819010738283396,0.0,0.0,0.000827305018901825,0.0026224255561828613,0.0017217453569173813,0.03194381296634674,0.02046235278248787,0.04540744051337242,0.021590109914541245,0.0,0.0,0.0,0.0,0.0,0.0030623930506408215,0.025915224105119705,0.006457248702645302,0.04645901545882225,0.0,0.0,0.0,0.0,6.527595542138442e-05,0.010780015960335732,0.01047513447701931,0.005898624658584595,0.035434797406196594,0.0017867600545287132,0.0,6.527595542138442e-05,0.0,0.003006806131452322,0.006739114876836538,0.02509308233857155,0.01598416268825531,0.014231483452022076,0.00894174724817276,0.003110310062766075,0.006337170023471117,0.0,0.004376673139631748,6.527595542138442e-05,6.527595542138442e-05,0.01019033882766962,0.006616945844143629,0.0,0.011590316891670227,0.006260249298065901,0.018697142601013184,0.009307357482612133,0.0,0.0027380369137972593,0.007739141583442688,0.12724587321281433,0.00892556831240654,0.010067561641335487,0.09330731630325317,0.03826389089226723,0.03056027740240097,0.00029338221065700054,0.007645851466804743,0.017358511686325073,0.007715549319982529,0.017628025263547897,0.0,0.01582178846001625,0.021880023181438446,0.025289524346590042,0.01941422000527382,0.006229441147297621,0.012297282926738262,0.003452194854617119,0.0029033608734607697,0.0,0.0,0.024100717157125473,0.03855258971452713,0.013004561886191368,0.008451556786894798,0.012392536737024784,0.015338284894824028,0.0,0.0,0.0,0.0015672718873247504,0.02407132089138031,0.006363872438669205,0.0012909102952107787,0.00893932580947876,0.008933653123676777,0.0,0.0,0.0,0.0007880995981395245,0.014644360169768333,0.0033152075484395027,0.0,0.0,0.0,0.0,0.0,0.0,0.0015653042355552316,0.0,0.0,0.0,0.0,0.0,0.0
2025-05-26,0.0,2.7450085326563567e-05,0.00015073147369548678,0.0,0.01537667028605938,0.0051098656840622425,0.007999223656952381,0.0,0.0,0.0,0.0,0.0027099354192614555,0.02199297770857811,0.09191235154867172,0.21439413726329803,2.7450085326563567e-05,0.0,0.0,0.0,0.002563335932791233,0.026214558631181717,0.011998765170574188,0.022553322836756706,0.051605526357889175,2.7450085326563567e-05,0.0,0.0,0.0,0.009710241109132767,0.003845261177048087,0.027412019670009613,0.05456409603357315,0.06618273258209229,0.015545405447483063,0.0003550525289028883,0.0,0.0,0.0015669893473386765,0.007770424243062735,0.0013115087058395147,0.044702764600515366,0.023747805505990982,0.051966022700071335,0.03179972991347313,0.0,0.0,0.0,0.0,0.0,0.01347160991281271,0.018464338034391403,0.006925521418452263,0.07020463049411774,0.0,0.0,0.0,0.0,2.7450085326563567e-05,0.003613303881138563,0.017606087028980255,0.008383071050047874,0.020969415083527565,0.0,0.0,2.7450085326563567e-05,0.0,0.003166071604937315,0.015695510432124138,0.020526962354779243,0.012248838320374489,0.01758711040019989,0.007457295898348093,0.0065767643973231316,0.004970924463123083,0.004547975026071072,0.002914798678830266,2.7450085326563567e-05,2.7450085326563567e-05,0.006144539453089237,0.0059888907708227634,0.0,0.024902846664190292,0.00824025645852089,0.02048565447330475,0.008192561566829681,0.0,0.00011910172179341316,0.0127949807792902,0.154611736536026,0.018055709078907967,0.0045157731510698795,0.07998821884393692,0.039356328547000885,0.020821938291192055,0.0015834098448976874,0.023343337699770927,0.02230144664645195,0.0060675544664263725,0.002628922462463379,0.0,0.025916196405887604,0.020328231155872345,0.018546538427472115,0.0040476662106812,0.0061221979558467865,0.007175969425588846,0.002048850292339921,0.0011637702118605375,0.0,0.0,0.02549443021416664,0.04727472364902496,0.006966994609683752,0.006044363137334585,0.014775854535400867,0.005034086760133505,0.0,0.0,0.0,0.0017630187794566154,0.046204857528209686,0.010713738389313221,0.0011747940443456173,0.0020220535807311535,0.0023285814095288515,0.0,0.0,0.0,0.0,0.0022702752612531185,0.0008091693744063377,0.0,0.0,0.0,0.0,0.0,0.0,0.0002728775143623352,0.0,0.0,0.0,0.0,0.0,0.0
2025-05-27,0.0,3.885073965648189e-05,0.00026642202283255756,0.0,0.021122675389051437,0.0032765506766736507,0.005986088886857033,0.0,0.0,0.0,0.0,0.0021201730705797672,0.014573430642485619,0.12484747171401978,0.21553927659988403,3.885073965648189e-05,0.0,0.0,0.0,0.008352842181921005,0.021782267838716507,0.01409347727894783,0.022410770878195763,0.05289168655872345,3.885073965648189e-05,0.0,0.0,0.0,0.018473004922270775,0.009013385511934757,0.02757677622139454,0.040305811911821365,0.04085933417081833,0.019219549372792244,0.0010378595907241106,0.0,0.0,0.006588377524167299,0.002941485494375229,0.0029807686805725098,0.0472012534737587,0.02228582836687565,0.06592763960361481,0.02304888889193535,0.0,0.0,0.0,0.0,0.0,0.0006745641585439444,0.0057492912746965885,0.00351962773129344,0.05047035217285156,0.0,0.0,0.0,0.0,3.885073965648189e-05,0.00312725268304348,0.018570667132735252,0.014701653271913528,0.01626233011484146,0.0,0.0,3.885073965648189e-05,0.0,0.003249852452427149,0.00826207920908928,0.006784042809158564,0.014885439537465572,0.011057475581765175,0.006565079092979431,0.007256107404828072,0.004929097834974527,0.030016396194696426,0.003620406147092581,3.885073965648189e-05,3.885073965648189e-05,0.006470010615885258,0.008338164538145065,0.0017228694632649422,0.0258241705596447,0.013299204409122467,0.06031281501054764,0.020686836913228035,0.005201838910579681,0.00046083773486316204,0.0076455892994999886,0.09817333519458771,0.011875635012984276,0.00143083231523633,0.07311640679836273,0.04344785958528519,0.02157704345881939,0.0015561857726424932,0.017043083906173706,0.03656432032585144,0.013026993721723557,0.00011870777234435081,0.0,0.04433808475732803,0.018615055829286575,0.02450953982770443,0.0013357694260776043,0.003004139056429267,0.00897771492600441,0.0029618593398481607,0.0025858778972178698,0.0,0.0,0.04492794722318649,0.02770375646650791,0.013540703803300858,0.004777119029313326,0.02301476150751114,0.0,0.0,0.0,0.0,0.001898116315715015,0.02950642816722393,0.022853661328554153,0.0008258678717538714,0.00047815986908972263,0.0007201214320957661,0.0,0.0,0.0,0.0,0.001449383795261383,0.0016475401353091002,0.0,0.0,0.0,0.0,0.0,0.0,0.0006492158863693476,0.0,0.0,0.0,0.0,0.0,0.0
2025-05-28,0.0,5.1809081924147904e-05,0.0005113496445119381,0.0,0.03247401863336563,0.0034145775716751814,0.00928337499499321,0.0,0.0,0.0,0.0,0.002264290116727352,0.014440644532442093,0.1280485987663269,0.22741737961769104,5.1809081924147904e-05,0.0,0.0,0.0,0.0030476883985102177,0.02772419899702072,0.028875162824988365,0.018333064392209053,0.053240686655044556,5.1809081924147904e-05,0.0,0.0,0.0,0.0050988756120204926,0.023112889379262924,0.02350591868162155,0.04041469842195511,0.05279187858104706,0.02513635903596878,0.004509289748966694,0.0,0.0,0.0018075585830956697,0.0018325763521715999,0.0038583455607295036,0.028237681835889816,0.01559668779373169,0.07128061354160309,0.028221536427736282,0.0,0.0,0.0,0.0,0.0,0.0020180968567728996,0.006036907434463501,9.32496041059494e-05,0.04586486890912056,0.0,0.0,0.0,0.0,5.1809081924147904e-05,0.004897703882306814,0.028605859726667404,0.030477656051516533,0.024774454534053802,0.0,0.0,5.1809081924147904e-05,0.0,0.0038959619123488665,0.014549464918673038,0.011061688885092735,0.02609318494796753,0.01677417755126953,0.008030110038816929,0.0035051314625889063,0.004572050180286169,0.0048932041972875595,0.002647451125085354,5.1809081924147904e-05,5.1809081924147904e-05,0.01819601282477379,0.004001464229077101,0.007921203970909119,0.015906523913145065,0.020328296348452568,0.06731980293989182,0.006279865279793739,4.344386979937553e-06,0.003728557378053665,0.0035523870028555393,0.09299418330192566,0.007717250380665064,0.007345798425376415,0.09886187314987183,0.02774432674050331,0.03458808362483978,0.002029580296948552,0.0067144595086574554,0.05280004441738129,0.011955257505178452,0.0022901829797774553,0.0,0.030590830370783806,0.018151015043258667,0.023015500977635384,0.0025570017751306295,0.0,0.01226833276450634,0.0036567673087120056,0.0017521807458251715,0.0,0.0,0.0304807610809803,0.032406847923994064,0.025487283244729042,0.002104673534631729,0.014261526055634022,0.00032510794699192047,0.0,0.0,0.0,0.0011748933466151357,0.026403630152344704,0.020384062081575394,0.0006640942883677781,0.001424495130777359,0.004837001673877239,0.0,0.0,0.0,0.0037495442666113377,0.005248392932116985,0.003273351350799203,0.0,0.0,0.0,0.0,0.0,0.0,0.0015710003208369017,0.0,0.0,0.0,0.0,0.0,0.0
2025-05-29,0.0,7.463766814908013e-05,0.0008552669314667583,0.0,0.028868962079286575,0.0019419239833950996,0.005812366493046284,0.0,0.0,0.0,0.0,0.0023367227986454964,0.025150397792458534,0.11088348925113678,0.24902740120887756,7.463766814908013e-05,0.0,0.0,0.0,0.0034588032867759466,0.028187938034534454,0.02192929945886135,0.013821995817124844,0.03272809088230133,7.463766814908013e-05,0.0,0.0,0.0,0.001675986684858799,0.018113041296601295,0.016023438423871994,0.049140941351652145,0.06295378506183624,0.013772794045507908,0.0011727153323590755,0.0,0.0,0.0010228027822449803,0.0017261136090382934,0.004705582745373249,0.02574918419122696,0.013800321146845818,0.06550205498933792,0.03792863339185715,0.0,0.0,0.0,0.0,0.0,0.0,0.006423663347959518,0.002854973077774048,0.0660940408706665,0.0,0.0,0.0,0.0,7.463766814908013e-05,0.010622084140777588,0.027503516525030136,0.021954726427793503,0.03347526118159294,0.0,0.0,7.463766814908013e-05,0.0,0.002937575802206993,0.03581979498267174,0.019986458122730255,0.01981518231332302,0.019066626206040382,0.007184877991676331,0.0017150889616459608,0.00483388127759099,0.0,0.0024465550668537617,7.463766814908013e-05,7.463766814908013e-05,0.005425801035016775,0.0007043499499559402,0.001440906198695302,0.01153817493468523,0.013310471549630165,0.041157595813274384,0.0037972205318510532,0.0,0.008282671682536602,0.0022734832018613815,0.10035757720470428,0.007361201569437981,0.020438101142644882,0.0666760504245758,0.036102045327425,0.02181866578757763,0.002203619107604027,0.004439055919647217,0.026227040216326714,0.02005727030336857,0.004191977437585592,0.0,0.01132279634475708,0.009383684024214745,0.018761062994599342,0.002450285479426384,0.00568213127553463,0.017237205058336258,0.0038218810223042965,0.0003870287910103798,0.0,0.0,0.02900155633687973,0.04129898548126221,0.011893339455127716,0.00492058414965868,0.007977580651640892,0.002724454738199711,0.0,0.0,0.0,0.0003156820312142372,0.04571162909269333,0.022046785801649094,0.0011471519246697426,0.0036974051035940647,0.0,0.0,0.0,0.0,0.0009416388347744942,0.012235807254910469,0.007632339373230934,0.0,0.0,0.0,0.0,0.0,0.0,0.0025384104810655117,0.0,0.0,0.0,0.0,0.0,0.0
2025-05-30,0.0,7.900284981587902e-05,0.0008328233961947262,0.0,0.017558645457029343,0.0018493948737159371,0.004774614702910185,0.0,0.0,0.0,0.0,0.0034895678982138634,0.014330828562378883,0.12557953596115112,0.24875473976135254,7.900284981587902e-05,0.0,0.0,0.0,0.008259745314717293,0.02501801773905754,0.014743240550160408,0.020788397639989853,0.033479973673820496,7.900284981587902e-05,0.0,0.0,0.0,0.006553616374731064,0.013851489871740341,0.022023547440767288,0.03769908845424652,0.06565295904874802,0.011374613270163536,0.0032943258993327618,0.0,0.0,0.000821717141661793,0.001018119161017239,0.0043718162924051285,0.03019113466143608,0.011245951056480408,0.05795251578092575,0.024904705584049225,0.0,0.0,0.0,0.0,0.0,0.005527583882212639,0.010628572665154934,0.006543071940541267,0.05158021301031113,0.0,0.0,0.0,0.0,7.900284981587902e-05,0.006336690858006477,0.018086159601807594,0.011705268174409866,0.035827409476041794,0.0,0.0,7.900284981587902e-05,0.0,0.004010326694697142,0.04207436740398407,0.0188230499625206,0.01274536270648241,0.013039086014032364,0.008886887691915035,0.002303777262568474,0.004944245796650648,0.0017223326722159982,0.002589902374893427,7.900284981587902e-05,7.900284981587902e-05,0.0038204542361199856,0.0022333208471536636,0.0,0.011724620126187801,0.006364719942212105,0.03927323594689369,0.007528967689722776,0.0001023009535856545,0.022519297897815704,0.007544425781816244,0.09696421772241592,0.010605944320559502,0.0108269564807415,0.0681140199303627,0.05221622437238693,0.020874187350273132,0.0018653583247214556,0.005037661176174879,0.02170206792652607,0.038306742906570435,0.003307504113763571,0.0,0.011337026953697205,0.015488073229789734,0.02807636559009552,0.004279076121747494,0.0,0.02273804135620594,0.0031266394071280956,0.008549225516617298,0.0,0.0,0.029435910284519196,0.03624909743666649,0.006990018300712109,0.0032087741419672966,0.0166483074426651,0.0040093883872032166,0.0,0.0,0.0,0.0,0.030563998967409134,0.009684896096587181,0.00031831394881010056,0.00614041555672884,0.002861186396330595,0.0,0.0,0.0,0.0015613229479640722,0.01177901029586792,0.003099215915426612,0.0,0.0,0.0,0.0,0.0,0.0,0.002058817772194743,0.0,0.0,0.0,0.0,0.0,0.0
2025-05-31,0.0,7.656925299670547e-05,0.0010053529404103756,0.0,0.02094222605228424,0.0053396280854940414,0.0034041705075651407,0.0,0.0,0.0,0.0,0.007934177294373512,0.018729107454419136,0.13221366703510284,0.23075880110263824,7.656925299670547e-05,0.0,0.0,0.0,0.004597080871462822,0.03578057140111923,0.011681536212563515,0.024398963898420334,0.0270208939909935,7.656925299670547e-05,0.0,0.0,0.0,0.0046399496495723724,0.00659187650308013,0.012683521024882793,0.05998674035072327,0.06773026287555695,0.008414247073233128,0.014161032624542713,0.0,0.0,0.0006894668913446367,0.0007732957601547241,0.0034691544715315104,0.027910657227039337,0.013295735232532024,0.034516435116529465,0.03540436178445816,0.0,0.0,0.0,0.0,0.0,0.02138330228626728,0.006876738741993904,0.0004879243206232786,0.04446329176425934,0.0,0.0,0.0,0.0,7.656925299670547e-05,0.004953353200107813,0.013318324461579323,0.008771988563239574,0.02187727764248848,0.0,0.0,7.656925299670547e-05,0.0,0.009828740730881691,0.026344364508986473,0.014422642067074776,0.023898988962173462,0.01741032488644123,0.009318562224507332,0.006906700320541859,0.004860422108322382,0.004254784435033798,0.0026619257405400276,7.656925299670547e-05,7.656925299670547e-05,0.006633389741182327,0.0007545249536633492,0.0,0.025244731456041336,0.004447601735591888,0.029648158699274063,0.00799326878041029,0.00041916087502613664,0.008420120924711227,0.002163591794669628,0.09740979224443436,0.003965429030358791,0.0077733974903821945,0.05912693589925766,0.06341090053319931,0.04219929873943329,0.000540519948117435,0.0049932124093174934,0.020368466153740883,0.016473285853862762,0.0021858736872673035,0.0,0.01799898035824299,0.017996102571487427,0.03342021256685257,0.013350291177630424,0.00281071406789124,0.017506666481494904,0.003781374543905258,0.007301488891243935,0.0,0.0,0.029478199779987335,0.03855793923139572,0.002851026365533471,0.009416459128260612,0.014650722965598106,0.0033892442006617785,0.0,0.0,0.0,0.0,0.03612194582819939,0.009726320393383503,0.00042633910197764635,0.012825572863221169,0.015490788966417313,0.0,0.0,0.0,0.0018327331636101007,0.010513965971767902,0.0030707847326993942,0.0,0.0,0.0,0.0,0.0,0.0,0.0,0.0,0.0,0.0,0.0,0.0,0.0
2025-06-01,0.0,6.590526754735038e-05,0.000968121865298599,0.0,0.007610516622662544,0.0021405010484158993,0.0022773905657231808,0.0,0.0,0.0,0.0,0.0032399052288383245,0.01422404870390892,0.11444277316331863,0.24323830008506775,6.590526754735038e-05,0.0,0.0,0.0,0.008303910493850708,0.026034556329250336,0.007352139800786972,0.026015905663371086,0.02568100206553936,6.590526754735038e-05,0.0,0.0,0.0,0.0024654357694089413,0.008530335500836372,0.016694145277142525,0.04890437424182892,0.06640074402093887,0.006160496734082699,0.005176567006856203,0.0,0.0,0.0006561034242622554,0.0049105677753686905,0.004172596149146557,0.019449500367045403,0.015801921486854553,0.03583619371056557,0.03511025756597519,0.0,0.0,0.0,0.0,0.0,0.016446709632873535,0.01075055543333292,0.0023313392885029316,0.05013851076364517,0.0,0.0,0.0,0.0,6.590526754735038e-05,0.004521672613918781,0.007903952151536942,0.0077712940983474255,0.030745482072234154,0.0,0.0,6.590526754735038e-05,0.0,0.004624317400157452,0.004760479088872671,0.013201657682657242,0.014198104850947857,0.014415295794606209,0.01564113423228264,0.002328540664166212,0.005493315868079662,0.0060437386855483055,0.0022653471678495407,6.590526754735038e-05,6.590526754735038e-05,0.013712085783481598,0.019681941717863083,2.487323945388198e-05,0.013218574225902557,0.02327212318778038,0.014782343059778214,0.01519673690199852,0.0006762048578821123,0.0012012929655611515,0.00839706789702177,0.1006968766450882,0.013071069493889809,0.006549235433340073,0.07503803074359894,0.06155478209257126,0.02979099750518799,0.00021817325614392757,0.005490090698003769,0.026742229238152504,0.01540862862020731,0.0034145410172641277,0.0,0.018457891419529915,0.016832644119858742,0.041030507534742355,0.012579782865941525,0.010155967436730862,0.015490616671741009,0.004054111894220114,0.0016131213633343577,0.0,0.0,0.03069392964243889,0.03595585376024246,0.0035957873333245516,0.00456672627478838,0.012876449152827263,0.002438443247228861,0.0,0.0,0.0,0.006449817214161158,0.039501920342445374,0.015268053859472275,0.000793346029240638,0.024975158274173737,0.0031324545852839947,0.0,0.0,0.0,0.0021091115195304155,0.005403419956564903,0.008954114280641079,0.0,0.0,0.0,0.0,0.0,0.0,0.0,0.0,0.0,0.0,0.0,0.0,0.0
2025-06-02,0.0,7.394558633677661e-05,0.0015097095165401697,0.0,0.005328254774212837,0.001915046595968306,0.003062180243432522,0.0,0.0,0.0,0.0,0.0016320336144417524,0.004715146031230688,0.10989543795585632,0.22402817010879517,7.394558633677661e-05,0.0,0.0,0.0,0.003925353288650513,0.02181478589773178,0.019509686157107353,0.020009974017739296,0.02495155669748783,7.394558633677661e-05,0.0,0.0,0.0,0.0,0.016377795487642288,0.020161975175142288,0.03321468085050583,0.04177767038345337,0.007427315227687359,0.0025921789929270744,0.0,0.0,0.0007378499722108245,0.00013457320164889097,0.005457199644297361,0.021753409877419472,0.010337356477975845,0.056255895644426346,0.0329570509493351,0.0,0.0,0.0,0.0,0.0,0.021656304597854614,0.02202962338924408,0.0050857034511864185,0.059717897325754166,0.0,0.0,0.0,0.0,7.394558633677661e-05,0.008612550795078278,0.006913753226399422,0.008412621915340424,0.016795994713902473,0.0,0.0,7.394558633677661e-05,0.0,0.0018246936379000545,0.0,0.01162530668079853,0.02484346739947796,0.013008702546358109,0.01030747964978218,0.0018502576276659966,0.004421557765454054,0.005639206618070602,0.003157495055347681,7.394558633677661e-05,7.394558633677661e-05,0.012802292592823505,0.012903429567813873,0.001267564482986927,0.007217604201287031,0.009804612956941128,0.0055642761290073395,0.00683419918641448,0.0004773989785462618,0.0,0.002669932786375284,0.11281462758779526,0.01376364380121231,0.005765009205788374,0.080431267619133,0.06699550896883011,0.030266497284173965,0.003911989741027355,0.006327502895146608,0.016053324565291405,0.017696764320135117,0.00393127603456378,0.0,0.027150623500347137,0.01095257792621851,0.047470737248659134,0.0026350226253271103,0.001185729168355465,0.0024215439334511757,0.0032799579203128815,0.0015258070779964328,0.0,0.0,0.03701101616024971,0.026409534737467766,0.01635007932782173,0.00657467870041728,0.03193392604589462,0.0016545380931347609,0.0,0.0,0.0,0.0,0.027415510267019272,0.008422930724918842,0.0010006849188357592,0.010255234315991402,0.0025264748837798834,0.0,0.0,0.0,0.0017479241359978914,0.0,0.005224123131483793,0.0,0.0,0.0,0.0,0.0,0.0,0.0,0.0,0.0,0.0,0.0,0.0,0.0
2025-06-03,0.0,5.266896550892852e-05,0.000642786268144846,0.0,0.015930993482470512,0.0044089071452617645,0.0037265049759298563,0.0,0.0,0.0,0.0,0.002284473739564419,0.011618951335549355,0.12824082374572754,0.23671574890613556,5.266896550892852e-05,0.0,0.0,0.0,0.002925230422988534,0.022076185792684555,0.01878645457327366,0.019912486895918846,0.03797086328268051,5.266896550892852e-05,0.0,0.0,0.0,0.005828130524605513,0.008707314729690552,0.016672447323799133,0.051822155714035034,0.06147094443440437,0.00976984016597271,0.0016772456001490355,0.0,0.0,0.00050404790090397,0.001239439588971436,0.0046629151329398155,0.02606443502008915,0.01753658801317215,0.05952683836221695,0.04262111335992813,0.0,0.0,0.0,0.0,0.0,0.007182176224887371,0.0201814454048872,0.010340694338083267,0.055680133402347565,0.0,0.0,0.0,0.0,5.266896550892852e-05,0.004086265806108713,0.014433221891522408,0.007913259789347649,0.01801253668963909,0.0,0.0,5.266896550892852e-05,0.0,0.0009378505637869239,0.005677579436451197,0.00902737956494093,0.028134088963270187,0.014787283726036549,0.00883796438574791,0.002700457349419594,0.004274570383131504,0.003770774696022272,0.002667697612196207,5.266896550892852e-05,5.266896550892852e-05,0.009958993643522263,0.012945998460054398,0.0015579457394778728,0.008040945045650005,0.013641558587551117,0.02123371511697769,0.007283131126314402,0.0,0.0,0.006258294451981783,0.12884384393692017,0.009398355148732662,0.006066599860787392,0.11503183841705322,0.09171408414840698,0.048883773386478424,3.551878035068512e-05,0.010340292938053608,0.02525540255010128,0.005255353637039661,0.004952138289809227,0.0,0.00994088128209114,0.01530957780778408,0.028225941583514214,0.0049925027415156364,0.0027903311420232058,0.010634472593665123,0.0030423086136579514,0.006024966016411781,0.0,0.0,0.04690404608845711,0.02262808382511139,0.017600208520889282,0.007319671101868153,0.02013390325009823,0.0012814063811674714,0.0,0.0,0.0,0.0,0.025220055133104324,0.009631451219320297,0.0008570011705160141,0.00358259747736156,0.0015687481500208378,0.0,0.0,0.0,0.0012154052965342999,0.0023914044722914696,0.009833455085754395,0.0,0.0,0.0,0.0,0.0,0.0,0.0,0.0,0.0,0.0,0.0,0.0,0.0
2025-06-04,0.0,5.70142365177162e-05,0.0005194622790440917,0.0,0.027928143739700317,0.006390310823917389,0.007073401939123869,0.0,0.0,0.0,0.0,0.0019730706699192524,0.008090842515230179,0.12802952527999878,0.26049551367759705,5.70142365177162e-05,0.0,0.0,0.0,0.0018155735451728106,0.022647133097052574,0.0128737548366189,0.016725702211260796,0.032651692628860474,5.70142365177162e-05,0.0,0.0,0.0,0.0015400247648358345,0.004607867449522018,0.03193186596035957,0.03060433827340603,0.04959139972925186,0.02873089909553528,0.001329973223619163,0.0,0.0,0.0012402639258652925,0.0013714961241930723,0.004043451510369778,0.024098146706819534,0.0298662930727005,0.0681300237774849,0.02702096849679947,0.0,0.0,0.0,0.0,0.0,0.0,0.023976469412446022,0.0033222788479179144,0.07656002044677734,0.0,0.0,0.0,0.0,5.70142365177162e-05,0.006236857734620571,0.023691976442933083,0.007908170111477375,0.02388325333595276,0.00012103241169825196,0.0,5.70142365177162e-05,0.0,0.000781452632509172,0.00970830675214529,0.008008181117475033,0.027674656361341476,0.005957311950623989,0.00802560057491064,0.002079533878713846,0.004394577816128731,0.0024161087349057198,0.0011016419157385826,5.70142365177162e-05,5.70142365177162e-05,0.018055714666843414,0.026882827281951904,0.0008890623576007783,0.009254409931600094,0.005132932215929031,0.03486178442835808,0.009795564226806164,0.0006043192115612328,0.0,0.0032293288968503475,0.10108331590890884,0.021588699892163277,0.01690622977912426,0.09881477057933807,0.0717182606458664,0.04891972243785858,0.00038264808245003223,0.004615171812474728,0.034177087247371674,0.002557062543928623,0.002078040735796094,0.0,0.014082820154726505,0.016383882611989975,0.024434857070446014,0.010777756571769714,0.009867488406598568,0.0,0.0033091832883656025,0.0020094402134418488,0.0,0.0,0.025284543633461,0.019621040672063828,0.015873882919549942,0.004696078598499298,0.016738155856728554,0.0025691634509712458,0.0,0.0,0.0,5.87007962167263e-05,0.04573579877614975,0.010784606449306011,0.0006695541087538004,0.0010672442149370909,0.0015286789275705814,0.0,0.0,0.0,0.0005133613012731075,0.0,0.005579703487455845,0.0,0.0,0.0,0.0,0.0,0.0,0.003765115048736334,0.0,0.0,0.0,0.0,0.0,0.0
2025-06-05,0.0,6.267862772801891e-05,0.0005849921144545078,0.0,0.011998368427157402,0.005078940186649561,0.009317804127931595,0.0,0.0,0.0,0.0,0.0018678129417821765,0.012345840223133564,0.10514280200004578,0.26049792766571045,6.267862772801891e-05,0.0,0.0,0.0,0.0020774472504854202,0.028976917266845703,0.024311093613505363,0.021112553775310516,0.033061835914850235,6.267862772801891e-05,0.0,0.0,0.0,0.0038567609153687954,0.005203631706535816,0.028340181335806847,0.0338292121887207,0.061013348400592804,0.013252689503133297,0.0007276629912666976,0.0,0.0,0.00037389423232525587,0.001418071100488305,0.0035591409541666508,0.03322773426771164,0.014435945078730583,0.06121324002742767,0.031065452843904495,0.0,0.0,0.0,0.0,0.0,0.0,0.01435532420873642,0.0005854116752743721,0.05691360682249069,0.0,0.0,0.0,0.0,6.267862772801891e-05,0.008307662792503834,0.022202685475349426,0.008123675361275673,0.025289522483944893,0.0,0.0,6.267862772801891e-05,0.0,0.0018088482320308685,0.01132604107260704,0.0027953460812568665,0.01118631474673748,0.012828858569264412,0.006187135353684425,0.0014206843916326761,0.004448369145393372,0.002765959594398737,0.002617747988551855,6.267862772801891e-05,6.267862772801891e-05,0.021174047142267227,0.012283931486308575,0.0,0.010460910387337208,0.0032842920627444983,0.02714298665523529,0.006605114787817001,0.000232958875130862,0.0006392395589500666,0.013528827577829361,0.1210109144449234,0.011799823492765427,0.006000083405524492,0.11293227970600128,0.06502680480480194,0.023599496111273766,0.001407560775987804,0.003500809660181403,0.03216306120157242,0.003807132365182042,0.0008094017393887043,0.0,0.019362321123480797,0.023082055151462555,0.021378014236688614,0.0038248051423579454,0.003430658485740423,0.0059262774884700775,0.003139074891805649,0.001916145090945065,0.0,0.0,0.0192954670637846,0.03748193755745888,0.022978104650974274,0.004846465773880482,0.02542269229888916,0.002696862444281578,0.0,0.0,0.0,0.000801144924480468,0.033499911427497864,0.012390980497002602,0.0003669634461402893,0.0010486773680895567,0.002273331396281719,0.0,0.0,0.0,0.002155149122700095,0.00010822806507349014,0.007673262618482113,0.0,0.0,0.0,0.0,0.0,0.0,0.01786590926349163,0.0,0.0,0.0,0.0,0.0,0.0
2025-06-06,0.0,7.242201536428183e-05,0.0010546062840148807,0.0,0.006372552365064621,0.0034709630999714136,0.01565057784318924,0.0,0.0,0.0,0.0,0.001976418774574995,0.00884952861815691,0.10919051617383957,0.275084912776947,7.242201536428183e-05,0.0,0.0,0.0,0.002106253756210208,0.03135978430509567,0.018710190430283546,0.021349415183067322,0.04215821623802185,7.242201536428183e-05,0.0,0.0,0.0,0.002864459529519081,0.007992256432771683,0.0436900332570076,0.05161263793706894,0.047338709235191345,0.006366286426782608,0.0009996701264753938,0.0,0.0,0.00021689798450097442,0.001764935557730496,0.002669861074537039,0.03582786023616791,0.018055174499750137,0.056736961007118225,0.040687255561351776,0.0,0.0,0.0,0.0,0.0,0.0,0.01109623908996582,0.0030205261427909136,0.03936997056007385,0.0,0.0,0.0,0.0,7.242201536428183e-05,0.006612824276089668,0.028065964579582214,0.008939854800701141,0.03319917991757393,5.622091703116894e-05,0.0,7.242201536428183e-05,0.0,0.0006221325602382421,0.008954367600381374,0.005735080223530531,0.019133353605866432,0.010106934234499931,0.008740297518670559,0.0034097200259566307,0.004512433893978596,0.006718817166984081,0.0031212414614856243,7.242201536428183e-05,7.242201536428183e-05,0.008257344365119934,0.00787485670298338,8.749269181862473e-05,0.009391875937581062,0.004046544432640076,0.016604619100689888,0.008659807965159416,0.0006310640019364655,0.01146466564387083,0.0019294919911772013,0.11887525767087936,0.013422457501292229,0.007936540991067886,0.08104991912841797,0.05530635640025139,0.013838843442499638,0.0016816756688058376,0.002335222903639078,0.02226538024842739,0.003800963517278433,0.007989074103534222,0.0,0.013669262640178204,0.013805958442389965,0.019057611003518105,0.002992613473907113,0.0016797380521893501,0.010497111827135086,0.0020096716471016407,0.0066824620589613914,0.0,0.0,0.023735210299491882,0.034543476998806,0.014611378312110901,0.005106359254568815,0.014406944625079632,0.0025079939514398575,0.0,0.0,0.0,0.0004880016786046326,0.01711447350680828,0.002134182956069708,5.137152038514614e-05,0.003198118880391121,0.0021583104971796274,0.0,0.0,0.0,0.003480286803096533,0.011299433186650276,0.00277231284417212,0.0,0.0,0.0,0.0,0.0,0.0,0.03483717516064644,0.0,0.0,0.0,0.0,0.0,0.0
2025-06-07,0.0,7.872032438172027e-05,0.001956288469955325,0.0,0.007213194854557514,0.0026219941210001707,0.009967060759663582,0.0,0.0,0.0,0.0,0.001979161985218525,0.008684870786964893,0.1436336785554886,0.2550773620605469,7.872032438172027e-05,0.0,0.0,0.0,0.00187866878695786,0.019143255427479744,0.015304699540138245,0.029561176896095276,0.04530488699674606,7.872032438172027e-05,0.0,0.0,0.0,0.00813969410955906,0.005653781816363335,0.016833040863275528,0.04125658795237541,0.04322988539934158,0.005268169566988945,0.0009213299490511417,0.0,0.0,0.00031710791517980397,0.001626536250114441,0.003136861138045788,0.03187308833003044,0.02094726637005806,0.047968991100788116,0.041560180485248566,0.0,0.0,0.0,0.0,0.0,0.00043845060281455517,0.018262742087244987,0.014118371531367302,0.046010468155145645,0.0,0.0,0.0,0.0,7.872032438172027e-05,0.007482328452169895,0.025567959994077682,0.009313436225056648,0.03312204033136368,9.50350658968091e-05,0.0,7.872032438172027e-05,0.0,0.00224869092926383,0.009024741128087044,0.017999565228819847,0.016370879486203194,0.007113993167877197,0.01046130433678627,0.00436919741332531,0.00484040379524231,0.003515266813337803,0.00284392898902297,7.872032438172027e-05,7.872032438172027e-05,0.005838349461555481,0.017090408131480217,0.00021941369050182402,0.009310206398367882,0.00547419860959053,0.025791985914111137,0.022196562960743904,0.0009517483413219452,0.0026402368675917387,0.0,0.11959575116634369,0.005276969633996487,0.008735640905797482,0.06554107367992401,0.03911930322647095,0.013923381455242634,0.0017829162534326315,0.004018496256321669,0.022998841479420662,0.008563107810914516,0.002461189404129982,0.0,0.01550955232232809,0.01418205164372921,0.02518421784043312,0.0031271688640117645,0.003240798832848668,0.0022975653409957886,0.002263376023620367,0.0045788101851940155,0.0,0.0,0.01418717298656702,0.0294673889875412,0.010346416383981705,0.006101752165704966,0.012983269058167934,0.0025738091208040714,0.0,0.0,0.0,0.0005876835202798247,0.020756520330905914,0.007767504546791315,0.0,0.007134667597711086,0.001720439177006483,0.0,0.0,0.0,0.013273097574710846,0.0002307472750544548,0.003175604622811079,0.0,0.0,0.0,0.0,0.0,0.0,0.01326514221727848,0.0,0.0,0.0,0.0,0.0,0.0
2025-06-08,0.0,0.00010098532948177308,0.0024628830142319202,0.0,0.021143987774848938,0.005406173877418041,0.006713023409247398,0.0,0.0,0.0,0.0,0.0009830633644014597,0.00916588306427002,0.14120835065841675,0.2630600035190582,0.00010098532948177308,0.0,0.0,0.0,0.001767404843121767,0.02509159967303276,0.014423896558582783,0.044208675622940063,0.0465879887342453,0.00010098532948177308,0.0,0.0,0.0,0.007578267715871334,0.015031256712973118,0.022844655439257622,0.06223440542817116,0.06165517121553421,0.014257838949561119,0.0006446070037782192,0.0,0.0,0.00046248402213677764,0.0011940462281927466,0.007277550175786018,0.0363953523337841,0.027868282049894333,0.049063052982091904,0.047272711992263794,0.0,0.0,0.0,0.0,0.0,0.0020134099759161472,0.01033379789441824,0.004888523370027542,0.057952091097831726,0.0,0.0,0.0,0.0,0.00010098532948177308,0.012519089505076408,0.03408638760447502,0.010462842881679535,0.03838479891419411,0.00036973398528061807,0.0,0.00010098532948177308,0.0,0.00845914427191019,0.007688664365559816,0.016144149005413055,0.030915381386876106,0.011440299451351166,0.018389306962490082,0.009932786226272583,0.004626851063221693,0.002196512185037136,0.0028608394786715508,0.00010098532948177308,0.00010098532948177308,0.006314844358712435,0.01757529005408287,0.00026568304747343063,0.010908895172178745,0.010559730231761932,0.04103502631187439,0.011439724825322628,0.0010871745180338621,0.0005888016894459724,0.0008129372727125883,0.10196676850318909,0.006959662307053804,0.01086918544024229,0.08761053532361984,0.038395218551158905,0.015480292961001396,0.0013722170842811465,0.00409307423979044,0.03074483759701252,0.005067269317805767,0.003985163290053606,0.0,0.0239020474255085,0.01690322533249855,0.01979365013539791,0.005052010528743267,0.005265712272375822,0.00686425156891346,0.0024710376746952534,0.0038621267303824425,0.0,0.0,0.015848331153392792,0.01947583071887493,0.007282387465238571,0.014614036306738853,0.01513434387743473,0.002644788473844528,0.0,0.0,0.0,0.001711375778540969,0.034057553857564926,0.007530397269874811,0.0007701586000621319,0.01120859757065773,0.0020188800990581512,0.0,0.0,0.0,0.016859764233231544,0.00020270049571990967,0.004077200777828693,0.0,0.0,0.0,0.0,0.0,0.0,0.003027429571375251,0.0,0.0,0.0,0.0,0.0,0.0
2025-06-09,0.0,9.289072477258742e-05,0.0037019564770162106,0.0,0.010279280133545399,0.017344117164611816,0.005066867917776108,0.0,0.0,0.0,0.0,0.001928876037709415,0.015728158876299858,0.1315728724002838,0.2575141191482544,9.289072477258742e-05,0.0,0.0,0.0,0.0006593943107873201,0.028523122891783714,0.021385127678513527,0.030782144516706467,0.043236587196588516,9.289072477258742e-05,0.0,0.0,0.0,0.005153310019522905,0.018673941493034363,0.02488221600651741,0.05532326549291611,0.06784304231405258,0.006409483030438423,0.000781431735958904,0.0,0.0,0.0005994298262521625,0.002486242912709713,0.003911552019417286,0.028053326532244682,0.03281204402446747,0.0846901386976242,0.04197316989302635,0.0,0.0,0.0,0.0,0.0,0.0027146562933921814,0.011972744017839432,0.0025822515599429607,0.06773098558187485,0.0,0.0,0.0,0.0,9.289072477258742e-05,0.0075376927852630615,0.014615912921726704,0.012089301832020283,0.027336478233337402,0.0010486518731340766,0.0,9.289072477258742e-05,0.0,0.02115764655172825,0.009547602385282516,0.02076970972120762,0.019273363053798676,0.021068867295980453,0.007469638250768185,0.005623898468911648,0.003321398515254259,0.0010269731283187866,0.003874120768159628,9.289072477258742e-05,9.289072477258742e-05,0.006499147973954678,0.007458592299371958,0.00013000454055145383,0.020028607919812202,0.005715561099350452,0.043706007301807404,0.016436856240034103,0.0009065879858098924,0.002588963834568858,0.0016143722459673882,0.09643690288066864,0.0,0.014265790581703186,0.09290169179439545,0.04417693614959717,0.03922947496175766,0.0011970087653025985,0.004954772535711527,0.039362236857414246,0.005238879472017288,0.005807816982269287,0.0,0.020861895754933357,0.027228083461523056,0.02060563489794731,0.0043779341503977776,0.0,0.0,0.0032529118470847607,0.007194483187049627,0.0,0.0,0.020364992320537567,0.0429835245013237,0.006916096433997154,0.014079561457037926,0.012816601432859898,0.003126148134469986,0.0,0.0,0.0,0.0021359771490097046,0.06513642519712448,0.009936719201505184,0.0013471853453665972,0.016904648393392563,0.00458478881046176,0.0,0.0,0.0,0.0018566211219877005,0.006895055994391441,0.005834391340613365,0.0,0.0,0.0,0.0,0.0,0.0,0.0002234182320535183,0.0,0.0,0.0,0.0,0.0,0.0
2025-06-10,0.0,9.130454418482259e-05,0.007734555751085281,0.0,0.009526640176773071,0.0053834374994039536,0.0037115556187927723,0.0,0.0,0.0,0.0,0.002175258006900549,0.03092590533196926,0.12128812819719315,0.2806984484195709,9.130454418482259e-05,0.0,0.0,0.0,0.0023887583520263433,0.02320999652147293,0.013985883444547653,0.036145102232694626,0.046535424888134,9.130454418482259e-05,0.0,0.0,0.0,0.00010699871927499771,0.01645607128739357,0.018494393676519394,0.05508546158671379,0.07274728268384933,0.010276966728270054,0.0007214395445771515,0.0,0.0,0.0006538616726174951,0.0018599852919578552,0.008832125924527645,0.013473764061927795,0.02172740548849106,0.06830162554979324,0.056225575506687164,0.0,0.0,0.0,0.0,0.0,0.0025990272406488657,0.020854849368333817,0.001274513779208064,0.06373760104179382,0.0,0.0,0.0,0.0,9.130454418482259e-05,0.016974933445453644,0.017293162643909454,0.015592220239341259,0.03009304404258728,0.001181899569928646,0.0,9.130454418482259e-05,0.0,0.009541022591292858,0.004004756920039654,0.019068360328674316,0.018586767837405205,0.019648009911179543,0.01443097461014986,0.004595297388732433,0.004683453124016523,0.006398580968379974,0.002640080638229847,9.130454418482259e-05,9.130454418482259e-05,0.0031757254619151354,0.005105764605104923,0.00011074176291003823,0.013863254338502884,0.004711574874818325,0.05910429358482361,0.019057003781199455,0.0008279932662844658,0.0035213837400078773,0.0032328737433999777,0.09289657324552536,0.0,0.011913415975868702,0.074408620595932,0.033780232071876526,0.029296157881617546,0.002828878816217184,0.00908262562006712,0.03153352439403534,0.007335368078202009,0.006457669660449028,0.0,0.017000338062644005,0.019419483840465546,0.03838319331407547,0.0033268812112510204,0.006407839246094227,0.01567954011261463,0.0019688692409545183,0.012809250503778458,0.0,0.0,0.015141516923904419,0.029075928032398224,0.008424296975135803,0.003254834096878767,0.024658674374222755,0.0028425888158380985,0.0,0.0,0.0,0.0012913529062643647,0.030499421060085297,0.008913278579711914,0.0014251511311158538,0.027935445308685303,0.013180369511246681,0.0,0.0,0.0,0.0056183491833508015,0.02282305806875229,0.004641073755919933,0.0,0.0,0.0,0.0,0.0,0.0,0.001002180390059948,0.0,0.0,0.0,0.0,0.0,0.0
2025-06-11,0.0,5.8651457948144525e-05,0.0032405403908342123,0.0,0.009330222383141518,0.0032364705111831427,0.007940968498587608,0.0,0.0,0.0,0.0,0.0018243060912936926,0.016370441764593124,0.13202211260795593,0.2867434322834015,5.8651457948144525e-05,0.0,0.0,0.0,0.007861848920583725,0.02197432331740856,0.023739831522107124,0.03292945399880409,0.032604511827230453,5.8651457948144525e-05,0.0,0.0,0.0,0.00718715600669384,0.017053579911589622,0.017715828493237495,0.05881930887699127,0.09456179291009903,0.011193268932402134,0.0007133772596716881,0.0,0.0,0.00043666944839060307,0.0003522414481267333,0.0036946272011846304,0.035287365317344666,0.024302154779434204,0.05188125744462013,0.053333573043346405,0.0,0.0,0.0,0.0,0.0,0.0034066445659846067,0.021761007606983185,0.004866455681622028,0.05309208482503891,0.0,0.0,0.0,0.0,5.8651457948144525e-05,0.00593875627964735,0.0239973496645689,0.010067185387015343,0.030060378834605217,0.000746866047848016,0.0,5.8651457948144525e-05,0.0,0.004576283507049084,0.0060898056253790855,0.01656646840274334,0.008820278570055962,0.017851047217845917,0.006704588886350393,0.004994238261133432,0.005103647243231535,0.0035061798989772797,0.0026996047236025333,5.8651457948144525e-05,5.8651457948144525e-05,0.002897500991821289,0.007555934600532055,0.0,0.014138100668787956,0.005562140140682459,0.04258996248245239,0.00762125663459301,0.0008023758418858051,0.0027911511715501547,0.004017724189907312,0.09530039876699448,0.0016874000430107117,0.01936531811952591,0.09822825342416763,0.0319305844604969,0.04500187933444977,0.0024914396926760674,0.01700427010655403,0.03482828661799431,0.012316442094743252,0.005988726392388344,0.0,0.034493524581193924,0.022707123309373856,0.02136695384979248,0.0029163691215217113,0.0017102686688303947,0.007775416597723961,0.0019526905380189419,0.007262314669787884,0.0,0.0,0.011878224089741707,0.029985681176185608,0.020717348903417587,0.001457578968256712,0.03341641649603844,0.0020352466963231564,0.0,0.0,0.0,0.0,0.031426943838596344,0.010511077009141445,0.0,0.015513057820498943,0.01568753272294998,0.0,0.0,0.0,0.007427504286170006,0.013608131557703018,0.0038067332934588194,0.0,0.0,0.0,0.0,0.0,0.0,0.00505493301898241,0.0,0.0,0.0,0.0,0.0,0.0
2025-06-12,0.0,6.939020386198536e-05,0.002604715060442686,0.0,0.010988897643983364,0.008277234621345997,0.004266759380698204,0.0,0.0,0.0,0.0,0.0020419047214090824,0.01372764352709055,0.13245226442813873,0.2747231423854828,6.939020386198536e-05,0.0,0.0,0.0,0.005000196862965822,0.025993524119257927,0.02458285167813301,0.0367385670542717,0.04228849709033966,6.939020386198536e-05,0.0,0.0,0.0,0.0026794872246682644,0.007570384070277214,0.02547837235033512,0.06469856947660446,0.09292259067296982,0.025058448314666748,0.0015236614271998405,0.0,0.0,0.0,0.0021360148675739765,0.004165555350482464,0.04681471362709999,0.030321501195430756,0.03474694862961769,0.044345781207084656,0.0,0.0,0.0,0.0,0.0,0.0018379883840680122,0.01972777582705021,0.002249454613775015,0.10779304802417755,0.0,0.0,0.0,0.0,6.939020386198536e-05,0.005070224404335022,0.038460444658994675,0.009013185277581215,0.04404304176568985,1.6207515727728605e-05,0.0,6.939020386198536e-05,0.0,0.004888939671218395,0.023714322596788406,0.029887676239013672,0.012394167482852936,0.011532505974173546,0.007757200859487057,0.016478290781378746,0.005438267253339291,0.010451206937432289,0.006558065768331289,6.939020386198536e-05,6.939020386198536e-05,0.008564743213355541,0.004333954304456711,0.0,0.020202334970235825,0.00640431372448802,0.02169889397919178,0.011239457875490189,0.0,0.0007889296393841505,0.0024748651776462793,0.09575361013412476,0.012625944800674915,0.009360834956169128,0.087692029774189,0.05254044383764267,0.03189058601856232,0.001479906146414578,0.0029304996132850647,0.046008288860321045,0.008132676593959332,0.008451523259282112,0.0,0.04360262677073479,0.021968381479382515,0.014280772767961025,0.0015021255239844322,0.002856509992852807,0.008743791840970516,0.005065815523266792,0.003575419308617711,0.0,0.0,0.013344133272767067,0.03988543525338173,0.03206901624798775,0.01814040169119835,0.03719651699066162,0.0013964060926809907,0.0,0.0,0.0,0.0,0.03718000650405884,0.011284603737294674,0.0,0.01034444011747837,0.009451243095099926,0.0,0.0,0.0,0.008215352892875671,0.005718869157135487,0.0028838401194661856,0.0,0.0,0.0,0.0,0.0,0.0,0.012645240873098373,0.0,0.0,0.0,0.0,0.0,0.0
2025-06-13,0.0,7.141904643503949e-05,0.001954074949026108,0.0,0.010068426840007305,0.0039511797949671745,0.00825639721006155,0.0,0.0,0.0,0.0,0.0017089048633351922,0.01087056752294302,0.15769153833389282,0.2691550850868225,7.141904643503949e-05,0.0,0.0,0.0,0.001239509554579854,0.03813477233052254,0.010473547503352165,0.023001758381724358,0.03327732905745506,7.141904643503949e-05,0.0,0.0,0.0,0.00972452387213707,0.002113127149641514,0.029783232137560844,0.05462874472141266,0.07885567843914032,0.012446489185094833,0.00450482964515686,0.0,0.0,0.00045603764010593295,0.0024508009664714336,0.006384169217199087,0.036250870674848557,0.017075546085834503,0.03206723928451538,0.05319805443286896,0.0,0.0,0.0,0.0,0.0,0.0019116397015750408,0.011565111577510834,0.01186550222337246,0.10010039061307907,0.0,0.0,0.0,0.0,7.141904643503949e-05,0.010899590328335762,0.029226627200841904,0.01489955373108387,0.03234810754656792,0.0,0.0,7.141904643503949e-05,0.0,0.01462065801024437,0.012061274610459805,0.025168538093566895,0.008083179593086243,0.013597175478935242,0.016490917652845383,0.011021941900253296,0.005367136560380459,0.026114046573638916,0.0019925429951399565,7.141904643503949e-05,7.141904643503949e-05,0.008093403652310371,0.008132461458444595,0.0,0.023592785000801086,0.011654452420771122,0.03139270842075348,0.013157432898879051,0.0010431233095005155,0.005481375381350517,0.001005916390568018,0.08944661915302277,0.009652260690927505,0.004567718133330345,0.08248674869537354,0.06953266263008118,0.053022176027297974,0.0,0.0,0.035339128226041794,0.004490891471505165,0.0031707840971648693,0.0,0.04500433802604675,0.03380517289042473,0.026212718337774277,0.004749177955091,0.00459557818248868,0.008565066382288933,0.015835117548704147,0.001414936501532793,0.0,0.0,0.018769023939967155,0.033606354147195816,0.0156632661819458,0.009330466389656067,0.02375549077987671,0.0003998309839516878,0.0,0.0,0.0,0.005054698791354895,0.039034802466630936,0.007337397430092096,0.00279079657047987,0.006259726360440254,0.009692576713860035,0.0,0.0,0.0,0.000866294838488102,0.01113644428551197,0.0053780581802129745,0.0,0.0,0.0,0.0,0.0,0.0,0.007618815638124943,0.0,0.0,0.0,0.0,0.0,0.0
2025-06-14,0.0,5.529324698727578e-05,0.0012878072448074818,0.0,0.00856067705899477,0.0035705948248505592,0.004060334991663694,0.0,0.0,0.0,0.0,0.0011194064281880856,0.01063921581953764,0.14119939506053925,0.2721264362335205,5.529324698727578e-05,0.0,0.0,0.0,0.0013939300552010536,0.026926539838314056,0.02547595649957657,0.026056453585624695,0.0500081442296505,5.529324698727578e-05,0.0,0.0,0.0,0.0009487513452768326,0.0006608837284147739,0.024167586117982864,0.04360094293951988,0.07990036904811859,0.014920216053724289,0.0017563995206728578,0.0,0.0,0.0007464921218343079,0.0020006317645311356,0.00804812554270029,0.03481293097138405,0.01789768412709236,0.04356922209262848,0.06207644194364548,0.0,0.0,0.0,0.0,0.0,0.006673217285424471,0.01930217072367668,0.003499276703223586,0.06424751877784729,0.0,0.0,0.0,0.0,5.529324698727578e-05,0.008634521625936031,0.020224029198288918,0.012754304334521294,0.021076994016766548,0.0,0.0,5.529324698727578e-05,0.0,0.004264401737600565,0.014710010960698128,0.02395668439567089,0.01102433167397976,0.00866533350199461,0.015510917641222477,0.004864278249442577,0.004950985312461853,0.010950565338134766,0.001349198748357594,5.529324698727578e-05,5.529324698727578e-05,0.0021060428116470575,0.007424726150929928,0.0,0.020810334011912346,0.017780767753720284,0.015043191611766815,0.013577011413872242,0.0009001854341477156,0.007077326998114586,0.0023894268088042736,0.09898819774389267,0.004876520950347185,0.005151668563485146,0.0800221785902977,0.052508123219013214,0.05420898646116257,0.0,0.0065699610859155655,0.035919297486543655,0.0029731413815170527,0.002684842562302947,0.0,0.02889883704483509,0.029158588498830795,0.027312152087688446,0.01703885942697525,0.0017537279054522514,0.027634475380182266,0.011309230700135231,0.0011815307661890984,0.0,0.0,0.012180107645690441,0.02970411628484726,0.015161278657615185,0.005297164432704449,0.04446632042527199,0.0,0.0,0.0,0.0,0.0,0.051486823707818985,0.01607394590973854,0.0,0.003295379923656583,0.0016234926879405975,0.0,0.0,0.0,0.0010031640995293856,0.0,0.0014336411841213703,0.0,0.0,0.0,0.0,0.0,0.0,0.0048815784975886345,0.0,0.0,0.0,0.0,0.0,0.0
2025-06-15,0.0,4.854684812016785e-05,0.0010852622799575329,0.0,0.009726670570671558,0.003658983623608947,0.004400868900120258,0.0,0.0,0.0,0.0,0.0009813836077228189,0.01827370375394821,0.11299043893814087,0.3091237545013428,4.854684812016785e-05,0.0,0.0,0.0,0.0031077598687261343,0.021140526980161667,0.032493747770786285,0.02949937805533409,0.04099033772945404,4.854684812016785e-05,0.0,0.0,0.0,0.004103454295545816,0.011849658563733101,0.022059328854084015,0.04978419095277786,0.0694914385676384,0.011736276559531689,0.0012785393046215177,0.0,0.0,0.000987442908808589,0.0019290540367364883,0.010361650958657265,0.030857184901833534,0.02701735682785511,0.04259965941309929,0.07415615022182465,0.0,0.0,0.0,0.0,0.0,0.0003070693928748369,0.027955204248428345,0.004373970441520214,0.06666359305381775,0.0,0.0,0.0,0.0,4.854684812016785e-05,0.006779615767300129,0.016532380133867264,0.008472448214888573,0.022180430591106415,1.8852471839636564e-05,0.0,4.854684812016785e-05,0.0,0.002097022719681263,0.007879253476858139,0.005024931393563747,0.014730076305568218,0.009087296202778816,0.0087736826390028,0.0038130739703774452,0.0040341890417039394,0.003913309890776873,0.0015612822026014328,4.854684812016785e-05,4.854684812016785e-05,0.004185190889984369,0.009996987879276276,0.0,0.03475412726402283,0.00783455464988947,0.0111793028190732,0.027381185442209244,0.000682380807120353,8.907634764909744e-05,0.003342787269502878,0.07614762336015701,0.015366923063993454,0.012816382572054863,0.11841486394405365,0.057278700172901154,0.032504498958587646,0.005585524719208479,0.025314094498753548,0.028133295476436615,0.005969834513962269,0.0036210636608302593,0.0,0.026599667966365814,0.028405729681253433,0.025665124878287315,0.008633843623101711,0.0007444769144058228,0.01937052421271801,0.015339590609073639,0.0001158369705080986,0.0,0.0,0.01135756354779005,0.04885505139827728,0.009295722469687462,0.0040755546651780605,0.041700705885887146,0.0010184007696807384,0.0,0.0,0.0,0.0,0.025492042303085327,0.03108600154519081,0.002904658205807209,0.005739434622228146,0.0,0.0,0.0,0.0,0.0019747933838516474,0.0,0.002221293980255723,0.0,0.0,0.0,0.0,0.0,0.0,0.007254807278513908,0.0,0.0,0.0,0.0,0.0,0.0
2025-06-16,0.0,6.215287430677563e-05,0.0010737392585724592,0.0,0.01369163952767849,0.004274745937436819,0.006352140102535486,0.0,0.0,0.0,0.0,0.0015655567403882742,0.010018537752330303,0.10673491656780243,0.3089033365249634,6.215287430677563e-05,0.0,0.0,0.0,0.003508172230795026,0.031065747141838074,0.027646394446492195,0.037053368985652924,0.040296778082847595,6.215287430677563e-05,0.0,0.0,0.0,0.002403348684310913,0.0,0.02773372456431389,0.05536019057035446,0.055151838809251785,0.007604322396218777,0.0012435162207111716,0.0,0.0,0.0009358482202515006,0.0015482924645766616,0.01602688431739807,0.035585176199674606,0.036032646894454956,0.06329786777496338,0.06643883883953094,0.0,0.0,0.0,0.0,0.0,0.0007449374534189701,0.011934438720345497,0.003804683219641447,0.0992743968963623,0.0,0.0,0.0,0.0,6.215287430677563e-05,0.006907429546117783,0.022644806653261185,0.008525792509317398,0.02544313669204712,0.0066971080377697945,0.0,6.215287430677563e-05,0.0,0.0014873750042170286,0.005590273533016443,0.009948690421879292,0.01954842172563076,0.009342323057353497,0.007824338972568512,0.004900448024272919,0.0038407186511904,0.0006981678307056427,0.002474585548043251,6.215287430677563e-05,6.215287430677563e-05,0.00857941061258316,0.0043689776211977005,0.0,0.017755035310983658,0.0063042957335710526,0.013404066674411297,0.015223713591694832,0.0006044127512723207,0.0008745818631723523,0.002762273419648409,0.07035352289676666,0.00601176917552948,0.019010178744792938,0.10191364586353302,0.05591900646686554,0.01882638782262802,0.0,0.003002934157848358,0.02114095538854599,0.013071594759821892,0.008595695719122887,0.0,0.020504847168922424,0.025734052062034607,0.023941028863191605,0.0,0.008200565353035927,0.016839556396007538,0.010341305285692215,0.002440512180328369,0.0,0.0,0.01541062816977501,0.02672191709280014,0.00679980032145977,0.0060799908824265,0.03347530961036682,0.004488336853682995,0.0,0.0,0.0,0.001245642313733697,0.03022196516394615,0.016508689150214195,0.0,0.01605895534157753,0.0,0.0,0.0,0.0,0.003253792878240347,0.004262121394276619,0.0038811617996543646,0.0,0.0,0.0,0.0,0.0,0.0,0.014257164672017097,0.0,0.0,0.0,0.0,0.0,0.0
2025-06-17,0.0,7.019079203018919e-05,0.0007289054337888956,0.0,0.02449844405055046,0.013527200557291508,0.011022357270121574,0.0,0.0,0.0,0.0,0.0020698094740509987,0.01330319419503212,0.1352497637271881,0.24870404601097107,7.019079203018919e-05,0.0,0.0,0.0,0.00469978479668498,0.017929160967469215,0.028043046593666077,0.035079896450042725,0.05207578092813492,7.019079203018919e-05,0.0,0.0,0.0,0.0026284949854016304,0.0,0.026333212852478027,0.06233717128634453,0.050138913094997406,0.007239112630486488,0.0012751020258292556,0.0,0.0,0.0007177699590101838,0.0,0.01436544768512249,0.0258825421333313,0.021512635052204132,0.05930549278855324,0.036236654967069626,0.0,0.0,0.0,0.0,0.0,0.0038563169073313475,0.01740103028714657,0.005013818386942148,0.06413567066192627,0.0,0.0,0.0,0.0,7.019079203018919e-05,0.008348990231752396,0.01140961330384016,0.008163994178175926,0.02377142943441868,0.0004285858303774148,0.0,7.019079203018919e-05,0.0,0.001667182077653706,0.0074650296010077,0.01822475716471672,0.007044489495456219,0.009483417496085167,0.00808672420680523,0.003595218062400818,0.008308983407914639,0.00021864334121346474,0.007136042695492506,7.019079203018919e-05,7.019079203018919e-05,0.017107034102082253,0.0035255788825452328,0.0,0.017516866326332092,0.004286056384444237,0.02187303826212883,0.011286599561572075,0.000663764018099755,0.004478464834392071,0.0016883406788110733,0.09057644754648209,0.0036533442325890064,0.009545337408781052,0.08603029698133469,0.04872563108801842,0.031169738620519638,0.0,0.0009866682812571526,0.022237686440348625,0.00776294618844986,0.014553339220583439,0.0,0.015308286063373089,0.015291651710867882,0.021957525983452797,0.008231871761381626,0.002539822133257985,0.018737198784947395,0.01582551747560501,0.003282771911472082,0.0,0.0,0.01781700924038887,0.028951827436685562,0.006444806233048439,0.01704511046409607,0.01341074425727129,0.01119198463857174,0.0,0.0,0.0,0.0015461377333849669,0.029823655262589455,0.010189283639192581,0.00027160230092704296,0.005505496636033058,0.006848590914160013,0.0,0.0,0.0,0.005324662663042545,0.016597144305706024,0.002888428047299385,0.0,0.0,0.0,0.0,0.0,0.0,0.007412204518914223,0.0,0.0,0.0,0.0,0.0,0.0
2025-06-18,0.0,9.549610695103183e-05,0.0003051992680411786,0.0,0.02965395897626877,0.00484114047139883,0.008020395413041115,0.0,0.0,0.0,0.0,0.00597632909193635,0.013203296810388565,0.11997765302658081,0.23777639865875244,9.549610695103183e-05,0.0,0.0,0.0,0.0032897586934268475,0.014691393822431564,0.04786975309252739,0.025552313774824142,0.04359503090381622,9.549610695103183e-05,0.0,0.0,0.0,0.0,0.003234586678445339,0.018140699714422226,0.08345960825681686,0.0500701442360878,0.006693336181342602,0.0010924342786893249,0.0,0.0,0.0,0.00031248212326318026,0.006801406852900982,0.01949562132358551,0.034910738468170166,0.050082363188266754,0.02985161542892456,0.0,0.0,0.0,0.0,0.0,0.010943062603473663,0.035927142947912216,0.005601684562861919,0.045308541506528854,0.0,0.0,0.0,0.0,9.549610695103183e-05,0.01409100741147995,0.010836100205779076,0.006854738108813763,0.030491599813103676,0.0,0.0,9.549610695103183e-05,0.0,0.002679708879441023,0.009089821949601173,0.02504086121916771,0.011811995878815651,0.01553086843341589,0.008733772672712803,0.0026528178714215755,0.004409196320921183,0.002197811147198081,0.002977989614009857,9.549610695103183e-05,9.549610695103183e-05,0.00800389889627695,0.006582566536962986,0.001018386334180832,0.015903368592262268,0.0034486977383494377,0.010797684080898762,0.015490880236029625,0.0009802351705729961,0.005770983174443245,0.0016240535769611597,0.12057644128799438,0.005148356780409813,0.006515222601592541,0.10948546230792999,0.02951035089790821,0.023778272792696953,0.0007394978892989457,0.006375208497047424,0.01626315712928772,0.006322968751192093,0.014017135836184025,0.0,0.016140015795826912,0.01654079556465149,0.018187105655670166,0.01762986183166504,0.0012440374121069908,0.02065795660018921,0.005458317697048187,0.0035894985776394606,0.0,0.0,0.016841331496834755,0.04326349496841431,0.01086100097745657,0.005308645777404308,0.008739118464291096,0.027590595185756683,0.0,0.0,0.0,0.0011536640813574195,0.031006932258605957,0.00933909509330988,0.0018494372488930821,0.005503624677658081,0.0017917815130203962,0.0,0.0,0.0,0.004736719653010368,0.024285998195409775,0.004756850656121969,0.0,0.0,0.0,0.0,0.0,0.0,0.003351351944729686,0.0,0.0,0.0,0.0,0.0,0.0
2025-06-19,0.0,6.220160139491782e-05,0.0011127874022349715,0.0,0.017061976715922356,0.0025345562025904655,0.009618568234145641,0.0,0.0,0.0,0.0,0.0014819910284131765,0.01334912609308958,0.12659043073654175,0.2554655075073242,6.220160139491782e-05,0.0,0.0,0.0,0.0020192814990878105,0.020135940983891487,0.04079938307404518,0.01842452585697174,0.056060612201690674,6.220160139491782e-05,0.0,0.0,0.0,0.004166432656347752,0.004243968985974789,0.01638644188642502,0.07254461944103241,0.06721383333206177,0.010128501802682877,0.0008581460569985211,0.0,0.0,0.0,0.005073810461908579,0.0047848885878920555,0.025016438215970993,0.04003424197435379,0.05065622180700302,0.0394291877746582,0.0,0.0,0.0,0.0,0.0,0.025930404663085938,0.02851342037320137,0.0054596830159425735,0.06411014497280121,0.0,0.0,0.0,0.0,6.220160139491782e-05,0.008380078710615635,0.014847992919385433,0.005564630497246981,0.01955883577466011,0.0,0.0,6.220160139491782e-05,0.0,0.0028944136574864388,0.016391262412071228,0.020242344588041306,0.008116288110613823,0.01858081854879856,0.008555500768125057,0.005188243463635445,0.004254444967955351,0.011289749294519424,0.0021473723463714123,6.220160139491782e-05,6.220160139491782e-05,0.003922573756426573,0.006420602090656757,0.00291929068043828,0.023089595139026642,0.001187736401334405,0.007296433672308922,0.014950662851333618,0.0015353965573012829,0.0035777967423200607,0.005636450834572315,0.15535837411880493,0.009951493702828884,0.006503995042294264,0.08525531738996506,0.030883267521858215,0.012521952390670776,0.0029157823882997036,0.02335577830672264,0.01915494166314602,0.0038124530110508204,0.0005202628672122955,0.0,0.03050881437957287,0.015038653276860714,0.01788189262151718,0.005027796607464552,0.0032671792432665825,0.012258305214345455,0.001922941766679287,0.0019938901532441378,0.0,0.0,0.02128148078918457,0.05117092281579971,0.004234348423779011,0.0035666325129568577,0.010764839127659798,0.01672462373971939,0.0,0.0,0.0,0.001091750804334879,0.05359154939651489,0.011470768600702286,0.002075045369565487,0.004681444726884365,0.0,0.0,0.0,0.0,0.002150028944015503,0.011002793908119202,0.002671133494004607,0.0,0.0,0.0,0.0,0.0,0.0,2.7999747544527054e-05,0.0,0.0,0.0,0.0,0.0,0.0
2025-06-20,0.0,6.831734208390117e-05,0.001429245574399829,0.0,0.01501832902431488,0.0030897040851414204,0.006404993124306202,0.0,0.0,0.0,0.0,0.0009018674027174711,0.007486267015337944,0.153896301984787,0.26562201976776123,6.831734208390117e-05,0.0,0.0,0.0,0.0066632600501179695,0.018266677856445312,0.04010584205389023,0.02121029421687126,0.05657505244016647,6.831734208390117e-05,0.0,0.0,0.0,0.01640760898590088,0.005204024724662304,0.023481115698814392,0.05941169708967209,0.04794243350625038,0.01225527934730053,0.0020815341267734766,0.0,0.0,0.004044316243380308,0.001003343379124999,0.004627684131264687,0.028528815135359764,0.037439003586769104,0.05833657085895538,0.03541325032711029,0.0,0.0,0.0,0.0,0.0,0.014202906750142574,0.013337438926100731,0.0035087710712105036,0.048237595707178116,0.0,0.0,0.0,0.0,6.831734208390117e-05,0.008272679522633553,0.013889769092202187,0.007630046922713518,0.01638570800423622,0.0,0.0,6.831734208390117e-05,0.0,0.003338918089866638,0.00435253931209445,0.00478921364992857,0.011123995296657085,0.011176948435604572,0.008195048198103905,0.004990379326045513,0.005398385226726532,0.038892924785614014,0.0033339899964630604,6.831734208390117e-05,6.831734208390117e-05,0.006388112436980009,0.010445021092891693,0.006816302426159382,0.02051679790019989,0.0026832197327166796,0.04433903843164444,0.02834594063460827,0.00727784214541316,0.0017495439387857914,0.0028654751367866993,0.10333306342363358,0.002163054421544075,0.00963830016553402,0.07597719132900238,0.035566747188568115,0.013310003094375134,0.0025891498662531376,0.01712421514093876,0.03420938178896904,0.008094727993011475,0.0008927374146878719,0.0,0.05155833810567856,0.018309656530618668,0.02983400970697403,0.004816379863768816,0.00389054580591619,0.011874167248606682,0.0017207972705364227,0.0041797831654548645,0.0,0.0,0.04161398857831955,0.03076842427253723,0.010914430022239685,0.004858447704464197,0.021200161427259445,0.006281227804720402,0.0,0.0,0.0,0.0014637057902291417,0.03516436368227005,0.02355891279876232,0.0012782895937561989,0.007339391857385635,0.002856397069990635,0.0,0.0,0.0,0.000917965080589056,0.005479339975863695,0.0044990116730332375,0.0,0.0,0.0,0.0,0.0,0.0,0.0,0.0,0.0,0.0,0.0,0.0,0.0
2025-06-21,0.0,7.035001908661798e-05,0.001519631827250123,0.0,0.0191242303699255,0.004997458774596453,0.008727191016077995,0.0,0.0,0.0,0.0,0.0008430060697719455,0.008308330550789833,0.14758703112602234,0.2845924198627472,7.035001908661798e-05,0.0,0.0,0.0,0.0003557989839464426,0.024561911821365356,0.04747461527585983,0.021330729126930237,0.05630382150411606,7.035001908661798e-05,0.0,0.0,0.0,0.004864524584263563,0.013708677142858505,0.026674650609493256,0.061925798654556274,0.059665754437446594,0.0175494235008955,0.005552955903112888,0.0,0.0,0.0,0.0015467244666069746,0.003683609189465642,0.016905708238482475,0.027822017669677734,0.0604671984910965,0.04549970477819443,0.0,0.0,0.0,0.0,0.0,0.012187736108899117,0.010107255540788174,0.0031463857740163803,0.051501061767339706,0.0,0.0,0.0,0.0,7.035001908661798e-05,0.009122978895902634,0.02307151071727276,0.020145665854215622,0.023107346147298813,0.0008635143749415874,0.0,7.035001908661798e-05,0.0,0.003608257044106722,0.003918786998838186,0.006186694372445345,0.021778125315904617,0.015068775042891502,0.00858207605779171,0.0009709922596812248,0.005591711029410362,0.013281104154884815,0.0030290838330984116,7.035001908661798e-05,7.035001908661798e-05,0.02009795978665352,0.009121005423367023,0.013901893049478531,0.011033481918275356,0.007498818915337324,0.05096755921840668,0.0138376634567976,0.0017321804771199822,0.0006798456888645887,0.0022036272566765547,0.09585507214069366,0.0,0.01939730904996395,0.10810428857803345,0.02024121955037117,0.028484318405389786,0.001852716552093625,0.005904692225158215,0.053623028099536896,0.003660519141703844,0.006200528237968683,0.0,0.03756628930568695,0.02401874214410782,0.030005989596247673,0.005974294617772102,0.0037211233284324408,0.012619039975106716,0.0019707288593053818,0.004078584723174572,0.0,0.0,0.02537996508181095,0.03216654062271118,0.024139802902936935,0.004733524285256863,0.01304925698786974,0.0029042474925518036,0.0,0.0,0.0,0.0018055870896205306,0.03065343387424946,0.021699611097574234,0.0003858968848362565,0.008176297880709171,0.010316498577594757,0.0,0.0,0.0,0.005227518733590841,0.0036158771254122257,0.0064141955226659775,0.0,0.0,0.0,0.0,0.0,0.0,0.0,0.0,0.0,0.0,0.0,0.0,0.0
2025-06-22,0.0,8.495632937410846e-05,0.0015817610546946526,0.0,0.014652065932750702,0.0047920276410877705,0.005560281686484814,0.0,0.0,0.0,0.0,0.0009940024465322495,0.020540587604045868,0.12266506999731064,0.3064342141151428,8.495632937410846e-05,0.0,0.0,0.0,0.0007411220576614141,0.02553066611289978,0.034375667572021484,0.019884800538420677,0.037352532148361206,8.495632937410846e-05,0.0,0.0,0.0,0.003101603128015995,0.006378673017024994,0.02451314404606819,0.07062209397554398,0.0627521201968193,0.007549617439508438,0.0014875855995342135,0.0,0.0,0.0,0.0029259356670081615,0.0035538123920559883,0.021008025854825974,0.022578369826078415,0.056103140115737915,0.059799499809741974,0.0,0.0,0.0,0.0,0.0,0.0009434109088033438,0.008627068251371384,0.008200530894100666,0.07727869600057602,0.0,0.0,0.0,0.0,8.495632937410846e-05,0.012920891866087914,0.023183267563581467,0.012377327308058739,0.030621347948908806,0.0015204439405351877,0.0,8.495632937410846e-05,0.0,0.0012673800811171532,0.020672351121902466,0.01305418647825718,0.014926563017070293,0.016344238072633743,0.0066258106380701065,0.0008160099387168884,0.005835977382957935,0.005168925039470196,0.0032225167378783226,8.495632937410846e-05,8.495632937410846e-05,0.008462086319923401,0.009019005112349987,0.0069886171258986,0.009669903665781021,0.0019438012968748808,0.029426569119095802,0.00939583033323288,0.0009390825871378183,0.001542058540508151,0.0037610449362546206,0.09706829488277435,0.00234194565564394,0.03210388869047165,0.08874836564064026,0.030782071873545647,0.020366903394460678,0.0011227705981582403,0.003665848169475794,0.032135091722011566,0.008713314309716225,0.009919639676809311,0.0,0.016472121700644493,0.018385110422968864,0.02197856269776821,0.0033704552333801985,0.011876014992594719,0.014483001083135605,0.0023414231836795807,0.0029332113917917013,0.0,0.0,0.0194334015250206,0.039701953530311584,0.012168411165475845,0.008256777189671993,0.005768801085650921,0.001737520331516862,0.0,0.0,0.0,0.0022630980238318443,0.05041877180337906,0.022724106907844543,0.0006145114311948419,0.006634973920881748,0.006181434728205204,0.0,0.0,0.0,0.001829070970416069,0.007661964278668165,0.010205221362411976,0.0,0.0,0.0,0.0,0.0,0.0,0.0007119583897292614,0.0,0.0,0.0,0.0,0.0,0.0
2025-06-23,0.0,8.368837006855756e-05,0.0015134382992982864,0.0,0.0071909562684595585,0.005138696171343327,0.0046994443982839584,0.0,0.0,0.0,0.0,0.002190688159316778,0.012628041207790375,0.13525405526161194,0.30248379707336426,8.368837006855756e-05,0.0,0.0,0.0,0.005777883343398571,0.021648157387971878,0.02294401079416275,0.026631994172930717,0.04021511226892471,8.368837006855756e-05,0.0,0.0,0.0,0.00917242281138897,0.0026894533075392246,0.03457874432206154,0.054283831268548965,0.056577637791633606,0.007864587008953094,0.0022553764283657074,0.0,0.0,0.0007352671236731112,0.002804031129926443,0.0029831475112587214,0.028810039162635803,0.01783430576324463,0.053310927003622055,0.04994850605726242,0.0,0.0,0.0,0.0,0.0,0.0008215841371566057,0.011828082613646984,0.012014372274279594,0.0659370869398117,0.0,0.0,0.0,0.0,8.368837006855756e-05,0.006922473199665546,0.017976509407162666,0.005660252645611763,0.03587913513183594,0.000582020846195519,0.0,8.368837006855756e-05,0.0,0.0004085300024598837,0.028257453814148903,0.012513185851275921,0.008190641179680824,0.009749511256814003,0.0076406290754675865,0.004121922422200441,0.005590450018644333,0.002449910156428814,0.0032938907388597727,8.368837006855756e-05,8.368837006855756e-05,0.005305170547217131,0.012340256944298744,0.0030482460279017687,0.013210644945502281,0.0005566896870732307,0.033957287669181824,0.009660035371780396,0.0006757118972018361,0.014357163570821285,0.009439490735530853,0.08760156482458115,0.011985711753368378,0.01911165751516819,0.0989777073264122,0.05027357488870621,0.0235237255692482,0.0006824888987466693,0.004523436538875103,0.03074212744832039,0.024969937279820442,0.009134756401181221,0.0,0.015709256753325462,0.024633150547742844,0.022538593038916588,0.0015882020816206932,0.003626355668529868,0.016742955893278122,0.0019633444026112556,0.010233770124614239,0.0,0.0,0.015461400151252747,0.03662838041782379,0.010755795985460281,0.005616495851427317,0.013606645166873932,0.002287327777594328,0.0,0.0,0.0,0.001607632846571505,0.03784699738025665,0.009195252321660519,0.0,0.0042350878939032555,0.00928988866508007,0.0,0.0,0.0,0.0015235028695315123,0.008210689760744572,0.0042999666184186935,0.0,0.0,0.0,0.0,0.0,0.0,0.0014194720424711704,0.0,0.0,0.0,0.0,0.0,0.0
2025-06-24,0.0,7.790962990839034e-05,0.001532676164060831,0.0,0.015716344118118286,0.007899170741438866,0.004010991659015417,0.0,0.0,0.0,0.0,0.006229771301150322,0.01928825117647648,0.1466294527053833,0.28124499320983887,7.790962990839034e-05,0.0,0.0,0.0,0.003012624569237232,0.03319842740893364,0.01801621913909912,0.027925800532102585,0.03500441461801529,7.790962990839034e-05,0.0,0.0,0.0,0.009993837215006351,0.0,0.026617983356118202,0.067559152841568,0.0557946041226387,0.008261219598352909,0.01179579459130764,0.0,0.0,0.001025867648422718,0.0027101640589535236,0.0022631927859038115,0.030522499233484268,0.0191650427877903,0.036694496870040894,0.06168109178543091,0.0,0.0,0.0,0.0,0.0,0.010580276139080524,0.0075541902333498,0.004507673438638449,0.058073170483112335,0.0,0.0,0.0,0.0,7.790962990839034e-05,0.0048509929329156876,0.018114767968654633,0.006590613164007664,0.028940651565790176,0.0,0.0,7.790962990839034e-05,0.0,0.005717922002077103,0.01878397911787033,0.010596873238682747,0.019478151574730873,0.013558254577219486,0.007900569587945938,0.010505269281566143,0.005294655449688435,0.002571059623733163,0.0029115749057382345,7.790962990839034e-05,7.790962990839034e-05,0.00564169604331255,0.011069786734879017,0.000713038316462189,0.029090598225593567,0.00742725282907486,0.03202676400542259,0.008086624555289745,0.0004303963796701282,0.0034137829206883907,0.0022898116149008274,0.08491063117980957,0.012873511761426926,0.012086913920938969,0.0906243547797203,0.06338880956172943,0.04430999979376793,0.0003104492789134383,0.0050683217123150826,0.03082270175218582,0.005120455753058195,0.006612093187868595,0.0,0.023072052747011185,0.025935441255569458,0.02005949430167675,0.008828949183225632,0.004556542728096247,0.011547619476914406,0.003366603050380945,0.008229181170463562,0.0,0.0,0.014466988854110241,0.0453471764922142,0.00942632183432579,0.010106610134243965,0.011988487094640732,0.002693486399948597,0.0,0.0,0.0,0.0026549194008111954,0.04253768175840378,0.00864323228597641,0.00015313457697629929,0.0067308153957128525,0.020673317834734917,0.0,0.0,0.0,0.0018116601277142763,0.009773463010787964,0.0023730883840471506,0.0,0.0,0.0,0.0,0.0,0.0,0.0018355962820351124,0.0,0.0,0.0,0.0,0.0,0.0
2025-06-25,0.0,6.525959906866774e-05,0.0013570357114076614,0.0,0.007107959128916264,0.0033261296339333057,0.004171324428170919,0.0,0.0,0.0,0.0,0.0016649634344503284,0.016086606308817863,0.1391223669052124,0.2907349765300751,6.525959906866774e-05,0.0,0.0,0.0,0.006181823089718819,0.026899900287389755,0.013372313231229782,0.027150653302669525,0.031776025891304016,6.525959906866774e-05,0.0,0.0,0.0,0.009638354182243347,0.0037796550896018744,0.028944052755832672,0.05120677500963211,0.06198612228035927,0.008335575461387634,0.0027882116846740246,0.0,0.0,0.0007564323605038226,0.006716482806950808,0.0033762496896088123,0.023572620004415512,0.021504422649741173,0.04154525697231293,0.05964119732379913,0.0,0.0,0.0,0.0,0.0,0.00447090994566679,0.01122263167053461,0.004937829915434122,0.059755757451057434,0.0,0.0,0.0,0.0,6.525959906866774e-05,0.0045870570465922356,0.017410852015018463,0.008449586108326912,0.04493044316768646,8.208706276491284e-05,0.0,6.525959906866774e-05,0.0,0.002132760128006339,0.0037869494408369064,0.011395511217415333,0.00932382233440876,0.011248809285461903,0.013823705725371838,0.005754256621003151,0.0059431372210383415,0.0036552418023347855,0.002271752106025815,6.525959906866774e-05,6.525959906866774e-05,0.010812540538609028,0.027432048693299294,0.0,0.019078774377703667,0.0356823094189167,0.023052792996168137,0.015137708745896816,0.0006730867899022996,0.0009670174913480878,0.005881857126951218,0.09087115526199341,0.02637917920947075,0.009324553422629833,0.0961168184876442,0.05996036157011986,0.027382642030715942,0.0007438418106175959,0.004556027241051197,0.03670177608728409,0.008199017494916916,0.005448023788630962,0.0,0.024504413828253746,0.022482773289084435,0.02523479238152504,0.008621600456535816,0.009408027864992619,0.013680247589945793,0.004247938748449087,0.002908306894823909,0.0,0.0,0.01706293225288391,0.04940618574619293,0.010723059065639973,0.004040705971419811,0.0098712844774127,0.002915448509156704,0.0,0.0,0.0,0.009580081328749657,0.04440022259950638,0.01479354314506054,0.00013985834084451199,0.017704831436276436,0.00667556980624795,0.0,0.0,0.0,0.0030196234583854675,0.007498117629438639,0.006571102887392044,0.0,0.0,0.0,0.0,0.0,0.0,0.0032317310106009245,0.0,0.0,0.0,0.0,0.0,0.0
2025-06-26,0.0,7.931347499834374e-05,0.0018937366548925638,0.0,0.006267671473324299,0.0017426671693101525,0.005148311611264944,0.0,0.0,0.0,0.0,0.0001519183861091733,0.007381402421742678,0.14441290497779846,0.26776063442230225,7.931347499834374e-05,0.0,0.0,0.0,0.0015526717761531472,0.025714272633194923,0.023204855620861053,0.020915715023875237,0.027553148567676544,7.931347499834374e-05,0.0,0.0,0.0,0.007591619156301022,0.013962297700345516,0.025157073512673378,0.03447806462645531,0.053443364799022675,0.01014318224042654,0.0005849911249242723,0.0,0.0,0.00046032207319512963,0.0016289144987240434,0.005236223805695772,0.023181816563010216,0.015462061390280724,0.05954281985759735,0.05593257397413254,0.0,0.0,0.0,0.0,0.0,0.010627263225615025,0.02194332703948021,0.007607516832649708,0.06473179161548615,0.0,0.0,0.0,0.0,7.931347499834374e-05,0.008836532011628151,0.01882367953658104,0.009784067049622536,0.037512775510549545,0.0003836169489659369,0.0,7.931347499834374e-05,0.0,0.0016365060582756996,0.002653738483786583,0.01024998351931572,0.020078321918845177,0.011383496224880219,0.008972376585006714,0.0041060964576900005,0.0051852078177034855,0.004380485508590937,0.0032155965454876423,7.931347499834374e-05,7.931347499834374e-05,0.009471811354160309,0.01655225083231926,0.0,0.013416072353720665,0.02049790322780609,0.017323259264230728,0.007945610210299492,0.0009084948687814176,0.002076662378385663,0.0,0.10854026675224304,0.017084479331970215,0.011021321639418602,0.0875900536775589,0.05571184679865837,0.021175099536776543,0.004244537092745304,0.003809975925832987,0.027043387293815613,0.014874621294438839,0.004490213468670845,0.0,0.034276753664016724,0.01370132714509964,0.03447919338941574,0.0025482026394456625,0.0020454726181924343,0.008335324004292488,0.003712266217917204,0.004262631293386221,0.0,0.0,0.027124760672450066,0.04278134927153587,0.02092289924621582,0.006307788193225861,0.027545366436243057,0.0024752223398536444,0.0,0.0,0.0,0.002361982362344861,0.028664473444223404,0.0100777018815279,0.00010539067443460226,0.007627998478710651,0.004735887050628662,0.0,0.0,0.0,0.0041138892993330956,0.0021742405369877815,0.0020282543264329433,0.0,0.0,0.0,0.0,0.0,0.0,0.0036552397068589926,0.0,0.0,0.0,0.0,0.0,0.0
2025-06-27,0.0,6.627388211200014e-05,0.0013740048743784428,0.0,0.01261083036661148,0.0031951172277331352,0.004064987413585186,0.0,0.0,0.0,0.0,0.0012948280200362206,0.014187942259013653,0.1652231514453888,0.2707718312740326,6.627388211200014e-05,0.0,0.0,0.0,0.0008243625052273273,0.02824779972434044,0.017540356144309044,0.02131088823080063,0.03889847174286842,6.627388211200014e-05,0.0,0.0,0.0,0.011974538676440716,0.007355395704507828,0.014417095109820366,0.05263277143239975,0.08481168001890182,0.01198518741875887,0.00041407259413972497,0.0,0.0,7.446046220138669e-05,0.002295715268701315,0.005461756605654955,0.023579858243465424,0.021478747949004173,0.06390225887298584,0.06427790969610214,0.0,0.0,0.0,0.0,0.0,0.004481407348066568,0.019420715048909187,0.013745976611971855,0.05727899819612503,0.0,0.0,0.0,0.0,6.627388211200014e-05,0.0029563759453594685,0.02609178051352501,0.009348783642053604,0.03582894802093506,0.000182420015335083,0.0,6.627388211200014e-05,0.0,0.002622753381729126,0.009262938052415848,0.008878285996615887,0.024944089353084564,0.017397966235876083,0.008330654352903366,0.0037358682602643967,0.005170909222215414,0.004615828860551119,0.002918832004070282,6.627388211200014e-05,6.627388211200014e-05,0.006792922038584948,0.012635652907192707,0.0,0.012058202177286148,0.02440856769680977,0.0356936976313591,0.009935912676155567,0.0008047016453929245,0.002623504027724266,0.0036475069355219603,0.12690362334251404,0.004214296117424965,0.014115223661065102,0.10808639228343964,0.07769536972045898,0.028778191655874252,4.362780600786209e-05,0.006527706515043974,0.04009189456701279,0.004723886027932167,0.005664024036377668,0.0,0.017347432672977448,0.014933069236576557,0.019588707014918327,0.010115157812833786,0.003844587365165353,0.025125829502940178,0.0034887881483882666,0.009902717545628548,0.0,0.0,0.03911811485886574,0.03542093187570572,0.017752306535840034,0.007463508285582066,0.015180166810750961,0.0016147964634001255,0.0,0.0,0.0,0.000995317823253572,0.022812629118561745,0.015076633542776108,0.0,0.006428446155041456,0.0028703417629003525,0.0,0.0,0.0,0.005096074193716049,0.006890652701258659,0.0067969136871397495,0.0,0.0,0.0,0.0,0.0,0.0,0.0015711311716586351,0.0,0.0,0.0,0.0,0.0,0.0
2025-06-28,0.0,7.180310058174655e-05,0.0016255290247499943,0.0,0.019106652587652206,0.005070006940513849,0.003888690145686269,0.0,0.0,0.0,0.0,0.001955077750608325,0.010498465970158577,0.16892826557159424,0.28078097105026245,7.180310058174655e-05,0.0,0.0,0.0,0.0008359670173376799,0.028210800141096115,0.008220522664487362,0.018861185759305954,0.031768981367349625,7.180310058174655e-05,0.0,0.0,0.0,0.003586440347135067,0.003203775268048048,0.026219256222248077,0.03413940593600273,0.07436414062976837,0.02912568673491478,0.0010620789835229516,0.0,0.0,0.0008632631506770849,0.002211150247603655,0.005885888356715441,0.018013853579759598,0.032095834612846375,0.07402157038450241,0.04557222127914429,0.0,0.0,0.0,0.0,0.0,0.002616430399939418,0.02279512956738472,0.007290877401828766,0.07478706538677216,0.0,0.0,0.0,0.0,7.180310058174655e-05,0.004060474690049887,0.03233090788125992,0.009045658633112907,0.031447213143110275,0.0,0.0,7.180310058174655e-05,0.0,0.0030685269739478827,0.013909926638007164,0.009133780375123024,0.026657236739993095,0.01356225274503231,0.008524486795067787,0.0023973200004547834,0.005280273500829935,0.0043451315723359585,0.0014622273156419396,7.180310058174655e-05,7.180310058174655e-05,0.014901023358106613,0.024772871285676956,0.0,0.010092045180499554,0.012771699577569962,0.04852178692817688,0.012482736259698868,0.001452470663934946,0.0017950143665075302,0.0033766969572752714,0.09472040832042694,0.011990065686404705,0.02501179650425911,0.08146243542432785,0.06380026042461395,0.03032076358795166,0.0,0.0014200061559677124,0.054643649607896805,0.0026104820426553488,0.004661549348384142,0.0,0.022678259760141373,0.015427296981215477,0.019331978633999825,0.019859662279486656,0.01090145856142044,0.019080400466918945,0.0037257191725075245,0.006051977165043354,0.0,0.0,0.018496721982955933,0.024062329903244972,0.010932182893157005,0.006338448263704777,0.012778962962329388,0.002800112357363105,0.0,0.0,0.0,0.001991251716390252,0.041329920291900635,0.02028440684080124,0.0,0.006971865892410278,0.002477064961567521,0.0,0.0,0.0,0.005157409235835075,0.003406150732189417,0.004245339892804623,0.0,0.0,0.0,0.0,0.0,0.0,0.00037375837564468384,0.0,0.0,0.0,0.0,0.0,0.0
2025-06-29,0.0,7.454578735632822e-05,0.0015937634743750095,0.0,0.008498608134686947,0.00424343254417181,0.003713188925758004,0.0,0.0,0.0,0.0,0.0025240033864974976,0.01419402938336134,0.145920068025589,0.2774614095687866,7.454578735632822e-05,0.0,0.0,0.0,0.0029710696544498205,0.03270003944635391,0.018555890768766403,0.024545762687921524,0.03268488124012947,7.454578735632822e-05,0.0,0.0,0.0,0.0025970377027988434,0.0035423398949205875,0.022872257977724075,0.03978511691093445,0.07887338101863861,0.015706866979599,0.0015003448352217674,0.0,0.0,0.00045760624925605953,0.0021168291568756104,0.006015374790877104,0.03148297220468521,0.015670305117964745,0.0683889091014862,0.044706471264362335,0.0,0.0,0.0,0.0,0.0,0.0026111644692718983,0.01272085402160883,0.004444797523319721,0.06708866357803345,0.0,0.0,0.0,0.0,7.454578735632822e-05,0.007127684541046619,0.02792545035481453,0.008823152631521225,0.02148163877427578,0.0,0.0,7.454578735632822e-05,0.0,0.004505576100200415,0.016978703439235687,0.00641805911436677,0.011885805055499077,0.02380683273077011,0.006910762283951044,0.002361838473007083,0.005356044974178076,0.0042385682463645935,0.003094423795118928,7.454578735632822e-05,7.454578735632822e-05,0.016817104071378708,0.010074646212160587,0.0,0.009502130560576916,0.006964961998164654,0.0359734483063221,0.008441006764769554,0.0007295358227565885,0.0011144032469019294,0.016629943624138832,0.1122957319021225,0.00199893768876791,0.012669668532907963,0.09571634978055954,0.06415633857250214,0.0195100586861372,0.0006577082094736397,0.0016045551747083664,0.05765366554260254,0.003991244360804558,0.005719308741390705,0.0,0.02618633210659027,0.023113064467906952,0.01869971863925457,0.01330228429287672,0.004279228858649731,0.027975529432296753,0.003948570229113102,0.005370852537453175,0.0,0.0,0.01291823759675026,0.03535257652401924,0.01581842452287674,0.008340843953192234,0.02416221797466278,0.0030792756006121635,0.0,0.0,0.0,0.0021802550181746483,0.03654498979449272,0.024178937077522278,0.0004471676074899733,0.0068698665127158165,0.003026785096153617,0.0,0.0,0.0,0.006249506026506424,0.0036693536676466465,0.008232482708990574,0.0,0.0,0.0,0.0,0.0,0.0,0.007444225251674652,0.0,0.0,0.0,0.0,0.0,0.0
2025-06-30,0.0,7.878836913732812e-05,0.0013056020252406597,0.0,0.011954843066632748,0.0037396156694740057,0.010019591078162193,0.0,0.0,0.0,0.0,0.0026897769421339035,0.010102787986397743,0.13922521471977234,0.2941497564315796,7.878836913732812e-05,0.0,0.0,0.0,0.004129510372877121,0.037009187042713165,0.014611506834626198,0.025847740471363068,0.04071449488401413,7.878836913732812e-05,0.0,0.0,0.0,0.0016634631901979446,0.005467461422085762,0.04261704534292221,0.05920306593179703,0.055523261427879333,0.0075850579887628555,0.0021260606590658426,0.0,0.0,0.0006084170890972018,0.002182968193665147,0.004717597737908363,0.04511895030736923,0.017995869740843773,0.06413648277521133,0.04637806862592697,0.0,0.0,0.0,0.0,0.0,0.0033073879312723875,0.008708571083843708,0.004226613324135542,0.05493740364909172,0.0,0.0,0.0,0.0,7.878836913732812e-05,0.009553812444210052,0.03291764110326767,0.008491036482155323,0.021722275763750076,0.0,0.0,7.878836913732812e-05,0.0,0.0032402488868683577,0.015171496197581291,0.010345548391342163,0.02024569734930992,0.019300851970911026,0.008520357310771942,0.003938864450901747,0.005228839814662933,0.006951900199055672,0.003628249280154705,7.878836913732812e-05,7.878836913732812e-05,0.0072212000377476215,0.006900368724018335,0.00012924219481647015,0.008335165679454803,0.0035638567060232162,0.016053948551416397,0.010413283482193947,0.0004594840866047889,0.008591195568442345,0.006803547963500023,0.10766664147377014,0.006528913974761963,0.011898208409547806,0.08073308318853378,0.06131143867969513,0.023868046700954437,0.00173629866912961,0.0019113002344965935,0.04725142568349838,0.003985223360359669,0.013399315997958183,0.0,0.017690658569335938,0.016638727858662605,0.018087049946188927,0.00949759129434824,0.0030057893600314856,0.030428562313318253,0.0030698245391249657,0.008869394659996033,0.0,0.0,0.017660167068243027,0.03277888521552086,0.00997454859316349,0.009271513670682907,0.015420239418745041,0.0029520271345973015,0.0,0.0,0.0,0.001096581807360053,0.027366701513528824,0.011198402382433414,0.0008296943851746619,0.005974375642836094,0.002738670911639929,0.0,0.0,0.0,0.0066618104465305805,0.013806570321321487,0.004577102605253458,0.0,0.0,0.0,0.0,0.0,0.0,0.019599584862589836,0.0,0.0,0.0,0.0,0.0,0.0
2025-07-01,0.0,8.893572521628812e-05,0.0012119298335164785,0.0,0.020178141072392464,0.003160240361467004,0.006457258481532335,0.0,0.0,0.0,0.0,0.002300181658938527,0.009045497514307499,0.15655186772346497,0.2723090946674347,8.893572521628812e-05,0.0,0.0,0.0,0.004116641823202372,0.02454141154885292,0.014981274493038654,0.03442635014653206,0.04117627441883087,8.893572521628812e-05,0.0,0.0,0.0,0.009158533066511154,0.002916126511991024,0.021370096132159233,0.04509580880403519,0.043501291424036026,0.0040926565416157246,0.001963911345228553,0.0,0.0,0.000939192424993962,0.001998582389205694,0.0044537754729390144,0.05495603755116463,0.018956085667014122,0.05367962270975113,0.03651232272386551,0.0,0.0,0.0,0.0,0.0,0.003677430795505643,0.015037311241030693,0.01071213185787201,0.05881716310977936,0.0,0.0,0.0,0.0,8.893572521628812e-05,0.015279822051525116,0.037706948816776276,0.007520265877246857,0.019964706152677536,1.7220096196979284e-05,0.0,8.893572521628812e-05,0.0,0.0029477037023752928,0.013705544173717499,0.021807240322232246,0.015089264139533043,0.010746767744421959,0.009754238650202751,0.003617029171437025,0.005368134472519159,0.003223896026611328,0.0032420139759778976,8.893572521628812e-05,8.893572521628812e-05,0.005993984639644623,0.018659722059965134,0.0007634509238414466,0.009118887595832348,0.0018917899578809738,0.015313700772821903,0.02431326173245907,0.0002792238665279001,0.0026476469356566668,0.00389198400080204,0.11059561371803284,0.0018029175698757172,0.011078083887696266,0.07616440951824188,0.04906805232167244,0.03129110485315323,0.0028983675874769688,0.0047933319583535194,0.04633674398064613,0.008886989206075668,0.005528829526156187,0.0,0.01747124269604683,0.019088655710220337,0.025394674390554428,0.005445034708827734,0.0056765517219901085,0.0196378231048584,0.0032762307673692703,0.005448956973850727,0.0,0.0,0.008979815989732742,0.03397737443447113,0.009970101527869701,0.009377893060445786,0.014374274760484695,0.003250176552683115,0.0,0.0,0.0,0.0006329192547127604,0.033275872468948364,0.010747026652097702,0.0011021257378160954,0.005436003673821688,0.0020043232943862677,0.0,0.0,0.0,0.01591206155717373,0.000820341520011425,0.00524520967155695,0.0,0.0,0.0,0.0,0.0,0.0,0.004040892235934734,0.0,0.0,0.0,0.0,0.0,0.0
2025-07-02,0.0,0.00010995039338013157,0.0010263577569276094,0.0,0.036730971187353134,0.004767794162034988,0.006365370005369186,0.0,0.0,0.0,0.0,0.001034298911690712,0.010071457363665104,0.1429794281721115,0.27397704124450684,0.00010995039338013157,0.0,0.0,0.0,0.0034560903441160917,0.02608555369079113,0.019159995019435883,0.047953180968761444,0.03828074038028717,0.00010995039338013157,0.0,0.0,0.0,0.010580403730273247,0.01307947188615799,0.03136815130710602,0.05639215558767319,0.05806487426161766,0.012665541842579842,0.0013044588267803192,0.0,0.0,0.0011844448745250702,0.0014450205489993095,0.008804397657513618,0.06904243677854538,0.023593546822667122,0.055388327687978745,0.037505947053432465,0.0,0.0,0.0,0.0,0.0,0.003991364501416683,0.007729819975793362,0.0030094124376773834,0.06454649567604065,0.0,0.0,0.0,0.0,0.00010995039338013157,0.0228598453104496,0.0497250072658062,0.007804869208484888,0.028666801750659943,0.00032700737938284874,0.0,0.00010995039338013157,0.0,0.005009802989661694,0.00894188042730093,0.01741449162364006,0.025456704199314117,0.009938592091202736,0.018046891316771507,0.00720422575250268,0.004988179542124271,0.0029374798759818077,0.002861318178474903,0.00010995039338013157,0.00010995039338013157,0.006675760727375746,0.021379362791776657,0.0008392621530219913,0.011510473676025867,0.00538139883428812,0.02557488903403282,0.013382181525230408,0.0003725256538018584,0.0016580886440351605,0.002785987686365843,0.0992642343044281,0.007301483768969774,0.01388535089790821,0.10061755776405334,0.048494018614292145,0.032002948224544525,0.003049537306651473,0.0062540750950574875,0.05160820111632347,0.005413865204900503,0.0039361692033708096,0.0,0.028373975306749344,0.022584442049264908,0.0202347245067358,0.0035444251261651516,0.00878974236547947,0.02144092321395874,0.003513658419251442,0.0029171998612582684,0.0,0.0,0.011111615225672722,0.03276456147432327,0.010002657771110535,0.016469333320856094,0.017061062157154083,0.0033499670680612326,0.0,0.0,0.0,0.0012057115091010928,0.04452989250421524,0.005955243017524481,0.001615192275494337,0.005131606012582779,0.0008562698494642973,0.0,0.0,0.0,0.01991582289338112,0.0,0.004663669504225254,0.0,0.0,0.0,0.0,0.0,0.0,0.0003663687966763973,0.0,0.0,0.0,0.0,0.0,0.0
2025-07-03,0.0,0.00010682560969144106,0.0020750395487993956,0.0,0.02141571044921875,0.013906648382544518,0.006569935940206051,0.0,0.0,0.0,0.0,0.0021991748362779617,0.018422529101371765,0.13448400795459747,0.26563596725463867,0.00010682560969144106,0.0,0.0,0.0,0.002121854806318879,0.028704669326543808,0.02976958453655243,0.03641263395547867,0.033010333776474,0.00010682560969144106,0.0,0.0,0.0,0.009200037457048893,0.018121447414159775,0.03475990146398544,0.04253651946783066,0.06605230271816254,0.00728507898747921,0.0017330496339127421,0.0,0.0,0.0010457602329552174,0.002378962468355894,0.006718902848660946,0.06148737668991089,0.025537751615047455,0.09552771598100662,0.04254305362701416,0.0,0.0,0.0,0.0,0.0,0.003740849904716015,0.009204871952533722,0.0023557478561997414,0.06886733323335648,0.0,0.0,0.0,0.0,0.00010682560969144106,0.01596241444349289,0.025756508111953735,0.008789751678705215,0.023592477664351463,0.0008537255926057696,0.0,0.00010682560969144106,0.0,0.014061414636671543,0.008805631659924984,0.016972659155726433,0.01770417019724846,0.01720937341451645,0.008034436032176018,0.0020776228047907352,0.0036651380360126495,0.0031891462858766317,0.003862570971250534,0.00010682560969144106,0.00010682560969144106,0.006965835578739643,0.01277712732553482,0.0004225376760587096,0.019448865205049515,0.0008808777201920748,0.028521597385406494,0.021020501852035522,0.0003791314666159451,0.003234815550968051,0.0015425733290612698,0.09881775081157684,0.003122307825833559,0.018199998885393143,0.10198354721069336,0.050725992769002914,0.048373863101005554,0.0027370459865778685,0.008441798388957977,0.05562007427215576,0.005754497367888689,0.004150491673499346,0.0,0.03046676516532898,0.031341552734375,0.021029749885201454,0.0012184716761112213,0.004323115106672049,0.012393707409501076,0.004421362653374672,0.003958391956984997,0.0,0.0,0.016558386385440826,0.059536002576351166,0.009078020229935646,0.015330363996326923,0.014589253813028336,0.0034849788062274456,0.0,0.0,0.0,0.0014342875219881535,0.07176234573125839,0.006112627685070038,0.001706582959741354,0.007627701386809349,0.0014614679384976625,0.0,0.0,0.0,0.006587143987417221,0.007143495138734579,0.004687733948230743,0.0,0.0,0.0,0.0,0.0,0.0,0.0010520187206566334,0.0,0.0,0.0,0.0,0.0,0.0
2025-07-04,0.0,0.0001075556137948297,0.006152970716357231,0.0,0.013513101264834404,0.005015029571950436,0.005663932766765356,0.0,0.0,0.0,0.0,0.0024419850669801235,0.03563826158642769,0.12873998284339905,0.2862545847892761,0.0001075556137948297,0.0,0.0,0.0,0.004479551687836647,0.022210149094462395,0.02301090955734253,0.04129990562796593,0.040104225277900696,0.0001075556137948297,0.0,0.0,0.0,0.0047194743528962135,0.016707656905055046,0.029418479651212692,0.03897501900792122,0.07226427644491196,0.016365807503461838,0.0015922830207273364,0.0,0.0,0.0008637908613309264,0.0015761354006826878,0.01288198959082365,0.04325598105788231,0.013066824525594711,0.08536462485790253,0.06810896843671799,0.0,0.0,0.0,0.0,0.0,0.003345404751598835,0.017518488690257072,0.0034800469875335693,0.06435954570770264,0.0,0.0,0.0,0.0,0.0001075556137948297,0.019670812413096428,0.020864348858594894,0.0118261082097888,0.029196012765169144,0.0010501495562493801,0.0,0.0001075556137948297,0.0,0.004898856393992901,0.0023055439814925194,0.01030044537037611,0.021061142906546593,0.01592458225786686,0.013741401955485344,0.0018426566384732723,0.0048166299238801,0.008573595434427261,0.003201153129339218,0.0001075556137948297,0.0001075556137948297,0.005628774408251047,0.009023367427289486,0.00040843503666110337,0.010119165293872356,0.001139255240559578,0.04939163476228714,0.02905762381851673,0.0008012474281713367,0.0038917046040296555,0.0027280370704829693,0.09354477375745773,0.004346546251326799,0.015493610873818398,0.08189500868320465,0.032377298921346664,0.035077158361673355,0.0030938531272113323,0.013860734179615974,0.03817922621965408,0.00781322456896305,0.00585593469440937,0.0,0.02975625917315483,0.018374193459749222,0.03768433630466461,0.0009194589219987392,0.010184981860220432,0.026593632996082306,0.002869343152269721,0.0074674217030406,0.0,0.0,0.011818070895969868,0.04215036332607269,0.007413121405988932,0.005687786731868982,0.025506867095828056,0.002889767289161682,0.0,0.0,0.0,0.0010206562001258135,0.0327705554664135,0.006843633018434048,0.0011191871017217636,0.018047714605927467,0.008507070131599903,0.0,0.0,0.0,0.012410665862262249,0.02626071870326996,0.0034105749800801277,0.0,0.0,0.0,0.0,0.0,0.0,0.0017585710156708956,0.0,0.0,0.0,0.0,0.0,0.0
2025-07-05,0.0,7.43409400456585e-05,0.0010911660501733422,0.0,0.00882785301655531,0.004729267675429583,0.008918752893805504,0.0,0.0,0.0,0.0,0.0021847772877663374,0.017557477578520775,0.14814665913581848,0.29779791831970215,7.43409400456585e-05,0.0,0.0,0.0,0.011202886700630188,0.020239204168319702,0.031752001494169235,0.034578606486320496,0.03143303096294403,7.43409400456585e-05,0.0,0.0,0.0,0.013181744143366814,0.018051233142614365,0.02757588028907776,0.043839260935783386,0.09109362214803696,0.020801663398742676,0.0011413467582315207,0.0,0.0,0.00043810129864141345,0.0,0.006404080893844366,0.06448908150196075,0.01755061373114586,0.06972591578960419,0.06037226319313049,0.0,0.0,0.0,0.0,0.0,0.0036313857417553663,0.019919028505682945,0.008754167705774307,0.05567353963851929,0.0,0.0,0.0,0.0,7.43409400456585e-05,0.008648872375488281,0.019734933972358704,0.005551755893975496,0.02847675420343876,0.0011199794244021177,0.0,7.43409400456585e-05,0.0,0.002427796134725213,0.0018509067595005035,0.005016143433749676,0.012446947395801544,0.015383808873593807,0.007189612835645676,0.005538645200431347,0.005048816557973623,0.0028782663866877556,0.004260843154042959,7.43409400456585e-05,7.43409400456585e-05,0.007627344690263271,0.010651176795363426,0.00015056226402521133,0.00707947788760066,0.002758283633738756,0.04118917137384415,0.0170101597905159,0.0009722276590764523,0.003000594675540924,0.004258248023688793,0.09484939277172089,0.010822807438671589,0.019950294867157936,0.10694994032382965,0.021497493609786034,0.04371451586484909,0.0018651403952389956,0.023500949144363403,0.036253392696380615,0.012406829744577408,0.00808971282094717,0.0,0.04647424817085266,0.017747877165675163,0.02513076551258564,0.0027818670496344566,0.003496679710224271,0.0161192137748003,0.0018296351190656424,0.0033261976204812527,0.0,0.0,0.009642627090215683,0.0364370122551918,0.01500188559293747,0.0074816858395934105,0.030962582677602768,0.0020321724005043507,0.0,0.0,0.0,0.0,0.02886827476322651,0.011359508149325848,0.0,0.005970614030957222,0.010257063433527946,0.0,0.0,0.0,0.01387692615389824,0.02111349068582058,0.0038133275229483843,0.0,0.0,0.0,0.0,0.0,0.0,0.0032153406646102667,0.0,0.0,0.0,0.0,0.0,0.0
2025-07-06,0.0,9.36973956413567e-05,0.0007080891518853605,0.0,0.010243536904454231,0.010218116454780102,0.004452945198863745,0.0,0.0,0.0,0.0,0.002486924175173044,0.0126851387321949,0.1479644477367401,0.2969335615634918,9.36973956413567e-05,0.0,0.0,0.0,0.008121524937450886,0.02281387895345688,0.030113231390714645,0.033994317054748535,0.04486875608563423,9.36973956413567e-05,0.0,0.0,0.0,0.010345099493861198,0.01027347706258297,0.03472966328263283,0.059715185314416885,0.08756140619516373,0.03658689185976982,0.0017806650139391422,0.0,0.0,0.0,0.0013049062108621001,0.004522946663200855,0.07750685513019562,0.026318373158574104,0.04907403141260147,0.044625673443078995,0.0,0.0,0.0,0.0,0.0,0.0015450763748958707,0.02166144549846649,0.005772916600108147,0.11097858846187592,0.0,0.0,0.0,0.0,9.36973956413567e-05,0.007471649907529354,0.02831137925386429,0.005238637328147888,0.04034072160720825,0.001304318429902196,0.0,9.36973956413567e-05,0.0,0.0029672521632164717,0.015967022627592087,0.020870402455329895,0.014207073487341404,0.011427590623497963,0.006756234914064407,0.021253831684589386,0.005454224534332752,0.004158439114689827,0.008441364392638206,9.36973956413567e-05,9.36973956413567e-05,0.015197640284895897,0.007489396724849939,0.00047198409447446465,0.011241365224123001,0.004321623127907515,0.024906152859330177,0.01685657724738121,0.0,0.0021509791258722544,0.0040795691311359406,0.09677956998348236,0.025005720555782318,0.012975129298865795,0.10058756917715073,0.03579622879624367,0.020843803882598877,0.0010176049545407295,0.010525085031986237,0.04631584510207176,0.008672438561916351,0.012505759485065937,0.0,0.04301091283559799,0.014249926432967186,0.02114260196685791,0.0038752031978219748,0.0031125762034207582,0.01332810427993536,0.0019901429768651724,0.0029069907031953335,0.0,0.0,0.012165260501205921,0.0441141352057457,0.02059330604970455,0.027765844017267227,0.03203578665852547,0.002548585180193186,0.0,0.0,0.0,0.0016154410550370812,0.03110296092927456,0.012628999538719654,0.0006466484628617764,0.004161481745541096,0.005045811180025339,0.0,0.0,0.0,0.012441713362932205,0.01691959612071514,0.00482994643971324,0.0,0.0,0.0,0.0,0.0,0.0,0.008801307529211044,0.0,0.0,0.0,0.0,0.0,0.0
2025-07-07,0.0,0.00010796103742904961,0.001037213602103293,0.0,0.011277873069047928,0.004887770861387253,0.00849523488432169,0.0,0.0,0.0,0.0,0.002111923648044467,0.009647177532315254,0.169559046626091,0.2881428599357605,0.00010796103742904961,0.0,0.0,0.0,0.0032911060843616724,0.031408775597810745,0.01847638562321663,0.019114524126052856,0.039456430822610855,0.00010796103742904961,0.0,0.0,0.0,0.019077984616160393,0.006894836667925119,0.03966863453388214,0.06173662096261978,0.0703129768371582,0.018581097945570946,0.004750195890665054,0.0,0.0,0.0006546612130478024,0.001586830709129572,0.004022934008389711,0.05877809226512909,0.013783554546535015,0.04250996559858322,0.04086370766162872,0.0,0.0,0.0,0.0,0.0,0.001754162134602666,0.01846814900636673,0.011344671249389648,0.10414330661296844,0.0,0.0,0.0,0.0,0.00010796103742904961,0.012311803176999092,0.02415776439011097,0.012306836433708668,0.03494294732809067,0.0009572667768225074,0.0,0.00010796103742904961,0.0,0.010360236279666424,0.004179077688604593,0.019267767667770386,0.0076635717414319515,0.015045303851366043,0.013512009754776955,0.01462252251803875,0.005558864213526249,0.014322021044790745,0.003662885632365942,0.00010796103742904961,0.00010796103742904961,0.01382051594555378,0.01143230777233839,0.0007701961440034211,0.013692082837224007,0.009050254710018635,0.036486998200416565,0.013969816267490387,0.0014022646937519312,0.008021814748644829,0.002979035023599863,0.09454796463251114,0.02200322039425373,0.009975563734769821,0.09570226073265076,0.05240397900342941,0.030352268368005753,0.00037359842099249363,0.004187277518212795,0.03058527037501335,0.005294368136674166,0.007583707571029663,0.0,0.03811149299144745,0.02574516460299492,0.03538725525140762,0.010180466808378696,0.004361377097666264,0.009740813635289669,0.007332701236009598,0.0036892984062433243,0.0,0.0,0.018609028309583664,0.03803601115942001,0.008455958217382431,0.020009580999612808,0.01619659923017025,0.0030145649798214436,0.0,0.0,0.0,0.008802970871329308,0.03163459897041321,0.006712006404995918,0.0063765207305550575,0.00503887515515089,0.007901526056230068,0.0,0.0,0.0,0.0032698516733944416,0.02549104019999504,0.007725204341113567,0.0,0.0,0.0,0.0,0.0,0.0,0.002268433105200529,0.0,0.0,0.0,0.0,0.0,0.0
2025-07-08,0.0,0.00010575397027423605,0.0014284099452197552,0.0,0.01154574379324913,0.0035144772846251726,0.005099002737551928,0.0,0.0,0.0,0.0,0.0014796548057347536,0.010323903523385525,0.15496936440467834,0.2852715253829956,0.00010575397027423605,0.0,0.0,0.0,0.0025724146980792284,0.025037800893187523,0.03661784902215004,0.020682180300354958,0.054532863199710846,0.00010575397027423605,0.0,0.0,0.0,0.012412416748702526,0.007592418231070042,0.030116474255919456,0.05698505789041519,0.0664258748292923,0.016655875369906425,0.0017684528138488531,0.0,0.0,0.0009558555902913213,0.001697275321930647,0.0030980585142970085,0.049588676542043686,0.014765140600502491,0.05321165546774864,0.04555778205394745,0.0,0.0,0.0,0.0,0.0,0.00720455776900053,0.030403342097997665,0.003231843002140522,0.06671275943517685,0.0,0.0,0.0,0.0,0.00010575397027423605,0.007820111699402332,0.020317502319812775,0.01081100758165121,0.030494317412376404,0.00011034315684810281,0.0,0.00010575397027423605,0.0,0.002502040471881628,0.00811624526977539,0.02227581851184368,0.010723505169153214,0.011534640565514565,0.013236651197075844,0.006637492682784796,0.005394451320171356,0.005313681438565254,0.002451459877192974,0.00010575397027423605,0.00010575397027423605,0.006958190351724625,0.011799631640315056,0.001068460289388895,0.009935887530446053,0.012232150882482529,0.02080373466014862,0.009707886725664139,0.0012188253458589315,0.011254239827394485,0.003857577219605446,0.10780446976423264,0.013193046674132347,0.010236660949885845,0.09260696172714233,0.0426533967256546,0.028786465525627136,0.0019620954990386963,0.012562630698084831,0.03230878338217735,0.003625350771471858,0.006382029503583908,0.0,0.025916114449501038,0.02551267296075821,0.039568983018398285,0.0269213505089283,0.0027612484991550446,0.026731878519058228,0.003105725394561887,0.005218861624598503,0.0,0.0,0.012454332783818245,0.03448983281850815,0.012990678660571575,0.013450070284307003,0.03792562335729599,0.002826924901455641,0.0,0.0,0.0,0.0011336051393300295,0.04608304798603058,0.011071726679801941,0.0004989841254428029,0.0055463011376559734,0.002868549432605505,0.0,0.0,0.0,0.0029705935157835484,0.010652062483131886,0.003619998460635543,0.0,0.0,0.0,0.0,0.0,0.0,0.0,0.0,0.0,0.0,0.0,0.0,0.0
2025-07-09,0.0,0.00010282947914674878,0.0019533196464180946,0.0,0.012060031294822693,0.0035100227687507868,0.006661437917500734,0.0,0.0,0.0,0.0,0.001379641704261303,0.017623847350478172,0.1263156235218048,0.3145216107368469,0.00010282947914674878,0.0,0.0,0.0,0.0038068369030952454,0.02299823984503746,0.05062849819660187,0.02445915713906288,0.04223807901144028,0.00010282947914674878,0.0,0.0,0.0,0.017333511263132095,0.019270915538072586,0.027886081486940384,0.06709735840559006,0.05831647664308548,0.01307795848697424,0.0006719129742123187,0.0,0.0,0.001388978911563754,0.0023261678870767355,0.004111727699637413,0.04091766104102135,0.026482008397579193,0.053060662001371384,0.0555356964468956,0.0,0.0,0.0,0.0,0.0,0.002429526299238205,0.044611360877752304,0.004073639865964651,0.06915530562400818,0.0,0.0,0.0,0.0,0.00010282947914674878,0.004611585289239883,0.021026019006967545,0.0075322603806853294,0.035609472543001175,0.0015615326119586825,0.0,0.00010282947914674878,0.0,0.0017587164184078574,0.005325781647115946,0.012862705625593662,0.016192028298974037,0.012333739548921585,0.008064674213528633,0.004061664454638958,0.004747695755213499,0.005361387971788645,0.0027883509173989296,0.00010282947914674878,0.00010282947914674878,0.01028560008853674,0.01434662938117981,0.001000862568616867,0.02246120013296604,0.005335194990038872,0.018621984869241714,0.019603978842496872,0.0012652733130380511,0.0031764311715960503,0.0038622738793492317,0.08484727144241333,0.01889992132782936,0.014883924275636673,0.11827005445957184,0.055763810873031616,0.015439100563526154,0.009777898900210857,0.025966443121433258,0.02491801232099533,0.006195797119289637,0.006939147599041462,0.0,0.028907056897878647,0.028554383665323257,0.04242468625307083,0.020838603377342224,0.004110261797904968,0.016133861616253853,0.007747722789645195,0.004558567889034748,0.0,0.0,0.013582972809672356,0.05088357627391815,0.011135673150420189,0.00881105288863182,0.038542263209819794,0.0027039702981710434,0.0,0.0,0.0,0.0,0.026848889887332916,0.02197561040520668,0.005962184630334377,0.008238091133534908,0.002413451671600342,0.0,0.0,0.0,0.0042392234317958355,0.004948875866830349,0.0032701934687793255,0.0,0.0,0.0,0.0,0.0,0.0,0.0015616207383573055,0.0,0.0,0.0,0.0,0.0,0.0
2025-07-10,0.0,0.00011226154310861602,0.002069700974971056,0.0,0.013543091714382172,0.004992106929421425,0.008505333214998245,0.0,0.0,0.0,0.0,0.002117038471624255,0.013411855325102806,0.11809617280960083,0.3125758767127991,0.00011226154310861602,0.0,0.0,0.0,0.004428896587342024,0.03404877334833145,0.04052634909749031,0.036021701991558075,0.03875655680894852,0.00011226154310861602,0.0,0.0,0.0,0.014757055789232254,0.004421258345246315,0.0367705412209034,0.07450096309185028,0.05233065038919449,0.010327257215976715,0.0,0.0,0.0,0.0016334071988239884,0.002544158836826682,0.009941949509084225,0.04128611460328102,0.04138675332069397,0.07041021436452866,0.05458081513643265,0.0,0.0,0.0,0.0,0.0,0.0029118864331394434,0.021149057894945145,0.003223000094294548,0.10669681429862976,0.0,0.0,0.0,0.0,0.00011226154310861602,0.004597940016537905,0.030375700443983078,0.007447534706443548,0.03695143014192581,0.008238590322434902,0.0,0.00011226154310861602,0.0,0.0014162982115522027,0.007891853339970112,0.025623667985200882,0.024826984852552414,0.011387552134692669,0.008881110697984695,0.004909403156489134,0.0047909291461110115,0.006473269779235125,0.0047760773450136185,0.00011226154310861602,0.00011226154310861602,0.018268374726176262,0.00706145167350769,0.0009116159635595977,0.010120970197021961,0.005908949300646782,0.02220774255692959,0.014024858362972736,0.0012816688977181911,0.001356372726149857,0.0032524142879992723,0.07374368607997894,0.006197321228682995,0.01790490932762623,0.09186047315597534,0.04990050941705704,0.011122082360088825,0.0022566840052604675,0.002039956860244274,0.018991678953170776,0.013137394562363625,0.013708404265344143,0.0,0.026717659085989,0.02882559597492218,0.045998577028512955,0.011625191196799278,0.013141756877303123,0.012036359868943691,0.0028319754637777805,0.005826879758387804,0.0,0.0,0.02089231088757515,0.03085428848862648,0.011666339822113514,0.010787677951157093,0.03447607904672623,0.002165683312341571,0.0,0.0,0.0,0.0006954518030397594,0.03800080716609955,0.012819996103644371,0.00014584185555577278,0.01578393392264843,0.0035467026755213737,0.0,0.0,0.0,0.004695242736488581,0.003407831769436598,0.004332075361162424,0.0,0.0,0.0,0.0,0.0,0.0,0.009243112057447433,0.0,0.0,0.0,0.0,0.0,0.0
2025-07-11,0.0,0.00010428707901155576,0.0014721329789608717,0.0,0.02175399288535118,0.016125917434692383,0.012279138900339603,0.0,0.0,0.0,0.0,0.0033291964791715145,0.0190304946154356,0.1387050598859787,0.258558452129364,0.00010428707901155576,0.0,0.0,0.0,0.0062896185554564,0.02109621837735176,0.025578483939170837,0.03752170875668526,0.05130423605442047,0.00010428707901155576,0.0,0.0,0.0,0.011617466807365417,0.001282773446291685,0.03875470161437988,0.07809580862522125,0.05592542886734009,0.011088185012340546,0.0005076275556348264,0.0,0.0,0.0017942660488188267,0.0007903816876932979,0.008491101674735546,0.03453649580478668,0.02979995496571064,0.062302906066179276,0.038854822516441345,0.0,0.0,0.0,0.0,0.0,0.003712607780471444,0.014618534594774246,0.00403826916590333,0.07476004958152771,0.0,0.0,0.0,0.0,0.00010428707901155576,0.0064611537382006645,0.01994994282722473,0.007059244439005852,0.030199071392416954,0.001792174531146884,0.0,0.00010428707901155576,0.0,0.0013916755560785532,0.013817431405186653,0.03779184818267822,0.01404494047164917,0.00875930953770876,0.010231634601950645,0.005598772782832384,0.009119518101215363,0.006253642495721579,0.010694379918277264,0.00010428707901155576,0.00010428707901155576,0.030536701902747154,0.00521783297881484,0.0005040692631155252,0.013387409038841724,0.005868780892342329,0.03272021561861038,0.015917407348752022,0.0008506417507305741,0.0026658610440790653,0.002794688567519188,0.08517856150865555,0.0019588377326726913,0.011984983459115028,0.07855463027954102,0.04343376308679581,0.033650025725364685,0.0002442572731524706,0.0014676600694656372,0.02566106989979744,0.0071720704436302185,0.022658102214336395,0.0,0.022413436323404312,0.020225010812282562,0.04242067039012909,0.01968938298523426,0.005925812758505344,0.015445303171873093,0.007833221927285194,0.005773523822426796,0.0,0.0,0.022628922015428543,0.03382974863052368,0.01216021366417408,0.023883415386080742,0.020069735124707222,0.0033704503439366817,0.0,0.0,0.0,0.0013609169982373714,0.039336442947387695,0.010618094354867935,0.0,0.007956418208777905,0.012276353314518929,0.0,0.0,0.0,0.005494092125445604,0.00999835878610611,0.0037319594994187355,0.0,0.0,0.0,0.0,0.0,0.0,0.004030277021229267,0.0,0.0,0.0,0.0,0.0,0.0
2025-07-12,0.0,1.3831864634994417e-05,0.000977693940512836,0.0,0.02935609593987465,0.01063993014395237,0.007456765044480562,0.0,0.0,0.0,0.0,0.008088666945695877,0.02444715052843094,0.13634884357452393,0.26790285110473633,1.3831864634994417e-05,0.0,0.0,0.0,0.005475583951920271,0.023946695029735565,0.034187477082014084,0.03745456039905548,0.052600227296352386,1.3831864634994417e-05,0.0,0.0,0.0,0.00807991437613964,0.0015304028056561947,0.035408101975917816,0.10605862736701965,0.07852648198604584,0.012505928985774517,0.0016259961994364858,0.0,0.0,0.0011797096813097596,0.0012638120679184794,0.006172977387905121,0.023799782618880272,0.05464814230799675,0.0668644830584526,0.055038660764694214,0.0,0.0,0.0,0.0,0.0,0.004131524357944727,0.02752535045146942,0.00859571062028408,0.07397952675819397,0.0,0.0,0.0,0.0,1.3831864634994417e-05,0.010434173978865147,0.019663847982883453,0.005053590517491102,0.03288431465625763,0.0012502865865826607,0.0,1.3831864634994417e-05,0.0,0.004268764518201351,0.029018066823482513,0.052774105221033096,0.020232228562235832,0.011899935081601143,0.011280752718448639,0.009754074737429619,0.017618268728256226,0.004635234829038382,0.007915926165878773,1.3831864634994417e-05,1.3831864634994417e-05,0.02167573757469654,0.0042925504967570305,0.0,0.017898615449666977,0.009288642555475235,0.02658410742878914,0.020382851362228394,0.00017303437925875187,0.0049315509386360645,0.0038320044986903667,0.11313234269618988,0.007049329578876495,0.014229841530323029,0.10682310163974762,0.035218413919210434,0.032184526324272156,0.0,0.014335439540445805,0.02110588364303112,0.009751394391059875,0.032963912934064865,0.0,0.02127535082399845,0.02683950588107109,0.03699396923184395,0.028746040537953377,0.006057733204215765,0.019557951018214226,0.004792886786162853,0.006285405717790127,0.0,0.0,0.023310650140047073,0.04706088453531265,0.01567399874329567,0.017326954752206802,0.015248961746692657,0.015111608430743217,0.0,0.0,0.0,0.00029377301689237356,0.044164493680000305,0.013241766951978207,0.0,0.012500165030360222,0.0058512007817626,0.0,0.0,0.0,0.007245849817991257,0.011837919242680073,0.005051568616181612,0.0,0.0,0.0,0.0,0.0,0.0,0.004419015720486641,0.0,0.0,0.0,0.0,0.0,0.0
2025-07-13,0.0,0.0,0.0010615595383569598,0.0,0.023068435490131378,0.007505781948566437,0.009874049574136734,0.0,0.0,0.0,0.0,0.002932449337095022,0.025112848728895187,0.14332306385040283,0.2732231318950653,0.0,0.0,0.0,0.0,0.00752598699182272,0.029623230919241905,0.028896627947688103,0.02614498697221279,0.06240341067314148,0.0,0.0,0.0,0.0,0.008096814155578613,0.0035073584876954556,0.03367225080728531,0.08706966042518616,0.09206809103488922,0.017784159630537033,0.001578573719598353,0.0,0.0,0.001534799113869667,0.0069670043885707855,0.005573180969804525,0.04074420779943466,0.05775332823395729,0.07462097704410553,0.07035399973392487,0.0,0.0,0.0,0.0,0.0,0.018070071935653687,0.021440552547574043,0.008120710961520672,0.08509872108697891,0.0,0.0,0.0,0.0,0.0,0.007503989152610302,0.02239697054028511,0.0038343623746186495,0.02386152558028698,0.001271260203793645,0.0,0.0,0.0,0.0035187937319278717,0.035119131207466125,0.041121289134025574,0.018366428092122078,0.016092706471681595,0.010136147029697895,0.012518024072051048,0.013749852776527405,0.0071921925991773605,0.005380173679441214,0.0,0.0,0.012815417721867561,0.0070197321474552155,0.0,0.02434847503900528,0.009889569133520126,0.01917264424264431,0.018010832369327545,0.0,0.004682436585426331,0.00605402048677206,0.1307007223367691,0.015213094651699066,0.012172579765319824,0.09797459095716476,0.0449766181409359,0.02533031441271305,0.0013913612347096205,0.0377972386777401,0.03215419128537178,0.008959393948316574,0.015449466183781624,0.0,0.03004215843975544,0.02684307098388672,0.024385038763284683,0.015360197052359581,0.005593664478510618,0.0155254565179348,0.004962637089192867,0.007339975796639919,0.0,0.0,0.02236996218562126,0.05478347837924957,0.00773472897708416,0.013783613219857216,0.02839014120399952,0.005712039303034544,0.0,0.0,0.0,0.0008377553313039243,0.06259948015213013,0.012185728177428246,0.000516083266120404,0.007402145303785801,0.008800995536148548,0.0,0.0,0.0,0.007451754994690418,0.0048042358830571175,0.0027204323559999466,0.0,0.0,0.0,0.0,0.0,0.0,0.003991676960140467,0.0,0.0,0.0,0.0,0.0,0.0
2025-07-14,0.0,6.894613761687651e-06,0.000995035981759429,0.0,0.022710975259542465,0.006854179315268993,0.008337520062923431,0.0,0.0,0.0,0.0,0.0014111842028796673,0.019155466929078102,0.16408786177635193,0.2802019715309143,6.894613761687651e-06,0.0,0.0,0.0,0.0127987340092659,0.025293584913015366,0.03404516354203224,0.02526726946234703,0.06746391206979752,6.894613761687651e-06,0.0,0.0,0.0,0.019010312855243683,0.004734031390398741,0.029687808826565742,0.06394887715578079,0.07328474521636963,0.01810104213654995,0.0028342725709080696,0.0,0.0,0.006764624267816544,0.0027648815885186195,0.006438113749027252,0.04787227511405945,0.04820623993873596,0.0797121450304985,0.05990473926067352,0.0,0.0,0.0,0.0,0.0,0.012869538739323616,0.01266180444508791,0.0060743605718016624,0.05939871072769165,0.0,0.0,0.0,0.0,6.894613761687651e-06,0.00829046219587326,0.02201007679104805,0.006174993701279163,0.02374730259180069,0.0014964415458962321,0.0,6.894613761687651e-06,0.0,0.004261406138539314,0.015443652868270874,0.0204008761793375,0.01908070407807827,0.010963152162730694,0.00964832678437233,0.01418822817504406,0.011288506910204887,0.02813267707824707,0.004822164308279753,6.894613761687651e-06,6.894613761687651e-06,0.011209182441234589,0.011379058472812176,0.00033646641531959176,0.023862414062023163,0.01011932734400034,0.042637862265110016,0.02820245921611786,0.004679067991673946,0.004520134534686804,0.0027524447068572044,0.09280212223529816,0.008999795652925968,0.011633645743131638,0.0917530357837677,0.050482407212257385,0.022872835397720337,0.0018677895423024893,0.024242207407951355,0.050541266798973083,0.01346992701292038,0.011194223538041115,0.0,0.04643452167510986,0.028087705373764038,0.02755732089281082,0.010609421879053116,0.00515971053391695,0.023333624005317688,0.006804939825087786,0.0063466415740549564,0.0,0.0,0.03447923809289932,0.03696823865175247,0.011940129101276398,0.012344218790531158,0.037728868424892426,0.0009247026173397899,0.0,0.0,0.0,0.0012160631595179439,0.04476616904139519,0.02060265839099884,0.0008621651213616133,0.00792713649570942,0.012980524450540543,0.0,0.0,0.0,0.007123821415007114,0.0056981900706887245,0.002688170410692692,0.0,0.0,0.0,0.0,0.0,0.0,0.006042071618139744,0.0,0.0,0.0,0.0,0.0,0.0
2025-07-15,0.0,1.2650169082917273e-05,0.000880189414601773,0.0,0.02878083661198616,0.007265758700668812,0.013113850727677345,0.0,0.0,0.0,0.0,0.0008733437862247229,0.019551927223801613,0.16493403911590576,0.2941974401473999,1.2650169082917273e-05,0.0,0.0,0.0,0.0070103127509355545,0.028003603219985962,0.054429881274700165,0.021367397159337997,0.06734359264373779,1.2650169082917273e-05,0.0,0.0,0.0,0.006345847621560097,0.016440805047750473,0.029670460149645805,0.05887492746114731,0.0829998254776001,0.02188979648053646,0.00724685238674283,0.0,0.0,0.0015691944863647223,0.0021975149866193533,0.005868785083293915,0.04287191852927208,0.030121762305498123,0.07189635932445526,0.05986260622739792,0.0,0.0,0.0,0.0,0.0,0.01851675845682621,0.014338398352265358,0.006184784695506096,0.05071406811475754,0.0,0.0,0.0,0.0,1.2650169082917273e-05,0.011678213253617287,0.03137097507715225,0.02108999527990818,0.02707529440522194,0.0015401559649035335,0.0,1.2650169082917273e-05,0.0,0.004908163566142321,0.009654084220528603,0.0145289096981287,0.029760276898741722,0.01773296296596527,0.009358147159218788,0.007798361126333475,0.010198559612035751,0.006423711311072111,0.0047991215251386166,1.2650169082917273e-05,1.2650169082917273e-05,0.020259885117411613,0.00833541713654995,0.006383133120834827,0.015469062142074108,0.015726350247859955,0.04461339861154556,0.021278325468301773,7.995008490979671e-05,0.003367051715031266,0.0,0.09095209091901779,0.011839807033538818,0.013562758453190327,0.10557320713996887,0.04315612465143204,0.035235099494457245,0.0022480564657598734,0.00946689024567604,0.04763059690594673,0.006449436768889427,0.008657963015139103,0.0,0.03845999389886856,0.03471100702881813,0.028954025357961655,0.0094914510846138,0.0067381951957941055,0.029009904712438583,0.006936403922736645,0.004677622579038143,0.0,0.0,0.02338019758462906,0.044185977429151535,0.022668760269880295,0.009833148680627346,0.023535575717687607,0.002169134793803096,0.0,0.0,0.0,0.0008147923508659005,0.03525456041097641,0.01569492183625698,0.0009690504521131516,0.00922425463795662,0.022000886499881744,0.0,0.0,0.0,0.008717450313270092,0.010851217433810234,0.0020360241178423166,0.0,0.0,0.0,0.0,0.0,0.0,0.006003036163747311,0.0,0.0,0.0,0.0,0.0,0.0
2025-07-16,0.0,1.963061367860064e-05,0.0009488456416875124,0.0,0.025407053530216217,0.008166330866515636,0.00804731622338295,0.0,0.0,0.0,0.0,0.0013273105723783374,0.027624376118183136,0.14742493629455566,0.31923967599868774,1.963061367860064e-05,0.0,0.0,0.0,0.0066666207276284695,0.030631884932518005,0.04440924525260925,0.02055208757519722,0.04824443906545639,1.963061367860064e-05,0.0,0.0,0.0,0.00791266281157732,0.010510174557566643,0.02338324673473835,0.059745870530605316,0.07979457080364227,0.011342022567987442,0.005110094323754311,0.0,0.0,0.0011708664242178202,0.0017935034120455384,0.005858147516846657,0.052899040281772614,0.02390352636575699,0.07080191373825073,0.06251788884401321,0.0,0.0,0.0,0.0,0.0,0.011034650728106499,0.020121725276112556,0.011339440010488033,0.06375149637460709,0.0,0.0,0.0,0.0,1.963061367860064e-05,0.014510078355669975,0.028632355853915215,0.012735973112285137,0.02991342917084694,0.0015231932047754526,0.0,1.963061367860064e-05,0.0,0.004513006657361984,0.019484182819724083,0.02171243727207184,0.027673661708831787,0.02066200226545334,0.007768077310174704,0.00923326425254345,0.008369848132133484,0.003309444524347782,0.004617930389940739,1.963061367860064e-05,1.963061367860064e-05,0.011763601563870907,0.007627081125974655,0.0002110021305270493,0.010991264134645462,0.010060708969831467,0.03357923775911331,0.020343191921710968,0.0007691666251048446,0.005523107014596462,0.004078312311321497,0.10697025060653687,0.011047457344830036,0.02620653249323368,0.08635216951370239,0.05553285777568817,0.027807824313640594,0.0020573630463331938,0.006343900226056576,0.03008338436484337,0.010890376754105091,0.008687485009431839,0.0,0.02387315034866333,0.019655250012874603,0.027925800532102585,0.007514772936701775,0.017224429175257683,0.03639158606529236,0.005544050130993128,0.004953883122652769,0.0,0.0,0.019075345247983932,0.05872034281492233,0.013749781996011734,0.014131790027022362,0.016963031142950058,0.003924197051674128,0.0,0.0,0.0,0.0009077693102881312,0.06455865502357483,0.017910845577716827,0.0013584409607574344,0.009599237702786922,0.011630911380052567,0.0,0.0,0.0,0.004415776114910841,0.018675031140446663,0.005542896222323179,0.0,0.0,0.0,0.0,0.0,0.0,0.005276645999401808,0.0,0.0,0.0,0.0,0.0,0.0
2025-07-17,0.0,1.2554215572890826e-05,0.0013283193111419678,0.0,0.018994726240634918,0.01049575861543417,0.008768098428845406,0.0,0.0,0.0,0.0,0.0029826159588992596,0.018144775182008743,0.1558469533920288,0.33186256885528564,1.2554215572890826e-05,0.0,0.0,0.0,0.011056013405323029,0.03015122562646866,0.03142153471708298,0.02662387676537037,0.053561292588710785,1.2554215572890826e-05,0.0,0.0,0.0,0.016189947724342346,0.01040895190089941,0.03588295727968216,0.051736362278461456,0.06727857887744904,0.011290655471384525,0.00901404581964016,0.0,0.0,0.0012435027165338397,0.0008341590873897076,0.0055301981046795845,0.053820282220840454,0.02049994096159935,0.07230380922555923,0.05053861439228058,0.0,0.0,0.0,0.0,0.0,0.007099337410181761,0.024060916155576706,0.015202049165964127,0.04867986589670181,0.0,0.0,0.0,0.0,1.2554215572890826e-05,0.010185984894633293,0.022725285962224007,0.007087086793035269,0.03309501335024834,0.0013767614727839828,0.0,1.2554215572890826e-05,0.0,0.005167651921510696,0.026514699682593346,0.024985911324620247,0.020573273301124573,0.017272915691137314,0.008929303847253323,0.01385536789894104,0.00781207112595439,0.007223186083137989,0.004878138657659292,1.2554215572890826e-05,1.2554215572890826e-05,0.011762076988816261,0.006278773304075003,0.0,0.009823763743042946,0.006971844471991062,0.039288491010665894,0.02564225345849991,0.0020772346761077642,0.017299974337220192,0.01161424070596695,0.09592738747596741,0.014467008411884308,0.014057746157050133,0.09115748852491379,0.06887757778167725,0.03335278108716011,0.002492321887984872,0.008810949511826038,0.02464461140334606,0.03171176090836525,0.00846791174262762,0.0,0.025422006845474243,0.02101154997944832,0.03323479741811752,0.006062665022909641,0.010419826954603195,0.03264192119240761,0.00504780700430274,0.009294734336435795,0.0,0.0,0.01952473819255829,0.04482024908065796,0.01260768249630928,0.012526720762252808,0.02221023105084896,0.005213534459471703,0.0,0.0,0.0,0.000399842974729836,0.0522175058722496,0.008982524275779724,0.0007522027590312064,0.008747883141040802,0.008621701039373875,0.0,0.0,0.0,0.0032866003457456827,0.020118437707424164,0.003187774680554867,0.0,0.0,0.0,0.0,0.0,0.0,0.005624342709779739,0.0,0.0,0.0,0.0,0.0,0.0
2025-07-18,0.0,1.5655374227208085e-05,0.0012051652884110808,0.0,0.027682915329933167,0.014824824407696724,0.00805666670203209,0.0,0.0,0.0,0.0,0.006718370597809553,0.0248972550034523,0.15061725676059723,0.3343350887298584,1.5655374227208085e-05,0.0,0.0,0.0,0.008655055426061153,0.04596982151269913,0.02661059983074665,0.026844581589102745,0.0493941493332386,1.5655374227208085e-05,0.0,0.0,0.0,0.020818736404180527,0.007633582688868046,0.03340248763561249,0.06235811486840248,0.06469330191612244,0.00979078933596611,0.02161223255097866,0.0,0.0,0.0010273292427882552,0.0009746901923790574,0.00448993593454361,0.0468289889395237,0.026408370584249496,0.054696835577487946,0.05957290530204773,0.0,0.0,0.0,0.0,0.0,0.012441625818610191,0.01912582293152809,0.005958286114037037,0.04725722596049309,0.0,0.0,0.0,0.0,1.5655374227208085e-05,0.006670876871794462,0.022901184856891632,0.006422301754355431,0.026695329695940018,0.0016384763875976205,0.0,1.5655374227208085e-05,0.0,0.011307897977530956,0.022276710718870163,0.020636972039937973,0.029927004128694534,0.019504420459270477,0.010795015841722488,0.020572876557707787,0.007678708527237177,0.008257989771664143,0.004449944943189621,1.5655374227208085e-05,1.5655374227208085e-05,0.014489533379673958,0.006231258623301983,0.0,0.02574227750301361,0.007251526229083538,0.03754813224077225,0.028351128101348877,0.002452920423820615,0.005292251240462065,0.005565284751355648,0.09009917825460434,0.011221066117286682,0.01152894739061594,0.08632849156856537,0.07822368294000626,0.05449499934911728,0.003861495526507497,0.010795488953590393,0.024989554658532143,0.018883978947997093,0.008757157251238823,0.0,0.030367814004421234,0.022722553461790085,0.033224571496248245,0.012132205069065094,0.011953067034482956,0.020069673657417297,0.004361739847809076,0.007144025526940823,0.0,0.0,0.019996343180537224,0.044785283505916595,0.014505559578537941,0.01666153222322464,0.021951068192720413,0.005475442390888929,0.0,0.0,0.0,0.001096078078262508,0.04805564880371094,0.011589396744966507,0.0012157263699918985,0.010711949318647385,0.01582484133541584,0.0,0.0,0.0,0.0024818298406898975,0.01725975051522255,0.00467892037704587,0.0,0.0,0.0,0.0,0.0,0.0,0.0066382973454892635,0.0,0.0,0.0,0.0,0.0,0.0
2025-07-19,0.0,1.5066359992488287e-05,0.0013942676596343517,0.0,0.016634276136755943,0.011272870004177094,0.007315513677895069,0.0,0.0,0.0,0.0,0.0030323099344968796,0.020687488839030266,0.13376426696777344,0.3394083082675934,1.5066359992488287e-05,0.0,0.0,0.0,0.011511346325278282,0.04334329068660736,0.023005137220025063,0.029741384088993073,0.052351124584674835,1.5066359992488287e-05,0.0,0.0,0.0,0.023196909576654434,0.007216902915388346,0.036111362278461456,0.04833449795842171,0.0706830844283104,0.013903709128499031,0.008164120838046074,0.0,0.0,0.0007272562361322343,0.006833819206804037,0.005816374905407429,0.03453758358955383,0.031747005879879,0.06241428107023239,0.055664122104644775,0.0,0.0,0.0,0.0,0.0,0.0048760706558823586,0.019593486562371254,0.005771403666585684,0.04435212165117264,0.0,0.0,0.0,0.0,1.5066359992488287e-05,0.008208055980503559,0.019490942358970642,0.006970296148210764,0.04091298580169678,0.0010948781855404377,0.0,1.5066359992488287e-05,0.0,0.00784076377749443,0.006087586283683777,0.015703853219747543,0.018708551302552223,0.015406979247927666,0.015054401010274887,0.012848611921072006,0.007815025746822357,0.007982658222317696,0.0038454015739262104,1.5066359992488287e-05,1.5066359992488287e-05,0.02119208313524723,0.024086657911539078,0.0002665746142156422,0.014725294895470142,0.025819214060902596,0.028404956683516502,0.0357777364552021,0.0018719031941145658,0.002985109342262149,0.009649441577494144,0.0944349393248558,0.020294664427638054,0.012209254316985607,0.1056540459394455,0.06854972243309021,0.03535201773047447,0.005629046354442835,0.009938138537108898,0.03481214866042137,0.02649666927754879,0.008217047899961472,0.0,0.032596100121736526,0.024687081575393677,0.037450432777404785,0.010889863595366478,0.011809317395091057,0.02015715092420578,0.0045180730521678925,0.003466065740212798,0.0,0.0,0.021684646606445312,0.04767110198736191,0.017033914104104042,0.009977041743695736,0.026749681681394577,0.00500390725210309,0.0,0.0,0.0,0.0061124470084905624,0.04400472342967987,0.018507063388824463,0.0011570038041099906,0.02216288074851036,0.004306918475776911,0.0,0.0,0.0,0.004427249077707529,0.012305648997426033,0.01074667926877737,0.0,0.0,0.0,0.0,0.0,0.0,0.00531347980722785,0.0,0.0,0.0,0.0,0.0,0.0
2025-07-20,0.0,2.8828349968534894e-05,0.0031735599040985107,0.0,0.01351491641253233,0.007084493525326252,0.007930025458335876,0.0,0.0,0.0,0.0,0.0012625579256564379,0.013286475092172623,0.1331939399242401,0.30937284231185913,2.8828349968534894e-05,0.0,0.0,0.0,0.006977229379117489,0.036958128213882446,0.033066779375076294,0.02009066753089428,0.0399559922516346,2.8828349968534894e-05,0.0,0.0,0.0,0.014450401067733765,0.015696510672569275,0.03017328307032585,0.04132317379117012,0.05177346616983414,0.018821831792593002,0.003345686476677656,0.0,0.0,0.0007198859821073711,0.0,0.0040209111757576466,0.043246299028396606,0.030181407928466797,0.08926201611757278,0.0494123250246048,0.0,0.0,0.0,0.0,0.0,0.011790363118052483,0.030032634735107422,0.008710769936442375,0.0485406294465065,0.0,0.0,0.0,0.0,2.8828349968534894e-05,0.011462708003818989,0.01743100956082344,0.009119851514697075,0.033379100263118744,0.0007784446934238076,0.0,2.8828349968534894e-05,0.0,0.005462888162583113,0.0069726575165987015,0.019925031810998917,0.03009694069623947,0.012857729569077492,0.010797359049320221,0.007654453162103891,0.007279721088707447,0.0065917326137423515,0.004492864478379488,2.8828349968534894e-05,2.8828349968534894e-05,0.017060374841094017,0.015383420512080193,0.0011015007039532065,0.0076326364651322365,0.010159625671803951,0.01934202015399933,0.024299655109643936,0.0013564302353188396,0.0041593872010707855,0.004469751380383968,0.1041647270321846,0.014160620048642159,0.012298030778765678,0.09889039397239685,0.053421832621097565,0.020435016602277756,0.009555958211421967,0.007905603386461735,0.02444744110107422,0.02826402150094509,0.007814287208020687,0.0,0.04291185736656189,0.02148783579468727,0.040105752646923065,0.006878479849547148,0.0030997598078101873,0.01143239252269268,0.004593257792294025,0.006028939038515091,0.0,0.0,0.02334330603480339,0.03963514417409897,0.026739338412880898,0.008897684514522552,0.04257364198565483,0.004243908915668726,0.0,0.0,0.0,0.0012806352460756898,0.03482026979327202,0.011712226085364819,0.0012058238498866558,0.009665894322097301,0.004548275843262672,0.0,0.0,0.0,0.005397174507379532,0.002993351314216852,0.006646636873483658,0.0,0.0,0.0,0.0,0.0,0.0,0.004544572439044714,0.0,0.0,0.0,0.0,0.0,0.0
2025-07-21,0.0,5.697352662537014e-06,0.0009551714756526053,0.0,0.02059926465153694,0.005062168464064598,0.005523345433175564,0.0,0.0,0.0,0.0,0.0017490775790065527,0.015390966087579727,0.16354241967201233,0.296975314617157,5.697352662537014e-06,0.0,0.0,0.0,0.003698782529681921,0.03285418078303337,0.02988399565219879,0.025650974363088608,0.046858660876750946,5.697352662537014e-06,0.0,0.0,0.0,0.013725947588682175,0.00833501573652029,0.027101635932922363,0.06446534395217896,0.07670789211988449,0.02305012196302414,0.0010352195240557194,0.0,0.0,0.0010102312080562115,0.0006278007058426738,0.005018540658056736,0.04985262453556061,0.03255290910601616,0.0902419313788414,0.058398209512233734,0.0,0.0,0.0,0.0,0.0,0.004106053616851568,0.02837304398417473,0.013854341581463814,0.05060882866382599,0.0,0.0,0.0,0.0,5.697352662537014e-06,0.006407240405678749,0.02523207850754261,0.007906941697001457,0.029624508693814278,0.000569805852137506,0.0,5.697352662537014e-06,0.0,0.00556357204914093,0.020943332463502884,0.018681038171052933,0.03732087463140488,0.014977406710386276,0.009078928269445896,0.004631792660802603,0.006739723030477762,0.007400959730148315,0.0040939245373010635,5.697352662537014e-06,5.697352662537014e-06,0.01240143645554781,0.011201156303286552,0.0009238703059963882,0.010281809605658054,0.01734013296663761,0.029511267319321632,0.019078955054283142,0.0006621630163863301,0.004318553023040295,0.009037306532263756,0.11010944843292236,0.008418441750109196,0.015524685382843018,0.10920461267232895,0.06461270153522491,0.029126934707164764,0.005284339189529419,0.008200421929359436,0.02819031849503517,0.01440357230603695,0.006353509612381458,0.0,0.02963974140584469,0.026643181219697,0.027952376753091812,0.009307999163866043,0.005090135149657726,0.02224430814385414,0.004637889564037323,0.011452622711658478,0.0,0.0,0.02979297935962677,0.037467509508132935,0.025074061006307602,0.009681868366897106,0.03317751735448837,0.004490585532039404,0.0,0.0,0.0,0.0006233744788914919,0.037943437695503235,0.014101013541221619,0.0009302921243943274,0.007073306478559971,0.00304223271086812,0.0,0.0,0.0,0.0048125325702130795,0.007559176534414291,0.010783621110022068,0.0,0.0,0.0,0.0,0.0,0.0,0.002131362445652485,0.0,0.0,0.0,0.0,0.0,0.0
2025-07-22,0.0,1.0221408956567757e-05,0.0006364381988532841,0.0,0.03269610181450844,0.00541269313544035,0.00672133918851614,0.0,0.0,0.0,0.0,0.0017417353810742497,0.013546488247811794,0.17431184649467468,0.29087185859680176,1.0221408956567757e-05,0.0,0.0,0.0,0.0051712775602936745,0.027770621702075005,0.024286000058054924,0.02326897531747818,0.04424790292978287,1.0221408956567757e-05,0.0,0.0,0.0,0.006639351136982441,0.008437414653599262,0.03928250074386597,0.04991355538368225,0.06242311745882034,0.04528452083468437,0.0002026137663051486,0.0,0.0,0.002102835336700082,0.0017824117094278336,0.0047175027430057526,0.050527799874544144,0.043926529586315155,0.10612598061561584,0.048811160027980804,0.0,0.0,0.0,0.0,0.0,0.003169444389641285,0.034348729997873306,0.010230290703475475,0.07479952275753021,0.0,0.0,0.0,0.0,1.0221408956567757e-05,0.00536613492295146,0.032000135630369186,0.006964062340557575,0.02724747732281685,0.0005651705432683229,0.0,1.0221408956567757e-05,0.0,0.005275064148008823,0.0339745432138443,0.016838688403367996,0.03855157643556595,0.011776532977819443,0.00881694070994854,0.0037083919160068035,0.0066378479823470116,0.006805190816521645,0.004535793326795101,1.0221408956567757e-05,1.0221408956567757e-05,0.01665593683719635,0.01905546337366104,0.000674812588840723,0.012551841326057911,0.00965949147939682,0.03715294227004051,0.016971847042441368,0.0010926839895546436,0.004116448108106852,0.003679344430565834,0.07635928690433502,0.017108801752328873,0.027765199542045593,0.08511034399271011,0.04290931671857834,0.03174261748790741,0.0033399811945855618,0.006201491691172123,0.04341474920511246,0.0074712494388222694,0.005355327855795622,0.0,0.02799057960510254,0.025420451536774635,0.025941606611013412,0.01571723259985447,0.012391895055770874,0.011605307459831238,0.004442071542143822,0.0032705343328416348,0.0,0.0,0.01727422885596752,0.022519759833812714,0.01810614950954914,0.0076784053817391396,0.03113621659576893,0.004715613089501858,0.0,0.0,0.0,0.0012220873031765223,0.05770087614655495,0.025622732937335968,0.0009875001851469278,0.007927445694804192,0.005535579752177,0.0,0.0,0.0,0.004226209595799446,0.009945237077772617,0.005018226336687803,0.0,0.0,0.0,0.0,0.0,0.0,0.0002117373514920473,0.0,0.0,0.0,0.0,0.0,0.0
2025-07-23,0.0,1.1884704690601211e-05,0.0004886185051873326,0.0,0.0169990174472332,0.005150139331817627,0.005858089309185743,0.0,0.0,0.0,0.0,0.002056925091892481,0.020244654268026352,0.1685735285282135,0.2761881351470947,1.1884704690601211e-05,0.0,0.0,0.0,0.0036459655966609716,0.028995413333177567,0.029636405408382416,0.022417346015572548,0.043747298419475555,1.1884704690601211e-05,0.0,0.0,0.0,0.008827281184494495,0.010430525988340378,0.03630056232213974,0.05406676232814789,0.06084232032299042,0.02952687069773674,0.00030059507116675377,0.0,0.0,0.0017407371196895838,0.0021285405382514,0.0034016352146863937,0.04856187477707863,0.030137665569782257,0.11123935133218765,0.057618215680122375,0.0,0.0,0.0,0.0,0.0,0.004795243497937918,0.025475043803453445,0.0076414309442043304,0.0535898432135582,0.0,0.0,0.0,0.0,1.1884704690601211e-05,0.00399028230458498,0.02852754294872284,0.006865234114229679,0.020332468673586845,0.0004990139277651906,0.0,1.1884704690601211e-05,0.0,0.005046417471021414,0.04173872619867325,0.012277480214834213,0.023465720936655998,0.02206151932477951,0.008292784914374352,0.0031194076873362064,0.006918357219547033,0.007536315359175205,0.0036011282354593277,1.1884704690601211e-05,1.1884704690601211e-05,0.020495720207691193,0.008935801684856415,0.0011584926396608353,0.011996125802397728,0.009431074373424053,0.032784342765808105,0.014294849708676338,0.0008373677264899015,0.005176705773919821,0.010578318499028683,0.08097115159034729,0.006725105922669172,0.012948408722877502,0.10031583160161972,0.04354986548423767,0.01778842881321907,0.0020873418543487787,0.008597754873335361,0.03929533809423447,0.005144515540450811,0.007897622883319855,0.0,0.033899709582328796,0.03232462331652641,0.02336643449962139,0.00992558989673853,0.006366533227264881,0.014606492593884468,0.004839292261749506,0.0020640180446207523,0.0,0.0,0.013874372467398643,0.03391847759485245,0.021596502512693405,0.009156037122011185,0.03759536147117615,0.004479333758354187,0.0,0.0,0.0,0.001286698505282402,0.05346648395061493,0.027355972677469254,0.0007196128135547042,0.008032692596316338,0.007482439745217562,0.0,0.0,0.0,0.004826054908335209,0.016237273812294006,0.004745033569633961,0.0,0.0,0.0,0.0,0.0,0.0,0.0105816088616848,0.0,0.0,0.0,0.0,0.0,0.0
2025-07-24,0.0,1.7684522390482016e-05,0.0005172302480787039,0.0,0.012963125482201576,0.004901351407170296,0.011178990826010704,0.0,0.0,0.0,0.0,0.001986650750041008,0.015268160030245781,0.17058539390563965,0.28916555643081665,1.7684522390482016e-05,0.0,0.0,0.0,0.002802712842822075,0.031201785430312157,0.023217488080263138,0.022826971486210823,0.05285234376788139,1.7684522390482016e-05,0.0,0.0,0.0,0.010834013111889362,0.013434022665023804,0.04967446252703667,0.07420580089092255,0.04487689584493637,0.017488397657871246,0.001054268330335617,0.0,0.0,0.00120257877279073,0.002415098249912262,0.0022521449718624353,0.05241985246539116,0.0328080840408802,0.11144132912158966,0.06744083017110825,0.0,0.0,0.0,0.0,0.0,0.0034409852232784033,0.022824376821517944,0.005785505753010511,0.04472903534770012,0.0,0.0,0.0,0.0,1.7684522390482016e-05,0.0050804889760911465,0.034918271005153656,0.007452469319105148,0.02521335333585739,0.0006037128623574972,0.0,1.7684522390482016e-05,0.0,0.0036953657399863005,0.040440648794174194,0.014103586785495281,0.023060839623212814,0.017879750579595566,0.0107586570084095,0.0021939221769571304,0.0063703106716275215,0.009984520263969898,0.0033271696884185076,1.7684522390482016e-05,1.7684522390482016e-05,0.009062359109520912,0.008293687365949154,0.00022688793251290917,0.014261504635214806,0.008248378522694111,0.023219825699925423,0.019946705549955368,0.0008703914354555309,0.01203869841992855,0.0024899335112422705,0.0712069422006607,0.011797510087490082,0.01032220758497715,0.0781753733754158,0.048280343413352966,0.0225263349711895,0.0011828806018456817,0.010015618056058884,0.03489115834236145,0.006255310494452715,0.013740252703428268,0.0,0.020540378987789154,0.022071098908782005,0.02160719968378544,0.006997739430516958,0.005284576676785946,0.021429819986224174,0.003734091529622674,0.009270153939723969,0.0,0.0,0.018861958757042885,0.03565038740634918,0.012815939262509346,0.015663865953683853,0.024197297170758247,0.004171055741608143,0.0,0.0,0.0,0.0009768751915544271,0.036511462181806564,0.014771344140172005,0.0005803432432003319,0.008724335581064224,0.008203727193176746,0.0,0.0,0.0,0.004706902429461479,0.027497177943587303,0.0034093977883458138,0.0,0.0,0.0,0.0,0.0,0.0,0.02368777059018612,0.0,0.0,0.0,0.0,0.0,0.0
2025-07-25,0.0,2.090729321935214e-05,0.0009100101888179779,0.0,0.0186740905046463,0.004486415535211563,0.007457363419234753,0.0,0.0,0.0,0.0,0.0021103317849338055,0.014133564196527004,0.19542032480239868,0.28106987476348877,2.090729321935214e-05,0.0,0.0,0.0,0.0021014451049268246,0.019770454615354538,0.025435972958803177,0.02147197537124157,0.05850788950920105,2.090729321935214e-05,0.0,0.0,0.0,0.01950323022902012,0.005683667957782745,0.0311674065887928,0.06369152665138245,0.0472758486866951,0.015933509916067123,0.0017551673809066415,0.0,0.0,0.0007869662949815392,0.0023585481103509665,0.0035536615177989006,0.06042739748954773,0.03169429302215576,0.08587925136089325,0.05822932347655296,0.0,0.0,0.0,0.0,0.0,0.005635010078549385,0.02591332420706749,0.014158684760332108,0.05797281488776207,0.0,0.0,0.0,0.0,2.090729321935214e-05,0.0074501377530395985,0.039405763149261475,0.007706868462264538,0.028514321893453598,0.0006504810298793018,0.0,2.090729321935214e-05,0.0,0.003145690308883786,0.03336614370346069,0.02855253964662552,0.018621332943439484,0.014380741864442825,0.011120835319161415,0.003054529894143343,0.005981814116239548,0.006583783775568008,0.0031302375718951225,2.090729321935214e-05,2.090729321935214e-05,0.009064123034477234,0.02154628187417984,0.0007498639752157032,0.01802743971347809,0.00935853086411953,0.02998058684170246,0.03309234604239464,0.001183533575385809,0.004462556913495064,0.004112939350306988,0.08486850559711456,0.01003909669816494,0.013642030768096447,0.0736376941204071,0.04698159918189049,0.04073775187134743,0.001319336355663836,0.009591881185770035,0.041226014494895935,0.014933658763766289,0.008279489353299141,0.0,0.021368667483329773,0.02433696947991848,0.029073283076286316,0.008644293993711472,0.0049384101293981075,0.01330961100757122,0.003315800102427602,0.003981747664511204,0.0,0.0,0.013083304278552532,0.03865790367126465,0.013826604001224041,0.021430708467960358,0.021019691601395607,0.0040475898422300816,0.0,0.0,0.0,0.0012569839600473642,0.03866703063249588,0.01888016052544117,0.0005978986155241728,0.01067587360739708,0.008815653622150421,0.0,0.0,0.0,0.012609471566975117,0.014984820038080215,0.003168312832713127,0.0,0.0,0.0,0.0,0.0,0.0,0.004591879900544882,0.0,0.0,0.0,0.0,0.0,0.0
2025-07-26,0.0,3.972414560848847e-05,0.0010648610768839717,0.0,0.032429445534944534,0.00587207917124033,0.006343207322061062,0.0,0.0,0.0,0.0,0.0013972152955830097,0.012892311438918114,0.17520102858543396,0.28813692927360535,3.972414560848847e-05,0.0,0.0,0.0,0.0042091598734259605,0.023630082607269287,0.028675392270088196,0.02424376644194126,0.05329015105962753,3.972414560848847e-05,0.0,0.0,0.0,0.022799789905548096,0.011103717610239983,0.03407750278711319,0.08450694382190704,0.061470046639442444,0.02198534458875656,0.002290688455104828,0.0,0.0,0.0009219117928296328,0.0016339467838406563,0.008524799719452858,0.07160705327987671,0.03992004692554474,0.07011336088180542,0.0591537281870842,0.0,0.0,0.0,0.0,0.0,0.006501712836325169,0.017278002575039864,0.0055732764303684235,0.07140925526618958,0.0,0.0,0.0,0.0,3.972414560848847e-05,0.011880870908498764,0.045204609632492065,0.007604463025927544,0.03299911320209503,0.0,0.0,3.972414560848847e-05,0.0,0.005318729672580957,0.019830996170639992,0.025593556463718414,0.027695368975400925,0.014256298542022705,0.019033052027225494,0.009759211912751198,0.005809033755213022,0.005630212370306253,0.0031724628061056137,3.972414560848847e-05,3.972414560848847e-05,0.011362796649336815,0.02213675156235695,0.0007682459545321763,0.022735200822353363,0.01395658403635025,0.043731823563575745,0.022120628505945206,0.0015660665230825543,0.0043304176069796085,0.004966451786458492,0.07582303881645203,0.014866615645587444,0.015622276812791824,0.10393749177455902,0.0640803724527359,0.05359066277742386,0.0015552723780274391,0.010390328243374825,0.04525519907474518,0.0066481116227805614,0.005791764706373215,0.0,0.027189593762159348,0.02996072545647621,0.026072420179843903,0.009851912036538124,0.010457922704517841,0.01613488979637623,0.005748921539634466,0.0031360224820673466,0.0,0.0,0.01350115705281496,0.04196033626794815,0.013222409412264824,0.03563094139099121,0.022839883342385292,0.004319650121033192,0.0,0.0,0.0,0.001125676091760397,0.04297500476241112,0.015248841606080532,0.0009048319770954549,0.010055013000965118,0.00958862341940403,0.0,0.0,0.0,0.01743132621049881,0.010579456575214863,0.0032744025811553,0.0,0.0,0.0,0.0,0.0,0.0,0.0014166373293846846,0.0,0.0,0.0,0.0,0.0,0.0
2025-07-27,0.0,3.2619158446323127e-05,0.0020475778728723526,0.0,0.019698768854141235,0.013699927367269993,0.0081098023802042,0.0,0.0,0.0,0.0,0.0020560615230351686,0.015550853684544563,0.15798330307006836,0.2806766927242279,3.2619158446323127e-05,0.0,0.0,0.0,0.007097805850207806,0.02635839767754078,0.04072478413581848,0.012509483844041824,0.050266116857528687,3.2619158446323127e-05,0.0,0.0,0.0,0.021033989265561104,0.014019908383488655,0.03887026757001877,0.06608563661575317,0.06576590240001678,0.015289952978491783,0.002787003293633461,0.0,0.0,0.0008980063139460981,0.0010355068370699883,0.010893378406763077,0.06023788079619408,0.03974885493516922,0.09548702836036682,0.053858764469623566,0.0,0.0,0.0,0.0,0.0,0.0075578875839710236,0.01725463941693306,0.006413906347006559,0.07621370255947113,0.0,0.0,0.0,0.0,3.2619158446323127e-05,0.006746680475771427,0.022969767451286316,0.008459655568003654,0.024568064138293266,0.0012681585503742099,0.0,3.2619158446323127e-05,0.0,0.014043325558304787,0.013169352896511555,0.03408220410346985,0.02081376500427723,0.019440779462456703,0.009862367063760757,0.004565608687698841,0.006158552132546902,0.005398005247116089,0.005441430490463972,3.2619158446323127e-05,3.2619158446323127e-05,0.012659401632845402,0.013981731608510017,0.0007251962670125067,0.0332639217376709,0.008742776699364185,0.04153258353471756,0.027549851685762405,0.0015453258529305458,0.004452504683285952,0.006632157135754824,0.09545165300369263,0.010843544267117977,0.01990656740963459,0.0955539420247078,0.07492604851722717,0.06836100667715073,0.002226312644779682,0.00859401561319828,0.05954807996749878,0.008583759889006615,0.005759506020694971,0.0,0.026240481063723564,0.04361584782600403,0.03087744489312172,0.010285061784088612,0.007038426585495472,0.012462141923606396,0.00738058565184474,0.0046353936195373535,0.0,0.0,0.01791621372103691,0.06922820955514908,0.0133197121322155,0.03607894480228424,0.023367594927549362,0.004625461995601654,0.0,0.0,0.0,0.0009373351349495351,0.06588301062583923,0.015728002414107323,0.0010094286408275366,0.01202340517193079,0.007877473719418049,0.0,0.0,0.0,0.005891225300729275,0.013286648318171501,0.004667059984058142,0.0,0.0,0.0,0.0,0.0,0.0,0.004566713236272335,0.0,0.0,0.0,0.0,0.0,0.0
2025-07-28,0.0,4.3672371248248965e-05,0.005326308310031891,0.0,0.017029626294970512,0.0033041690476238728,0.00595791544765234,0.0,0.0,0.0,0.0,0.003939854446798563,0.03232762590050697,0.15224483609199524,0.2941884398460388,4.3672371248248965e-05,0.0,0.0,0.0,0.014231649227440357,0.02095605432987213,0.03894120454788208,0.02655212953686714,0.054737746715545654,4.3672371248248965e-05,0.0,0.0,0.0,0.010754967108368874,0.012049268931150436,0.029214028269052505,0.04968593642115593,0.06648673117160797,0.016778558492660522,0.002859605709090829,0.0,0.0,0.0010258995462208986,0.00152401824016124,0.020858127623796463,0.04428010433912277,0.023015892133116722,0.08979376405477524,0.07064665853977203,0.0,0.0,0.0,0.0,0.0,0.006366254761815071,0.026764150708913803,0.009123599156737328,0.06675319373607635,0.0,0.0,0.0,0.0,4.3672371248248965e-05,0.015791259706020355,0.014023645780980587,0.011431584134697914,0.027088463306427002,0.001647944562137127,0.0,4.3672371248248965e-05,0.0,0.004835254512727261,0.006090080365538597,0.030307389795780182,0.026448052376508713,0.017324913293123245,0.014617044478654861,0.00682023074477911,0.005942326504737139,0.008552905172109604,0.004388933535665274,4.3672371248248965e-05,4.3672371248248965e-05,0.009524481371045113,0.009760263375937939,0.00042723954538814723,0.022158555686473846,0.008371099829673767,0.04719991981983185,0.02772805094718933,0.001661175163462758,0.004238478373736143,0.006759129464626312,0.10808677971363068,0.00845092348754406,0.013482587411999702,0.07720718532800674,0.06825681775808334,0.045653440058231354,0.0028661841060966253,0.010592997074127197,0.04177850857377052,0.009065613150596619,0.00473827263340354,0.0,0.028231941163539886,0.030446670949459076,0.044445984065532684,0.007291717454791069,0.011906392872333527,0.030011074617505074,0.006321392022073269,0.010537391528487206,0.0,0.0,0.014192073605954647,0.058974675834178925,0.011834139004349709,0.023455500602722168,0.03455051779747009,0.004850170575082302,0.0,0.0,0.0,0.0013248343020677567,0.03824937716126442,0.013759251683950424,0.001082560163922608,0.02244974672794342,0.014407936483621597,0.0,0.0,0.0,0.00849849358201027,0.028284721076488495,0.00464613875374198,0.0,0.0,0.0,0.0,0.0,0.0,0.0056085954420268536,0.0,0.0,0.0,0.0,0.0,0.0
2025-07-29,0.0,1.6120580767164938e-05,0.0016800658777356148,0.0,0.01449740119278431,0.0033054708037525415,0.00981698464602232,0.0,0.0,0.0,0.0,0.0013445791555568576,0.017141571268439293,0.15968993306159973,0.30179035663604736,1.6120580767164938e-05,0.0,0.0,0.0,0.023814689368009567,0.020299749448895454,0.04632342606782913,0.02878081053495407,0.0424622967839241,1.6120580767164938e-05,0.0,0.0,0.0,0.01012817770242691,0.013236291706562042,0.023638145998120308,0.05489801615476608,0.08899842202663422,0.01854558289051056,0.0022007208317518234,0.0,0.0,0.0007946660625748336,0.0,0.013194320723414421,0.06220637261867523,0.030340563505887985,0.07396744191646576,0.06352204084396362,0.0,0.0,0.0,0.0,0.0,0.005566793028265238,0.025509148836135864,0.012247160077095032,0.04900991544127464,0.0,0.0,0.0,0.0,1.6120580767164938e-05,0.0074822669848799706,0.014394158497452736,0.00804337952286005,0.03109297901391983,0.0018263089004904032,0.0,1.6120580767164938e-05,0.0,0.002903788350522518,0.006779956165701151,0.03372123837471008,0.020148009061813354,0.01596604660153389,0.0070274691097438335,0.011173270642757416,0.004970353562384844,0.004075073637068272,0.005873617250472307,1.6120580767164938e-05,1.6120580767164938e-05,0.010199278593063354,0.01221142802387476,0.00031347793992608786,0.015757620334625244,0.008884458802640438,0.034166403114795685,0.015785204246640205,0.0014449413865804672,0.002703768899664283,0.004548181779682636,0.12072615325450897,0.009035068564116955,0.018323654308915138,0.10058574378490448,0.05925881490111351,0.047901276499032974,0.002294668462127447,0.018946971744298935,0.03802184760570526,0.013317717239260674,0.00800336617976427,0.0,0.04048056900501251,0.02997828647494316,0.03426282852888107,0.007806634996086359,0.005487773567438126,0.02126108668744564,0.00435287319123745,0.005507112946361303,0.0,0.0,0.012662726454436779,0.04960663244128227,0.019320173189044,0.018524374812841415,0.040056973695755005,0.005601248703896999,0.0,0.0,0.0,0.0008306425297632813,0.03976227343082428,0.01731104962527752,0.0008762111538089812,0.01086471974849701,0.014916718006134033,0.0,0.0,0.0,0.00823352113366127,0.020336849614977837,0.005315048154443502,0.0,0.0,0.0,0.0,0.0,0.0,0.006817313842475414,0.0,0.0,0.0,0.0,0.0,0.0
2025-07-30,0.0,2.9824899684172124e-05,0.0005470484029501677,0.0,0.018600990995764732,0.009749236516654491,0.004832868929952383,0.0,0.0,0.0,0.0,0.0011824099346995354,0.014362925663590431,0.15888099372386932,0.2833043336868286,2.9824899684172124e-05,0.0,0.0,0.0,0.019373765215277672,0.025237854570150375,0.041358646005392075,0.029988791793584824,0.04749251902103424,2.9824899684172124e-05,0.0,0.0,0.0,0.0060930997133255005,0.007785112131386995,0.03178395703434944,0.06291239708662033,0.08414138853549957,0.031787801533937454,0.0024731324519962072,0.0,0.0,0.0,0.001126202056184411,0.007723960094153881,0.07670692354440689,0.043138038367033005,0.051407165825366974,0.0506453737616539,0.0,0.0,0.0,0.0,0.0,0.003994573839008808,0.02347300574183464,0.006622567307204008,0.08379632234573364,0.0,0.0,0.0,0.0,2.9824899684172124e-05,0.013789009302854538,0.03037441335618496,0.0071201324462890625,0.045078031718730927,0.001970388926565647,0.0,2.9824899684172124e-05,0.0,0.0045017218217253685,0.027313582599163055,0.045486655086278915,0.02259167656302452,0.010772332549095154,0.008126655593514442,0.028382908552885056,0.004559230990707874,0.006293656304478645,0.01144496537744999,2.9824899684172124e-05,2.9824899684172124e-05,0.017567085102200508,0.01360291987657547,0.0005215686978772283,0.016907891258597374,0.00927722081542015,0.020941998809576035,0.019081957638263702,0.00016929529374465346,0.0021498561836779118,0.004239281639456749,0.10996823012828827,0.022292472422122955,0.009913472458720207,0.08736701309680939,0.07742462307214737,0.028164174407720566,0.00231626583263278,0.010117625817656517,0.04670218378305435,0.01052144169807434,0.011373642832040787,0.0,0.0423404797911644,0.027664843946695328,0.03262533247470856,0.007848361507058144,0.003525681560859084,0.01810867339372635,0.004548065364360809,0.00482591986656189,0.0,0.0,0.016324102878570557,0.04716397076845169,0.025565236806869507,0.02850397676229477,0.0419546402990818,0.004135275259613991,0.0,0.0,0.0,0.002051830990239978,0.056916892528533936,0.015422238036990166,0.0017905272543430328,0.008508251048624516,0.009164228104054928,0.0,0.0,0.0,0.007618906907737255,0.011590884067118168,0.006225571967661381,0.0,0.0,0.0,0.0,0.0,0.0,0.011914283037185669,0.0,0.0,0.0,0.0,0.0,0.0
2025-07-31,0.0,3.574331276468001e-05,0.0003951897087972611,0.0,0.019218266010284424,0.005820747464895248,0.009646529331803322,0.0,0.0,0.0,0.0,0.0009980658069252968,0.013180866837501526,0.17144005000591278,0.2702396512031555,3.574331276468001e-05,0.0,0.0,0.0,0.009064259007573128,0.03663594275712967,0.02313522808253765,0.018215559422969818,0.038371432572603226,3.574331276468001e-05,0.0,0.0,0.0,0.01330623496323824,0.009789755567908287,0.030025778338313103,0.056498438119888306,0.07209089398384094,0.013799959793686867,0.004685317166149616,0.0,0.0,0.0010283351875841618,0.0016918223118409514,0.0041216597892344,0.05761490389704704,0.029430732131004333,0.050201281905174255,0.05695464089512825,0.0,0.0,0.0,0.0,0.0,0.0023913122713565826,0.014796871691942215,0.01299603097140789,0.08761115372180939,0.0,0.0,0.0,0.0,3.574331276468001e-05,0.02439717948436737,0.023468995466828346,0.010795572772622108,0.04173634573817253,0.0014808101113885641,0.0,3.574331276468001e-05,0.0,0.013316077180206776,0.01628917269408703,0.03585956245660782,0.013620367273688316,0.01622443087399006,0.015274813398718834,0.022414593026041985,0.00524168973788619,0.017003605142235756,0.0054437811486423016,3.574331276468001e-05,3.574331276468001e-05,0.01801254414021969,0.018203411251306534,6.662070518359542e-05,0.018289905041456223,0.010768262669444084,0.03505762293934822,0.017806654796004295,0.0013584706466645002,0.009851815178990364,0.005471194162964821,0.09682987630367279,0.018441010266542435,0.007400612346827984,0.08065272122621536,0.08058249205350876,0.03589284047484398,0.0020813692826777697,0.006730797700583935,0.037709079682826996,0.008416961878538132,0.006634623743593693,0.0,0.03384383022785187,0.03716042637825012,0.052522532641887665,0.009413514286279678,0.0036499937996268272,0.013398471288383007,0.0128416046500206,0.004211690742522478,0.0,0.0,0.02346278540790081,0.032486721873283386,0.012691227719187737,0.017054568976163864,0.032586004585027695,0.0037501375190913677,0.0,0.0,0.0,0.00740647641941905,0.06282327324151993,0.008495112881064415,0.006621173582971096,0.008383193984627724,0.009038913995027542,0.0,0.0,0.0,0.0032304951455444098,0.015936819836497307,0.01064596138894558,0.0,0.0,0.0,0.0,0.0,0.0,0.006486621685326099,0.0,0.0,0.0,0.0,0.0,0.0
2025-08-01,0.0,2.7935551770497113e-05,0.00040594107122160494,0.0,0.017162896692752838,0.0047999182716012,0.006918194238096476,0.0,0.0,0.0,0.0,0.0008921169792301953,0.014445437118411064,0.15868012607097626,0.2646476924419403,2.7935551770497113e-05,0.0,0.0,0.0,0.003935993183404207,0.023836646229028702,0.03371012955904007,0.016172293573617935,0.05487879365682602,2.7935551770497113e-05,0.0,0.0,0.0,0.007479156367480755,0.015641454607248306,0.0196680910885334,0.056600332260131836,0.07522110641002655,0.01370067149400711,0.002906068926677108,0.0,0.0,0.0012834419030696154,0.0017258815933018923,0.002986364532262087,0.05931644141674042,0.027664251625537872,0.07282261550426483,0.06562954187393188,0.0,0.0,0.0,0.0,0.0,0.007841423153877258,0.024869896471500397,0.0034527312964200974,0.054480355232954025,0.0,0.0,0.0,0.0,2.7935551770497113e-05,0.01827273517847061,0.02250649966299534,0.00873556174337864,0.03158103674650192,0.00013699731789529324,0.0,2.7935551770497113e-05,0.0,0.005125968251377344,0.017453283071517944,0.02981836348772049,0.016848141327500343,0.008166429586708546,0.014022916555404663,0.012151911854743958,0.005051000043749809,0.0073753949254751205,0.00393000990152359,2.7935551770497113e-05,2.7935551770497113e-05,0.007788380142301321,0.017705898731946945,0.0010640571126714349,0.01497112400829792,0.01688053272664547,0.01853889785706997,0.01691845990717411,0.0012196990428492427,0.009441123344004154,0.005010582972317934,0.09688704460859299,0.009315811097621918,0.008336362428963184,0.08490480482578278,0.04453936591744423,0.03531267121434212,0.002889056922867894,0.014260968193411827,0.0380445271730423,0.0063628870993852615,0.0051110233180224895,0.0,0.02308044396340847,0.03091171383857727,0.05147483944892883,0.02190878987312317,8.560996502637863e-05,0.02552318014204502,0.00607640203088522,0.0038223871961236,0.0,0.0,0.018537119030952454,0.02789134904742241,0.014841703698039055,0.01172449067234993,0.051311735063791275,0.003501253668218851,0.0,0.0,0.0,0.001880665309727192,0.0752851814031601,0.011648695915937424,0.0025456775911152363,0.008343217894434929,0.005985549185425043,0.0,0.0,0.0,0.005150780081748962,0.006693088449537754,0.005309638567268848,0.0,0.0,0.0,0.0,0.0,0.0,0.006010061129927635,0.0,0.0,0.0,0.0,0.0,0.0
2025-08-02,0.0,3.184950037393719e-05,0.0004801430332008749,0.0,0.015721099451184273,0.004037355072796345,0.006726935971528292,0.0,0.0,0.0,0.0,0.0015623100334778428,0.020777055993676186,0.12653522193431854,0.29677054286003113,3.184950037393719e-05,0.0,0.0,0.0,0.003856862196698785,0.018230628222227097,0.044751279056072235,0.014923562295734882,0.047463737428188324,3.184950037393719e-05,0.0,0.0,0.0,0.010267750360071659,0.029284991323947906,0.015811283141374588,0.06536013633012772,0.06939491629600525,0.01331515796482563,0.002407968742772937,0.0,0.0,0.0013723316369578242,0.0018621741328388453,0.004598616622388363,0.05851420760154724,0.03373660892248154,0.07048279047012329,0.07073439657688141,0.0,0.0,0.0,0.0,0.0,0.004899190738797188,0.0333864688873291,0.002517852932214737,0.06826633214950562,0.0,0.0,0.0,0.0,3.184950037393719e-05,0.011164989322423935,0.023066481575369835,0.005417550913989544,0.030775927007198334,0.0,0.0,3.184950037393719e-05,0.0,0.004422463942319155,0.009378460235893726,0.010726514272391796,0.023087330162525177,0.009718828834593296,0.009423029609024525,0.008030247874557972,0.0030303867533802986,0.0055289920419454575,0.0038225827738642693,3.184950037393719e-05,3.184950037393719e-05,0.006131993141025305,0.02009335160255432,0.0014675154816359282,0.02462107688188553,0.008399726822972298,0.01660807617008686,0.02558938041329384,0.0011441392125561833,0.0028911717236042023,0.0037060577888041735,0.06099502369761467,0.015729326754808426,0.015327399596571922,0.12431077659130096,0.046842485666275024,0.0230779480189085,0.008366938680410385,0.028667135164141655,0.028015365824103355,0.005691360216587782,0.007925715297460556,0.0,0.028812337666749954,0.03437107801437378,0.046663783490657806,0.012803969904780388,0.002105285879224539,0.015984132885932922,0.009978284128010273,0.0025864392518997192,0.0,0.0,0.01978171057999134,0.04197404161095619,0.011779281310737133,0.006996064446866512,0.044766925275325775,0.0028248834423720837,0.0,0.0,0.0,0.0008456683717668056,0.05191374570131302,0.02277269959449768,0.006279539782553911,0.009463203139603138,0.0053166914731264114,0.0,0.0,0.0,0.00642751669511199,0.003229607827961445,0.005101957358419895,0.0,0.0,0.0,0.0,0.0,0.0,0.005758396349847317,0.0,0.0,0.0,0.0,0.0,0.0
2025-08-03,0.0,5.889200110686943e-05,0.0007867643143981695,0.0,0.01478777639567852,0.0028993249870836735,0.008986670523881912,0.0,0.0,0.0,0.0,0.004490512423217297,0.010345314629375935,0.12388883531093597,0.27650007605552673,5.889200110686943e-05,0.0,0.0,0.0,0.0019444595091044903,0.029218394309282303,0.03916432335972786,0.022830134257674217,0.04158695042133331,5.889200110686943e-05,0.0,0.0,0.0,0.011208620853722095,0.015938330441713333,0.03015756420791149,0.07062409073114395,0.05316790193319321,0.01502734050154686,0.0030001411214470863,0.0,0.0,0.0012859140988439322,0.001828184351325035,0.012092639692127705,0.06003908812999725,0.043042488396167755,0.0898616760969162,0.06094584986567497,0.0,0.0,0.0,0.0,0.0,0.0044829705730080605,0.016823356971144676,0.006995559204369783,0.11223667860031128,0.0,0.0,0.0,0.0,5.889200110686943e-05,0.007839811034500599,0.030094332993030548,0.006284995004534721,0.02824481949210167,0.004645170643925667,0.0,5.889200110686943e-05,0.0,0.004630705341696739,0.008043026551604271,0.01903284713625908,0.02127525955438614,0.012018942274153233,0.009529072791337967,0.005284120328724384,0.0017579281702637672,0.0070645250380039215,0.004498304799199104,5.889200110686943e-05,5.889200110686943e-05,0.010024724528193474,0.012362822890281677,0.0014206098858267069,0.012774305418133736,0.008219879120588303,0.0248456671833992,0.016474401578307152,0.0014027922879904509,0.0025759502314031124,0.005297018215060234,0.058832354843616486,0.00822190847247839,0.01680581644177437,0.10264179110527039,0.04220359027385712,0.019982192665338516,0.0025809411890804768,0.01097887847572565,0.025129683315753937,0.012890875339508057,0.017902500927448273,0.0,0.030331972986459732,0.030537426471710205,0.04250315576791763,0.005361277610063553,0.007661736104637384,0.01445489376783371,0.006642331834882498,0.0032178114634007215,0.0,0.0,0.023693446069955826,0.02989589422941208,0.01090416219085455,0.006786085199564695,0.03572247549891472,0.002155585680156946,0.0,0.0,0.0,0.0012810386251658201,0.051930882036685944,0.011784802190959454,0.0013726408360525966,0.018489308655261993,0.00257373065687716,0.0,0.0,0.0,0.007322179153561592,0.006428936496376991,0.004309550393372774,0.0,0.0,0.0,0.0,0.0,0.0,0.011668840423226357,0.0,0.0,0.0,0.0,0.0,0.0
2025-08-04,0.0,6.035655678715557e-05,0.000892263778951019,0.0,0.022818494588136673,0.010199046693742275,0.011867394670844078,0.0,0.0,0.0,0.0,0.003852230031043291,0.014577553607523441,0.1475120186805725,0.23649996519088745,6.035655678715557e-05,0.0,0.0,0.0,0.0034862596075981855,0.0154102873057127,0.03149421513080597,0.02690598927438259,0.05060987547039986,6.035655678715557e-05,0.0,0.0,0.0,0.008236321620643139,0.011684708297252655,0.03316209465265274,0.0751258134841919,0.047238789498806,0.014701910316944122,0.0022427234798669815,0.0,0.0,0.0010155313648283482,0.0015230264980345964,0.009294716641306877,0.04872458800673485,0.026702243834733963,0.08267758786678314,0.04430001974105835,0.0,0.0,0.0,0.0,0.0,0.004036329686641693,0.015758832916617393,0.0065980632789433,0.07790350168943405,0.0,0.0,0.0,0.0,6.035655678715557e-05,0.006328347604721785,0.02064768224954605,0.007619950920343399,0.029059629887342453,0.0,0.0,6.035655678715557e-05,0.0,0.005372076760977507,0.010708204470574856,0.03633992001414299,0.013819007202982903,0.009588759392499924,0.010619517415761948,0.0056091127917170525,0.006842241156846285,0.0065171606838703156,0.007546813227236271,6.035655678715557e-05,6.035655678715557e-05,0.021384716033935547,0.008802825585007668,0.0010847492376342416,0.01615886576473713,0.009553085081279278,0.03601059317588806,0.012371841818094254,0.0011984368320554495,0.003172993427142501,0.00399275915697217,0.07438486069440842,0.007041378878057003,0.008208160288631916,0.08625824749469757,0.0376226082444191,0.04031072556972504,0.0013526425464078784,0.011958077549934387,0.02843235246837139,0.0065953913144767284,0.03285744786262512,0.0,0.02182411402463913,0.01755506359040737,0.032809074968099594,0.013115507550537586,0.003904961748048663,0.01891150139272213,0.012471286579966545,0.004789798054844141,0.0,0.0,0.022327177226543427,0.04233108460903168,0.012125540524721146,0.01777821034193039,0.018879307433962822,0.0044009569101035595,0.0,0.0,0.0,0.00119804369751364,0.051907140761613846,0.009803475812077522,0.0005665943026542664,0.009988982230424881,0.010869449004530907,0.0,0.0,0.0,0.006842359900474548,0.014057470485568047,0.002518224064260721,0.0,0.0,0.0,0.0,0.0,0.0,0.0057353246957063675,0.0,0.0,0.0,0.0,0.0,0.0
2025-08-05,0.0,7.90107442298904e-05,0.0007773057441227138,0.0,0.027654409408569336,0.0044310628436505795,0.0095450971275568,0.0,0.0,0.0,0.0,0.0073044211603701115,0.015150858089327812,0.14473707973957062,0.23490633070468903,7.90107442298904e-05,0.0,0.0,0.0,0.0019966126419603825,0.016611672937870026,0.038396820425987244,0.02376680262386799,0.043940261006355286,7.90107442298904e-05,0.0,0.0,0.0,0.005557578057050705,0.006651677191257477,0.026306452229619026,0.083737313747406,0.05017577111721039,0.01634943298995495,0.002844355534762144,0.0,0.0,0.00012620200868695974,0.00124073785264045,0.005569322034716606,0.03906768932938576,0.04010465741157532,0.0676848441362381,0.04341236501932144,0.0,0.0,0.0,0.0,0.0,0.004544004797935486,0.029193099588155746,0.005865930113941431,0.05586981400847435,0.0,0.0,0.0,0.0,7.90107442298904e-05,0.00977224949747324,0.017931045964360237,0.007701807655394077,0.03220177814364433,0.0005738409236073494,0.0,7.90107442298904e-05,0.0,0.00611808430403471,0.015215849503874779,0.04847905784845352,0.01618690975010395,0.013047092594206333,0.008690138347446918,0.006876054219901562,0.004263399168848991,0.0056061591021716595,0.004023911897093058,7.90107442298904e-05,7.90107442298904e-05,0.012167836539447308,0.012226074002683163,0.0010494295274838805,0.015020506456494331,0.009660057723522186,0.030373096466064453,0.017784640192985535,0.0009872240480035543,0.004335202742367983,0.002051238901913166,0.10531589388847351,0.0062708305194973946,0.00906271580606699,0.10347878187894821,0.039393313229084015,0.03553500026464462,5.4946402087807655e-05,0.01966828852891922,0.03035837784409523,0.009968393482267857,0.034046463668346405,0.0,0.019456107169389725,0.019418740645051003,0.021731164306402206,0.021882161498069763,0.0023201918229460716,0.027628246694803238,0.004531588405370712,0.005746233742684126,0.0,0.0,0.01878397911787033,0.058974966406822205,0.017057297751307487,0.009147887118160725,0.01929645985364914,0.017729954794049263,0.0,0.0,0.0,0.0017161854775622487,0.048660218715667725,0.011980362236499786,0.0009513888508081436,0.013340302743017673,0.005808875430375338,0.0,0.0,0.0,0.006100848317146301,0.018414676189422607,0.004585748538374901,0.0,0.0,0.0,0.0,0.0,0.0,0.00490242475643754,0.0,0.0,0.0,0.0,0.0,0.0
2025-08-06,0.0,4.5160755689721555e-05,0.0014282441698014736,0.0,0.022505175322294235,0.003452673088759184,0.012416888028383255,0.0,0.0,0.0,0.0,0.0024246834218502045,0.016325443983078003,0.15345962345600128,0.2526059150695801,4.5160755689721555e-05,0.0,0.0,0.0,0.002307593822479248,0.025553081184625626,0.03183871507644653,0.02108977548778057,0.046605780720710754,4.5160755689721555e-05,0.0,0.0,0.0,0.008496830239892006,0.0053468551486730576,0.025167495012283325,0.06652198731899261,0.06688712537288666,0.01805320382118225,0.0019684701692312956,0.0,0.0,4.667486064136028e-05,0.005823628976941109,0.0032432316802442074,0.04028848558664322,0.04256948083639145,0.0665552020072937,0.05259566754102707,0.0,0.0,0.0,0.0,0.0,0.014149320311844349,0.02602406218647957,0.006122254766523838,0.06536751985549927,0.0,0.0,0.0,0.0,4.5160755689721555e-05,0.005743633024394512,0.01811983808875084,0.006113950163125992,0.02438259683549404,0.0017583111766725779,0.0,4.5160755689721555e-05,0.0,0.004677408374845982,0.023089434951543808,0.04459647834300995,0.01123344898223877,0.017255468294024467,0.007341347634792328,0.010210581123828888,0.0036341827362775803,0.007159859407693148,0.0020505464635789394,4.5160755689721555e-05,4.5160755689721555e-05,0.005936792120337486,0.012174183502793312,0.0005982086295261979,0.019005166366696358,0.007076343521475792,0.0196834784001112,0.015414007008075714,0.0013454635627567768,0.004414109047502279,0.0034522158093750477,0.1236380934715271,0.01072261668741703,0.008055790327489376,0.08792417496442795,0.05027318000793457,0.02666938491165638,0.0013966575497761369,0.04111713171005249,0.03955727070569992,0.01073966920375824,0.017930839210748672,0.0,0.027510344982147217,0.019013412296772003,0.01412980630993843,0.009123217314481735,0.004428550601005554,0.02000272274017334,0.0034320936538279057,0.006240137852728367,0.0,0.0,0.018659479916095734,0.0690448135137558,0.008307751268148422,0.007825212553143501,0.03437957167625427,0.00901009887456894,0.0,0.0,0.0,0.0014406980480998755,0.06544800102710724,0.011202520690858364,0.0007835144642740488,0.010625705122947693,0.005942618474364281,0.0,0.0,0.0,0.007305114064365625,0.004827089607715607,0.0030689870472997427,0.0,0.0,0.0,0.0,0.0,0.0,0.0037603331729769707,0.0,0.0,0.0,0.0,0.0,0.0
2025-08-07,0.0,6.020997534506023e-05,0.001595808775164187,0.0,0.02082839608192444,0.004319164901971817,0.010355208069086075,0.0,0.0,0.0,0.0,0.0010366158094257116,0.011441804468631744,0.17411452531814575,0.2624819874763489,6.020997534506023e-05,0.0,0.0,0.0,0.005839639343321323,0.02578943967819214,0.03282108157873154,0.02967601642012596,0.04611361399292946,6.020997534506023e-05,0.0,0.0,0.0,0.020396947860717773,0.004186290316283703,0.02500404790043831,0.053002096712589264,0.054284900426864624,0.016609815880656242,0.0027392732445150614,0.0,0.0,0.004743739031255245,0.0009370645857416093,0.0037699327804148197,0.03554916754364967,0.036600299179553986,0.06643843650817871,0.04188057780265808,0.0,0.0,0.0,0.0,0.0,0.006701817736029625,0.017120923846960068,0.008186968974769115,0.041918110102415085,0.0,0.0,0.0,0.0,6.020997534506023e-05,0.005094307009130716,0.015892181545495987,0.006121804006397724,0.02587638795375824,0.00236832769587636,0.0,6.020997534506023e-05,0.0,0.004833068232983351,0.005972045008093119,0.02719617635011673,0.012879928573966026,0.011683270335197449,0.007410835009068251,0.011547384783625603,0.003686662297695875,0.028264714404940605,0.0017131523927673697,6.020997534506023e-05,6.020997534506023e-05,0.006347599904984236,0.01570858806371689,0.0022108128760010004,0.0168539397418499,0.005257737822830677,0.039524249732494354,0.025851905345916748,0.006301429122686386,0.003954155370593071,0.0027004943694919348,0.08672419935464859,0.002805807162076235,0.008267231285572052,0.07350390404462814,0.05558936670422554,0.02253064140677452,0.0015677502378821373,0.02737252227962017,0.05754353851079941,0.015915783122181892,0.012721939012408257,0.0,0.044175539165735245,0.023311525583267212,0.022419901564717293,0.005655794404447079,0.010041754692792892,0.022819451987743378,0.004667465575039387,0.005775985773652792,0.0,0.0,0.031620051711797714,0.0477369986474514,0.010733036324381828,0.010197902098298073,0.04653943330049515,0.0035964217968285084,0.0,0.0,0.0,0.0012026086915284395,0.04656855762004852,0.01944783702492714,0.0005846366402693093,0.011202788911759853,0.0067412713542580605,0.0,0.0,0.0,0.010434238240122795,0.0,0.0037349422927945852,0.0,0.0,0.0,0.0,0.0,0.0,0.005307601299136877,0.0,0.0,0.0,0.0,0.0,0.0
2025-08-08,0.0,6.092094918130897e-05,0.0014981463318690658,0.0,0.02379467338323593,0.0055109611712396145,0.013857129961252213,0.0,0.0,0.0,0.0,0.0008667809888720512,0.012856795452535152,0.17075806856155396,0.26935526728630066,6.092094918130897e-05,0.0,0.0,0.0,0.0,0.030537627637386322,0.04797929525375366,0.032781150192022324,0.04763438552618027,6.092094918130897e-05,0.0,0.0,0.0,0.006179278250783682,0.015886230394244194,0.030694471672177315,0.0569407120347023,0.06947095692157745,0.01979333907365799,0.005676071159541607,0.0,0.0,0.0,0.0,0.0042143105529248714,0.027528777718544006,0.024584632366895676,0.05869602411985397,0.04415697604417801,0.0,0.0,0.0,0.0,0.0,0.011679314076900482,0.0170213021337986,0.014298293739557266,0.037885136902332306,0.0,0.0,0.0,0.0,6.092094918130897e-05,0.0067764148116111755,0.02395017445087433,0.018974918872117996,0.02979341149330139,0.001745189307257533,0.0,6.092094918130897e-05,0.0,0.004903285764157772,0.0023894421756267548,0.019505921751260757,0.02933206409215927,0.017412610352039337,0.008027227595448494,0.003884849837049842,0.003833098104223609,0.006915196776390076,0.0019146752310916781,6.092094918130897e-05,6.092094918130897e-05,0.016048599034547806,0.012085787951946259,0.008177326060831547,0.009132208302617073,0.010452273301780224,0.036469295620918274,0.019789226353168488,0.0012761838734149933,0.0014487106818705797,0.0044318512082099915,0.08621124923229218,0.005950878839939833,0.010366823524236679,0.08181929588317871,0.04859943687915802,0.03128558397293091,0.0012869342463091016,0.010674318298697472,0.053454674780368805,0.006447128485888243,0.008326789364218712,0.0,0.037307389080524445,0.03313964605331421,0.027308907359838486,0.007156635634601116,0.019913149997591972,0.02259182184934616,0.00500666256994009,0.004516311455518007,0.0,0.0,0.022384963929653168,0.046250056475400925,0.019249361008405685,0.012597315013408661,0.03334594517946243,0.0034934727009385824,0.0,0.0,0.0,0.0005602823803201318,0.036676421761512756,0.014158288016915321,0.00029062735848128796,0.011769450269639492,0.01358170248568058,0.0,0.0,0.0,0.015043424442410469,0.000300530344247818,0.0031933304853737354,0.0,0.0,0.0,0.0,0.0,0.0,0.004845497664064169,0.0,0.0,0.0,0.0,0.0,0.0
2025-08-09,0.0,6.666116678388789e-05,0.0013695007655769587,0.0,0.017774388194084167,0.006490593776106834,0.007292858324944973,0.0,0.0,0.0,0.0,0.001618433860130608,0.022107254713773727,0.14661940932273865,0.27935490012168884,6.666116678388789e-05,0.0,0.0,0.0,0.0012099253945052624,0.030156733468174934,0.035162489861249924,0.03493700921535492,0.03678378462791443,6.666116678388789e-05,0.0,0.0,0.0,0.004329539369791746,0.011808224022388458,0.029579075053334236,0.061149805784225464,0.06856033951044083,0.009585506282746792,0.0010234141955152154,0.0,0.0,0.0,0.0,0.0054352120496332645,0.04619169980287552,0.023381000384688377,0.06149131804704666,0.050628870725631714,0.0,0.0,0.0,0.0,0.0,0.005021205637603998,0.021055513992905617,0.024687036871910095,0.0556025467813015,0.0,0.0,0.0,0.0,6.666116678388789e-05,0.009392742067575455,0.022058703005313873,0.010226739570498466,0.03206827864050865,0.000940416706725955,0.0,6.666116678388789e-05,0.0,0.003834958653897047,0.013997232541441917,0.02251395210623741,0.03507506102323532,0.01850109174847603,0.0069777159951627254,0.0027664173394441605,0.003313777968287468,0.003108616452664137,0.002190404338762164,6.666116678388789e-05,6.666116678388789e-05,0.007174091413617134,0.012183334678411484,0.0022834890987724066,0.008473904803395271,0.0069044204428792,0.02390044368803501,0.018917765468358994,0.0009042826713994145,0.001714204321615398,0.013091259635984898,0.10562053322792053,0.006687906105071306,0.022058110684156418,0.06617896258831024,0.06338007748126984,0.02093307115137577,0.0003221698570996523,0.005520041100680828,0.03527675196528435,0.0050062681548297405,0.006908940151333809,0.0,0.020935475826263428,0.02086896449327469,0.02658795937895775,0.00830416101962328,0.037405528128147125,0.02574116364121437,0.004300698637962341,0.004849432036280632,0.0,0.0,0.019773799926042557,0.05102461576461792,0.010269063524901867,0.022056132555007935,0.025961384177207947,0.0035674399696290493,0.0,0.0,0.0,0.0007291674264706671,0.06614921987056732,0.016582701355218887,0.000688897562213242,0.010578365065157413,0.004140822216868401,0.0,0.0,0.0,0.011575119569897652,0.008179400116205215,0.005969790741801262,0.0,0.0,0.0,0.0,0.0,0.0,0.00367127638310194,0.0,0.0,0.0,0.0,0.0,0.0
2025-08-10,0.0,5.612985114566982e-05,0.0013864771462976933,0.0,0.012607524171471596,0.008963802829384804,0.0066958582028746605,0.0,0.0,0.0,0.0,0.0034862454049289227,0.015138879418373108,0.15100085735321045,0.27626556158065796,5.612985114566982e-05,0.0,0.0,0.0,0.007579786702990532,0.024992208927869797,0.02402653731405735,0.041320234537124634,0.052835479378700256,5.612985114566982e-05,0.0,0.0,0.0,0.009023359045386314,0.0128058772534132,0.04352084547281265,0.05275589972734451,0.05894864350557327,0.010940860025584698,0.0025756603572517633,0.0,0.0,0.0006188261904753745,0.0008428185246884823,0.006019161082804203,0.06110864877700806,0.021830109879374504,0.0673527717590332,0.043547846376895905,0.0,0.0,0.0,0.0,0.0,0.002271124627441168,0.025258349254727364,0.029096266254782677,0.0432528518140316,0.0,0.0,0.0,0.0,5.612985114566982e-05,0.006737755611538887,0.01797056943178177,0.005388339050114155,0.032665807753801346,0.0005511663621291518,0.0,5.612985114566982e-05,0.0,0.003780520986765623,0.024069085717201233,0.0231466144323349,0.03394497185945511,0.013650703243911266,0.008518556132912636,0.0053794230334460735,0.003109476761892438,0.005922498181462288,0.002815790008753538,5.612985114566982e-05,5.612985114566982e-05,0.007257077842950821,0.01470675878226757,0.0009464162867516279,0.012820464558899403,0.007098237052559853,0.031063539907336235,0.021376725286245346,0.0009964352939277887,0.012840399518609047,0.021355565637350082,0.09807892143726349,0.011331338435411453,0.009592730551958084,0.08001130074262619,0.08053217083215714,0.025224357843399048,0.00013691000640392303,0.006703533697873354,0.027656931430101395,0.02038273774087429,0.005964357405900955,0.0,0.020591896027326584,0.023808462545275688,0.029015066102147102,0.009601573459804058,0.032506342977285385,0.022622602060437202,0.004162732977420092,0.009395143948495388,0.0,0.0,0.020744862034916878,0.033186137676239014,0.010732979513704777,0.022397547960281372,0.030215920880436897,0.003874868154525757,0.0,0.0,0.0,0.0006727369036525488,0.05779896676540375,0.007883560843765736,0.0002412231406196952,0.007603953592479229,0.004386847373098135,0.0,0.0,0.0,0.008753216825425625,0.017519701272249222,0.002147969324141741,0.0,0.0,0.0,0.0,0.0,0.0,0.0037176627665758133,0.0,0.0,0.0,0.0,0.0,0.0
2025-08-11,0.0,5.9847370721399784e-05,0.0011115364031866193,0.0,0.026092369109392166,0.01352088525891304,0.005522100254893303,0.0,0.0,0.0,0.0,0.007239462807774544,0.0244034081697464,0.1443484127521515,0.2690255045890808,5.9847370721399784e-05,0.0,0.0,0.0,0.00682049710303545,0.0363350436091423,0.025602344423532486,0.03884616494178772,0.05668758973479271,5.9847370721399784e-05,0.0,0.0,0.0,0.011043475940823555,0.009735642932355404,0.03793543577194214,0.0622849278151989,0.05952632427215576,0.010027967393398285,0.014509974047541618,0.0,0.0,0.0014076812658458948,0.0032927561551332474,0.004700934048742056,0.06201242282986641,0.02622596174478531,0.052860621362924576,0.05650262534618378,0.0,0.0,0.0,0.0,0.0,0.009244678542017937,0.021412387490272522,0.0160768311470747,0.04413720592856407,0.0,0.0,0.0,0.0,5.9847370721399784e-05,0.005987140350043774,0.020327050238847733,0.005854425020515919,0.02403418906033039,0.0012330736499279737,0.0,5.9847370721399784e-05,0.0,0.009110581129789352,0.023965751752257347,0.017732396721839905,0.043414823710918427,0.015285391360521317,0.01088285818696022,0.012315560132265091,0.002805170137435198,0.005703761242330074,0.0025080677587538958,5.9847370721399784e-05,5.9847370721399784e-05,0.009578624740242958,0.02036549150943756,0.0012148262467235327,0.032570116221904755,0.009378381073474884,0.033320631831884384,0.018808774650096893,0.000775362947024405,0.0022413397673517466,0.012620617635548115,0.09369423240423203,0.008477339521050453,0.007251512724906206,0.08595084398984909,0.09250976145267487,0.04869590327143669,0.0016887133242562413,0.009217740967869759,0.02545565739274025,0.006702236365526915,0.005981460679322481,0.0,0.02382369339466095,0.02485983818769455,0.02428325265645981,0.0168157871812582,0.02912522666156292,0.014955897815525532,0.0030591939575970173,0.007077576592564583,0.0,0.0,0.020330380648374557,0.03482189029455185,0.014339827932417393,0.025049183517694473,0.030765369534492493,0.004473014269024134,0.0,0.0,0.0,0.0015117903240025043,0.05562152341008186,0.01009244192391634,0.0007925819954834878,0.007369630970060825,0.015366168692708015,0.0,0.0,0.0,0.005817029159516096,0.0283493772149086,0.0024388693273067474,0.0,0.0,0.0,0.0,0.0,0.0,0.004783822689205408,0.0,0.0,0.0,0.0,0.0,0.0
2025-08-12,0.0,6.220865907380357e-05,0.0012068605283275247,0.0,0.02071794494986534,0.009809652343392372,0.005528764799237251,0.0,0.0,0.0,0.0,0.003437909297645092,0.021010497584939003,0.1272822916507721,0.2744715213775635,6.220865907380357e-05,0.0,0.0,0.0,0.010652828961610794,0.03265281394124031,0.030930347740650177,0.035748302936553955,0.06026221811771393,6.220865907380357e-05,0.0,0.0,0.0,0.013180474750697613,0.007391365244984627,0.03632389381527901,0.047002725303173065,0.07039855420589447,0.01262466236948967,0.0032668854109942913,0.0,0.0,0.0017450065352022648,0.010202291421592236,0.005140217021107674,0.049483224749565125,0.028429469093680382,0.05937720835208893,0.054412029683589935,0.0,0.0,0.0,0.0,0.0,0.0035506091080605984,0.021628431975841522,0.009550129994750023,0.044354576617479324,0.0,0.0,0.0,0.0,6.220865907380357e-05,0.009822286665439606,0.019918035715818405,0.0064610326662659645,0.037228383123874664,0.001267889398150146,0.0,6.220865907380357e-05,0.0,0.005357943940907717,0.010507293976843357,0.012309528887271881,0.030072089284658432,0.01178452093154192,0.015468215569853783,0.007631415501236916,0.00261260406114161,0.0052663348615169525,0.0017612844239920378,6.220865907380357e-05,6.220865907380357e-05,0.015751956030726433,0.040980804711580276,0.0013176824431866407,0.02153608575463295,0.027655409649014473,0.030108019709587097,0.02459389716386795,0.0004122363752685487,0.0017575377132743597,0.01212577149271965,0.09531600773334503,0.018078697845339775,0.008781442418694496,0.111090749502182,0.08405481278896332,0.03602829575538635,0.004415926523506641,0.009951655752956867,0.032978177070617676,0.017218541353940964,0.004974849987775087,0.0,0.02374640479683876,0.02465195767581463,0.024434112012386322,0.015318144112825394,0.020603111013770103,0.020963018760085106,0.0026951543986797333,0.0024712011218070984,0.0,0.0,0.02116383984684944,0.04400263726711273,0.017612401396036148,0.014868215657770634,0.03699930012226105,0.004933045711368322,0.0,0.0,0.0,0.006293731275945902,0.04807216301560402,0.017014972865581512,0.0008869372541084886,0.018235616385936737,0.0070375315845012665,0.0,0.0,0.0,0.005800280254334211,0.03451379016041756,0.007936081849038601,0.0,0.0,0.0,0.0,0.0,0.0,0.003971167374402285,0.0,0.0,0.0,0.0,0.0,0.0
2025-08-13,0.0,7.807921065250412e-05,0.002765974262729287,0.0,0.020206313580274582,0.005413946229964495,0.007311343215405941,0.0,0.0,0.0,0.0,0.0011566022876650095,0.013088318519294262,0.12328710407018661,0.25333109498023987,7.807921065250412e-05,0.0,0.0,0.0,0.00601988285779953,0.028936374932527542,0.049121856689453125,0.020780084654688835,0.042330168187618256,7.807921065250412e-05,0.0,0.0,0.0,0.009417597204446793,0.012943433597683907,0.030799292027950287,0.03774610534310341,0.057003311812877655,0.01406964659690857,0.0016158688813447952,0.0,0.0,0.0015063006430864334,0.001958818407729268,0.002577816601842642,0.050357453525066376,0.024278346449136734,0.07743212580680847,0.04665599763393402,0.0,0.0,0.0,0.0,0.0,0.011572275310754776,0.028516486287117004,0.008077479898929596,0.04802018776535988,0.0,0.0,0.0,0.0,7.807921065250412e-05,0.014391031116247177,0.021229926496744156,0.0074158115312457085,0.030193518847227097,0.001189353410154581,0.0,7.807921065250412e-05,0.0,0.003276616567745805,0.008367188274860382,0.015200096182525158,0.04343462735414505,0.010415826924145222,0.011108838021755219,0.006226025056093931,0.0019019320607185364,0.00490501569584012,0.00223889434710145,7.807921065250412e-05,7.807921065250412e-05,0.01193997636437416,0.023949889466166496,0.0012787582818418741,0.011543570086359978,0.011602131649851799,0.026316337287425995,0.01842484250664711,0.0006885204929858446,0.004554362036287785,0.004302620887756348,0.09542544186115265,0.012238267809152603,0.010339176282286644,0.09817231446504593,0.062138527631759644,0.02666565403342247,0.008894043043255806,0.009305146522819996,0.022956110537052155,0.024681448936462402,0.003816908458247781,0.0,0.032832011580467224,0.018331749364733696,0.02571188099682331,0.009155785664916039,0.006622686982154846,0.017223458737134933,0.0022250255569815636,0.003996661398559809,0.0,0.0,0.021244699135422707,0.0453268401324749,0.02598932385444641,0.010927611961960793,0.053584836423397064,0.004779476206749678,0.0,0.0,0.0,0.0007151058525778353,0.03323598578572273,0.012299814261496067,0.0005140280118212104,0.006976425647735596,0.007878057658672333,0.0,0.0,0.0,0.005400791764259338,0.02008865401148796,0.0037304440047591925,0.0,0.0,0.0,0.0,0.0,0.0,0.004325650632381439,0.0,0.0,0.0,0.0,0.0,0.0
2025-08-14,0.0,5.5577271268703043e-05,0.0006292789475992322,0.0,0.025935471057891846,0.0041903480887413025,0.005631205625832081,0.0,0.0,0.0,0.0,0.0009810278424993157,0.01499423198401928,0.14822202920913696,0.2487504929304123,5.5577271268703043e-05,0.0,0.0,0.0,0.002106813248246908,0.027881253510713577,0.04609125107526779,0.023433011025190353,0.0432872474193573,5.5577271268703043e-05,0.0,0.0,0.0,0.014846570789813995,0.005613000597804785,0.02580251917243004,0.05923836678266525,0.08101402223110199,0.014741958118975163,0.002249612472951412,0.0,0.0,0.0009311118628829718,0.00021749990992248058,0.0037097958847880363,0.04752745479345322,0.02612658590078354,0.06656280905008316,0.05405646190047264,0.0,0.0,0.0,0.0,0.0,0.0054390886798501015,0.022288184612989426,0.010485993698239326,0.04273774474859238,0.0,0.0,0.0,0.0,5.5577271268703043e-05,0.00891939178109169,0.03072376549243927,0.005234244745224714,0.027139492332935333,0.0011977930553257465,0.0,5.5577271268703043e-05,0.0,0.003980107139796019,0.012490944005548954,0.01258374098688364,0.049431685358285904,0.017072267830371857,0.008277635090053082,0.005683500785380602,0.0016659206012263894,0.007098509930074215,0.0021462158765643835,5.5577271268703043e-05,5.5577271268703043e-05,0.00728128757327795,0.013435490429401398,0.0007669233600609004,0.010203867219388485,0.017297768965363503,0.041817255318164825,0.02036212384700775,0.0006583930808119476,0.004435140639543533,0.006936036981642246,0.1052773967385292,0.005425637122243643,0.016303634271025658,0.09913423657417297,0.06460975110530853,0.037754952907562256,0.004414326045662165,0.010285954922437668,0.0264862310141325,0.014480594545602798,0.003605005331337452,0.0,0.024276740849018097,0.022188328206539154,0.015698615461587906,0.00875015091150999,0.006858053617179394,0.03127878159284592,0.002085766289383173,0.009598134085536003,0.0,0.0,0.02544466219842434,0.04388577491044998,0.021041227504611015,0.010516923852264881,0.04062189534306526,0.004940698854625225,0.0,0.0,0.0,0.0,0.034477218985557556,0.01799279823899269,2.94902129098773e-05,0.006252940744161606,0.00567340012639761,0.0,0.0,0.0,0.003739075269550085,0.017353665083646774,0.006951593328267336,0.0,0.0,0.0,0.0,0.0,0.0,0.003487322246655822,0.0,0.0,0.0,0.0,0.0,0.0
2025-08-15,0.0,5.710352343157865e-05,0.00032081559766083956,0.0,0.03569762781262398,0.005499238148331642,0.006418036296963692,0.0,0.0,0.0,0.0,0.0007068087579682469,0.012868802063167095,0.15170073509216309,0.2507685124874115,5.710352343157865e-05,0.0,0.0,0.0,0.003141417633742094,0.02680990844964981,0.03509495407342911,0.0225172508507967,0.0355822816491127,5.710352343157865e-05,0.0,0.0,0.0,0.009685865603387356,0.006109416019171476,0.038027551025152206,0.038907766342163086,0.06178968772292137,0.03458574041724205,0.0031443401239812374,0.0,0.0,0.001336360932327807,0.0,0.004523221403360367,0.03798419609665871,0.03791561350226402,0.06827128678560257,0.044001586735248566,0.0,0.0,0.0,0.0,0.0,0.005091831088066101,0.023240476846694946,0.006007132586091757,0.059195153415203094,0.0,0.0,0.0,0.0,5.710352343157865e-05,0.007220946252346039,0.032744940370321274,0.004297057166695595,0.02384800650179386,0.0012664872920140624,0.0,5.710352343157865e-05,0.0,0.004628818016499281,0.011847691610455513,0.010767809115350246,0.04430066794157028,0.020690949633717537,0.00625266321003437,0.005491329822689295,0.0018121825996786356,0.00795537419617176,0.003096973989158869,5.710352343157865e-05,5.710352343157865e-05,0.010952360928058624,0.01787729375064373,0.0006407384644262493,0.010255654342472553,0.008520381525158882,0.052179910242557526,0.02220846526324749,0.0013411685358732939,0.002851227531209588,0.0028746072202920914,0.08006647229194641,0.013946417719125748,0.030841926112771034,0.06522160768508911,0.03803238272666931,0.03719625622034073,0.0019702224526554346,0.007530754432082176,0.04090321063995361,0.00952290091663599,0.006062623579055071,0.0,0.02866075001657009,0.02216622605919838,0.015024006366729736,0.013039490208029747,0.014688000082969666,0.019317707046866417,0.0021168175153434277,0.0027779177762567997,0.0,0.0,0.012706154026091099,0.025324463844299316,0.012023365125060081,0.0074997395277023315,0.0318278968334198,0.004884893540292978,0.0,0.0,0.0,0.0,0.057251621037721634,0.03262833133339882,0.0,0.008276145905256271,0.0071227457374334335,0.0,0.0,0.0,0.0017429136205464602,0.012706995941698551,0.002361901104450226,0.0,0.0,0.0,0.0,0.0,0.0,0.001889389124698937,0.0,0.0,0.0,0.0,0.0,0.0
2025-08-16,0.0,5.619906005449593e-05,0.0002916139201261103,0.0,0.018027465790510178,0.005354481749236584,0.00437195086851716,0.0,0.0,0.0,0.0,0.0010514752939343452,0.018825063481926918,0.1406671106815338,0.24007093906402588,5.619906005449593e-05,0.0,0.0,0.0,0.0020380711648613214,0.02864474058151245,0.03419182449579239,0.02529779076576233,0.03258137032389641,5.619906005449593e-05,0.0,0.0,0.0,0.010791756212711334,0.00811007060110569,0.035282596945762634,0.0350719690322876,0.053315021097660065,0.021709198132157326,0.003479239298030734,0.0,0.0,0.0008370944415219128,0.0004780266899615526,0.004399938974529505,0.0322430282831192,0.025022059679031372,0.06526462733745575,0.049328312277793884,0.0,0.0,0.0,0.0,0.0,0.006746165454387665,0.01403881050646305,0.0036544641479849815,0.035035185515880585,0.0,0.0,0.0,0.0,5.619906005449593e-05,0.005743388086557388,0.021845517680048943,0.004863218870013952,0.016485348343849182,0.0011719968169927597,0.0,5.619906005449593e-05,0.0,0.005522481165826321,0.011010442860424519,0.007844727486371994,0.02395523525774479,0.035192593932151794,0.004403335507959127,0.0050979964435100555,0.0025575561448931694,0.00944074708968401,0.0025895568542182446,5.619906005449593e-05,5.619906005449593e-05,0.01566670648753643,0.011015375144779682,0.0013546387199312449,0.009595924988389015,0.006833577528595924,0.04728154093027115,0.017104974016547203,0.0011347050312906504,0.002737974049523473,0.01085125096142292,0.09317923337221146,0.004964240361005068,0.015578502789139748,0.07719220221042633,0.039256010204553604,0.01802132837474346,0.0006026968476362526,0.008509834297001362,0.03831031173467636,0.007826626300811768,0.012388987466692924,0.0,0.03733538091182709,0.029368510469794273,0.012568507343530655,0.008334280923008919,0.008153995499014854,0.020092196762561798,0.0029895948246121407,0.0032316320575773716,0.0,0.0,0.010752549394965172,0.03225357085466385,0.014368521049618721,0.0070182643830776215,0.031151803210377693,0.0042992024682462215,0.0,0.0,0.0,0.0,0.05854586139321327,0.035836849361658096,0.0,0.008086610585451126,0.007883969694375992,0.0,0.0,0.0,0.0016363514587283134,0.012594124302268028,0.003479155944660306,0.0,0.0,0.0,0.0,0.0,0.0,0.009807609021663666,0.0,0.0,0.0,0.0,0.0,0.0
2025-08-17,0.0,6.840628338977695e-05,0.0006470350781455636,0.0,0.012704085558652878,0.004755070433020592,0.00918651558458805,0.0,0.0,0.0,0.0,0.0010542013915255666,0.013456907123327255,0.14493538439273834,0.2529679536819458,6.840628338977695e-05,0.0,0.0,0.0,0.002444861689582467,0.02961784228682518,0.021486513316631317,0.027795303612947464,0.04110857471823692,6.840628338977695e-05,0.0,0.0,0.0,0.011459107510745525,0.010609501972794533,0.050079118460416794,0.04939230531454086,0.035885490477085114,0.014300456270575523,0.003196394070982933,0.0,0.0,0.0007712512160651386,0.0016075179446488619,0.003349944716319442,0.03897225856781006,0.027596820145845413,0.06907717883586884,0.05316397547721863,0.0,0.0,0.0,0.0,0.0,0.0040661366656422615,0.013576164841651917,0.003357922425493598,0.027617163956165314,0.0,0.0,0.0,0.0,6.840628338977695e-05,0.006757301278412342,0.02138085663318634,0.006287522614002228,0.023099960759282112,0.0012685286346822977,0.0,6.840628338977695e-05,0.0,0.004999095574021339,0.011653740890324116,0.011391570791602135,0.020468909293413162,0.02970719337463379,0.006457595620304346,0.004355571698397398,0.0028532100841403008,0.012201429344713688,0.002700828481465578,6.840628338977695e-05,6.840628338977695e-05,0.004714588169008493,0.016688639298081398,0.0004932759911753237,0.011196752078831196,0.00574873574078083,0.03093661554157734,0.016519878059625626,0.0011536834063008428,0.009272566996514797,0.004219892434775829,0.08709308505058289,0.012470514513552189,0.009879120625555515,0.06190146505832672,0.051972292363643646,0.01517151203006506,0.0,0.008810112252831459,0.035787031054496765,0.008970621973276138,0.02059633657336235,0.0,0.02249874174594879,0.019052812829613686,0.010863623581826687,0.006562764290720224,0.007972517050802708,0.025639180094003677,0.0024014541413635015,0.011319448240101337,0.0,0.0,0.016814757138490677,0.03274264559149742,0.008076372556388378,0.008055941201746464,0.014806369319558144,0.004050943534821272,0.0,0.0,0.0,0.0,0.046514350920915604,0.020787222310900688,0.0,0.007552463561296463,0.007452342193573713,0.0,0.0,0.0,0.0022907471284270287,0.019368164241313934,0.002923050429672003,0.0,0.0,0.0,0.0,0.0,0.0,0.01904303766787052,0.0,0.0,0.0,0.0,0.0,0.0
2025-08-18,0.0,7.581005775136873e-05,0.0015077362768352032,0.0,0.017044056206941605,0.003971473313868046,0.005604729056358337,0.0,0.0,0.0,0.0,0.0013451776467263699,0.011664657853543758,0.17641837894916534,0.240658700466156,7.581005775136873e-05,0.0,0.0,0.0,0.002575065242126584,0.01777242124080658,0.01978950761258602,0.025705233216285706,0.04686151444911957,7.581005775136873e-05,0.0,0.0,0.0,0.01855582743883133,0.005309927277266979,0.03275514021515846,0.04018862172961235,0.0425659641623497,0.016321072354912758,0.002613723510876298,0.0,0.0,0.0008938594837673008,0.0022437074221670628,0.002757035894319415,0.05351199954748154,0.024528898298740387,0.05599982663989067,0.039841897785663605,0.0,0.0,0.0,0.0,0.0,0.004709415603429079,0.01890917867422104,0.013205045834183693,0.042017560452222824,0.0,0.0,0.0,0.0,7.581005775136873e-05,0.008227473124861717,0.0233687125146389,0.007557674311101437,0.028777871280908585,0.0011118361726403236,0.0,7.581005775136873e-05,0.0,0.004561078269034624,0.0162658728659153,0.024543777108192444,0.012651724740862846,0.019923660904169083,0.007055424153804779,0.004665400367230177,0.003002988174557686,0.008426877669990063,0.0028828075155615807,7.581005775136873e-05,7.581005775136873e-05,0.004380030557513237,0.03525305911898613,0.000714107183739543,0.01208722498267889,0.0069814324378967285,0.0263451486825943,0.02471599355340004,0.001251997658982873,0.0012207390973344445,0.005357127636671066,0.09568455070257187,0.011884639970958233,0.009174920618534088,0.06100151687860489,0.062244266271591187,0.0244859978556633,0.0003881988814100623,0.008038805797696114,0.04091569036245346,0.017469771206378937,0.013228865340352058,0.0,0.020920155569911003,0.019341057166457176,0.019823146983981133,0.007812445051968098,0.009946811012923717,0.01908940076828003,0.002200464950874448,0.005666352342814207,0.0,0.0,0.01089920662343502,0.03448820114135742,0.012085119262337685,0.0047242003493011,0.012366464361548424,0.00428015599027276,0.0,0.0,0.0,0.0,0.05056820064783096,0.020016975700855255,0.0,0.008527328260242939,0.006491480395197868,0.0,0.0,0.0,0.012146957218647003,0.008093862794339657,0.0030609951354563236,0.0,0.0,0.0,0.0,0.0,0.0,0.0002619251608848572,0.0,0.0,0.0,0.0,0.0,0.0
2025-08-19,0.0,9.434141975361854e-05,0.0021379210520535707,0.0,0.029606688767671585,0.006005305331200361,0.005631023086607456,0.0,0.0,0.0,0.0,0.0008778403280302882,0.010875571519136429,0.1614058017730713,0.2419130504131317,9.434141975361854e-05,0.0,0.0,0.0,0.003463854780420661,0.02263602614402771,0.021996766328811646,0.028184909373521805,0.04592477157711983,9.434141975361854e-05,0.0,0.0,0.0,0.02088768780231476,0.013169949874281883,0.03803999722003937,0.06568819284439087,0.060180649161338806,0.023310404270887375,0.002377510769292712,0.0,0.0,0.001242373837158084,0.0019503768999129534,0.004094140138477087,0.07491680979728699,0.0315244123339653,0.049568623304367065,0.040010854601860046,0.0,0.0,0.0,0.0,0.0,0.0047018579207360744,0.01439213939011097,0.0054111904464662075,0.056381355971097946,0.0,0.0,0.0,0.0,9.434141975361854e-05,0.011641331017017365,0.034374285489320755,0.008392137475311756,0.03739467263221741,0.0,0.0,9.434141975361854e-05,0.0,0.006370406597852707,0.020368076860904694,0.016960863023996353,0.01876090280711651,0.013408896513283253,0.015534861013293266,0.009572535753250122,0.0032514340709894896,0.008306734263896942,0.0030672105494886637,9.434141975361854e-05,9.434141975361854e-05,0.007053152192384005,0.0367729626595974,0.0006809578626416624,0.011906908825039864,0.011912589892745018,0.031042469665408134,0.014375215396285057,0.001351125305518508,0.0005157950799912214,0.004492873325943947,0.07414564490318298,0.018412737175822258,0.008796148002147675,0.0911465734243393,0.08518718183040619,0.03175559639930725,0.0006877894047647715,0.009224116802215576,0.042455531656742096,0.007977968081831932,0.007288465276360512,0.0,0.02550690621137619,0.02196846529841423,0.01970657706260681,0.008206689730286598,0.01853834092617035,0.02564704790711403,0.004232456907629967,0.0029825265519320965,0.0,0.0,0.01180175133049488,0.03774058446288109,0.013770846650004387,0.010062795132398605,0.018387893214821815,0.004970163106918335,0.0,0.0,0.0,0.0,0.05610627681016922,0.012194806709885597,0.0,0.008185958489775658,0.006388343404978514,0.0,0.0,0.0,0.018797803670167923,0.00620201276615262,0.0032153762876987457,0.0,0.0,0.0,0.0,0.0,0.0,0.0,0.0,0.0,0.0,0.0,0.0,0.0
2025-08-20,0.0,7.916051254142076e-05,0.003304986283183098,0.0,0.018419265747070312,0.01561219897121191,0.008129394613206387,0.0,0.0,0.0,0.0,0.0017886334098875523,0.014076421037316322,0.1475563645362854,0.22783032059669495,7.916051254142076e-05,0.0,0.0,0.0,0.0027269083075225353,0.026505121961236,0.03257002681493759,0.017621856182813644,0.04874038323760033,7.916051254142076e-05,0.0,0.0,0.0,0.022941134870052338,0.016853034496307373,0.047750916332006454,0.05478527396917343,0.06413023173809052,0.014096394181251526,0.002800965216010809,0.0,0.0,0.0013260572450235486,0.0016598075162619352,0.0018359413370490074,0.06942619383335114,0.03367001190781593,0.07597167789936066,0.037453025579452515,0.0,0.0,0.0,0.0,0.0,0.006362787447869778,0.015852030366659164,0.007191617973148823,0.06557050347328186,0.0,0.0,0.0,0.0,7.916051254142076e-05,0.007821602746844292,0.01955314725637436,0.009844878688454628,0.03301679715514183,0.001395402941852808,0.0,7.916051254142076e-05,0.0,0.013833952136337757,0.026481080800294876,0.019307808950543404,0.011662349104881287,0.013702712953090668,0.00983733031898737,0.0035388984251767397,0.003671544836834073,0.010315761901438236,0.00493796868249774,7.916051254142076e-05,7.916051254142076e-05,0.00970584899187088,0.02296595089137554,0.0007577058277092874,0.018477410078048706,0.008577607572078705,0.02848893217742443,0.022934481501579285,0.0013137675123289227,0.0006674476899206638,0.004531608894467354,0.08259885013103485,0.013737896457314491,0.012667350471019745,0.08403541147708893,0.08953511714935303,0.046297378838062286,0.0008364333189092577,0.008013171143829823,0.05250082165002823,0.007838385179638863,0.00506284786388278,0.0,0.02782668173313141,0.03322586789727211,0.028928980231285095,0.008083063177764416,0.015810731798410416,0.026433102786540985,0.005075041204690933,0.002659924328327179,0.0,0.0,0.01795271225273609,0.0627388209104538,0.015063274651765823,0.009738299064338207,0.02576477639377117,0.005482399836182594,0.0,0.0,0.0,0.0,0.07460489869117737,0.011275303550064564,0.0,0.010452885180711746,0.0035730868112295866,0.0,0.0,0.0,0.011367905884981155,0.008686015382409096,0.003952862229198217,0.0,0.0,0.0,0.0,0.0,0.0,0.002972753718495369,0.0,0.0,0.0,0.0,0.0,0.0
2025-08-21,0.0,7.303641177713871e-05,0.006438349839299917,0.0,0.016616083681583405,0.006871203426271677,0.006185609847307205,0.0,0.0,0.0,0.0,0.004129479639232159,0.03122447058558464,0.1397702991962433,0.23410740494728088,7.303641177713871e-05,0.0,0.0,0.0,0.004991970956325531,0.02227039635181427,0.027058713138103485,0.032575711607933044,0.055868878960609436,7.303641177713871e-05,0.0,0.0,0.0,0.014817269518971443,0.015394814312458038,0.04156527668237686,0.04285024106502533,0.05843551084399223,0.012719693593680859,0.003206006484106183,0.0,0.0,0.001540525583550334,0.002416606293991208,0.0094072837382555,0.05168123543262482,0.02141602523624897,0.07203179597854614,0.05792367458343506,0.0,0.0,0.0,0.0,0.0,0.00630192831158638,0.02376713976264,0.012176772579550743,0.06362345814704895,0.0,0.0,0.0,0.0,7.303641177713871e-05,0.016680898144841194,0.01429542526602745,0.013018349185585976,0.036445215344429016,0.0015769315650686622,0.0,7.303641177713871e-05,0.0,0.00411367230117321,0.023252706974744797,0.014621812850236893,0.017738191410899162,0.011638225987553596,0.016743065789341927,0.0032098018564283848,0.0045438543893396854,0.014840930700302124,0.0034077507443726063,7.303641177713871e-05,7.303641177713871e-05,0.009976747445762157,0.010065184906125069,0.000549713266082108,0.009778615087270737,0.008896686136722565,0.04371160641312599,0.02707100659608841,0.0014189647044986486,0.0016784108011052012,0.004983453080058098,0.08949422836303711,0.010412788949906826,0.008644756861031055,0.06433945894241333,0.06512094289064407,0.02949151024222374,0.0006748070591129363,0.009855298325419426,0.030042894184589386,0.006530337501317263,0.003632020205259323,0.0,0.031063493341207504,0.020912302657961845,0.04423767328262329,0.006425956729799509,0.019631126895546913,0.04941559210419655,0.003827481996268034,0.007384817115962505,0.0,0.0,0.01613161340355873,0.050456076860427856,0.01281635370105505,0.008123078383505344,0.04208245873451233,0.005143588408827782,0.0,0.0,0.0,0.00024183548521250486,0.038073956966400146,0.011705050244927406,0.0,0.02017725259065628,0.008453987538814545,0.0,0.0,0.0,0.01891297660768032,0.01993275061249733,0.0035209935158491135,0.0,0.0,0.0,0.0,0.0,0.0,0.004711277782917023,0.0,0.0,0.0,0.0,0.0,0.0
2025-08-22,0.0,3.944127092836425e-05,0.002861189190298319,0.0,0.01400759071111679,0.00786627922207117,0.010024353861808777,0.0,0.0,0.0,0.0,0.0017274474957957864,0.016020100563764572,0.1417071521282196,0.23864182829856873,3.944127092836425e-05,0.0,0.0,0.0,0.01166000310331583,0.02039763703942299,0.03229820355772972,0.038086917251348495,0.04415816813707352,3.944127092836425e-05,0.0,0.0,0.0,0.014833459630608559,0.015852537006139755,0.03406022489070892,0.05291258543729782,0.07755304872989655,0.013047914952039719,0.0028871227987110615,0.0,0.0,0.001001584343612194,0.000210132566280663,0.005117925349622965,0.06678394973278046,0.030553430318832397,0.05843644589185715,0.054522693157196045,0.0,0.0,0.0,0.0,0.0,0.006154177710413933,0.021717803552746773,0.01771724782884121,0.052843451499938965,0.0,0.0,0.0,0.0,3.944127092836425e-05,0.004407974891364574,0.01345104444772005,0.01054989080876112,0.03629385679960251,0.0015091508394107223,0.0,3.944127092836425e-05,0.0,0.002214824315160513,0.023166626691818237,0.02273620292544365,0.015565956942737103,0.01369839534163475,0.00888611376285553,0.00367163959890604,0.0047766780480742455,0.008756621740758419,0.004750425461679697,3.944127092836425e-05,3.944127092836425e-05,0.015074755996465683,0.006338293664157391,0.0004759586008731276,0.009387064725160599,0.008944949135184288,0.043337203562259674,0.01857641711831093,0.0011072263587266207,0.003091449150815606,0.00387600832618773,0.09843455255031586,0.01074792630970478,0.015967991203069687,0.08450920879840851,0.04397270083427429,0.03813060373067856,6.408756598830223e-05,0.018889715895056725,0.022800395265221596,0.010548671707510948,0.00886492058634758,0.0,0.042585231363773346,0.021802982315421104,0.03134184703230858,0.009386688470840454,0.009015444666147232,0.04147201403975487,0.002147385384887457,0.0034164024982601404,0.0,0.0,0.015544243156909943,0.04035307839512825,0.01812177337706089,0.018805276602506638,0.046517398208379745,0.0051727257668972015,0.0,0.0,0.0,0.0019454427529126406,0.029293972998857498,0.01790263131260872,0.0,0.010164793580770493,0.007988100871443748,0.0,0.0,0.0,0.017763959243893623,0.012967804446816444,0.004680149257183075,0.0,0.0,0.0,0.0,0.0,0.0,0.0051088822074234486,0.0,0.0,0.0,0.0,0.0,0.0
2025-08-23,0.0,5.6084059906424955e-05,0.0014233889523893595,0.0,0.01772429421544075,0.013947192579507828,0.0042158691212534904,0.0,0.0,0.0,0.0,0.0015033441595733166,0.012328630313277245,0.13590607047080994,0.2236424684524536,5.6084059906424955e-05,0.0,0.0,0.0,0.010528337210416794,0.02302604913711548,0.032344747334718704,0.03896249830722809,0.049099091440439224,5.6084059906424955e-05,0.0,0.0,0.0,0.007851891219615936,0.010506987571716309,0.03580793738365173,0.05933185666799545,0.07391251623630524,0.025812167674303055,0.0030068038031458855,0.0,0.0,0.0,0.001620170776732266,0.004140219651162624,0.08619031310081482,0.042508743703365326,0.047106966376304626,0.04276428371667862,0.0,0.0,0.0,0.0,0.0,0.0048514422960579395,0.021828413009643555,0.013175534084439278,0.08865626156330109,0.0,0.0,0.0,0.0,5.6084059906424955e-05,0.005022062454372644,0.026504933834075928,0.011027896776795387,0.041744355112314224,0.0016377470456063747,0.0,5.6084059906424955e-05,0.0,0.004416749347001314,0.04091695696115494,0.04431600123643875,0.022387878969311714,0.011246266774833202,0.007386216893792152,0.017683494836091995,0.004505113698542118,0.006821754388511181,0.010672733187675476,5.6084059906424955e-05,5.6084059906424955e-05,0.026597047224640846,0.007416512817144394,0.0004274080856703222,0.017496278509497643,0.00891917198896408,0.033996712416410446,0.02230224758386612,0.0,0.007412157952785492,0.004479642957448959,0.09749681502580643,0.02331797033548355,0.00948770809918642,0.07869811356067657,0.05912289768457413,0.027946796268224716,0.0010607065632939339,0.015130721032619476,0.03179970011115074,0.009603030048310757,0.013452166691422462,0.0,0.040791504085063934,0.022465305402874947,0.02077305316925049,0.011398674920201302,0.003405659692361951,0.03590353950858116,0.0030131516978144646,0.004572800360620022,0.0,0.0,0.020243778824806213,0.03653472289443016,0.02164370007812977,0.04189879447221756,0.04165549576282501,0.0032662402372807264,0.0,0.0,0.0,0.0065137953497469425,0.03773318976163864,0.015786563977599144,0.005385196767747402,0.008650913834571838,0.004137189127504826,0.0,0.0,0.0,0.013830773532390594,0.00839781854301691,0.006541152484714985,0.0,0.0,0.0,0.0,0.0,0.0,0.008080014027655125,0.0,0.0,0.0,0.0,0.0,0.0
2025-08-24,0.0,6.495449633803219e-05,0.0009012598893605173,0.0,0.019293280318379402,0.009456833824515343,0.008732905611395836,0.0,0.0,0.0,0.0,0.0012799035757780075,0.011112195439636707,0.144947350025177,0.2165980041027069,6.495449633803219e-05,0.0,0.0,0.0,0.00553117785602808,0.03493892028927803,0.01933377794921398,0.024388695135712624,0.04083364084362984,6.495449633803219e-05,0.0,0.0,0.0,0.014510039240121841,0.011145409196615219,0.027449972927570343,0.04712161049246788,0.06577325612306595,0.008940494619309902,0.004839717410504818,0.0,0.0,0.0008071403135545552,0.0016314497916027904,0.003553174203261733,0.07085464894771576,0.023738287389278412,0.058465033769607544,0.04889262840151787,0.0,0.0,0.0,0.0,0.0,0.0026398824993520975,0.015854518860578537,0.01790948398411274,0.09137361496686935,0.0,0.0,0.0,0.0,6.495449633803219e-05,0.012087568640708923,0.018022004514932632,0.01570494845509529,0.030532818287611008,0.001840284327045083,0.0,6.495449633803219e-05,0.0,0.01338499691337347,0.023793067783117294,0.047589562833309174,0.01460494939237833,0.017567552626132965,0.011698128655552864,0.01211053691804409,0.004420073702931404,0.014156038872897625,0.005067726597189903,6.495449633803219e-05,6.495449633803219e-05,0.026392294093966484,0.016364702954888344,0.0,0.02332489565014839,0.01089464407414198,0.04514821246266365,0.01999305561184883,0.0011105614248663187,0.019669093191623688,0.006102720741182566,0.0971473753452301,0.016724728047847748,0.008621255867183208,0.07566380500793457,0.06650769710540771,0.040946513414382935,0.003443405730649829,0.019772537052631378,0.026147134602069855,0.009722784161567688,0.008405361324548721,0.0,0.026623964309692383,0.03556910529732704,0.033708326518535614,0.013313256204128265,0.002731060842052102,0.02459225058555603,0.010646654292941093,0.005582462064921856,0.0,0.0,0.027548883110284805,0.024587877094745636,0.008856036700308323,0.03124096989631653,0.029864231124520302,0.0032396656461060047,0.0,0.0,0.0,0.01445463951677084,0.04093359783291817,0.007292349822819233,0.015283741056919098,0.008492415770888329,0.00659572146832943,0.0,0.0,0.0,0.005564151797443628,0.01685449108481407,0.011769675649702549,0.0,0.0,0.0,0.0,0.0,0.0,0.0027874403167515993,0.0,0.0,0.0,0.0,0.0,0.0
2025-08-25,0.0,5.831602538819425e-05,0.0004672729119192809,0.0,0.018998682498931885,0.008075387217104435,0.005360851064324379,0.0,0.0,0.0,0.0,0.001071882783435285,0.013384882360696793,0.13371360301971436,0.21006593108177185,5.831602538819425e-05,0.0,0.0,0.0,0.004514690954238176,0.026016615331172943,0.03432231396436691,0.018853209912776947,0.05883383750915527,5.831602538819425e-05,0.0,0.0,0.0,0.01217059325426817,0.015361128374934196,0.01724841073155403,0.040482353419065475,0.06870297342538834,0.010080472566187382,0.0025779176503419876,0.0,0.0,0.0010296751279383898,0.0011752257123589516,0.0037183419335633516,0.06659319251775742,0.018560562282800674,0.08876548707485199,0.05745673179626465,0.0,0.0,0.0,0.0,0.0,0.009047582745552063,0.025513287633657455,0.005028322339057922,0.05032415688037872,0.0,0.0,0.0,0.0,5.831602538819425e-05,0.008666398003697395,0.01815824583172798,0.012961747124791145,0.018196646124124527,0.0018031341023743153,0.0,5.831602538819425e-05,0.0,0.004687436390668154,0.01868349127471447,0.04997890815138817,0.020719775930047035,0.008020106703042984,0.010053260251879692,0.004581722430884838,0.0028893989510834217,0.003934921696782112,0.0038488972932100296,5.831602538819425e-05,5.831602538819425e-05,0.011667905375361443,0.021184880286455154,0.0007158573716878891,0.020426496863365173,0.01750114932656288,0.023470120504498482,0.015608420595526695,0.0012251428561285138,0.0206920113414526,0.004824917763471603,0.1064707562327385,0.007030424661934376,0.011120200157165527,0.07123618572950363,0.03902052715420723,0.04305846989154816,0.007901905104517937,0.03445616737008095,0.029949134215712547,0.009850620292127132,0.005583289545029402,0.0,0.015488915145397186,0.03334274888038635,0.03455200791358948,0.025748733431100845,0.0010702512226998806,0.02866632491350174,0.0017435336485505104,0.0062631419859826565,0.0,0.0,0.019697140902280807,0.024137645959854126,0.013427154161036015,0.01893092319369316,0.049370698630809784,0.0037942640483379364,0.0,0.0,0.0,0.006662637460976839,0.05538172274827957,0.008631204254925251,0.012251269072294235,0.0073846071027219296,0.005965268239378929,0.0,0.0,0.0,0.004325075075030327,0.010802336037158966,0.005912791006267071,0.0,0.0,0.0,0.0,0.0,0.0,0.0025269491598010063,0.0,0.0,0.0,0.0,0.0,0.0
2025-08-26,0.0,6.108265370130539e-05,0.00033070045174099505,0.0,0.01884404569864273,0.0072891730815172195,0.00476314639672637,0.0,0.0,0.0,0.0,0.0015488509088754654,0.021112877875566483,0.10641904175281525,0.24123027920722961,6.108265370130539e-05,0.0,0.0,0.0,0.006453881040215492,0.02311723679304123,0.04606359452009201,0.014286939986050129,0.05028636008501053,6.108265370130539e-05,0.0,0.0,0.0,0.01918318308889866,0.026850078254938126,0.01971055567264557,0.04084980487823486,0.06341603398323059,0.010733450762927532,0.0022323429584503174,0.0,0.0,0.0010167572181671858,0.0010582562536001205,0.0056097134947776794,0.06059887632727623,0.024637190625071526,0.0838097333908081,0.0623493418097496,0.0,0.0,0.0,0.0,0.0,0.0065064881928265095,0.03179334104061127,0.0008644063491374254,0.05076073482632637,0.0,0.0,0.0,0.0,6.108265370130539e-05,0.0065027326345443726,0.020607344806194305,0.007249016314744949,0.01866736076772213,0.0022905259393155575,0.0,6.108265370130539e-05,0.0,0.0030903108417987823,0.007965270429849625,0.029309745877981186,0.03127124160528183,0.008520354516804218,0.005886431317776442,0.004034250508993864,0.001400088774971664,0.0040828571654856205,0.0037310542538762093,6.108265370130539e-05,6.108265370130539e-05,0.004739658907055855,0.024979334324598312,0.0011678138980641961,0.028388630598783493,0.007943210192024708,0.018157288432121277,0.02169574424624443,0.0011502942070364952,0.009869372472167015,0.0024503793101757765,0.07102259993553162,0.01341559924185276,0.019117893651127815,0.10108132660388947,0.04575997591018677,0.03230651840567589,0.015944430604577065,0.04737841710448265,0.025457628071308136,0.009988047182559967,0.005836148746311665,0.0,0.024586297571659088,0.039335452020168304,0.04079965502023697,0.020606914535164833,0.007092267274856567,0.011146649718284607,0.003617402631789446,0.004492764361202717,0.0,0.0,0.018216611817479134,0.04253847897052765,0.011883464641869068,0.008933667093515396,0.04399421066045761,0.0037987600080668926,0.0,0.0,0.0,0.0021241712383925915,0.0439123809337616,0.01883019134402275,0.014946309849619865,0.008433038368821144,0.007536889053881168,0.0,0.0,0.0,0.0033033175859600306,0.009830850176513195,0.005202116910368204,0.0,0.0,0.0,0.0,0.0,0.0,0.002003982663154602,0.0,0.0,0.0,0.0,0.0,0.0
2025-08-27,0.0,8.299516048282385e-05,0.0004975768970325589,0.0,0.016047857701778412,0.006008053198456764,0.0071786921471357346,0.0,0.0,0.0,0.0,0.004050860181450844,0.01170408446341753,0.10756880044937134,0.21845859289169312,8.299516048282385e-05,0.0,0.0,0.0,0.004508778918534517,0.0355587899684906,0.03754086047410965,0.020193051546812057,0.044157154858112335,8.299516048282385e-05,0.0,0.0,0.0,0.021592862904071808,0.012077489867806435,0.0442170575261116,0.04127483069896698,0.0508364774286747,0.012768670916557312,0.003282929304987192,0.0,0.0,0.000893979100510478,0.0012176287127658725,0.012853560037910938,0.05841921269893646,0.03747588023543358,0.09281839430332184,0.05463337153196335,0.0,0.0,0.0,0.0,0.0,0.006359950639307499,0.015264017507433891,0.003912061452865601,0.08448899537324905,0.0,0.0,0.0,0.0,8.299516048282385e-05,0.007643827237188816,0.028654616326093674,0.0054518068209290504,0.0195725467056036,0.006946055218577385,0.0,8.299516048282385e-05,0.0,0.0031377258710563183,0.006122659891843796,0.0274629108607769,0.03249190375208855,0.011086040176451206,0.006664183456450701,0.003917314112186432,0.002309109317138791,0.007915625348687172,0.00426422618329525,8.299516048282385e-05,8.299516048282385e-05,0.004973569884896278,0.013818134553730488,0.001124461297877133,0.0126396045088768,0.005751755554229021,0.027897853404283524,0.015125369653105736,0.0013015980366617441,0.005020493175834417,0.0034613150637596846,0.06638415902853012,0.004620657302439213,0.019021423533558846,0.0803162008523941,0.03903799131512642,0.02585550770163536,0.008113330230116844,0.021364454180002213,0.02667328715324402,0.016931818798184395,0.010543853975832462,0.0,0.03154301643371582,0.03616632521152496,0.04721905663609505,0.017250029370188713,0.01597081497311592,0.005635092966258526,0.0018833281937986612,0.004044226370751858,0.0,0.0,0.020928096026182175,0.0319618284702301,0.011262079700827599,0.0069514368660748005,0.03693802282214165,0.0024927430786192417,0.0,0.0,0.0,0.0,0.055373623967170715,0.00904057826846838,0.005072580650448799,0.0169658325612545,0.005488418973982334,0.0,0.0,0.0,0.0031859567388892174,0.013931327499449253,0.0038872193545103073,0.0,0.0,0.0,0.0,0.0,0.0,0.00764031708240509,0.0,0.0,0.0,0.0,0.0,0.0
2025-08-28,0.0,8.144028834067285e-05,0.0006844172021374106,0.0,0.01916094869375229,0.01300505455583334,0.010384595021605492,0.0,0.0,0.0,0.0,0.002608504146337509,0.016944821923971176,0.12785840034484863,0.17974847555160522,8.144028834067285e-05,0.0,0.0,0.0,0.005392144434154034,0.020305020734667778,0.02726435288786888,0.024837154895067215,0.0515536293387413,8.144028834067285e-05,0.0,0.0,0.0,0.01931527629494667,0.006655307020992041,0.05393154174089432,0.04751918837428093,0.04901015758514404,0.013490051031112671,0.002897917293012142,0.0,0.0,0.0008562162984162569,0.0012789020547643304,0.01150753628462553,0.048129841685295105,0.02234918624162674,0.07497787475585938,0.03720316290855408,0.0,0.0,0.0,0.0,0.0,0.005538752768188715,0.013393751345574856,0.004394738934934139,0.054702240973711014,0.0,0.0,0.0,0.0,8.144028834067285e-05,0.007967561483383179,0.020332064479589462,0.004930242896080017,0.025386635214090347,0.0023929160088300705,0.0,8.144028834067285e-05,0.0,0.0045741163194179535,0.008496004156768322,0.028596874326467514,0.022196434438228607,0.01048214640468359,0.00815071351826191,0.004841136280447245,0.0111943818628788,0.007491903379559517,0.007143689785152674,8.144028834067285e-05,8.144028834067285e-05,0.015389800071716309,0.007984722033143044,0.0009035964030772448,0.014187130145728588,0.006047836039215326,0.04450453817844391,0.015789855271577835,0.0011229398660361767,0.002852630103006959,0.002678508870303631,0.08396465331315994,0.003978845663368702,0.008435939438641071,0.07206951826810837,0.02850508689880371,0.040636979043483734,0.0037133092992007732,0.010259046219289303,0.03087618574500084,0.011032678186893463,0.019570328295230865,0.0,0.02582196146249771,0.022233426570892334,0.04301059618592262,0.026480697095394135,0.010652098804712296,0.011886464431881905,0.009956421330571175,0.0048281606286764145,0.0,0.0,0.019794797524809837,0.043886199593544006,0.01143430732190609,0.018515292555093765,0.018403664231300354,0.0033486387692391872,0.0,0.0,0.0,0.0,0.060923777520656586,0.008701572194695473,0.0,0.008000906556844711,0.013118326663970947,0.0,0.0,0.0,0.0027407309971749783,0.021205447614192963,0.0015959565062075853,0.0,0.0,0.0,0.0,0.0,0.0,0.0036858045496046543,0.0,0.0,0.0,0.0,0.0,0.0
2025-08-29,0.0,9.325908467872068e-05,0.0006490494124591351,0.0,0.022117264568805695,0.0076467739418148994,0.008277780376374722,0.0,0.0,0.0,0.0,0.0056470041163265705,0.018235474824905396,0.11656606942415237,0.17849890887737274,9.325908467872068e-05,0.0,0.0,0.0,0.00276927906088531,0.017081625759601593,0.03226836770772934,0.02513405866920948,0.04349994659423828,9.325908467872068e-05,0.0,0.0,0.0,0.012987721711397171,0.0024046143516898155,0.04249715805053711,0.0658988505601883,0.05382850766181946,0.01643805392086506,0.003302173223346472,0.0,0.0,0.0006638691411353648,0.0016902830684557557,0.007787697482854128,0.037383727729320526,0.03296681493520737,0.05514746904373169,0.03354393690824509,0.0,0.0,0.0,0.0,0.0,0.00422724848613143,0.023504942655563354,0.004926621913909912,0.04527469351887703,0.0,0.0,0.0,0.0,9.325908467872068e-05,0.011350156739354134,0.018658222630620003,0.004926313180476427,0.031200077384710312,0.0018186417873948812,0.0,9.325908467872068e-05,0.0,0.005796424578875303,0.012225966900587082,0.027178753167390823,0.020412620157003403,0.01576092094182968,0.006639829836785793,0.005938238464295864,0.00857987068593502,0.004542003385722637,0.004025587812066078,9.325908467872068e-05,9.325908467872068e-05,0.008378167636692524,0.01028541848063469,0.0008302071946673095,0.013861222192645073,0.006808629259467125,0.04143147170543671,0.023212097585201263,0.0007106657139956951,0.002346772700548172,0.0019096911419183016,0.11262683570384979,0.004770107567310333,0.008964513428509235,0.10132672637701035,0.025487780570983887,0.030597995966672897,0.0,0.006725780665874481,0.03094607964158058,0.013507140800356865,0.022054266184568405,0.0,0.022595470771193504,0.024189947172999382,0.031103329733014107,0.031534697860479355,0.004756262060254812,0.02464510127902031,0.0034075849689543247,0.004250502213835716,0.0,0.0,0.017204057425260544,0.05556041747331619,0.015641260892152786,0.007558141835033894,0.014077198691666126,0.015466531738638878,0.0,0.0,0.0,0.0,0.05590377002954483,0.01158556155860424,0.0,0.010497459210455418,0.008137981407344341,0.0,0.0,0.0,0.00196568900719285,0.02291734702885151,0.0034720224794000387,0.0,0.0,0.0,0.0,0.0,0.0,0.003952573519200087,0.0,0.0,0.0,0.0,0.0,0.0
2025-08-30,0.0,5.1796072511933744e-05,0.00119370489846915,0.0,0.018980927765369415,0.005714905448257923,0.01009812206029892,0.0,0.0,0.0,0.0,0.0017275619320571423,0.017553668469190598,0.11842645704746246,0.19212856888771057,5.1796072511933744e-05,0.0,0.0,0.0,0.003179166465997696,0.020306255668401718,0.02654602937400341,0.024683816358447075,0.041384123265743256,5.1796072511933744e-05,0.0,0.0,0.0,0.011635817587375641,0.004769185092300177,0.03158998861908913,0.05573701113462448,0.0651865229010582,0.020265430212020874,0.0020559451077133417,0.0,0.0,0.0013083007652312517,0.006033548153936863,0.004617974162101746,0.03771192207932472,0.035312384366989136,0.05868851765990257,0.040062032639980316,0.0,0.0,0.0,0.0,0.0,0.012350473552942276,0.019360460340976715,0.005906516686081886,0.06528674066066742,0.0,0.0,0.0,0.0,5.1796072511933744e-05,0.006461160723119974,0.019450264051556587,0.00425164308398962,0.0238028671592474,0.0014478208031505346,0.0,5.1796072511933744e-05,0.0,0.004697004333138466,0.01962972804903984,0.019811227917671204,0.012437216937541962,0.01987277902662754,0.0054951929487288,0.009759839624166489,0.006337089464068413,0.0036710097920149565,0.0022865161299705505,5.1796072511933744e-05,5.1796072511933744e-05,0.0039437757804989815,0.010287520475685596,0.0,0.019201653078198433,0.005952507723122835,0.03176246955990791,0.017079582437872887,0.0006486817728728056,0.002071153372526169,0.0029223517049103975,0.12846827507019043,0.010722316801548004,0.00827411375939846,0.09535940736532211,0.03425334393978119,0.023426061496138573,8.59543215483427e-05,0.023291416466236115,0.034828923642635345,0.011694669723510742,0.009168557822704315,0.0,0.02882727049291134,0.022956380620598793,0.019418831914663315,0.013385068625211716,0.001926402561366558,0.020728258416056633,0.0027050196658819914,0.003448582487180829,0.0,0.0,0.0194843839854002,0.05929730087518692,0.007199876941740513,0.0029730512760579586,0.025409480556845665,0.007447580341249704,0.0,0.0,0.0,0.0,0.07398019731044769,0.010968812741339207,0.0,0.006888211704790592,0.0073775420896708965,0.0,0.0,0.0,0.0036903643049299717,0.009285041131079197,0.0019080815836787224,0.0,0.0,0.0,0.0,0.0,0.0,0.0028775788377970457,0.0,0.0,0.0,0.0,0.0,0.0
2025-08-31,0.0,6.371346535161138e-05,0.0014248196966946125,0.0,0.022498540580272675,0.004817991983145475,0.006836137734353542,0.0,0.0,0.0,0.0,0.0012717533390969038,0.010774988681077957,0.13944268226623535,0.19844815135002136,6.371346535161138e-05,0.0,0.0,0.0,0.007019413635134697,0.018755372613668442,0.027468910440802574,0.03125595301389694,0.03677603602409363,6.371346535161138e-05,0.0,0.0,0.0,0.021385107189416885,0.008532067760825157,0.023267852142453194,0.04569029062986374,0.043416187167167664,0.021068722009658813,0.0024291728623211384,0.0,0.0,0.00614618556573987,0.0010858294554054737,0.004593027755618095,0.03182829171419144,0.03556905314326286,0.07042665034532547,0.02947394549846649,0.0,0.0,0.0,0.0,0.0,0.004751516040414572,0.011979975737631321,0.006056619808077812,0.048778217285871506,0.0,0.0,0.0,0.0,6.371346535161138e-05,0.004323442466557026,0.017080416902899742,0.005437775980681181,0.02908923290669918,0.0012880644062533975,0.0,6.371346535161138e-05,0.0,0.0046906438656151295,0.006405660882592201,0.008714888244867325,0.009564854204654694,0.013837920501828194,0.005923256743699312,0.01228342391550541,0.005199773702770472,0.024114955216646194,0.001987394643947482,6.371346535161138e-05,6.371346535161138e-05,0.0048174732364714146,0.01415073312819004,0.0,0.015054848976433277,0.005840111989527941,0.05145714432001114,0.02056065946817398,0.004853735212236643,0.0025173076428472996,0.0006384409498423338,0.08744306117296219,0.004266148433089256,0.007287691347301006,0.08392970263957977,0.04263417050242424,0.025081155821681023,0.0004842015914618969,0.014064343646168709,0.04589712619781494,0.015659654513001442,0.0063808080740273,0.0,0.04283410310745239,0.025098925456404686,0.022671066224575043,0.00559639697894454,0.002158878371119499,0.02685684710741043,0.004053839482367039,0.0027791799511760473,0.0,0.0,0.036717262119054794,0.03856320679187775,0.010723574087023735,0.0026559284888207912,0.03687019646167755,0.0037954645231366158,0.0,0.0,0.0,0.0,0.05988984927535057,0.01977594569325447,0.0,0.00704236002638936,0.006927113048732281,0.0,0.0,0.0,0.007304859347641468,0.005782331805676222,0.003294206690043211,0.0,0.0,0.0,0.0,0.0,0.0,0.004183744080364704,0.0,0.0,0.0,0.0,0.0,0.0
2025-09-01,0.0,7.579327211715281e-05,0.001472048694267869,0.0,0.0286814346909523,0.004659332800656557,0.010141587816178799,0.0,0.0,0.0,0.0,0.0013104162644594908,0.009670725092291832,0.14017602801322937,0.20272883772850037,7.579327211715281e-05,0.0,0.0,0.0,0.002695964416489005,0.02466515637934208,0.04125886783003807,0.028147155418992043,0.036445654928684235,7.579327211715281e-05,0.0,0.0,0.0,0.009282129816710949,0.025546595454216003,0.021483946591615677,0.046415142714977264,0.05178471654653549,0.023601844906806946,0.004871020559221506,0.0,0.0,0.001611426007002592,0.0,0.004604650661349297,0.022478729486465454,0.027925873175263405,0.07696500420570374,0.031562596559524536,0.0,0.0,0.0,0.0,0.0,0.011302636936306953,0.014219623990356922,0.008163229562342167,0.04582555219531059,0.0,0.0,0.0,0.0,7.579327211715281e-05,0.004938843194395304,0.024441635236144066,0.018829315900802612,0.038595400750637054,0.0010985062690451741,0.0,7.579327211715281e-05,0.0,0.0049656969495117664,0.006571904756128788,0.007323327474296093,0.018649782985448837,0.02030342072248459,0.0071844011545181274,0.006880740635097027,0.005104218143969774,0.003825281048193574,0.002072615083307028,7.579327211715281e-05,7.579327211715281e-05,0.014439316466450691,0.01117285992950201,0.004742009099572897,0.0057616145350039005,0.012114118784666061,0.04900965467095375,0.010939575731754303,0.000382217054720968,0.0007125840056687593,0.0,0.0849054679274559,0.008207997307181358,0.0073507181368768215,0.08965522795915604,0.039833106100559235,0.03750649839639664,0.0010349013609811664,0.004228538833558559,0.03689936548471451,0.008466754108667374,0.004198709037154913,0.0,0.03486181050539017,0.03262186422944069,0.02400682494044304,0.00521799735724926,0.006495736539363861,0.026719141751527786,0.00459950091317296,0.002545639406889677,0.0,0.0,0.0350470133125782,0.038342978805303574,0.018811456859111786,0.0036284797824919224,0.026232654228806496,0.005124764982610941,0.0,0.0,0.0,0.0,0.05087970942258835,0.014774486422538757,0.0,0.008397271856665611,0.013456704095005989,0.0,0.0,0.0,0.01188075914978981,0.007931549102067947,0.0034912978298962116,0.0,0.0,0.0,0.0,0.0,0.0,0.003667393932119012,0.0,0.0,0.0,0.0,0.0,0.0
2025-09-02,0.0,9.931691602105275e-05,0.001435746904462576,0.0,0.022742019966244698,0.0046978909522295,0.004913723096251488,0.0,0.0,0.0,0.0,0.0015412208158522844,0.018536215648055077,0.12219013273715973,0.21515727043151855,9.931691602105275e-05,0.0,0.0,0.0,0.003758255857974291,0.026531275361776352,0.02894948609173298,0.024663809686899185,0.02582005225121975,9.931691602105275e-05,0.0,0.0,0.0,0.009803091175854206,0.025502964854240417,0.01580130122601986,0.04544205591082573,0.05191946029663086,0.010016150772571564,0.0004174687201157212,0.0,0.0,0.0009230028372257948,0.0,0.0050340984016656876,0.03982160985469818,0.02595917321741581,0.08448946475982666,0.03835539147257805,0.0,0.0,0.0,0.0,0.0,0.008517002686858177,0.019693735986948013,0.01324925385415554,0.0592360645532608,0.0,0.0,0.0,0.0,9.931691602105275e-05,0.006573446094989777,0.021273212507367134,0.010552765801548958,0.043799348175525665,0.0010386314243078232,0.0,9.931691602105275e-05,0.0,0.004733910784125328,0.019436897709965706,0.014465603046119213,0.01629452407360077,0.022649068385362625,0.006472203880548477,0.00621912581846118,0.005168207921087742,0.0015131353866308928,0.002140307566151023,9.931691602105275e-05,9.931691602105275e-05,0.005081648007035255,0.01060950756072998,2.399127697572112e-05,0.004338790196925402,0.010098973289132118,0.033981483429670334,0.01169294212013483,0.0003438471758272499,0.0017875026678666472,0.005089411046355963,0.10315538942813873,0.007046392187476158,0.01759789139032364,0.07295875251293182,0.055187471210956573,0.024296414107084274,0.00030540383886545897,0.003109447658061981,0.019541557878255844,0.009792448952794075,0.004369177855551243,0.0,0.01859169453382492,0.01857035607099533,0.020554518327116966,0.00622935313731432,0.01898006722331047,0.02808002009987831,0.004052960779517889,0.004544875584542751,0.0,0.0,0.0389806367456913,0.04860629886388779,0.010517957620322704,0.01072942465543747,0.024425121024250984,0.005430732853710651,0.0,0.0,0.0,0.0,0.07525262236595154,0.017029229551553726,0.0,0.009391102939844131,0.006478182040154934,0.0,0.0,0.0,0.007736901752650738,0.011430432088673115,0.007064176723361015,0.0,0.0,0.0,0.0,0.0,0.0,0.0032074633054435253,0.0,0.0,0.0,0.0,0.0,0.0
2025-09-03,0.0,0.00010302136797690764,0.001289744395762682,0.0,0.014390717260539532,0.006186484359204769,0.006418460980057716,0.0,0.0,0.0,0.0,0.00269723916426301,0.013579651713371277,0.13142912089824677,0.2192101776599884,0.00010302136797690764,0.0,0.0,0.0,0.008067488670349121,0.024073617532849312,0.018155531957745552,0.02921827882528305,0.040152665227651596,0.00010302136797690764,0.0,0.0,0.0,0.016819287091493607,0.02546287328004837,0.028970684856176376,0.03601348400115967,0.04842745512723923,0.007627409882843494,0.002137867733836174,0.0,0.0,0.0006235917680896819,0.0007116945926100016,0.005140971392393112,0.05524031072854996,0.020190497860312462,0.08674412965774536,0.032861582934856415,0.0,0.0,0.0,0.0,0.0,0.008103583939373493,0.023012887686491013,0.015205202624201775,0.04226028174161911,0.0,0.0,0.0,0.0,0.00010302136797690764,0.00435630651190877,0.014122134074568748,0.005378261208534241,0.04429646208882332,0.001016109948977828,0.0,0.00010302136797690764,0.0,0.005606095772236586,0.02743307314813137,0.017459508031606674,0.011015448719263077,0.016035759821534157,0.007391668856143951,0.007396189030259848,0.005958389025181532,0.006460019387304783,0.002836458384990692,0.00010302136797690764,0.00010302136797690764,0.005134278442710638,0.00861299131065607,0.0,0.010226820595562458,0.010869959369301796,0.0358135886490345,0.01798742264509201,0.0008439933299086988,0.013161380775272846,0.013706846162676811,0.08937367796897888,0.008002500981092453,0.005571539513766766,0.08141059428453445,0.06536988914012909,0.020779727026820183,0.0,0.006015387363731861,0.015679914504289627,0.026305705308914185,0.0049210237339138985,0.0,0.019337212666869164,0.019686372950673103,0.02365967445075512,0.0093791289255023,0.01397659070789814,0.025042660534381866,0.004470900632441044,0.010644310154020786,0.0,0.0,0.04165894165635109,0.034177880734205246,0.009055610746145248,0.008852706290781498,0.035860054194927216,0.004720525816082954,0.0,0.0,0.0,4.454469308257103e-05,0.061296574771404266,0.007700717076659203,0.0,0.008498325943946838,0.007080000825226307,0.0,0.0,0.0,0.004757165443152189,0.012121669948101044,0.0035043377429246902,0.0,0.0,0.0,0.0,0.0,0.0,0.004055758938193321,0.0,0.0,0.0,0.0,0.0,0.0
2025-09-04,0.0,0.00010100736108142883,0.0007987393764778972,0.0,0.023508552461862564,0.010446029715240002,0.006558614782989025,0.0,0.0,0.0,0.0,0.005933037959039211,0.02558199316263199,0.13143667578697205,0.21534885466098785,0.00010100736108142883,0.0,0.0,0.0,0.004472373053431511,0.03550279140472412,0.01675441302359104,0.031503599137067795,0.04311394691467285,0.00010100736108142883,0.0,0.0,0.0,0.017091210931539536,0.016860734671354294,0.026595620438456535,0.05077109858393669,0.054503604769706726,0.004991120658814907,0.014006447046995163,0.0,0.0,0.0004994117771275342,0.004586649127304554,0.003948310390114784,0.059695251286029816,0.02073029801249504,0.06286773830652237,0.047540515661239624,0.0,0.0,0.0,0.0,0.0,0.014421533793210983,0.016087794676423073,0.004891715012490749,0.04202966392040253,0.0,0.0,0.0,0.0,0.00010100736108142883,0.003975119907408953,0.014136627316474915,0.004982834681868553,0.030922938138246536,0.0017873594770208001,0.0,0.00010100736108142883,0.0,0.010865804739296436,0.026919735595583916,0.014617443084716797,0.02111809328198433,0.015447396785020828,0.008325474336743355,0.0118709122762084,0.006215467117726803,0.007060882169753313,0.0027029337361454964,0.00010100736108142883,0.00010100736108142883,0.007907126098871231,0.009023685939610004,0.0007681212155148387,0.03289350867271423,0.012982341460883617,0.032101813703775406,0.01755434460937977,0.0011123918229714036,0.002220391295850277,0.011221306398510933,0.07632284611463547,0.004289722535759211,0.005162940826267004,0.07782559096813202,0.06662654876708984,0.03840629756450653,0.0,0.008761276490986347,0.018179362639784813,0.013575231656432152,0.005942440126091242,0.0,0.022540532052516937,0.021978193894028664,0.02328314073383808,0.018934063613414764,0.014699416235089302,0.0184120312333107,0.003669656114652753,0.010175827890634537,0.0,0.0,0.037321265786886215,0.03697320818901062,0.010510671883821487,0.01061792578548193,0.038699306547641754,0.0035095447674393654,0.0,0.0,0.0,0.0022267724853008986,0.06044241413474083,0.00950638111680746,0.0005977472756057978,0.009035313501954079,0.015470851212739944,0.0,0.0,0.0,0.0028061391785740852,0.010923758149147034,0.0033322866074740887,0.0,0.0,0.0,0.0,0.0,0.0,0.004826257470995188,0.0,0.0,0.0,0.0,0.0,0.0
2025-09-05,0.0,8.97096106200479e-05,0.000980573007836938,0.0,0.015213411301374435,0.007424958050251007,0.0066492315381765366,0.0,0.0,0.0,0.0,0.002665850566700101,0.02419329062104225,0.11813529580831528,0.22098955512046814,8.97096106200479e-05,0.0,0.0,0.0,0.006289214827120304,0.02918238937854767,0.016596386209130287,0.03459629788994789,0.05005250871181488,8.97096106200479e-05,0.0,0.0,0.0,0.014627756550908089,0.008693301118910313,0.02784084342420101,0.04118531942367554,0.06701159477233887,0.008418943732976913,0.0031667440198361874,0.0,0.0,0.0007045616512186825,0.012553171254694462,0.005187013186514378,0.05465107411146164,0.020929820835590363,0.061348315328359604,0.04848819226026535,0.0,0.0,0.0,0.0,0.0,0.00619836151599884,0.013288317248225212,0.002647846005856991,0.04854047670960426,0.0,0.0,0.0,0.0,8.97096106200479e-05,0.00849519670009613,0.012636140920221806,0.005357963498681784,0.036139462143182755,0.001468213158659637,0.0,8.97096106200479e-05,0.0,0.0074983686208724976,0.015174543485045433,0.00920847337692976,0.014140521176159382,0.010542415082454681,0.0117226243019104,0.007384892553091049,0.005963256116956472,0.005809573456645012,0.002032318152487278,8.97096106200479e-05,8.97096106200479e-05,0.013824512250721455,0.026949312537908554,0.001051787636242807,0.023532425984740257,0.030843250453472137,0.022920232266187668,0.022840404883027077,0.0010829397942870855,0.0003163462970405817,0.017580661922693253,0.06352457404136658,0.016517065465450287,0.008386586792767048,0.09480348229408264,0.05223968252539635,0.025742676109075546,0.0014764666557312012,0.00886588916182518,0.02897634543478489,0.022912418469786644,0.005746483337134123,0.0,0.021362632513046265,0.025488488376140594,0.028061427175998688,0.019346052780747414,0.014401571825146675,0.022527985274791718,0.00378988916054368,0.005897287279367447,0.0,0.0,0.03074324131011963,0.04349292069673538,0.01357390359044075,0.0038244486786425114,0.04425376281142235,0.002797558903694153,0.0,0.0,0.0,0.008055624552071095,0.05573488771915436,0.01623481512069702,0.0006816629902459681,0.019174300134181976,0.0066922251135110855,0.0,0.0,0.0,0.004575818777084351,0.008825711905956268,0.00840732455253601,0.0,0.0,0.0,0.0,0.0,0.0,0.0031080865301191807,0.0,0.0,0.0,0.0,0.0,0.0
2025-09-06,0.0,9.82582860160619e-05,0.0029862569645047188,0.0,0.01446897629648447,0.004349586553871632,0.007263531442731619,0.0,0.0,0.0,0.0,0.0012452775845304132,0.01567157171666622,0.1127578467130661,0.1958165168762207,9.82582860160619e-05,0.0,0.0,0.0,0.002748476807028055,0.026515278965234756,0.029384076595306396,0.020735086873173714,0.03821946680545807,9.82582860160619e-05,0.0,0.0,0.0,0.00685883779078722,0.011509974487125874,0.025525273755192757,0.036082156002521515,0.053143516182899475,0.011217380873858929,0.0016627928707748652,0.0,0.0,0.0009519609156996012,0.004453056957572699,0.0029290232341736555,0.059662822633981705,0.019211892038583755,0.07486592233181,0.039454828947782516,0.0,0.0,0.0,0.0,0.0,0.012029794976115227,0.018659261986613274,0.0033965888433158398,0.05992496758699417,0.0,0.0,0.0,0.0,9.82582860160619e-05,0.013411987572908401,0.015589428134262562,0.007119896821677685,0.02470073103904724,0.0012800508411601186,0.0,9.82582860160619e-05,0.0,0.004329751245677471,0.015208044089376926,0.012175694108009338,0.029142916202545166,0.007595650386065245,0.008094418793916702,0.006384352222084999,0.005165919195860624,0.0036133206449449062,0.0024945982731878757,9.82582860160619e-05,9.82582860160619e-05,0.009683368727564812,0.017157189548015594,0.0012380951084196568,0.012244194746017456,0.01261446624994278,0.01562398113310337,0.015933580696582794,0.0011470412136986852,0.0019459426403045654,0.010623734444379807,0.05926087126135826,0.018184175714850426,0.010594673454761505,0.0859459713101387,0.03546397387981415,0.019286077469587326,0.005592315923422575,0.009008651599287987,0.02259058505296707,0.03005175106227398,0.0050505902618169785,0.0,0.029428042471408844,0.024027053266763687,0.027893424034118652,0.011043068021535873,0.0039484212175011635,0.014666441828012466,0.0034333872608840466,0.0081268809735775,0.0,0.0,0.024312440305948257,0.039022527635097504,0.023856956511735916,0.004642253741621971,0.05793684348464012,0.0022263862192630768,0.0,0.0,0.0,0.0015445173485204577,0.036581363528966904,0.011197792366147041,0.0006593450088985264,0.007321464363485575,0.007487342227250338,0.0,0.0,0.0,0.004991085268557072,0.0019000754691660404,0.0047653005458414555,0.0,0.0,0.0,0.0,0.0,0.0,0.003684005467221141,0.0,0.0,0.0,0.0,0.0,0.0
2025-09-07,0.0,7.60655602789484e-05,0.0008423026301898062,0.0,0.022768784314393997,0.00427573686465621,0.004524150863289833,0.0,0.0,0.0,0.0,0.001728059141896665,0.017268404364585876,0.13331450521945953,0.18720680475234985,7.60655602789484e-05,0.0,0.0,0.0,0.000860823318362236,0.02853470668196678,0.025794465094804764,0.022539213299751282,0.04548192024230957,7.60655602789484e-05,0.0,0.0,0.0,0.010062924586236477,0.003110995050519705,0.02657392993569374,0.05810743570327759,0.07306452095508575,0.012657718732953072,0.001962343230843544,0.0,0.0,0.0009370894986204803,0.0018804860301315784,0.004531374666839838,0.05837242305278778,0.024324173107743263,0.06096138060092926,0.04426787793636322,0.0,0.0,0.0,0.0,0.0,0.004525169730186462,0.013849841430783272,0.007469726260751486,0.05858837068080902,0.0,0.0,0.0,0.0,7.60655602789484e-05,0.008294965140521526,0.02767353504896164,0.005629412829875946,0.02166878990828991,0.0012648816918954253,0.0,7.60655602789484e-05,0.0,0.003975280560553074,0.021591655910015106,0.008820021525025368,0.03869602829217911,0.009741582907736301,0.006395028904080391,0.00610592495650053,0.00501538161188364,0.004598579835146666,0.0024452630896121264,7.60655602789484e-05,7.60655602789484e-05,0.0047912150621414185,0.011839056387543678,0.0007915860041975975,0.008207187987864017,0.01607632264494896,0.026640163734555244,0.01651580259203911,0.0006697020726278424,0.0019076685421168804,0.011350315064191818,0.06921899318695068,0.017813516780734062,0.01689782738685608,0.09376446902751923,0.04502402991056442,0.03172717243432999,0.0014477355871349573,0.010003551840782166,0.03019205667078495,0.01863911747932434,0.0024182251654565334,0.0,0.019175656139850616,0.03259919583797455,0.014849352650344372,0.007649383042007685,0.004169849678874016,0.028043558821082115,0.0034435479901731014,0.014201571233570576,0.0,0.0,0.023755483329296112,0.03848909214138985,0.021328821778297424,0.007102089002728462,0.043046168982982635,0.002874373458325863,0.0,0.0,0.0,0.0,0.03193831071257591,0.013967188075184822,0.00046694802585989237,0.00576735008507967,0.0047243437729775906,0.0,0.0,0.0,0.002834515180438757,0.008277633227407932,0.008676323108375072,0.0,0.0,0.0,0.0,0.0,0.0,0.004616575315594673,0.0,0.0,0.0,0.0,0.0,0.0
2025-09-08,0.0,7.94129227870144e-05,0.0005980492569506168,0.0,0.035156846046447754,0.006138530559837818,0.0046825772151350975,0.0,0.0,0.0,0.0,0.0017259535379707813,0.01516842283308506,0.12837153673171997,0.1878119260072708,7.94129227870144e-05,0.0,0.0,0.0,0.0038215946406126022,0.03095126338303089,0.018717002123594284,0.02159200794994831,0.04129026085138321,7.94129227870144e-05,0.0,0.0,0.0,0.005021711811423302,0.004250071942806244,0.04272781312465668,0.035319119691848755,0.0500665120780468,0.03228841349482536,0.0025349119678139687,0.0,0.0,0.0016818128060549498,0.00022516818717122078,0.005531597416847944,0.04787211865186691,0.03827919811010361,0.058991119265556335,0.03406977280974388,0.0,0.0,0.0,0.0,0.0,0.0037190457805991173,0.017533494159579277,0.004824928008019924,0.07294707745313644,0.0,0.0,0.0,0.0,7.94129227870144e-05,0.007090436294674873,0.03257676213979721,0.004813024774193764,0.021614842116832733,0.0015141322510316968,0.0,7.94129227870144e-05,0.0,0.004207239486277103,0.022183693945407867,0.006884693168103695,0.03828292712569237,0.008643481880426407,0.005211277864873409,0.00556389894336462,0.005075094290077686,0.0048788790591061115,0.003336462425068021,7.94129227870144e-05,7.94129227870144e-05,0.008765950798988342,0.017349615693092346,0.0007179571548476815,0.006759350188076496,0.006774189416319132,0.034149568527936935,0.016831710934638977,0.0010533900931477547,0.002024837303906679,0.004066501744091511,0.05558246001601219,0.02869182825088501,0.03113844431936741,0.06409531831741333,0.026135843247175217,0.0325610414147377,0.00018555077258497477,0.0069982679560780525,0.04761262238025665,0.011695868335664272,0.001419241540133953,0.0,0.02176719717681408,0.034759435802698135,0.01172694843262434,0.009618333540856838,0.01040470227599144,0.018762847408652306,0.0034758353140205145,0.007090047933161259,0.0,0.0,0.012005484662950039,0.022218720987439156,0.014104966074228287,0.005991047713905573,0.03345406427979469,0.003788566216826439,0.0,0.0,0.0,0.0,0.049158670008182526,0.023949019610881805,0.000547045492567122,0.007223306689411402,0.0062399390153586864,0.0,0.0,0.0,0.0016925043892115355,0.0111301951110363,0.004056638106703758,0.0,0.0,0.0,0.0,0.0,0.0,0.005737641826272011,0.0,0.0,0.0,0.0,0.0,0.0
2025-09-09,0.0,8.44094465719536e-05,0.0006418104167096317,0.0,0.019715912640094757,0.005810507573187351,0.0025086584500968456,0.0,0.0,0.0,0.0,0.0019025886431336403,0.02131127193570137,0.11219741404056549,0.17771640419960022,8.44094465719536e-05,0.0,0.0,0.0,0.003613047068938613,0.03450942784547806,0.0235128253698349,0.02411077544093132,0.03837211802601814,8.44094465719536e-05,0.0,0.0,0.0,0.00633979681879282,0.007436173968017101,0.03871101140975952,0.028734378516674042,0.04149431362748146,0.01896951161324978,0.0028887703083455563,0.0,0.0,0.0012292992323637009,0.0001303593162447214,0.005494828335940838,0.03690251335501671,0.026644239202141762,0.05599876493215561,0.03961150348186493,0.0,0.0,0.0,0.0,0.0,0.005912783555686474,0.011113559827208519,0.0050460281781852245,0.04281053692102432,0.0,0.0,0.0,0.0,8.44094465719536e-05,0.005185679066926241,0.024538923054933548,0.004673082381486893,0.019524069502949715,0.001651449128985405,0.0,8.44094465719536e-05,0.0,0.005567846819758415,0.021671131253242493,0.005450568161904812,0.02270769700407982,0.020335014909505844,0.0039376746863126755,0.00505473418161273,0.005367641802877188,0.00701709883287549,0.0029138464014977217,8.44094465719536e-05,8.44094465719536e-05,0.014252042397856712,0.007745029404759407,0.0016279343981295824,0.004462245386093855,0.006217234767973423,0.028223861008882523,0.012036449275910854,0.0006650758441537619,0.004503161180764437,0.008935227058827877,0.07824398577213287,0.017310982570052147,0.015064820647239685,0.07520941644906998,0.027383431792259216,0.01458172220736742,0.00012905243784189224,0.0068239797838032246,0.043844327330589294,0.00916877668350935,0.00507749430835247,0.0,0.029382288455963135,0.04041551798582077,0.007433727383613586,0.004412373527884483,0.0025358484126627445,0.022897053509950638,0.0040788352489471436,0.006405595690011978,0.0,0.0,0.011931918561458588,0.0326097272336483,0.017407100647687912,0.007310922257602215,0.03034423664212227,0.00407561706379056,0.0,0.0,0.0,0.00012274738401174545,0.04942459985613823,0.02323845401406288,0.000709140149410814,0.007106408476829529,0.007048157975077629,0.0,0.0,0.0,0.003100141417235136,0.015507781878113747,0.004319659434258938,0.0,0.0,0.0,0.0,0.0,0.0,0.016258077695965767,0.0,0.0,0.0,0.0,0.0,0.0
2025-09-10,0.0,9.592266724212095e-05,0.0009510762756690383,0.0,0.013976957648992538,0.004779229871928692,0.0074774716049432755,0.0,0.0,0.0,0.0,0.0017619153950363398,0.014966456219553947,0.1161833107471466,0.19409926235675812,9.592266724212095e-05,0.0,0.0,0.0,0.0038520938251167536,0.03479583188891411,0.016290418803691864,0.026039833202958107,0.045371875166893005,9.592266724212095e-05,0.0,0.0,0.0,0.005132872611284256,0.010605107061564922,0.04624243080615997,0.04103117436170578,0.027865245938301086,0.012159069068729877,0.002921769628301263,0.0,0.0,0.0011400823714211583,0.0009657268528826535,0.004647233989089727,0.032771121710538864,0.029743609949946404,0.06130941957235336,0.043353527784347534,0.0,0.0,0.0,0.0,0.0,0.003947374876588583,0.013067136518657207,0.007078197319060564,0.03202793374657631,0.0,0.0,0.0,0.0,9.592266724212095e-05,0.005209986120462418,0.0248321034014225,0.00557098351418972,0.03060690313577652,0.001709054340608418,0.0,9.592266724212095e-05,0.0,0.006250596605241299,0.020635001361370087,0.012589776888489723,0.022328242659568787,0.015196353197097778,0.007257604040205479,0.005153066478669643,0.004930982366204262,0.010675582103431225,0.003069271333515644,9.592266724212095e-05,9.592266724212095e-05,0.003648753510788083,0.009095970541238785,0.0007395206484943628,0.004472087603062391,0.005711990408599377,0.016365285962820053,0.014496596530079842,0.0008399369544349611,0.013082693330943584,0.0,0.08211442828178406,0.01891911029815674,0.0077367546036839485,0.05508150905370712,0.038809675723314285,0.011005869135260582,0.00022358528804033995,0.006475268863141537,0.03779326751828194,0.010925998911261559,0.012001994997262955,0.0,0.014667275361716747,0.024560267105698586,0.0068308161571621895,0.0035766989458352327,0.0005467412993311882,0.02938416227698326,0.0027944918256253004,0.012996585108339787,0.0,0.0,0.020189538598060608,0.03179270774126053,0.009641529992222786,0.010455268435180187,0.011523532681167126,0.00421874038875103,0.0,0.0,0.0,0.0007455235463567078,0.03887542709708214,0.008522335439920425,0.0007380961324088275,0.006901096552610397,0.006598226726055145,0.0,0.0,0.0,0.004138375166803598,0.025274712592363358,0.0031947591342031956,0.0,0.0,0.0,0.0,0.0,0.0,0.025636442005634308,0.0,0.0,0.0,0.0,0.0,0.0
2025-09-11,0.0,0.00010320085857529193,0.0014600823633372784,0.0,0.014979196712374687,0.0038436593022197485,0.004314010962843895,0.0,0.0,0.0,0.0,0.0018416978418827057,0.011212705634534359,0.15115945041179657,0.1821931004524231,0.00010320085857529193,0.0,0.0,0.0,0.0033707909751683474,0.020222295075654984,0.018177814781665802,0.023988571017980576,0.047876693308353424,0.00010320085857529193,0.0,0.0,0.0,0.009482563473284245,0.006048157345503569,0.022290483117103577,0.030746325850486755,0.03916563466191292,0.016427218914031982,0.002845439128577709,0.0,0.0,0.0010366271017119288,0.0014971179189160466,0.004458960145711899,0.03586481511592865,0.02639751136302948,0.05303892493247986,0.030213389545679092,0.0,0.0,0.0,0.0,0.0,0.0056242551654577255,0.019199617207050323,0.01733212359249592,0.04606780409812927,0.0,0.0,0.0,0.0,0.00010320085857529193,0.00493194442242384,0.027016036212444305,0.0058460719883441925,0.037604015320539474,0.0013605650747194886,0.0,0.00010320085857529193,0.0,0.007840454578399658,0.02169635146856308,0.028159821406006813,0.015257857739925385,0.00876967329531908,0.00812909658998251,0.006358798127621412,0.0042550768703222275,0.007120123133063316,0.0032359277829527855,0.00010320085857529193,0.00010320085857529193,0.002884197747334838,0.024508662521839142,0.001094689592719078,0.004914368502795696,0.00698892492800951,0.018496468663215637,0.02582768350839615,0.0012636700412258506,0.00466100312769413,0.0005441554822027683,0.0994209572672844,0.011394099332392216,0.005143884103745222,0.048024892807006836,0.04722556844353676,0.018271157518029213,0.0011889820452779531,0.006097835022956133,0.039478641003370285,0.020084695890545845,0.004960610996931791,0.0,0.014340423978865147,0.018390748649835587,0.018593549728393555,0.006604712922126055,0.00046929484233260155,0.019804202020168304,0.0015673397574573755,0.006310910917818546,0.0,0.0,0.01639200933277607,0.02966860868036747,0.011481108143925667,0.008530654013156891,0.007226506248116493,0.004043848719447851,0.0,0.0,0.0,0.001558989635668695,0.0488445982336998,0.010716313496232033,0.001130787655711174,0.008370118215680122,0.0057948133908212185,0.0,0.0,0.0,0.012643755413591862,0.014421788975596428,0.00301877548918128,0.0,0.0,0.0,0.0,0.0,0.0,0.005484172608703375,0.0,0.0,0.0,0.0,0.0,0.0
2025-09-12,0.0,0.0001278101553907618,0.0014916658401489258,0.0,0.02409294620156288,0.0057474421337246895,0.005655430722981691,0.0,0.0,0.0,0.0,0.0013474792940542102,0.006714049726724625,0.13698455691337585,0.18557673692703247,0.0001278101553907618,0.0,0.0,0.0,0.0038879148196429014,0.02139207348227501,0.021592900156974792,0.02605336345732212,0.044455386698246,0.0001278101553907618,0.0,0.0,0.0,0.010790129192173481,0.013936834409832954,0.023955820128321648,0.059242308139801025,0.06089213117957115,0.026027314364910126,0.0026841373182833195,0.0,0.0,0.0012215976603329182,0.0012538335286080837,0.0060869185253977776,0.049440689384937286,0.0316341407597065,0.049743957817554474,0.029195917770266533,0.0,0.0,0.0,0.0,0.0,0.005909355357289314,0.013979779556393623,0.006779935676604509,0.06084609031677246,0.0,0.0,0.0,0.0,0.0001278101553907618,0.007197797764092684,0.03791259229183197,0.005933617241680622,0.04336706921458244,0.0,0.0,0.0001278101553907618,0.0,0.011447994038462639,0.01958600990474224,0.021608076989650726,0.022002391517162323,0.007202787324786186,0.016976509243249893,0.01241842657327652,0.0032143204007297754,0.0062680933624506,0.003346090205013752,0.0001278101553907618,0.0001278101553907618,0.004520376678556204,0.02646542713046074,0.0011541466228663921,0.005899660289287567,0.011167122051119804,0.029462598264217377,0.01637665554881096,0.0016966168768703938,0.002068916568532586,0.0006684924010187387,0.0786430686712265,0.011199142783880234,0.003720303997397423,0.07377493381500244,0.07167251408100128,0.023427072912454605,0.002101249061524868,0.008132209070026875,0.03920106589794159,0.010045246221125126,0.0011938223615288734,0.0,0.020838234573602676,0.016310274600982666,0.02093757875263691,0.007580433506518602,0.008160161785781384,0.01891912892460823,0.002932212082669139,0.0042006149888038635,0.0,0.0,0.018251780420541763,0.02978220395743847,0.011331671848893166,0.014299027621746063,0.013239999301731586,0.00443977490067482,0.0,0.0,0.0,0.000976713839918375,0.05924501270055771,0.0066800303757190704,0.0016016331501305103,0.008685306645929813,0.007144094444811344,0.0,0.0,0.0,0.01567033678293228,0.012049248442053795,0.0035635174717754126,0.0,0.0,0.0,0.0,0.0,0.0,0.0010580506641417742,0.0,0.0,0.0,0.0,0.0,0.0
2025-09-13,0.0,0.00012092363613191992,0.0019734236411750317,0.0,0.012193731032311916,0.0143537987023592,0.01032748632133007,0.0,0.0,0.0,0.0,0.0023438981734216213,0.005753921344876289,0.11798540502786636,0.17499062418937683,0.00012092363613191992,0.0,0.0,0.0,0.0026713423430919647,0.021977756172418594,0.03195035457611084,0.013791019096970558,0.04293396696448326,0.00012092363613191992,0.0,0.0,0.0,0.014776116237044334,0.016570469364523888,0.03575671464204788,0.05219588056206703,0.06562136113643646,0.018318071961402893,0.0024596047587692738,0.0,0.0,0.0011571072973310947,0.0010720054851844907,0.0035786996595561504,0.04247556999325752,0.03130624443292618,0.07808902114629745,0.025199763476848602,0.0,0.0,0.0,0.0,0.0,0.006617618724703789,0.014394623227417469,0.004088292364031076,0.06972342729568481,0.0,0.0,0.0,0.0,0.00012092363613191992,0.004397701472043991,0.02219172567129135,0.007029994390904903,0.033952224999666214,0.001473131706006825,0.0,0.00012092363613191992,0.0,0.019161611795425415,0.017766408622264862,0.022808551788330078,0.014797624200582504,0.011964824050664902,0.011690392158925533,0.005866670049726963,0.0022505540400743484,0.0073752813041210175,0.004850307479500771,0.00012092363613191992,0.00012092363613191992,0.006075190380215645,0.016176462173461914,0.0013275363016873598,0.0169166661798954,0.006321616470813751,0.02928619459271431,0.023026587441563606,0.0017885479610413313,0.000365404412150383,0.002390410751104355,0.08339579403400421,0.002714922185987234,0.008056370541453362,0.06417789310216904,0.0815165564417839,0.037309639155864716,0.0029703271575272083,0.007927692495286465,0.050981685519218445,0.008980689570307732,0.0018470166251063347,0.0,0.025255979970097542,0.02588886022567749,0.031101375818252563,0.00728002842515707,0.006123686674982309,0.011995770037174225,0.0036515346728265285,0.005176689941436052,0.0,0.0,0.022178087383508682,0.0554739385843277,0.011786024086177349,0.012327544391155243,0.022054916247725487,0.004793464206159115,0.0,0.0,0.0,0.0,0.08074149489402771,0.0091207604855299,0.001063300995156169,0.01089661754667759,0.0058202361688017845,0.0,0.0,0.0,0.004217737819999456,0.013129588216543198,0.004912002012133598,0.0,0.0,0.0,0.0,0.0,0.0,0.0032074428163468838,0.0,0.0,0.0,0.0,0.0,0.0
2025-09-14,0.0,0.00011788866686401889,0.0047032819129526615,0.0,0.013142596930265427,0.003971928730607033,0.011005770415067673,0.0,0.0,0.0,0.0,0.0047938767820596695,0.020690303295850754,0.10512688755989075,0.18610134720802307,0.00011788866686401889,0.0,0.0,0.0,0.003926546778529882,0.014633900485932827,0.026036784052848816,0.02605985291302204,0.0430477038025856,0.00011788866686401889,0.0,0.0,0.0,0.009936795569956303,0.012465965002775192,0.03576981648802757,0.04390197992324829,0.058843255043029785,0.016480963677167892,0.0022471079137176275,0.0,0.0,0.001283169025555253,0.0017253453843295574,0.010634863749146461,0.027957186102867126,0.013946662656962872,0.07439179718494415,0.0440404936671257,0.0,0.0,0.0,0.0,0.0,0.005604926496744156,0.02150193229317665,0.004821236710995436,0.06540728360414505,0.0,0.0,0.0,0.0,0.00011788866686401889,0.014857351779937744,0.015205251052975655,0.009903819300234318,0.03211183845996857,0.0017494403291493654,0.0,0.00011788866686401889,0.0,0.00957613904029131,0.008209764957427979,0.014650179073214531,0.020929545164108276,0.013082391582429409,0.0186635609716177,0.0038065703120082617,0.0017925796564668417,0.011744723655283451,0.0019530104473233223,0.00011788866686401889,0.00011788866686401889,0.004406806547194719,0.007688384503126144,0.0010855502914637327,0.013609647750854492,0.005388539284467697,0.040582384914159775,0.023448854684829712,0.0017209392972290516,0.0,0.004184633959084749,0.08528146892786026,0.0,0.005365074146538973,0.045451097190380096,0.0647004097700119,0.019690614193677902,0.003049282357096672,0.00809834897518158,0.032854340970516205,0.006122390273958445,0.002871263772249222,0.0,0.03150714561343193,0.014735781587660313,0.04606110602617264,0.005254469811916351,0.011532717384397984,0.029393501579761505,0.002749720122665167,0.010717788711190224,0.0,0.0,0.01580847054719925,0.04784528911113739,0.010678373277187347,0.0066953497007489204,0.04010320454835892,0.0047025661915540695,0.0,0.0,0.0,0.0,0.04959966987371445,0.010228859260678291,0.0,0.020231593400239944,0.01199408434331417,0.0,0.0,0.0,0.009068537503480911,0.022469814866781235,0.003951346036046743,0.0,0.0,0.0,0.0,0.0,0.0,0.0035155361983925104,0.0,0.0,0.0,0.0,0.0,0.0
2025-09-15,0.0,8.36676117614843e-05,0.0014501034747809172,0.0,0.01305735670030117,0.003441837150603533,0.017153887078166008,0.0,0.0,0.0,0.0,0.0022983390372246504,0.006617872044444084,0.1048518717288971,0.19471529126167297,8.36676117614843e-05,0.0,0.0,0.0,0.009218204766511917,0.011008597910404205,0.030691001564264297,0.030315706506371498,0.024749917909502983,8.36676117614843e-05,0.0,0.0,0.0,0.012943082489073277,0.010665667243301868,0.03588404133915901,0.05380997806787491,0.07664214074611664,0.015282519161701202,0.0014794961316511035,0.0,0.0,0.0009417401743121445,0.0,0.005758931394666433,0.04556046426296234,0.01782933436334133,0.05982392281293869,0.04109370335936546,0.0,0.0,0.0,0.0,0.0,0.005199248902499676,0.019143985584378242,0.009426835924386978,0.050924595445394516,0.0,0.0,0.0,0.0,8.36676117614843e-05,0.0038536947686225176,0.012654746882617474,0.007570021320134401,0.02841198816895485,0.0015217228792607784,0.0,8.36676117614843e-05,0.0,0.006798220798373222,0.005285058636218309,0.017953556030988693,0.018813852220773697,0.017127839848399162,0.01062825322151184,0.0021057170815765858,0.00066755386069417,0.006896540522575378,0.0020485208369791508,8.36676117614843e-05,8.36676117614843e-05,0.00833519734442234,0.006948257330805063,0.0007563736289739609,0.019658163189888,0.0054092719219625,0.038150958716869354,0.013081356883049011,0.0012596810702234507,0.0004036442842334509,0.003759123384952545,0.089559406042099,0.0,0.013131383806467056,0.06771033257246017,0.04979889467358589,0.031119199469685555,0.0014102138811722398,0.012425831519067287,0.027702253311872482,0.00906276237219572,0.00903585646301508,0.0,0.046637486666440964,0.016364458948373795,0.03276100382208824,0.006908233277499676,0.004048843868076801,0.019613279029726982,0.0025430317036807537,0.007024550810456276,0.0,0.0,0.010167140513658524,0.041761014610528946,0.01762085221707821,0.01299537718296051,0.04699350893497467,0.005099388305097818,0.0,0.0,0.0,0.0,0.04245217144489288,0.015992823988199234,0.0,0.0094761298969388,0.01165786199271679,0.0,0.0,0.0,0.008118733763694763,0.014098127372562885,0.0035844193771481514,0.0,0.0,0.0,0.0,0.0,0.0,0.003877142909914255,0.0,0.0,0.0,0.0,0.0,0.0
2025-09-16,0.0,9.594682342140004e-05,0.0005911191692575812,0.0,0.016109706833958626,0.008988657034933567,0.012884287163615227,0.0,0.0,0.0,0.0,0.0018848289037123322,0.005191797390580177,0.10293065011501312,0.18461459875106812,9.594682342140004e-05,0.0,0.0,0.0,0.006835067644715309,0.013463103212416172,0.030061349272727966,0.0314883328974247,0.024693673476576805,9.594682342140004e-05,0.0,0.0,0.0,0.007841384038329124,0.003489851951599121,0.042721427977085114,0.05627588927745819,0.07615169882774353,0.02628237009048462,0.0014824236277490854,0.0,0.0,0.0,0.0014632915845140815,0.004576540552079678,0.0678136944770813,0.02784961834549904,0.04570216313004494,0.03033798187971115,0.0,0.0,0.0,0.0,0.0,0.0038952683098614216,0.019098583608865738,0.007336031645536423,0.08273637294769287,0.0,0.0,0.0,0.0,9.594682342140004e-05,0.004401375539600849,0.024965545162558556,0.008111754432320595,0.03192448616027832,0.0012512358371168375,0.0,9.594682342140004e-05,0.0,0.008448059670627117,0.02447269856929779,0.034799981862306595,0.02598288282752037,0.015880344435572624,0.008584210649132729,0.01444016769528389,0.0,0.006813782267272472,0.007343289442360401,9.594682342140004e-05,9.594682342140004e-05,0.019733861088752747,0.009118699468672276,0.0005261061596684158,0.032938260585069656,0.0072152442298829556,0.028390469029545784,0.018169457092881203,0.0,0.0033054251689463854,0.00412646122276783,0.08296162635087967,0.014595923945307732,0.006009580101817846,0.0659039095044136,0.06644085794687271,0.02626211941242218,0.00020620739087462425,0.0023386836983263493,0.03574632108211517,0.008205585181713104,0.01405405905097723,0.0,0.047783829271793365,0.017537666484713554,0.022091928869485855,0.006910454947501421,0.001285059843212366,0.016035430133342743,0.005355465225875378,0.007040543481707573,0.0,0.0,0.011328872293233871,0.03976216912269592,0.023611821234226227,0.0331411175429821,0.04405750706791878,0.003296297276392579,0.0,0.0,0.0,0.0013673315988853574,0.048532843589782715,0.01430935226380825,0.0,0.0069174012169241905,0.006630813702940941,0.0,0.0,0.0,0.006353757344186306,0.007799072191119194,0.003953306935727596,0.0,0.0,0.0,0.0,0.0,0.0,0.008266926743090153,0.0,0.0,0.0,0.0,0.0,0.0
2025-09-17,0.0,9.78205498540774e-05,0.0006579985492862761,0.0,0.015348055399954319,0.005498021841049194,0.0168308075517416,0.0,0.0,0.0,0.0,0.0016948116244748235,0.007139987777918577,0.11681954562664032,0.1827726662158966,9.78205498540774e-05,0.0,0.0,0.0,0.0017781114438548684,0.026576343923807144,0.014958965592086315,0.01855538971722126,0.016725316643714905,9.78205498540774e-05,0.0,0.0,0.0,0.013829119503498077,0.0031849131919443607,0.03525497391819954,0.04123026877641678,0.07262127101421356,0.00866110809147358,0.0034799135755747557,0.0,0.0,0.0007986507844179869,0.001992309931665659,0.00408262899145484,0.056477244943380356,0.012079305946826935,0.05261242762207985,0.038908038288354874,0.0,0.0,0.0,0.0,0.0,0.0021094707772135735,0.013504654169082642,0.01586981490254402,0.0843789279460907,0.0,0.0,0.0,0.0,9.78205498540774e-05,0.011662798002362251,0.015865879133343697,0.013083280064165592,0.02119646593928337,0.0009326442959718406,0.0,9.78205498540774e-05,0.0,0.016957266256213188,0.012267837300896645,0.033972252160310745,0.019442323595285416,0.02179631218314171,0.012306171469390392,0.009557658806443214,0.0,0.015270202420651913,0.0023033933248370886,9.78205498540774e-05,9.78205498540774e-05,0.021578801795840263,0.016302328556776047,0.0,0.042091649025678635,0.012064390815794468,0.040833018720149994,0.019021648913621902,0.0011951865162700415,0.013697764836251736,0.00515421899035573,0.07688932120800018,0.012864610180258751,0.004726719111204147,0.06615934520959854,0.0714586153626442,0.043754372745752335,0.0,0.0032400088384747505,0.02640855498611927,0.008323103189468384,0.009513642638921738,0.0,0.03389916568994522,0.029438775032758713,0.03446107357740402,0.006033074576407671,0.00257102120667696,0.01060550007969141,0.014123986475169659,0.0061579602770507336,0.0,0.0,0.0172361321747303,0.026229117065668106,0.012515751644968987,0.022768378257751465,0.03303981572389603,0.003153192577883601,0.0,0.0,0.0,0.008109909482300282,0.04676605015993118,0.00699992012232542,0.005287410691380501,0.00578342517837882,0.006942654028534889,0.0,0.0,0.0,0.0011670419480651617,0.013790441676974297,0.007863969542086124,0.0,0.0,0.0,0.0,0.0,0.0,0.004484658595174551,0.0,0.0,0.0,0.0,0.0,0.0
2025-09-18,0.0,8.337547478731722e-05,0.000869559298735112,0.0,0.013366557657718658,0.005477309226989746,0.011007886379957199,0.0,0.0,0.0,0.0,0.0016841983888298273,0.01274813711643219,0.11036379635334015,0.18186083436012268,8.337547478731722e-05,0.0,0.0,0.0,0.0011783388908952475,0.020022191107273102,0.025200113654136658,0.0152288768440485,0.039037127047777176,8.337547478731722e-05,0.0,0.0,0.0,0.008888478390872478,0.008298899978399277,0.023174922913312912,0.03515668958425522,0.0800960585474968,0.009744741953909397,0.0017966273007914424,0.0,0.0,0.0009916655253618956,0.0018001849530264735,0.00443247752264142,0.056018657982349396,0.012447018176317215,0.07661103457212448,0.05116730183362961,0.0,0.0,0.0,0.0,0.0,0.00767857301980257,0.022772211581468582,0.006166011095046997,0.04650004580616951,0.0,0.0,0.0,0.0,8.337547478731722e-05,0.008781389333307743,0.015095535665750504,0.011410525999963284,0.011499435640871525,0.0006005251780152321,0.0,8.337547478731722e-05,0.0,0.007246566005051136,0.013019086793065071,0.03325885161757469,0.025305286049842834,0.011906620115041733,0.009792331606149673,0.003212030278518796,0.0,0.00495337788015604,0.001836193259805441,8.337547478731722e-05,8.337547478731722e-05,0.00954260490834713,0.018301500007510185,0.000707028026226908,0.039674945175647736,0.020709937438368797,0.01998506858944893,0.016923334449529648,0.0012961102183908224,0.013741795904934406,0.003927219193428755,0.08219942450523376,0.008827419951558113,0.00889612827450037,0.06118718907237053,0.04145396128296852,0.04982979595661163,0.0013587167486548424,0.018010810017585754,0.026420600712299347,0.007805644068866968,0.007119888439774513,0.0,0.01950894668698311,0.02719299867749214,0.0321829617023468,0.015343384817242622,0.0007918770425021648,0.023248862475156784,0.005232850089669228,0.005372860934585333,0.0,0.0,0.010025855153799057,0.022354856133461,0.017368722707033157,0.013621833175420761,0.051351286470890045,0.0035123308189213276,0.0,0.0,0.0,0.0011354637099429965,0.05436762422323227,0.009810675866901875,0.0012031585210934281,0.004690789617598057,0.0040008691139519215,0.0,0.0,0.0,0.002713131718337536,0.005661698058247566,0.002068330766633153,0.0,0.0,0.0,0.0,0.0,0.0,0.0049695163033902645,0.0,0.0,0.0,0.0,0.0,0.0
2025-09-19,0.0,7.627080049132928e-05,0.0011570998467504978,0.0,0.013130531646311283,0.005798762198537588,0.006954774726182222,0.0,0.0,0.0,0.0,0.0020570126362144947,0.021863754838705063,0.08416566997766495,0.21628792583942413,7.627080049132928e-05,0.0,0.0,0.0,0.003866206156089902,0.01921459473669529,0.031782109290361404,0.012506088241934776,0.03774743154644966,7.627080049132928e-05,0.0,0.0,0.0,0.012840093113481998,0.02219739556312561,0.021273067221045494,0.03863957151770592,0.07629813253879547,0.01011727750301361,0.0016758430283516645,0.0,0.0,0.0009772254852578044,0.0016671287594363093,0.006341473665088415,0.054149970412254333,0.02307792752981186,0.06739722192287445,0.058468855917453766,0.0,0.0,0.0,0.0,0.0,0.003881363430991769,0.02725287154316902,0.0032974921632558107,0.05024632811546326,0.0,0.0,0.0,0.0,7.627080049132928e-05,0.006410511210560799,0.01680208556354046,0.00708580669015646,0.016042830422520638,0.0009249508730135858,0.0,7.627080049132928e-05,0.0,0.0038987549487501383,0.006679806858301163,0.011503870598971844,0.03498952463269234,0.0108642578125,0.004857128486037254,0.003997331485152245,0.0,0.00292869727127254,0.002183889038860798,7.627080049132928e-05,7.627080049132928e-05,0.0034476034343242645,0.019899824634194374,0.0012115261051803827,0.04466089978814125,0.01071590930223465,0.013582964427769184,0.022900337353348732,0.0009287427528761327,0.0032606255263090134,0.0020644934847950935,0.045533306896686554,0.019568445160984993,0.019361348822712898,0.09170564264059067,0.046004265546798706,0.04030335694551468,0.008439838886260986,0.033379655331373215,0.02200954407453537,0.006913698278367519,0.007323959842324257,0.0,0.022714311257004738,0.034250758588314056,0.03161776810884476,0.009741327725350857,0.005365313962101936,0.015534404665231705,0.006838797591626644,0.003094407729804516,0.0,0.0,0.010803669691085815,0.03772732615470886,0.015245893970131874,0.007841681130230427,0.044063735753297806,0.0036425432190299034,0.0,0.0,0.0,0.0,0.034736551344394684,0.02016693912446499,0.005625969730317593,0.006638091057538986,0.004227765835821629,0.0,0.0,0.0,0.0037358119152486324,0.0031977929174900055,0.00233776425011456,0.0,0.0,0.0,0.0,0.0,0.0,0.004255738575011492,0.0,0.0,0.0,0.0,0.0,0.0
2025-09-20,0.0,9.164412767859176e-05,0.0014100098051130772,0.0,0.012345267459750175,0.004914742428809404,0.00653348583728075,0.0,0.0,0.0,0.0,0.0038600536063313484,0.011593025177717209,0.08331076800823212,0.19080206751823425,9.164412767859176e-05,0.0,0.0,0.0,0.003511341754347086,0.03278816491365433,0.023228025063872337,0.019252564758062363,0.03908417746424675,9.164412767859176e-05,0.0,0.0,0.0,0.013165902346372604,0.011005852371454239,0.03906235098838806,0.04333112761378288,0.061834193766117096,0.010798411443829536,0.0027240384370088577,0.0,0.0,0.0009035511175170541,0.0018990609096363187,0.013678302057087421,0.057171184569597244,0.0364939421415329,0.0748317688703537,0.04833902418613434,0.0,0.0,0.0,0.0,0.0,0.003397933440282941,0.01117437332868576,0.0064225224778056145,0.08492259681224823,0.0,0.0,0.0,0.0,9.164412767859176e-05,0.007098701316863298,0.024257473647594452,0.006404295563697815,0.02198738418519497,0.005455454811453819,0.0,9.164412767859176e-05,0.0,0.0023775717709213495,0.005751187913119793,0.011748431250452995,0.033277031034231186,0.012354101054370403,0.005599539261311293,0.004317198880016804,0.0009444660972803831,0.004613351076841354,0.002848645206540823,9.164412767859176e-05,9.164412767859176e-05,0.0029170531779527664,0.008878882974386215,0.0012851996580138803,0.023116495460271835,0.006502984091639519,0.020852141082286835,0.014876918867230415,0.0008134781382977962,0.00017922930419445038,0.0034843627363443375,0.048259176313877106,0.012988278642296791,0.02012033201754093,0.07462365180253983,0.03932397812604904,0.031268928200006485,0.001881166361272335,0.011152023449540138,0.02409423515200615,0.013203360140323639,0.010648034512996674,0.0,0.02391858771443367,0.034010518342256546,0.03139146417379379,0.007627819664776325,0.012479916214942932,0.01895027793943882,0.005381825380027294,0.003112549427896738,0.0,0.0,0.016899915412068367,0.0269315242767334,0.01339030358940363,0.009212912991642952,0.03540176898241043,0.0028516356833279133,0.0,0.0,0.0,0.0,0.03769820183515549,0.009271477349102497,0.0,0.01619177684187889,0.0019154800102114677,0.0,0.0,0.0,0.005126312840729952,0.007457342464476824,0.002371508628129959,0.0,0.0,0.0,0.0,0.0,0.0,0.008976458571851254,0.0,0.0,0.0,0.0,0.0,0.0
2025-09-21,0.0,9.853061055764556e-05,0.0015585820656269789,0.0,0.01790810376405716,0.011764082126319408,0.009116423316299915,0.0,0.0,0.0,0.0,0.001600541640073061,0.01410161517560482,0.09958072006702423,0.14385445415973663,9.853061055764556e-05,0.0,0.0,0.0,0.005600702948868275,0.017990073189139366,0.018048491328954697,0.023655705153942108,0.04978654533624649,9.853061055764556e-05,0.0,0.0,0.0,0.010320212692022324,0.0077992212027311325,0.04265917092561722,0.052107229828834534,0.05650679022073746,0.009291991591453552,0.0024230186827480793,0.0,0.0,0.0011552117066457868,0.002433719113469124,0.012336417101323605,0.05265778675675392,0.018225526437163353,0.05729950964450836,0.02680414542555809,0.0,0.0,0.0,0.0,0.0,0.004390076268464327,0.01117398589849472,0.006503023207187653,0.0552348829805851,0.0,0.0,0.0,0.0,9.853061055764556e-05,0.007256763055920601,0.01671583205461502,0.006080194376409054,0.03044753149151802,0.0010122773237526417,0.0,9.853061055764556e-05,0.0,0.0033677215687930584,0.006675101816654205,0.019374670460820198,0.021190103143453598,0.01197507232427597,0.007326901890337467,0.004569989629089832,0.011979896575212479,0.004611579701304436,0.0056794751435518265,9.853061055764556e-05,9.853061055764556e-05,0.01187832374125719,0.003914535976946354,0.0013094167225062847,0.01748979650437832,0.005544422194361687,0.035141658037900925,0.013869042508304119,0.0007416361477226019,0.0004591774195432663,0.0035625225864350796,0.07638389617204666,0.011234361678361893,0.007682565599679947,0.06934594362974167,0.029925987124443054,0.039666905999183655,0.0,0.0032982593402266502,0.029035238549113274,0.007666819263249636,0.017994645982980728,0.0,0.015355432406067848,0.02394123747944832,0.02573554962873459,0.01979028433561325,0.007102944888174534,0.030915450304746628,0.013234700076282024,0.004858852829784155,0.0,0.0,0.019847743213176727,0.041317734867334366,0.013474109582602978,0.02183578535914421,0.017069363966584206,0.004095669835805893,0.0,0.0,0.0,0.0,0.03614849969744682,0.005723156034946442,0.0,0.00817588809877634,0.010298184119164944,0.0,0.0,0.0,0.005473270080983639,0.016275320202112198,0.000883796252310276,0.0,0.0,0.0,0.0,0.0,0.0,0.004396242089569569,0.0,0.0,0.0,0.0,0.0,0.0
2025-09-22,0.0,0.00012270915613044053,0.0014358386397361755,0.0,0.023408450186252594,0.0060685547068715096,0.007808792870491743,0.0,0.0,0.0,0.0,0.004400274716317654,0.012616821564733982,0.08276809006929398,0.13421738147735596,0.00012270915613044053,0.0,0.0,0.0,0.004078109748661518,0.015390726737678051,0.02930198609828949,0.02385973185300827,0.040571507066488266,0.00012270915613044053,0.0,0.0,0.0,0.005732070654630661,0.003933075349777937,0.029366731643676758,0.07190632075071335,0.05604827031493187,0.010201756842434406,0.003155685495585203,0.0,0.0,0.0016429603565484285,0.003799756057560444,0.00833792146295309,0.04590428248047829,0.023559927940368652,0.039862796664237976,0.018948938697576523,0.0,0.0,0.0,0.0,0.0,0.005382080562412739,0.024132676422595978,0.006256129126995802,0.04254353046417236,0.0,0.0,0.0,0.0,0.00012270915613044053,0.011105146259069443,0.015827829018235207,0.005446256138384342,0.034617453813552856,0.0007697094697505236,0.0,0.00012270915613044053,0.0,0.005011177621781826,0.008247651159763336,0.026286330074071884,0.019628018140792847,0.017457980662584305,0.006196062080562115,0.004574907477945089,0.006681526079773903,0.004944339394569397,0.003131861798465252,0.00012270915613044053,0.00012270915613044053,0.005245092324912548,0.006413624156266451,0.001715929596684873,0.011635113507509232,0.006508483085781336,0.033755525946617126,0.02074974961578846,0.001004534075036645,0.0016281036660075188,0.0034463400952517986,0.10935482382774353,0.008696937933564186,0.005460951942950487,0.09666402637958527,0.027243738994002342,0.02411366067826748,0.0,0.004116922151297331,0.029441075399518013,0.010716162621974945,0.020760083571076393,0.0,0.013985707424581051,0.029698446393013,0.01935526728630066,0.028948945924639702,0.002482110634446144,0.04244493693113327,0.004943209700286388,0.004583979025483131,0.0,0.0,0.020429160445928574,0.05605967342853546,0.018836848437786102,0.010784922167658806,0.013868847861886024,0.015893785282969475,0.0,0.0,0.0,0.0006044592009857297,0.026351403445005417,0.00570946978405118,0.0006310837925411761,0.011208081617951393,0.0060226889327168465,0.0,0.0,0.0,0.0039926497265696526,0.020572304725646973,0.0027755305636674166,0.0,0.0,0.0,0.0,0.0,0.0,0.004142744932323694,0.0,0.0,0.0,0.0,0.0,0.0
2025-09-23,0.0,8.65301481098868e-05,0.0017068274319171906,0.0,0.02308110147714615,0.003997417166829109,0.009866845794022083,0.0,0.0,0.0,0.0,0.001023886725306511,0.010690608993172646,0.08143879473209381,0.1454511284828186,8.65301481098868e-05,0.0,0.0,0.0,0.0058456468395888805,0.018687782809138298,0.02704492211341858,0.023382114246487617,0.038161396980285645,8.65301481098868e-05,0.0,0.0,0.0,0.006125543266534805,0.0038160798139870167,0.021488036960363388,0.06176161766052246,0.06264224648475647,0.0156200947239995,0.002621589694172144,0.0,0.0,0.0033790133893489838,0.008630668744444847,0.004943545907735825,0.048404108732938766,0.024811185896396637,0.0423816554248333,0.025526070967316628,0.0,0.0,0.0,0.0,0.0,0.013517213054001331,0.021731970831751823,0.005670800805091858,0.05889018997550011,0.0,0.0,0.0,0.0,8.65301481098868e-05,0.006834952160716057,0.017427630722522736,0.0038760483730584383,0.01949620246887207,0.0009175378363579512,0.0,8.65301481098868e-05,0.0,0.004222933668643236,0.014919482171535492,0.025371573865413666,0.012732690200209618,0.020121019333600998,0.005615608301013708,0.009137790650129318,0.002550582867115736,0.008528076112270355,0.0022828318178653717,8.65301481098868e-05,8.65301481098868e-05,0.0027717293705791235,0.006197787821292877,0.0008775406749919057,0.014436928555369377,0.006506508216261864,0.02900228276848793,0.016028637066483498,0.0020846689585596323,0.0015121028991416097,0.004643936641514301,0.12247595191001892,0.010250477120280266,0.004068333189934492,0.08600319921970367,0.03405039757490158,0.01443787757307291,0.001250044908374548,0.02461812272667885,0.034835588186979294,0.009132631123065948,0.007891722023487091,0.0,0.02521379664540291,0.026681579649448395,0.01585853472352028,0.014432277530431747,0.0008856928907334805,0.030521128326654434,0.0018782614497467875,0.003552531823515892,0.0,0.0,0.022137422114610672,0.06257166713476181,0.010011386126279831,0.004823658615350723,0.02596469037234783,0.007464540656656027,0.0,0.0,0.0,0.00016872852575033903,0.045721255242824554,0.005717724096029997,0.0015361359110102057,0.007770214229822159,0.004996899049729109,0.0,0.0,0.0,0.004055221099406481,0.008675412274897099,0.0016443091444671154,0.0,0.0,0.0,0.0,0.0,0.0,0.003417053259909153,0.0,0.0,0.0,0.0,0.0,0.0
2025-09-24,0.0,9.32723269215785e-05,0.001720581203699112,0.0,0.026857327669858932,0.003962652757763863,0.005615300498902798,0.0,0.0,0.0,0.0,0.0016843735938891768,0.003971971571445465,0.10136203467845917,0.15059220790863037,9.32723269215785e-05,0.0,0.0,0.0,0.011005472391843796,0.0159815214574337,0.02597540244460106,0.030647873878479004,0.03486742824316025,9.32723269215785e-05,0.0,0.0,0.0,0.017775965854525566,0.0037047876976430416,0.02011197991669178,0.048941291868686676,0.0377519391477108,0.02055736817419529,0.0037786243483424187,0.0,0.0,0.00891279149800539,0.0031500121112912893,0.004279850982129574,0.0423661507666111,0.02736165001988411,0.05254759266972542,0.018778977915644646,0.0,0.0,0.0,0.0,0.0,0.004350258037447929,0.013319194316864014,0.004682700149714947,0.04050698131322861,0.0,0.0,0.0,0.0,9.32723269215785e-05,0.005619946401566267,0.014233514666557312,0.0043716165237128735,0.016117079183459282,0.0013837090227752924,0.0,9.32723269215785e-05,0.0,0.004391897469758987,0.001967781223356724,0.01521600503474474,0.012889857403934002,0.010113069787621498,0.006430242210626602,0.013203734531998634,0.0012138144811615348,0.03103327937424183,0.002794399857521057,9.32723269215785e-05,9.32723269215785e-05,0.006165939848870039,0.009945685975253582,0.0012968145310878754,0.010664884932339191,0.006214589346200228,0.05418843775987625,0.021314546465873718,0.007043894845992327,0.001108283642679453,0.0016650489997118711,0.07884840667247772,0.0008998578414320946,0.004085643216967583,0.0717485100030899,0.03582194820046425,0.017587335780262947,0.002695507602766156,0.01923423260450363,0.050046585500240326,0.013193562626838684,0.005533546209335327,0.0,0.04434230923652649,0.02316407859325409,0.02361401356756687,0.008343605324625969,0.0013585514388978481,0.02476755529642105,0.0018015066161751747,0.002857416169717908,0.0,0.0,0.03345094993710518,0.03911739960312843,0.012661244720220566,0.002964576706290245,0.03709729015827179,0.002870741067454219,0.0,0.0,0.0,0.0,0.0355326384305954,0.018087198957800865,0.0016579997027292848,0.00712007749825716,0.004106283187866211,0.0,0.0,0.0,0.005416347179561853,0.004529284313321114,0.0038499883376061916,0.0,0.0,0.0,0.0,0.0,0.0,0.004670026246458292,0.0,0.0,0.0,0.0,0.0,0.0
2025-09-25,0.0,9.391086496179923e-05,0.0016765715554356575,0.0,0.030296649783849716,0.004657424055039883,0.007956327870488167,0.0,0.0,0.0,0.0,0.002132742665708065,0.003898399416357279,0.10496504604816437,0.15316440165042877,9.391086496179923e-05,0.0,0.0,0.0,0.006455383263528347,0.019147060811519623,0.03496602177619934,0.02914375811815262,0.035709306597709656,9.391086496179923e-05,0.0,0.0,0.0,0.007740337401628494,0.015514886006712914,0.02425348199903965,0.050523463636636734,0.04568516090512276,0.02729984000325203,0.006273689214140177,0.0,0.0,0.0037059769965708256,0.0011473940685391426,0.0036674709990620613,0.031551096588373184,0.022581012919545174,0.05635962262749672,0.026224296540021896,0.0,0.0,0.0,0.0,0.0,0.007932182401418686,0.01187909860163927,0.00598550122231245,0.03898380324244499,0.0,0.0,0.0,0.0,9.391086496179923e-05,0.006507291924208403,0.019360940903425217,0.01692277193069458,0.019185395911335945,0.0015869486378505826,0.0,9.391086496179923e-05,0.0,0.005241844803094864,0.0030309204012155533,0.0096611138433218,0.024946361780166626,0.012335998006165028,0.007402054499834776,0.007750542834401131,0.001845729537308216,0.00940933357924223,0.0029865987598896027,9.391086496179923e-05,9.391086496179923e-05,0.017613163217902184,0.00828818790614605,0.006385750137269497,0.0030363351106643677,0.010118679143488407,0.05445636808872223,0.013129536993801594,0.0018542527686804533,0.0,0.0,0.0737631544470787,0.00370709877461195,0.005373197607696056,0.07795241475105286,0.02689368836581707,0.03220151364803314,0.0034553701989352703,0.010203242301940918,0.045372411608695984,0.006343705579638481,0.0038959882222115993,0.0,0.03675384074449539,0.02704225853085518,0.023620057851076126,0.0074541945941746235,0.004360598977655172,0.015328643843531609,0.002309862058609724,0.003296513808891177,0.0,0.0,0.023370113223791122,0.034546542912721634,0.019849181175231934,0.00309760682284832,0.023724794387817383,0.0029108806047588587,0.0,0.0,0.0,0.0,0.033133577555418015,0.016757782548666,0.0009409472695551813,0.00673364894464612,0.010706748813390732,0.0,0.0,0.0,0.008323529735207558,0.005240193568170071,0.005373538937419653,0.0,0.0,0.0,0.0,0.0,0.0,0.0034843054600059986,0.0,0.0,0.0,0.0,0.0,0.0
2025-09-26,0.0,0.0001087163618649356,0.0016494957963004708,0.0,0.02092045173048973,0.004602078348398209,0.003280840814113617,0.0,0.0,0.0,0.0,0.0016463125357404351,0.013520792126655579,0.09029799699783325,0.1586475819349289,0.0001087163618649356,0.0,0.0,0.0,0.0065634166821837425,0.01736784353852272,0.020998230203986168,0.027321286499500275,0.025320330634713173,0.0001087163618649356,0.0,0.0,0.0,0.009710288606584072,0.011514188721776009,0.021465200930833817,0.05077775567770004,0.047739967703819275,0.015184694901108742,0.000672503374516964,0.0,0.0,0.0018699553329497576,0.0004894657758995891,0.0036788559518754482,0.048472873866558075,0.021211503073573112,0.0623612254858017,0.036412496119737625,0.0,0.0,0.0,0.0,0.0,0.002854770515114069,0.013729974627494812,0.011333221569657326,0.05703854188323021,0.0,0.0,0.0,0.0,0.0001087163618649356,0.007721059024333954,0.01455308310687542,0.008275582455098629,0.02216409519314766,0.00152343581430614,0.0,0.0001087163618649356,0.0,0.006251590326428413,0.01580861024558544,0.010824883356690407,0.022768039256334305,0.01183749083429575,0.005681557115167379,0.004757567308843136,0.0023113032802939415,0.003316027345135808,0.0028956958558410406,0.0001087163618649356,0.0001087163618649356,0.007849162444472313,0.010574200190603733,0.0014841253869235516,0.0031322333961725235,0.004513872321695089,0.040655240416526794,0.012273149564862251,0.0006265797419473529,0.0,0.00247559929266572,0.09226847440004349,0.004336490761488676,0.016249360516667366,0.0631212443113327,0.03942518308758736,0.01804424077272415,0.002752506174147129,0.006981422193348408,0.03196811303496361,0.00652550533413887,0.004862425848841667,0.0,0.016800452023744583,0.015203732997179031,0.016151100397109985,0.006817156448960304,0.01606118120253086,0.0128233153373003,0.002622006693854928,0.006544560194015503,0.0,0.0,0.023085657507181168,0.04111836850643158,0.009895917028188705,0.009662616066634655,0.01674763485789299,0.0030586279463022947,0.0,0.0,0.0,0.0005663284100592136,0.06301267445087433,0.020261894911527634,0.0011088267201557755,0.006709602661430836,0.005207150708884001,0.0,0.0,0.0,0.003645996330305934,0.009927703067660332,0.010000723414123058,0.0,0.0,0.0,0.0,0.0,0.0,0.0026255915872752666,0.0,0.0,0.0,0.0,0.0,0.0
2025-09-27,0.0,0.00010662362910807133,0.0014562681317329407,0.0,0.010274070315063,0.004721230827271938,0.006324481219053268,0.0,0.0,0.0,0.0,0.0014968725154176354,0.008695363067090511,0.1018613949418068,0.1501139998435974,0.00010662362910807133,0.0,0.0,0.0,0.009165080264210701,0.009188085794448853,0.010833222419023514,0.03125854209065437,0.035892635583877563,0.00010662362910807133,0.0,0.0,0.0,0.017153022810816765,0.010041800327599049,0.034185487776994705,0.04123672470450401,0.04267420247197151,0.010786374099552631,0.0007138790679164231,0.0,0.0,0.0006587080424651504,0.0011982175055891275,0.0035374395083636045,0.0647827535867691,0.013172004371881485,0.06439567357301712,0.03161081299185753,0.0,0.0,0.0,0.0,0.0,0.0026195391546934843,0.015074476599693298,0.014826791360974312,0.04610035568475723,0.0,0.0,0.0,0.0,0.00010662362910807133,0.0043676807545125484,0.008947259746491909,0.003238092176616192,0.02371867187321186,0.001288212020881474,0.0,0.00010662362910807133,0.0,0.008740551769733429,0.022204402834177017,0.010361867025494576,0.0153201874345541,0.005114177707582712,0.004876038059592247,0.002974463626742363,0.002987376879900694,0.0049291206523776054,0.0032584043219685555,0.00010662362910807133,0.00010662362910807133,0.0065548899583518505,0.010874507017433643,0.0011876594508066773,0.009855739772319794,0.0022264861036092043,0.042415451258420944,0.014646782539784908,0.0003105402865912765,0.010134153068065643,0.008982546627521515,0.08384791016578674,0.007105791941285133,0.005009087733924389,0.07000996172428131,0.05147663503885269,0.013710047118365765,0.0010991228045895696,0.006878628861159086,0.028395192697644234,0.019567282870411873,0.005029949359595776,0.0,0.011986831203103065,0.01969171315431595,0.013869727961719036,0.0078085544519126415,0.011871041730046272,0.010183964855968952,0.004212405998259783,0.013798032887279987,0.0,0.0,0.026484601199626923,0.029292790219187737,0.0065658376552164555,0.008108710870146751,0.021868344396352768,0.003282402642071247,0.0,0.0,0.0,0.0032103112898766994,0.055062390863895416,0.010011328384280205,7.689115591347218e-06,0.005639605689793825,0.00858843419700861,0.0,0.0,0.0,0.0015406031161546707,0.013208828866481781,0.006842628121376038,0.0,0.0,0.0,0.0,0.0,0.0,0.003432848723605275,0.0,0.0,0.0,0.0,0.0,0.0
2025-09-28,0.0,0.00010180370736634359,0.0009527158690616488,0.0,0.018795479089021683,0.007950294762849808,0.007614920847117901,0.0,0.0,0.0,0.0,0.0041874186135828495,0.02116839587688446,0.10391955077648163,0.13537141680717468,0.00010180370736634359,0.0,0.0,0.0,0.003829505993053317,0.01669594645500183,0.011809425428509712,0.030077708885073662,0.032921202480793,0.00010180370736634359,0.0,0.0,0.0,0.01823275536298752,0.0038090627640485764,0.03007424995303154,0.053160954266786575,0.043674126267433167,0.006275820545852184,0.011736579239368439,0.0,0.0,0.00023892830358818173,0.003646962344646454,0.002561504952609539,0.06771828234195709,0.011651480570435524,0.042391594499349594,0.04661456495523453,0.0,0.0,0.0,0.0,0.0,0.010570813901722431,0.009427242912352085,0.005615986417979002,0.04951125383377075,0.0,0.0,0.0,0.0,0.00010180370736634359,0.0024362097028642893,0.013123531825840473,0.003706066869199276,0.014781245961785316,0.0018148667877539992,0.0,0.00010180370736634359,0.0,0.01483316719532013,0.020196422934532166,0.008942486718297005,0.021959926933050156,0.007019363343715668,0.004418616648763418,0.006049556657671928,0.002932795789092779,0.005088675767183304,0.0031086071394383907,0.00010180370736634359,0.00010180370736634359,0.008461590856313705,0.012131164781749249,0.0017775883898139,0.03209825977683067,0.003936012741178274,0.039409343153238297,0.011062408797442913,0.00045930646592751145,0.0,0.004794754087924957,0.07432045042514801,0.0023634391836822033,0.004100141115486622,0.0625908374786377,0.06296582520008087,0.032975271344184875,0.00035200954880565405,0.008710857480764389,0.02792595513164997,0.0018296781927347183,0.00582842156291008,0.0,0.011789951473474503,0.022057631984353065,0.010764709673821926,0.015436248853802681,0.015398675575852394,0.005715083330869675,0.004158462397754192,0.012637989595532417,0.0,0.0,0.02819676510989666,0.036195699125528336,0.00591949000954628,0.010373147204518318,0.018650859594345093,0.003588852472603321,0.0,0.0,0.0,0.007138655986636877,0.0626840740442276,0.012322739697992802,0.000450713443569839,0.006364625878632069,0.019565582275390625,0.0,0.0,0.0,0.00032697292044758797,0.015007497742772102,0.006869621109217405,0.0,0.0,0.0,0.0,0.0,0.0,0.00471267756074667,0.0,0.0,0.0,0.0,0.0,0.0
2025-09-29,0.0,8.911425538826734e-05,0.0012226151302456856,0.0,0.010657986626029015,0.005418292246758938,0.007366631180047989,0.0,0.0,0.0,0.0,0.0014391676522791386,0.02074339985847473,0.09369931370019913,0.13551224768161774,8.911425538826734e-05,0.0,0.0,0.0,0.004301548469811678,0.010988169349730015,0.012852789834141731,0.028794579207897186,0.034111276268959045,8.911425538826734e-05,0.0,0.0,0.0,0.016226137056946754,0.00033773109316825867,0.029171869158744812,0.0363590270280838,0.04901997745037079,0.008813823573291302,0.0019288747571408749,0.0,0.0,0.0006014410173520446,0.010380502790212631,0.004228968173265457,0.05505558103322983,0.011388760060071945,0.043676670640707016,0.04902643710374832,0.0,0.0,0.0,0.0,0.0,0.004565518815070391,0.008531579747796059,0.004013461526483297,0.057708777487277985,0.0,0.0,0.0,0.0,8.911425538826734e-05,0.005409302189946175,0.0165427103638649,0.005406267940998077,0.02518852986395359,0.0014852157328277826,0.0,8.911425538826734e-05,0.0,0.010786805301904678,0.00938432477414608,0.0065644271671772,0.00933055393397808,0.006312963552772999,0.007449844852089882,0.0018359352834522724,0.0028073559515178204,0.005221781320869923,0.0024346914142370224,8.911425538826734e-05,8.911425538826734e-05,0.01380167156457901,0.02924453467130661,0.0015653071459382772,0.022401276975870132,0.02330627478659153,0.03321680426597595,0.015162497758865356,0.0008769604028202593,0.0,0.011060814373195171,0.06465069204568863,0.010745608247816563,0.004964874126017094,0.07660055160522461,0.05880726873874664,0.02440352737903595,0.00038270873483270407,0.009696152992546558,0.03450813144445419,0.007811068091541529,0.005868752487003803,0.0,0.011013569310307503,0.02264546975493431,0.015659427270293236,0.014185123145580292,0.01725303754210472,0.011934460140764713,0.004177624359726906,0.006917421706020832,0.0,0.0,0.030046720057725906,0.04524224251508713,0.007078344002366066,0.0037985672242939472,0.02098545804619789,0.003918953239917755,0.0,0.0,0.0,0.013653933070600033,0.06422620266675949,0.02117343619465828,0.00024068262428045273,0.016419516876339912,0.010706715285778046,0.0,0.0,0.0,0.0024765704292804003,0.01535341702401638,0.012318178080022335,0.0,0.0,0.0,0.0,0.0,0.0,0.004005671478807926,0.0,0.0,0.0,0.0,0.0,0.0
2025-09-30,0.0,0.00010414664575364441,0.0034111239947378635,0.0,0.008993004448711872,0.003945866134017706,0.007380153052508831,0.0,0.0,0.0,0.0,0.0008031568140722811,0.013811301440000534,0.08977259695529938,0.11635656654834747,0.00010414664575364441,0.0,0.0,0.0,0.0009186640381813049,0.01291802991181612,0.02536800689995289,0.01357003953307867,0.01996646448969841,0.00010414664575364441,0.0,0.0,0.0,0.009396192617714405,0.007401283364742994,0.024406200274825096,0.024137428030371666,0.03239898756146431,0.010804081335663795,0.0014686246868222952,0.0,0.0,0.0009974876884371042,0.0036412663757801056,0.001983536873012781,0.05064144730567932,0.010530233383178711,0.05954372137784958,0.04221753776073456,0.0,0.0,0.0,0.0,0.0,0.01007565762847662,0.015228369273245335,0.004697626922279596,0.06637721508741379,0.0,0.0,0.0,0.0,0.00010414664575364441,0.009085948579013348,0.02301342971622944,0.007695439737290144,0.017928410321474075,0.0014171618968248367,0.0,0.00010414664575364441,0.0,0.006044883746653795,0.010382935404777527,0.011621348559856415,0.01875314861536026,0.007809429429471493,0.004952040035277605,0.0022148191928863525,0.0025155325420200825,0.004203916527330875,0.002791603095829487,0.00010414664575364441,0.00010414664575364441,0.008740498684346676,0.017808537930250168,0.0011398775968700647,0.011345891281962395,0.009294585324823856,0.030679311603307724,0.009624588303267956,0.0013530375435948372,0.0,0.0070420061238110065,0.062052495777606964,0.009365432895720005,0.004292019177228212,0.07295840233564377,0.05195101350545883,0.021039122715592384,0.003564688377082348,0.011174947954714298,0.02559822052717209,0.015243260189890862,0.006221632473170757,0.0,0.02024116925895214,0.018884990364313126,0.016544466838240623,0.005743518937379122,0.007523327600210905,0.005673577077686787,0.003337797475978732,0.007695759646594524,0.0,0.0,0.029414623975753784,0.042636677622795105,0.01651371456682682,0.005020741373300552,0.035685330629348755,0.0037496103905141354,0.0,0.0,0.0,0.006185398902744055,0.046682171523571014,0.018126726150512695,0.0,0.006840718910098076,0.010029079392552376,0.0,0.0,0.0,0.002453854773193598,0.008974873460829258,0.009458830580115318,0.0,0.0,0.0,0.0,0.0,0.0,0.004433546680957079,0.0,0.0,0.0,0.0,0.0,0.0
2025-10-01,0.0,9.055776172317564e-05,0.0014575079549103975,0.0,0.013531595468521118,0.004709893837571144,0.004532869439572096,0.0,0.0,0.0,0.0,0.0015762820839881897,0.016003455966711044,0.10597264766693115,0.12125150859355927,9.055776172317564e-05,0.0,0.0,0.0,0.0,0.022113759070634842,0.0216728113591671,0.014574114233255386,0.02529868483543396,9.055776172317564e-05,0.0,0.0,0.0,0.01334434561431408,0.002163989469408989,0.02418447658419609,0.04128037393093109,0.0511799156665802,0.010870877653360367,0.0021136931609362364,0.0,0.0,0.0008573037339374423,0.0023593069054186344,0.003375595435500145,0.04206247627735138,0.015885090455412865,0.04754553735256195,0.045279305428266525,0.0,0.0,0.0,0.0,0.0,0.005280189216136932,0.010872396640479565,0.008140047080814838,0.059328675270080566,0.0,0.0,0.0,0.0,9.055776172317564e-05,0.004777250811457634,0.034861594438552856,0.005805498920381069,0.017661001533269882,0.0013667319435626268,0.0,9.055776172317564e-05,0.0,0.00439233984798193,0.015741052106022835,0.009310530498623848,0.02528231218457222,0.010982419364154339,0.004786083474755287,0.0030416264198720455,0.0030802618712186813,0.005768241360783577,0.0024673226289451122,9.055776172317564e-05,9.055776172317564e-05,0.004800570663064718,0.010565918870270252,0.0003224239044357091,0.00736266141757369,0.012251725420355797,0.0444328673183918,0.011475518345832825,0.0012042517773807049,0.0,0.012446632608771324,0.0736127719283104,0.004526130855083466,0.007340877316892147,0.09264519065618515,0.06611813604831696,0.031793124973773956,0.0002449959283694625,0.01350230909883976,0.03250691667199135,0.008449158631265163,0.004107552580535412,0.0,0.011149231344461441,0.026577921584248543,0.006913129240274429,0.004358777776360512,0.007360732648521662,0.02114015445113182,0.0030395113863050938,0.013111143372952938,0.0,0.0,0.03286777064204216,0.04415999352931976,0.015602752566337585,0.007291084621101618,0.027133245021104813,0.0035734865814447403,0.0,0.0,0.0,0.0020829075947403908,0.03565894812345505,0.019506778568029404,0.0,0.005798776168376207,0.005295042414218187,0.0,0.0,0.0,0.0006800144910812378,0.012101056054234505,0.013727739453315735,0.0,0.0,0.0,0.0,0.0,0.0,0.004339032340794802,0.0,0.0,0.0,0.0,0.0,0.0
2025-10-02,0.0,9.493001562077552e-05,0.0013595499331131577,0.0,0.022509906440973282,0.006084625609219074,0.005071389488875866,0.0,0.0,0.0,0.0,0.001615160028450191,0.014094287529587746,0.09755946695804596,0.1365153193473816,9.493001562077552e-05,0.0,0.0,0.0,0.0021554625127464533,0.030246153473854065,0.015035068616271019,0.014785602688789368,0.0200631245970726,9.493001562077552e-05,0.0,0.0,0.0,0.008781136944890022,0.005452664103358984,0.04156367480754852,0.020340682938694954,0.03685348108410835,0.028847787529230118,0.0027475326787680387,0.0,0.0,0.0014057924272492528,0.0011762466747313738,0.004651923663914204,0.03207678720355034,0.029528852552175522,0.04509638994932175,0.030061732977628708,0.0,0.0,0.0,0.0,0.0,0.004149229731410742,0.014597783796489239,0.006034899968653917,0.06871484965085983,0.0,0.0,0.0,0.0,9.493001562077552e-05,0.004443139303475618,0.03618445619940758,0.004733956418931484,0.017502084374427795,0.0017036506906151772,0.0,9.493001562077552e-05,0.0,0.003461296670138836,0.013547196052968502,0.007498923689126968,0.02427010051906109,0.009404287673532963,0.004471771884709597,0.0029251850210130215,0.004291987046599388,0.005121098831295967,0.0031773331575095654,9.493001562077552e-05,9.493001562077552e-05,0.010440587997436523,0.013853305950760841,0.00038680798024870455,0.006553804036229849,0.004972148686647415,0.049759991466999054,0.014010012149810791,0.0016804600600153208,0.0011690338142216206,0.010373301804065704,0.06534232199192047,0.012508461251854897,0.019160326570272446,0.0729297548532486,0.04608243331313133,0.031178921461105347,0.00034973525907844305,0.010419677011668682,0.05066775530576706,0.007000034209340811,0.002669262234121561,0.0,0.013159625232219696,0.029493454843759537,0.007999036461114883,0.009686261415481567,0.013699284754693508,0.01489876490086317,0.0026779514737427235,0.007392033934593201,0.0,0.0,0.018210507929325104,0.031719960272312164,0.010766750201582909,0.006523189600557089,0.02523837797343731,0.003510397393256426,0.0,0.0,0.0,0.00027083419263362885,0.0412871316075325,0.025895416736602783,0.0,0.007169167511165142,0.004996579140424728,0.0,0.0,0.0,0.002086496213451028,0.010709645226597786,0.009013613685965538,0.0,0.0,0.0,0.0,0.0,0.0,0.003655956592410803,0.0,0.0,0.0,0.0,0.0,0.0
2025-10-03,0.0,9.683472308097407e-05,0.0013623809209093451,0.0,0.011828083544969559,0.004769172985106707,0.0032352551352232695,0.0,0.0,0.0,0.0,0.0018827179446816444,0.019013691693544388,0.07909102737903595,0.13642096519470215,9.683472308097407e-05,0.0,0.0,0.0,0.0024721596855670214,0.037018388509750366,0.02074936404824257,0.020609449595212936,0.018046097829937935,9.683472308097407e-05,0.0,0.0,0.0,0.009223055094480515,0.010258945636451244,0.03971484676003456,0.01821671426296234,0.03648557513952255,0.013391658663749695,0.002877430059015751,0.0,0.0,0.0011089175241068006,0.0005592728266492486,0.005613965447992086,0.028705980628728867,0.015355056151747704,0.03808385506272316,0.02952532470226288,0.0,0.0,0.0,0.0,0.0,0.004930222872644663,0.008036929182708263,0.007431999780237675,0.03764469921588898,0.0,0.0,0.0,0.0,9.683472308097407e-05,0.0032808310352265835,0.02407841384410858,0.004787896294146776,0.013508311472833157,0.0017810321878641844,0.0,9.683472308097407e-05,0.0,0.003242061473429203,0.010662892833352089,0.007285036146640778,0.012932080775499344,0.01950308494269848,0.003934450913220644,0.0030652214772999287,0.005570429842919111,0.0055331457406282425,0.0028500258922576904,9.683472308097407e-05,9.683472308097407e-05,0.01761365495622158,0.005278063006699085,0.0015070459339767694,0.005079328548163176,0.005177491810172796,0.036628011614084244,0.010143760591745377,0.0012837937101721764,0.005783973261713982,0.017587576061487198,0.0922686979174614,0.0022171721793711185,0.006266891956329346,0.08982826769351959,0.046387962996959686,0.014024433679878712,0.00141660135705024,0.008951788768172264,0.04870586097240448,0.008343813009560108,0.006045754998922348,0.0,0.02213403396308422,0.03662144020199776,0.008529150858521461,0.007586986292153597,0.006546558812260628,0.020916838198900223,0.0029294525738805532,0.007414695806801319,0.0,0.0,0.013153337873518467,0.04419860243797302,0.015517350286245346,0.008197151124477386,0.030231814831495285,0.003417559899389744,0.0,0.0,0.0,0.0,0.03513984754681587,0.022779706865549088,1.7886399291455746e-05,0.006827417761087418,0.004870689008384943,0.0,0.0,0.0,0.00827703531831503,0.011912738904356956,0.008073369041085243,0.0,0.0,0.0,0.0,0.0,0.0,0.012228709645569324,0.0,0.0,0.0,0.0,0.0,0.0
2025-10-04,0.0,0.00010244976147077978,0.0013422634219750762,0.0,0.010005197487771511,0.003436814760789275,0.007350745610892773,0.0,0.0,0.0,0.0,0.0017710772808641195,0.012382905930280685,0.07956980168819427,0.1525598019361496,0.00010244976147077978,0.0,0.0,0.0,0.0035693843383342028,0.03605157881975174,0.012772939167916775,0.028160184621810913,0.025602687150239944,0.00010244976147077978,0.0,0.0,0.0,0.006603936664760113,0.013177044689655304,0.047320980578660965,0.03209719806909561,0.026256786659359932,0.006484154146164656,0.0023864556569606066,0.0,0.0,0.0012902936432510614,0.0009472359670326114,0.006525460164994001,0.03429941460490227,0.016859926283359528,0.041860152035951614,0.029479119926691055,0.0,0.0,0.0,0.0,0.0,0.002271300181746483,0.011332323774695396,0.011117489077150822,0.023912493139505386,0.0,0.0,0.0,0.0,0.00010244976147077978,0.003574864938855171,0.019626766443252563,0.005331641994416714,0.020056646317243576,0.0019239519024267793,0.0,0.00010244976147077978,0.0,0.00237842183560133,0.0095371063798666,0.014080074615776539,0.017352242022752762,0.013520302250981331,0.007458730600774288,0.0041159773245453835,0.005608839448541403,0.007824579253792763,0.003203407395631075,0.00010244976147077978,0.00010244976147077978,0.006373053882271051,0.009362304583191872,0.0008206780767068267,0.005211075767874718,0.00519906310364604,0.016525015234947205,0.010623418726027012,0.001239280914887786,0.014989298768341541,0.00799375306814909,0.09696058928966522,0.008361454121768475,0.002453941386193037,0.06808318197727203,0.048360832035541534,0.008179008960723877,0.0017437420319765806,0.007172615732997656,0.04725859314203262,0.010682307183742523,0.012895924970507622,0.0,0.01073785126209259,0.0235004760324955,0.011412421241402626,0.007365587633103132,0.005430216901004314,0.028281431645154953,0.0015303438995033503,0.013096077367663383,0.0,0.0,0.017604097723960876,0.042483169585466385,0.008832257241010666,0.01084308885037899,0.01814049668610096,0.0033141784369945526,0.0,0.0,0.0,0.0,0.02120407484471798,0.006603548303246498,0.00015779701061546803,0.005791889503598213,0.004820282105356455,0.0,0.0,0.0,0.01506088301539421,0.020631149411201477,0.005665825679898262,0.0,0.0,0.0,0.0,0.0,0.0,0.020365417003631592,0.0,0.0,0.0,0.0,0.0,0.0
2025-10-05,0.0,0.0001128993317252025,0.001326223136857152,0.0,0.013104778714478016,0.0034604016691446304,0.00349364522844553,0.0,0.0,0.0,0.0,0.0019401306053623557,0.008482351899147034,0.11155970394611359,0.13448914885520935,0.0001128993317252025,0.0,0.0,0.0,0.0037819957360625267,0.022317195311188698,0.01204058900475502,0.031040556728839874,0.02782154083251953,0.0001128993317252025,0.0,0.0,0.0,0.009220153093338013,0.005465040449053049,0.021752970293164253,0.021429650485515594,0.034456413239240646,0.011504844762384892,0.001992415636777878,0.0,0.0,0.0015085393097251654,0.001438006293028593,0.007640910800546408,0.04527169466018677,0.014032256789505482,0.03762998804450035,0.0190306156873703,0.0,0.0,0.0,0.0,0.0,0.003875355003401637,0.019245268777012825,0.0221161600202322,0.03126266971230507,0.0,0.0,0.0,0.0,0.0001128993317252025,0.003947558347135782,0.020381104201078415,0.0051958803087472916,0.020287280902266502,0.0015184489311650395,0.0,0.0001128993317252025,0.0,0.0025400910526514053,0.013463899493217468,0.027122607454657555,0.01576959900557995,0.006432637572288513,0.007925450801849365,0.006949290633201599,0.005803828593343496,0.004390944726765156,0.003493068739771843,0.0001128993317252025,0.0001128993317252025,0.003926203586161137,0.027596741914749146,0.0011150558711960912,0.0046439021825790405,0.007763684261590242,0.012907620519399643,0.018264014273881912,0.0014025038108229637,0.005611272528767586,0.005703916773200035,0.10737572610378265,0.006957537028938532,0.0020407414995133877,0.05211329087615013,0.049801163375377655,0.0142707210034132,0.0021201479248702526,0.0057394299656152725,0.04759420454502106,0.01868939772248268,0.006136595271527767,0.0,0.014000877737998962,0.018285494297742844,0.02421930804848671,0.00951388105750084,0.0049830228090286255,0.02000676468014717,0.00041187554597854614,0.006675238721072674,0.0,0.0,0.011659080162644386,0.03534391522407532,0.010714033618569374,0.007727848365902901,0.015897396951913834,0.0030920032877475023,0.0,0.0,0.0,0.0002977491822093725,0.029003173112869263,0.007826035842299461,0.0008339014602825046,0.0051428405568003654,0.005163467023521662,0.0,0.0,0.0,0.02697511576116085,0.011118334718048573,0.003952616360038519,0.0,0.0,0.0,0.0,0.0,0.0,0.0036792936734855175,0.0,0.0,0.0,0.0,0.0,0.0
2025-10-06,0.0,0.00013548553397413343,0.0007079734350554645,0.0,0.02127213217318058,0.007435908541083336,0.0034133759327232838,0.0,0.0,0.0,0.0,0.0012873627711087465,0.00494100246578455,0.09939409792423248,0.12116049230098724,0.00013548553397413343,0.0,0.0,0.0,0.0037824721075594425,0.024038176983594894,0.011583609506487846,0.03445848077535629,0.027392864227294922,0.00013548553397413343,0.0,0.0,0.0,0.009200812317430973,0.009142660535871983,0.019651662558317184,0.04493517056107521,0.05124271661043167,0.020621245726943016,0.0018787689041346312,0.0,0.0,0.001791232731193304,0.0013726596953347325,0.008767614141106606,0.06139763444662094,0.0197873767465353,0.04125264659523964,0.019859395921230316,0.0,0.0,0.0,0.0,0.0,0.0044002230279147625,0.014347879216074944,0.010185535997152328,0.03989982232451439,0.0,0.0,0.0,0.0,0.00013548553397413343,0.0077592008747160435,0.027998890727758408,0.004622131586074829,0.022002948448061943,0.0,0.0,0.00013548553397413343,0.0,0.005250816699117422,0.0157336238771677,0.018007345497608185,0.022008735686540604,0.004103479906916618,0.01548200473189354,0.01333756186068058,0.006044337060302496,0.0033250083215534687,0.003550367895513773,0.00013548553397413343,0.00013548553397413343,0.004701297730207443,0.030438996851444244,0.0010574483312666416,0.003622832242399454,0.012344022281467915,0.022277604788541794,0.011385614052414894,0.0016187322326004505,0.0019609015434980392,0.002648873021826148,0.0768156573176384,0.013695620000362396,0.0015012533403933048,0.06905937194824219,0.06521549820899963,0.021425383165478706,0.002358242403715849,0.008364535868167877,0.043815985321998596,0.008794587105512619,0.0024312490131706,0.0,0.02209050953388214,0.014986120164394379,0.02380131185054779,0.008738376200199127,0.010767373256385326,0.019070634618401527,0.0016606642166152596,0.004534234758466482,0.0,0.0,0.013275518082082272,0.029099183157086372,0.010335789993405342,0.011437453329563141,0.01863514445722103,0.003036188893020153,0.0,0.0,0.0,0.0003004088066518307,0.03826330602169037,0.0038515087217092514,0.0017788836266845465,0.0033867121674120426,0.0074296630918979645,0.0,0.0,0.0,0.028713123872876167,0.008438721299171448,0.0034831303637474775,0.0,0.0,0.0,0.0,0.0,0.0,0.00023818016052246094,0.0,0.0,0.0,0.0,0.0,0.0
2025-10-07,0.0,0.00013271081843413413,0.0007582080434076488,0.0,0.012239694595336914,0.017965057864785194,0.007477281149476767,0.0,0.0,0.0,0.0,0.001862575183622539,0.004097762983292341,0.08255153149366379,0.10413655638694763,0.00013271081843413413,0.0,0.0,0.0,0.0015991737600415945,0.02250291034579277,0.018700292333960533,0.018460508435964584,0.028537649661302567,0.00013271081843413413,0.0,0.0,0.0,0.013336106203496456,0.009714684449136257,0.02697587199509144,0.03754499927163124,0.05620686709880829,0.01438063569366932,0.0018554809503257275,0.0,0.0,0.0017522501293569803,0.0015567471273243427,0.00518311420455575,0.05974756181240082,0.022514790296554565,0.07171684503555298,0.019483743235468864,0.0,0.0,0.0,0.0,0.0,0.0053945863619446754,0.013659189455211163,0.0050351545214653015,0.045710209757089615,0.0,0.0,0.0,0.0,0.00013271081843413413,0.007306025363504887,0.01582643948495388,0.004724825266748667,0.012890121899545193,0.0017731256084516644,0.0,0.00013271081843413413,0.0,0.012702696025371552,0.017457857728004456,0.015336099080741405,0.0149821937084198,0.008050458505749702,0.009350664913654327,0.006731456145644188,0.006913734599947929,0.004079270176589489,0.005042552016675472,0.00013271081843413413,0.00013271081843413413,0.006843495182693005,0.019383668899536133,0.0012792992638424039,0.010768580250442028,0.0071010286919772625,0.02657640166580677,0.020101305097341537,0.0016158026410266757,0.00043906690552830696,0.0017135962843894958,0.07030118256807327,0.010359518229961395,0.007678796071559191,0.06036311388015747,0.0689609944820404,0.038259439170360565,0.0030298326164484024,0.010136802680790424,0.051294006407260895,0.008253139443695545,0.002240048721432686,0.0,0.025279052555561066,0.021672323346138,0.02913866937160492,0.007524027954787016,0.006407851353287697,0.012301012873649597,0.0020647929050028324,0.005178501829504967,0.0,0.0,0.018653739243745804,0.049855463206768036,0.0106488186866045,0.007838170044124126,0.020615892484784126,0.0030848290771245956,0.0,0.0,0.0,6.891984958201647e-05,0.058058612048625946,0.006313168443739414,0.002446552738547325,0.004959982819855213,0.007328970357775688,0.0,0.0,0.0,0.013307327404618263,0.00939811859279871,0.00418569752946496,0.0,0.0,0.0,0.0,0.0,0.0,0.0024436500389128923,0.0,0.0,0.0,0.0,0.0,0.0
2025-10-08,0.0,0.00013154299813322723,0.003267084714025259,0.0,0.013235276564955711,0.007947801612317562,0.007987686432898045,0.0,0.0,0.0,0.0,0.004062609281390905,0.017021389678120613,0.07045944780111313,0.1136925220489502,0.00013154299813322723,0.0,0.0,0.0,0.0018915226683020592,0.012253602035343647,0.013107117265462875,0.02417217381298542,0.032831206917762756,0.00013154299813322723,0.0,0.0,0.0,0.009420420043170452,0.0061155809089541435,0.02754848264157772,0.02945907786488533,0.0549948513507843,0.013970533385872841,0.0022295506205409765,0.0,0.0,0.001951663289219141,0.0019877899903804064,0.01027349941432476,0.04435855895280838,0.007668818347156048,0.06738529354333878,0.03635907918214798,0.0,0.0,0.0,0.0,0.0,0.0047713275998830795,0.019268395379185677,0.004732789006084204,0.04205862432718277,0.0,0.0,0.0,0.0,0.00013154299813322723,0.018727144226431847,0.01136520691215992,0.006326287053525448,0.015034519135951996,0.0019911921117454767,0.0,0.00013154299813322723,0.0,0.003991220146417618,0.007470337208360434,0.0024823369458317757,0.017747756093740463,0.008478834293782711,0.015535039827227592,0.0038625593297183514,0.007722568232566118,0.008100330829620361,0.002384858438745141,0.00013154299813322723,0.00013154299813322723,0.005056696478277445,0.00878655444830656,0.0011870579328387976,0.003052756655961275,0.004357978701591492,0.04434832185506821,0.02307361364364624,0.001578619470819831,0.0006917021237313747,0.0023285280913114548,0.06557195633649826,0.0075019486248493195,0.005925312638282776,0.04580102488398552,0.048594653606414795,0.022522835060954094,0.0033893464133143425,0.012684891000390053,0.03420373797416687,0.005748328752815723,0.0008346531540155411,0.0,0.026610117405653,0.011441363953053951,0.039123278111219406,0.0057571083307266235,0.011344549246132374,0.030765144154429436,0.0013399722520262003,0.010114938020706177,0.0,0.0,0.015542453154921532,0.04384824261069298,0.009112977422773838,0.0004824856296181679,0.030214842408895493,0.0032813227735459805,0.0,0.0,0.0,0.0007614947971887887,0.02948947250843048,0.007884002290666103,0.0021187730599194765,0.013545284047722816,0.013930089771747589,0.0,0.0,0.0,0.014963565394282341,0.018393676728010178,0.0029285221826285124,0.0,0.0,0.0,0.0,0.0,0.0,0.002787313424050808,0.0,0.0,0.0,0.0,0.0,0.0
2025-10-09,0.0,9.631531429477036e-05,0.0007997883367352188,0.0,0.011942330747842789,0.00672804145142436,0.013844521716237068,0.0,0.0,0.0,0.0,0.0016141068190336227,0.0049898866564035416,0.07216586172580719,0.11568446457386017,9.631531429477036e-05,0.0,0.0,0.0,0.006109792739152908,0.005036805756390095,0.02099783718585968,0.022195441648364067,0.020607616752386093,9.631531429477036e-05,0.0,0.0,0.0,0.014027771539986134,0.0070726461708545685,0.02802521362900734,0.04052838683128357,0.07424986362457275,0.015104878693819046,0.0019965358078479767,0.0,0.0,0.001643005758523941,0.0,0.0046335444785654545,0.056946415454149246,0.010634282603859901,0.05256832763552666,0.03549017012119293,0.0,0.0,0.0,0.0,0.0,0.005428275093436241,0.01616826467216015,0.01010478101670742,0.03399648517370224,0.0,0.0,0.0,0.0,9.631531429477036e-05,0.005728540010750294,0.008810941129922867,0.0036285200621932745,0.015092415735125542,0.001547657186165452,0.0,9.631531429477036e-05,0.0,0.0036335340701043606,0.0025029657408595085,0.0037684207782149315,0.01275973953306675,0.012003288604319096,0.007818436250090599,0.0008955386001616716,0.008197678253054619,0.0036854150239378214,0.002382501494139433,9.631531429477036e-05,9.631531429477036e-05,0.007767905946820974,0.005310376174747944,0.0011343038640916348,0.003939182031899691,0.0032496065832674503,0.043688513338565826,0.016497330740094185,0.001061198185198009,0.0009834954980760813,0.002021870343014598,0.07109056413173676,0.007876019924879074,0.0137395691126585,0.06838665902614594,0.030339792370796204,0.03246742859482765,0.0027132767718285322,0.01764543727040291,0.02850603684782982,0.0075282384641468525,0.0038642818108201027,0.0,0.03626994416117668,0.012451768852770329,0.022498629987239838,0.008781734853982925,0.004089138470590115,0.02273314818739891,0.0019730080384761095,0.004758043680340052,0.0,0.0,0.012120382860302925,0.043964941054582596,0.014444492757320404,0.005540645215660334,0.028746003285050392,0.0040059383027255535,0.0,0.0,0.0,0.0005667525692842901,0.024428697302937508,0.01346762478351593,0.0012922852765768766,0.0034158744383603334,0.014505244791507721,0.0,0.0,0.0,0.011602802202105522,0.010787452571094036,0.0022080023773014545,0.0,0.0,0.0,0.0,0.0,0.0,0.003182189306244254,0.0,0.0,0.0,0.0,0.0,0.0
2025-10-10,0.0,0.00011673876724671572,0.0005988552002236247,0.0,0.014119142666459084,0.011147262528538704,0.009622650220990181,0.0,0.0,0.0,0.0,0.0014508916065096855,0.003744116984307766,0.07118123024702072,0.10127818584442139,0.00011673876724671572,0.0,0.0,0.0,0.004608707502484322,0.00483632180839777,0.027333572506904602,0.022140849381685257,0.025318335741758347,0.00011673876724671572,0.0,0.0,0.0,0.008110684342682362,0.0022857151925563812,0.03438229113817215,0.045081593096256256,0.06844105571508408,0.025456484407186508,0.0024820021353662014,0.0,0.0,0.0002826872223522514,0.0014433251926675439,0.00339009752497077,0.0665818527340889,0.020025584846735,0.033611975610256195,0.02076619863510132,0.0,0.0,0.0,0.0,0.0,0.006174830719828606,0.017016414552927017,0.01006007008254528,0.06991767138242722,0.0,0.0,0.0,0.0,0.00011673876724671572,0.002325163222849369,0.018012087792158127,0.003936825320124626,0.019463777542114258,0.000862891145516187,0.0,0.00011673876724671572,0.0,0.008444792591035366,0.0206944327801466,0.022571559995412827,0.0183365810662508,0.010327810421586037,0.007395067252218723,0.010907536372542381,0.008315183222293854,0.0036261621862649918,0.007523273583501577,0.00011673876724671572,0.00011673876724671572,0.01719549484550953,0.004909156356006861,0.0010461072670295835,0.013282446190714836,0.004550027661025524,0.03364821523427963,0.0201633982360363,0.0,0.002250121906399727,0.003512632567435503,0.07252895832061768,0.02139071188867092,0.00468833465129137,0.06594641506671906,0.04389290511608124,0.01998419500887394,0.002354069147258997,0.007854416035115719,0.03127216920256615,0.005621733143925667,0.007339135278016329,0.0,0.036464352160692215,0.01314491406083107,0.010495982132852077,0.010615002363920212,0.002232867293059826,0.018341051414608955,0.005790975876152515,0.0041934652253985405,0.0,0.0,0.014008431695401669,0.04875650256872177,0.018434787169098854,0.025202210992574692,0.019878624007105827,0.0028138747438788414,0.0,0.0,0.0,0.0029182713478803635,0.033225852996110916,0.01243310235440731,0.002672765403985977,0.0014551810454577208,0.010266629979014397,0.0,0.0,0.0,0.007948130369186401,0.0065567102283239365,0.002011514501646161,0.0,0.0,0.0,0.0,0.0,0.0,0.006501194089651108,0.0,0.0,0.0,0.0,0.0,0.0
2025-10-11,0.0,0.00013056851457804441,0.0010676381643861532,0.0,0.012331601232290268,0.005819348152726889,0.01282639242708683,0.0,0.0,0.0,0.0,0.0015557786682620645,0.00453595444560051,0.08363297581672668,0.09626646339893341,0.00013056851457804441,0.0,0.0,0.0,0.0018840375123545527,0.01460451353341341,0.018736500293016434,0.011551816016435623,0.02037704363465309,0.00013056851457804441,0.0,0.0,0.0,0.012196424417197704,0.0025749565102159977,0.026727696880698204,0.029040131717920303,0.05817617475986481,0.010631534270942211,0.004296219442039728,0.0,0.0,0.0018211195711046457,0.0017932310001924634,0.0031301684211939573,0.05252005159854889,0.00811741966754198,0.03307909518480301,0.021820317953824997,0.0,0.0,0.0,0.0,0.0,0.0069770198315382,0.013897213153541088,0.0202951543033123,0.06997980177402496,0.0,0.0,0.0,0.0,0.00013056851457804441,0.0058381096459925175,0.009529154747724533,0.008620445616543293,0.012774073518812656,0.0004805331991519779,0.0,0.00013056851457804441,0.0,0.019386036321520805,0.008517304435372353,0.02791241556406021,0.011023998260498047,0.015956800431013107,0.0123947998508811,0.008399289101362228,0.00999976322054863,0.01140000019222498,0.003160869935527444,0.00013056851457804441,0.00013056851457804441,0.016745368018746376,0.010412964038550854,0.00011366826947778463,0.019986847415566444,0.009346187114715576,0.046168453991413116,0.017089784145355225,0.0008680287864990532,0.011141807772219181,0.005182438995689154,0.07933112978935242,0.014324135147035122,0.0004032514989376068,0.057880476117134094,0.0461689718067646,0.028832832351326942,0.0016985051333904266,0.008345814421772957,0.0209931880235672,0.004995047580450773,0.0042708031833171844,0.0,0.022015467286109924,0.022892123088240623,0.023297620937228203,0.010980932042002678,0.003504387103021145,0.010409193113446236,0.015012115240097046,0.0041564819402992725,0.0,0.0,0.020562797784805298,0.03727079555392265,0.009012514725327492,0.01617380976676941,0.01010180450975895,0.002953793155029416,0.0,0.0,0.0,0.009951629675924778,0.033949099481105804,0.006401591934263706,0.00878799520432949,0.001851091394200921,0.010378091596066952,0.0,0.0,0.0,0.0008259573951363564,0.013979241251945496,0.005391421262174845,0.0,0.0,0.0,0.0,0.0,0.0,0.0016114404425024986,0.0,0.0,0.0,0.0,0.0,0.0
2025-10-12,0.0,0.00013003229105379432,0.0014867796562612057,0.0,0.009941882453858852,0.004697175696492195,0.006838629953563213,0.0,0.0,0.0,0.0,0.0018799856770783663,0.00950768031179905,0.07873741537332535,0.0911979153752327,0.00013003229105379432,0.0,0.0,0.0,0.0031950760167092085,0.009453356266021729,0.030479107052087784,0.011293294839560986,0.042234815657138824,0.00013003229105379432,0.0,0.0,0.0,0.008672276511788368,0.006587214767932892,0.015235339291393757,0.02051183022558689,0.060895152390003204,0.012138210237026215,0.002103816717863083,0.0,0.0,0.0021367997396737337,0.0014846064150333405,0.0028141187503933907,0.05060289427638054,0.012200132943689823,0.05071263015270233,0.0340658463537693,0.0,0.0,0.0,0.0,0.0,0.013205725699663162,0.02497037686407566,0.00997818261384964,0.03022092580795288,0.0,0.0,0.0,0.0,0.00013003229105379432,0.0022991467267274857,0.009175016544759274,0.007508742157369852,0.006096178665757179,0.0008800707873888314,0.0,0.00013003229105379432,0.0,0.010318509303033352,0.010156050324440002,0.03401683270931244,0.016505904495716095,0.006730953231453896,0.010077308863401413,0.002896865364164114,0.012429866939783096,0.004982042592018843,0.003030298510566354,0.00013003229105379432,0.00013003229105379432,0.006421104073524475,0.013327308930456638,0.0014430003939196467,0.01855570077896118,0.019205283373594284,0.02703574299812317,0.011424683965742588,0.0008753895526751876,0.012229682877659798,0.004426848609000444,0.09217323362827301,0.005893561523407698,0.002770830877125263,0.045377932488918304,0.027693644165992737,0.030467350035905838,0.0035050739534199238,0.02337784320116043,0.020041443407535553,0.004221233539283276,0.004249825607985258,0.0,0.01149031426757574,0.016630906611680984,0.02436865121126175,0.020182952284812927,0.0011871256865561008,0.02000959776341915,0.00558225903660059,0.0044099111109972,0.0,0.0,0.01176121924072504,0.029942652210593224,0.014293322339653969,0.009223859757184982,0.033094219863414764,0.003298114286735654,0.0,0.0,0.0,0.003064339980483055,0.04428834468126297,0.008962518535554409,0.004294168669730425,0.004068715497851372,0.007602007128298283,0.0,0.0,0.0,0.0004809959791600704,0.008940634317696095,0.0006724223494529724,0.0,0.0,0.0,0.0,0.0,0.0,0.0017083226703107357,0.0,0.0,0.0,0.0,0.0,0.0
2025-10-13,0.0,0.00012705930566880852,0.0018220380879938602,0.0,0.010105671361088753,0.005311710759997368,0.0030408883467316628,0.0,0.0,0.0,0.0,0.002373284427449107,0.01934385858476162,0.05040183290839195,0.13142666220664978,0.00012705930566880852,0.0,0.0,0.0,0.006286412477493286,0.010599283501505852,0.03219779580831528,0.011931650340557098,0.03712327033281326,0.00012705930566880852,0.0,0.0,0.0,0.014684893190860748,0.019398946315050125,0.01122782751917839,0.020646601915359497,0.05544719845056534,0.011698741465806961,0.0016208416782319546,0.0,0.0,0.0023393831215798855,0.0013847266091033816,0.002636067569255829,0.044634025543928146,0.022371139377355576,0.03942456841468811,0.044748224318027496,0.0,0.0,0.0,0.0,0.0,0.008537622168660164,0.02682439237833023,0.005491459742188454,0.031815625727176666,0.0,0.0,0.0,0.0,0.00012705930566880852,0.0015788525342941284,0.010068434290587902,0.004631337244063616,0.011511728167533875,0.002358583267778158,0.0,0.00012705930566880852,0.0,0.006062671542167664,0.004791427403688431,0.015663404017686844,0.027039725333452225,0.004784049931913614,0.005142072681337595,0.0035399163607507944,0.01581035554409027,0.003933078609406948,0.0031802263110876083,0.00012705930566880852,0.00012705930566880852,0.0037572882138192654,0.01864362694323063,0.002080988371744752,0.027964839711785316,0.009455537423491478,0.019919710233807564,0.014144702814519405,0.0004413064452819526,0.002367596374824643,0.002728333929553628,0.0577588714659214,0.013871896080672741,0.013064597733318806,0.0692320317029953,0.038536325097084045,0.022190991789102554,0.010538311675190926,0.037379611283540726,0.014049019664525986,0.0038689777720719576,0.005980741232633591,0.0,0.015115862712264061,0.021792840212583542,0.028088511899113655,0.011183852329850197,0.0049506425857543945,0.009581221267580986,0.006327980663627386,0.002765233861282468,0.0,0.0,0.010872860439121723,0.03556625917553902,0.012668449431657791,0.007337519433349371,0.03098638914525509,0.0031174304895102978,0.0,0.0,0.0,0.0010947452392429113,0.03017846681177616,0.016006609424948692,0.008618362247943878,0.009270716458559036,0.007199185434728861,0.0,0.0,0.0,0.0013133285101503134,0.00558313587680459,0.0023030643351376057,0.0,0.0,0.0,0.0,0.0,0.0,0.0013075328897684813,0.0,0.0,0.0,0.0,0.0,0.0
2025-10-14,0.0,0.00013855741417501122,0.0019317662809044123,0.0,0.010921417735517025,0.005545296240597963,0.003323926590383053,0.0,0.0,0.0,0.0,0.0041252439841628075,0.009476028382778168,0.050593115389347076,0.12023596465587616,0.00013855741417501122,0.0,0.0,0.0,0.005078351125121117,0.02396993152797222,0.0180987399071455,0.02092907205224037,0.03179001435637474,0.00013855741417501122,0.0,0.0,0.0,0.014933345839381218,0.007625953759998083,0.027094198390841484,0.019397789612412453,0.04458396136760712,0.011553536169230938,0.002710442990064621,0.0,0.0,0.0022851538378745317,0.001557762734591961,0.007326414342969656,0.04548126086592674,0.03032568469643593,0.05004919692873955,0.037949997931718826,0.0,0.0,0.0,0.0,0.0,0.005885377526283264,0.010934962891042233,0.006811341270804405,0.062064722180366516,0.0,0.0,0.0,0.0,0.00013855741417501122,0.003612218890339136,0.016689125448465347,0.005053389817476273,0.016671331599354744,0.0072188107296824455,0.0,0.00013855741417501122,0.0,0.0034321295097470284,0.0030234092846512794,0.01493877824395895,0.02749737724661827,0.005224889609962702,0.0054664150811731815,0.003932654857635498,0.021839436143636703,0.004748128354549408,0.0032478971406817436,0.00013855741417501122,0.00013855741417501122,0.0042765503749251366,0.011420752853155136,0.002015133388340473,0.009642579592764378,0.004981436301022768,0.023348432034254074,0.008018995635211468,0.0002599799772724509,0.0,0.00513216620311141,0.04950952157378197,0.006788715720176697,0.016385158523917198,0.05317223444581032,0.034511860460042953,0.0162745900452137,0.0036146126221865416,0.0127412099391222,0.016019625589251518,0.010025061666965485,0.008970845490694046,0.0,0.014593650586903095,0.023388030007481575,0.02945161983370781,0.0060760206542909145,0.012262333184480667,0.010679846629500389,0.005363747477531433,0.0029411884024739265,0.0,0.0,0.014875203371047974,0.016132481396198273,0.010902540758252144,0.010966576635837555,0.030002860352396965,0.002094515599310398,0.0,0.0,0.0,0.0014750268310308456,0.03872939571738243,0.00525846378877759,0.0025418163277208805,0.02006153017282486,0.0053550140000879765,0.0,0.0,0.0,0.003996650688350201,0.007037772331386805,0.0036220827605575323,0.0,0.0,0.0,0.0,0.0,0.0,0.006290164776146412,0.0,0.0,0.0,0.0,0.0,0.0
2025-10-15,0.0,0.00013024416693951935,0.0017653119284659624,0.0,0.015730058774352074,0.012636779807507992,0.006748231593519449,0.0,0.0,0.0,0.0,0.0016573367174714804,0.01087094470858574,0.06725351512432098,0.08295272290706635,0.00013024416693951935,0.0,0.0,0.0,0.00621121097356081,0.010979291051626205,0.010209517553448677,0.024342263117432594,0.03765587508678436,0.00013024416693951935,0.0,0.0,0.0,0.012254779227077961,0.005565487314015627,0.03592913597822189,0.029123801738023758,0.04517850652337074,0.009555107913911343,0.0021915058605372906,0.0,0.0,0.0023742690682411194,0.0018725446425378323,0.0051865545101463795,0.03867826238274574,0.010264070704579353,0.040213461965322495,0.020075498148798943,0.0,0.0,0.0,0.0,0.0,0.004501366522163153,0.008234323933720589,0.006809225305914879,0.03650307655334473,0.0,0.0,0.0,0.0,0.00013024416693951935,0.003989511169493198,0.0099269924685359,0.005303204525262117,0.024158578366041183,0.0021088579669594765,0.0,0.00013024416693951935,0.0,0.0038946769200265408,0.0029338011518120766,0.016973786056041718,0.015438638627529144,0.004497278016060591,0.007625172846019268,0.004319361411035061,0.03303304314613342,0.004691761918365955,0.005506541114300489,0.00013024416693951935,0.00013024416693951935,0.010805647820234299,0.008319396525621414,0.0015587809029966593,0.005616173148155212,0.0033534211106598377,0.03338036686182022,0.0068272133357822895,0.0006374812219291925,0.0,0.007388767786324024,0.062069106847047806,0.005985649768263102,0.004843099042773247,0.053014498203992844,0.026560358703136444,0.029070498421788216,0.001514206756837666,0.003465639427304268,0.02074233628809452,0.003975982777774334,0.015214736573398113,0.0,0.0068166665732860565,0.016616150736808777,0.024080974981188774,0.015993785113096237,0.007849091663956642,0.019798625260591507,0.014362303540110588,0.003908233251422644,0.0,0.0,0.017215071246027946,0.022760959342122078,0.010041911154985428,0.024214167147874832,0.016994334757328033,0.00212080217897892,0.0,0.0,0.0,0.0016844747588038445,0.04200618714094162,0.000965094193816185,0.0013373586116358638,0.010339729487895966,0.01400027982890606,0.0,0.0,0.0,0.005910150241106749,0.014155648648738861,0.002911913674324751,0.0,0.0,0.0,0.0,0.0,0.0,0.0026721730828285217,0.0,0.0,0.0,0.0,0.0,0.0
2025-10-16,0.0,3.728608862729743e-05,0.001496532466262579,0.0,0.017801985144615173,0.008688008412718773,0.00946712214499712,0.0,0.0,0.0,0.0,0.00339577067643404,0.010420368053019047,0.05295094475150108,0.08666078746318817,3.728608862729743e-05,0.0,0.0,0.0,0.00464526005089283,0.012417037971317768,0.019248683005571365,0.031614676117897034,0.038418062031269073,3.728608862729743e-05,0.0,0.0,0.0,0.010200679302215576,0.007725339382886887,0.03481229022145271,0.05152962729334831,0.038437288254499435,0.008308512158691883,0.0022148550488054752,0.0,0.0,0.0021930758375674486,0.0033538839779794216,0.0038217823021113873,0.05381619557738304,0.016532674431800842,0.03522200137376785,0.019776035100221634,0.0,0.0,0.0,0.0,0.0,0.0058724163100123405,0.01603243313729763,0.00832058023661375,0.029691889882087708,0.0,0.0,0.0,0.0,3.728608862729743e-05,0.007449976168572903,0.010743224993348122,0.004117686301469803,0.04423405975103378,0.0005704525392502546,0.0,3.728608862729743e-05,0.0,0.003915262408554554,0.009384600445628166,0.023106656968593597,0.025483474135398865,0.015934981405735016,0.005970173515379429,0.006493516266345978,0.033683717250823975,0.004205293953418732,0.00430813804268837,3.728608862729743e-05,3.728608862729743e-05,0.004696675576269627,0.00830748863518238,0.00022469274699687958,0.011284434236586094,0.005325175356119871,0.03362123295664787,0.008945995010435581,0.0006285607814788818,0.004455355927348137,0.012371860444545746,0.08525346964597702,0.009475293569266796,0.0046815951354801655,0.08107821643352509,0.029453778639435768,0.029225096106529236,0.003287533763796091,0.009200762957334518,0.025624755769968033,0.0033266248647123575,0.018413957208395004,0.0,0.009585544466972351,0.016220927238464355,0.027386236935853958,0.020932095125317574,0.009170737117528915,0.029953381046652794,0.009521638974547386,0.0025042376946657896,0.0,0.0,0.018851695582270622,0.03537388890981674,0.01525530032813549,0.020312199369072914,0.01320233941078186,0.011384819634258747,0.0,0.0,0.0,0.0021846648305654526,0.0378781221807003,0.003303320612758398,0.0023129102773964405,0.013355410657823086,0.009293781593441963,0.0,0.0,0.0,0.005021175369620323,0.018140047788619995,0.0015227596741169691,0.0,0.0,0.0,0.0,0.0,0.0,0.0036460005212575197,0.0,0.0,0.0,0.0,0.0,0.0
2025-10-17,0.0,2.0482730178628117e-07,0.0013256252277642488,0.0,0.01745389774441719,0.006155028007924557,0.01212700642645359,0.0,0.0,0.0,0.0,0.0022773914970457554,0.011141788214445114,0.05599690601229668,0.10031648725271225,2.0482730178628117e-07,0.0,0.0,0.0,0.006869180127978325,0.017734574154019356,0.019315849989652634,0.0284695103764534,0.044385876506567,2.0482730178628117e-07,0.0,0.0,0.0,0.010482372716069221,0.008291507139801979,0.03413848578929901,0.05677347630262375,0.04598095268011093,0.014021175913512707,0.0025677024386823177,0.0,0.0,0.0036754212342202663,0.009699471294879913,0.004641540348529816,0.05599743872880936,0.01956130377948284,0.04602028429508209,0.02703230082988739,0.0,0.0,0.0,0.0,0.0,0.013748401775956154,0.015281065367162228,0.009655574336647987,0.057560861110687256,0.0,0.0,0.0,0.0,2.0482730178628117e-07,0.006822692230343819,0.01508334930986166,0.004057096317410469,0.02557075396180153,0.0005676887230947614,0.0,2.0482730178628117e-07,0.0,0.004377751145511866,0.021388206630945206,0.02170361578464508,0.018547240644693375,0.02169596031308174,0.005815981887280941,0.01150694489479065,0.02868446707725525,0.008153297938406467,0.003452583681792021,2.0482730178628117e-07,2.0482730178628117e-07,0.006344533059746027,0.009279503487050533,0.0,0.019555173814296722,0.006330378353595734,0.031077023595571518,0.00847093015909195,0.0032857926562428474,0.0049028960056602955,0.015782630071043968,0.10633877664804459,0.0162753127515316,0.004353297408670187,0.07439194619655609,0.03492042422294617,0.021382296457886696,0.0026660077273845673,0.028016719967126846,0.03622223436832428,0.005634804256260395,0.005767567083239555,0.0,0.023538868874311447,0.016337182372808456,0.01950681395828724,0.007553396746516228,0.007913400419056416,0.020710429176688194,0.0059928856790065765,0.0020564859732985497,0.0,0.0,0.026550602167844772,0.04368828237056732,0.009594150818884373,0.015147663652896881,0.021808961406350136,0.0019888035021722317,0.0,0.0,0.0,0.002600886393338442,0.057086579501628876,0.008392741903662682,0.0023494851775467396,0.006633182987570763,0.0076648094691336155,0.0,0.0,0.0,0.0034417251590639353,0.009876714088022709,0.0007122152019292116,0.0,0.0,0.0,0.0,0.0,0.0,0.004156580660492182,0.0,0.0,0.0,0.0,0.0,0.0
2025-10-18,0.0,2.2936539608053863e-05,0.0012594838626682758,0.0,0.022936640307307243,0.0058908117935061455,0.008510195650160313,0.0,0.0,0.0,0.0,0.002040619496256113,0.004412238486111164,0.08124373853206635,0.09675416350364685,2.2936539608053863e-05,0.0,0.0,0.0,0.011606479994952679,0.013098211027681828,0.017568450421094894,0.030529340729117393,0.04636126384139061,2.2936539608053863e-05,0.0,0.0,0.0,0.022003740072250366,0.010606972500681877,0.03708408772945404,0.04642222076654434,0.02542228251695633,0.0230474341660738,0.0031040096655488014,0.0,0.0,0.009867098182439804,0.00433512544259429,0.005793324671685696,0.05504538491368294,0.015241973102092743,0.059055134654045105,0.019208379089832306,0.0,0.0,0.0,0.0,0.0,0.005953561514616013,0.006841053254902363,0.007423620205372572,0.042938701808452606,0.0,0.0,0.0,0.0,2.2936539608053863e-05,0.006361671723425388,0.014659636653959751,0.006783316843211651,0.014878160320222378,0.0007388174999505281,0.0,2.2936539608053863e-05,0.0,0.0044091083109378815,0.010583420284092426,0.015939004719257355,0.0219555851072073,0.012111050076782703,0.005437283311039209,0.01449570432305336,0.026823151856660843,0.02749028615653515,0.0026956861838698387,2.2936539608053863e-05,2.2936539608053863e-05,0.012860501185059547,0.013065282255411148,0.0,0.019275758415460587,0.0074393851682543755,0.05862019211053848,0.014126358553767204,0.00955608207732439,0.003874623915180564,0.01029338501393795,0.052303120493888855,0.01067825686186552,0.0051309652626514435,0.07587690651416779,0.04028167575597763,0.024654308333992958,0.00237204204313457,0.02373697981238365,0.048004359006881714,0.009033095091581345,0.004726955201476812,0.0,0.04036270081996918,0.015431072562932968,0.025760076940059662,0.006836783606559038,0.00385929923504591,0.01768338494002819,0.004263817332684994,0.0023267483338713646,0.0,0.0,0.03493880480527878,0.026889564469456673,0.01114223524928093,0.014117173850536346,0.028516968712210655,0.0002856096834875643,0.0,0.0,0.0,0.002526818308979273,0.040902405977249146,0.01931169629096985,0.002389573259279132,0.0044792331755161285,0.007892044261097908,0.0,0.0,0.0,0.004169280640780926,0.009391053579747677,0.0013256582897156477,0.0,0.0,0.0,0.0,0.0,0.0,0.004505406599491835,0.0,0.0,0.0,0.0,0.0,0.0
2025-10-19,0.0,2.7803776902146637e-05,0.0012103787157684565,0.0,0.028214074671268463,0.0062747495248913765,0.0066463821567595005,0.0,0.0,0.0,0.0,0.002092595910653472,0.005999159999191761,0.08983336389064789,0.09566113352775574,2.7803776902146637e-05,0.0,0.0,0.0,0.0070288293063640594,0.015198996290564537,0.02629091590642929,0.027209779247641563,0.04625467583537102,2.7803776902146637e-05,0.0,0.0,0.0,0.010193843394517899,0.01951354555785656,0.03607315570116043,0.047205593436956406,0.0340169221162796,0.030557934194803238,0.003268876811489463,0.0,0.0,0.004238205961883068,0.002124984283000231,0.005558443255722523,0.04641329497098923,0.016506286337971687,0.06268873810768127,0.019773855805397034,0.0,0.0,0.0,0.0,0.0,0.009031632915139198,0.003766156267374754,0.006147094536572695,0.03806519880890846,0.0,0.0,0.0,0.0,2.7803776902146637e-05,0.007746236398816109,0.020147139206528664,0.017411846667528152,0.021586420014500618,0.001021648058667779,0.0,2.7803776902146637e-05,0.0,0.004619732964783907,0.011282911524176598,0.015989376232028008,0.03296545147895813,0.008264796808362007,0.005104271229356527,0.009500684216618538,0.02499392442405224,0.007166032679378986,0.0031622215174138546,2.7803776902146637e-05,2.7803776902146637e-05,0.02059319242835045,0.008640735410153866,0.006613390054553747,0.011194642633199692,0.012816468253731728,0.05613386631011963,0.007462193723767996,0.0035407200921326876,0.004124565050005913,0.0071821799501776695,0.04717966169118881,0.009624375030398369,0.006375168450176716,0.08856189250946045,0.034467458724975586,0.03757832571864128,0.002752408618107438,0.01565084233880043,0.044499471783638,0.006671886891126633,0.006930900271981955,0.0,0.035451535135507584,0.01566368155181408,0.027002017945051193,0.007985099218785763,0.002704334445297718,0.014115139842033386,0.003115832805633545,0.003371177241206169,0.0,0.0,0.028185207396745682,0.03216074779629707,0.02423008158802986,0.011727673932909966,0.019185740500688553,0.0011292935814708471,0.0,0.0,0.0,0.0029409779235720634,0.031387146562337875,0.01941591128706932,0.0031232181936502457,0.0037485677748918533,0.012804338708519936,0.0,0.0,0.0,0.008665811270475388,0.010507811792194843,0.003577260999009013,0.0,0.0,0.0,0.0,0.0,0.0,0.005091335624456406,0.0,0.0,0.0,0.0,0.0,0.0
2025-10-20,0.0,3.545599611243233e-05,0.0012070166412740946,0.0,0.02140376716852188,0.005821545142680407,0.004392029717564583,0.0,0.0,0.0,0.0,0.002126125618815422,0.016192838549613953,0.07616806775331497,0.09833776205778122,3.545599611243233e-05,0.0,0.0,0.0,0.006617582403123379,0.023881375789642334,0.018138663843274117,0.02186761237680912,0.030585695058107376,3.545599611243233e-05,0.0,0.0,0.0,0.008551808074116707,0.016919292509555817,0.029367972165346146,0.04969102144241333,0.037625670433044434,0.01671162061393261,0.0017768786055967212,0.0,0.0,0.002476674970239401,0.0008268467499874532,0.00583554245531559,0.05630321428179741,0.01324482262134552,0.06424664705991745,0.027670618146657944,0.0,0.0,0.0,0.0,0.0,0.004025034140795469,0.007740368600934744,0.010675612837076187,0.04797954112291336,0.0,0.0,0.0,0.0,3.545599611243233e-05,0.007111542858183384,0.01468837633728981,0.007992818020284176,0.024894190952181816,0.0011794050224125385,0.0,3.545599611243233e-05,0.0,0.005429944954812527,0.02344760112464428,0.01820024847984314,0.029463570564985275,0.012815504334867,0.005199839361011982,0.008246717974543571,0.024292102083563805,0.002666741842404008,0.00332583487033844,3.545599611243233e-05,3.545599611243233e-05,0.008975492790341377,0.008316542021930218,0.0,0.00800134614109993,0.005448292009532452,0.035631999373435974,0.007521008141338825,0.0008545746677555144,0.0070131151005625725,0.004991975147277117,0.07202696800231934,0.009371482767164707,0.014192262664437294,0.06686843931674957,0.04970922693610191,0.02428954653441906,0.0029182019643485546,0.015625914558768272,0.03246729075908661,0.010830486193299294,0.007074022199958563,0.0,0.01453259028494358,0.009450927376747131,0.020057836547493935,0.01088505145162344,0.01065619383007288,0.01786898635327816,0.003455998143181205,0.006289279088377953,0.0,0.0,0.023592764511704445,0.03664134815335274,0.01080108992755413,0.013276336714625359,0.01992042176425457,0.002299315994605422,0.0,0.0,0.0,0.0012978257145732641,0.05516723543405533,0.02349790930747986,0.0018287585116922855,0.0036852259654551744,0.005885098595172167,0.0,0.0,0.0,0.0034301707055419683,0.016354627907276154,0.00964182335883379,0.0,0.0,0.0,0.0,0.0,0.0,0.004275104030966759,0.0,0.0,0.0,0.0,0.0,0.0
2025-10-21,0.0,2.764858800219372e-05,0.0011642586905509233,0.0,0.011615537106990814,0.0066002714447677135,0.005413747392594814,0.0,0.0,0.0,0.0,0.0024204405490309,0.012540668249130249,0.08723985403776169,0.07938351482152939,2.764858800219372e-05,0.0,0.0,0.0,0.009152320213615894,0.016910167410969734,0.012035396881401539,0.026680272072553635,0.034934356808662415,2.764858800219372e-05,0.0,0.0,0.0,0.015605310909450054,0.013212457299232483,0.032105881720781326,0.042309172451496124,0.03742489963769913,0.0110934404656291,0.002300819382071495,0.0,0.0,0.0018138722516596317,0.0,0.005106850992888212,0.06603797525167465,0.014405323192477226,0.06323598325252533,0.01815178617835045,0.0,0.0,0.0,0.0,0.0,0.006567963398993015,0.013750584796071053,0.012015167623758316,0.034369274973869324,0.0,0.0,0.0,0.0,2.764858800219372e-05,0.0057778870686888695,0.010509052313864231,0.004377196542918682,0.033413805067539215,0.0012273330939933658,0.0,2.764858800219372e-05,0.0,0.0076990071684122086,0.0300009585916996,0.0189523883163929,0.02094181999564171,0.008163531310856342,0.004450635984539986,0.007985960692167282,0.023108668625354767,0.0021236103493720293,0.0031855436973273754,2.764858800219372e-05,2.764858800219372e-05,0.005357421934604645,0.0047793095000088215,0.0,0.012762910686433315,0.0024471355136483908,0.035765305161476135,0.012121652252972126,0.0,0.015464604832231998,0.008628484793007374,0.08073929697275162,0.014298709109425545,0.006052728276699781,0.06024350970983505,0.06349749118089676,0.021224023774266243,0.003293955232948065,0.012873569503426552,0.02575376071035862,0.02510496973991394,0.0075777312740683556,0.0,0.010561947710812092,0.01516987755894661,0.017013685777783394,0.014325248077511787,0.004937720950692892,0.019162479788064957,0.004074768163263798,0.01364511251449585,0.0,0.0,0.023073088377714157,0.03213924169540405,0.0065794289112091064,0.007879970595240593,0.025473371148109436,0.0029396903701126575,0.0,0.0,0.0,0.00027213164139539003,0.05092679336667061,0.012202003970742226,0.001756648300215602,0.004414733499288559,0.008040457963943481,0.0,0.0,0.0,0.00030636275187134743,0.016917455941438675,0.00421704538166523,0.0,0.0,0.0,0.0,0.0,0.0,0.004456462804228067,0.0,0.0,0.0,0.0,0.0,0.0
2025-10-22,0.0,3.057834328501485e-05,0.0011719893664121628,0.0,0.015099652111530304,0.00960276648402214,0.005749396048486233,0.0,0.0,0.0,0.0,0.0035111934412270784,0.022110387682914734,0.08521971851587296,0.06942974776029587,3.057834328501485e-05,0.0,0.0,0.0,0.005427122116088867,0.021209295839071274,0.01306463498622179,0.02313099056482315,0.03613609820604324,3.057834328501485e-05,0.0,0.0,0.0,0.01543593592941761,0.005400107707828283,0.018461482599377632,0.05641665309667587,0.04344216734170914,0.010008091107010841,0.01111520268023014,0.0,0.0,0.0012584327487275004,1.9309227354824543e-05,0.004695014096796513,0.06600796431303024,0.015277854166924953,0.0363779217004776,0.026889745146036148,0.0,0.0,0.0,0.0,0.0,0.01627219095826149,0.010267429985105991,0.00504144886508584,0.031645767390728,0.0,0.0,0.0,0.0,3.057834328501485e-05,0.004647086840122938,0.011137640103697777,0.003578032599762082,0.020650696009397507,0.0011594503885135055,0.0,3.057834328501485e-05,0.0,0.014251547865569592,0.024537818506360054,0.014818734489381313,0.027733299881219864,0.008395398035645485,0.005301211029291153,0.013015201315283775,0.022115688771009445,0.0029012758750468493,0.0031832861714065075,3.057834328501485e-05,3.057834328501485e-05,0.005853522103279829,0.004490789491683245,0.00039072008803486824,0.031058412045240402,0.004533498082309961,0.034436099231243134,0.011638330295681953,0.0,0.00551341287791729,0.004194829612970352,0.08020280301570892,0.00715077668428421,0.003924323245882988,0.04704475402832031,0.07157423347234726,0.030731013044714928,0.0022927317768335342,0.011261332780122757,0.02232998050749302,0.010731589049100876,0.006696959026157856,0.0,0.014546493999660015,0.017538025975227356,0.019872523844242096,0.02132957987487316,0.007029362954199314,0.01125916838645935,0.004798852372914553,0.01102130301296711,0.0,0.0,0.023472238332033157,0.03842378407716751,0.004504332318902016,0.009699768386781216,0.024401862174272537,0.003099346999078989,0.0,0.0,0.0,0.0008527481113560498,0.056212399154901505,0.010760407894849777,0.0013246748130768538,0.006671530660241842,0.020802805200219154,0.0,0.0,0.0,0.0013864515349268913,0.013307899236679077,0.0037227380089461803,0.0,0.0,0.0,0.0,0.0,0.0,0.0046334401704370975,0.0,0.0,0.0,0.0,0.0,0.0
2025-10-23,0.0,3.0374409107025713e-05,0.0012132104020565748,0.0,0.006505933590233326,0.005225617438554764,0.00594364246353507,0.0,0.0,0.0,0.0,0.002448110841214657,0.02135094255208969,0.07904470711946487,0.08927906304597855,3.0374409107025713e-05,0.0,0.0,0.0,0.004340028390288353,0.0199014563113451,0.015282279811799526,0.021955590695142746,0.032484471797943115,3.0374409107025713e-05,0.0,0.0,0.0,0.013161701150238514,0.007805922068655491,0.020492862910032272,0.04000489041209221,0.04288477450609207,0.009472765028476715,0.002319441642612219,0.0,0.0,0.0009238162892870605,0.005905325058847666,0.004683755803853273,0.05449292063713074,0.01980382390320301,0.03855748847126961,0.03133991360664368,0.0,0.0,0.0,0.0,0.0,0.01190862711519003,0.010056815110147,0.006178911309689283,0.03882373124361038,0.0,0.0,0.0,0.0,3.0374409107025713e-05,0.004925255663692951,0.009457307867705822,0.0039973873645067215,0.031532127410173416,0.001324295881204307,0.0,3.0374409107025713e-05,0.0,0.010152987204492092,0.006272556725889444,0.010930568911135197,0.013633129186928272,0.010502777062356472,0.005740230903029442,0.005564219783991575,0.02132028341293335,0.003551971632987261,0.003008314874023199,3.0374409107025713e-05,3.0374409107025713e-05,0.010772439651191235,0.01785317063331604,0.0013199240202084184,0.020226845517754555,0.01866394281387329,0.02403135597705841,0.01792827621102333,0.0,0.002371263224631548,0.011715208180248737,0.06800292432308197,0.014775805175304413,0.005875049624592066,0.06398417055606842,0.05936102569103241,0.02533891052007675,0.0024863563012331724,0.010611012578010559,0.03263774514198303,0.014570200815796852,0.0063492110930383205,0.0,0.01207849383354187,0.016996148973703384,0.02966325357556343,0.020649798214435577,0.012048328295350075,0.01564587466418743,0.004760021343827248,0.003897829679772258,0.0,0.0,0.024171821773052216,0.03586442396044731,0.0037462126929312944,0.0056093186140060425,0.02172163315117359,0.002585323993116617,0.0,0.0,0.0,0.00698609184473753,0.06198422238230705,0.016095226630568504,0.0011867040302604437,0.01670277677476406,0.007644074968993664,0.0,0.0,0.0,0.0039950343780219555,0.012198138982057571,0.009090153500437737,0.0,0.0,0.0,0.0,0.0,0.0,0.0030610584653913975,0.0,0.0,0.0,0.0,0.0,0.0
2025-10-24,0.0,4.399950921651907e-05,0.001302311196923256,0.0,0.005313589703291655,0.004708913620561361,0.005967143457382917,0.0,0.0,0.0,0.0,0.0018728479044511914,0.014105287380516529,0.07427588105201721,0.07304076850414276,4.399950921651907e-05,0.0,0.0,0.0,0.004063831176608801,0.015581775456666946,0.020866170525550842,0.011757533065974712,0.02519526332616806,4.399950921651907e-05,0.0,0.0,0.0,0.007649749517440796,0.014999795705080032,0.022063419222831726,0.026879670098423958,0.027844838798046112,0.0117717320099473,0.0009714551270008087,0.0,0.0,0.0009517993312329054,0.0,0.003045646706596017,0.05192691832780838,0.018015898764133453,0.053006790578365326,0.031349651515483856,0.0,0.0,0.0,0.0,0.0,0.015477098524570465,0.017087165266275406,0.008423184975981712,0.04675021395087242,0.0,0.0,0.0,0.0,4.399950921651907e-05,0.008694762364029884,0.011026493273675442,0.0048649003729224205,0.015422365628182888,0.0011234874837100506,0.0,4.399950921651907e-05,0.0,0.006188893690705299,0.005675322841852903,0.012286629527807236,0.020983997732400894,0.011837114579975605,0.004833826795220375,0.004136049188673496,0.02124004252254963,0.005061598960310221,0.003010797780007124,4.399950921651907e-05,4.399950921651907e-05,0.00536019541323185,0.006726526655256748,0.0015798205276951194,0.010368471033871174,0.005966076161712408,0.02280586212873459,0.01067737489938736,0.0,0.0015085397753864527,0.009965946897864342,0.0795707181096077,0.014080002903938293,0.004585400223731995,0.0562397800385952,0.05197307839989662,0.025958077982068062,0.0062303487211465836,0.013551855459809303,0.022493261843919754,0.015246530994772911,0.008112479001283646,0.0,0.0242365300655365,0.00719865970313549,0.03370719403028488,0.010947410017251968,0.0045008230954408646,0.01150456815958023,0.004845743998885155,0.0032138510141521692,0.0,0.0,0.026092126965522766,0.027125565335154533,0.009644845500588417,0.007797107566148043,0.03741937503218651,0.0019328193739056587,0.0,0.0,0.0,0.0010617473162710667,0.04427321255207062,0.01130396407097578,0.0012412290088832378,0.0075378501787781715,0.005902799312025309,0.0,0.0,0.0,0.003303862176835537,0.0060988315381109715,0.005423554219305515,0.0,0.0,0.0,0.0,0.0,0.0,0.0006356476806104183,0.0,0.0,0.0,0.0,0.0,0.0
2025-10-25,0.0,2.008760566241108e-05,0.001030581071972847,0.0,0.009478949010372162,0.004637386649847031,0.0066584027372300625,0.0,0.0,0.0,0.0,0.0018653434235602617,0.016103381291031837,0.08789201825857162,0.07868869602680206,2.008760566241108e-05,0.0,0.0,0.0,0.001558236195705831,0.016344089061021805,0.013413346372544765,0.01295632403343916,0.02991294674575329,2.008760566241108e-05,0.0,0.0,0.0,0.009588422253727913,0.00926265399903059,0.028990374878048897,0.03561839833855629,0.04572540521621704,0.018224965780973434,0.0021823528222739697,0.0,0.0,0.0005394138861447573,0.0,0.0040280865505337715,0.05172830820083618,0.026201937347650528,0.046558596193790436,0.039726369082927704,0.0,0.0,0.0,0.0,0.0,0.0053682150319218636,0.013067249208688736,0.008020098321139812,0.05205438658595085,0.0,0.0,0.0,0.0,2.008760566241108e-05,0.004763905890285969,0.02044835314154625,0.005170193500816822,0.018328992649912834,0.0007858392782509327,0.0,2.008760566241108e-05,0.0,0.005053029395639896,0.013043379411101341,0.010676722042262554,0.022544048726558685,0.016050487756729126,0.004811001010239124,0.0038234973326325417,0.020556600764393806,0.003915428649634123,0.0021053904201835394,2.008760566241108e-05,2.008760566241108e-05,0.005913372151553631,0.008656852878630161,0.0012907171621918678,0.008997736498713493,0.01055726408958435,0.03423532843589783,0.011218322440981865,0.0,0.0014324887888506055,0.018075326457619667,0.08341321349143982,0.011337457224726677,0.005850240122526884,0.07086064666509628,0.06266778707504272,0.03957943618297577,0.0018060101429000497,0.01807170733809471,0.02468162402510643,0.007003856357187033,0.007142632734030485,0.0,0.012810202315449715,0.010265832766890526,0.018215693533420563,0.0070785111747682095,0.00700213061645627,0.018933936953544617,0.004947362467646599,0.006050632335245609,0.0,0.0,0.031895868480205536,0.027642859145998955,0.012663501314818859,0.009507318027317524,0.02577301673591137,0.002448232611641288,0.0,0.0,0.0,0.0,0.036997053772211075,0.015336579643189907,0.0011514434590935707,0.004467988386750221,0.005725265480577946,0.0,0.0,0.0,0.003921168390661478,0.009538606740534306,0.010906442999839783,0.0,0.0,0.0,0.0,0.0,0.0,0.0,0.0,0.0,0.0,0.0,0.0,0.0
2025-10-26,0.0,2.4691329599590972e-05,0.001004367833957076,0.0,0.020075654610991478,0.006105165928602219,0.008172707632184029,0.0,0.0,0.0,0.0,0.0018614945001900196,0.011955536901950836,0.08002957701683044,0.09274172782897949,2.4691329599590972e-05,0.0,0.0,0.0,0.0023581860587000847,0.017973145470023155,0.009100964292883873,0.008844872005283833,0.024311816319823265,2.4691329599590972e-05,0.0,0.0,0.0,0.006198791787028313,0.006287052761763334,0.054058562964200974,0.01656562089920044,0.03120916150510311,0.03315962478518486,0.002502004150301218,0.0,0.0,0.00041259470162913203,0.0004878805484622717,0.003358003916218877,0.04047955572605133,0.026766318827867508,0.049622803926467896,0.021823611110448837,0.0,0.0,0.0,0.0,0.0,0.0032657263800501823,0.02060154639184475,0.007614786736667156,0.06504371762275696,0.0,0.0,0.0,0.0,2.4691329599590972e-05,0.00361002329736948,0.02656119503080845,0.004861683584749699,0.020107386633753777,0.0008415805059485137,0.0,2.4691329599590972e-05,0.0,0.004683534614741802,0.013223978690803051,0.008273535408079624,0.018707359209656715,0.008947866968810558,0.004508662037551403,0.0035087335854768753,0.019578570500016212,0.0010099762585014105,0.001463946420699358,2.4691329599590972e-05,2.4691329599590972e-05,0.014433917589485645,0.017322201281785965,0.0007612769259139895,0.007301409263163805,0.004421861842274666,0.044054314494132996,0.013843992725014687,0.0,0.002132610185071826,0.016908906400203705,0.07159251719713211,0.02264697663486004,0.014584891498088837,0.06679797172546387,0.04168498516082764,0.03731942176818848,0.001246885396540165,0.012017077766358852,0.04026290029287338,0.005751561839133501,0.006577066611498594,0.0,0.014003347605466843,0.013022863306105137,0.015615059062838554,0.012428181245923042,0.011834768578410149,0.011996524408459663,0.004793386906385422,0.00019978638738393784,0.0,0.0,0.016339272260665894,0.02034996822476387,0.006796009372919798,0.008926425129175186,0.025651630014181137,0.0022462967317551374,0.0,0.0,0.0,0.0008510886109434068,0.044757816940546036,0.0145872812718153,0.0012795976363122463,0.0039991345256567,0.005589855834841728,0.0,0.0,0.0,0.0019292663782835007,0.010498237796127796,0.0072196777909994125,0.0,0.0,0.0,0.0,0.0,0.0,0.0009488505311310291,0.0,0.0,0.0,0.0,0.0,0.0
2025-10-27,0.0,2.5841512979241088e-05,0.001024395925924182,0.0,0.008450434543192387,0.003843289101496339,0.010681673884391785,0.0,0.0,0.0,0.0,0.0018778793746605515,0.01460051815956831,0.05894409865140915,0.09267143160104752,2.5841512979241088e-05,0.0,0.0,0.0,0.003726075403392315,0.021712062880396843,0.016753973439335823,0.013851867988705635,0.022812405601143837,2.5841512979241088e-05,0.0,0.0,0.0,0.007371610030531883,0.00767162349075079,0.04844866320490837,0.01949753612279892,0.03108435682952404,0.016814768314361572,0.0022900921758264303,0.0,0.0,0.0009805277222767472,0.0010980137158185244,0.0033920747227966785,0.03786339983344078,0.011261675506830215,0.04838508740067482,0.021866274997591972,0.0,0.0,0.0,0.0,0.0,0.004027677699923515,0.009229705668985844,0.00701741361990571,0.038693882524967194,0.0,0.0,0.0,0.0,2.5841512979241088e-05,0.0016715079545974731,0.013746960088610649,0.0054024262353777885,0.01549811102449894,0.0007869786350056529,0.0,2.5841512979241088e-05,0.0,0.004384347703307867,0.011927776038646698,0.008466610684990883,0.009069295600056648,0.011996651068329811,0.00525327492505312,0.0042623961344361305,0.01875423826277256,0.0031305330339819193,0.0019209147430956364,2.5841512979241088e-05,2.5841512979241088e-05,0.018169282004237175,0.011603818275034428,0.0007912530563771725,0.009840468876063824,0.004377329722046852,0.04038392752408981,0.008238023146986961,0.00021308485884219408,0.004417275078594685,0.02664954774081707,0.08745917677879333,0.012991925701498985,0.004980909638106823,0.08859904110431671,0.042399100959300995,0.01778937503695488,0.001986901508644223,0.009348252788186073,0.032381121069192886,0.005539483390748501,0.006308156065642834,0.0,0.019079165533185005,0.021235866472125053,0.016983194276690483,0.005993979517370462,0.006105402018874884,0.014125763438642025,0.004737404175102711,0.0,0.0,0.0,0.012586130760610104,0.03252142667770386,0.012020359747111797,0.009686549194157124,0.031133247539401054,0.0017744966316968203,0.0,0.0,0.0,0.00022250006441026926,0.03823697939515114,0.010818061418831348,0.000338483601808548,0.004144827835261822,0.007303318474441767,0.0,0.0,0.0,0.0010271021164953709,0.012613002210855484,0.011196685023605824,0.0,0.0,0.0,0.0,0.0,0.0,0.01063065230846405,0.0,0.0,0.0,0.0,0.0,0.0
2025-10-28,0.0,3.27877132804133e-05,0.0010358125437051058,0.0,0.005598896183073521,0.0031598503701388836,0.013893840834498405,0.0,0.0,0.0,0.0,0.0018929989309981465,0.007558020763099194,0.05499281361699104,0.10812704265117645,3.27877132804133e-05,0.0,0.0,0.0,0.0038831515703350306,0.021612010896205902,0.01287156529724598,0.01860135979950428,0.026430821046233177,3.27877132804133e-05,0.0,0.0,0.0,0.007126122713088989,0.014319708570837975,0.050252437591552734,0.03575502336025238,0.02410273626446724,0.009309002198278904,0.0018493279349058867,0.0,0.0,0.0008280309848487377,0.0013739633141085505,0.0047374689020216465,0.04019042104482651,0.011529356241226196,0.05120299011468887,0.024619078263640404,0.0,0.0,0.0,0.0,0.0,0.00416554743424058,0.009162127040326595,0.00816783681511879,0.03333794325590134,0.0,0.0,0.0,0.0,3.27877132804133e-05,0.0023654852993786335,0.018036076799035072,0.0048706550151109695,0.02329699508845806,0.0006452293018810451,0.0,3.27877132804133e-05,0.0,0.003966664895415306,0.011255648918449879,0.01233360730111599,0.018583077937364578,0.009808332659304142,0.0052631087601184845,0.00453048525378108,0.01783517561852932,0.006864211987704039,0.002153185661882162,3.27877132804133e-05,3.27877132804133e-05,0.0068478514440357685,0.01025340799242258,0.0007812940166331828,0.01263375859707594,0.006858440116047859,0.015887990593910217,0.004951848182827234,0.0004094353935215622,0.010938862338662148,0.013401241973042488,0.09467154741287231,0.014982577413320541,0.003183975350111723,0.06604079902172089,0.03753934055566788,0.013964596204459667,0.001959877787157893,0.007691963575780392,0.02699500322341919,0.005285461898893118,0.01157146692276001,0.0,0.008870606310665607,0.007905369624495506,0.024083159863948822,0.007211746647953987,0.005241460632532835,0.02130606211721897,0.003960888367146254,0.006558636203408241,0.0,0.0,0.02090003341436386,0.027129705995321274,0.006834960076957941,0.011736683547496796,0.015312325209379196,0.0022495572920888662,0.0,0.0,0.0,0.0020293875131756067,0.026537854224443436,0.0012282952666282654,0.001752021024003625,0.004517209250479937,0.004902317188680172,0.0,0.0,0.0,0.0014171535149216652,0.022526392713189125,0.0038017781917005777,0.0,0.0,0.0,0.0,0.0,0.0,0.02039123699069023,0.0,0.0,0.0,0.0,0.0,0.0
2025-10-29,0.0,3.666425254778005e-05,0.0010696513345465064,0.0,0.008665423840284348,0.0041857617907226086,0.009565156884491444,0.0,0.0,0.0,0.0,0.0019094169838353992,0.006367295514792204,0.08259974420070648,0.09206590801477432,3.666425254778005e-05,0.0,0.0,0.0,0.004299340303987265,0.009976834058761597,0.012163985520601273,0.02463861182332039,0.03156609833240509,3.666425254778005e-05,0.0,0.0,0.0,0.011712940409779549,0.006364116910845041,0.02397869899868965,0.03092111274600029,0.027491187676787376,0.009614543989300728,0.001743790227919817,0.0,0.0,0.0008060273248702288,0.0016430802643299103,0.007945367135107517,0.03888136148452759,0.014305317774415016,0.040075141936540604,0.017755407840013504,0.0,0.0,0.0,0.0,0.0,0.00405372679233551,0.017026463523507118,0.01649821177124977,0.03843101114034653,0.0,0.0,0.0,0.0,3.666425254778005e-05,0.004242303315550089,0.018800169229507446,0.00519219134002924,0.024463029578328133,0.000510460406076163,0.0,3.666425254778005e-05,0.0,0.00453870790079236,0.012171010486781597,0.028446899726986885,0.018433284014463425,0.0035477313213050365,0.007063964381814003,0.007641581818461418,0.0170914176851511,0.002420759294182062,0.002841625129804015,3.666425254778005e-05,3.666425254778005e-05,0.005776767153292894,0.02103007584810257,0.0005847685970366001,0.010376163758337498,0.009836209006607533,0.019286789000034332,0.012302547693252563,0.0007589483284391463,0.0035589628387242556,0.008626304566860199,0.09901963174343109,0.00885330606251955,0.004444360267370939,0.05280156433582306,0.02525055781006813,0.020995521917939186,0.0003399489214643836,0.007736710365861654,0.029095478355884552,0.010504309087991714,0.005971457343548536,0.0,0.012844751589000225,0.005856978241354227,0.03631829470396042,0.00776644004508853,0.005016874987632036,0.014638584107160568,0.004951273091137409,0.002256829757243395,0.0,0.0,0.016245868057012558,0.022267654538154602,0.004778734408318996,0.012759540230035782,0.021228227764368057,0.002780450042337179,0.0,0.0,0.0,0.0025243982672691345,0.027020391076803207,0.007849177345633507,0.0007510472205467522,0.004962894134223461,0.0028818235732614994,0.0,0.0,0.0,0.010456508956849575,0.010724712163209915,0.0013483066577464342,0.0,0.0,0.0,0.0,0.0,0.0,0.003700944595038891,0.0,0.0,0.0,0.0,0.0,0.0
2025-10-30,0.0,5.604139369097538e-05,0.0010516094043850899,0.0,0.015789469704031944,0.007724184542894363,0.007263886742293835,0.0,0.0,0.0,0.0,0.001883025048300624,0.005367347039282322,0.07658925652503967,0.08517986536026001,5.604139369097538e-05,0.0,0.0,0.0,0.005204496439546347,0.0179065503180027,0.01397041417658329,0.03049914538860321,0.029509950429201126,5.604139369097538e-05,0.0,0.0,0.0,0.012494605034589767,0.009111462160944939,0.023121265694499016,0.05265847221016884,0.04318730905652046,0.018081864342093468,0.0019398441072553396,0.0,0.0,0.0007481502252630889,0.0014987742761150002,0.014221654273569584,0.0426800474524498,0.019606828689575195,0.046019356697797775,0.02010210230946541,0.0,0.0,0.0,0.0,0.0,0.004031835123896599,0.010370239615440369,0.0070058424025774,0.043206896632909775,0.0,0.0,0.0,0.0,5.604139369097538e-05,0.012826723046600819,0.023067651316523552,0.00523367989808321,0.02437629923224449,0.0006062262109480798,0.0,5.604139369097538e-05,0.0,0.0059653883799910545,0.013172101229429245,0.02150585502386093,0.02432415634393692,0.005446096882224083,0.013048478402197361,0.015176322311162949,0.016550149768590927,0.0016862992197275162,0.0037595294415950775,5.604139369097538e-05,5.604139369097538e-05,0.0057356469333171844,0.022631747648119926,0.0007326399208977818,0.01188715361058712,0.01662955991923809,0.03191464766860008,0.00505346292629838,0.0008653926779516041,0.003317338414490223,0.005371449049562216,0.07740366458892822,0.015434778295457363,0.004450452513992786,0.061726346611976624,0.035219937562942505,0.027071066200733185,0.0014582447474822402,0.008409990929067135,0.02940203621983528,0.0049547189846634865,0.006269151344895363,0.0,0.0210034791380167,0.007263266947120428,0.035461314022541046,0.008042143657803535,0.008337900042533875,0.013916786760091782,0.005110862664878368,0.002695844043046236,0.0,0.0,0.015509990975260735,0.01312607154250145,0.005094805732369423,0.0192718468606472,0.02187623269855976,0.0030585818458348513,0.0,0.0,0.0,0.002578314393758774,0.029996860772371292,0.0072041722014546394,0.002943720668554306,0.003888645675033331,0.0014508995227515697,0.0,0.0,0.0,0.015449010767042637,0.007315394002944231,0.0009893127717077732,0.0,0.0,0.0,0.0,0.0,0.0,0.0,0.0,0.0,0.0,0.0,0.0,0.0
2025-10-31,0.0,4.9901518650585786e-05,0.0012673269957304,0.0,0.008930460549890995,0.019033916294574738,0.004994518589228392,0.0,0.0,0.0,0.0,0.001979984575882554,0.009744599461555481,0.06534776836633682,0.08338277786970139,4.9901518650585786e-05,0.0,0.0,0.0,0.0045350841246545315,0.01662357896566391,0.020936034619808197,0.01698761060833931,0.025706088170409203,4.9901518650585786e-05,0.0,0.0,0.0,0.007667522877454758,0.013702446594834328,0.018576931208372116,0.04267603158950806,0.04659658670425415,0.007652664557099342,0.002131344750523567,0.0,0.0,0.0006735427305102348,0.001140371896326542,0.010047818534076214,0.038545429706573486,0.0220040250569582,0.07205058634281158,0.01961565390229225,0.0,0.0,0.0,0.0,0.0,0.004805477801710367,0.00905882753431797,0.00411752937361598,0.0465574637055397,0.0,0.0,0.0,0.0,4.9901518650585786e-05,0.009871456772089005,0.008134705945849419,0.005235546268522739,0.01856081187725067,1.987454015761614e-05,0.0,4.9901518650585786e-05,0.0,0.010837587527930737,0.014102197252213955,0.02160610817372799,0.019334759563207626,0.008876153267920017,0.007324087433516979,0.007366846781224012,0.016496160998940468,0.0012996804434806108,0.0035113543272018433,4.9901518650585786e-05,4.9901518650585786e-05,0.005389784462749958,0.012415285222232342,0.0009917402639985085,0.018764138221740723,0.010808317922055721,0.029200641438364983,0.01279258169233799,0.0005319914780557156,0.004046283196657896,0.004778713453561068,0.07783041894435883,0.00912074651569128,0.00939865317195654,0.05924941971898079,0.03977898135781288,0.04237215220928192,0.0018094705883413553,0.009678483009338379,0.040308378636837006,0.004741833545267582,0.007532402873039246,0.0,0.019576143473386765,0.01698843389749527,0.03555385768413544,0.0077544525265693665,0.004042588174343109,0.00917147472500801,0.0048454152420163155,0.005536121316254139,0.0,0.0,0.020085258409380913,0.029992738738656044,0.005800593178719282,0.017106328159570694,0.015799637883901596,0.002822145586833358,0.0,0.0,0.0,0.00342075084336102,0.05377090722322464,0.008501816540956497,0.0034910845570266247,0.004374598618596792,0.0039044287987053394,0.0,0.0,0.0,0.0025896320585161448,0.00785063300281763,0.000985913909971714,0.0,0.0,0.0,0.0,0.0,0.0,0.0,0.0,0.0,0.0,0.0,0.0,0.0
2025-11-01,0.0,6.0314945585560054e-05,0.0021223414223641157,0.0,0.00833598617464304,0.009247547015547752,0.004203601274639368,0.0,0.0,0.0,0.0,0.002187873935326934,0.017475958913564682,0.05563950911164284,0.08749658614397049,6.0314945585560054e-05,0.0,0.0,0.0,0.0040281289257109165,0.01003484707325697,0.011594656854867935,0.027111686766147614,0.036438457667827606,6.0314945585560054e-05,0.0,0.0,0.0,0.004198220558464527,0.0064604212529957294,0.01533629558980465,0.044253505766391754,0.05237915366888046,0.00604136660695076,0.0018041753210127354,0.0,0.0,0.0008979906560853124,0.0017161077121272683,0.01306949369609356,0.02407887950539589,0.013316652737557888,0.0669410303235054,0.038633495569229126,0.0,0.0,0.0,0.0,0.0,0.0039000390097498894,0.01729080267250538,0.0040281000547111034,0.04164326190948486,0.0,0.0,0.0,0.0,6.0314945585560054e-05,0.017738303169608116,0.00686592236161232,0.005434385500848293,0.020402520895004272,0.00026758003514260054,0.0,6.0314945585560054e-05,0.0,0.004715266637504101,0.0071675730869174,0.011204037815332413,0.02280888706445694,0.010372467339038849,0.011636314913630486,0.0033559014555066824,0.015861816704273224,0.006913580931723118,0.0017810957506299019,6.0314945585560054e-05,6.0314945585560054e-05,0.003990004770457745,0.009518951177597046,0.0012908726930618286,0.01166718639433384,0.006933738477528095,0.04160743206739426,0.01582280546426773,0.0005711647099815309,0.004517573397606611,0.004379638005048037,0.07548750936985016,0.007300931494683027,0.008002511225640774,0.04461529478430748,0.027886193245649338,0.027432071045041084,0.0023977020755410194,0.014860667288303375,0.03128531202673912,0.006519041955471039,0.006121255923062563,0.0,0.01643621362745762,0.011483466252684593,0.04870672523975372,0.005621250253170729,0.009357710368931293,0.021603185683488846,0.0028354262467473745,0.010027707554399967,0.0,0.0,0.012518651783466339,0.025068610906600952,0.00676365289837122,0.008560525253415108,0.027558382600545883,0.002458533039316535,0.0,0.0,0.0,0.0017959754914045334,0.023944344371557236,0.009766086004674435,0.003084817435592413,0.014233273454010487,0.008082946762442589,0.0,0.0,0.0,0.007969651371240616,0.02184538170695305,0.00190251343883574,0.0,0.0,0.0,0.0,0.0,0.0,0.0011122114956378937,0.0,0.0,0.0,0.0,0.0,0.0
2025-11-02,0.0,3.15591023536399e-05,0.0010999408550560474,0.0,0.009079992771148682,0.006572824902832508,0.010055270045995712,0.0,0.0,0.0,0.0,0.0018272902816534042,0.005581294186413288,0.05685513839125633,0.09160958230495453,3.15591023536399e-05,0.0,0.0,0.0,0.007791610434651375,0.0077414968982338905,0.019918303936719894,0.022369837388396263,0.028392134234309196,3.15591023536399e-05,0.0,0.0,0.0,0.010021896101534367,0.010275694541633129,0.015805916860699654,0.04327936843037605,0.06656334549188614,0.009036388248205185,0.0011155646061524749,0.0,0.0,0.0007535279146395624,0.00155708659440279,0.005891738925129175,0.042414549738168716,0.018698612228035927,0.046160660684108734,0.03251904994249344,0.0,0.0,0.0,0.0,0.0,0.0045356424525380135,0.01737752929329872,0.007323642261326313,0.03138209879398346,0.0,0.0,0.0,0.0,3.15591023536399e-05,0.00914574135094881,0.011230445466935635,0.004038675222545862,0.020213671028614044,0.0,0.0,3.15591023536399e-05,0.0,0.0021380227990448475,0.007245577406138182,0.014672709628939629,0.01598629169166088,0.010633591562509537,0.004717187024652958,0.0022569282446056604,0.015106843784451485,0.003211365547031164,0.0009890947258099914,3.15591023536399e-05,3.15591023536399e-05,0.003195742378011346,0.008855399675667286,0.0008592065423727036,0.008492025546729565,0.003918537870049477,0.030454665422439575,0.007063648663461208,7.625867146998644e-05,0.003222525352612138,0.0023610128555446863,0.07837099581956863,0.006653736345469952,0.013857182115316391,0.07786388695240021,0.023299943655729294,0.034514419734478,0.0024525108747184277,0.022793566808104515,0.030485723167657852,0.006549175828695297,0.006578201428055763,0.0,0.023878907784819603,0.011799055151641369,0.023276612162590027,0.007672681473195553,0.00563669390976429,0.012890540063381195,0.0015849440824240446,0.005397641099989414,0.0,0.0,0.010593249462544918,0.030645903199911118,0.009235027246177197,0.009134539403021336,0.027690736576914787,0.002050071256235242,0.0,0.0,0.0,0.0001871116692200303,0.021845579147338867,0.013793363235890865,0.001688690623268485,0.0041227457113564014,0.012060080654919147,0.0,0.0,0.0,0.012823527678847313,0.01423640362918377,0.0010334732942283154,0.0,0.0,0.0,0.0,0.0,0.0,0.0038224903400987387,0.0,0.0,0.0,0.0,0.0,0.0
2025-11-03,0.0,4.583974805427715e-05,0.0008595079416409135,0.0,0.009428835473954678,0.008633370511233807,0.0049994089640676975,0.0,0.0,0.0,0.0,0.0017905867425724864,0.00282264593988657,0.062114421278238297,0.06394284963607788,4.583974805427715e-05,0.0,0.0,0.0,0.008148543536663055,0.008607164025306702,0.027516599744558334,0.019785096868872643,0.030508458614349365,4.583974805427715e-05,0.0,0.0,0.0,0.007411534897983074,0.001657671295106411,0.025930723175406456,0.04570741206407547,0.062108609825372696,0.023936346173286438,0.0015494434628635645,0.0,0.0,0.0012580255279317498,0.0011617024429142475,0.003506642999127507,0.05419888347387314,0.02686219848692417,0.03125951066613197,0.020837794989347458,0.0,0.0,0.0,0.0,0.0,0.005358346272259951,0.013278180733323097,0.006014704704284668,0.05993838608264923,0.0,0.0,0.0,0.0,4.583974805427715e-05,0.007412874139845371,0.0219169519841671,0.003895100671797991,0.026180176064372063,0.0001137917279265821,0.0,4.583974805427715e-05,0.0,0.0038884184323251247,0.02362242341041565,0.02942219376564026,0.01851154863834381,0.005840604193508625,0.005965215153992176,0.011128174141049385,0.0145918233320117,0.00525248795747757,0.0065604341216385365,4.583974805427715e-05,4.583974805427715e-05,0.009270154871046543,0.007907805033028126,0.0009438944980502129,0.015992581844329834,0.0032867640256881714,0.023670949041843414,0.01269760075956583,0.0003771679475903511,0.002160353120416403,0.0037785652093589306,0.0722697526216507,0.015819914638996124,0.005211131647229195,0.06876815855503082,0.04299343004822731,0.019841818138957024,0.0017411146545782685,0.00962083414196968,0.038817305117845535,0.007407672703266144,0.009238841012120247,0.0,0.028176026418805122,0.01369397435337305,0.013863826170563698,0.00889272429049015,0.007544314954429865,0.010230429470539093,0.002848623786121607,0.004606251139193773,0.0,0.0,0.009298264980316162,0.04375448077917099,0.017116982489824295,0.024585790932178497,0.019774554297327995,0.0021252925507724285,0.0,0.0,0.0,0.00026334438007324934,0.02517392300069332,0.013173805549740791,0.0010116384364664555,0.0017244494520127773,0.006312557030469179,0.0,0.0,0.0,0.014166071079671383,0.006762943230569363,0.0017114661168307066,0.0,0.0,0.0,0.0,0.0,0.0,0.009693056344985962,0.0,0.0,0.0,0.0,0.0,0.0
2025-11-04,0.0,5.22091104357969e-05,0.0008693521376699209,0.0,0.011061576195061207,0.0037465388886630535,0.009394191205501556,0.0,0.0,0.0,0.0,0.001772388000972569,0.0025398465804755688,0.08130659908056259,0.06196984648704529,5.22091104357969e-05,0.0,0.0,0.0,0.0018866314785555005,0.018085353076457977,0.018729861825704575,0.012089451774954796,0.026663169264793396,5.22091104357969e-05,0.0,0.0,0.0,0.00788450613617897,8.229352533817291e-05,0.02647060714662075,0.03004550188779831,0.05052802339196205,0.00969139114022255,0.0020845038816332817,0.0,0.0,0.0014512911438941956,0.0014535739319399,0.003005423815920949,0.043702758848667145,0.014386298134922981,0.02504590153694153,0.02667386643588543,0.0,0.0,0.0,0.0,0.0,0.006622244603931904,0.005032790824770927,0.014983030036091805,0.06173942983150482,0.0,0.0,0.0,0.0,5.22091104357969e-05,0.011781098321080208,0.015472058206796646,0.00859878584742546,0.018339388072490692,0.0006395449163392186,0.0,5.22091104357969e-05,0.0,0.01282021775841713,0.01595967449247837,0.03232722729444504,0.011333564296364784,0.011016711592674255,0.014404192566871643,0.006583264097571373,0.013818692415952682,0.01673916168510914,0.001172845484688878,5.22091104357969e-05,5.22091104357969e-05,0.009923628531396389,0.011132928542792797,0.0018270546570420265,0.021552687510848045,0.007175317034125328,0.03704749792814255,0.01195477694272995,0.0001446909736841917,0.007111366838216782,0.004425263963639736,0.07098282128572464,0.012939550913870335,0.002785932505503297,0.06958433985710144,0.054847802966833115,0.032170750200748444,0.0003823540173470974,0.00559714250266552,0.030640149489045143,0.005958490539342165,0.0049046422354876995,0.0,0.02580776810646057,0.020165909081697464,0.02396959625184536,0.010975444689393044,0.007617712952196598,0.010132599622011185,0.010585186071693897,0.003420100547373295,0.0,0.0,0.014497701078653336,0.03421739488840103,0.009104047901928425,0.015047846361994743,0.018036719411611557,0.001994664780795574,0.0,0.0,0.0,0.005117733031511307,0.03220720961689949,0.00836690329015255,0.004281887784600258,0.0025594597682356834,0.010207297280430794,0.0,0.0,0.0,0.009235787205398083,0.01277479063719511,0.006439276970922947,0.0,0.0,0.0,0.0,0.0,0.0,0.002013459103181958,0.0,0.0,0.0,0.0,0.0,0.0
2025-11-05,0.0,4.501240618992597e-05,0.0008966853492893279,0.0,0.008779153227806091,0.002541203750297427,0.005242104642093182,0.0,0.0,0.0,0.0,0.0017439317889511585,0.006026105955243111,0.06950921565294266,0.06211652606725693,4.501240618992597e-05,0.0,0.0,0.0,0.0030686899553984404,0.012952308170497417,0.03182394802570343,0.008580146357417107,0.03999103605747223,4.501240618992597e-05,0.0,0.0,0.0,0.007969321683049202,0.0011018547229468822,0.019501782953739166,0.023753222078084946,0.04921852797269821,0.008102581836283207,0.0020371447317302227,0.0,0.0,0.0014120462583377957,0.0016561042284592986,0.00259476643987,0.05287332832813263,0.008958219550549984,0.039435192942619324,0.03530304133892059,0.0,0.0,0.0,0.0,0.0,0.014142649248242378,0.011606071144342422,0.007966632954776287,0.025371793657541275,0.0,0.0,0.0,0.0,4.501240618992597e-05,0.005272153299301863,0.011349774897098541,0.0036898567341268063,0.01289766002446413,0.0013718641130253673,0.0,4.501240618992597e-05,0.0,0.004089373163878918,0.020226046442985535,0.028324812650680542,0.013178333640098572,0.004432725254446268,0.008513187058269978,0.0017717208247631788,0.012721134349703789,0.006893723271787167,0.0015347340377047658,4.501240618992597e-05,4.501240618992597e-05,0.0023798909969627857,0.011070018634200096,0.0011745789088308811,0.01706034690141678,0.013840759173035622,0.01902841031551361,0.009394180960953236,0.0,0.00732011254876852,0.004499661270529032,0.0830167904496193,0.007190614938735962,0.004133217036724091,0.06943779438734055,0.03944362327456474,0.03641128912568092,0.00040543219074606895,0.01611516997218132,0.03226078301668167,0.0051466673612594604,0.005959469359368086,0.0,0.011266200803220272,0.01087068673223257,0.02202286198735237,0.020921507850289345,0.00540504464879632,0.022720642387866974,0.0030518134590238333,0.0024115503765642643,0.0,0.0,0.009826455265283585,0.031089218333363533,0.011339804157614708,0.008265727199614048,0.03684335574507713,0.0013980565126985312,0.0,0.0,0.0,0.0,0.04483041167259216,0.010133916512131691,0.0,0.004197244066745043,0.0056227450259029865,0.0,0.0,0.0,0.00623320322483778,0.005841500125825405,0.002661850769072771,0.0,0.0,0.0,0.0,0.0,0.0,0.0,0.0,0.0,0.0,0.0,0.0,0.0
2025-11-06,0.0,4.830257239518687e-05,0.0009218520135618746,0.0,0.008267232216894627,0.0030144816264510155,0.004364221356809139,0.0,0.0,0.0,0.0,0.0018109915545210242,0.01518220454454422,0.04994563013315201,0.09621778130531311,4.830257239518687e-05,0.0,0.0,0.0,0.006567263510078192,0.008992057293653488,0.031403109431266785,0.00822819210588932,0.03999800980091095,4.830257239518687e-05,0.0,0.0,0.0,0.013601385056972504,0.014063620939850807,0.019324470311403275,0.028578761965036392,0.03630072623491287,0.009375642985105515,0.0024293935857713223,0.0,0.0,0.0015914298128336668,0.001455508405342698,0.0036672286223620176,0.04750128090381622,0.02003084495663643,0.035039570182561874,0.044161610305309296,0.0,0.0,0.0,0.0,0.0,0.007825610227882862,0.018203362822532654,0.004422458354383707,0.030067360028624535,0.0,0.0,0.0,0.0,4.830257239518687e-05,0.004078045953065157,0.011259382590651512,0.0027963551692664623,0.013219570741057396,0.0037794248200953007,0.0,4.830257239518687e-05,0.0,0.002130252541974187,0.012697466649115086,0.011905506253242493,0.01657336950302124,0.005012782756239176,0.005953621119260788,0.002645644824951887,0.010985729284584522,0.003770417533814907,0.003219389822334051,4.830257239518687e-05,4.830257239518687e-05,0.003362593473866582,0.011054148897528648,0.001165159628726542,0.02490372769534588,0.005837666802108288,0.017336949706077576,0.017686594277620316,0.0,0.0005764246452599764,0.0031201299279928207,0.057213421911001205,0.013403124175965786,0.012591850012540817,0.09136421978473663,0.04578880965709686,0.027721162885427475,0.0060358126647770405,0.03164972737431526,0.02489355020225048,0.005533525254577398,0.0074979686178267,0.0,0.014778831042349339,0.013935895636677742,0.01830204948782921,0.007726204581558704,0.005858592689037323,0.014313384890556335,0.00748805608600378,0.002946513704955578,0.0,0.0,0.009545408189296722,0.03933422639966011,0.00504273409023881,0.007479498628526926,0.034605544060468674,0.0009082433534786105,0.0,0.0,0.0,0.0,0.023269930854439735,0.02002299763262272,0.004295479506254196,0.00885049719363451,0.005665016360580921,0.0,0.0,0.0,0.005015083588659763,0.005248131696134806,0.002649687696248293,0.0,0.0,0.0,0.0,0.0,0.0,0.002014490310102701,0.0,0.0,0.0,0.0,0.0,0.0
2025-11-07,0.0,7.625298894708976e-05,0.0009367523598484695,0.0,0.008474387228488922,0.005705514922738075,0.006140350829809904,0.0,0.0,0.0,0.0,0.00197414169088006,0.010712044313549995,0.042282216250896454,0.09261130541563034,7.625298894708976e-05,0.0,0.0,0.0,0.005513645708560944,0.019301533699035645,0.021236348897218704,0.01609973981976509,0.03654269129037857,7.625298894708976e-05,0.0,0.0,0.0,0.015386031940579414,0.005848641972988844,0.029123850166797638,0.032126110047101974,0.029137253761291504,0.010499210096895695,0.0029483940452337265,0.0,0.0,0.0013418798334896564,0.0009354642243124545,0.00983806699514389,0.046844128519296646,0.027757957577705383,0.05003907531499863,0.03570012375712395,0.0,0.0,0.0,0.0,0.0,0.005197637714445591,0.0018490878865122795,0.005849167238920927,0.06454551964998245,0.0,0.0,0.0,0.0,7.625298894708976e-05,0.0040267775766551495,0.013663047924637794,0.003584420308470726,0.019434021785855293,0.010300969704985619,0.0,7.625298894708976e-05,0.0,0.0033052361104637384,0.006041723303496838,0.016254309564828873,0.01756817102432251,0.005743599962443113,0.004717985633760691,0.0023006692063063383,0.010866181924939156,0.0024654651060700417,0.003877562005072832,7.625298894708976e-05,7.625298894708976e-05,0.007469048723578453,0.006335804238915443,0.0010643369751051068,0.009637663140892982,0.0034564086236059666,0.01860443502664566,0.008018123917281628,0.00017915444914251566,0.001478071790188551,0.005271221045404673,0.05150400102138519,0.00982576422393322,0.01521916501224041,0.06769776344299316,0.04028375446796417,0.022324692457914352,0.0010432654526084661,0.011502311564981937,0.023914705961942673,0.013137666508555412,0.014667476527392864,0.0,0.014722025021910667,0.012109357863664627,0.015012494288384914,0.005047025624662638,0.008931905031204224,0.013242390938103199,0.0031873888801783323,0.0030307299457490444,0.0,0.0,0.010976074263453484,0.024128612130880356,0.0025129783898591995,0.009749487042427063,0.03011910431087017,0.001397861517034471,0.0,0.0,0.0,0.0022687017917633057,0.03149258345365524,0.011364754289388657,0.0013389703817665577,0.01889699324965477,0.008951852098107338,0.0,0.0,0.0,0.003240521065890789,0.0042723058722913265,0.0036424428690224886,0.0,0.0,0.0,0.0,0.0,0.0,0.009009897708892822,0.0,0.0,0.0,0.0,0.0,0.0
2025-11-08,0.0,7.759354775771499e-05,0.0009121355251409113,0.0,0.01544730644673109,0.012117871083319187,0.007544034160673618,0.0,0.0,0.0,0.0,0.0021198326721787453,0.015011109411716461,0.057850584387779236,0.06129162013530731,7.759354775771499e-05,0.0,0.0,0.0,0.004436408169567585,0.00700687151402235,0.014158248901367188,0.023258447647094727,0.041917555034160614,7.759354775771499e-05,0.0,0.0,0.0,0.01398164127022028,0.005259397905319929,0.03323693200945854,0.03812195360660553,0.025891128927469254,0.010481741279363632,0.0025916695594787598,0.0,0.0,0.000556333689019084,0.00019317050464451313,0.007429331541061401,0.03927045688033104,0.009166394360363483,0.04592938348650932,0.014130220748484135,0.0,0.0,0.0,0.0,0.0,0.004111192189157009,0.0030616605654358864,0.005961256101727486,0.037233442068099976,0.0,0.0,0.0,0.0,7.759354775771499e-05,0.004447811283171177,0.008082971908152103,0.0040384200401604176,0.02943207323551178,0.0034641833044588566,0.0,7.759354775771499e-05,0.0,0.0036342896055430174,0.006379098165780306,0.020854879170656204,0.00803864561021328,0.006835256237536669,0.004559564404189587,0.003816204611212015,0.016171472147107124,0.0005255017895251513,0.0039483169093728065,7.759354775771499e-05,7.759354775771499e-05,0.014113597571849823,0.004522367846220732,0.0005746337701566517,0.009026718325912952,0.002768519800156355,0.03049381449818611,0.003868591506034136,0.0004343126784078777,0.0038690760266035795,0.005168409552425146,0.0644446611404419,0.009035954251885414,0.0056707169860601425,0.053008925169706345,0.031261906027793884,0.03282175213098526,0.0012072751997038722,0.005572580266743898,0.022571172565221786,0.005941955838352442,0.02077910490334034,0.0,0.007499168626964092,0.005857488140463829,0.01328241266310215,0.010939590632915497,0.004982288461178541,0.017373554408550262,0.009524275548756123,0.0026652987580746412,0.0,0.0,0.014438631944358349,0.02454414963722229,0.0031940764747560024,0.022124040871858597,0.01754082553088665,0.004482360556721687,0.0,0.0,0.0,0.0024164440110325813,0.030169932171702385,0.007892660796642303,0.002563516376540065,0.010173842310905457,0.015217386186122894,0.0,0.0,0.0,0.0028060288168489933,0.012279259040951729,0.003736586309969425,0.0,0.0,0.0,0.0,0.0,0.0,0.0020914566703140736,0.0,0.0,0.0,0.0,0.0,0.0
2025-11-09,0.0,9.567256347509101e-05,0.0008994552190415561,0.0,0.0171948429197073,0.006570038851350546,0.008323153480887413,0.0,0.0,0.0,0.0,0.003276263829320669,0.014604253694415092,0.03826049342751503,0.05734001845121384,9.567256347509101e-05,0.0,0.0,0.0,0.0039013486821204424,0.008731919340789318,0.022919733077287674,0.014993542805314064,0.03033369407057762,9.567256347509101e-05,0.0,0.0,0.0,0.010700879618525505,0.008286373689770699,0.02439773827791214,0.053612980991601944,0.023529481142759323,0.009564614854753017,0.0025544073432683945,0.0,0.0,0.0,0.0006210854044184089,0.0026273666881024837,0.03809822350740433,0.018368853256106377,0.03733431547880173,0.012183958664536476,0.0,0.0,0.0,0.0,0.0,0.005207720212638378,0.016058897599577904,0.006506624631583691,0.02679557353258133,0.0,0.0,0.0,0.0,9.567256347509101e-05,0.004463057033717632,0.008675871416926384,0.004392928909510374,0.03880055248737335,0.001391050172969699,0.0,9.567256347509101e-05,0.0,0.005039173178374767,0.006749114952981472,0.02748279646039009,0.0109430942684412,0.012234652414917946,0.004964216612279415,0.003687485819682479,0.010873150080442429,0.0014677448198199272,0.0033794124610722065,9.567256347509101e-05,9.567256347509101e-05,0.0043954793363809586,0.008932079188525677,0.0,0.011747882701456547,0.004833032377064228,0.024269726127386093,0.008350221440196037,0.0014047753065824509,0.004971946589648724,0.008497699163854122,0.09171906113624573,0.010083427652716637,0.0037244867999106646,0.06687908619642258,0.026572201400995255,0.02607826516032219,0.0030761787202209234,0.008856185711920261,0.020518634468317032,0.005233873147517443,0.01991892233490944,0.0,0.005084110423922539,0.010420513339340687,0.012968255206942558,0.018864890560507774,0.006442726124078035,0.023672722280025482,0.002911092946305871,0.0033675055019557476,0.0,0.0,0.013844207860529423,0.030777378007769585,0.009992534294724464,0.01186015922576189,0.011178948916494846,0.015067403204739094,0.0,0.0,0.0,0.004231196828186512,0.02854166552424431,0.006668344140052795,0.00412035221233964,0.010068263858556747,0.008081486448645592,0.0,0.0,0.0,0.003762729000300169,0.017118006944656372,0.0035273858811706305,0.0,0.0,0.0,0.0,0.0,0.0,0.0013274294324219227,0.0,0.0,0.0,0.0,0.0,0.0
2025-11-10,0.0,5.999362838338129e-05,0.0008595671388320625,0.0,0.013531452976167202,0.003937379457056522,0.010884079150855541,0.0,0.0,0.0,0.0,0.0020762276835739613,0.015934482216835022,0.03894021362066269,0.06591929495334625,5.999362838338129e-05,0.0,0.0,0.0,0.004363868851214647,0.014145754277706146,0.020629389211535454,0.009485913440585136,0.03497947007417679,5.999362838338129e-05,0.0,0.0,0.0,0.012978337705135345,0.008405860513448715,0.023409239947795868,0.04879806190729141,0.0325714647769928,0.011679047718644142,0.002359735080972314,0.0,0.0,0.0,0.005887583363801241,0.002358566038310528,0.04052043706178665,0.02320675551891327,0.0462677963078022,0.019508998841047287,0.0,0.0,0.0,0.0,0.0,0.012694194912910461,0.016116850078105927,0.00807259976863861,0.04526323825120926,0.0,0.0,0.0,0.0,5.999362838338129e-05,0.0036877677775919437,0.011785559356212616,0.004762614145874977,0.023816177621483803,0.00026817747857421637,0.0,5.999362838338129e-05,0.0,0.005501394160091877,0.016507409512996674,0.023876842111349106,0.006862543523311615,0.01638474315404892,0.004944515414535999,0.006730198860168457,0.009836353361606598,0.006015806924551725,0.0024424283765256405,5.999362838338129e-05,5.999362838338129e-05,0.002000385895371437,0.009820622391998768,0.0,0.019640358164906502,0.006386538036167622,0.022975748404860497,0.008328870870172977,0.0032690821681171656,0.004885432310402393,0.012586684897542,0.11316812038421631,0.015233393758535385,0.002342111896723509,0.05312149226665497,0.03050258383154869,0.012548506259918213,0.0033735965844243765,0.025333598256111145,0.029831789433956146,0.006959948688745499,0.006857311353087425,0.0,0.01671173796057701,0.009706391021609306,0.012698758393526077,0.007475711405277252,0.007776634301990271,0.015646524727344513,0.0015905707841739058,0.0037528262473642826,0.0,0.0,0.01913902536034584,0.03715638443827629,0.004855994135141373,0.008610554970800877,0.01868630386888981,0.004869676660746336,0.0,0.0,0.0,0.00345561932772398,0.04985358938574791,0.009075496345758438,0.0039109643548727036,0.004377943929284811,0.004876811522990465,0.0,0.0,0.0,0.0029430182185024023,0.008463828824460506,0.0027413582429289818,0.0,0.0,0.0,0.0,0.0,0.0,0.0012811836786568165,0.0,0.0,0.0,0.0,0.0,0.0
2025-11-11,0.0,7.533437019446865e-05,0.0008640415617264807,0.0,0.017650123685598373,0.0030198567546904087,0.007804275490343571,0.0,0.0,0.0,0.0,0.0017573139630258083,0.010479832999408245,0.06458460539579391,0.07094542682170868,7.533437019446865e-05,0.0,0.0,0.0,0.007838810794055462,0.01016063429415226,0.01894645020365715,0.013636980205774307,0.036501914262771606,7.533437019446865e-05,0.0,0.0,0.0,0.02502566948533058,0.009120767936110497,0.025580285117030144,0.035459790378808975,0.01908414624631405,0.018106233328580856,0.002278666477650404,0.0,0.0,0.005393581464886665,0.0013289576163515449,0.0031800856813788414,0.040825486183166504,0.01917591504752636,0.05297452211380005,0.014661844819784164,0.0,0.0,0.0,0.0,0.0,0.004221738316118717,0.00773268798366189,0.007402706425637007,0.030631761997938156,0.0,0.0,0.0,0.0,7.533437019446865e-05,0.004294315353035927,0.013098116032779217,0.008292263373732567,0.013909654691815376,0.0,0.0,7.533437019446865e-05,0.0,0.005112317390739918,0.007557536941021681,0.015161334536969662,0.012281382456421852,0.006728060077875853,0.004840932786464691,0.008176819421350956,0.01052128802984953,0.02599472552537918,0.0019475609296932817,7.533437019446865e-05,7.533437019446865e-05,0.006712102331221104,0.012139257974922657,0.002134590642526746,0.020333953201770782,0.009146716445684433,0.05320434644818306,0.015853043645620346,0.00904788263142109,0.003937535919249058,0.008470107801258564,0.05739622935652733,0.008302191272377968,0.003482329659163952,0.052621811628341675,0.0316179059445858,0.011094109155237675,0.003149656346067786,0.0181666761636734,0.04467311501502991,0.011048639193177223,0.004104698542505503,0.0,0.03195091336965561,0.00992463156580925,0.0239521823823452,0.008251368999481201,0.008010074496269226,0.015621981583535671,0.002549111610278487,0.004342355765402317,0.0,0.0,0.0254911407828331,0.019565895199775696,0.008243721909821033,0.010144170373678207,0.0240681953728199,0.0019513699226081371,0.0,0.0,0.0,0.0026963353157043457,0.034580908715724945,0.0187515988945961,0.0031898408196866512,0.0027021621353924274,0.0033802217803895473,0.0,0.0,0.0,0.004273389000445604,0.0073621030896902084,0.00232239393517375,0.0,0.0,0.0,0.0,0.0,0.0,0.0017598248086869717,0.0,0.0,0.0,0.0,0.0,0.0
2025-11-12,0.0,7.614634523633868e-05,0.0008765271632000804,0.0,0.023736614733934402,0.003058621659874916,0.006671581882983446,0.0,0.0,0.0,0.0,0.0017673609545454383,0.011683467775583267,0.07281642407178879,0.0834251120686531,7.614634523633868e-05,0.0,0.0,0.0,0.0026296088472008705,0.011222080327570438,0.028756439685821533,0.014994332566857338,0.03730358928442001,7.614634523633868e-05,0.0,0.0,0.0,0.011099259369075298,0.015438536182045937,0.02565765753388405,0.03778023645281792,0.03348987177014351,0.0255515668541193,0.002084906678646803,0.0,0.0,0.00030839769169688225,0.0008884042617864907,0.0035392967984080315,0.03323877230286598,0.01705949753522873,0.051092710345983505,0.01789632812142372,0.0,0.0,0.0,0.0,0.0,0.007109609432518482,0.003983690403401852,0.007876499556005001,0.028480134904384613,0.0,0.0,0.0,0.0,7.614634523633868e-05,0.006423960439860821,0.020284494385123253,0.019482923671603203,0.01766105927526951,0.0,0.0,7.614634523633868e-05,0.0,0.004268825054168701,0.01060120016336441,0.011702528223395348,0.024545172229409218,0.003484197426587343,0.004607741255313158,0.002690501045435667,0.010390729643404484,0.006038028281182051,0.0026757484301924706,7.614634523633868e-05,7.614634523633868e-05,0.015308900736272335,0.007810155861079693,0.009452968835830688,0.012348022311925888,0.01587279886007309,0.055861301720142365,0.009504285641014576,0.0034115260932594538,0.004521014168858528,0.006917211227118969,0.04492644965648651,0.007715525571256876,0.006163885351270437,0.0684272050857544,0.017638642340898514,0.022261159494519234,0.002668668981641531,0.007142797578126192,0.047720927745103836,0.010118227452039719,0.004850778728723526,0.0,0.025892041623592377,0.01352005172520876,0.02621893398463726,0.009763184934854507,0.010353291407227516,0.015523589216172695,0.0034052408300340176,0.00471285916864872,0.0,0.0,0.015407999977469444,0.024006735533475876,0.022569602355360985,0.01110298465937376,0.012921984307467937,0.001608220161870122,0.0,0.0,0.0,0.0032246685586869717,0.024138886481523514,0.01811063662171364,0.0031094010919332504,0.0025507863610982895,0.007289896719157696,0.0,0.0,0.0,0.009188225492835045,0.009048311039805412,0.0025050737895071507,0.0,0.0,0.0,0.0,0.0,0.0,0.002495685126632452,0.0,0.0,0.0,0.0,0.0,0.0
2025-11-13,0.0,8.290687401313335e-05,0.0009175264276564121,0.0,0.019654426723718643,0.00282931886613369,0.004704332444816828,0.0,0.0,0.0,0.0,0.0018061517039313912,0.01887759007513523,0.05499410629272461,0.0932421013712883,8.290687401313335e-05,0.0,0.0,0.0,0.002521456452086568,0.017320528626441956,0.0207548588514328,0.014166783541440964,0.02321624755859375,8.290687401313335e-05,0.0,0.0,0.0,0.005363998468965292,0.0107590202242136,0.021387752145528793,0.041669074445962906,0.04049605131149292,0.01351974532008171,0.0004579630331136286,0.0,0.0,0.0,0.0012698917416855693,0.0042924960143864155,0.04063524678349495,0.011468349024653435,0.05068574473261833,0.028144028037786484,0.0,0.0,0.0,0.0,0.0,0.00230276002548635,0.006408365443348885,0.013264385983347893,0.044062137603759766,0.0,0.0,0.0,0.0,8.290687401313335e-05,0.00637426134198904,0.015193047001957893,0.009789995849132538,0.017948972061276436,3.583100624382496e-05,0.0,8.290687401313335e-05,0.0,0.0033975704573094845,0.024699067696928978,0.011851264163851738,0.021764570847153664,0.008332490921020508,0.004895415157079697,0.001822947058826685,0.010514935478568077,0.0019318549893796444,0.002713944297283888,8.290687401313335e-05,8.290687401313335e-05,0.005211306735873222,0.008595435880124569,0.0015590405091643333,0.00624073576182127,0.008562784641981125,0.037562958896160126,0.007793406955897808,0.0012699030339717865,0.00797300599515438,0.005539172329008579,0.059681981801986694,0.009694384410977364,0.015345018357038498,0.05476963892579079,0.024867789819836617,0.01176502462476492,0.001905113342218101,0.006399936508387327,0.03988828882575035,0.014983892440795898,0.004649333655834198,0.0,0.008107309229671955,0.010962293483316898,0.017045971006155014,0.010685039684176445,0.018837321549654007,0.02105029858648777,0.004363122396171093,0.006338880863040686,0.0,0.0,0.00788046419620514,0.027319643646478653,0.00966942310333252,0.014727560803294182,0.012934619560837746,0.0019636175129562616,0.0,0.0,0.0,0.0024997075088322163,0.044350020587444305,0.020075879991054535,0.0016808342188596725,0.002804445568472147,0.00012032268568873405,0.0,0.0,0.0,0.005531024187803268,0.01628165878355503,0.006184562109410763,0.0,0.0,0.0,0.0,0.0,0.0,0.001866975799202919,0.0,0.0,0.0,0.0,0.0,0.0
2025-11-14,0.0,7.165470742620528e-05,0.0008927888120524585,0.0,0.013204658403992653,0.0039525022730231285,0.005482519045472145,0.0,0.0,0.0,0.0,0.002131251385435462,0.010582294315099716,0.0625692829489708,0.07446704059839249,7.165470742620528e-05,0.0,0.0,0.0,0.00616848561912775,0.00865766778588295,0.013263675384223461,0.020887473598122597,0.029067840427160263,7.165470742620528e-05,0.0,0.0,0.0,0.009386911056935787,0.007899610325694084,0.02896771766245365,0.035799555480480194,0.041130430996418,0.00933520682156086,0.001289961626753211,0.0,0.0,0.0006370843620970845,0.0009787353919818997,0.004199647344648838,0.04514656215906143,0.011798948049545288,0.05007024481892586,0.019141219556331635,0.0,0.0,0.0,0.0,0.0,0.006026442628353834,0.010767592117190361,0.014856500551104546,0.03533444553613663,0.0,0.0,0.0,0.0,7.165470742620528e-05,0.005521749146282673,0.010150032117962837,0.005567359738051891,0.02709193527698517,0.00014443602412939072,0.0,7.165470742620528e-05,0.0,0.003555318573489785,0.03166304528713226,0.013341119512915611,0.015337785705924034,0.004248950630426407,0.004414222203195095,0.0028947144746780396,0.01001956220716238,0.0020003048703074455,0.0023696976713836193,7.165470742620528e-05,7.165470742620528e-05,0.00242549367249012,0.007043506018817425,0.0,0.00657124537974596,0.004587882198393345,0.03593471273779869,0.009777318686246872,0.0006466697668656707,0.01721235178411007,0.008283209055662155,0.06256039440631866,0.016448449343442917,0.006743587553501129,0.05458024516701698,0.03564843162894249,0.013794832862913609,0.002066246001049876,0.006059801205992699,0.03266502171754837,0.028370989486575127,0.005653549451380968,0.0,0.0071970876306295395,0.018951404839754105,0.011910654604434967,0.011168456636369228,0.012390991672873497,0.022038834169507027,0.0045911711640655994,0.01243143156170845,0.0,0.0,0.00751668494194746,0.020944982767105103,0.005208782851696014,0.011128571815788746,0.01787862926721573,0.002214424777776003,0.0,0.0,0.0,0.0023121729027479887,0.035917241126298904,0.0067327432334423065,0.0020561462733894587,0.003993121907114983,0.00246416381560266,0.0,0.0,0.0,0.002855704165995121,0.019579734653234482,1.0013580322265625e-05,0.0,0.0,0.0,0.0,0.0,0.0,0.002097470685839653,0.0,0.0,0.0,0.0,0.0,0.0
2025-11-15,0.0,7.526898116338998e-05,0.0008942765998654068,0.0,0.019434258341789246,0.007056470960378647,0.005360380280762911,0.0,0.0,0.0,0.0,0.0032021389342844486,0.015467919409275055,0.060831062495708466,0.058464862406253815,7.526898116338998e-05,0.0,0.0,0.0,0.0038784192875027657,0.0119283776730299,0.013529513031244278,0.01854953169822693,0.03104783035814762,7.526898116338998e-05,0.0,0.0,0.0,0.010449683293700218,0.0035335603170096874,0.02041250467300415,0.047741420567035675,0.045535653829574585,0.008214963600039482,0.010271639563143253,0.0,0.0,0.0011594026582315564,0.001421808497980237,0.004314728081226349,0.041039686650037766,0.012346561998128891,0.027495283633470535,0.026777181774377823,0.0,0.0,0.0,0.0,0.0,0.01702689751982689,0.007650785148143768,0.007352115586400032,0.03284170478582382,0.0,0.0,0.0,0.0,7.526898116338998e-05,0.005155378952622414,0.010475816205143929,0.0038116099312901497,0.018758026883006096,0.0003468036884441972,0.0,7.526898116338998e-05,0.0,0.008997160941362381,0.02588970959186554,0.012469504959881306,0.026480786502361298,0.004714629612863064,0.005376196466386318,0.009509488940238953,0.009609674103558064,0.00299658952280879,0.0020654872059822083,7.526898116338998e-05,7.526898116338998e-05,0.0030588062945753336,0.008130422793328762,0.0,0.02172505110502243,0.005413697101175785,0.03265952691435814,0.008269275538623333,0.0005886847502551973,0.0075994823127985,0.0011795326136052608,0.06514693796634674,0.00887474324554205,0.0033236455637961626,0.046204403042793274,0.04826601222157478,0.02917761728167534,0.0015882985899224877,0.008056068792939186,0.02512500062584877,0.011168064549565315,0.005375343840569258,0.0,0.012613501399755478,0.021196071058511734,0.014727583155035973,0.015419289469718933,0.012602956965565681,0.01256408728659153,0.004601736553013325,0.009304236620664597,0.0,0.0,0.01211090013384819,0.025937272235751152,0.0032525924034416676,0.013705095276236534,0.017478007823228836,0.0024027591571211815,0.0,0.0,0.0,0.003030369058251381,0.03616267442703247,0.0043885596096515656,0.002373138442635536,0.007395681459456682,0.016024639829993248,0.0,0.0,0.0,0.002721016528084874,0.01748945377767086,0.0,0.0,0.0,0.0,0.0,0.0,0.0,0.0024111992679536343,0.0,0.0,0.0,0.0,0.0,0.0
2025-11-16,0.0,7.821056351531297e-05,0.0009301243117079139,0.0,0.011446899734437466,0.003280848730355501,0.004939116537570953,0.0,0.0,0.0,0.0,0.0021670327987521887,0.011026836931705475,0.055642757564783096,0.07124873995780945,7.821056351531297e-05,0.0,0.0,0.0,0.0042954785749316216,0.010791667737066746,0.017201919108629227,0.01873907260596752,0.028232520446181297,7.821056351531297e-05,0.0,0.0,0.0,0.012245111167430878,0.009018330834805965,0.0225099828094244,0.03044182062149048,0.04493408650159836,0.00608257157728076,0.0011213531251996756,0.0,0.0,0.0014352079015225172,0.007137245032936335,0.004477312788367271,0.03147823363542557,0.016161473467946053,0.033136866986751556,0.03019360452890396,0.0,0.0,0.0,0.0,0.0,0.014248380437493324,0.007793464697897434,0.007162756286561489,0.036162201315164566,0.0,0.0,0.0,0.0,7.821056351531297e-05,0.006206226069480181,0.008198154158890247,0.0031595644541084766,0.03355441242456436,0.0008539727423340082,0.0,7.821056351531297e-05,0.0,0.005393657833337784,0.0064356098882853985,0.011733008548617363,0.017916588112711906,0.006953136064112186,0.005829924717545509,0.0036067720502614975,0.009255730547010899,0.0037598588969558477,0.0019191880710422993,7.821056351531297e-05,7.821056351531297e-05,0.008011452853679657,0.02172204852104187,0.0005058232345618308,0.010255279019474983,0.018924709409475327,0.02320241555571556,0.014253008179366589,0.00035115351784043014,0.004566742107272148,0.005110383499413729,0.06129732355475426,0.013393066823482513,0.004006517119705677,0.0675923153758049,0.0466117225587368,0.02710573375225067,0.0023078275844454765,0.009546346962451935,0.030472777783870697,0.011218149214982986,0.005257987417280674,0.0,0.011300411075353622,0.019697722047567368,0.026366544887423515,0.01425752229988575,0.014733072370290756,0.0159460362046957,0.004163092467933893,0.0032322872430086136,0.0,0.0,0.019691361114382744,0.02515275776386261,0.0034973914735019207,0.00907520018517971,0.015634357929229736,0.001945842057466507,0.0,0.0,0.0,0.00880688801407814,0.03927984461188316,0.009335500188171864,0.00271641556173563,0.018404610455036163,0.004060907289385796,0.0,0.0,0.0,0.00348601583391428,0.015327509492635727,0.003903697244822979,0.0,0.0,0.0,0.0,0.0,0.0,0.0015120245516300201,0.0,0.0,0.0,0.0,0.0,0.0
2025-11-17,0.0,9.420185961062089e-05,0.0010258052498102188,0.0,0.009138567373156548,0.00302808522246778,0.004008684307336807,0.0,0.0,0.0,0.0,0.0016006823861971498,0.003411018755286932,0.053029563277959824,0.05522480607032776,9.420185961062089e-05,0.0,0.0,0.0,0.004947795532643795,0.007275199051946402,0.024021897464990616,0.009902667254209518,0.020186414942145348,9.420185961062089e-05,0.0,0.0,0.0,0.0100251454859972,0.01614120602607727,0.016177257522940636,0.019518932327628136,0.029690921306610107,0.005528067238628864,0.0,0.0,0.0,0.0017521902918815613,0.0012370464392006397,0.002805287018418312,0.03504101186990738,0.013050254434347153,0.049537163227796555,0.028037946671247482,0.0,0.0,0.0,0.0,0.0,0.018633751198649406,0.016137488186359406,0.007767492905259132,0.04023253545165062,0.0,0.0,0.0,0.0,9.420185961062089e-05,0.00986841507256031,0.00813630223274231,0.002953719347715378,0.017688436433672905,0.0009931817185133696,0.0,9.420185961062089e-05,0.0,0.002857993356883526,0.003526676446199417,0.014960667118430138,0.02820792980492115,0.008973410353064537,0.004695656709372997,0.0029362367931753397,0.009353671222925186,0.005514617543667555,0.0023993514478206635,9.420185961062089e-05,9.420185961062089e-05,0.003169330768287182,0.012894213199615479,0.0012551236432045698,0.0026348023675382137,0.007632424123585224,0.024621019139885902,0.0079804090783,0.00029765773797407746,0.003031690139323473,0.0006973780691623688,0.0795493945479393,0.00898877251893282,0.0021455837413668633,0.061889562755823135,0.04964997619390488,0.029235728085041046,0.005873757880181074,0.011408869177103043,0.01801443099975586,0.010470143519341946,0.006692977622151375,0.0,0.02327946200966835,0.0081708999350667,0.03331686556339264,0.008181450888514519,0.005005890503525734,0.012256985530257225,0.0037406906485557556,0.0034122539218515158,0.0,0.0,0.02669978328049183,0.01689581573009491,0.01027145329862833,0.009562616236507893,0.03078436478972435,0.0013384375488385558,0.0,0.0,0.0,0.003747585229575634,0.025670431554317474,0.004643951542675495,0.0024848398752510548,0.00900230836123228,0.002586208749562502,0.0,0.0,0.0,0.0011150827631354332,0.007376483641564846,0.0,0.0,0.0,0.0,0.0,0.0,0.0,0.0,0.0,0.0,0.0,0.0,0.0,0.0
2025-11-18,0.0,7.140362868085504e-05,0.0007936107576824725,0.0,0.012294474989175797,0.003594642737880349,0.004091020207852125,0.0,0.0,0.0,0.0,0.00158787053078413,0.005945858545601368,0.0686166062951088,0.06137503683567047,7.140362868085504e-05,0.0,0.0,0.0,0.003295856062322855,0.007908299565315247,0.018933869898319244,0.012187223881483078,0.022889845073223114,7.140362868085504e-05,0.0,0.0,0.0,0.012808365747332573,0.009388226084411144,0.011783409863710403,0.02998305857181549,0.04777854308485985,0.009658963419497013,0.000768616795539856,0.0,0.0,0.0015844472218304873,0.000353835872374475,0.0035429825074970722,0.03875107318162918,0.01860736683011055,0.04403788223862648,0.03384548798203468,0.0,0.0,0.0,0.0,0.0,0.008057992905378342,0.01364796794950962,0.006277109961956739,0.04387407749891281,0.0,0.0,0.0,0.0,7.140362868085504e-05,0.006094218697398901,0.015772715210914612,0.002824856201186776,0.017534177750349045,0.0008563143783248961,0.0,7.140362868085504e-05,0.0,0.003312418470159173,0.008478173986077309,0.014557378366589546,0.02983417734503746,0.015105798840522766,0.004663675092160702,0.003515660297125578,0.008991951122879982,0.0047818697057664394,0.002308577299118042,7.140362868085504e-05,7.140362868085504e-05,0.004196962341666222,0.014256739988923073,0.0013563560787588358,0.004030141513794661,0.01241923775523901,0.037055931985378265,0.008475867100059986,0.0001697246334515512,0.00156446045730263,0.006386748515069485,0.08737168461084366,0.004134044516831636,0.002966864500194788,0.07245171815156937,0.06809042394161224,0.04307553917169571,0.001844869228079915,0.01443804893642664,0.02084122598171234,0.0033185554202646017,0.005735576618462801,0.0,0.012607581913471222,0.008180331438779831,0.018212225288152695,0.008206908591091633,0.006540974136441946,0.01802952215075493,0.003545419778674841,0.006503650452941656,0.0,0.0,0.03586702048778534,0.017648275941610336,0.014408925548195839,0.008749865926802158,0.021725665777921677,0.002035459503531456,0.0,0.0,0.0,0.0024158344604074955,0.024335600435733795,0.009897688403725624,0.002024614019319415,0.005116371903568506,0.002779572270810604,0.0,0.0,0.0,0.0013016099110245705,0.007809077389538288,0.004118181299418211,0.0,0.0,0.0,0.0,0.0,0.0,0.0,0.0,0.0,0.0,0.0,0.0,0.0
2025-11-19,0.0,7.358593575190753e-05,0.000803646631538868,0.0,0.022237513214349747,0.00547504099085927,0.005202926695346832,0.0,0.0,0.0,0.0,0.0015957169234752655,0.003811625763773918,0.06365079432725906,0.07442566007375717,7.358593575190753e-05,0.0,0.0,0.0,0.004583624191582203,0.008547169156372547,0.015357603318989277,0.007048263214528561,0.01842796616256237,7.358593575190753e-05,0.0,0.0,0.0,0.009640800766646862,0.004197260364890099,0.025882665067911148,0.012772670015692711,0.03557029739022255,0.023861337453126907,0.001635279506444931,0.0,0.0,0.0014676266582682729,0.0018745256820693612,0.0029645233880728483,0.030338790267705917,0.018921848386526108,0.04845359921455383,0.014613805338740349,0.0,0.0,0.0,0.0,0.0,0.00476757762953639,0.02138609066605568,0.005299688316881657,0.055206749588251114,0.0,0.0,0.0,0.0,7.358593575190753e-05,0.004649284295737743,0.023693151772022247,0.002465999685227871,0.015814952552318573,0.000911478535272181,0.0,7.358593575190753e-05,0.0,0.003861484583467245,0.007967472076416016,0.01150874886661768,0.02464800328016281,0.010334235616028309,0.004437698516994715,0.004150297958403826,0.008548403158783913,0.0022226455621421337,0.0023909742012619972,7.358593575190753e-05,7.358593575190753e-05,0.013024978339672089,0.020696792751550674,0.0009737777290865779,0.0032593156211078167,0.005120435263961554,0.04684382677078247,0.010937630198895931,0.0002822870737873018,0.00016704946756362915,0.0048590064980089664,0.0743355080485344,0.014028189703822136,0.011426115408539772,0.06548123061656952,0.05271448194980621,0.04032198339700699,0.001336066983640194,0.008539119735360146,0.038300737738609314,0.0029671129304915667,0.005931477062404156,0.0,0.01259893923997879,0.008463241159915924,0.013712989166378975,0.01568884588778019,0.01135963574051857,0.01014664676040411,0.003203521016985178,0.0003617331385612488,0.0,0.0,0.020624514669179916,0.009058816358447075,0.008794604800641537,0.006401508115231991,0.021235549822449684,0.0021709653083235025,0.0,0.0,0.0,0.0022573224268853664,0.03661443665623665,0.012757674790918827,0.0017262952169403434,0.0035566959995776415,0.003556377487257123,0.0,0.0,0.0,0.0005445093847811222,0.006572877988219261,0.0005987854674458504,0.0,0.0,0.0,0.0,0.0,0.0,0.0013510985299944878,0.0,0.0,0.0,0.0,0.0,0.0
2025-11-20,0.0,7.258480763994157e-05,0.0008430728921666741,0.0,0.01049791555851698,0.0032726707868278027,0.00827955361455679,0.0,0.0,0.0,0.0,0.0016284725861623883,0.008895487524569035,0.04125812649726868,0.07250584661960602,7.258480763994157e-05,0.0,0.0,0.0,0.005698088556528091,0.011647406034171581,0.020411210134625435,0.008990605361759663,0.017336208373308182,7.258480763994157e-05,0.0,0.0,0.0,0.009598092176020145,0.002750597894191742,0.01996077410876751,0.013482712209224701,0.03655038774013519,0.009722432121634483,0.002048590686172247,0.0,0.0,0.0016629670280963182,0.0019215599168092012,0.002530844882130623,0.030612943693995476,0.007550479844212532,0.046678293496370316,0.01562698930501938,0.0,0.0,0.0,0.0,0.0,0.004311757627874613,0.008251380175352097,0.003926186356693506,0.028724942356348038,0.0,0.0,0.0,0.0,7.258480763994157e-05,0.0023213811218738556,0.013964058831334114,0.0033089907374233007,0.008000520057976246,0.0008047367446124554,0.0,7.258480763994157e-05,0.0,0.003998220898211002,0.0077629550360143185,0.010440060868859291,0.010868644341826439,0.014649217948317528,0.005076350644230843,0.004420648328959942,0.008328850381076336,0.004039236344397068,0.002932397648692131,7.258480763994157e-05,7.258480763994157e-05,0.015999097377061844,0.012196770869195461,0.0008098621037788689,0.0048914416693151,0.002829561708495021,0.04141493886709213,0.006463235709816217,0.0008595080580562353,0.001285351812839508,0.01608935184776783,0.08105860650539398,0.004933792166411877,0.0029457397758960724,0.08173707872629166,0.05288250744342804,0.01868187077343464,0.0018883481388911605,0.006807222031056881,0.03290451318025589,0.0032805127557367086,0.006583568640053272,0.0,0.016567308455705643,0.01621590554714203,0.009230997413396835,0.008739389479160309,0.007185713388025761,0.01024022325873375,0.002810023259371519,0.0,0.0,0.0,0.0127862012013793,0.019011609256267548,0.013003166764974594,0.0063018398359417915,0.02460411563515663,0.001905868062749505,0.0,0.0,0.0,0.0006269692094065249,0.03376400098204613,0.012466231361031532,0.0005420551169663668,0.002420996315777302,0.006479276809841394,0.0,0.0,0.0,0.0019249171018600464,0.006191506050527096,0.005937720648944378,0.0,0.0,0.0,0.0,0.0,0.0,0.01253761537373066,0.0,0.0,0.0,0.0,0.0,0.0
2025-11-21,0.0,8.635918493382633e-05,0.0008716699085198343,0.0,0.007653391920030117,0.0017425904516130686,0.012591822072863579,0.0,0.0,0.0,0.0,0.001644674688577652,0.004584528971463442,0.031941574066877365,0.08591850101947784,8.635918493382633e-05,0.0,0.0,0.0,0.005137987434864044,0.012148289009928703,0.014766698703169823,0.013018330559134483,0.021266959607601166,8.635918493382633e-05,0.0,0.0,0.0,0.008569770492613316,0.007846695370972157,0.030203666538000107,0.02616278827190399,0.02773527428507805,0.00476123858243227,0.0022133386228233576,0.0,0.0,0.00126099050976336,0.0017918634694069624,0.0025588616263121367,0.03730465844273567,0.01025702990591526,0.04682685807347298,0.020559165626764297,0.0,0.0,0.0,0.0,0.0,0.004211854189634323,0.004236853681504726,0.005068956408649683,0.02365661971271038,0.0,0.0,0.0,0.0,8.635918493382633e-05,0.0029367459937930107,0.020068403333425522,0.003515582997351885,0.01268764678388834,0.0006494432454928756,0.0,8.635918493382633e-05,0.0,0.004226349759846926,0.008518400602042675,0.012577617540955544,0.014610636048018932,0.013278713449835777,0.0050169071182608604,0.003146702889353037,0.008151886984705925,0.007436743937432766,0.0028320029377937317,8.635918493382633e-05,8.635918493382633e-05,0.0036150524392724037,0.009253720752894878,0.0008075650548562407,0.00746126426383853,0.0029317105654627085,0.01609848253428936,0.005035600159317255,0.0010230614570900798,0.00815355870872736,0.0070992689579725266,0.07854944467544556,0.007613376714289188,0.0024507492780685425,0.05463438853621483,0.044500336050987244,0.011921134777367115,0.0021590034011751413,0.005874243564903736,0.02942654862999916,0.003819691250100732,0.011674881912767887,0.0,0.007453057914972305,0.004466067999601364,0.008932149969041348,0.008217963390052319,0.00716584175825119,0.0172420684248209,0.0020467587746679783,0.006333021447062492,0.0,0.0,0.014919746667146683,0.015648070722818375,0.006451205816119909,0.0085857342928648,0.009358382783830166,0.002496928907930851,0.0,0.0,0.0,0.0020644902251660824,0.027452372014522552,0.005285320803523064,0.001894950633868575,0.002314023207873106,0.004977761302143335,0.0,0.0,0.0,0.004977126605808735,0.014603599905967712,0.0021378500387072563,0.0,0.0,0.0,0.0,0.0,0.0,0.023539859801530838,0.0,0.0,0.0,0.0,0.0,0.0
2025-11-22,0.0,9.47162407101132e-05,0.0009325977298431098,0.0,0.010745556093752384,0.0012000873684883118,0.00849977508187294,0.0,0.0,0.0,0.0,0.001648778561502695,0.005724452901631594,0.054265476763248444,0.07038691639900208,9.47162407101132e-05,0.0,0.0,0.0,0.004134759772568941,0.003863167017698288,0.012442478910088539,0.020455297082662582,0.026002338156104088,9.47162407101132e-05,0.0,0.0,0.0,0.012341608293354511,0.0014225682243704796,0.017917323857545853,0.019795190542936325,0.026400884613394737,0.0064954208210110664,0.0021835854277014732,0.0,0.0,0.0011173811508342624,0.0019157968927174807,0.003688209690153599,0.041054099798202515,0.013079783879220486,0.035263821482658386,0.015791751444339752,0.0,0.0,0.0,0.0,0.0,0.00373307173140347,0.007864036597311497,0.014661021530628204,0.028956394642591476,0.0,0.0,0.0,0.0,9.47162407101132e-05,0.004506824072450399,0.020348064601421356,0.004336528480052948,0.014179445803165436,0.0005126866162754595,0.0,9.47162407101132e-05,0.0,0.005642005242407322,0.0102441580966115,0.02619350329041481,0.010885374620556831,0.007281180936843157,0.00649796798825264,0.00389995239675045,0.008169657550752163,0.003780058119446039,0.0026067306753247976,9.47162407101132e-05,9.47162407101132e-05,0.0019464320503175259,0.01807146891951561,0.00077903235796839,0.005211662035435438,0.0036422940902411938,0.0185423344373703,0.013347163796424866,0.0013642075937241316,0.0006118698511272669,0.005940558388829231,0.07604050636291504,0.003494289703667164,0.004967522341758013,0.0426885262131691,0.027204107493162155,0.015211443416774273,0.001219893922097981,0.006242995150387287,0.03489787504076958,0.009304696694016457,0.006723055616021156,0.0,0.01155493687838316,0.0044379932805895805,0.014447128400206566,0.007642749231308699,0.007422566879540682,0.01281864196062088,0.0032553502824157476,0.002506157848984003,0.0,0.0,0.007667276542633772,0.014963292516767979,0.0031891227699816227,0.00892265047878027,0.015251304022967815,0.0029555591754615307,0.0,0.0,0.0,0.0024088569916784763,0.03092137910425663,0.010454747825860977,0.0007928934646770358,0.0035386388190090656,0.0031182989478111267,0.0,0.0,0.0,0.016041116788983345,0.005581926554441452,0.0025870888493955135,0.0,0.0,0.0,0.0,0.0,0.0,0.006356663536280394,0.0,0.0,0.0,0.0,0.0,0.0
2025-11-23,0.0,0.00011388810526113957,0.0009722962277010083,0.0,0.01789316162467003,0.0035264287143945694,0.006298389285802841,0.0,0.0,0.0,0.0,0.0016232212074100971,0.0067215473391115665,0.05010577663779259,0.0654468908905983,0.00011388810526113957,0.0,0.0,0.0,0.00401766924187541,0.015205548144876957,0.013397926464676857,0.029357921332120895,0.021654611453413963,0.00011388810526113957,0.0,0.0,0.0,0.013914757408201694,0.007883579470217228,0.026024654507637024,0.03653401508927345,0.035205990076065063,0.016016919165849686,0.002245602197945118,0.0,0.0,0.0012101515894755721,0.002113078720867634,0.00805269367992878,0.049213845282793045,0.01784294843673706,0.0437479242682457,0.020600276067852974,0.0,0.0,0.0,0.0,0.0,0.0037683581467717886,0.0,0.005223108921200037,0.03699338808655739,0.0,0.0,0.0,0.0,0.00011388810526113957,0.011899382807314396,0.025087345391511917,0.004789484664797783,0.016821948811411858,0.0005206092027947307,0.0,0.00011388810526113957,0.0,0.007743415422737598,0.012261098250746727,0.017173634842038155,0.015956731513142586,0.006899380125105381,0.0126221077516675,0.010126480832695961,0.008120493032038212,0.003676424967125058,0.002811120357364416,0.00011388810526113957,0.00011388810526113957,0.002897423692047596,0.019463155418634415,0.001006984617561102,0.006486976519227028,0.009565762244164944,0.03311115503311157,0.005264138802886009,0.00127456767950207,0.0013594881165772676,0.004680763464421034,0.05384666845202446,0.010550489649176598,0.005296040326356888,0.05524134263396263,0.032843295484781265,0.01774596981704235,0.002656065858900547,0.006863709539175034,0.035769104957580566,0.003990232944488525,0.006079251412302256,0.0,0.01875884085893631,0.007330811116844416,0.012724898755550385,0.00736380135640502,0.01108244713395834,0.015622247941792011,0.00412260927259922,0.0035082614049315453,0.0,0.0,0.00700843520462513,0.008849866688251495,0.003307606792077422,0.013727398589253426,0.01751888170838356,0.0031409054063260555,0.0,0.0,0.0,0.0023230055812746286,0.03306608274579048,0.006956326775252819,0.002539321780204773,0.004788395948708057,0.0011417618952691555,0.0,0.0,0.0,0.02348596230149269,0.005693110637366772,0.003178478218615055,0.0,0.0,0.0,0.0,0.0,0.0,0.0007358095608651638,0.0,0.0,0.0,0.0,0.0,0.0
2025-11-24,0.0,9.943763870978728e-05,0.0012423971202224493,0.0,0.010164860635995865,0.014431401155889034,0.004079549107700586,0.0,0.0,0.0,0.0,0.0017564593581482768,0.013257094658911228,0.04507184773683548,0.06490258127450943,9.943763870978728e-05,0.0,0.0,0.0,0.0034283206332474947,0.015566710382699966,0.019124621525406837,0.016536705195903778,0.015429317019879818,9.943763870978728e-05,0.0,0.0,0.0,0.010892004705965519,0.016901211813092232,0.023717239499092102,0.020169991999864578,0.03263403847813606,0.008667992427945137,0.002355489181354642,0.0,0.0,0.0012508213985711336,0.0020706080831587315,0.0040238769724965096,0.046914443373680115,0.019396772608160973,0.07357483357191086,0.020880654454231262,0.0,0.0,0.0,0.0,0.0,0.004501414950937033,0.0,0.002833431353792548,0.05026984214782715,0.0,0.0,0.0,0.0,9.943763870978728e-05,0.006955277174711227,0.010120498016476631,0.0050266943871974945,0.01619579829275608,0.00017276895232498646,0.0,9.943763870978728e-05,0.0,0.012687616050243378,0.014102396555244923,0.016890019178390503,0.010863624513149261,0.00794111005961895,0.00871241744607687,0.002917857840657234,0.00842614471912384,0.0037393320817500353,0.0027676511090248823,9.943763870978728e-05,9.943763870978728e-05,0.004403156694024801,0.010683908127248287,0.0010796732967719436,0.012421933002769947,0.005356219131499529,0.03545547276735306,0.012941383756697178,0.0006830519996583462,0.0032781814225018024,0.00506668072193861,0.056267715990543365,0.006193335168063641,0.009277799166738987,0.057182010263204575,0.03475604206323624,0.033512014895677567,0.002827498596161604,0.007921905256807804,0.046259768307209015,0.004515137989073992,0.006165340542793274,0.0,0.01680084690451622,0.01720369979739189,0.01659713126718998,0.007611503358930349,0.007443200331181288,0.014433221891522408,0.004371722228825092,0.006775424815714359,0.0,0.0,0.013780315406620502,0.024296987801790237,0.004479318857192993,0.012184938415884972,0.015025347471237183,0.002748404163867235,0.0,0.0,0.0,0.003246198408305645,0.055539824068546295,0.005269891116768122,0.002858338877558708,0.0079192528501153,0.0035055794287472963,0.0,0.0,0.0,0.011239109560847282,0.009611235000193119,0.002809700323268771,0.0,0.0,0.0,0.0,0.0,0.0,0.0,0.0,0.0,0.0,0.0,0.0,0.0
2025-11-25,0.0,9.218895866069943e-05,0.0021054670214653015,0.0,0.008204611018300056,0.004947797395288944,0.0028076316229999065,0.0,0.0,0.0,0.0,0.002020051935687661,0.023193884640932083,0.04280230775475502,0.07347632944583893,9.218895866069943e-05,0.0,0.0,0.0,0.0041756597347557545,0.011114871129393578,0.009172054007649422,0.02412274293601513,0.024849072098731995,9.218895866069943e-05,0.0,0.0,0.0,0.00845677312463522,0.012169571593403816,0.018363462761044502,0.019895130768418312,0.03547580912709236,0.009179536253213882,0.002000059699639678,0.0,0.0,0.0014628442004323006,0.0026058536022901535,0.007308176718652248,0.03328043222427368,0.009247980080544949,0.07092061638832092,0.0403284877538681,0.0,0.0,0.0,0.0,0.0,0.00400207843631506,0.011623548343777657,0.002751723863184452,0.05833134800195694,0.0,0.0,0.0,0.0,9.218895866069943e-05,0.013016240671277046,0.00846008863300085,0.005746082402765751,0.021789543330669403,0.000740246323402971,0.0,9.218895866069943e-05,0.0,0.006355485878884792,0.008778322488069534,0.007947240024805069,0.015277358703315258,0.007752692326903343,0.015312818810343742,0.0013085510581731796,0.008007735013961792,0.009250778704881668,0.0023713908158242702,9.218895866069943e-05,9.218895866069943e-05,0.005171688739210367,0.008060009218752384,0.0009829236660152674,0.006408631335943937,0.004584143403917551,0.05358295142650604,0.016684124246239662,0.0006441306904889643,0.00419275276362896,0.00480248499661684,0.05729176104068756,0.006097545847296715,0.0076381429098546505,0.04469583183526993,0.02311159484088421,0.025215812027454376,0.002895969897508621,0.012903869152069092,0.03516698256134987,0.006705406587570906,0.004592190030962229,0.0,0.01462427619844675,0.01032963301986456,0.03415547311306,0.005646045319736004,0.011486005038022995,0.02681092545390129,0.002651400398463011,0.011189768090844154,0.0,0.0,0.010440396144986153,0.01675156131386757,0.006567506585270166,0.006426789332181215,0.029408451169729233,0.002032115124166012,0.0,0.0,0.0,0.002235476393252611,0.02627924084663391,0.004656677134335041,0.0026996396481990814,0.019359171390533447,0.008522287011146545,0.0,0.0,0.0,0.013248475268483162,0.025738541036844254,0.0029714531265199184,0.0,0.0,0.0,0.0,0.0,0.0,0.0,0.0,0.0,0.0,0.0,0.0,0.0
2025-11-26,0.0,5.721033085137606e-05,0.0011133549269288778,0.0,0.007402411662042141,0.003575909649953246,0.008161552250385284,0.0,0.0,0.0,0.0,0.001684125978499651,0.011584211140871048,0.04755684733390808,0.08298833668231964,5.721033085137606e-05,0.0,0.0,0.0,0.009256978519260883,0.011737847700715065,0.01429668813943863,0.016444914042949677,0.0189390666782856,5.721033085137606e-05,0.0,0.0,0.0,0.013374990783631802,0.016110030934214592,0.01738802343606949,0.021510036662220955,0.04965127259492874,0.012822245247662067,0.001441032625734806,0.0,0.0,0.001167228794656694,0.0020922329276800156,0.0024640155024826527,0.048638373613357544,0.012900486588478088,0.04751652479171753,0.03255188465118408,0.0,0.0,0.0,0.0,0.0,0.004205783363431692,0.014372389763593674,0.004915677011013031,0.0547541007399559,0.0,0.0,0.0,0.0,5.721033085137606e-05,0.0038958261720836163,0.0117533840239048,0.005052570253610611,0.024682804942131042,0.0008385855471715331,0.0,5.721033085137606e-05,0.0,0.0023978373501449823,0.006877071224153042,0.010893606580793858,0.009337043389678001,0.0075675249099731445,0.00706092594191432,0.0035590315237641335,0.007757949642837048,0.005823405925184488,0.003380250185728073,5.721033085137606e-05,5.721033085137606e-05,0.005301905330270529,0.007445761933922768,0.0003617262118496001,0.002224947325885296,0.004247215110808611,0.04231781139969826,0.008155391551554203,0.0003501407627481967,0.003486888948827982,0.0029444072861224413,0.063166543841362,0.0067548383958637714,0.013032805174589157,0.07746199518442154,0.020098472014069557,0.037573590874671936,0.0028532773721963167,0.021708190441131592,0.031026490032672882,0.007184276357293129,0.006346197333186865,0.0,0.021668188273906708,0.010022996924817562,0.014338715001940727,0.007919362746179104,0.006640009116381407,0.01919233798980713,0.0008991414215415716,0.006083263084292412,0.0,0.0,0.01205806341022253,0.016964811831712723,0.010706499218940735,0.008359111845493317,0.03285171091556549,0.0014445374254137278,0.0,0.0,0.0,0.0016973986057564616,0.021778108552098274,0.008110087364912033,0.0023492034524679184,0.008363372646272182,0.01286401692777872,0.0,0.0,0.0,0.014646763913333416,0.02005789428949356,0.0019663507118821144,0.0,0.0,0.0,0.0,0.0,0.0,0.003086074721068144,0.0,0.0,0.0,0.0,0.0,0.0
2025-11-27,0.0,7.414953142870218e-05,0.0008660292369313538,0.0,0.007732408121228218,0.007375206798315048,0.0027962264139205217,0.0,0.0,0.0,0.0,0.0016593997133895755,0.007309235632419586,0.051508065313100815,0.05361153930425644,7.414953142870218e-05,0.0,0.0,0.0,0.011196551844477654,0.015461418777704239,0.019465114921331406,0.012532774358987808,0.022605042904615402,7.414953142870218e-05,0.0,0.0,0.0,0.010560394264757633,0.0065790750086307526,0.027375731617212296,0.03249957785010338,0.04684370011091232,0.026724595576524734,0.0020136747043579817,0.0,0.0,0.0014797885669395328,0.0016267161117866635,0.0017389435088261962,0.05408746749162674,0.019984684884548187,0.029316920787096024,0.018603365868330002,0.0,0.0,0.0,0.0,0.0,0.003750184550881386,0.011438357643783092,0.0019350878428667784,0.08585681021213531,0.0,0.0,0.0,0.0,7.414953142870218e-05,0.0028111052233725786,0.02091950550675392,0.00542195700109005,0.032089974731206894,0.001167565118521452,0.0,7.414953142870218e-05,0.0,0.0024728148709982634,0.0194142647087574,0.02267007902264595,0.011890307068824768,0.0036041918210685253,0.006157329306006432,0.014816340059041977,0.008003117516636848,0.008076448924839497,0.009657731279730797,7.414953142870218e-05,7.414953142870218e-05,0.01063801720738411,0.007387684192508459,0.00025050435215234756,0.006606007926166058,0.0038872724398970604,0.029081357643008232,0.013021744787693024,0.0008837601635605097,0.0032720400486141443,0.004718033596873283,0.05926463380455971,0.017407532781362534,0.004209158010780811,0.06607747077941895,0.04019739851355553,0.026455068960785866,0.0029504774138331413,0.010550896637141705,0.03539937362074852,0.0084583330899477,0.010350601747632027,0.0,0.027025341987609863,0.013063633814454079,0.008651386946439743,0.009376294910907745,0.0065925889648497105,0.018236814066767693,0.0019737957045435905,0.004479302559047937,0.0,0.0,0.012135755270719528,0.02466391958296299,0.018920844420790672,0.023169752210378647,0.02717646211385727,0.0014638054417446256,0.0,0.0,0.0,0.0025551202706992626,0.0225964542478323,0.008401499129831791,0.003257282543927431,0.003916419111192226,0.005463038571178913,0.0,0.0,0.0,0.013263765722513199,0.011483770795166492,0.0025462075136601925,0.0,0.0,0.0,0.0,0.0,0.0,0.009792616590857506,0.0,0.0,0.0,0.0,0.0,0.0
2025-11-28,0.0,8.325453381985426e-05,0.0008377154590561986,0.0,0.0106116384267807,0.004528687801212072,0.0073693376034498215,0.0,0.0,0.0,0.0,0.0016402038745582104,0.004459213465452194,0.06735052168369293,0.0454549714922905,8.325453381985426e-05,0.0,0.0,0.0,0.004596149083226919,0.02545468881726265,0.009526931680738926,0.0061872657388448715,0.019761808216571808,8.325453381985426e-05,0.0,0.0,0.0,0.010755007155239582,0.0038501122035086155,0.02810490131378174,0.027148514986038208,0.03773064911365509,0.011166752316057682,0.0026066498830914497,0.0,0.0,0.0015958084259182215,0.0019071782007813454,0.002629968337714672,0.03820491209626198,0.007237917743623257,0.019108233973383904,0.02242526412010193,0.0,0.0,0.0,0.0,0.0,0.0031087975949048996,0.003654197324067354,0.010279268957674503,0.08545941114425659,0.0,0.0,0.0,0.0,8.325453381985426e-05,0.0081905173137784,0.012438795529305935,0.010430681519210339,0.022280104458332062,0.0014498447999358177,0.0,8.325453381985426e-05,0.0,0.01025420892983675,0.0086700189858675,0.02733718976378441,0.005659350194036961,0.010340660810470581,0.01310516707599163,0.010621411725878716,0.008333737030625343,0.019001269713044167,0.0037249396555125713,8.325453381985426e-05,8.325453381985426e-05,0.011384842917323112,0.011868713423609734,0.0009516093996353447,0.010580059140920639,0.006578332278877497,0.03466660901904106,0.011472819373011589,0.0011101667769253254,0.009100360795855522,0.005199826788157225,0.05942528322339058,0.015675144270062447,0.0005123582668602467,0.0625959262251854,0.055696114897727966,0.03662889823317528,0.002846452873200178,0.007432668004184961,0.02546156384050846,0.007171281147748232,0.006575548090040684,0.0,0.024745242670178413,0.0201185904443264,0.021333962678909302,0.012135140597820282,0.005419855937361717,0.019237611442804337,0.01063722837716341,0.0030701723881065845,0.0,0.0,0.01631009578704834,0.014139856211841106,0.009990356862545013,0.015208650380373001,0.024873953312635422,0.0015540430322289467,0.0,0.0,0.0,0.007453409023582935,0.028570596128702164,0.005475169513374567,0.0077696931548416615,0.0023288223892450333,0.007346116006374359,0.0,0.0,0.0,0.006893171463161707,0.014950130134820938,0.006903862580657005,0.0,0.0,0.0,0.0,0.0,0.0,0.0019992226734757423,0.0,0.0,0.0,0.0,0.0,0.0
2025-11-29,0.0,7.735879626125097e-05,0.0008421642705798149,0.0,0.010167611762881279,0.004258199594914913,0.004376288037747145,0.0,0.0,0.0,0.0,0.0015850627096369863,0.005347968079149723,0.052958160638809204,0.04096120595932007,7.735879626125097e-05,0.0,0.0,0.0,0.0038974634371697903,0.018689949065446854,0.024408921599388123,0.006462151184678078,0.030611561611294746,7.735879626125097e-05,0.0,0.0,0.0,0.01076651830226183,0.003031475469470024,0.0212362352758646,0.025229334831237793,0.04043595865368843,0.008298123255372047,0.0022771875374019146,0.0,0.0,0.0014269824605435133,0.0021808394230902195,0.004149651620537043,0.04620485380291939,0.001969574950635433,0.03266392648220062,0.030977286398410797,0.0,0.0,0.0,0.0,0.0,0.009523378685116768,0.011980405077338219,0.004251731559634209,0.04415266960859299,0.0,0.0,0.0,0.0,7.735879626125097e-05,0.003981799818575382,0.007477802690118551,0.005788162350654602,0.014282768592238426,0.0016759515274316072,0.0,7.735879626125097e-05,0.0,0.0021338402293622494,0.01311667263507843,0.027031559497117996,0.008916936814785004,0.004661037586629391,0.006779010873287916,0.004885151516646147,0.008267883211374283,0.008185755461454391,0.0023590633645653725,7.735879626125097e-05,7.735879626125097e-05,0.0030973213724792004,0.012868953868746758,0.0003323942655697465,0.0071756355464458466,0.012618830427527428,0.013002890162169933,0.010165982879698277,0.0011280959006398916,0.008741013705730438,0.004605804570019245,0.07258931547403336,0.00708136148750782,0.0,0.0600707046687603,0.04354133829474449,0.03607599437236786,0.0034244905691593885,0.01620665192604065,0.0254275631159544,0.006555458530783653,0.006569581106305122,0.0,0.010143217630684376,0.011603742837905884,0.023046161979436874,0.024141503497958183,0.003431543707847595,0.028892163187265396,0.005091818980872631,0.0020379985217005014,0.0,0.0,0.010976276360452175,0.014152558520436287,0.011184213683009148,0.010036814957857132,0.03995578736066818,0.0015120430616661906,0.0,0.0,0.0,0.002533799037337303,0.03921833634376526,0.009709901176393032,0.0038525694981217384,0.0018568523228168488,0.0025483083445578814,0.0,0.0,0.0,0.003960100002586842,0.006903689354658127,0.002284030197188258,0.0,0.0,0.0,0.0,0.0,0.0,0.0,0.0,0.0,0.0,0.0,0.0,0.0
2025-11-30,0.0,7.984050898812711e-05,0.0008480466203764081,0.0,0.011676306836307049,0.00486117135733366,0.004309012554585934,0.0,0.0,0.0,0.0,0.0016522144433110952,0.012306516058743,0.033573973923921585,0.07016247510910034,7.984050898812711e-05,0.0,0.0,0.0,0.006589615251868963,0.011736317537724972,0.02859080582857132,0.010300369001924992,0.02970738150179386,7.984050898812711e-05,0.0,0.0,0.0,0.016588609665632248,0.013480955734848976,0.020329764112830162,0.028199821710586548,0.0315282866358757,0.008126595988869667,0.0023426939733326435,0.0,0.0,0.0018041579751297832,0.0023170949425548315,0.007672540843486786,0.04051201045513153,0.013899740763008595,0.029200468212366104,0.04089733213186264,0.0,0.0,0.0,0.0,0.0,0.00446167541667819,0.020682398229837418,0.002304208930581808,0.044861990958452225,0.0,0.0,0.0,0.0,7.984050898812711e-05,0.00405615521594882,0.007824717089533806,0.004648677073419094,0.009707881137728691,0.0036236089654266834,0.0,7.984050898812711e-05,0.0,0.0015502847963944077,0.008327005431056023,0.014725866727530956,0.01346537470817566,0.006046234164386988,0.004783564247190952,0.004743864759802818,0.006915043108165264,0.004447843413800001,0.002951632486656308,7.984050898812711e-05,7.984050898812711e-05,0.004103516228497028,0.013271035626530647,0.0001304016332142055,0.01555702742189169,0.005076613277196884,0.012220600619912148,0.0198870450258255,0.0012173850554972887,0.0029850536957383156,0.0022727407049387693,0.04730057716369629,0.009052112698554993,0.006926271598786116,0.08090809732675552,0.05085042119026184,0.022697672247886658,0.008273623883724213,0.031055230647325516,0.01791868358850479,0.007172760087996721,0.006941802799701691,0.0,0.013824759051203728,0.014727646484971046,0.023460159078240395,0.01204855926334858,0.005344419740140438,0.016430428251624107,0.01094033382833004,0.0026972577907145023,0.0,0.0,0.01014125719666481,0.026422275230288506,0.005266160238534212,0.008165325969457626,0.03934456408023834,0.001617596484720707,0.0,0.0,0.0,0.0018966691568493843,0.01634424366056919,0.021202383562922478,0.0074406699277460575,0.004906876012682915,0.0026904819533228874,0.0,0.0,0.0,0.004215866792947054,0.007164354436099529,0.0016586114652454853,0.0,0.0,0.0,0.0,0.0,0.0,0.002488544676452875,0.0,0.0,0.0,0.0,0.0,0.0
2025-12-01,0.0,0.00010269854828948155,0.0008545662276446819,0.0,0.013897579163312912,0.007079236675053835,0.005745044909417629,0.0,0.0,0.0,0.0,0.0018749822629615664,0.0072179920971393585,0.027569420635700226,0.060343027114868164,0.00010269854828948155,0.0,0.0,0.0,0.00601772777736187,0.019298525527119637,0.022432714700698853,0.01957285962998867,0.02509419061243534,0.00010269854828948155,0.0,0.0,0.0,0.01982996240258217,0.006377768237143755,0.028684893622994423,0.03146686404943466,0.02726895548403263,0.008416596800088882,0.002604799810796976,0.0,0.0,0.002053747419267893,0.0018421210115775466,0.015222706831991673,0.03587650507688522,0.02493680641055107,0.04533762484788895,0.034073203802108765,0.0,0.0,0.0,0.0,0.0,0.004244512412697077,0.005724881775677204,0.005373015534132719,0.07634148746728897,0.0,0.0,0.0,0.0,0.00010269854828948155,0.004710353910923004,0.011470923200249672,0.004632842727005482,0.010080570355057716,0.010159904137253761,0.0,0.00010269854828948155,0.0,0.003560673911124468,0.005236681550741196,0.01995941996574402,0.015593118965625763,0.006489264778792858,0.004134639166295528,0.004102043341845274,0.006697074044495821,0.0032782123889774084,0.0037708389572799206,0.00010269854828948155,0.00010269854828948155,0.008987559005618095,0.009369493462145329,0.0,0.002534090541303158,0.0035263188183307648,0.01562439650297165,0.011058620177209377,0.0010882446076720953,0.0030622046906501055,0.0037470709066838026,0.04267575591802597,0.005060773808509111,0.009674693457782269,0.05954747647047043,0.045147500932216644,0.014868184924125671,0.0034077223390340805,0.012170989066362381,0.01867707446217537,0.014539742842316628,0.014011656865477562,0.0,0.015131010673940182,0.012987871654331684,0.02322159707546234,0.00849156267940998,0.009484510868787766,0.010463034734129906,0.0056276568211615086,0.0029318910092115402,0.0,0.0,0.01171948853880167,0.013921912759542465,0.0029921026434749365,0.008228861726820469,0.03542574122548103,0.00283154658973217,0.0,0.0,0.0,0.002235428662970662,0.024222735315561295,0.012815485708415508,0.003176384139806032,0.0137379365041852,0.005626490339636803,0.0,0.0,0.0,0.0033612505067139864,0.007108457386493683,0.0026208539493381977,0.0,0.0,0.0,0.0,0.0,0.0,0.010508736595511436,0.0,0.0,0.0,0.0,0.0,0.0
2025-12-02,0.0,0.00010066295362776145,0.000828180811367929,0.0,0.02190813422203064,0.013095480389893055,0.005801312625408173,0.0,0.0,0.0,0.0,0.002045388100668788,0.012213592417538166,0.04575435444712639,0.024697422981262207,0.00010066295362776145,0.0,0.0,0.0,0.005888280458748341,0.0054410360753536224,0.015077822841703892,0.02586320787668228,0.03071080707013607,0.00010066295362776145,0.0,0.0,0.0,0.017316047102212906,0.005136026069521904,0.03000592067837715,0.03890908136963844,0.027477677911520004,0.008708626963198185,0.0019215678330510855,0.0,0.0,0.0017873470205813646,0.000871549709700048,0.011989487335085869,0.024212852120399475,0.010572338476777077,0.041169751435518265,0.014523074962198734,0.0,0.0,0.0,0.0,0.0,0.0056777894496917725,0.007695470936596394,0.006193041801452637,0.046732097864151,0.0,0.0,0.0,0.0,0.00010066295362776145,0.005479635205119848,0.006929229013621807,0.004147577099502087,0.014981706626713276,0.003480430692434311,0.0,0.00010066295362776145,0.0,0.003967790864408016,0.00897442176938057,0.024099640548229218,0.008754171431064606,0.006085874512791634,0.0043873414397239685,0.005974258296191692,0.011989548802375793,0.001686041010543704,0.00450992863625288,0.00010066295362776145,0.00010066295362776145,0.01654355227947235,0.005924082361161709,0.0,0.0036963936872780323,0.0032872394658625126,0.02695818617939949,0.006568554788827896,0.0003563810314517468,0.0037970575504004955,0.0028565560933202505,0.05443250760436058,0.005386617965996265,0.002321442123502493,0.04558012634515762,0.03374868631362915,0.02431720495223999,0.0026217263657599688,0.007176158018410206,0.019687559455633163,0.0069535053335130215,0.020917635411024094,0.0,0.009380261413753033,0.007579265162348747,0.021280275657773018,0.01149070356041193,0.006338393781334162,0.010782716795802116,0.009786323644220829,0.002953160787001252,0.0,0.0,0.01596049964427948,0.01509706862270832,0.0032508180011063814,0.01958274096250534,0.023166237398982048,0.006830981466919184,0.0,0.0,0.0,0.0009470091317780316,0.02565455064177513,0.009135055355727673,0.0025271999184042215,0.005214354954659939,0.01163603737950325,0.0,0.0,0.0,0.002615245757624507,0.01512213982641697,0.003536522388458252,0.0,0.0,0.0,0.0,0.0,0.0,0.0034454630222171545,0.0,0.0,0.0,0.0,0.0,0.0
2025-12-03,0.0,0.00011153614468639717,0.0008186747436411679,0.0,0.02204849384725094,0.007123894058167934,0.0048707015812397,0.0,0.0,0.0,0.0,0.003186517860740423,0.013209642842411995,0.027460936456918716,0.017982088029384613,0.00011153614468639717,0.0,0.0,0.0,0.005067835096269846,0.0064921011216938496,0.020097926259040833,0.016348620876669884,0.021076306700706482,0.00011153614468639717,0.0,0.0,0.0,0.012332760728895664,0.005648610647767782,0.02008664794266224,0.05271100252866745,0.027991067618131638,0.007578175514936447,0.0016689879121258855,0.0,0.0,0.0009232479496859014,0.0010170612949877977,0.004630792886018753,0.02414744533598423,0.02359871007502079,0.0335666723549366,0.012741468846797943,0.0,0.0,0.0,0.0,0.0,0.008739704266190529,0.021265292540192604,0.0058624292723834515,0.0342821441590786,0.0,0.0,0.0,0.0,0.00011153614468639717,0.005826036911457777,0.008152233436703682,0.0030650917906314135,0.024300476536154747,0.001790546695701778,0.0,0.00011153614468639717,0.0,0.004394959192723036,0.010268714278936386,0.026568781584501266,0.011135837063193321,0.009912576526403427,0.004495296627283096,0.006119975354522467,0.007269315421581268,0.002404622733592987,0.004239590372890234,0.00011153614468639717,0.00011153614468639717,0.006284543313086033,0.008210014551877975,0.0,0.006544395349919796,0.00502452626824379,0.017665822058916092,0.010837533511221409,0.0,0.0027350657619535923,0.005155147518962622,0.07988704741001129,0.007904748432338238,0.0025462366174906492,0.05855543538928032,0.0240352600812912,0.018640993162989616,0.002921612001955509,0.009539374150335789,0.018561193719506264,0.005567898042500019,0.019717315211892128,0.0,0.007245391607284546,0.012790258973836899,0.017335375770926476,0.01841040514409542,0.006586828269064426,0.016573838889598846,0.00178836053237319,0.003828920191153884,0.0,0.0,0.015233785845339298,0.02061384916305542,0.008534541353583336,0.010739486664533615,0.014851823449134827,0.017757292836904526,0.0,0.0,0.0,0.002561265602707863,0.02660943567752838,0.007804809138178825,0.0024677522014826536,0.0064254989847540855,0.004841370973736048,0.0,0.0,0.0,0.002590348944067955,0.020641859620809555,0.0039812480099499226,0.0,0.0,0.0,0.0,0.0,0.0,0.0011038044467568398,0.0,0.0,0.0,0.0,0.0,0.0
2025-12-04,0.0,6.777050293749198e-05,0.0007751336670480669,0.0,0.014755342155694962,0.004544439725577831,0.006453955080360174,0.0,0.0,0.0,0.0,0.0019834348931908607,0.015466099604964256,0.02631351351737976,0.029178306460380554,6.777050293749198e-05,0.0,0.0,0.0,0.005155379883944988,0.010723625309765339,0.017428988590836525,0.008443986065685749,0.026691848412156105,6.777050293749198e-05,0.0,0.0,0.0,0.012476332485675812,0.004203146323561668,0.017952438443899155,0.04165399819612503,0.038135629147291183,0.008152447640895844,0.0013536508195102215,0.0,0.0,0.0006526863435283303,0.005997359286993742,0.002326628193259239,0.029096227139234543,0.02924775891005993,0.04258950427174568,0.019555050879716873,0.0,0.0,0.0,0.0,0.0,0.017968636006116867,0.02095072902739048,0.005335051566362381,0.05325682461261749,0.0,0.0,0.0,0.0,6.777050293749198e-05,0.004565723240375519,0.011753625236451626,0.0017064216081053019,0.013960253447294235,0.001081011607311666,0.0,6.777050293749198e-05,0.0,0.004401468206197023,0.01722228154540062,0.020137621089816093,0.00332537479698658,0.013543915003538132,0.004527322482317686,0.008643965236842632,0.007004285231232643,0.00662055192515254,0.003071767743676901,6.777050293749198e-05,6.777050293749198e-05,0.0015338086523115635,0.007824001833796501,0.00025538221234455705,0.014466334134340286,0.0052734799683094025,0.012202919460833073,0.011508222669363022,0.00015303160762414336,0.0017077039228752255,0.008276306092739105,0.10447881370782852,0.01448795385658741,0.002575182355940342,0.04550068825483322,0.025530191138386726,0.00839163362979889,0.0022536697797477245,0.024611376225948334,0.026894986629486084,0.0066365706734359264,0.007353285793215036,0.0,0.01941641978919506,0.012242735363543034,0.009817753918468952,0.00676723150536418,0.004535616375505924,0.012466243468225002,0.000422394135966897,0.0037537396419793367,0.0,0.0,0.020707260817289352,0.02955354005098343,0.0015668384730815887,0.008149395696818829,0.021877270191907883,0.007249503396451473,0.0,0.0,0.0,0.0022873689886182547,0.0464746318757534,0.008967061527073383,0.0017915989737957716,0.0031483734492212534,0.0033822718542069197,0.0,0.0,0.0,0.0004787095822393894,0.011020036414265633,0.00285955797880888,0.0,0.0,0.0,0.0,0.0,0.0,0.0,0.0,0.0,0.0,0.0,0.0,0.0
2025-12-05,0.0,7.965637632878497e-05,0.0007651819032616913,0.0,0.014397725462913513,0.003948597237467766,0.0041361646726727486,0.0,0.0,0.0,0.0,0.0016205200226977468,0.009485132060945034,0.047676920890808105,0.03937453776597977,7.965637632878497e-05,0.0,0.0,0.0,0.008747764863073826,0.004637504927814007,0.018738506361842155,0.011307615786790848,0.02987527847290039,7.965637632878497e-05,0.0,0.0,0.0,0.024353299289941788,0.006340649910271168,0.018101375550031662,0.0250588059425354,0.02411331981420517,0.013010142371058464,0.001514519564807415,0.0,0.0,0.005639475770294666,0.0013446530792862177,0.00249742204323411,0.03278094157576561,0.024682775139808655,0.047915853559970856,0.014751979149878025,0.0,0.0,0.0,0.0,0.0,0.01030011847615242,0.010404885746538639,0.003019468393176794,0.03588978946208954,0.0,0.0,0.0,0.0,7.965637632878497e-05,0.004128130152821541,0.01283640880137682,0.003837450873106718,0.00964337307959795,0.0008418860961683095,0.0,7.965637632878497e-05,0.0,0.004298912361264229,0.003755621612071991,0.01137937605381012,0.004817193374037743,0.0064428444020450115,0.0044434210285544395,0.008907392621040344,0.008255964145064354,0.026293158531188965,0.0023181841243058443,7.965637632878497e-05,7.965637632878497e-05,0.004284685477614403,0.010468662716448307,0.0043351249769330025,0.016822945326566696,0.0066421153023839,0.040366631001234055,0.020060520619153976,0.00552026554942131,0.0005337737966328859,0.004159197676926851,0.05372758209705353,0.007827742025256157,0.004318563267588615,0.042659416794776917,0.03040384314954281,0.009470436722040176,0.001947255339473486,0.01691412553191185,0.03689471259713173,0.009228033944964409,0.0049124653451144695,0.0,0.035484977066516876,0.010973808355629444,0.014836305752396584,0.005728514865040779,0.0022068549878895283,0.016680844128131866,0.0022151826415210962,0.003654464613646269,0.0,0.0,0.02899188920855522,0.016080737113952637,0.004015057347714901,0.009363150224089622,0.0265766903758049,0.003312086220830679,0.0,0.0,0.0,0.0022341974545270205,0.031086334958672523,0.01643902063369751,0.001541861449368298,0.0032342365011572838,0.003959016874432564,0.0,0.0,0.0,0.0011190776713192463,0.008292552083730698,0.0019303939770907164,0.0,0.0,0.0,0.0,0.0,0.0,0.0,0.0,0.0,0.0,0.0,0.0,0.0
2025-12-06,0.0,9.178370237350464e-05,0.000789149256888777,0.0,0.01732836291193962,0.004088046960532665,0.004616869613528252,0.0,0.0,0.0,0.0,0.0016218237578868866,0.008987519890069962,0.05143105238676071,0.05924505740404129,9.178370237350464e-05,0.0,0.0,0.0,0.003745934460312128,0.004751419648528099,0.031271155923604965,0.012242459692060947,0.03174271062016487,9.178370237350464e-05,0.0,0.0,0.0,0.012370066717267036,0.015474313870072365,0.01845536194741726,0.02485470101237297,0.03434472531080246,0.020052092149853706,0.0020296992734074593,0.0,0.0,0.00031307630706578493,0.0011212497483938932,0.002955720527097583,0.025494402274489403,0.020925847813487053,0.04547076299786568,0.01869460567831993,0.0,0.0,0.0,0.0,0.0,0.011474940925836563,0.0042116679251194,0.0032397685572504997,0.029234984889626503,0.0,0.0,0.0,0.0,9.178370237350464e-05,0.005565733648836613,0.020154278725385666,0.014490057714283466,0.017223220318555832,0.0009269003057852387,0.0,9.178370237350464e-05,0.0,0.004058073274791241,0.001953999511897564,0.009339372627437115,0.014434635639190674,0.006055925041437149,0.004412837326526642,0.002821398200467229,0.00829530879855156,0.006630142219364643,0.0028050795663148165,9.178370237350464e-05,9.178370237350464e-05,0.012232400476932526,0.006703848019242287,0.012797520495951176,0.009650922380387783,0.013080820441246033,0.04226391762495041,0.01357266865670681,0.0006072910036891699,0.0005821958184242249,0.0036178859882056713,0.041929692029953,0.007224442437291145,0.008212924003601074,0.05834969878196716,0.02227584645152092,0.022911109030246735,0.002040698193013668,0.0059304432943463326,0.036569587886333466,0.006418916396796703,0.005636264104396105,0.0,0.02894805371761322,0.011369450017809868,0.015946868807077408,0.005498216021806002,0.004722316283732653,0.01910354197025299,0.003538426011800766,0.00277745071798563,0.0,0.0,0.022562861442565918,0.02236245386302471,0.01849287375807762,0.009703542105853558,0.017378613352775574,0.0018257354386150837,0.0,0.0,0.0,0.003360689152032137,0.019444409757852554,0.013371668756008148,0.002626108704134822,0.003989870660007,0.00929414201527834,0.0,0.0,0.0,0.006255624815821648,0.00787945557385683,0.0020942615810781717,0.0,0.0,0.0,0.0,0.0,0.0,0.0005261695478111506,0.0,0.0,0.0,0.0,0.0,0.0
2025-12-07,0.0,0.00011623616592260078,0.0008590260404162109,0.0,0.012775511480867863,0.004364920314401388,0.003863695077598095,0.0,0.0,0.0,0.0,0.0017281747423112392,0.014466658234596252,0.02976856380701065,0.07866929471492767,0.00011623616592260078,0.0,0.0,0.0,0.003976307809352875,0.013375193811953068,0.024980638176202774,0.009918651543557644,0.016198543831706047,0.00011623616592260078,0.0,0.0,0.0,0.009199145250022411,0.012867448851466179,0.01409921608865261,0.028078628703951836,0.03548179566860199,0.009193681180477142,0.001833353191614151,0.0,0.0,0.00016599963419139385,0.0017601684667170048,0.0038604773581027985,0.032060153782367706,0.012987767346203327,0.04605846852064133,0.028922826051712036,0.0,0.0,0.0,0.0,0.0,0.004362391773611307,0.00402689166367054,0.008592239581048489,0.04072439670562744,0.0,0.0,0.0,0.0,0.00011623616592260078,0.005099405534565449,0.01517412904649973,0.005794263444840908,0.017793072387576103,0.000875346886459738,0.0,0.00011623616592260078,0.0,0.0033588202204555273,0.012576979584991932,0.01232795137912035,0.00974284578114748,0.012024820782244205,0.004986147861927748,0.003000109689310193,0.008258005604147911,0.003129236865788698,0.003066637320443988,0.00011623616592260078,0.00011623616592260078,0.003147340612486005,0.007820782251656055,0.004448204301297665,0.0034523485228419304,0.007595794275403023,0.029507951810956,0.010551129467785358,2.26370757445693e-05,0.0036678113974630833,0.00458716182038188,0.052482977509498596,0.009331032633781433,0.018224073573946953,0.046310458332300186,0.035505834966897964,0.01596987247467041,0.0020657239947468042,0.006318124942481518,0.027609532698988914,0.010380903258919716,0.004668402951210737,0.0,0.009155193343758583,0.00537731871008873,0.010061578825116158,0.005590423010289669,0.014285866171121597,0.023262575268745422,0.004445349331945181,0.0036454536020755768,0.0,0.0,0.01756863296031952,0.02723218873143196,0.007245132699608803,0.013365136459469795,0.017952732741832733,0.0014224274782463908,0.0,0.0,0.0,0.0025031347759068012,0.03780049830675125,0.014981632120907307,0.0019203759729862213,0.004043347667902708,0.0035622818395495415,0.0,0.0,0.0,0.0027174148708581924,0.012853085994720459,0.007025054190307856,0.0,0.0,0.0,0.0,0.0,0.0,0.0007139579392969608,0.0,0.0,0.0,0.0,0.0,0.0
2025-12-08,0.0,0.0001190760885947384,0.0008589381468482316,0.0,0.007871468551456928,0.006300276145339012,0.005702728405594826,0.0,0.0,0.0,0.0,0.0021347380243241787,0.006952118594199419,0.037242718040943146,0.07166102528572083,0.0001190760885947384,0.0,0.0,0.0,0.007871891371905804,0.010406456887722015,0.01458260603249073,0.013942607678472996,0.019349917769432068,0.0001190760885947384,0.0,0.0,0.0,0.013191020116209984,0.011182011105120182,0.021982945501804352,0.02203115075826645,0.03146728500723839,0.007312281988561153,0.004362214356660843,0.0,0.0,0.0012545654317364097,0.0011920465622097254,0.0039181821048259735,0.03453413024544716,0.0117705799639225,0.04571475461125374,0.018990863114595413,0.0,0.0,0.0,0.0,0.0,0.004121861420571804,0.006292860954999924,0.009828845970332623,0.029266929253935814,0.0,0.0,0.0,0.0,0.0001190760885947384,0.004262537695467472,0.00959076453000307,0.0030469612684100866,0.02293301373720169,0.0008500829571858048,0.0,0.0001190760885947384,0.0,0.003239222802221775,0.019545214250683784,0.015551353804767132,0.0038122618570923805,0.008443068712949753,0.00431734137237072,0.005174147430807352,0.007606803439557552,0.004094609059393406,0.003187894821166992,0.0001190760885947384,0.0001190760885947384,0.001912484411150217,0.00596513831987977,0.0006319337408058345,0.003201514482498169,0.007003226317465305,0.032278627157211304,0.012261892668902874,0.0009736439678817987,0.012342930771410465,0.009876826778054237,0.05076957866549492,0.018175795674324036,0.009674874134361744,0.04819536581635475,0.05073593556880951,0.021039163693785667,0.002950389636680484,0.006925136316567659,0.021603435277938843,0.025183996185660362,0.005772593896836042,0.0,0.006929362192749977,0.011236637830734253,0.009208151139318943,0.006287029944360256,0.009497186169028282,0.023529687896370888,0.0044853538274765015,0.009745480492711067,0.0,0.0,0.017047060653567314,0.020436467602849007,0.004941132850944996,0.00914652831852436,0.021021567285060883,0.001441028667613864,0.0,0.0,0.0,0.0018267814302816987,0.029465578496456146,0.003693360835313797,0.002580384723842144,0.003989115823060274,0.006440286058932543,0.0,0.0,0.0,0.0006645158864557743,0.016168983653187752,0.0014787856489419937,0.0,0.0,0.0,0.0,0.0,0.0,0.0015372976195067167,0.0,0.0,0.0,0.0,0.0,0.0
2025-12-09,0.0,0.00011691016698023304,0.0008553530788049102,0.0,0.015056487172842026,0.009940595366060734,0.005867029074579477,0.0,0.0,0.0,0.0,0.0032203353475779295,0.012958414852619171,0.03731909394264221,0.06643188744783401,0.00011691016698023304,0.0,0.0,0.0,0.006052692886441946,0.017846839502453804,0.010480249300599098,0.010291074402630329,0.019931957125663757,0.00011691016698023304,0.0,0.0,0.0,0.012571636587381363,0.005555846728384495,0.015633640810847282,0.036484163254499435,0.0367940329015255,0.008087015710771084,0.014167407527565956,0.0,0.0,0.001804819912649691,0.0011499449610710144,0.003743957495316863,0.0308790635317564,0.012098496779799461,0.020538657903671265,0.024632595479488373,0.0,0.0,0.0,0.0,0.0,0.010898621752858162,0.001452629454433918,0.002821775618940592,0.025804730132222176,0.0,0.0,0.0,0.0,0.00011691016698023304,0.0037345902528613806,0.008811399340629578,0.002513687126338482,0.010799288749694824,0.0007364280172623694,0.0,0.00011691016698023304,0.0,0.008576694875955582,0.016960302367806435,0.015003331005573273,0.015046254731714725,0.0066535864025354385,0.004937343765050173,0.011688664555549622,0.007313826121389866,0.004511437378823757,0.0031973724253475666,0.00011691016698023304,0.00011691016698023304,0.003722316585481167,0.00564673962071538,0.0,0.017652299255132675,0.01156570203602314,0.028678048402071,0.009310116991400719,0.0017593314405530691,0.0033582309260964394,0.005348176695406437,0.05092846229672432,0.013477188535034657,0.005511418916285038,0.04100317507982254,0.059376537799835205,0.03615215793251991,0.0029147942550480366,0.008070753887295723,0.01708325184881687,0.011185098439455032,0.005391809158027172,0.0,0.011430048383772373,0.013331808149814606,0.013829403556883335,0.01163734681904316,0.010150492191314697,0.013299333862960339,0.0043873777613043785,0.00732565950602293,0.0,0.0,0.0164438858628273,0.024117933586239815,0.004861621186137199,0.010372553020715714,0.02079886756837368,0.001794392941519618,0.0,0.0,0.0,0.001628434518352151,0.029912743717432022,0.0032642115838825703,0.0023234523832798004,0.005768462084233761,0.019627459347248077,0.0,0.0,0.0,0.0013675438240170479,0.012975674122571945,0.001254380913451314,0.0,0.0,0.0,0.0,0.0,0.0,0.0022293338552117348,0.0,0.0,0.0,0.0,0.0,0.0
2025-12-10,0.0,0.0001059835049090907,0.0008821826195344329,0.0,0.006627489812672138,0.005329544190317392,0.00554324546828866,0.0,0.0,0.0,0.0,0.0021787253208458424,0.00987339299172163,0.03491506725549698,0.08430925011634827,0.0001059835049090907,0.0,0.0,0.0,0.006400667130947113,0.018144935369491577,0.010616771876811981,0.010757949203252792,0.018406394869089127,0.0001059835049090907,0.0,0.0,0.0,0.01277252472937107,0.008382740430533886,0.02057775855064392,0.023812737315893173,0.037825558334589005,0.006573822349309921,0.004682803526520729,0.0,0.0,0.001829922548495233,0.00652563851326704,0.004023316781967878,0.024011828005313873,0.01458311453461647,0.025364207103848457,0.025034913793206215,0.0,0.0,0.0,0.0,0.0,0.006091088987886906,0.0014903033152222633,0.0027334378100931644,0.02673504874110222,0.0,0.0,0.0,0.0,0.0001059835049090907,0.004329069051891565,0.004968265071511269,0.002631130628287792,0.023404965177178383,0.0010553699685260653,0.0,0.0001059835049090907,0.0,0.005099995993077755,0.001676958054304123,0.012081119231879711,0.007960685528814793,0.005419685505330563,0.004763597622513771,0.006097364239394665,0.007046156097203493,0.003726262366399169,0.0030094741377979517,0.0001059835049090907,0.0001059835049090907,0.009455560706555843,0.018245680257678032,0.0,0.007076872047036886,0.02720712311565876,0.017234478145837784,0.013824519701302052,0.0015447946498170495,0.0017040444072335958,0.008583871647715569,0.043223075568675995,0.021029341965913773,0.005278099328279495,0.05992665886878967,0.047998327761888504,0.029161345213651657,0.004370394162833691,0.008188406005501747,0.028062110766768456,0.013807403855025768,0.004598710685968399,0.0,0.007475276477634907,0.014084909111261368,0.02405313402414322,0.01213117316365242,0.014592398889362812,0.015763690695166588,0.003967007622122765,0.0018344912678003311,0.0,0.0,0.015596751123666763,0.020600490272045135,0.00639617582783103,0.006759365554898977,0.01960093341767788,0.0013346639461815357,0.0,0.0,0.0,0.006454136688262224,0.030522851273417473,0.009422981180250645,0.0023283890914171934,0.015377921052277088,0.005888781044632196,0.0,0.0,0.0,0.003425933886319399,0.01019593421369791,0.006148718297481537,0.0,0.0,0.0,0.0,0.0,0.0,0.0017867074348032475,0.0,0.0,0.0,0.0,0.0,0.0
2025-12-11,0.0,0.00011446614371379837,0.0009748094016686082,0.0,0.0037209303118288517,0.004017359111458063,0.004608692601323128,0.0,0.0,0.0,0.0,0.0015290569281205535,0.0031405482441186905,0.0356890931725502,0.06295860558748245,0.00011446614371379837,0.0,0.0,0.0,0.007012701127678156,0.012968296185135841,0.016889136284589767,0.004358387552201748,0.013092435896396637,0.00011446614371379837,0.0,0.0,0.0,0.009450557641685009,0.015453467145562172,0.01796615682542324,0.018680909648537636,0.025683484971523285,0.005699340254068375,0.0015421956777572632,0.0,0.0,0.0019073584116995335,0.0006458964198827744,0.00269614951685071,0.030716992914676666,0.010411011055111885,0.04332152381539345,0.02154615707695484,0.0,0.0,0.0,0.0,0.0,0.011132415384054184,0.010742783546447754,0.004527145531028509,0.02701006829738617,0.0,0.0,0.0,0.0,0.00011446614371379837,0.007949518039822578,0.002606616821140051,0.0030264537781476974,0.008252013474702835,0.0010923197260126472,0.0,0.00011446614371379837,0.0,0.003090293612331152,0.00296973530203104,0.014278795570135117,0.020110858604311943,0.0051059238612651825,0.003458299906924367,0.0045435610227286816,0.0072349607944488525,0.0042066122405231,0.0032292031683027744,0.00011446614371379837,0.00011446614371379837,0.004157403018325567,0.008995684795081615,0.0,0.0012407861649990082,0.01622324436903,0.013530301861464977,0.006199386902153492,0.001212030416354537,0.0026804551016539335,0.0022362559102475643,0.06020436808466911,0.017356615513563156,0.0032108784653246403,0.04832211881875992,0.04136902838945389,0.021210122853517532,0.008632688783109188,0.00928491447120905,0.020639775320887566,0.014059359207749367,0.005632201209664345,0.0,0.01863710768520832,0.0063261473551392555,0.029499085620045662,0.008244013413786888,0.0052061849273741245,0.011142529547214508,0.0037135127931833267,0.003171728691086173,0.0,0.0,0.01763060688972473,0.012922139838337898,0.013359971344470978,0.008048184216022491,0.03317701071500778,0.0009035379625856876,0.0,0.0,0.0,0.001711604418233037,0.017635691910982132,0.004978742450475693,0.0024705668911337852,0.006127888802438974,0.0034314957447350025,0.0,0.0,0.0,0.002792507875710726,0.002100743819028139,0.0008848912548273802,0.0,0.0,0.0,0.0,0.0,0.0,0.0007468543481081724,0.0,0.0,0.0,0.0,0.0,0.0
2025-12-12,0.0,9.175689046969637e-05,0.000706024351529777,0.0,0.007354216184467077,0.004029823932796717,0.0038902887608855963,0.0,0.0,0.0,0.0,0.0014664045302197337,0.006345055997371674,0.0597723089158535,0.05492529273033142,9.175689046969637e-05,0.0,0.0,0.0,0.004418001510202885,0.010730531066656113,0.01194822322577238,0.009431970305740833,0.020417656749486923,9.175689046969637e-05,0.0,0.0,0.0,0.010579893365502357,0.009478315711021423,0.01661905087530613,0.03524687513709068,0.04507731273770332,0.00940130464732647,0.0015272548189386725,0.0,0.0,0.0016767627093940973,5.803396925330162e-05,0.004330433439463377,0.03671484440565109,0.01692187786102295,0.042137131094932556,0.02786433883011341,0.0,0.0,0.0,0.0,0.0,0.0034729919862002134,0.00959065556526184,0.0047189705073833466,0.028642915189266205,0.0,0.0,0.0,0.0,9.175689046969637e-05,0.003488790476694703,0.008172842673957348,0.0033053080551326275,0.011120026931166649,0.0009693456231616437,0.0,9.175689046969637e-05,0.0,0.00413958914577961,0.012007201090455055,0.013097326271235943,0.02417949214577675,0.009850636124610901,0.0033973243553191423,0.004381489008665085,0.007140276022255421,0.003328359220176935,0.0027313032187521458,9.175689046969637e-05,9.175689046969637e-05,0.004079766571521759,0.0110890818759799,0.00027375976787880063,0.004083142150193453,0.020177895203232765,0.0213369969278574,0.005131938494741917,0.0007329107029363513,0.0036923326551914215,0.0056609041057527065,0.06560345739126205,0.01199983712285757,0.004160065203905106,0.05041731894016266,0.05440331995487213,0.026747161522507668,0.004202383570373058,0.012118862941861153,0.026133716106414795,0.006796897388994694,0.004233645740896463,0.0,0.008966113440692425,0.010366695001721382,0.01485496386885643,0.010240292176604271,0.007175147067755461,0.016884874552488327,0.0040080309845507145,0.007087520323693752,0.0,0.0,0.02436363697052002,0.015199064277112484,0.016259383410215378,0.007915334776043892,0.022179294377565384,0.0018588458187878132,0.0,0.0,0.0,0.001361139235086739,0.01958322525024414,0.009795592166483402,0.0024806007277220488,0.0030438252724707127,0.00200258893892169,0.0,0.0,0.0,0.004753844812512398,0.004432754125446081,0.004534740000963211,0.0,0.0,0.0,0.0,0.0,0.0,0.0,0.0,0.0,0.0,0.0,0.0,0.0
2025-12-13,0.0,9.539577149553224e-05,0.0006808876642026007,0.0,0.019384359940886497,0.006374453194439411,0.003492578398436308,0.0,0.0,0.0,0.0,0.0014419325161725283,0.0037016496062278748,0.06419936567544937,0.052039049565792084,9.539577149553224e-05,0.0,0.0,0.0,0.005221873056143522,0.008580360561609268,0.009302442893385887,0.005619078874588013,0.01940230093896389,9.539577149553224e-05,0.0,0.0,0.0,0.006251353304833174,0.005396902095526457,0.03220469877123833,0.019703468307852745,0.028505276888608932,0.023626405745744705,0.0014949282631278038,0.0,0.0,0.0015786720905452967,0.0018602339550852776,0.003995166160166264,0.028887346386909485,0.019117500633001328,0.05258864536881447,0.01088374387472868,0.0,0.0,0.0,0.0,0.0,0.002691170433536172,0.0190182663500309,0.005843087565153837,0.04121287539601326,0.0,0.0,0.0,0.0,9.539577149553224e-05,0.0022319615818560123,0.015469529666006565,0.003195406636223197,0.013232712633907795,0.00088678696192801,0.0,9.539577149553224e-05,0.0,0.00482408981770277,0.014360493049025536,0.009105504490435123,0.02135184034705162,0.004846278112381697,0.003571045584976673,0.004905365407466888,0.007087185978889465,0.0013834494166076183,0.00254150852560997,9.539577149553224e-05,9.539577149553224e-05,0.01162399910390377,0.01817452162504196,0.0003509506641421467,0.0031997784972190857,0.010761354118585587,0.03016972541809082,0.0070395441725850105,0.0005798399215564132,0.003662983886897564,0.001898162066936493,0.04888521879911423,0.01997724175453186,0.01239808276295662,0.0378715842962265,0.03790823742747307,0.024243419989943504,0.0027883416041731834,0.006410762667655945,0.0439162515103817,0.004879288841038942,0.004179135896265507,0.0,0.010437272489070892,0.012173175811767578,0.011999355629086494,0.018824206665158272,0.011523645371198654,0.007580961100757122,0.004158789291977882,0.0010407469235360622,0.0,0.0,0.011351567693054676,0.006017941981554031,0.009755589067935944,0.005337894428521395,0.020750077441334724,0.0024191413540393114,0.0,0.0,0.0,0.0022136857733130455,0.034496329724788666,0.01241243164986372,0.0024271495640277863,0.002420462667942047,0.0019441370386630297,0.0,0.0,0.0,0.004140673670917749,0.005810865201056004,0.00015527126379311085,0.0,0.0,0.0,0.0,0.0,0.0,0.0003894625697284937,0.0,0.0,0.0,0.0,0.0,0.0
2025-12-14,0.0,9.98430623440072e-05,0.000703925674315542,0.0,0.00982373021543026,0.004388038534671068,0.0048383427783846855,0.0,0.0,0.0,0.0,0.0014752121642231941,0.007696167565882206,0.049213409423828125,0.038495711982250214,9.98430623440072e-05,0.0,0.0,0.0,0.006165487691760063,0.011134553700685501,0.015462936833500862,0.005805274471640587,0.02028842642903328,9.98430623440072e-05,0.0,0.0,0.0,0.005990706849843264,0.0038568146992474794,0.02559277042746544,0.0195025447756052,0.025068219751119614,0.009666470810770988,0.0015555466525256634,0.0,0.0,0.001930743339471519,0.0019835378043353558,0.0028906608931720257,0.029711246490478516,0.00969998724758625,0.05751701071858406,0.013850188814103603,0.0,0.0,0.0,0.0,0.0,0.004077040124684572,0.00650330726057291,0.005122039467096329,0.019701778888702393,0.0,0.0,0.0,0.0,9.98430623440072e-05,0.0014133460354059935,0.006794007495045662,0.004048985429108143,0.008580934256315231,0.0007281659636646509,0.0,9.98430623440072e-05,0.0,0.004338663071393967,0.016033776104450226,0.007308120373636484,0.009767203591763973,0.009535085409879684,0.0045153116807341576,0.005233959760516882,0.007133749779313803,0.0035704285837709904,0.0031005055643618107,9.98430623440072e-05,9.98430623440072e-05,0.014307336881756783,0.009622110985219479,0.00034163647796958685,0.0035861311480402946,0.005493428558111191,0.027088046073913574,0.00369392242282629,0.0009296417119912803,0.005445485003292561,0.011800933629274368,0.05089825764298439,0.008936327882111073,0.0027488546911627054,0.05250696837902069,0.04202858358621597,0.010343424044549465,0.002375491429120302,0.004962797276675701,0.034650418907403946,0.003610599087551236,0.004667223896831274,0.0,0.013905497267842293,0.01944350264966488,0.009090237319469452,0.01111062616109848,0.005959931295365095,0.006111220456659794,0.004064114764332771,0.00027195224538445473,0.0,0.0,0.008099187165498734,0.015816232189536095,0.013357648625969887,0.006086981389671564,0.02341264858841896,0.002368323504924774,0.0,0.0,0.0,0.0009298218647018075,0.030848901718854904,0.01255900226533413,0.0009045145707204938,0.0019857618026435375,0.004622424021363258,0.0,0.0,0.0,0.0039055231027305126,0.007140584290027618,0.005474906414747238,0.0,0.0,0.0,0.0,0.0,0.0,0.009671294130384922,0.0,0.0,0.0,0.0,0.0,0.0
2025-12-15,0.0,0.00011243932385696098,0.0007345869671553373,0.0,0.008724948391318321,0.0024473199155181646,0.008364743553102016,0.0,0.0,0.0,0.0,0.0014863057294860482,0.0029410510323941708,0.04067261517047882,0.05129896104335785,0.00011243932385696098,0.0,0.0,0.0,0.0059848628006875515,0.012762715108692646,0.010330870747566223,0.005805442109704018,0.024770991876721382,0.00011243932385696098,0.0,0.0,0.0,0.005993247497826815,0.008160678669810295,0.03483526408672333,0.03158126771450043,0.013856900855898857,0.004251835867762566,0.0015361565165221691,0.0,0.0,0.0016119531355798244,0.0017639889847487211,0.0018124696798622608,0.03799254819750786,0.014302579686045647,0.060488857328891754,0.01957356557250023,0.0,0.0,0.0,0.0,0.0,0.004874296486377716,0.0026951953768730164,0.005907880607992411,0.021388567984104156,0.0,0.0,0.0,0.0,0.00011243932385696098,0.004619014915078878,0.015816764906048775,0.003769166301935911,0.015444833785295486,0.0007357794675044715,0.0,0.00011243932385696098,0.0,0.0034867897629737854,0.015703290700912476,0.00903116911649704,0.014344939962029457,0.009209278039634228,0.0035478125791996717,0.0034969246480613947,0.007117141969501972,0.006770919542759657,0.003362824209034443,0.00011243932385696098,0.00011243932385696098,0.002493176143616438,0.0059943897649645805,0.00041271044756285846,0.005665421020239592,0.0027917942497879267,0.0052117835730314255,0.006193476729094982,0.000866736052557826,0.012220419012010098,0.0021737797651439905,0.048199526965618134,0.009172603487968445,0.00204939441755414,0.029332708567380905,0.04003340005874634,0.0126718170940876,0.0019893660210072994,0.004508815705776215,0.02766401134431362,0.0036006553564220667,0.009775795042514801,0.0,0.003359472379088402,0.00734832976013422,0.010102621279656887,0.00919712707400322,0.004298491403460503,0.012070880271494389,0.002854185877367854,0.006706292275339365,0.0,0.0,0.015368087217211723,0.013517389073967934,0.006186354905366898,0.009836802259087563,0.007409689947962761,0.00262221391312778,0.0,0.0,0.0,0.002706986851990223,0.02190253883600235,0.00634518638253212,0.002300655236467719,0.002158176153898239,0.004141357261687517,0.0,0.0,0.0,0.0037592859007418156,0.015536302700638771,0.0014181421138346195,0.0,0.0,0.0,0.0,0.0,0.0,0.02006329596042633,0.0,0.0,0.0,0.0,0.0,0.0
2025-12-16,0.0,0.00012025183241348714,0.0008052315679378808,0.0,0.012828812003135681,0.0007449944969266653,0.004693899769335985,0.0,0.0,0.0,0.0,0.0014834953472018242,0.00397452199831605,0.05664439871907234,0.041014283895492554,0.00012025183241348714,0.0,0.0,0.0,0.005122946575284004,0.005099405534565449,0.009490061551332474,0.010572914965450764,0.02999398671090603,0.00012025183241348714,0.0,0.0,0.0,0.010810877196490765,0.0004605390131473541,0.020143602043390274,0.026012536138296127,0.015137795358896255,0.0058878157287836075,0.00133555440697819,0.0,0.0,0.0015049335779622197,0.0017583651933819056,0.0021129322703927755,0.04410753399133682,0.0176484826952219,0.04471530392765999,0.014187655411660671,0.0,0.0,0.0,0.0,0.0,0.005197730381041765,0.006168267223984003,0.014704110100865364,0.03182503953576088,0.0,0.0,0.0,0.0,0.00012025183241348714,0.0076980385929346085,0.020032772794365883,0.003920161165297031,0.016646858304739,0.0008600117289461195,0.0,0.00012025183241348714,0.0,0.0038111000321805477,0.01372660044580698,0.022695042192935944,0.010285940021276474,0.003940879367291927,0.002898941980674863,0.0036456398665905,0.007191876415163279,0.0022180951200425625,0.003276257775723934,0.00012025183241348714,0.00012025183241348714,0.0014960803091526031,0.013316400349140167,0.0003575078444555402,0.00374407134950161,0.0012504691258072853,0.008766278624534607,0.01751336082816124,0.0011230787495151162,0.004579582251608372,0.002086055465042591,0.05233266204595566,0.0025121448561549187,0.005039229989051819,0.024027254432439804,0.028544016182422638,0.020641496405005455,0.0007822221959941089,0.00539978314191103,0.03169160708785057,0.009613201953470707,0.004936590790748596,0.0,0.006785937584936619,0.007747921627014875,0.015342434868216515,0.006682715378701687,0.0029156547971069813,0.007387400604784489,0.003470835741609335,0.002163388766348362,0.0,0.0,0.011261967942118645,0.015000014565885067,0.0027635772712528706,0.011227596551179886,0.014862386509776115,0.0026018889620900154,0.0,0.0,0.0,0.0028995624743402004,0.022826291620731354,0.011999974027276039,0.0010514266323298216,0.0035172835923731327,0.003517091739922762,0.0,0.0,0.0,0.011300070211291313,0.004674767144024372,0.0019475435838103294,0.0,0.0,0.0,0.0,0.0,0.0,0.004318619146943092,0.0,0.0,0.0,0.0,0.0,0.0
2025-12-17,0.0,0.0001452392607461661,0.0008775960304774344,0.0,0.020426567643880844,0.0015438151312991977,0.004168989602476358,0.0,0.0,0.0,0.0,0.0014495301293209195,0.0048063769936561584,0.04463893920183182,0.04312603920698166,0.0001452392607461661,0.0,0.0,0.0,0.004691643174737692,0.016017112880945206,0.013583581894636154,0.020179320126771927,0.026170363649725914,0.0001452392607461661,0.0,0.0,0.0,0.01333853229880333,0.0069115301594138145,0.025711674243211746,0.046070389449596405,0.029094453901052475,0.015721920877695084,0.0015199000481516123,0.0,0.0,0.0015196511521935463,0.001806722953915596,0.007116790395230055,0.05368250608444214,0.02115503139793873,0.045843370258808136,0.01690211333334446,0.0,0.0,0.0,0.0,0.0,0.005555486772209406,0.0,0.005560507532209158,0.039291635155677795,0.0,0.0,0.0,0.0,0.0001452392607461661,0.01439620740711689,0.027016568928956985,0.003817448392510414,0.016404755413532257,0.001190787646919489,0.0,0.0001452392607461661,0.0,0.005661551840603352,0.011079445481300354,0.015070192515850067,0.014579941518604755,0.004546177573502064,0.006724116392433643,0.009939146228134632,0.0072440048679709435,0.00153249129652977,0.0030785268172621727,0.0001452392607461661,0.0001452392607461661,0.0033194213174283504,0.014473243616521358,0.0008189032087102532,0.006468496285378933,0.00660658348351717,0.022416329011321068,0.009693649597465992,0.001143002649769187,0.003992176149040461,0.0028913638088852167,0.03941818326711655,0.007977989502251148,0.005815660115331411,0.0426669716835022,0.039438601583242416,0.022007213905453682,0.002643203129991889,0.006767686922103167,0.0340861901640892,0.004698942415416241,0.004307865165174007,0.0,0.015486213378608227,0.012130258604884148,0.012545972131192684,0.005586541257798672,0.006352807395160198,0.01073178555816412,0.004145987331867218,0.002449111547321081,0.0,0.0,0.01043474581092596,0.01168394461274147,0.0023800055496394634,0.0173751600086689,0.018782760947942734,0.002558173146098852,0.0,0.0,0.0,0.0026498567312955856,0.025062846019864082,0.008490435779094696,0.003067647572606802,0.004903560504317284,0.0026673460379242897,0.0,0.0,0.0,0.016488123685121536,0.004016670398414135,0.0030577366705983877,0.0,0.0,0.0,0.0,0.0,0.0,0.0008226511999964714,0.0,0.0,0.0,0.0,0.0,0.0
2025-12-18,0.0,0.00013911613496020436,0.0011702338233590126,0.0,0.0125716682523489,0.011368495412170887,0.004174530506134033,0.0,0.0,0.0,0.0,0.001586780184879899,0.011265609413385391,0.034779008477926254,0.047014474868774414,0.00013911613496020436,0.0,0.0,0.0,0.004567076452076435,0.015590128488838673,0.02398897334933281,0.010612055659294128,0.018273217603564262,0.00013911613496020436,0.0,0.0,0.0,0.00998770073056221,0.016532031819224358,0.02348935790359974,0.031172437593340874,0.03078773245215416,0.00816596020013094,0.0018399970140308142,0.0,0.0,0.0013960180804133415,0.001798188197426498,0.003954214509576559,0.052158795297145844,0.020824478939175606,0.07128328830003738,0.016276337206363678,0.0,0.0,0.0,0.0,0.0,0.006547271274030209,6.213132292032242e-05,0.004643335472792387,0.046921178698539734,0.0,0.0,0.0,0.0,0.00013911613496020436,0.007130730431526899,0.011379886418581009,0.003528327215462923,0.012507617473602295,0.001144657377153635,0.0,0.00013911613496020436,0.0,0.011465665884315968,0.010158434510231018,0.01796247437596321,0.01001727394759655,0.006829580292105675,0.0014387941919267178,0.0034154835157096386,0.007803001906722784,0.0015367369633167982,0.0028404511976987123,0.00013911613496020436,0.00013911613496020436,0.005059890914708376,0.007169707678258419,0.001198607962578535,0.01424398273229599,0.003709631972014904,0.021341141313314438,0.01591881737112999,0.0008111241040751338,0.004395381547510624,0.005090462043881416,0.05130402743816376,0.003528646659106016,0.009142502211034298,0.045639120042324066,0.04354467615485191,0.032620612531900406,0.0030169717501848936,0.007711536716669798,0.04606993496417999,0.0058348579332232475,0.004786542616784573,0.0,0.017333360388875008,0.022550474852323532,0.014942442998290062,0.005708566401153803,0.003381161717697978,0.009611954912543297,0.005006195046007633,0.004961272701621056,0.0,0.0,0.014441562816500664,0.028122682124376297,0.002780809998512268,0.015728777274489403,0.01657925546169281,0.0025703879073262215,0.0,0.0,0.0,0.003514006733894348,0.04961239546537399,0.007485918700695038,0.0033505521714687347,0.007918640039861202,0.00540422135964036,0.0,0.0,0.0,0.003291846252977848,0.00822379719465971,0.0031928755342960358,0.0,0.0,0.0,0.0,0.0,0.0,0.00036007328890264034,0.0,0.0,0.0,0.0,0.0,0.0
2025-12-19,0.0,0.00013521223445422947,0.002022774424403906,0.0,0.009610496461391449,0.0019978489726781845,0.004720000550150871,0.0,0.0,0.0,0.0,0.0018716200720518827,0.02150072529911995,0.030264340341091156,0.05747944116592407,0.00013521223445422947,0.0,0.0,0.0,0.006368434056639671,0.00925193540751934,0.01609896682202816,0.02170098014175892,0.024088192731142044,0.00013521223445422947,0.0,0.0,0.0,0.006822982802987099,0.01236842293292284,0.018081802874803543,0.03044511377811432,0.03581713140010834,0.009247148409485817,0.001892324537038803,0.0,0.0,0.001457387232221663,0.0022016314323991537,0.008439981378614902,0.03745923936367035,0.008804883807897568,0.06657207757234573,0.034513846039772034,0.0,0.0,0.0,0.0,0.0,0.00588279590010643,0.013306760229170322,0.006279686000198126,0.043011754751205444,0.0,0.0,0.0,0.0,0.00013521223445422947,0.010776088573038578,0.0067223720252513885,0.003613227978348732,0.01409466564655304,0.0017742014024406672,0.0,0.00013521223445422947,0.0,0.0066720228642225266,0.004122985526919365,0.01144806295633316,0.014886796474456787,0.007877831347286701,0.007965262979269028,0.003667655400931835,0.007800674065947533,0.0065887682139873505,0.0026425058022141457,0.00013521223445422947,0.00013521223445422947,0.004541490692645311,0.006655539385974407,0.0012444392777979374,0.0093738604336977,0.004773743450641632,0.03740132227540016,0.01746712625026703,0.0010664991568773985,0.003672107355669141,0.00556486751884222,0.05707494914531708,0.004123650956898928,0.0057041235268116,0.0299612395465374,0.02898167446255684,0.017709534615278244,0.0027863914147019386,0.011990583501756191,0.0340455025434494,0.0077620199881494045,0.0038125806022435427,0.0,0.018456880003213882,0.013672322034835815,0.03203156217932701,0.00426825787872076,0.008139943704009056,0.02054004557430744,0.003987513482570648,0.009040646255016327,0.0,0.0,0.008313367143273354,0.019316520541906357,0.003579177660867572,0.009877102449536324,0.02914567105472088,0.0024008438922464848,0.0,0.0,0.0,0.0022820928134024143,0.02306576818227768,0.007368080317974091,0.002668521599844098,0.01859712228178978,0.009498429484665394,0.0,0.0,0.0,0.00498860003426671,0.025759395211935043,0.0036382563412189484,0.0,0.0,0.0,0.0,0.0,0.0,0.001579909585416317,0.0,0.0,0.0,0.0,0.0,0.0
2025-12-20,0.0,0.00010008670506067574,0.0010411986149847507,0.0,0.007745373994112015,0.0013186871074140072,0.011068088933825493,0.0,0.0,0.0,0.0,0.0015186563832685351,0.011296231299638748,0.0346427857875824,0.07021336257457733,0.00010008670506067574,0.0,0.0,0.0,0.011988957412540913,0.00711500458419323,0.020719803869724274,0.016290735453367233,0.01557864248752594,0.00010008670506067574,0.0,0.0,0.0,0.010943283326923847,0.017055299133062363,0.018225982785224915,0.031434863805770874,0.0528135821223259,0.01479232870042324,0.0016375259729102254,0.0,0.0,0.0010516728507354856,0.001672793528996408,0.004585677292197943,0.050080589950084686,0.012954985722899437,0.04580816254019737,0.025871485471725464,0.0,0.0,0.0,0.0,0.0,0.004985639825463295,0.017487062141299248,0.009345553815364838,0.02743126079440117,0.0,0.0,0.0,0.0,0.00010008670506067574,0.0010561393573880196,0.007787557318806648,0.0022177030332386494,0.014503946527838707,0.0017586405156180263,0.0,0.00010008670506067574,0.0,0.004297164268791676,0.002886534668505192,0.013569789938628674,0.009935099631547928,0.00905093364417553,0.0009957693982869387,0.008208071812987328,0.0077459365129470825,0.0020306147634983063,0.003898310475051403,0.00010008670506067574,0.00010008670506067574,0.0034689896274358034,0.008250521495938301,0.0006743001285940409,0.006231140345335007,0.006309201940894127,0.02940947748720646,0.0067305006086826324,0.000830393866635859,0.0015588165260851383,0.0034894889686256647,0.06132834404706955,0.00691255833953619,0.01063013356178999,0.05947457626461983,0.022210584953427315,0.024497099220752716,0.002077569020912051,0.020192839205265045,0.028802771121263504,0.007334617432206869,0.005839906632900238,0.0,0.026252897456288338,0.011120965704321861,0.0124790258705616,0.0066681066527962685,0.0037870865780860186,0.011322734877467155,0.002770869992673397,0.004465047270059586,0.0,0.0,0.008950835093855858,0.016638003289699554,0.006461771670728922,0.011166480369865894,0.030467897653579712,0.0020674709230661392,0.0,0.0,0.0,0.001763498759828508,0.02309146709740162,0.011156227439641953,0.0017733580898493528,0.008046661503612995,0.01322256587445736,0.0,0.0,0.0,0.007284665480256081,0.021761804819107056,0.003072751220315695,0.0,0.0,0.0,0.0,0.0,0.0,0.00421377457678318,0.0,0.0,0.0,0.0,0.0,0.0
2025-12-21,0.0,0.00011293886927887797,0.0007715336978435516,0.0,0.00691656768321991,0.005857555661350489,0.005867287516593933,0.0,0.0,0.0,0.0,0.0014693675329908729,0.008210795931518078,0.037153810262680054,0.049031347036361694,0.00011293886927887797,0.0,0.0,0.0,0.013573270291090012,0.008490804582834244,0.02285921387374401,0.012282654643058777,0.01858385279774666,0.00011293886927887797,0.0,0.0,0.0,0.007779090665280819,0.007521267514675856,0.02834171988070011,0.04177528992295265,0.05335092172026634,0.029974641278386116,0.0020207283087074757,0.0,0.0,0.0013334036339074373,0.0012658070772886276,0.003796883625909686,0.05326559394598007,0.022223183885216713,0.03162786737084389,0.011391286738216877,0.0,0.0,0.0,0.0,0.0,0.002976813353598118,0.015643663704395294,0.005976500455290079,0.05348549038171768,0.0,0.0,0.0,0.0,0.00011293886927887797,0.000999140553176403,0.016688847914338112,0.0021400281693786383,0.021687859669327736,0.0015876360703259706,0.0,0.00011293886927887797,0.0,0.0051908912137150764,0.015720345079898834,0.02251899242401123,0.013444602489471436,0.005395765416324139,0.001528414897620678,0.020818443968892097,0.00788537971675396,0.0035773818381130695,0.010198695585131645,0.00011293886927887797,0.00011293886927887797,0.00807365495711565,0.00951941218227148,0.0006220267969183624,0.011426095850765705,0.006891091354191303,0.022545449435710907,0.00949263758957386,0.0011146155884489417,0.000894901342689991,0.004893527831882238,0.05417731776833534,0.01942095160484314,0.00304120103828609,0.04779161512851715,0.03891422227025032,0.011553254909813404,0.001376269618049264,0.007852321490645409,0.033888574689626694,0.00734206847846508,0.009708874858915806,0.0,0.029516344889998436,0.013503305613994598,0.00789958517998457,0.007974550127983093,0.004181628115475178,0.011158782988786697,0.004258389119058847,0.0035986588336527348,0.0,0.0,0.010535983368754387,0.020921289920806885,0.014196135103702545,0.024960368871688843,0.023211415857076645,0.0019351734081283212,0.0,0.0,0.0,0.002551132347434759,0.02697793021798134,0.009432051330804825,0.0019388871733099222,0.004674097523093224,0.006001604255288839,0.0,0.0,0.0,0.007537889294326305,0.013658827170729637,0.004470291547477245,0.0,0.0,0.0,0.0,0.0,0.0,0.01084692869335413,0.0,0.0,0.0,0.0,0.0,0.0
2025-12-22,0.0,0.00011478843225631863,0.0007239046972244978,0.0,0.008221978321671486,0.0033503088634461164,0.010262612253427505,0.0,0.0,0.0,0.0,0.0014375634491443634,0.00614490732550621,0.05096498131752014,0.04744274914264679,0.00011478843225631863,0.0,0.0,0.0,0.005663500167429447,0.017264705151319504,0.00998054537922144,0.0042933085933327675,0.014764162711799145,0.00011478843225631863,0.0,0.0,0.0,0.007158312015235424,0.004388838540762663,0.028488514944911003,0.035712242126464844,0.04713153839111328,0.013923324644565582,0.002230066107586026,0.0,0.0,0.0015399102121591568,0.00165376637596637,0.003432112280279398,0.03475996479392052,0.01150541752576828,0.025812363252043724,0.015021596103906631,0.0,0.0,0.0,0.0,0.0,0.000848438823595643,0.00952798780053854,0.013037355616688728,0.05846840888261795,0.0,0.0,0.0,0.0,0.00011478843225631863,0.008107057772576809,0.00964757427573204,0.006954547017812729,0.013811477459967136,0.0008728572865948081,0.0,0.00011478843225631863,0.0,0.01317332498729229,0.005812434945255518,0.024148013442754745,0.008102599531412125,0.011781465262174606,0.009553742595016956,0.015771353617310524,0.007945623248815536,0.014845789410173893,0.003919822629541159,0.00011478843225631863,0.00011478843225631863,0.008588304743170738,0.014060734771192074,0.001272433903068304,0.01654309779405594,0.009926579892635345,0.03389689698815346,0.0071601346135139465,0.0010555871995165944,0.006860046181827784,0.005248377565294504,0.050316885113716125,0.01887231506407261,0.0004490092396736145,0.04537356644868851,0.05083688721060753,0.02315489389002323,0.0009614696609787643,0.003232298418879509,0.02620462328195572,0.005495564080774784,0.004792151972651482,0.0,0.024985065683722496,0.020997315645217896,0.021149350330233574,0.01053854450583458,0.003800950013101101,0.01504114456474781,0.01309432927519083,0.002962393220514059,0.0,0.0,0.016341228038072586,0.008654771372675896,0.006085896864533424,0.01552942581474781,0.020627764984965324,0.0018219859339296818,0.0,0.0,0.0,0.007316443603485823,0.032822929322719574,0.004166788421571255,0.006086757406592369,0.003431870136409998,0.008020671084523201,0.0,0.0,0.0,0.003389169229194522,0.01668204553425312,0.00921356026083231,0.0,0.0,0.0,0.0,0.0,0.0,0.003501844359561801,0.0,0.0,0.0,0.0,0.0,0.0
2025-12-23,0.0,0.00010077666956931353,0.0007259609992615879,0.0,0.006213222164660692,0.0025103783700615168,0.006451375782489777,0.0,0.0,0.0,0.0,0.0013834360288456082,0.006307114847004414,0.036470577120780945,0.04580538719892502,0.00010077666956931353,0.0,0.0,0.0,0.0033249231055378914,0.010109251365065575,0.024736996740102768,0.0029715709388256073,0.023937903344631195,0.00010077666956931353,0.0,0.0,0.0,0.005562466103583574,0.0028140274807810783,0.020246587693691254,0.03178941085934639,0.050468623638153076,0.010322872549295425,0.0014689734671264887,0.0,0.0,0.001391099183820188,0.0019099374767392874,0.0029420116916298866,0.03960553556680679,0.007042946293950081,0.042375385761260986,0.02391299419105053,0.0,0.0,0.0,0.0,0.0,0.007034074515104294,0.019122563302516937,0.006252826191484928,0.02836882881820202,0.0,0.0,0.0,0.0,0.00010077666956931353,0.0046539632603526115,0.00732390396296978,0.0023569806944578886,0.009813066571950912,0.0,0.0,0.00010077666956931353,0.0,0.004818710498511791,0.010520893149077892,0.022415701299905777,0.012077553197741508,0.005611074157059193,0.004651687107980251,0.00680297426879406,0.007642475888133049,0.005520207341760397,0.0018434002995491028,0.00010077666956931353,0.00010077666956931353,0.0005648760125041008,0.013505558483302593,0.0006631396245211363,0.013439333066344261,0.015852849930524826,0.015354876406490803,0.00531091308221221,0.0010521969525143504,0.006842195056378841,0.004522937815636396,0.06054573133587837,0.010834308341145515,0.00018248800188302994,0.04401802271604538,0.03594601899385452,0.026159517467021942,0.0014855103800073266,0.010073060169816017,0.028585296124219894,0.004458378069102764,0.0035914797335863113,0.0,0.00998556800186634,0.01303291879594326,0.021353505551815033,0.022535007447004318,0.0023921970278024673,0.02803180366754532,0.007908174768090248,0.002462586387991905,0.0,0.0,0.01099896989762783,0.010068083181977272,0.008886189199984074,0.009144340641796589,0.03560588136315346,0.0014325142838060856,0.0,0.0,0.0,0.002211356069892645,0.04093090817332268,0.006593163125216961,0.002059253165498376,0.002388416323810816,0.002530042314901948,0.0,0.0,0.0,0.002967711305245757,0.007079580798745155,0.003508601803332567,0.0,0.0,0.0,0.0,0.0,0.0,0.0008305704686790705,0.0,0.0,0.0,0.0,0.0,0.0
2025-12-24,0.0,9.332141780760139e-05,0.0007558114593848586,0.0,0.005805508233606815,0.0017950487090274692,0.005495041608810425,0.0,0.0,0.0,0.0,0.0014648004435002804,0.010819567367434502,0.01855485513806343,0.0737549290060997,9.332141780760139e-05,0.0,0.0,0.0,0.004793322645127773,0.0027594994753599167,0.02969888597726822,0.005444761365652084,0.022573964670300484,9.332141780760139e-05,0.0,0.0,0.0,0.009279093705117702,0.012846310622990131,0.016968311741948128,0.03256063535809517,0.037501078099012375,0.009584024548530579,0.0010710330680012703,0.0,0.0,0.0014980633277446032,0.0019451635889708996,0.004683286417275667,0.03257240727543831,0.018000179901719093,0.040258631110191345,0.03300166130065918,0.0,0.0,0.0,0.0,0.0,0.0019109349232167006,0.027538098394870758,0.003262678161263466,0.037358175963163376,0.0,0.0,0.0,0.0,9.332141780760139e-05,0.004029698204249144,0.00993360485881567,0.001970372162759304,0.009202726185321808,4.507682751864195e-05,0.0,9.332141780760139e-05,0.0,0.0035899337381124496,0.006390692200511694,0.01148137729614973,0.016220007091760635,0.006366979330778122,0.0038624247536063194,0.003572068875655532,0.006312528625130653,0.0032016204204410315,0.0018680042121559381,9.332141780760139e-05,9.332141780760139e-05,0.00297880289144814,0.011961482465267181,0.0007626615697517991,0.02106389030814171,0.008245709352195263,0.015506046824157238,0.015012544579803944,0.0013205024879425764,0.001380952657200396,0.00197426276281476,0.034569788724184036,0.012512566521763802,0.006552831269800663,0.06700675934553146,0.040856748819351196,0.015603426843881607,0.006332033779472113,0.023473363369703293,0.02188347466289997,0.004335219971835613,0.0032212117221206427,0.0,0.01321460958570242,0.01607605814933777,0.018041543662548065,0.011780235916376114,0.004280058667063713,0.01856277696788311,0.013744971714913845,0.0032964549027383327,0.0,0.0,0.007825549691915512,0.025501949712634087,0.00405638013035059,0.006858995649963617,0.03370621055364609,0.0006778452661819756,0.0,0.0,0.0,0.0013957121409475803,0.015456786379218102,0.017352012917399406,0.005630736704915762,0.0044947173446416855,0.001880353782325983,0.0,0.0,0.0,0.005002792924642563,0.005031874869018793,0.0012964222114533186,0.0,0.0,0.0,0.0,0.0,0.0,0.0033429772593080997,0.0,0.0,0.0,0.0,0.0,0.0
2025-12-25,0.0,0.00010963914974126965,0.0007990131853148341,0.0,0.0064315591007471085,0.002472373889759183,0.006258051376789808,0.0,0.0,0.0,0.0,0.0017014548648148775,0.0024479865096509457,0.014785833656787872,0.0609138086438179,0.00010963914974126965,0.0,0.0,0.0,0.004665176849812269,0.01070028729736805,0.02333837002515793,0.015139738097786903,0.018438298255205154,0.00010963914974126965,0.0,0.0,0.0,0.011357154697179794,0.00566456513479352,0.023112986236810684,0.03499884903430939,0.025694001466035843,0.00956359039992094,0.001162971486337483,0.0,0.0,0.001634038519114256,0.0016568789724260569,0.011675196699798107,0.028695395216345787,0.0273592472076416,0.05492226406931877,0.026654288172721863,0.0,0.0,0.0,0.0,0.0,0.0019379323348402977,0.009820029139518738,0.0052289413288235664,0.0706394761800766,0.0,0.0,0.0,0.0,0.00010963914974126965,0.003539762692525983,0.013672564178705215,0.003104794304817915,0.011000018566846848,0.0059567829594016075,0.0,0.00010963914974126965,0.0,0.004748120903968811,0.0037430357187986374,0.019941294565796852,0.01787852682173252,0.0065963477827608585,0.004219154827296734,0.001787169836461544,0.0060939849354326725,0.0033786415588110685,0.002723120851442218,0.00010963914974126965,0.00010963914974126965,0.009906230494379997,0.0073577105067670345,0.0007109644939191639,0.007557299919426441,0.007055469788610935,0.018678924068808556,0.007108910474926233,0.0015692748129367828,0.0018155991565436125,0.0030787193682044744,0.03114599734544754,0.0069356756284832954,0.008590484037995338,0.04963770881295204,0.03399459272623062,0.008254846557974815,0.0016728880582377315,0.00632660835981369,0.02079150825738907,0.010962512344121933,0.010122908279299736,0.0,0.01377551443874836,0.013288131915032864,0.014635109342634678,0.009323171339929104,0.00741151487454772,0.014132553711533546,0.008420566096901894,0.00343747204169631,0.0,0.0,0.007117928937077522,0.01615961454808712,0.002707176376134157,0.007491089403629303,0.027228999882936478,0.0006159056210890412,0.0,0.0,0.0,0.0019100008066743612,0.02191343903541565,0.009411855600774288,0.001809969311580062,0.012855476699769497,0.003678971901535988,0.0,0.0,0.0,0.005430541932582855,0.002835043240338564,0.0015040698926895857,0.0,0.0,0.0,0.0,0.0,0.0,0.011011199094355106,0.0,0.0,0.0,0.0,0.0,0.0
2025-12-26,0.0,0.00011606470070546493,0.0008145712199620903,0.0,0.01401854120194912,0.007942982949316502,0.00602912250906229,0.0,0.0,0.0,0.0,0.0018748140428215265,0.004241676069796085,0.03627588599920273,0.022005312144756317,0.00011606470070546493,0.0,0.0,0.0,0.005616826470941305,0.0,0.012729466892778873,0.023035114631056786,0.025940489023923874,0.00011606470070546493,0.0,0.0,0.0,0.008953151293098927,0.004092829301953316,0.023361237719655037,0.04381870478391647,0.019033282995224,0.009180243127048016,0.0006521731847897172,0.0,0.0,0.001434060512110591,0.0010785709600895643,0.0092921182513237,0.017814388498663902,0.011963143944740295,0.04598624259233475,0.00874702725559473,0.0,0.0,0.0,0.0,0.0,0.0034124720841646194,0.0065397643484175205,0.00494743324816227,0.035785023123025894,0.0,0.0,0.0,0.0,0.00011606470070546493,0.0035770952235907316,0.006298563443124294,0.0034211063757538795,0.016399431973695755,0.00018493179231882095,0.0,0.00011606470070546493,0.0,0.0043531437404453754,0.007840610109269619,0.0283210426568985,0.00973554514348507,0.007038699463009834,0.004321551416069269,0.004096879158169031,0.011375748552381992,0.002283697947859764,0.00390435429289937,0.00011606470070546493,0.00011606470070546493,0.01980443298816681,0.003928638994693756,0.0005819901707582176,0.006962712854146957,0.0062926216050982475,0.02860628068447113,0.00266748433932662,0.001157738734036684,0.0032674947287887335,0.0014593570958822966,0.04323423653841019,0.0049078562296926975,0.0014787432737648487,0.03922175616025925,0.02522708848118782,0.017954599112272263,0.0012812206987291574,0.005739761516451836,0.018998203799128532,0.0031832456588745117,0.016944631934165955,0.0,0.006482466123998165,0.006050508935004473,0.012385792098939419,0.013328000903129578,0.003256677882745862,0.014299200847744942,0.012234307825565338,0.0034686140716075897,0.0,0.0,0.010634448379278183,0.01835554465651512,0.0035693638492375612,0.019525907933712006,0.01414984930306673,0.003262239508330822,0.0,0.0,0.0,0.001052465639077127,0.024445516988635063,0.005807490553706884,0.0018623762298375368,0.005120785906910896,0.008887226693332195,0.0,0.0,0.0,0.005241757724434137,0.008977827616035938,0.0026787039823830128,0.0,0.0,0.0,0.0,0.0,0.0,0.004300340544432402,0.0,0.0,0.0,0.0,0.0,0.0
2025-12-27,0.0,0.00013955940084997565,0.0008460594690404832,0.0,0.016168035566806793,0.0029015052132308483,0.005208367481827736,0.0,0.0,0.0,0.0,0.002999930176883936,0.004227837547659874,0.02259218320250511,0.013638831675052643,0.00013955940084997565,0.0,0.0,0.0,0.005175388418138027,0.0026457980275154114,0.013794852420687675,0.014236034825444221,0.01839395798742771,0.00013955940084997565,0.0,0.0,0.0,0.005541052203625441,0.0033683350775390863,0.013211472891271114,0.057227760553359985,0.018673382699489594,0.00674236286431551,0.0006522801704704762,0.0,0.0,0.0008167834603227675,0.0011717128800228238,0.0028610548470169306,0.018569914624094963,0.02474721148610115,0.03414012864232063,0.009344733320176601,0.0,0.0,0.0,0.0,0.0,0.0057336874306201935,0.01575317606329918,0.003979903645813465,0.015325035899877548,0.0,0.0,0.0,0.0,0.00013955940084997565,0.003919003531336784,0.004706006031483412,0.002198287518694997,0.024956071749329567,0.00010131328599527478,0.0,0.00013955940084997565,0.0,0.004080410115420818,0.009513769298791885,0.03425757586956024,0.010790534317493439,0.011638473719358444,0.0036209020763635635,0.005445071961730719,0.007186431437730789,0.002722230739891529,0.0037420918233692646,0.00013955940084997565,0.00013955940084997565,0.01041945070028305,0.006617331877350807,0.0007185977883636951,0.007074800785630941,0.0067572458647191525,0.017695434391498566,0.006253551691770554,0.0006426224135793746,0.0030820993706583977,0.0026099064853042364,0.06799954175949097,0.00493690837174654,0.0013831374235451221,0.055001288652420044,0.021397976204752922,0.013156208209693432,0.0021999909076839685,0.012722386047244072,0.015423901379108429,0.002014241646975279,0.016068048775196075,0.0,0.0022195959463715553,0.00934523344039917,0.010917603969573975,0.021971601992845535,0.002947429660707712,0.018055271357297897,0.0038685190957039595,0.004160995129495859,0.0,0.0,0.009695803746581078,0.02276410348713398,0.008121704682707787,0.010528330691158772,0.008053126744925976,0.013882243074476719,0.0,0.0,0.0,0.0029811104759573936,0.025192607194185257,0.004664471372961998,0.0027551082894206047,0.007762308698147535,0.0029430428985506296,0.0,0.0,0.0,0.005585186183452606,0.013686922378838062,0.0034180462826043367,0.0,0.0,0.0,0.0,0.0,0.0,0.002463807351887226,0.0,0.0,0.0,0.0,0.0,0.0
2025-12-28,0.0,0.00010139298683498055,0.0008299099281430244,0.0,0.010819732211530209,0.001974979415535927,0.007234578020870686,0.0,0.0,0.0,0.0,0.0018100565066561103,0.006139323115348816,0.02712950110435486,0.02393394708633423,0.00010139298683498055,0.0,0.0,0.0,0.004891873802989721,0.00824587233364582,0.011527247726917267,0.009412306360900402,0.025779124349355698,0.00010139298683498055,0.0,0.0,0.0,0.006978889927268028,0.0007606130093336105,0.011537320911884308,0.04442047327756882,0.032347820699214935,0.005436631850898266,0.0007529911235906184,0.0,0.0,0.0006308964220806956,0.005308255553245544,0.0014568043407052755,0.023462381213903427,0.027323447167873383,0.03852439299225807,0.016580555588006973,0.0,0.0,0.0,0.0,0.0,0.015637105330824852,0.013136306777596474,0.0033424939028918743,0.030477361753582954,0.0,0.0,0.0,0.0,0.00010139298683498055,0.002858977299183607,0.00645142886787653,0.00015825382433831692,0.012565063312649727,0.0006815079832449555,0.0,0.00010139298683498055,0.0,0.003563573583960533,0.016452806070446968,0.027740852907299995,0.00239423755556345,0.014869309961795807,0.0032711990643292665,0.008740328252315521,0.006843567360192537,0.0061993529088795185,0.0026592635549604893,0.00010139298683498055,0.00010139298683498055,0.0056192874908447266,0.007772822864353657,0.0012022616574540734,0.011618826538324356,0.005287374369800091,0.010870052501559258,0.005410801153630018,0.0009251820156350732,0.003087044693529606,0.00531056197360158,0.09177717566490173,0.010158057324588299,0.0006792531348764896,0.04333851858973503,0.02932630106806755,0.004109594970941544,0.0022516194730997086,0.030308660119771957,0.023018818348646164,0.003177255392074585,0.003438282059505582,0.0,0.013003218919038773,0.009818468242883682,0.0052973004058003426,0.009578246623277664,0.001763390377163887,0.014350398443639278,0.0019506432581692934,0.004173322580754757,0.0,0.0,0.015731755644083023,0.031046977266669273,0.0008508027531206608,0.008125998079776764,0.018283385783433914,0.004137401003390551,0.0,0.0,0.0,0.0031255586072802544,0.043921805918216705,0.0052191391587257385,0.0028340250719338655,0.0054240478202700615,0.003943215124309063,0.0,0.0,0.0,0.00438414141535759,0.0045274170115590096,0.002775775734335184,0.0,0.0,0.0,0.0,0.0,0.0,0.0015225280076265335,0.0,0.0,0.0,0.0,0.0,0.0
2025-12-29,0.0,0.00010821148316608742,0.0008321335189975798,0.0,0.012250985950231552,0.002542937872931361,0.005399112589657307,0.0,0.0,0.0,0.0,0.0014399477513507009,0.002401207108050585,0.05378364399075508,0.03050912916660309,0.00010821148316608742,0.0,0.0,0.0,0.007921886630356312,0.0037373481318354607,0.017912263050675392,0.014237610623240471,0.028703821823000908,0.00010821148316608742,0.0,0.0,0.0,0.019614379853010178,0.0018744836561381817,0.013522721827030182,0.028551513329148293,0.02362077310681343,0.00897861085832119,0.0013497642939910293,0.0,0.0,0.005275004077702761,0.0005497663514688611,0.0022849179804325104,0.02788296341896057,0.018667690455913544,0.03927486762404442,0.00959345605224371,0.0,0.0,0.0,0.0,0.0,0.009676516056060791,0.004483749158680439,0.0017578615806996822,0.013074329122900963,0.0,0.0,0.0,0.0,0.00010821148316608742,0.002461222931742668,0.005144660361111164,0.0015445088502019644,0.005394074134528637,0.001178251812234521,0.0,0.00010821148316608742,0.0,0.0034030252136290073,0.002514224499464035,0.015825467184185982,0.004100186750292778,0.006991417147219181,0.0031015989370644093,0.008148983120918274,0.007892717607319355,0.025346964597702026,0.00203870446421206,0.00010821148316608742,0.00010821148316608742,0.007624557241797447,0.01232302375137806,0.0035773918498307467,0.011820400133728981,0.005112892482429743,0.036576151847839355,0.013235666789114475,0.005673217587172985,0.001803299761377275,0.0023439631331712008,0.044098466634750366,0.004275028593838215,0.0010514194145798683,0.0402858704328537,0.036616064608097076,0.006876865401864052,0.0025051929987967014,0.021155904978513718,0.03386547416448593,0.005197747144848108,0.0016633560881018639,0.0,0.030152015388011932,0.011930156499147415,0.012621231377124786,0.007724315859377384,0.0015872428193688393,0.019778046756982803,0.0030562570318579674,0.004091519396752119,0.0,0.0,0.024279478937387466,0.01840059831738472,0.001477737445384264,0.00974372960627079,0.02537262998521328,0.0014916169457137585,0.0,0.0,0.0,0.0032380172051489353,0.03129328414797783,0.01233937032520771,0.0028654634952545166,0.005768989212810993,0.007050537969917059,0.0,0.0,0.0,0.005677676293998957,0.0031155897304415703,0.002467875136062503,0.0,0.0,0.0,0.0,0.0,0.0,0.001502628205344081,0.0,0.0,0.0,0.0,0.0,0.0
2025-12-30,0.0,0.00010890036355704069,0.0008544112206436694,0.0,0.015078669413924217,0.002762956079095602,0.005847896449267864,0.0,0.0,0.0,0.0,0.0014191390946507454,0.004088170360773802,0.06082660332322121,0.0457039475440979,0.00010890036355704069,0.0,0.0,0.0,0.003436930011957884,0.003024098463356495,0.03270106762647629,0.0162371676415205,0.02966822125017643,0.00010890036355704069,0.0,0.0,0.0,0.009773246012628078,0.01064493041485548,0.016448315232992172,0.029915060847997665,0.03710556775331497,0.015328358858823776,0.0022243568673729897,0.0,0.0,0.000547005794942379,0.00023295031860470772,0.002716436516493559,0.02219037339091301,0.01286846399307251,0.03284902125597,0.011448109522461891,0.0,0.0,0.0,0.0,0.0,0.012510741129517555,0.0016375435516238213,0.00373270851559937,0.009854014962911606,0.0,0.0,0.0,0.0,0.00010890036355704069,0.003665485419332981,0.010882903821766376,0.012053245678544044,0.010940352454781532,0.0013497143518179655,0.0,0.00010890036355704069,0.0,0.0033367190044373274,0.0,0.010090868920087814,0.014789995737373829,0.005921480245888233,0.0032296462450176477,0.002483340911567211,0.00797479972243309,0.005794323980808258,0.0027607609517872334,0.00010890036355704069,0.00010890036355704069,0.014646882191300392,0.00811238493770361,0.01065295934677124,0.006784636527299881,0.010310701094567776,0.036749474704265594,0.007543506566435099,0.0010726924519985914,0.0002447180449962616,0.003811520989984274,0.034166451543569565,0.0036518536508083344,0.0033961250446736813,0.055287837982177734,0.025997526943683624,0.01968606561422348,0.0024995175190269947,0.0074357157573103905,0.033002544194459915,0.0008841906674206257,0.0031794593669474125,0.0,0.026440586894750595,0.014693645760416985,0.01599820703268051,0.006539780180901289,0.0066231247037649155,0.022280041128396988,0.003725366899743676,0.0029025597032159567,0.0,0.0,0.017563872039318085,0.024234965443611145,0.014043381437659264,0.010828016325831413,0.015891071408987045,0.0014274982968345284,0.0,0.0,0.0,0.0041846041567623615,0.023889105767011642,0.009217741899192333,0.0035760249011218548,0.006067872513085604,0.013939078897237778,0.0,0.0,0.0,0.010794498026371002,0.004502499476075172,0.0033110466320067644,0.0,0.0,0.0,0.0,0.0,0.0,0.002354186028242111,0.0,0.0,0.0,0.0,0.0,0.0
2025-12-31,0.0,0.00012465710460674018,0.0009199976339004934,0.0,0.00934267695993185,0.0026977260131388903,0.004341335501521826,0.0,0.0,0.0,0.0,0.0015120365424081683,0.011603117920458317,0.04014946520328522,0.061701588332653046,0.00012465710460674018,0.0,0.0,0.0,0.003596601774916053,0.009005455300211906,0.024347729980945587,0.01518227905035019,0.015719041228294373,0.00012465710460674018,0.0,0.0,0.0,0.007830255664885044,0.008260317146778107,0.018024269491434097,0.0335962176322937,0.03472355380654335,0.00525276642292738,0.0027092769742012024,0.0,0.0,0.00033204443752765656,0.001191566465422511,0.003443791065365076,0.030186504125595093,0.0047513823956251144,0.03298088535666466,0.021192852407693863,0.0,0.0,0.0,0.0,0.0,0.005017162300646305,0.004669039510190487,0.010855223052203655,0.023844044655561447,0.0,0.0,0.0,0.0,0.00012465710460674018,0.003493240801617503,0.007929068058729172,0.003715310711413622,0.012033205479383469,0.0012241232907399535,0.0,0.00012465710460674018,0.0,0.0029197032563388348,0.008524581789970398,0.009991935454308987,0.012353803031146526,0.011640655808150768,0.003699000459164381,0.0037295743823051453,0.008336015976965427,0.0024202968925237656,0.0031215231865644455,0.00012465710460674018,0.00012465710460674018,0.004834048915654421,0.008211011067032814,0.003773029427975416,0.0045721810311079025,0.004570921882987022,0.02303893119096756,0.007398209068924189,0.00047150274622254074,0.0012869758065789938,0.006156778894364834,0.0450633242726326,0.0036639641039073467,0.012372077442705631,0.03972742706537247,0.03319475054740906,0.01096252165734768,0.001708397176116705,0.005719270557165146,0.02450398914515972,0.0032335647847503424,0.0032668851781636477,0.0,0.007670075632631779,0.009635290130972862,0.011786550283432007,0.005889039020985365,0.018136344850063324,0.02368023619055748,0.00376176368445158,0.0023067928850650787,0.0,0.0,0.01266618724912405,0.02762437053024769,0.004563057329505682,0.015151397325098515,0.014909718185663223,0.0019192930776625872,0.0,0.0,0.0,0.003304209792986512,0.045331358909606934,0.013358275406062603,0.0022277277894318104,0.00496774772182107,0.007156426087021828,0.0,0.0,0.0,0.0058753532357513905,0.010859550908207893,0.00841833557933569,0.0,0.0,0.0,0.0,0.0,0.0,0.002157367067411542,0.0,0.0,0.0,0.0,0.0,0.0
