Date,0_0,1_0,2_0,3_0,4_0,5_0,6_0,7_0,8_0,0_1,1_1,2_1,3_1,4_1,5_1,6_1,7_1,8_1,0_2,1_2,2_2,3_2,4_2,5_2,6_2,7_2,8_2,0_3,1_3,2_3,3_3,4_3,5_3,6_3,7_3,8_3,0_4,1_4,2_4,3_4,4_4,5_4,6_4,7_4,8_4,0_5,1_5,2_5,3_5,4_5,5_5,6_5,7_5,8_5,0_6,1_6,2_6,3_6,4_6,5_6,6_6,7_6,8_6,0_7,1_7,2_7,3_7,4_7,5_7,6_7,7_7,8_7,0_8,1_8,2_8,3_8,4_8,5_8,6_8,7_8,8_8,0_9,1_9,2_9,3_9,4_9,5_9,6_9,7_9,8_9,0_10,1_10,2_10,3_10,4_10,5_10,6_10,7_10,8_10,0_11,1_11,2_11,3_11,4_11,5_11,6_11,7_11,8_11,0_12,1_12,2_12,3_12,4_12,5_12,6_12,7_12,8_12,0_13,1_13,2_13,3_13,4_13,5_13,6_13,7_13,8_13,0_14,1_14,2_14,3_14,4_14,5_14,6_14,7_14,8_14,0_15,1_15,2_15,3_15,4_15,5_15,6_15,7_15,8_15
2025/1/1,0.00000000,0.00000000,0.00000000,0.00000000,0.01017320,0.00000000,0.00000000,0.00000000,0.00000000,0.00000000,0.00000000,0.00554150,0.00000000,0.00000000,0.00000000,0.00000000,0.00000000,0.00000000,0.00000000,0.00000000,0.00000000,0.01804779,0.00151496,0.00000000,0.00000000,0.00000000,0.00000000,0.00000000,0.00021047,0.00000000,0.00000000,0.04430532,0.01041397,0.00000000,0.00000000,0.00000000,0.00000000,0.00000000,0.00000000,0.00000000,0.00130489,0.01528102,0.01129174,0.00661606,0.00000000,0.00000000,0.00000000,0.00000000,0.00000000,0.00395885,0.02124804,0.00142712,0.00000000,0.00000000,0.00000000,0.00000000,0.00000000,0.00000000,0.00421722,0.00000000,0.00000000,0.01036452,0.00000000,0.00000000,0.00000000,0.00000000,0.00000000,0.00269550,0.01275143,0.00392176,0.00307137,0.00000000,0.00072673,0.00000000,0.00000000,0.00000000,0.00000000,0.00000000,0.00000000,0.00494785,0.00000000,0.00000000,0.00000000,0.01669089,0.00014880,0.00000000,0.00000000,0.00023491,0.05183705,0.00188787,0.00000000,0.05438558,0.01169428,0.02186525,0.00009414,0.00345984,0.00139768,0.00000000,0.00680107,0.00000000,0.00000000,0.00322440,0.00148865,0.01012068,0.00128006,0.00520961,0.00000000,0.00000000,0.00000000,0.00000000,0.01563749,0.00334243,0.00034222,0.00000000,0.00227506,0.01774940,0.00000000,0.00000000,0.00000000,0.00000000,0.00089192,0.00000000,0.00003342,0.00000000,0.00236101,0.00000000,0.00000000,0.00000000,0.00090793,0.01364442,0.00000000,0.00000000,0.00000000,0.00000000,0.00000000,0.00000000,0.00000000,0.00000000,0.00000000,0.00000000,0.00000000,0.00000000,0.00000000,0.00000000
2025/1/2,0.00000000,0.00000000,0.00000000,0.00000000,0.00260611,0.00000000,0.00000000,0.00000000,0.00000000,0.00000000,0.00000000,0.00000000,0.00113104,0.00000000,0.01406130,0.00000000,0.00000000,0.00000000,0.00000000,0.00204841,0.00593148,0.00950870,0.00000000,0.01332522,0.00000000,0.00000000,0.00000000,0.00000000,0.00279468,0.00000000,0.00156700,0.02822939,0.02704658,0.00304568,0.00000000,0.00000000,0.00000000,0.00082575,0.00539290,0.00000000,0.01014508,0.02212213,0.02672330,0.01440596,0.00000000,0.00000000,0.00000000,0.00000000,0.00000000,0.01904713,0.02002373,0.00342248,0.02822188,0.00000000,0.00000000,0.00000000,0.00000000,0.00000000,0.00002388,0.00502338,0.00000000,0.00000000,0.00000000,0.00000000,0.00000000,0.00000000,0.00076562,0.01240242,0.00550564,0.00568554,0.00647786,0.00161869,0.00663801,0.00000000,0.00190825,0.00000000,0.00000000,0.00000000,0.00000000,0.00379696,0.00000000,0.00846307,0.00000000,0.01698228,0.00269820,0.00000000,0.00000000,0.00721836,0.07389338,0.01062351,0.00000000,0.03743610,0.01409927,0.01595777,0.00035330,0.03055819,0.01077822,0.00000000,0.00000000,0.00000000,0.00575094,0.00249965,0.00000000,0.00072769,0.00109831,0.00351455,0.00000000,0.00006330,0.00000000,0.00000000,0.01951201,0.01349705,0.00000000,0.00000000,0.00691202,0.00730203,0.00000000,0.00000000,0.00000000,0.00000000,0.02473808,0.00263931,0.00000000,0.00000000,0.00000000,0.00000000,0.00000000,0.00000000,0.00000000,0.00565137,0.00000000,0.00000000,0.00000000,0.00000000,0.00000000,0.00000000,0.00000000,0.00000000,0.00000000,0.00000000,0.00000000,0.00000000,0.00000000,0.00000000
2025/1/3,0.00000000,0.00000000,0.00000000,0.00000000,0.00263452,0.00000000,0.00000000,0.00000000,0.00000000,0.00000000,0.00000000,0.00000000,0.00000000,0.01604003,0.02404985,0.00000000,0.00000000,0.00000000,0.00000000,0.00744068,0.00234551,0.00860285,0.00000000,0.01720744,0.00000000,0.00000000,0.00000000,0.00000000,0.01432068,0.00227347,0.00692329,0.01222201,0.00000000,0.00061168,0.00007684,0.00000000,0.00000000,0.00588305,0.00466982,0.00439657,0.02131335,0.01684383,0.02214897,0.00282230,0.00000000,0.00000000,0.00000000,0.00000000,0.00000000,0.00708564,0.00634055,0.00125967,0.00573704,0.00000000,0.00000000,0.00000000,0.00000000,0.00000000,0.00019390,0.00000000,0.00000000,0.00000000,0.00000000,0.00000000,0.00000000,0.00000000,0.00122164,0.00136676,0.00000000,0.00633417,0.00111694,0.00150350,0.00627940,0.00000000,0.02846945,0.00000000,0.00000000,0.00000000,0.00000000,0.00716399,0.00293935,0.00779785,0.00042662,0.05030347,0.01422521,0.00389218,0.00000000,0.00302863,0.03264351,0.00571874,0.00000000,0.03189923,0.02208615,0.01847227,0.00010826,0.01740783,0.03094589,0.00258681,0.00000000,0.00000000,0.02443479,0.00291122,0.00570658,0.00051920,0.00000000,0.00123180,0.00000000,0.00236541,0.00000000,0.00000000,0.03746462,0.00000000,0.00000000,0.00000000,0.01315401,0.00000000,0.00000000,0.00000000,0.00000000,0.00000000,0.00685384,0.01170926,0.00000000,0.00000000,0.00099521,0.00000000,0.00000000,0.00000000,0.00000000,0.00110370,0.00000000,0.00000000,0.00000000,0.00000000,0.00000000,0.00000000,0.00000000,0.00000000,0.00000000,0.00000000,0.00000000,0.00000000,0.00000000,0.00000000
2025/1/4,0.00000000,0.00000000,0.00000000,0.00000000,0.00904653,0.00000000,0.00515649,0.00000000,0.00000000,0.00000000,0.00000000,0.00000000,0.00000000,0.01678750,0.03169930,0.00000000,0.00000000,0.00000000,0.00000000,0.00208050,0.00539357,0.03005323,0.00000000,0.01854322,0.00000000,0.00000000,0.00000000,0.00000000,0.00000000,0.01358318,0.00237763,0.00856092,0.02159943,0.00966400,0.00474387,0.00000000,0.00000000,0.00142837,0.00103963,0.00010965,0.01365166,0.01261826,0.01845072,0.00899791,0.00000000,0.00000000,0.00000000,0.00000000,0.00000000,0.00655325,0.00150597,0.00013541,0.00468787,0.00000000,0.00000000,0.00000000,0.00000000,0.00000000,0.00305094,0.00833117,0.01146555,0.00000000,0.00016763,0.00000000,0.00000000,0.00000000,0.00180143,0.00000000,0.00000000,0.01939507,0.00353874,0.00031540,0.00049114,0.00000000,0.00400277,0.00000000,0.00000000,0.00000000,0.00760430,0.00003816,0.01072982,0.00058834,0.00550671,0.05359570,0.00261737,0.00000000,0.00000000,0.00194082,0.02621179,0.00062917,0.00240642,0.05985721,0.00471407,0.02350484,0.00000000,0.00431497,0.03278571,0.00000000,0.00000000,0.00000000,0.01576656,0.00257855,0.00499818,0.00170717,0.00000000,0.00234768,0.00000000,0.00000000,0.00000000,0.00000000,0.02313225,0.00230194,0.00790529,0.00000000,0.00394038,0.00000000,0.00000000,0.00000000,0.00000000,0.00020929,0.00000000,0.01258441,0.00000000,0.00000000,0.00706962,0.00000000,0.00000000,0.00000000,0.00248391,0.00108448,0.00000000,0.00000000,0.00000000,0.00000000,0.00000000,0.00000000,0.00000000,0.00000000,0.00000000,0.00000000,0.00000000,0.00000000,0.00000000,0.00000000
2025/1/5,0.00000000,0.00000000,0.00002198,0.00000000,0.00556249,0.00000000,0.00000000,0.00000000,0.00000000,0.00000000,0.00000000,0.00000000,0.00794598,0.00000000,0.04961762,0.00000000,0.00000000,0.00000000,0.00000000,0.00038815,0.00391647,0.01226631,0.00000000,0.00000000,0.00000000,0.00000000,0.00000000,0.00000000,0.00000000,0.00501603,0.00000000,0.01372622,0.01233376,0.00000000,0.00000000,0.00000000,0.00000000,0.00082831,0.00007345,0.00000000,0.01887714,0.00092081,0.01763250,0.01436682,0.00000000,0.00000000,0.00000000,0.00000000,0.00000000,0.00000000,0.00000000,0.00535109,0.02949173,0.00000000,0.00000000,0.00000000,0.00000000,0.00000000,0.00986814,0.00895262,0.00539468,0.00285125,0.00068300,0.00000000,0.00000000,0.00000000,0.00248325,0.01224169,0.00553548,0.00825554,0.00527952,0.00049203,0.00000000,0.00000000,0.00000000,0.00000000,0.00000000,0.00000000,0.00000000,0.00021133,0.00272740,0.00000000,0.00000000,0.03831797,0.00000000,0.00000000,0.00000000,0.00165543,0.03563043,0.00102648,0.01686487,0.04015534,0.02342956,0.01555320,0.00000000,0.00073554,0.01400774,0.00296485,0.00174815,0.00000000,0.00000000,0.00000000,0.00000000,0.00000000,0.00413631,0.00627395,0.00026515,0.00000000,0.00000000,0.00000000,0.01436196,0.01186823,0.00000000,0.00165834,0.00000000,0.00000000,0.00000000,0.00000000,0.00000000,0.00000000,0.01540977,0.01335407,0.00238271,0.00169547,0.00250044,0.00000000,0.00000000,0.00000000,0.00000000,0.00419809,0.00544872,0.00000000,0.00000000,0.00000000,0.00000000,0.00000000,0.00000000,0.00000000,0.00000000,0.00000000,0.00000000,0.00000000,0.00000000,0.00000000
2025/1/6,0.00000000,0.00000000,0.00017321,0.00000000,0.00000000,0.00110239,0.00000000,0.00000000,0.00000000,0.00000000,0.00000000,0.00079379,0.00000000,0.00924131,0.03271116,0.00000000,0.00000000,0.00000000,0.00000000,0.00396023,0.00175827,0.00141458,0.00000000,0.00000000,0.00000000,0.00000000,0.00000000,0.00000000,0.00385142,0.00098515,0.00424644,0.00096822,0.00586691,0.00000000,0.00237632,0.00000000,0.00000000,0.00060456,0.00000000,0.00000000,0.01893272,0.00000000,0.02705118,0.00191936,0.00000000,0.00000000,0.00000000,0.00000000,0.00000000,0.00000000,0.00000000,0.00579309,0.02178910,0.00000000,0.00000000,0.00000000,0.00000000,0.00000000,0.00183942,0.00413813,0.00000000,0.01048929,0.00044040,0.00000000,0.00000000,0.00000000,0.00250406,0.01908488,0.00846140,0.00189227,0.00469565,0.00385256,0.00170532,0.00000000,0.00000000,0.00000000,0.00000000,0.00000000,0.00000000,0.00348481,0.00000000,0.00000000,0.00000000,0.04073198,0.00138517,0.00000000,0.01198359,0.00639152,0.02418084,0.00773756,0.00444018,0.03989949,0.04515430,0.02397387,0.00000000,0.00563292,0.00660683,0.02129512,0.00207914,0.00000000,0.00000000,0.00000000,0.00608850,0.00000000,0.00000000,0.00880562,0.00046973,0.00075115,0.00000000,0.00000000,0.00734083,0.00494404,0.00000000,0.00173724,0.00785224,0.00000000,0.00000000,0.00000000,0.00000000,0.00000000,0.00603524,0.00494308,0.00000000,0.00000000,0.00504034,0.00000000,0.00000000,0.00000000,0.00016493,0.00330439,0.00096496,0.00000000,0.00000000,0.00000000,0.00000000,0.00000000,0.00000000,0.00000000,0.00000000,0.00000000,0.00000000,0.00000000,0.00000000,0.00000000
2025/1/7,0.00000000,0.00000000,0.00033468,0.00000000,0.00799871,0.00570034,0.00000000,0.00000000,0.00000000,0.00000000,0.00000000,0.00663588,0.00523467,0.00787542,0.01909225,0.00000000,0.00000000,0.00000000,0.00000000,0.00556346,0.01127000,0.00000000,0.00000000,0.00000000,0.00000000,0.00000000,0.00000000,0.00000000,0.00504823,0.00000000,0.00000000,0.01886601,0.01434492,0.00000000,0.01795431,0.00000000,0.00000000,0.00015290,0.00000000,0.00000000,0.01623031,0.00121372,0.00526286,0.01058336,0.00000000,0.00000000,0.00000000,0.00000000,0.00000000,0.00804830,0.00000000,0.00000000,0.00264678,0.00000000,0.00000000,0.00000000,0.00000000,0.00000000,0.00000000,0.00000000,0.00000000,0.00000000,0.00027663,0.00000000,0.00000000,0.00000000,0.00714881,0.01179554,0.00154252,0.00539271,0.00776839,0.00379480,0.00836956,0.00000000,0.00000000,0.00000000,0.00000000,0.00000000,0.00091736,0.00358137,0.00000000,0.01628030,0.00045982,0.03038108,0.00000000,0.00000000,0.00110251,0.00109738,0.03035796,0.00874301,0.00000000,0.02450169,0.05592330,0.05259748,0.00000000,0.00200354,0.00145967,0.00433484,0.00177522,0.00000000,0.00000000,0.00000000,0.00674509,0.00601475,0.00000000,0.00052116,0.00318885,0.00074153,0.00000000,0.00000000,0.00478314,0.00636107,0.00000000,0.00398609,0.01072387,0.00000000,0.00000000,0.00000000,0.00000000,0.00000000,0.00946225,0.00000000,0.00000000,0.00252945,0.01683765,0.00000000,0.00000000,0.00000000,0.00133270,0.00186058,0.00189445,0.00000000,0.00000000,0.00000000,0.00000000,0.00000000,0.00000000,0.00000000,0.00000000,0.00000000,0.00000000,0.00000000,0.00000000,0.00000000
2025/1/8,0.00000000,0.00000000,0.00000000,0.00000000,0.00000000,0.00009665,0.00000000,0.00000000,0.00000000,0.00000000,0.00000000,0.00000000,0.00000000,0.00178987,0.03729395,0.00000000,0.00000000,0.00000000,0.00000000,0.00840022,0.00902593,0.00000000,0.00210297,0.00000000,0.00000000,0.00000000,0.00000000,0.00000000,0.00569821,0.00000000,0.00580855,0.00788883,0.01957697,0.00000000,0.00366130,0.00000000,0.00000000,0.00000000,0.00343875,0.00326276,0.00885452,0.00143259,0.00807274,0.00925572,0.00000000,0.00000000,0.00000000,0.00000000,0.00000000,0.00263398,0.00000000,0.00000000,0.00791680,0.00000000,0.00000000,0.00000000,0.00000000,0.00000000,0.00000000,0.00000000,0.00000000,0.00696036,0.00046090,0.00000000,0.00000000,0.00000000,0.00401679,0.00000000,0.00000000,0.00000000,0.00078698,0.00678711,0.00228002,0.00000000,0.00000000,0.00000000,0.00000000,0.00000000,0.00792833,0.01575376,0.00000000,0.00380518,0.02311270,0.01218758,0.00543582,0.00006805,0.00000000,0.00586294,0.03058793,0.02191150,0.00000000,0.04995368,0.05398958,0.02825803,0.00000000,0.00101673,0.01242909,0.00891593,0.00156491,0.00000000,0.00000000,0.00000000,0.01424384,0.00719430,0.00716009,0.00230030,0.00481404,0.00000000,0.00000000,0.00000000,0.00846335,0.01264834,0.00000000,0.00000000,0.00036507,0.00000000,0.00000000,0.00000000,0.00000000,0.00421179,0.01094257,0.00122557,0.00000000,0.01536932,0.00450354,0.00000000,0.00000000,0.00000000,0.00178468,0.00000000,0.00786760,0.00000000,0.00000000,0.00000000,0.00000000,0.00000000,0.00000000,0.00000000,0.00000000,0.00000000,0.00000000,0.00000000,0.00000000,0.00000000
2025/1/9,0.00000000,0.00000000,0.00019462,0.00000000,0.00000000,0.00043251,0.00000000,0.00000000,0.00000000,0.00000000,0.00000000,0.00000000,0.00000000,0.00000000,0.00000000,0.00000000,0.00000000,0.00000000,0.00000000,0.00114423,0.00551672,0.00222231,0.00000000,0.00000000,0.00000000,0.00000000,0.00000000,0.00000000,0.00509909,0.00640801,0.00425359,0.00838140,0.00000000,0.00000000,0.00000000,0.00000000,0.00000000,0.00000000,0.00000000,0.00414679,0.00970892,0.00000000,0.03333420,0.00362743,0.00000000,0.00000000,0.00000000,0.00000000,0.00000000,0.01133015,0.00872260,0.00362120,0.01033607,0.00000000,0.00000000,0.00000000,0.00000000,0.00000000,0.00168803,0.00000000,0.00000000,0.00000000,0.00038230,0.00000000,0.00000000,0.00000000,0.00231393,0.00000000,0.00000000,0.00000000,0.00000000,0.00000000,0.00241523,0.00000000,0.00005965,0.00000000,0.00000000,0.00000000,0.00747642,0.00551424,0.00000000,0.00000000,0.00975040,0.00701252,0.00000000,0.00050800,0.00000000,0.00047853,0.05149243,0.01503705,0.00000000,0.03622954,0.05169932,0.01338400,0.00412571,0.00000000,0.00805661,0.01532962,0.00405477,0.00000000,0.00721239,0.00000000,0.02715061,0.00156261,0.00168988,0.00000000,0.00152285,0.00000000,0.00000000,0.00000000,0.01689491,0.00956039,0.00273690,0.00000000,0.01292223,0.00000000,0.00000000,0.00000000,0.00000000,0.00000000,0.00000000,0.00000000,0.00000000,0.00277841,0.00195306,0.00000000,0.00000000,0.00000000,0.00184648,0.00000000,0.00397923,0.00000000,0.00000000,0.00000000,0.00000000,0.00000000,0.00000000,0.00000000,0.00000000,0.00000000,0.00000000,0.00000000,0.00000000,0.00000000
2025/1/10,0.00000000,0.00000000,0.00008679,0.00000000,0.00046819,0.00035844,0.00000000,0.00000000,0.00000000,0.00000000,0.00000000,0.00000000,0.00000000,0.01433529,0.00000000,0.00000000,0.00000000,0.00000000,0.00000000,0.00000000,0.00458739,0.00000000,0.00117304,0.00043894,0.00000000,0.00000000,0.00000000,0.00000000,0.00648127,0.00132219,0.00000000,0.01764612,0.03406215,0.00141020,0.00000000,0.00000000,0.00000000,0.00000000,0.00000000,0.00490867,0.01154260,0.00027069,0.03739924,0.01511002,0.00000000,0.00000000,0.00000000,0.00000000,0.00000000,0.00073750,0.00466026,0.01094662,0.00673945,0.00000000,0.00000000,0.00000000,0.00000000,0.00000000,0.00000000,0.00000000,0.00000000,0.00489573,0.00028422,0.00000000,0.00000000,0.00000000,0.00228906,0.00114715,0.00000000,0.00155519,0.00415071,0.00000000,0.00040128,0.00000000,0.00000000,0.00000000,0.00000000,0.00000000,0.00000000,0.00000000,0.00000000,0.00000000,0.01742106,0.02012895,0.00000000,0.00000000,0.00000000,0.00372457,0.06685083,0.00273660,0.00000000,0.05339443,0.07445623,0.02686522,0.00000000,0.00195288,0.01329098,0.00108388,0.00063539,0.00000000,0.00000000,0.00000000,0.01145779,0.00674376,0.00011860,0.00956027,0.00000000,0.00374445,0.00000000,0.00000000,0.02689463,0.00795421,0.00282703,0.00000000,0.00208289,0.00000000,0.00000000,0.00000000,0.00000000,0.00000000,0.00000000,0.00095904,0.00000000,0.00002838,0.00039454,0.00000000,0.00000000,0.00000000,0.00090275,0.00000000,0.00787229,0.00000000,0.00000000,0.00000000,0.00000000,0.00000000,0.00000000,0.00000000,0.00000000,0.00000000,0.00000000,0.00000000,0.00000000,0.00000000
2025/1/11,0.00000000,0.00000000,0.00038203,0.00000000,0.00884604,0.00173484,0.00000000,0.00000000,0.00000000,0.00000000,0.00000000,0.00000000,0.00000000,0.03747486,0.00000000,0.00000000,0.00000000,0.00000000,0.00000000,0.00000000,0.00616407,0.00000000,0.00000000,0.00000000,0.00000000,0.00000000,0.00000000,0.00000000,0.00000000,0.00000000,0.01018843,0.00185824,0.01408897,0.02188826,0.00000000,0.00000000,0.00000000,0.00000000,0.00000000,0.00580799,0.00057177,0.01316783,0.04692762,0.00264417,0.00000000,0.00000000,0.00000000,0.00000000,0.00000000,0.00000000,0.00912643,0.00438475,0.03283726,0.00000000,0.00000000,0.00000000,0.00000000,0.00000000,0.00000000,0.00443902,0.00000000,0.00000000,0.00023177,0.00000000,0.00000000,0.00000000,0.00191856,0.00888519,0.00000000,0.00510799,0.00000000,0.00000000,0.00000000,0.00000000,0.00000000,0.00000000,0.00000000,0.00000000,0.00592332,0.00757207,0.00000000,0.00111926,0.00453692,0.03128128,0.00000000,0.00000000,0.00000000,0.00214745,0.04060543,0.01037994,0.00996196,0.02227044,0.05778037,0.02785233,0.00000000,0.00000000,0.02256571,0.00000000,0.00000000,0.00000000,0.00000000,0.00244249,0.00273916,0.01450157,0.00544450,0.00000000,0.00026441,0.00000000,0.00000000,0.00000000,0.00985110,0.00000000,0.00000000,0.00000000,0.00029717,0.00000000,0.00000000,0.00000000,0.00000000,0.00000823,0.01653267,0.00936438,0.00000000,0.00063292,0.00000000,0.00000000,0.00000000,0.00000000,0.00031231,0.00000000,0.00352233,0.00000000,0.00000000,0.00000000,0.00000000,0.00000000,0.00000000,0.00000000,0.00000000,0.00000000,0.00000000,0.00000000,0.00000000,0.00000000
2025/1/12,0.00000000,0.00000000,0.00037984,0.00000000,0.00000000,0.00154737,0.00107517,0.00000000,0.00000000,0.00000000,0.00000000,0.00000000,0.00255306,0.01573233,0.00000000,0.00000000,0.00000000,0.00000000,0.00000000,0.00015211,0.01287496,0.00019956,0.00000000,0.00000000,0.00000000,0.00000000,0.00000000,0.00000000,0.00000000,0.00019428,0.00000000,0.00410235,0.01995990,0.00769035,0.00014508,0.00000000,0.00000000,0.00000000,0.00050636,0.00195338,0.01235783,0.00000000,0.05025182,0.00834130,0.00000000,0.00000000,0.00000000,0.00000000,0.00000000,0.00000000,0.00000000,0.00000000,0.01808155,0.00000000,0.00000000,0.00000000,0.00000000,0.00000000,0.00010353,0.00301681,0.00000000,0.00000000,0.00005326,0.00000000,0.00000000,0.00000000,0.00059730,0.01186484,0.00000000,0.00000000,0.00580485,0.00002404,0.00098802,0.00000000,0.00000000,0.00000000,0.00000000,0.00000000,0.00974892,0.00000000,0.00000000,0.00136506,0.00000000,0.02524852,0.00000000,0.00000000,0.00000000,0.01194343,0.04457061,0.00000000,0.00000000,0.04584537,0.05789381,0.00921060,0.00000000,0.00000000,0.02466570,0.00008215,0.00000000,0.00000000,0.00067474,0.00571743,0.00105569,0.00628953,0.00000000,0.00028111,0.00056292,0.00000000,0.00000000,0.00000000,0.00533885,0.00027949,0.00332539,0.00000000,0.00507144,0.00000000,0.00000000,0.00000000,0.00000000,0.00061842,0.00236621,0.00905806,0.00030153,0.00102226,0.00030892,0.00000000,0.00000000,0.00000000,0.00000000,0.00000000,0.00642507,0.00000000,0.00000000,0.00000000,0.00000000,0.00000000,0.00000000,0.00714601,0.00000000,0.00000000,0.00000000,0.00000000,0.00000000,0.00000000
2025/1/13,0.00000000,0.00000000,0.00002615,0.00000000,0.00000000,0.00033223,0.00579463,0.00000000,0.00000000,0.00000000,0.00000000,0.00000000,0.00000000,0.00493260,0.00744153,0.00000000,0.00000000,0.00000000,0.00000000,0.00032352,0.01586476,0.00000000,0.00000000,0.00841758,0.00000000,0.00000000,0.00000000,0.00000000,0.00000000,0.00167791,0.01243017,0.01629840,0.00432974,0.00000000,0.00067486,0.00000000,0.00000000,0.00000000,0.00015978,0.00000000,0.02405579,0.00019682,0.04976855,0.01942035,0.00000000,0.00000000,0.00000000,0.00000000,0.00000000,0.00089386,0.00000000,0.00000000,0.01010587,0.00000000,0.00000000,0.00000000,0.00000000,0.00000000,0.00112373,0.01228915,0.00000000,0.00159364,0.00000000,0.00000000,0.00000000,0.00000000,0.00000000,0.01208788,0.00000000,0.00000000,0.00074385,0.00055798,0.00160633,0.00000000,0.00314246,0.00000000,0.00000000,0.00000000,0.00000000,0.00000000,0.00000000,0.00000000,0.00000000,0.00675576,0.00000000,0.00016060,0.00795174,0.00054482,0.03911668,0.00493497,0.00000000,0.03067723,0.05897743,0.01412272,0.00000000,0.00009567,0.00787780,0.00071913,0.00747471,0.00000000,0.00000000,0.00000000,0.00263300,0.00287219,0.00000000,0.00615436,0.00277278,0.00444816,0.00000000,0.00000000,0.01114282,0.00001096,0.00000000,0.00000000,0.00000000,0.00012970,0.00000000,0.00000000,0.00000000,0.00047442,0.00000000,0.00000000,0.00051290,0.00079004,0.00072565,0.00000000,0.00000000,0.00000000,0.00000000,0.00789470,0.00056432,0.00000000,0.00000000,0.00000000,0.00000000,0.00000000,0.00000000,0.02010449,0.00000000,0.00000000,0.00000000,0.00000000,0.00000000,0.00000000
2025/1/14,0.00000000,0.00000000,0.00001232,0.00000000,0.00436027,0.00000000,0.00060974,0.00000000,0.00000000,0.00000000,0.00000000,0.00000000,0.00000000,0.02276109,0.00000000,0.00000000,0.00000000,0.00000000,0.00000000,0.00000000,0.00000000,0.00000000,0.00746208,0.01402973,0.00000000,0.00000000,0.00000000,0.00000000,0.00806619,0.00000000,0.00000000,0.01605329,0.00000000,0.00000000,0.00007800,0.00000000,0.00000000,0.00000000,0.00042223,0.00000000,0.02968315,0.00499214,0.03276827,0.00754109,0.00000000,0.00000000,0.00000000,0.00000000,0.00000000,0.00105995,0.00190273,0.00985152,0.02116391,0.00000000,0.00000000,0.00000000,0.00000000,0.00000000,0.00342352,0.01543333,0.00000000,0.00000000,0.00000000,0.00000000,0.00000000,0.00000000,0.00000000,0.00732384,0.00759953,0.00000000,0.00000000,0.00214725,0.00315328,0.00000000,0.00000000,0.00000000,0.00000000,0.00000000,0.00000000,0.01307034,0.00031102,0.00051703,0.00023160,0.01187540,0.01286271,0.00011946,0.00000000,0.00000000,0.04164972,0.00037935,0.00000000,0.02130075,0.03593066,0.02482081,0.00061874,0.00000000,0.00550964,0.00774309,0.00000000,0.00000000,0.00000000,0.00000000,0.01258138,0.00153517,0.00000000,0.00000000,0.00273499,0.00015369,0.00000000,0.00000000,0.00589922,0.00000000,0.00000000,0.00190566,0.00000000,0.00024265,0.00000000,0.00000000,0.00000000,0.00051150,0.00000000,0.00000000,0.00176844,0.00073106,0.00000000,0.00000000,0.00000000,0.00000000,0.00551663,0.00000000,0.00000000,0.00000000,0.00000000,0.00000000,0.00000000,0.00000000,0.00000000,0.00207373,0.00000000,0.00000000,0.00000000,0.00000000,0.00000000,0.00000000
2025/1/15,0.00000000,0.00000000,0.00018631,0.00000000,0.02490058,0.00000000,0.00000000,0.00000000,0.00000000,0.00000000,0.00000000,0.00000000,0.00000000,0.00533822,0.00000000,0.00000000,0.00000000,0.00000000,0.00000000,0.00000000,0.00317695,0.00252874,0.01954126,0.00660997,0.00000000,0.00000000,0.00000000,0.00000000,0.00580677,0.00170587,0.00887384,0.04157092,0.01428625,0.00369826,0.00062805,0.00000000,0.00000000,0.00000000,0.00000000,0.00432715,0.04226431,0.01359134,0.03418479,0.00967064,0.00000000,0.00000000,0.00000000,0.00000000,0.00000000,0.00225311,0.00000000,0.00008940,0.02129933,0.00000000,0.00000000,0.00000000,0.00000000,0.00000000,0.00843264,0.03082769,0.00047603,0.00319090,0.00000000,0.00000000,0.00000000,0.00000000,0.00000000,0.00250246,0.00423294,0.00801199,0.00000000,0.01587864,0.00856308,0.00000000,0.00000000,0.00000000,0.00000000,0.00000000,0.00000000,0.01251622,0.00052111,0.00328589,0.00680079,0.02129338,0.00244724,0.00003584,0.00000000,0.00037273,0.02786749,0.00508479,0.00000000,0.05150152,0.03041150,0.02945959,0.00105325,0.00183425,0.01105172,0.00154439,0.00157265,0.00000000,0.00000000,0.00495678,0.00077418,0.00000000,0.00366636,0.00041130,0.00657397,0.00000000,0.00000000,0.00000000,0.01122685,0.00000000,0.00000000,0.01085267,0.00000000,0.00032111,0.00000000,0.00000000,0.00000000,0.00077966,0.00342195,0.00000000,0.00185706,0.00033966,0.00000000,0.00000000,0.00000000,0.00000000,0.00973697,0.00000000,0.00000000,0.00000000,0.00000000,0.00000000,0.00000000,0.00000000,0.00000000,0.00000000,0.00000000,0.00000000,0.00000000,0.00000000,0.00000000,0.00000000
2025/1/16,0.00000000,0.00000000,0.00066495,0.00000000,0.00376231,0.00976452,0.00000000,0.00000000,0.00000000,0.00000000,0.00000000,0.00000000,0.00651193,0.00000000,0.00000000,0.00000000,0.00000000,0.00000000,0.00000000,0.00000000,0.00506807,0.01557782,0.00724630,0.00000000,0.00000000,0.00000000,0.00000000,0.00000000,0.00465351,0.00983687,0.00754726,0.01434499,0.01346866,0.00000000,0.00055695,0.00000000,0.00000000,0.00000000,0.00000000,0.00376019,0.03235806,0.01260525,0.07204658,0.00467470,0.00000000,0.00000000,0.00000000,0.00000000,0.00000000,0.00203793,0.00213976,0.00000000,0.02469462,0.00000000,0.00000000,0.00000000,0.00000000,0.00000000,0.00126109,0.00427085,0.00105731,0.00000000,0.00004091,0.00000000,0.00000000,0.00000000,0.00838288,0.00180620,0.00673106,0.01042105,0.00555180,0.00226760,0.00308811,0.00000000,0.00000000,0.00067301,0.00000000,0.00000000,0.00000000,0.00260605,0.00008693,0.01127664,0.00197018,0.02318750,0.00870631,0.00000000,0.00150240,0.00063255,0.03184608,0.00015755,0.00366351,0.03881567,0.03401171,0.04365655,0.00100118,0.00578671,0.02893531,0.00280979,0.00000000,0.00000000,0.00000000,0.01450873,0.00001400,0.00264846,0.00000000,0.00000000,0.00276526,0.00193057,0.00000000,0.00000000,0.01192955,0.01811274,0.00000000,0.00900112,0.00000000,0.00001093,0.00000000,0.00000000,0.00000000,0.00000000,0.03031357,0.00025246,0.00125518,0.00182704,0.00000000,0.00000000,0.00000000,0.00000000,0.00000000,0.00000000,0.00000000,0.00000000,0.00000000,0.00000000,0.00000000,0.00000000,0.00000000,0.00000000,0.00000000,0.00000000,0.00000000,0.00000000,0.00000000,0.00000000
2025/1/17,0.00000000,0.00000000,0.00449089,0.00000000,0.00000000,0.00000000,0.00000000,0.00000000,0.00000000,0.00000000,0.00000000,0.00000000,0.02485999,0.00000000,0.01117589,0.00000000,0.00000000,0.00000000,0.00000000,0.00159089,0.00000000,0.00854359,0.01208584,0.00267112,0.00000000,0.00000000,0.00000000,0.00000000,0.00000000,0.00503488,0.00000000,0.00948424,0.02178324,0.00630841,0.00000000,0.00000000,0.00000000,0.00000000,0.00019745,0.00818003,0.01272914,0.00000000,0.05936895,0.03272300,0.00000000,0.00000000,0.00000000,0.00000000,0.00000000,0.00141527,0.00973222,0.00064905,0.02343838,0.00000000,0.00000000,0.00000000,0.00000000,0.00000000,0.00885621,0.00000000,0.00365924,0.00199701,0.00035446,0.00000000,0.00000000,0.00000000,0.00020328,0.00000000,0.00171541,0.01503094,0.00292144,0.00929647,0.00484136,0.00000000,0.00273764,0.00021169,0.00000000,0.00000000,0.00000000,0.00235932,0.00020321,0.00471527,0.00187663,0.04127180,0.01682514,0.00000000,0.00146287,0.00217289,0.03351478,0.00000000,0.00130180,0.01825729,0.02128669,0.02290318,0.00044749,0.00515491,0.02068155,0.00682681,0.00000000,0.00000000,0.00274131,0.00499903,0.02135807,0.00000000,0.00604004,0.00601019,0.00143210,0.00697070,0.00000000,0.00000000,0.00563949,0.00451047,0.00000000,0.00000000,0.00119528,0.00000000,0.00000000,0.00000000,0.00000000,0.00000000,0.00000000,0.00346944,0.00049455,0.01301949,0.00256757,0.00000000,0.00000000,0.00000000,0.00215983,0.01642968,0.00097336,0.00000000,0.00000000,0.00000000,0.00000000,0.00000000,0.00000000,0.00000000,0.00000000,0.00000000,0.00000000,0.00000000,0.00000000,0.00000000
2025/1/18,0.00000000,0.00000000,0.00003828,0.00000000,0.00000000,0.00000000,0.00147863,0.00000000,0.00000000,0.00000000,0.00000000,0.00000000,0.00708377,0.01753220,0.01973084,0.00000000,0.00000000,0.00000000,0.00000000,0.00865184,0.00108731,0.02163045,0.00715069,0.00000000,0.00000000,0.00000000,0.00000000,0.00000000,0.00682642,0.00645791,0.00150131,0.01600620,0.05751619,0.00999080,0.00000000,0.00000000,0.00000000,0.00000000,0.00030719,0.00132329,0.02981340,0.00615526,0.03219649,0.01804323,0.00000000,0.00000000,0.00000000,0.00000000,0.00000000,0.00028043,0.01192161,0.00468442,0.00696433,0.00000000,0.00000000,0.00000000,0.00000000,0.00000000,0.00000000,0.00000000,0.00000000,0.00184608,0.00057469,0.00000000,0.00000000,0.00000000,0.00000000,0.00325251,0.00000000,0.00438598,0.00336679,0.00000000,0.00346788,0.00000000,0.00000000,0.00107391,0.00000000,0.00000000,0.00139787,0.00231526,0.00000000,0.00117184,0.00256945,0.03042840,0.00478227,0.00000000,0.00006753,0.00235328,0.03902627,0.00462166,0.00818293,0.04715965,0.01452164,0.03361160,0.00030990,0.01443172,0.02372810,0.01446678,0.00074884,0.00000000,0.02186529,0.00435163,0.00268854,0.00000000,0.00000000,0.00000000,0.00000000,0.00199728,0.00000000,0.00000000,0.00422456,0.00291646,0.00628182,0.00000000,0.00350317,0.00000000,0.00000000,0.00000000,0.00000000,0.00000000,0.00000000,0.00792457,0.00000000,0.00064002,0.00434439,0.00000000,0.00000000,0.00000000,0.00351480,0.01158546,0.00037825,0.00000000,0.00000000,0.00000000,0.00000000,0.00000000,0.00000000,0.00160769,0.00000000,0.00000000,0.00000000,0.00000000,0.00000000,0.00000000
2025/1/19,0.00000000,0.00000000,0.00000000,0.00000000,0.00000000,0.00308636,0.00000000,0.00000000,0.00000000,0.00000000,0.00000000,0.00000000,0.00057122,0.02574337,0.01437960,0.00000000,0.00000000,0.00000000,0.00000000,0.00554682,0.00472716,0.01728451,0.01150333,0.00778936,0.00000000,0.00000000,0.00000000,0.00000000,0.00514451,0.00000000,0.01466339,0.03090173,0.04557278,0.02449616,0.00000000,0.00000000,0.00000000,0.00000000,0.00193331,0.00051963,0.03902647,0.01472319,0.00198529,0.00222544,0.00000000,0.00000000,0.00000000,0.00000000,0.00000000,0.00000000,0.00884417,0.00067125,0.04376236,0.00000000,0.00000000,0.00000000,0.00000000,0.00000000,0.00000000,0.01067594,0.00000000,0.01602853,0.00071757,0.00000000,0.00000000,0.00000000,0.00000000,0.02342786,0.01438437,0.00702360,0.00047679,0.00055540,0.01969782,0.00011367,0.00000000,0.00556532,0.00000000,0.00000000,0.00789712,0.00060806,0.00022455,0.00246657,0.00077691,0.02065557,0.00277149,0.00000000,0.00000000,0.00153479,0.02784745,0.01841389,0.00000000,0.03656795,0.03512073,0.01585894,0.00000000,0.00000000,0.03770664,0.00976904,0.00497655,0.00000000,0.02059910,0.00000000,0.00062846,0.00178231,0.00052162,0.00000000,0.00000000,0.00279520,0.00000000,0.00000000,0.00546872,0.01492572,0.01215212,0.01467044,0.00269158,0.00000000,0.00000000,0.00000000,0.00000000,0.00000000,0.00212345,0.00589230,0.00000000,0.00000000,0.00000000,0.00000000,0.00000000,0.00000000,0.00348136,0.00921836,0.00083289,0.00000000,0.00000000,0.00000000,0.00000000,0.00000000,0.00000000,0.00765573,0.00000000,0.00000000,0.00000000,0.00000000,0.00000000,0.00000000
2025/1/20,0.00000000,0.00000000,0.00000000,0.00000000,0.00000000,0.00070787,0.00135401,0.00000000,0.00000000,0.00000000,0.00000000,0.00000000,0.00000000,0.04297035,0.00000000,0.00000000,0.00000000,0.00000000,0.00000000,0.00000000,0.01303502,0.00000000,0.00000000,0.00000000,0.00000000,0.00000000,0.00000000,0.00000000,0.01300452,0.00000000,0.01521090,0.02998397,0.02452727,0.00765993,0.00000000,0.00000000,0.00000000,0.00000000,0.00100438,0.00017406,0.01592736,0.00520417,0.00138467,0.00000000,0.00000000,0.00000000,0.00000000,0.00000000,0.00000000,0.00000000,0.00490611,0.00935819,0.05518658,0.00000000,0.00000000,0.00000000,0.00000000,0.00000000,0.00717285,0.00448092,0.00174550,0.00921077,0.00008547,0.00000000,0.00000000,0.00000000,0.00922282,0.00645956,0.00666944,0.00000000,0.00575556,0.00915130,0.00836811,0.00000000,0.01288668,0.00039450,0.00000000,0.00000000,0.00179527,0.00387763,0.00045443,0.00414472,0.00444341,0.02930766,0.00215762,0.00000000,0.00341018,0.00168382,0.01843270,0.01542293,0.00000000,0.03849783,0.05354559,0.03122051,0.00000000,0.00000000,0.02123292,0.00494618,0.00000000,0.00000000,0.01219478,0.00607258,0.01465218,0.00287614,0.00220622,0.00000000,0.00748099,0.00109797,0.00000000,0.00000000,0.01258067,0.00462440,0.00000000,0.00138867,0.00000000,0.00000000,0.00000000,0.00000000,0.00000000,0.00442946,0.00048731,0.00147148,0.00338262,0.00000000,0.00277464,0.00000000,0.00000000,0.00000000,0.00000000,0.01937728,0.00538714,0.00000000,0.00000000,0.00000000,0.00000000,0.00000000,0.00000000,0.00000000,0.00000000,0.00000000,0.00000000,0.00000000,0.00000000,0.00000000
2025/1/21,0.00000000,0.00000000,0.00000000,0.00000000,0.00000000,0.00028228,0.00000000,0.00000000,0.00000000,0.00000000,0.00000000,0.00000000,0.00000000,0.02392535,0.00598095,0.00000000,0.00000000,0.00000000,0.00000000,0.00000000,0.00424427,0.01735972,0.00000000,0.01279465,0.00000000,0.00000000,0.00000000,0.00000000,0.00643611,0.00000000,0.00148410,0.02239544,0.02139993,0.00507405,0.00000000,0.00000000,0.00000000,0.00005585,0.00073381,0.00000000,0.00876555,0.00357724,0.01751700,0.00819711,0.00000000,0.00000000,0.00000000,0.00000000,0.00000000,0.00360180,0.01827480,0.00034976,0.02003292,0.00000000,0.00000000,0.00000000,0.00000000,0.00000000,0.00101858,0.00017005,0.00076666,0.00000000,0.00000000,0.00000000,0.00000000,0.00000000,0.00030422,0.00745536,0.00660768,0.00000000,0.00288782,0.01095686,0.00064354,0.00000000,0.00290051,0.00000000,0.00000000,0.00000000,0.00000000,0.00303863,0.00043368,0.00086394,0.00959325,0.01475782,0.00047723,0.00000000,0.00553691,0.00183723,0.02574321,0.00944487,0.00000000,0.03484132,0.03756068,0.03032808,0.00000000,0.00000000,0.02250402,0.00064396,0.00000000,0.00000000,0.00000000,0.00496196,0.01736835,0.01646196,0.00219177,0.01245737,0.00263684,0.00146415,0.00000000,0.00000000,0.00741549,0.00000000,0.00079466,0.00000000,0.01600464,0.00000000,0.00000000,0.00000000,0.00000000,0.00000000,0.01637826,0.00342678,0.00000000,0.00095637,0.00000000,0.00000000,0.00000000,0.00000000,0.00112289,0.00241777,0.00176359,0.00000000,0.00000000,0.00000000,0.00000000,0.00000000,0.00000000,0.00000000,0.00000000,0.00000000,0.00000000,0.00000000,0.00000000,0.00000000
2025/1/22,0.00000000,0.00000000,0.00000000,0.00000000,0.00000000,0.00021074,0.00000000,0.00000000,0.00000000,0.00000000,0.00000000,0.00000000,0.00491023,0.00000000,0.03441059,0.00000000,0.00000000,0.00000000,0.00000000,0.00008265,0.00179181,0.02961135,0.00000000,0.00000000,0.00000000,0.00000000,0.00000000,0.00000000,0.00739535,0.01476622,0.00000000,0.02448884,0.00817459,0.00000000,0.00000000,0.00000000,0.00000000,0.00013064,0.00065641,0.00038716,0.00000000,0.01033669,0.01798257,0.02225635,0.00000000,0.00000000,0.00000000,0.00000000,0.00000000,0.00000000,0.02607427,0.00028011,0.02483404,0.00000000,0.00000000,0.00000000,0.00000000,0.00000000,0.00000000,0.00017654,0.00000000,0.00234648,0.00000000,0.00000000,0.00000000,0.00000000,0.00029662,0.00316240,0.00000000,0.00000000,0.00270228,0.00421368,0.00000000,0.00000000,0.00138789,0.00000000,0.00000000,0.00000000,0.00000000,0.00320490,0.00067511,0.01517555,0.00000000,0.01196521,0.01118392,0.00002270,0.00000000,0.00168344,0.00250985,0.01981279,0.00379941,0.06681124,0.04387491,0.01471935,0.00542564,0.01513446,0.01943701,0.00033812,0.00000000,0.00000000,0.00208705,0.00736191,0.01650934,0.01458828,0.00256243,0.00087300,0.00431347,0.00476293,0.00000000,0.00000000,0.00636620,0.01788398,0.00000000,0.00000000,0.01046216,0.00000000,0.00000000,0.00000000,0.00000000,0.00000000,0.00000000,0.01297829,0.00297110,0.00226025,0.00000000,0.00000000,0.00000000,0.00000000,0.00182318,0.00000000,0.00034572,0.00000000,0.00000000,0.00000000,0.00000000,0.00000000,0.00000000,0.00000000,0.00000000,0.00000000,0.00000000,0.00000000,0.00000000,0.00000000
2025/1/23,0.00000000,0.00000330,0.00003258,0.00000000,0.00000000,0.00000000,0.00142367,0.00000000,0.00000000,0.00000000,0.00000000,0.00000000,0.00000000,0.00000000,0.02252808,0.00000330,0.00000000,0.00000000,0.00000000,0.00151161,0.01084250,0.02445047,0.00311028,0.00000000,0.00000330,0.00000000,0.00000000,0.00000000,0.00512836,0.00000000,0.00000000,0.03867403,0.00000000,0.00000000,0.00000000,0.00000000,0.00000000,0.00000000,0.00032081,0.00530208,0.00940013,0.02414881,0.03353472,0.01603357,0.00000000,0.00000000,0.00000000,0.00000000,0.00000000,0.00000000,0.00386961,0.00193069,0.06314498,0.00000000,0.00000000,0.00000000,0.00000000,0.00000330,0.00020225,0.00787865,0.00032048,0.00452439,0.00419157,0.00000000,0.00000330,0.00000000,0.00138091,0.00198915,0.00633951,0.00289612,0.00000000,0.00064540,0.00000000,0.00000000,0.00019198,0.00087060,0.00000330,0.00000330,0.00546161,0.00000000,0.00068267,0.00113742,0.00000000,0.01133240,0.00167669,0.00055387,0.00000000,0.00059702,0.00000000,0.00550899,0.00795824,0.04096413,0.03749323,0.01015511,0.00000000,0.00000000,0.00934745,0.00610604,0.00548624,0.00000000,0.00057630,0.00657272,0.01495638,0.00259103,0.00822911,0.00000000,0.00000000,0.00062394,0.00000000,0.00000000,0.01151180,0.00000000,0.00000000,0.00000000,0.00559913,0.00000000,0.00000000,0.00000000,0.00000000,0.00000000,0.00000000,0.00259004,0.00000000,0.01119551,0.00000000,0.00000000,0.00000000,0.00000000,0.00145248,0.00000000,0.00005908,0.00000000,0.00000000,0.00000000,0.00000000,0.00000000,0.00000000,0.00649365,0.00000000,0.00000000,0.00000000,0.00000000,0.00000000,0.00000000
2025/1/24,0.00000000,0.00000435,0.00000000,0.00000000,0.00520744,0.00588130,0.00468543,0.00000000,0.00000000,0.00000000,0.00000000,0.00058738,0.00001431,0.01090052,0.00000000,0.00000435,0.00000000,0.00000000,0.00000000,0.00136346,0.00052552,0.01173997,0.00664379,0.00000000,0.00000435,0.00000000,0.00000000,0.00000000,0.00313500,0.00000000,0.00347346,0.04201982,0.00034660,0.00157502,0.00000000,0.00000000,0.00000000,0.00000000,0.00000000,0.00277584,0.00000000,0.00660083,0.02586958,0.00064903,0.00000000,0.00000000,0.00000000,0.00000000,0.00000000,0.00000000,0.00000000,0.00135174,0.02220414,0.00000000,0.00000000,0.00000000,0.00000000,0.00000435,0.00203131,0.00000000,0.00079665,0.00000000,0.00000000,0.00000000,0.00000435,0.00000000,0.00184919,0.00424350,0.02136893,0.00000000,0.00000000,0.00097910,0.00000000,0.00330806,0.00000000,0.00661130,0.00000435,0.00000435,0.01989373,0.00000000,0.00000000,0.00215918,0.00081430,0.02017171,0.00000000,0.00094768,0.00069100,0.00000000,0.01074180,0.00143535,0.00000000,0.02054372,0.02762471,0.01993161,0.00000000,0.00000000,0.01191507,0.00125944,0.00954793,0.00000000,0.00000000,0.00000000,0.01435796,0.00795801,0.00080224,0.00000000,0.00844787,0.00000000,0.00000000,0.00000000,0.01127894,0.00297600,0.00000000,0.00621818,0.00000000,0.00295421,0.00000000,0.00000000,0.00000000,0.00000000,0.00250272,0.00036417,0.00000000,0.00263660,0.00538339,0.00000000,0.00000000,0.00000000,0.00271701,0.00582653,0.00070365,0.00000000,0.00000000,0.00000000,0.00000000,0.00000000,0.00000000,0.00113552,0.00000000,0.00000000,0.00000000,0.00000000,0.00000000,0.00000000
2025/1/25,0.00000000,0.00002369,0.00000000,0.00000000,0.00841490,0.00011796,0.00102597,0.00000000,0.00000000,0.00000000,0.00000000,0.00704402,0.00034180,0.00000000,0.00000000,0.00002369,0.00000000,0.00000000,0.00000000,0.00022179,0.00000000,0.02234911,0.00000000,0.00000000,0.00002369,0.00000000,0.00000000,0.00000000,0.00000000,0.00000000,0.00000000,0.05782006,0.00659455,0.00107385,0.00000000,0.00000000,0.00000000,0.00000000,0.00000000,0.00000000,0.00000000,0.02124119,0.01965227,0.00574816,0.00000000,0.00000000,0.00000000,0.00000000,0.00000000,0.00368165,0.01347296,0.00105450,0.00741436,0.00000000,0.00000000,0.00000000,0.00000000,0.00002369,0.00598855,0.00000000,0.00000000,0.00667961,0.00000000,0.00000000,0.00002369,0.00000000,0.00208354,0.00853127,0.02638498,0.00000000,0.00000000,0.00006211,0.00020310,0.00000000,0.00000000,0.00060748,0.00002369,0.00002369,0.00825005,0.00000000,0.00000000,0.00319612,0.00115446,0.01359560,0.00000000,0.00123868,0.00179518,0.00010892,0.03707952,0.00368092,0.00000000,0.05528774,0.01637709,0.02219508,0.00000000,0.00815332,0.00483669,0.00175739,0.01151878,0.00000000,0.00000000,0.00000000,0.00585060,0.01663468,0.00054046,0.00481501,0.00000000,0.00000000,0.00000000,0.00000000,0.01074075,0.00678972,0.00280607,0.00000000,0.00000000,0.01764227,0.00000000,0.00000000,0.00000000,0.00066035,0.00127561,0.00000000,0.00101217,0.00591580,0.00429518,0.00000000,0.00000000,0.00000000,0.00216369,0.01021529,0.00186729,0.00000000,0.00000000,0.00000000,0.00000000,0.00000000,0.00000000,0.00057186,0.00000000,0.00000000,0.00000000,0.00000000,0.00000000,0.00000000
2025/1/26,0.00000000,0.00000000,0.00000000,0.00000000,0.00000165,0.00000000,0.00345800,0.00000000,0.00000000,0.00000000,0.00000000,0.00060412,0.00382214,0.00000000,0.00000000,0.00000000,0.00000000,0.00000000,0.00000000,0.00066264,0.00896492,0.01317664,0.00000000,0.00939742,0.00000000,0.00000000,0.00000000,0.00000000,0.00000000,0.00000000,0.00000000,0.03632719,0.02955514,0.00401957,0.00003582,0.00000000,0.00000000,0.00000000,0.00325114,0.00000000,0.00000000,0.02403061,0.02874990,0.01779293,0.00000000,0.00000000,0.00000000,0.00000000,0.00000000,0.01845130,0.00913195,0.00176680,0.02476901,0.00000000,0.00000000,0.00000000,0.00000000,0.00000000,0.00346264,0.00000000,0.00000000,0.00000000,0.00000000,0.00000000,0.00000000,0.00000000,0.00117807,0.01430255,0.01663364,0.00000000,0.00178620,0.00100748,0.00603940,0.00000000,0.00065349,0.00000000,0.00000000,0.00000000,0.00361850,0.00102861,0.00000000,0.01099572,0.00051653,0.00758305,0.00000000,0.00222114,0.00162360,0.00506035,0.06322277,0.00947212,0.00000000,0.03558805,0.02282740,0.01270003,0.00066436,0.03483303,0.01291159,0.00132105,0.00000000,0.00000000,0.00000000,0.00156461,0.00000000,0.00334321,0.00026396,0.00532031,0.00000000,0.00090036,0.00000000,0.00000000,0.01361625,0.01349196,0.00000000,0.00000000,0.00094402,0.00772358,0.00000000,0.00000000,0.00000000,0.00101557,0.02394573,0.00101364,0.00134110,0.00182579,0.00227054,0.00000000,0.00000000,0.00000000,0.00083156,0.00159648,0.00201888,0.00000000,0.00000000,0.00000000,0.00000000,0.00000000,0.00000000,0.00065079,0.00000000,0.00000000,0.00000000,0.00000000,0.00000000,0.00000000
2025/1/27,0.00000000,0.00000936,0.00005555,0.00000000,0.00000000,0.00000000,0.00246828,0.00000000,0.00000000,0.00000000,0.00000000,0.00000000,0.00000000,0.02846462,0.00000000,0.00000936,0.00000000,0.00000000,0.00000000,0.00522850,0.00613279,0.01328577,0.00000000,0.01451150,0.00000936,0.00000000,0.00000000,0.00000000,0.01210451,0.00000000,0.00169555,0.02011803,0.00420655,0.00000000,0.00269719,0.00000000,0.00000000,0.00377771,0.00171738,0.00400192,0.01269056,0.01626141,0.02311461,0.00719651,0.00000000,0.00000000,0.00000000,0.00000000,0.00000000,0.00907281,0.00000000,0.00000000,0.00000000,0.00000000,0.00000000,0.00000000,0.00000000,0.00000936,0.00386734,0.00000000,0.00000000,0.00000000,0.00045679,0.00000000,0.00000936,0.00000000,0.00043399,0.00030927,0.00000000,0.00000000,0.00000000,0.00000000,0.00504776,0.00009190,0.02450578,0.00000000,0.00000936,0.00000936,0.00000000,0.00731712,0.00034512,0.00795035,0.00000000,0.03797641,0.01005595,0.00746408,0.00000000,0.00117058,0.03068123,0.00396807,0.00000000,0.02839919,0.03399426,0.01430586,0.00133022,0.02024652,0.03217184,0.00296004,0.00000000,0.00000000,0.01367573,0.00914182,0.00327682,0.00175566,0.00209315,0.00526055,0.00141506,0.00448536,0.00000000,0.00000000,0.02995646,0.00000000,0.00000000,0.00023229,0.00952855,0.00029602,0.00000000,0.00000000,0.00000000,0.00185267,0.00665664,0.00646652,0.00118889,0.00325051,0.00440600,0.00000000,0.00000000,0.00000000,0.00173872,0.00000000,0.00156486,0.00000000,0.00000000,0.00000000,0.00000000,0.00000000,0.00000000,0.00084606,0.00000000,0.00000000,0.00000000,0.00000000,0.00000000,0.00000000
2025/1/28,0.00000000,0.00001261,0.00016844,0.00000000,0.00526853,0.00000000,0.00856953,0.00000000,0.00000000,0.00000000,0.00000000,0.00000000,0.00000000,0.02809796,0.00000000,0.00001261,0.00000000,0.00000000,0.00000000,0.00010290,0.00966297,0.03371473,0.00053389,0.01742170,0.00001261,0.00000000,0.00000000,0.00000000,0.00000000,0.00744355,0.00000000,0.01956812,0.02978027,0.00702515,0.00886151,0.00000000,0.00000000,0.00000000,0.00000000,0.00152269,0.00899217,0.01149019,0.02218879,0.01259219,0.00000000,0.00000000,0.00000000,0.00000000,0.00000000,0.01099449,0.00000000,0.00000000,0.00000000,0.00000000,0.00000000,0.00000000,0.00000000,0.00001261,0.00658248,0.00543505,0.01108794,0.00289882,0.00043927,0.00000000,0.00001261,0.00000000,0.00000000,0.00000000,0.00000000,0.00657969,0.00129773,0.00000000,0.00000000,0.00031513,0.00219409,0.00000000,0.00001261,0.00001261,0.00598836,0.00116758,0.00781947,0.00000000,0.00399035,0.03926090,0.00000000,0.00242766,0.00000000,0.00125275,0.03298444,0.00000000,0.00325355,0.05472045,0.01811614,0.01995848,0.00105937,0.00456684,0.03477308,0.00000000,0.00183791,0.00000000,0.00700721,0.01638282,0.00388117,0.00276483,0.00433483,0.00568963,0.00199493,0.00155311,0.00000000,0.00000000,0.01785579,0.00668967,0.00957101,0.00205678,0.00000000,0.00000000,0.00000000,0.00000000,0.00000000,0.00195264,0.00028094,0.00407744,0.00048662,0.00404466,0.00965397,0.00000000,0.00000000,0.00000000,0.00693926,0.00107799,0.00059925,0.00000000,0.00000000,0.00000000,0.00000000,0.00000000,0.00000000,0.00158417,0.00000000,0.00000000,0.00000000,0.00000000,0.00000000,0.00000000
2025/1/29,0.00000000,0.00001534,0.00016045,0.00000000,0.00230099,0.00000000,0.00226044,0.00000000,0.00000000,0.00000000,0.00000000,0.00000000,0.00782915,0.00000000,0.01561649,0.00001534,0.00000000,0.00000000,0.00000000,0.00000000,0.00885207,0.01442673,0.00000000,0.00000000,0.00001534,0.00000000,0.00000000,0.00000000,0.00234007,0.00206282,0.00000000,0.02726215,0.01624058,0.00000000,0.00431909,0.00000000,0.00000000,0.00000000,0.00000000,0.00190272,0.01700833,0.00000000,0.02536442,0.01590866,0.00000000,0.00000000,0.00000000,0.00000000,0.00000000,0.00184502,0.00000000,0.00692019,0.02362295,0.00000000,0.00000000,0.00000000,0.00000000,0.00001534,0.01382061,0.00728231,0.00555161,0.00815510,0.00055012,0.00000000,0.00001534,0.00000000,0.00008473,0.00893804,0.00838339,0.00000000,0.00371514,0.00000000,0.00000000,0.00057972,0.00000000,0.00085345,0.00001534,0.00001534,0.00000000,0.00088660,0.00043559,0.00000000,0.00000000,0.02448612,0.00000000,0.00147333,0.00000000,0.00257525,0.04627892,0.00000000,0.01457693,0.03639068,0.03395952,0.01280778,0.00076492,0.00000000,0.01844026,0.00000000,0.00445151,0.00000000,0.00000000,0.00946664,0.00119950,0.00211213,0.01576385,0.00706726,0.00162138,0.00083370,0.00000000,0.00000000,0.01239322,0.01583097,0.00000000,0.00635989,0.00000000,0.00000000,0.00000000,0.00000000,0.00000000,0.00143659,0.01813279,0.00421777,0.00341736,0.00557046,0.00171329,0.00000000,0.00000000,0.00000000,0.00227396,0.00762702,0.00518111,0.00000000,0.00000000,0.00000000,0.00000000,0.00000000,0.00000000,0.00269791,0.00000000,0.00000000,0.00000000,0.00000000,0.00000000,0.00000000
2025/1/30,0.00000000,0.00000710,0.00012396,0.00000000,0.00000000,0.00102447,0.00000000,0.00000000,0.00000000,0.00000000,0.00000000,0.00109956,0.00000000,0.01376283,0.01285056,0.00000710,0.00000000,0.00000000,0.00000000,0.00242625,0.00772341,0.00287805,0.00589611,0.00317487,0.00000710,0.00000000,0.00000000,0.00000000,0.00815350,0.00000000,0.01425336,0.01204973,0.00380418,0.00086103,0.00735789,0.00000000,0.00000000,0.00010449,0.00000000,0.00256747,0.01951822,0.00000000,0.03596122,0.00193908,0.00000000,0.00000000,0.00000000,0.00000000,0.00000000,0.00085081,0.00034464,0.00817865,0.01488239,0.00000000,0.00000000,0.00000000,0.00000000,0.00000710,0.00686588,0.00287712,0.00000000,0.01551431,0.00000000,0.00000000,0.00000710,0.00000000,0.00000000,0.01726784,0.00813789,0.00000000,0.00257529,0.00139244,0.00345450,0.00056775,0.00000000,0.00068064,0.00000710,0.00000710,0.00000000,0.00325991,0.00000000,0.00000000,0.00000000,0.03027875,0.00224077,0.00109345,0.01081786,0.00794059,0.03747408,0.00334032,0.00163946,0.03790021,0.04924640,0.02262999,0.00035779,0.00310839,0.01024613,0.01660169,0.00267657,0.00000000,0.00000000,0.01200425,0.00799702,0.00222386,0.00843686,0.00720747,0.00037282,0.00588120,0.00000000,0.00000000,0.00883198,0.00754974,0.00000000,0.00504556,0.00000000,0.00000000,0.00000000,0.00000000,0.00000000,0.00000000,0.00753587,0.00000000,0.00060018,0.00060676,0.00109954,0.00000000,0.00000000,0.00000000,0.00100859,0.00918715,0.00000000,0.00000000,0.00000000,0.00000000,0.00000000,0.00000000,0.00000000,0.00220604,0.00000000,0.00000000,0.00000000,0.00000000,0.00000000,0.00000000
2025/1/31,0.00000000,0.00000853,0.00023131,0.00000000,0.00571449,0.00521103,0.00000000,0.00000000,0.00000000,0.00000000,0.00000000,0.00705864,0.00711841,0.00977050,0.01602984,0.00000853,0.00000000,0.00000000,0.00000000,0.00484240,0.01810757,0.00000000,0.00192207,0.00354224,0.00000853,0.00000000,0.00000000,0.00000000,0.00909901,0.00000000,0.01096461,0.02035960,0.00820396,0.00395134,0.02119024,0.00000000,0.00000000,0.00042079,0.00113827,0.00173621,0.01956875,0.00000000,0.01251331,0.00951872,0.00000000,0.00000000,0.00000000,0.00000000,0.00000000,0.00858946,0.00000000,0.00149524,0.00000000,0.00000000,0.00000000,0.00000000,0.00000000,0.00000853,0.00336621,0.00000000,0.00000000,0.00705726,0.00000000,0.00000000,0.00000853,0.00000000,0.00378741,0.01294625,0.00000000,0.00792123,0.00472718,0.00229284,0.01187930,0.00031245,0.00012168,0.00002771,0.00000853,0.00000853,0.00258879,0.00521769,0.00000000,0.01450093,0.00000000,0.02529783,0.00192924,0.00037738,0.00120922,0.00220226,0.04124633,0.00279221,0.00000000,0.02807584,0.05200993,0.05074255,0.00027135,0.00112052,0.00205981,0.00220119,0.00000311,0.00000000,0.00340811,0.01052074,0.00697428,0.00847007,0.00558674,0.00000000,0.00186772,0.00538476,0.00000000,0.00000000,0.00882288,0.00624696,0.00000000,0.00596738,0.00437863,0.00001500,0.00000000,0.00000000,0.00000000,0.00002413,0.00761044,0.00000000,0.00016621,0.00229120,0.01078387,0.00000000,0.00000000,0.00000000,0.00050870,0.01085482,0.00000000,0.00000000,0.00000000,0.00000000,0.00000000,0.00000000,0.00000000,0.00211898,0.00000000,0.00000000,0.00000000,0.00000000,0.00000000,0.00000000
2025/2/1,0.00000000,0.00001099,0.00003074,0.00000000,0.00000000,0.00000000,0.00000000,0.00000000,0.00000000,0.00000000,0.00000000,0.00036306,0.00250572,0.00280278,0.04525857,0.00001099,0.00000000,0.00000000,0.00000000,0.00802674,0.01625612,0.00000000,0.00306334,0.00000000,0.00001099,0.00000000,0.00000000,0.00000000,0.00810766,0.00000000,0.01655271,0.00040307,0.01065559,0.00348995,0.00585958,0.00000000,0.00000000,0.00079780,0.00551481,0.00363747,0.01335886,0.00361556,0.01589739,0.00744641,0.00000000,0.00000000,0.00000000,0.00000000,0.00000000,0.00131205,0.00246562,0.00278955,0.00702249,0.00000000,0.00000000,0.00000000,0.00000000,0.00001099,0.00303953,0.00000000,0.00000000,0.02213428,0.00010975,0.00000000,0.00001099,0.00000000,0.00076448,0.00000000,0.00000000,0.00000000,0.00000000,0.00592385,0.00604779,0.00001858,0.00008386,0.00000000,0.00001099,0.00001099,0.01148327,0.01849767,0.00000000,0.00270357,0.01686416,0.01230500,0.00774446,0.00000000,0.00000000,0.00612455,0.03737038,0.01381146,0.00000000,0.05600851,0.04070012,0.02646619,0.00090082,0.00150174,0.00726965,0.00996120,0.00000000,0.00000000,0.00373010,0.00337739,0.01198071,0.00762814,0.00807365,0.00039567,0.00300367,0.00000000,0.00000000,0.00000000,0.01341566,0.00910467,0.00000000,0.00000000,0.00000000,0.00000000,0.00000000,0.00000000,0.00000000,0.00711918,0.00562740,0.00288867,0.00047939,0.01404226,0.00000000,0.00000000,0.00000000,0.00000000,0.00096503,0.01039085,0.00419569,0.00000000,0.00000000,0.00000000,0.00000000,0.00000000,0.00000000,0.00256159,0.00000000,0.00000000,0.00000000,0.00000000,0.00000000,0.00000000
2025/2/2,0.00000000,0.00002377,0.00034538,0.00000000,0.00000000,0.00000000,0.00028677,0.00000000,0.00000000,0.00000000,0.00000000,0.00000000,0.00000000,0.00000000,0.00486988,0.00002377,0.00000000,0.00000000,0.00000000,0.00122310,0.01055357,0.00908938,0.00000000,0.00000000,0.00002377,0.00000000,0.00000000,0.00000000,0.00573498,0.00643285,0.00959167,0.00000000,0.00000000,0.00190723,0.00000000,0.00000000,0.00000000,0.00111835,0.00031776,0.00262396,0.01226966,0.00084025,0.04566176,0.00000000,0.00000000,0.00000000,0.00000000,0.00000000,0.00000000,0.00841423,0.02158482,0.00772358,0.01549827,0.00000000,0.00000000,0.00000000,0.00000000,0.00002377,0.00759181,0.00000000,0.00096436,0.01278631,0.00038615,0.00000000,0.00002377,0.00000000,0.00000000,0.00000000,0.00000000,0.00854312,0.00000000,0.00000000,0.00510776,0.00009697,0.00000000,0.00000000,0.00002377,0.00002377,0.01138210,0.00758433,0.00070591,0.00000000,0.00214171,0.01111159,0.00000000,0.00000000,0.00138124,0.00000000,0.05411803,0.00673756,0.00000000,0.04061575,0.03240507,0.01119804,0.00528970,0.00000000,0.00000000,0.01785740,0.00150287,0.00000000,0.01461729,0.00000000,0.02315844,0.00000000,0.00000000,0.00000000,0.00013973,0.00008204,0.00000000,0.00000000,0.02123665,0.00337313,0.00484655,0.00000000,0.01857933,0.00000309,0.00000000,0.00000000,0.00000000,0.00000000,0.00000000,0.00000000,0.00102323,0.00217541,0.00000000,0.00000000,0.00000000,0.00000000,0.00160810,0.00493780,0.00000000,0.00000000,0.00000000,0.00000000,0.00000000,0.00000000,0.00000000,0.00216372,0.00000000,0.00000000,0.00000000,0.00000000,0.00000000,0.00000000
2025/2/3,0.00000000,0.00000039,0.00011312,0.00000000,0.00410916,0.00000000,0.00000000,0.00000000,0.00000000,0.00000000,0.00000000,0.00000000,0.00101671,0.01283002,0.00000000,0.00000039,0.00000000,0.00000000,0.00000000,0.00000000,0.00451538,0.00479811,0.00003053,0.00000000,0.00000039,0.00000000,0.00000000,0.00000000,0.00654713,0.00030853,0.00000000,0.01077220,0.02165514,0.00297958,0.00000000,0.00000000,0.00000000,0.00011908,0.00000000,0.00252331,0.01052288,0.00944220,0.05183139,0.00994065,0.00000000,0.00000000,0.00000000,0.00000000,0.00000000,0.00000000,0.01992421,0.01501200,0.01597234,0.00000000,0.00000000,0.00000000,0.00000000,0.00000039,0.00122494,0.00477216,0.00108439,0.01471088,0.00000000,0.00000000,0.00000039,0.00000000,0.00011893,0.00566152,0.00000000,0.01533649,0.00360710,0.00000000,0.00203666,0.00000000,0.00000000,0.00000000,0.00000039,0.00000039,0.00235223,0.00011934,0.00093570,0.00000000,0.01000063,0.02818896,0.00000000,0.00000000,0.00151994,0.00152704,0.05976138,0.00000000,0.00000000,0.05229712,0.05039918,0.02279749,0.00024703,0.00244161,0.00095976,0.00213270,0.00095262,0.00000000,0.00000000,0.00000000,0.00702164,0.00038271,0.00000000,0.00798046,0.00000000,0.00533546,0.00000000,0.00000000,0.02937504,0.00170167,0.00315388,0.00000000,0.00948574,0.00000000,0.00000000,0.00000000,0.00000000,0.00000000,0.00000000,0.00914577,0.00106782,0.00000000,0.00000000,0.00000000,0.00000000,0.00000000,0.00148934,0.00956619,0.00394299,0.00000000,0.00000000,0.00000000,0.00000000,0.00000000,0.00000000,0.00000000,0.00000000,0.00000000,0.00000000,0.00000000,0.00000000,0.00000000
2025/2/4,0.00000000,0.00000114,0.00020392,0.00000000,0.01247683,0.00000000,0.00000000,0.00000000,0.00000000,0.00000000,0.00000000,0.00000000,0.00000000,0.03773816,0.00000000,0.00000114,0.00000000,0.00000000,0.00000000,0.00000000,0.00125333,0.00000000,0.00000000,0.00000000,0.00000114,0.00000000,0.00000000,0.00000000,0.00000000,0.00000000,0.00416422,0.00039067,0.00000000,0.02240810,0.00000000,0.00000000,0.00000000,0.00000000,0.00000000,0.00403373,0.00000000,0.02375503,0.05722787,0.00000000,0.00000000,0.00000000,0.00000000,0.00000000,0.00000000,0.00000000,0.02423250,0.00745797,0.04209372,0.00000000,0.00000000,0.00000000,0.00000000,0.00000114,0.00000000,0.01353455,0.00117267,0.00000000,0.00000000,0.00000000,0.00000114,0.00000000,0.00013621,0.01433756,0.00083309,0.01766755,0.00164639,0.00000000,0.00000607,0.00000000,0.00000000,0.00000000,0.00000114,0.00000114,0.00801133,0.00691697,0.00077687,0.00000000,0.00000000,0.03968921,0.00019892,0.00000000,0.00035663,0.00000000,0.02814335,0.00521578,0.01181638,0.01311596,0.03279882,0.02376992,0.00000000,0.00000000,0.01244380,0.00000000,0.00064057,0.00000000,0.00245275,0.00000000,0.00000000,0.00712523,0.00477175,0.00000000,0.00034212,0.00000000,0.00000000,0.00000000,0.01289851,0.00000000,0.00000000,0.00000000,0.00733724,0.00007826,0.00000000,0.00000000,0.00000000,0.00021526,0.01400737,0.02300710,0.00084614,0.00084769,0.00043287,0.00000000,0.00000000,0.00000000,0.00122725,0.00301859,0.00000000,0.00000000,0.00000000,0.00000000,0.00000000,0.00000000,0.00000000,0.00000000,0.00000000,0.00000000,0.00000000,0.00000000,0.00000000,0.00000000
2025/2/5,0.00000000,0.00000079,0.00009948,0.00000000,0.00000000,0.00031609,0.00000000,0.00000000,0.00000000,0.00000000,0.00000000,0.00000000,0.00480061,0.01994944,0.00000000,0.00000079,0.00000000,0.00000000,0.00000000,0.00000000,0.00569464,0.00214574,0.00000000,0.00000000,0.00000079,0.00000000,0.00000000,0.00000000,0.00000000,0.00041780,0.00000000,0.00665293,0.00495451,0.00821238,0.00000000,0.00000000,0.00000000,0.00000000,0.00014490,0.00150697,0.00000000,0.00630932,0.05643287,0.00639738,0.00000000,0.00000000,0.00000000,0.00000000,0.00000000,0.00049322,0.00833991,0.00134288,0.02442559,0.00000000,0.00000000,0.00000000,0.00000000,0.00000079,0.00000000,0.00778906,0.00075342,0.00000000,0.00000000,0.00000000,0.00000079,0.00000000,0.00000000,0.01845497,0.00000000,0.00000000,0.01048850,0.00000000,0.00044295,0.00000000,0.00000000,0.00000000,0.00000079,0.00000079,0.00929247,0.00000000,0.00015038,0.00000000,0.00000000,0.03043443,0.00000000,0.00000000,0.00073833,0.01120370,0.03183678,0.00000000,0.00000000,0.03396249,0.03551797,0.00682425,0.00000000,0.00153975,0.01705718,0.00000000,0.00227209,0.00000000,0.00674770,0.00098696,0.00000000,0.00049028,0.00064334,0.00000000,0.00061111,0.00000000,0.00000000,0.00000000,0.00851951,0.00000000,0.00093807,0.00000000,0.00978930,0.00020801,0.00000000,0.00000000,0.00000000,0.00017739,0.00648463,0.02468290,0.00071648,0.00174217,0.00108675,0.00000000,0.00000000,0.00000000,0.00000000,0.00273156,0.00436284,0.00000000,0.00000000,0.00000000,0.00000000,0.00000000,0.00000000,0.00444976,0.00000000,0.00000000,0.00000000,0.00000000,0.00000000,0.00000000
2025/2/6,0.00000000,0.00000912,0.00000000,0.00000000,0.00000000,0.00000000,0.00338895,0.00000000,0.00000000,0.00000000,0.00000000,0.00000000,0.00000000,0.01270855,0.00869972,0.00000912,0.00000000,0.00000000,0.00000000,0.00000000,0.01102941,0.00000000,0.00000000,0.00503379,0.00000912,0.00000000,0.00000000,0.00000000,0.00000000,0.00288909,0.00949032,0.01946248,0.00000000,0.00000000,0.00000000,0.00000000,0.00000000,0.00000000,0.00003641,0.00000000,0.00567744,0.01006722,0.05177341,0.01587320,0.00000000,0.00000000,0.00000000,0.00000000,0.00000000,0.00339351,0.00248445,0.00000000,0.01145358,0.00000000,0.00000000,0.00000000,0.00000000,0.00000912,0.00000000,0.01204054,0.00049739,0.00000000,0.00000000,0.00000000,0.00000912,0.00000000,0.00000000,0.01912675,0.00000000,0.00000000,0.00850595,0.00000000,0.00000000,0.00000053,0.00564424,0.00000000,0.00000912,0.00000912,0.00000000,0.00000000,0.00062365,0.00000000,0.00000000,0.00792420,0.00226507,0.00000000,0.01009265,0.00147916,0.03093905,0.00188441,0.00000000,0.02008083,0.04443898,0.01404532,0.00000000,0.00279440,0.00745948,0.00000000,0.00990711,0.00000000,0.00000000,0.00000000,0.00000000,0.00011394,0.00000000,0.00409646,0.00173493,0.00460698,0.00000000,0.00000000,0.01292984,0.00000000,0.00000000,0.00000000,0.00000000,0.00047746,0.00000000,0.00000000,0.00000000,0.00000000,0.00000000,0.01076590,0.00032240,0.00236362,0.00094677,0.00000000,0.00000000,0.00000000,0.00000000,0.01119777,0.00055876,0.00000000,0.00000000,0.00000000,0.00000000,0.00000000,0.00000000,0.01566418,0.00000000,0.00000000,0.00000000,0.00000000,0.00000000,0.00000000
2025/2/7,0.00000000,0.00001539,0.00000000,0.00000000,0.00530931,0.00000000,0.00000000,0.00000000,0.00000000,0.00000000,0.00000000,0.00000000,0.00000000,0.03146210,0.00000000,0.00001539,0.00000000,0.00000000,0.00000000,0.00000000,0.00000000,0.00000000,0.00000000,0.01237433,0.00001539,0.00000000,0.00000000,0.00000000,0.01201156,0.00000000,0.00000000,0.01780317,0.00000000,0.00000000,0.00000000,0.00000000,0.00000000,0.00000000,0.00062753,0.00000000,0.00961338,0.01259736,0.03042350,0.00213459,0.00000000,0.00000000,0.00000000,0.00000000,0.00000000,0.00376064,0.00343436,0.00841254,0.01864491,0.00000000,0.00000000,0.00000000,0.00000000,0.00001539,0.00000000,0.01271678,0.00068051,0.00071530,0.00000000,0.00000000,0.00001539,0.00000000,0.00000000,0.01419976,0.01520667,0.00000000,0.00152092,0.00035302,0.00000000,0.00017781,0.00092476,0.00000000,0.00001539,0.00001539,0.00000000,0.01185685,0.00066117,0.00177821,0.00000000,0.01145175,0.01585650,0.00000000,0.00084566,0.00168352,0.04043213,0.00000000,0.00167091,0.01893043,0.03189966,0.02752836,0.00042302,0.00111186,0.01355937,0.00783480,0.00107195,0.00000000,0.00000000,0.00000000,0.00521720,0.00147558,0.00047769,0.00000000,0.00045698,0.00000000,0.00000000,0.00000000,0.00483978,0.00000000,0.00000000,0.00405135,0.00000000,0.00055439,0.00000000,0.00000000,0.00000000,0.00000000,0.00227884,0.00794463,0.00094993,0.00270063,0.00009136,0.00000000,0.00000000,0.00000000,0.00652166,0.00000000,0.00109268,0.00000000,0.00000000,0.00000000,0.00000000,0.00000000,0.00000000,0.00000000,0.00000000,0.00000000,0.00000000,0.00000000,0.00000000,0.00000000
2025/2/8,0.00000000,0.00003002,0.00001349,0.00000000,0.02639668,0.00000000,0.00000000,0.00000000,0.00000000,0.00000000,0.00000000,0.00000000,0.00000000,0.01491139,0.00189984,0.00003002,0.00000000,0.00000000,0.00000000,0.00000000,0.00655504,0.00021737,0.00716360,0.00809579,0.00003002,0.00000000,0.00000000,0.00000000,0.01071167,0.00000000,0.01312605,0.04062762,0.01507564,0.00774986,0.00000000,0.00000000,0.00000000,0.00000000,0.00003670,0.00388884,0.02533889,0.02062493,0.02571331,0.00339269,0.00000000,0.00000000,0.00000000,0.00000000,0.00000000,0.00452198,0.00000000,0.00000000,0.01923888,0.00000000,0.00000000,0.00000000,0.00000000,0.00003002,0.00560531,0.02688392,0.00103934,0.01089897,0.00000000,0.00000000,0.00003002,0.00000000,0.00019330,0.00782395,0.00866977,0.00133509,0.00131732,0.01542606,0.00372187,0.00026171,0.00044409,0.00000000,0.00003002,0.00003002,0.00111040,0.01207215,0.00063786,0.00457159,0.00524350,0.02055810,0.00443369,0.00000000,0.00000000,0.00311410,0.02929446,0.00672894,0.00544295,0.05668474,0.03924464,0.03507712,0.00044973,0.00051014,0.02378299,0.00000000,0.00196037,0.00000000,0.00247468,0.00891384,0.00000000,0.00035447,0.00694540,0.00223740,0.00347205,0.00000000,0.00000000,0.00000000,0.00916393,0.00648593,0.00000086,0.01365790,0.00000000,0.00081953,0.00000000,0.00000000,0.00000000,0.00010153,0.00656975,0.00061352,0.00062403,0.00179346,0.00000000,0.00000000,0.00000000,0.00000000,0.01369235,0.00000000,0.00121953,0.00000000,0.00000000,0.00000000,0.00000000,0.00000000,0.00000000,0.00000000,0.00000000,0.00000000,0.00000000,0.00000000,0.00000000,0.00000000
2025/2/9,0.00000000,0.00001243,0.00041746,0.00000000,0.00693629,0.00887961,0.00000000,0.00000000,0.00000000,0.00000000,0.00000000,0.00000000,0.00050827,0.00602572,0.00000000,0.00001243,0.00000000,0.00000000,0.00000000,0.00000000,0.01152072,0.00989756,0.00000000,0.00000000,0.00001243,0.00000000,0.00000000,0.00000000,0.00909829,0.00367275,0.01417422,0.01256283,0.00708377,0.00000000,0.00000000,0.00000000,0.00000000,0.00000000,0.00000000,0.00422232,0.02017329,0.02064363,0.05475985,0.00160731,0.00000000,0.00000000,0.00000000,0.00000000,0.00000000,0.00380277,0.00000000,0.00000000,0.02889624,0.00000000,0.00000000,0.00000000,0.00000000,0.00001243,0.00000000,0.00220220,0.00111599,0.00614539,0.00000000,0.00000000,0.00001243,0.00000000,0.00715958,0.00500321,0.00884069,0.00305080,0.00913460,0.00225206,0.00000000,0.00003968,0.00002633,0.00000000,0.00001243,0.00001243,0.00000000,0.00011011,0.00002213,0.01101714,0.00000000,0.02018873,0.00678122,0.00000000,0.00002638,0.00208470,0.03669867,0.00320783,0.01144654,0.04280759,0.04974356,0.05201763,0.00000000,0.00054001,0.04065279,0.00000000,0.00000000,0.00000000,0.00000000,0.02433527,0.00000000,0.00218549,0.00287035,0.00000000,0.00064142,0.00051688,0.00000000,0.00000000,0.01160067,0.03523370,0.00010878,0.01100192,0.00000000,0.00062813,0.00000000,0.00000000,0.00000000,0.00000000,0.03220298,0.00000000,0.00000000,0.00243659,0.00000000,0.00000000,0.00000000,0.00000000,0.00120798,0.00000000,0.00056452,0.00000000,0.00000000,0.00000000,0.00000000,0.00000000,0.00000000,0.00000000,0.00000000,0.00000000,0.00000000,0.00000000,0.00000000,0.00000000
2025/2/10,0.00000000,0.00000899,0.00447946,0.00000000,0.00022212,0.00050718,0.00000000,0.00000000,0.00000000,0.00000000,0.00000000,0.00000000,0.01592669,0.00000000,0.00053547,0.00000899,0.00000000,0.00000000,0.00000000,0.00608471,0.00370815,0.00006776,0.00705622,0.01137229,0.00000899,0.00000000,0.00000000,0.00000000,0.00168288,0.00025710,0.00477832,0.00505359,0.00208527,0.00748484,0.00000000,0.00000000,0.00000000,0.00027864,0.00000000,0.01071342,0.00460207,0.00599767,0.04229885,0.03698323,0.00000000,0.00000000,0.00000000,0.00000000,0.00000000,0.00282987,0.00000000,0.00129979,0.03784141,0.00000000,0.00000000,0.00000000,0.00000000,0.00000899,0.00817432,0.00000000,0.00429097,0.01190205,0.00000000,0.00000000,0.00000899,0.00000000,0.00000000,0.00000000,0.00137893,0.00929497,0.00386102,0.00807342,0.00350781,0.00000000,0.00555091,0.00074463,0.00000899,0.00000899,0.00000000,0.00000000,0.00017025,0.00230712,0.00000000,0.03669360,0.00890331,0.00000000,0.00000000,0.00209833,0.04056893,0.00374018,0.00752713,0.01993049,0.03648901,0.03455215,0.00000000,0.00000000,0.01706267,0.00000000,0.00000000,0.00000000,0.00000000,0.01151437,0.02238647,0.00000000,0.00930020,0.01569490,0.00126093,0.00502635,0.00000000,0.00000000,0.00613806,0.02090772,0.00000000,0.00000000,0.00600201,0.00000000,0.00000000,0.00000000,0.00000000,0.00000000,0.00000000,0.00000000,0.00000000,0.01248850,0.00260668,0.00000000,0.00000000,0.00000000,0.00948911,0.01538002,0.00127152,0.00000000,0.00000000,0.00000000,0.00000000,0.00000000,0.00000000,0.00011290,0.00000000,0.00000000,0.00000000,0.00000000,0.00000000,0.00000000
2025/2/11,0.00000000,0.00000000,0.00004872,0.00000000,0.00000000,0.00004131,0.00241416,0.00000000,0.00000000,0.00000000,0.00000000,0.00000000,0.00204759,0.01044486,0.00660087,0.00000000,0.00000000,0.00000000,0.00000000,0.01778121,0.00531346,0.01157374,0.00853382,0.00499428,0.00000000,0.00000000,0.00000000,0.00000000,0.00574939,0.00247598,0.00034837,0.00674323,0.02870243,0.00706562,0.00000000,0.00000000,0.00000000,0.00016687,0.00000000,0.00545920,0.02638796,0.01417670,0.02781017,0.02569383,0.00000000,0.00000000,0.00000000,0.00000000,0.00000000,0.00183162,0.00123819,0.00739610,0.02668235,0.00000000,0.00000000,0.00000000,0.00000000,0.00000000,0.00088110,0.00000000,0.00000000,0.00902595,0.00000000,0.00000000,0.00000000,0.00000000,0.00000000,0.00219609,0.00000000,0.00000000,0.00119161,0.00000000,0.00884078,0.00004389,0.00000000,0.00450420,0.00000000,0.00000000,0.00240308,0.00000000,0.00000000,0.00000000,0.00090449,0.02327406,0.00000000,0.00000000,0.00000000,0.00147164,0.05097406,0.00856935,0.00959953,0.04780277,0.02826706,0.04275504,0.00000000,0.00923219,0.00955365,0.00464173,0.00009347,0.00000000,0.01076514,0.01026461,0.00534049,0.00000000,0.00149338,0.00742863,0.00006427,0.00095208,0.00000000,0.00000000,0.00638274,0.01197505,0.00241788,0.00000000,0.00809240,0.00000000,0.00000000,0.00000000,0.00000000,0.00000000,0.00000000,0.00243272,0.00000000,0.00065264,0.00300651,0.00000000,0.00000000,0.00000000,0.01269394,0.00750795,0.00026668,0.00000000,0.00000000,0.00000000,0.00000000,0.00000000,0.00000000,0.00132036,0.00000000,0.00000000,0.00000000,0.00000000,0.00000000,0.00000000
2025/2/12,0.00000000,0.00000000,0.00000000,0.00000000,0.00000000,0.00389892,0.00000000,0.00000000,0.00000000,0.00000000,0.00000000,0.00000000,0.00000000,0.01521454,0.00915938,0.00000000,0.00000000,0.00000000,0.00000000,0.01713137,0.00819833,0.00750051,0.01564274,0.02049775,0.00000000,0.00000000,0.00000000,0.00000000,0.00140279,0.00000000,0.00807525,0.02146029,0.02008183,0.01607656,0.00000000,0.00000000,0.00000000,0.00047923,0.00116043,0.00441883,0.03975248,0.02042803,0.00697117,0.00959554,0.00000000,0.00000000,0.00000000,0.00000000,0.00000000,0.00070932,0.00000000,0.00314390,0.05671158,0.00000000,0.00000000,0.00000000,0.00000000,0.00000000,0.00433673,0.00520641,0.00000000,0.01808937,0.00009793,0.00000000,0.00000000,0.00000000,0.00000000,0.02003207,0.01570087,0.00331602,0.00000000,0.00000000,0.03100267,0.00024186,0.00000000,0.01102106,0.00000000,0.00000000,0.01026973,0.00000000,0.00045714,0.00042411,0.00139223,0.01359254,0.00076517,0.00000000,0.00081742,0.00152167,0.04310608,0.02030504,0.00000000,0.03578807,0.04759151,0.01804394,0.00003894,0.00000000,0.01793274,0.00150664,0.00510711,0.00000000,0.01140401,0.00358732,0.00236928,0.00153416,0.00000000,0.00264435,0.00000000,0.00295543,0.00000000,0.00000000,0.00947452,0.01361643,0.00655196,0.01820416,0.00612681,0.00000000,0.00000000,0.00000000,0.00000000,0.00136708,0.00000000,0.00156835,0.00105283,0.00135257,0.00000000,0.00000000,0.00000000,0.00000000,0.01058326,0.00202367,0.00089520,0.00000000,0.00000000,0.00000000,0.00000000,0.00000000,0.00000000,0.00686715,0.00000000,0.00000000,0.00000000,0.00000000,0.00000000,0.00000000
2025/2/13,0.00000000,0.00000228,0.00000000,0.00000000,0.00000000,0.00141154,0.00232519,0.00000000,0.00000000,0.00000000,0.00000000,0.00000000,0.00000000,0.03065215,0.00332305,0.00000228,0.00000000,0.00000000,0.00000000,0.00738275,0.01584563,0.00000000,0.00015799,0.01110983,0.00000228,0.00000000,0.00000000,0.00000000,0.00766983,0.00000000,0.00423343,0.02025186,0.01292041,0.00000000,0.00002048,0.00000000,0.00000000,0.00036741,0.00010350,0.00166578,0.02398583,0.00571648,0.01169160,0.00341715,0.00000000,0.00000000,0.00000000,0.00000000,0.00000000,0.00043490,0.00000000,0.00882876,0.05692057,0.00000000,0.00000000,0.00000000,0.00000000,0.00000228,0.01299266,0.00088983,0.00479168,0.01332424,0.00000000,0.00000000,0.00000228,0.00000000,0.00762952,0.00185043,0.01186573,0.00000000,0.00074506,0.00717830,0.01967184,0.00010126,0.00691766,0.00377590,0.00000228,0.00000228,0.00788528,0.00272630,0.00068773,0.00454228,0.00577618,0.02211419,0.00052998,0.00000000,0.00785878,0.00172821,0.03741433,0.01322368,0.00000000,0.03657179,0.05911244,0.02658115,0.00056727,0.00105205,0.00355583,0.00025203,0.00114208,0.00000000,0.00668142,0.01320728,0.01842578,0.00429751,0.00008331,0.00000000,0.00531381,0.00095477,0.00000000,0.00000000,0.01768713,0.00000000,0.00000000,0.00563808,0.00000000,0.00039927,0.00000000,0.00000000,0.00000000,0.00832196,0.00116776,0.00000000,0.00823519,0.00301095,0.00311363,0.00000000,0.00000000,0.00000000,0.00207441,0.01000286,0.00525758,0.00000000,0.00000000,0.00000000,0.00000000,0.00000000,0.00000000,0.00000000,0.00000000,0.00000000,0.00000000,0.00000000,0.00000000,0.00000000
2025/2/14,0.00000000,0.00000000,0.00000000,0.00000000,0.00000000,0.00102385,0.00000000,0.00000000,0.00000000,0.00000000,0.00000000,0.00000000,0.00000000,0.01911696,0.00578176,0.00000000,0.00000000,0.00000000,0.00000000,0.00131418,0.00952821,0.01439773,0.00000000,0.02921280,0.00000000,0.00000000,0.00000000,0.00000000,0.00393399,0.00213417,0.00000000,0.01796180,0.02125607,0.00000000,0.00000000,0.00000000,0.00000000,0.00054362,0.00013105,0.00000000,0.02380484,0.00085309,0.02910871,0.00969050,0.00000000,0.00000000,0.00000000,0.00000000,0.00000000,0.00562483,0.01035695,0.00006136,0.02278843,0.00000000,0.00000000,0.00000000,0.00000000,0.00000000,0.00609828,0.00000000,0.00223342,0.00381189,0.00000000,0.00000000,0.00000000,0.00000000,0.00000000,0.00366169,0.01069351,0.00000000,0.00000000,0.00790488,0.00909665,0.00000000,0.00000000,0.00000000,0.00000000,0.00000000,0.00047563,0.00467960,0.00042272,0.00164715,0.00941988,0.00903138,0.00000000,0.00000000,0.00936187,0.00175680,0.04660723,0.00386277,0.00000000,0.03490882,0.03689774,0.02391993,0.00214423,0.01314383,0.00746643,0.00000000,0.00018659,0.00000000,0.00000000,0.01334612,0.02465061,0.01925248,0.00032814,0.00998892,0.00020493,0.00000000,0.00000000,0.00000000,0.01349350,0.00000000,0.00111101,0.00053202,0.02081154,0.00000939,0.00000000,0.00000000,0.00000000,0.00145711,0.02138235,0.00000000,0.00485497,0.00433169,0.00000000,0.00000000,0.00000000,0.00000000,0.00047478,0.00000000,0.00159759,0.00000000,0.00000000,0.00000000,0.00000000,0.00000000,0.00000000,0.00000000,0.00000000,0.00000000,0.00000000,0.00000000,0.00000000,0.00000000
2025/2/15,0.00000000,0.00000000,0.00000000,0.00000000,0.00000000,0.00107008,0.00000000,0.00000000,0.00000000,0.00000000,0.00000000,0.00000000,0.00581382,0.00000000,0.02266652,0.00000000,0.00000000,0.00000000,0.00000000,0.00000000,0.00762786,0.02839981,0.00000000,0.01195244,0.00000000,0.00000000,0.00000000,0.00000000,0.00921727,0.01871373,0.00000000,0.02374904,0.01701448,0.00000000,0.00000000,0.00000000,0.00000000,0.00037118,0.00021514,0.00000000,0.01499202,0.01031985,0.02471534,0.01487458,0.00000000,0.00000000,0.00000000,0.00000000,0.00000000,0.00046557,0.01844093,0.00000000,0.03206326,0.00000000,0.00000000,0.00000000,0.00000000,0.00000000,0.00322908,0.00095466,0.00000000,0.00961558,0.00087517,0.00000000,0.00000000,0.00000000,0.00000000,0.00000000,0.00000000,0.00458415,0.00000000,0.00249067,0.00452322,0.00000000,0.00004369,0.00000000,0.00000000,0.00000000,0.00000000,0.00615375,0.00063049,0.01313578,0.00003314,0.01119925,0.00632471,0.00027738,0.00147286,0.00157494,0.02058155,0.01156597,0.00261136,0.06386372,0.03879937,0.01146501,0.00903758,0.02973124,0.00575515,0.00296615,0.00243490,0.00000000,0.00776333,0.01703203,0.02882315,0.01748245,0.00190803,0.00000000,0.00212826,0.00272232,0.00000000,0.00000000,0.01567362,0.00766966,0.00000000,0.00000000,0.01855719,0.00000000,0.00000000,0.00000000,0.00000000,0.00000000,0.00274020,0.00922380,0.00822251,0.00414678,0.00111892,0.00000000,0.00000000,0.00000000,0.00078280,0.00000000,0.00021976,0.00000000,0.00000000,0.00000000,0.00000000,0.00000000,0.00000000,0.00000000,0.00000000,0.00000000,0.00000000,0.00000000,0.00000000,0.00000000
2025/2/16,0.00000000,0.00001261,0.00000000,0.00000000,0.00000000,0.00113367,0.00037406,0.00000000,0.00000000,0.00000000,0.00000000,0.00080331,0.00000000,0.00000000,0.01196323,0.00001261,0.00000000,0.00000000,0.00000000,0.00000000,0.01686089,0.02637255,0.00246936,0.00325793,0.00001261,0.00000000,0.00000000,0.00000000,0.01117827,0.00328396,0.01177171,0.04101848,0.00750499,0.00000000,0.00000000,0.00000000,0.00000000,0.00001440,0.00000000,0.00593929,0.02365458,0.02684337,0.03587731,0.00373258,0.00000000,0.00000000,0.00000000,0.00000000,0.00000000,0.00000000,0.00000000,0.00107957,0.07464111,0.00000000,0.00000000,0.00000000,0.00000000,0.00001261,0.00240125,0.00961323,0.00000000,0.00945691,0.00768034,0.00000000,0.00001261,0.00000000,0.00000000,0.00000000,0.00398689,0.00866886,0.00000000,0.00000000,0.00280322,0.00000000,0.00072052,0.00191224,0.00001261,0.00001261,0.00205616,0.00000000,0.00106689,0.00000000,0.00000000,0.01630111,0.00115498,0.00069752,0.00005676,0.00000000,0.01642603,0.00000000,0.00373283,0.03779018,0.03611496,0.01057938,0.00170307,0.00577908,0.00159412,0.01049651,0.01462363,0.00000000,0.00906048,0.01420436,0.02918429,0.00581398,0.00863798,0.00000000,0.00000000,0.00000000,0.00000000,0.00000000,0.02337934,0.00000000,0.00000000,0.00000000,0.01589756,0.00000000,0.00000000,0.00000000,0.00000000,0.00000000,0.00448330,0.00265334,0.00102994,0.01000519,0.00328033,0.00000000,0.00000000,0.00000000,0.00028242,0.00000000,0.00022933,0.00000000,0.00000000,0.00000000,0.00000000,0.00000000,0.00000000,0.00397288,0.00000000,0.00000000,0.00000000,0.00000000,0.00000000,0.00000000
2025/2/17,0.00000000,0.00001293,0.00000000,0.00000000,0.00514281,0.00789794,0.00415973,0.00000000,0.00000000,0.00000000,0.00000000,0.00347232,0.00468146,0.01337215,0.00000000,0.00001293,0.00000000,0.00000000,0.00000000,0.00000000,0.00303429,0.00873621,0.00751151,0.00809741,0.00001293,0.00000000,0.00000000,0.00000000,0.01008142,0.00000000,0.01682552,0.04040236,0.00816419,0.00235832,0.00000000,0.00000000,0.00000000,0.00000000,0.00000000,0.00537291,0.00995793,0.00716505,0.02530318,0.00000000,0.00000000,0.00000000,0.00000000,0.00000000,0.00000000,0.00057903,0.00000000,0.00148109,0.04141593,0.00000000,0.00000000,0.00000000,0.00000000,0.00001293,0.00331585,0.00079523,0.00000000,0.00000000,0.00118142,0.00000000,0.00001293,0.00000000,0.00000000,0.00269090,0.01200585,0.00000000,0.00000000,0.00000000,0.00329448,0.00480603,0.00002278,0.00828895,0.00001293,0.00001293,0.01084064,0.00000000,0.00092513,0.00005779,0.00000000,0.02723976,0.00004855,0.00000000,0.00019678,0.00000000,0.02772890,0.00000000,0.00000000,0.02371703,0.03162054,0.02457414,0.00000000,0.00246271,0.01272921,0.00366099,0.02486483,0.00000000,0.00318467,0.00101971,0.02664042,0.01034987,0.00127773,0.00000000,0.00726505,0.00054080,0.00000000,0.00000000,0.02325636,0.00669706,0.00000000,0.00839294,0.00005899,0.00000000,0.00000000,0.00000000,0.00000000,0.00000000,0.00730415,0.00173915,0.00000000,0.00288864,0.01036758,0.00000000,0.00000000,0.00000000,0.00162423,0.00568296,0.00126020,0.00000000,0.00000000,0.00000000,0.00000000,0.00000000,0.00000000,0.00000000,0.00000000,0.00000000,0.00000000,0.00000000,0.00000000,0.00000000
2025/2/18,0.00000000,0.00002678,0.00000000,0.00000000,0.00685161,0.00067239,0.00153100,0.00000000,0.00000000,0.00000000,0.00000000,0.00952316,0.00527963,0.00000000,0.00000000,0.00002678,0.00000000,0.00000000,0.00000000,0.00000000,0.00166854,0.01087212,0.00212204,0.00090413,0.00002678,0.00000000,0.00000000,0.00000000,0.00487562,0.00000000,0.00752530,0.05701771,0.00838155,0.00462951,0.00000000,0.00000000,0.00000000,0.00000000,0.00000000,0.00000000,0.00000000,0.01838315,0.02232188,0.00000000,0.00000000,0.00000000,0.00000000,0.00000000,0.00000000,0.00161994,0.00587942,0.00166821,0.03344255,0.00000000,0.00000000,0.00000000,0.00000000,0.00002678,0.00624725,0.00000000,0.00000000,0.00590808,0.00000000,0.00000000,0.00002678,0.00000000,0.00074612,0.00782810,0.01888850,0.00000000,0.00284125,0.00000000,0.00525610,0.00000000,0.00000000,0.00272731,0.00002678,0.00002678,0.00192013,0.00014791,0.00000000,0.00114601,0.00000000,0.01725746,0.00353290,0.00000000,0.00089980,0.00000000,0.05438615,0.00000000,0.00000000,0.05694933,0.02468084,0.02496934,0.00000000,0.00737479,0.01355985,0.00244528,0.02779013,0.00000000,0.00191805,0.00253792,0.01334967,0.01606344,0.00003713,0.00091851,0.00065669,0.00145275,0.00000000,0.00000000,0.01965054,0.01775074,0.00327712,0.00000000,0.00000000,0.01077376,0.00000000,0.00000000,0.00000000,0.00000000,0.00207066,0.00000000,0.00000000,0.00621908,0.00561308,0.00000000,0.00000000,0.00000000,0.00138171,0.00497903,0.00193258,0.00000000,0.00000000,0.00000000,0.00000000,0.00000000,0.00000000,0.00000000,0.00000000,0.00000000,0.00000000,0.00000000,0.00000000,0.00000000
2025/2/19,0.00000000,0.00000000,0.00000000,0.00000000,0.00400299,0.00000000,0.00572489,0.00000000,0.00000000,0.00000000,0.00000000,0.00229076,0.00887543,0.00817375,0.00000000,0.00000000,0.00000000,0.00000000,0.00000000,0.00000000,0.01168721,0.00219364,0.00192121,0.00796688,0.00000000,0.00000000,0.00000000,0.00000000,0.00593034,0.00000000,0.00232207,0.03558269,0.02448444,0.01030532,0.00000000,0.00000000,0.00000000,0.00000000,0.00502320,0.00020570,0.00000000,0.01937888,0.03255673,0.00903227,0.00000000,0.00000000,0.00000000,0.00000000,0.00000000,0.01006643,0.00479058,0.00253780,0.05213010,0.00000000,0.00000000,0.00000000,0.00000000,0.00000000,0.00119453,0.00420808,0.00000000,0.00000000,0.00000000,0.00000000,0.00000000,0.00000000,0.00019179,0.01606295,0.01429812,0.00000000,0.00611044,0.00000000,0.01198996,0.00000000,0.00000000,0.00000000,0.00000000,0.00000000,0.00095884,0.00000000,0.00000000,0.01060001,0.00000000,0.00862849,0.00251536,0.00000000,0.00114846,0.00317191,0.08426087,0.00852440,0.00000000,0.03748060,0.03481333,0.01519437,0.00000000,0.02771186,0.02255454,0.00139861,0.01006996,0.00000000,0.00914670,0.00411934,0.00000000,0.00028389,0.00000000,0.00179920,0.00000000,0.00239868,0.00000000,0.00000000,0.01729951,0.02835573,0.00000000,0.00000000,0.00814968,0.00471850,0.00000000,0.00000000,0.00000000,0.00000000,0.02200922,0.00020426,0.00000000,0.00068399,0.00135157,0.00000000,0.00000000,0.00000000,0.00005181,0.00000000,0.00175326,0.00000000,0.00000000,0.00000000,0.00000000,0.00000000,0.00000000,0.00000000,0.00000000,0.00000000,0.00000000,0.00000000,0.00000000,0.00000000
2025/2/20,0.00000000,0.00000418,0.00011129,0.00000000,0.00419278,0.00000000,0.00583421,0.00000000,0.00000000,0.00000000,0.00000000,0.00000000,0.00092513,0.03520585,0.00816370,0.00000418,0.00000000,0.00000000,0.00000000,0.00336087,0.00874572,0.00528727,0.00557848,0.00967020,0.00000418,0.00000000,0.00000000,0.00000000,0.01800684,0.00000000,0.00489110,0.01337650,0.00286532,0.00671518,0.00000000,0.00000000,0.00000000,0.00488617,0.00165760,0.00526718,0.00750938,0.01095301,0.02393422,0.00000000,0.00000000,0.00000000,0.00000000,0.00000000,0.00000000,0.00263332,0.00000000,0.00150605,0.02798483,0.00000000,0.00000000,0.00000000,0.00000000,0.00000418,0.00000000,0.00084186,0.00275880,0.00000000,0.00004501,0.00000000,0.00000418,0.00000000,0.00000000,0.00271358,0.00212397,0.00000000,0.00527533,0.00000000,0.01097088,0.00000000,0.01761617,0.00000000,0.00000418,0.00000418,0.00000000,0.00484111,0.00000000,0.00926386,0.00107856,0.03706789,0.00865528,0.00315063,0.00034695,0.00000000,0.04594011,0.00485879,0.00000000,0.02278690,0.05018090,0.01736514,0.00000000,0.01429520,0.03620341,0.00387971,0.00409725,0.00000000,0.02101630,0.00703676,0.00171324,0.00000000,0.00038539,0.00227000,0.00133365,0.00407029,0.00000000,0.00000000,0.02896500,0.00891943,0.00000000,0.00000000,0.01769076,0.00000000,0.00000000,0.00000000,0.00000000,0.00066911,0.00527483,0.00546040,0.00000000,0.00149619,0.00249407,0.00000000,0.00000000,0.00000000,0.00178396,0.00000000,0.00065455,0.00000000,0.00000000,0.00000000,0.00000000,0.00000000,0.00000000,0.00000000,0.00000000,0.00000000,0.00000000,0.00000000,0.00000000,0.00000000
2025/2/21,0.00000000,0.00001813,0.00030928,0.00000000,0.00949313,0.00164990,0.01225496,0.00000000,0.00000000,0.00000000,0.00000000,0.00000000,0.00060271,0.03634774,0.01846296,0.00001813,0.00000000,0.00000000,0.00000000,0.00000000,0.01319901,0.03002294,0.00738270,0.00773111,0.00001813,0.00000000,0.00000000,0.00000000,0.00000000,0.00794827,0.00178836,0.00936979,0.03463320,0.01120761,0.00240296,0.00000000,0.00000000,0.00000000,0.00000000,0.00177267,0.00202866,0.01206201,0.02414767,0.00281814,0.00000000,0.00000000,0.00000000,0.00000000,0.00000000,0.00773740,0.00000000,0.00363894,0.02339759,0.00000000,0.00000000,0.00000000,0.00000000,0.00001813,0.00034383,0.01297111,0.01499358,0.00768145,0.00000000,0.00000000,0.00001813,0.00000000,0.00000000,0.00000000,0.00557726,0.00900610,0.00951734,0.00000000,0.00268416,0.00000000,0.00014785,0.00000000,0.00001813,0.00001813,0.00601113,0.00000000,0.00602558,0.00000000,0.00780632,0.03761543,0.00200791,0.00000000,0.00000000,0.00129862,0.04433951,0.00046838,0.00000000,0.04201425,0.03745526,0.02297090,0.00000000,0.00285175,0.03274130,0.00000000,0.00246163,0.00000000,0.01887541,0.00820810,0.00450519,0.00000000,0.00506245,0.00406241,0.00181562,0.00000000,0.00000000,0.00000000,0.01920543,0.01434230,0.00931879,0.00026551,0.00654169,0.00000000,0.00000000,0.00000000,0.00000000,0.00053532,0.00000000,0.00323692,0.00000000,0.00201343,0.00709180,0.00000000,0.00000000,0.00000000,0.00778798,0.00004924,0.00000000,0.00000000,0.00000000,0.00000000,0.00000000,0.00000000,0.00000000,0.00000000,0.00000000,0.00000000,0.00000000,0.00000000,0.00000000,0.00000000
2025/2/22,0.00000000,0.00003725,0.00040986,0.00000000,0.00551412,0.00299507,0.00663522,0.00000000,0.00000000,0.00000000,0.00000000,0.00000000,0.00709253,0.00000000,0.04129820,0.00003725,0.00000000,0.00000000,0.00000000,0.00121602,0.01620709,0.01057191,0.00562837,0.00000000,0.00003725,0.00000000,0.00000000,0.00000000,0.00036080,0.00691240,0.00003787,0.02250923,0.02433562,0.00000000,0.00000000,0.00000000,0.00000000,0.00000000,0.00000000,0.00180636,0.01116507,0.00446763,0.03112965,0.00624460,0.00000000,0.00000000,0.00000000,0.00000000,0.00000000,0.00168318,0.00141489,0.01205765,0.04093051,0.00000000,0.00000000,0.00000000,0.00000000,0.00003725,0.00700082,0.01363576,0.01161965,0.01202101,0.00000000,0.00000000,0.00003725,0.00000000,0.00000000,0.00762944,0.01569463,0.00146660,0.01331680,0.00000000,0.00000000,0.00015082,0.00000000,0.00000000,0.00003725,0.00003725,0.00000000,0.00000000,0.00000000,0.00000000,0.00048105,0.02436337,0.00420229,0.00000000,0.00008289,0.00455246,0.05872876,0.00099249,0.00785011,0.01880452,0.05820928,0.01360322,0.00013150,0.00000000,0.01080082,0.00057656,0.00243250,0.00000000,0.00000000,0.00000000,0.00745915,0.00000000,0.01997634,0.00770420,0.00225258,0.00000000,0.00000000,0.00000000,0.01776444,0.01525198,0.00000000,0.00669665,0.00000000,0.00056301,0.00000000,0.00000000,0.00000000,0.00000000,0.01954756,0.00217572,0.00265916,0.00408342,0.00000000,0.00000000,0.00000000,0.00000000,0.00329659,0.00986959,0.00391690,0.00000000,0.00000000,0.00000000,0.00000000,0.00000000,0.00000000,0.00082311,0.00000000,0.00000000,0.00000000,0.00000000,0.00000000,0.00000000
2025/2/23,0.00000000,0.00004274,0.00044903,0.00000000,0.00000000,0.00629134,0.00342527,0.00000000,0.00000000,0.00000000,0.00000000,0.00310338,0.00152771,0.01357746,0.04241154,0.00004274,0.00000000,0.00000000,0.00000000,0.00786065,0.01556108,0.00000000,0.01369780,0.00552766,0.00004274,0.00000000,0.00000000,0.00000000,0.00530829,0.00526396,0.01315441,0.01245138,0.01336997,0.00000000,0.00000000,0.00000000,0.00000000,0.00000106,0.00000000,0.00249014,0.01981678,0.00249282,0.04365611,0.00000000,0.00000000,0.00000000,0.00000000,0.00000000,0.00000000,0.00217861,0.00677278,0.01343197,0.02776004,0.00000000,0.00000000,0.00000000,0.00000000,0.00004274,0.00262299,0.00987726,0.00547004,0.01472219,0.00000000,0.00000000,0.00004274,0.00000000,0.00000000,0.01607518,0.01564568,0.00118268,0.01214605,0.00242557,0.00199744,0.00039500,0.00000000,0.00000000,0.00004274,0.00004274,0.00000000,0.00328764,0.00000000,0.00131125,0.00000000,0.03572363,0.00936794,0.00022648,0.00834024,0.01196840,0.04996400,0.00575301,0.00000000,0.02078014,0.07639161,0.02092848,0.00162168,0.00100898,0.00306656,0.01710687,0.00055596,0.00000000,0.00000000,0.00000000,0.01911072,0.00000000,0.01608087,0.01108833,0.00191952,0.00528687,0.00000000,0.00000000,0.01766726,0.00633861,0.00065426,0.00806288,0.00301308,0.00075880,0.00000000,0.00000000,0.00000000,0.00000000,0.01376184,0.00000000,0.00090688,0.00074845,0.00000000,0.00000000,0.00000000,0.00000000,0.00211764,0.01472766,0.00000000,0.00000000,0.00000000,0.00000000,0.00000000,0.00000000,0.00000000,0.00053591,0.00000000,0.00000000,0.00000000,0.00000000,0.00000000,0.00000000
2025/2/24,0.00000000,0.00003866,0.00052276,0.00000000,0.00861708,0.01146996,0.00134370,0.00000000,0.00000000,0.00000000,0.00000000,0.00993810,0.00949275,0.00167624,0.04378286,0.00003866,0.00000000,0.00000000,0.00000000,0.01099158,0.02588316,0.00000000,0.01137775,0.01065555,0.00003866,0.00000000,0.00000000,0.00000000,0.00499774,0.00000000,0.00790371,0.02564117,0.01943598,0.00019789,0.01167498,0.00000000,0.00000000,0.00045985,0.00138644,0.00143539,0.02021441,0.00427536,0.02048017,0.01136940,0.00000000,0.00000000,0.00000000,0.00000000,0.00000000,0.00837325,0.00170060,0.00420331,0.00807909,0.00000000,0.00000000,0.00000000,0.00000000,0.00003866,0.00185223,0.00396256,0.00291540,0.00123374,0.00000000,0.00000000,0.00003866,0.00000000,0.00457055,0.01302612,0.00717751,0.01470954,0.01191993,0.00608563,0.00951068,0.00021750,0.00119549,0.00000000,0.00003866,0.00003866,0.00000000,0.00891984,0.00023054,0.01886282,0.00230809,0.03454959,0.00614561,0.00081330,0.00055566,0.00767601,0.04703692,0.00086437,0.00000000,0.02350633,0.08134326,0.04538879,0.00352114,0.00000000,0.00000000,0.00420256,0.00000000,0.00000000,0.00107181,0.00148587,0.01773161,0.00761837,0.01425629,0.00411791,0.00370740,0.00422156,0.00000000,0.00000000,0.01676580,0.00625662,0.00503985,0.01094431,0.00827178,0.00062191,0.00000000,0.00000000,0.00000000,0.00000000,0.01297985,0.00000000,0.00099568,0.00251379,0.01007634,0.00000000,0.00000000,0.00000000,0.00155960,0.01535584,0.00000000,0.00000000,0.00000000,0.00000000,0.00000000,0.00000000,0.00000000,0.00008176,0.00000000,0.00000000,0.00000000,0.00000000,0.00000000,0.00000000
2025/2/25,0.00000000,0.00002777,0.00021385,0.00000000,0.00186236,0.00517724,0.00051637,0.00000000,0.00000000,0.00000000,0.00000000,0.00362085,0.00607976,0.00000000,0.07104734,0.00002777,0.00000000,0.00000000,0.00000000,0.01346612,0.02437416,0.00068067,0.01559902,0.00805266,0.00002777,0.00000000,0.00000000,0.00000000,0.00264365,0.00000000,0.01358901,0.01521805,0.02274913,0.00044994,0.00199958,0.00000000,0.00000000,0.00062956,0.00667787,0.00317044,0.00960771,0.00480644,0.02171342,0.00795698,0.00000000,0.00000000,0.00000000,0.00000000,0.00000000,0.00281898,0.00116261,0.00175297,0.01815875,0.00000000,0.00000000,0.00000000,0.00000000,0.00002777,0.00328010,0.00000000,0.00076873,0.01475578,0.00000000,0.00000000,0.00002777,0.00000000,0.00074525,0.00000000,0.00250423,0.00579116,0.00295843,0.01057998,0.00406336,0.00000000,0.00113808,0.00000000,0.00002777,0.00002777,0.00646861,0.02503569,0.00108221,0.00905228,0.01790063,0.02086817,0.00805002,0.00047218,0.00000000,0.01148707,0.03721542,0.00890562,0.00000000,0.06024696,0.06340176,0.02596452,0.00587243,0.00185280,0.01071746,0.01372489,0.00000000,0.00000000,0.00000000,0.00313407,0.01854491,0.00737360,0.01474735,0.00788369,0.00431796,0.00000000,0.00000000,0.00000000,0.01580605,0.00936686,0.00828235,0.00362658,0.00654468,0.00003952,0.00000000,0.00000000,0.00000000,0.00686093,0.01316710,0.00411862,0.00115675,0.01203957,0.00000000,0.00000000,0.00000000,0.00000000,0.00178205,0.01244577,0.00550034,0.00000000,0.00000000,0.00000000,0.00000000,0.00000000,0.00000000,0.00000000,0.00000000,0.00000000,0.00000000,0.00000000,0.00000000,0.00000000
2025/2/26,0.00000000,0.00003512,0.00032329,0.00000000,0.00469130,0.00282872,0.00026712,0.00000000,0.00000000,0.00000000,0.00000000,0.00001289,0.00000000,0.00000000,0.03561927,0.00003512,0.00000000,0.00000000,0.00000000,0.00664967,0.01918902,0.01781108,0.00665859,0.00118510,0.00003512,0.00000000,0.00000000,0.00000000,0.00044781,0.00504712,0.01113624,0.01592147,0.00476737,0.00108676,0.00000000,0.00000000,0.00000000,0.00087345,0.00024795,0.00140182,0.00744391,0.00000000,0.04567271,0.00000000,0.00000000,0.00000000,0.00000000,0.00000000,0.00000000,0.00851342,0.01509489,0.00273075,0.02277421,0.00000000,0.00000000,0.00000000,0.00000000,0.00003512,0.00917590,0.00000000,0.00049394,0.00766649,0.00003746,0.00000000,0.00003512,0.00000000,0.00000000,0.00000000,0.00000000,0.02013929,0.00000000,0.00448024,0.00414849,0.00000000,0.00093311,0.00000000,0.00003512,0.00003512,0.00518769,0.01472379,0.00125826,0.00060737,0.00229519,0.01509756,0.00000000,0.00034041,0.00085347,0.00321103,0.05011882,0.00699055,0.00144988,0.04608551,0.05144985,0.01688642,0.01127054,0.00185725,0.00484910,0.02230075,0.00216370,0.00000000,0.00817186,0.00000000,0.02382791,0.00000000,0.00678257,0.00323134,0.00146122,0.00041225,0.00000000,0.00000000,0.01656310,0.00423633,0.01677048,0.00384287,0.02743000,0.00034149,0.00000000,0.00000000,0.00000000,0.00000000,0.00000000,0.00000000,0.00125043,0.00226299,0.00000000,0.00000000,0.00000000,0.00000000,0.00146723,0.00270195,0.00059930,0.00000000,0.00000000,0.00000000,0.00000000,0.00000000,0.00000000,0.00000000,0.00000000,0.00000000,0.00000000,0.00000000,0.00000000,0.00000000
2025/2/27,0.00000000,0.00001476,0.00009849,0.00000000,0.01220769,0.00044419,0.00000000,0.00000000,0.00000000,0.00000000,0.00000000,0.00000000,0.00005880,0.01525714,0.02197996,0.00001476,0.00000000,0.00000000,0.00000000,0.00329395,0.01423863,0.01584441,0.00691094,0.00198002,0.00001476,0.00000000,0.00000000,0.00000000,0.00405681,0.00000000,0.00696864,0.02643804,0.03761510,0.00329721,0.00000000,0.00000000,0.00000000,0.00000000,0.00000000,0.00068098,0.00928444,0.00361372,0.04677185,0.00540408,0.00000000,0.00000000,0.00000000,0.00000000,0.00000000,0.00119174,0.00938272,0.00702908,0.01306666,0.00000000,0.00000000,0.00000000,0.00000000,0.00001476,0.00360671,0.00246398,0.00000000,0.01134236,0.00000000,0.00000000,0.00001476,0.00000000,0.00000000,0.00442989,0.00000000,0.02709111,0.00405667,0.00201310,0.00175995,0.00000000,0.00000000,0.00000000,0.00001476,0.00001476,0.00000000,0.00712508,0.00079122,0.00000000,0.00693928,0.02678399,0.00000000,0.00000000,0.00126123,0.00238967,0.05874427,0.00015150,0.00547299,0.05752391,0.06320262,0.02775464,0.00594301,0.00528216,0.00836749,0.00676036,0.00219439,0.00000000,0.00000000,0.00606057,0.00396246,0.00000000,0.00395674,0.01502359,0.00084379,0.00635526,0.00000000,0.00000000,0.02340119,0.00438715,0.01517403,0.00262527,0.01689380,0.00000000,0.00000000,0.00000000,0.00000000,0.00000000,0.00000000,0.00440891,0.00060347,0.00065609,0.00000000,0.00000000,0.00000000,0.00000000,0.00000000,0.00357165,0.00389732,0.00000000,0.00000000,0.00000000,0.00000000,0.00000000,0.00000000,0.00000000,0.00000000,0.00000000,0.00000000,0.00000000,0.00000000,0.00000000
2025/2/28,0.00000000,0.00001962,0.00011525,0.00000000,0.01847788,0.00073472,0.00000000,0.00000000,0.00000000,0.00000000,0.00000000,0.00000000,0.00000000,0.04034324,0.01892790,0.00001962,0.00000000,0.00000000,0.00000000,0.00000000,0.01086276,0.00568222,0.00198168,0.00000000,0.00001962,0.00000000,0.00000000,0.00000000,0.00000000,0.00000000,0.02356505,0.01089571,0.00860148,0.02268682,0.00000000,0.00000000,0.00000000,0.00000000,0.00000000,0.00205043,0.00000000,0.01807946,0.04795196,0.00000000,0.00000000,0.00000000,0.00000000,0.00000000,0.00000000,0.00074724,0.01336747,0.00116813,0.02675737,0.00000000,0.00000000,0.00000000,0.00000000,0.00001962,0.00122547,0.00738568,0.00000000,0.00102994,0.00000000,0.00000000,0.00001962,0.00000000,0.00000000,0.00882363,0.00000000,0.02798253,0.00361087,0.00000000,0.00000000,0.00000000,0.00108066,0.00000000,0.00001962,0.00001962,0.00683447,0.01395719,0.00039804,0.00066206,0.00000000,0.03754532,0.00176600,0.00000000,0.00133035,0.00000000,0.03296359,0.01184435,0.02045033,0.01721559,0.03473851,0.02651601,0.00356501,0.00169962,0.01769266,0.00000000,0.00285434,0.00000000,0.00516323,0.00869691,0.00000000,0.00544401,0.00931402,0.00012675,0.00168798,0.00000000,0.00000000,0.00000000,0.00640566,0.00000000,0.00392454,0.00150886,0.00912433,0.00007295,0.00000000,0.00000000,0.00000000,0.00000000,0.02716837,0.01568717,0.00008159,0.00121598,0.00115781,0.00000000,0.00000000,0.00000000,0.00000000,0.00000000,0.00000000,0.00000000,0.00000000,0.00000000,0.00000000,0.00000000,0.00000000,0.00000000,0.00000000,0.00000000,0.00000000,0.00000000,0.00000000,0.00000000
2025/3/1,0.00000000,0.00002706,0.00009078,0.00000000,0.00133460,0.00012147,0.00000000,0.00000000,0.00000000,0.00000000,0.00000000,0.00000000,0.00474311,0.03265677,0.01572863,0.00002706,0.00000000,0.00000000,0.00000000,0.00000000,0.01291968,0.00866169,0.00781635,0.00000000,0.00002706,0.00000000,0.00000000,0.00000000,0.00000000,0.00004964,0.01647141,0.01054113,0.00539336,0.01181484,0.00000000,0.00000000,0.00000000,0.00000000,0.00000000,0.00077497,0.00214608,0.00551577,0.04326595,0.00209052,0.00000000,0.00000000,0.00000000,0.00000000,0.00000000,0.00154235,0.00037897,0.00000000,0.01160697,0.00000000,0.00000000,0.00000000,0.00000000,0.00002706,0.00121888,0.00000000,0.00007464,0.00000000,0.00000000,0.00000000,0.00002706,0.00000000,0.00000000,0.00874685,0.00000000,0.00407324,0.01535762,0.00000000,0.00086509,0.00000000,0.00074718,0.00000000,0.00002706,0.00002706,0.00769084,0.00222361,0.00004436,0.00156407,0.00000000,0.03176484,0.00000000,0.00000000,0.00306534,0.00590860,0.04320019,0.00097078,0.00508320,0.03163788,0.03704521,0.00806298,0.00159022,0.00292618,0.01637587,0.00000000,0.00569539,0.00000000,0.01065165,0.00897270,0.00000000,0.00000000,0.00323036,0.00135825,0.00199836,0.00000000,0.00000000,0.00000000,0.00590160,0.00142122,0.00689977,0.00000000,0.00718338,0.00004079,0.00000000,0.00000000,0.00000000,0.00040908,0.02105636,0.01910855,0.00000000,0.00161381,0.00212272,0.00000000,0.00000000,0.00000000,0.00000000,0.00000000,0.00300769,0.00000000,0.00000000,0.00000000,0.00000000,0.00000000,0.00000000,0.00720897,0.00000000,0.00000000,0.00000000,0.00000000,0.00000000,0.00000000
2025/3/2,0.00000000,0.00003520,0.00016593,0.00000000,0.00000000,0.00000000,0.00216169,0.00000000,0.00000000,0.00000000,0.00000000,0.00000000,0.00000000,0.03589606,0.03462176,0.00003520,0.00000000,0.00000000,0.00000000,0.00000000,0.01960516,0.00204442,0.00676691,0.01178012,0.00003520,0.00000000,0.00000000,0.00000000,0.00000000,0.00485778,0.02896212,0.02133046,0.00000000,0.00536476,0.00000000,0.00000000,0.00000000,0.00000000,0.00000000,0.00000000,0.00525103,0.01344164,0.04482825,0.01255796,0.00000000,0.00000000,0.00000000,0.00000000,0.00000000,0.00254930,0.00000000,0.00065012,0.00638604,0.00000000,0.00000000,0.00000000,0.00000000,0.00003520,0.00000000,0.00221789,0.00035446,0.00856625,0.00000000,0.00000000,0.00003520,0.00000000,0.00000000,0.00959197,0.00000000,0.00553828,0.01483905,0.00000000,0.00098445,0.00000000,0.00557979,0.00022364,0.00003520,0.00003520,0.00000000,0.00393320,0.00050250,0.00000000,0.00000000,0.01354858,0.00000000,0.00000000,0.01123881,0.00000000,0.03914329,0.00663126,0.00064492,0.01732422,0.04583284,0.01088476,0.00002158,0.00340276,0.00696964,0.00000000,0.01420485,0.00000000,0.00000994,0.00000000,0.00000000,0.00065823,0.00010376,0.00713655,0.00281269,0.00558223,0.00000000,0.00000000,0.01422954,0.00050129,0.00000000,0.00000000,0.00000000,0.00019079,0.00000000,0.00000000,0.00000000,0.00038596,0.00694075,0.01072702,0.00000000,0.00205683,0.00204609,0.00000000,0.00000000,0.00000000,0.00000000,0.00915294,0.00000000,0.00000000,0.00000000,0.00000000,0.00000000,0.00000000,0.00000000,0.01680336,0.00000000,0.00000000,0.00000000,0.00000000,0.00000000,0.00000000
2025/3/3,0.00000000,0.00004076,0.00060310,0.00000000,0.00000000,0.00000000,0.00000000,0.00000000,0.00000000,0.00000000,0.00000000,0.00000000,0.00000000,0.05875114,0.02071583,0.00004076,0.00000000,0.00000000,0.00000000,0.00000000,0.00316342,0.00000000,0.00891332,0.01778575,0.00004076,0.00000000,0.00000000,0.00000000,0.01026817,0.00023535,0.00886042,0.02212827,0.00000000,0.00355208,0.00000000,0.00000000,0.00000000,0.00000000,0.00001934,0.00000000,0.00578222,0.01585620,0.03675031,0.00253984,0.00000000,0.00000000,0.00000000,0.00000000,0.00000000,0.00170160,0.00517827,0.01138208,0.02439741,0.00000000,0.00000000,0.00000000,0.00000000,0.00004076,0.00058062,0.00732853,0.00150770,0.01518088,0.00000000,0.00000000,0.00004076,0.00000000,0.00000000,0.00859406,0.00571641,0.00000000,0.00626453,0.00000000,0.00246237,0.00000000,0.00000000,0.00000000,0.00004076,0.00004076,0.00033925,0.02091578,0.00058111,0.00000000,0.00000000,0.01724729,0.00935605,0.00000000,0.00321134,0.00000000,0.03905297,0.00266990,0.00000000,0.01350747,0.04276814,0.01826192,0.00000000,0.00127767,0.01181237,0.00494247,0.00561117,0.00000000,0.00000000,0.00000000,0.00868956,0.00355112,0.00244179,0.00000000,0.00030524,0.00113555,0.00000000,0.00000000,0.00682493,0.00000000,0.00000000,0.00000000,0.00000000,0.00036792,0.00000000,0.00000000,0.00000000,0.00010338,0.00431407,0.01400465,0.00000000,0.00230267,0.00135749,0.00000000,0.00000000,0.00000000,0.01046885,0.00000000,0.00054417,0.00000000,0.00000000,0.00000000,0.00000000,0.00000000,0.00000000,0.00019272,0.00000000,0.00000000,0.00000000,0.00000000,0.00000000,0.00000000
2025/3/4,0.00000000,0.00006056,0.00140730,0.00000000,0.01163836,0.00000000,0.00000000,0.00000000,0.00000000,0.00000000,0.00000000,0.00000000,0.00000000,0.04659011,0.02463760,0.00006056,0.00000000,0.00000000,0.00000000,0.00000000,0.01117860,0.00313191,0.01270530,0.01773072,0.00006056,0.00000000,0.00000000,0.00000000,0.00770908,0.00198814,0.01803748,0.05019441,0.01532046,0.01247070,0.00094179,0.00000000,0.00000000,0.00003906,0.00000000,0.00384528,0.01968073,0.01984683,0.03572483,0.00112276,0.00000000,0.00000000,0.00000000,0.00000000,0.00000000,0.00277438,0.00000000,0.00405137,0.03266954,0.00000000,0.00000000,0.00000000,0.00000000,0.00006056,0.00561249,0.02312689,0.00289152,0.02305609,0.00000000,0.00000000,0.00006056,0.00000000,0.00035999,0.00797725,0.00000000,0.00000000,0.00284475,0.01052930,0.00726060,0.00000000,0.00000000,0.00000000,0.00006056,0.00006056,0.00168025,0.01999102,0.00073160,0.00000000,0.00623969,0.02395538,0.00088737,0.00000000,0.00051488,0.00201827,0.02176436,0.00787425,0.00000000,0.04776841,0.05974077,0.01872577,0.00000000,0.00000000,0.01847680,0.00000000,0.00541017,0.00000000,0.00315421,0.00042431,0.00481046,0.00246743,0.00987574,0.00455159,0.00274313,0.00000000,0.00000000,0.00000000,0.01039127,0.00000000,0.00000000,0.00611350,0.00191600,0.00074639,0.00000000,0.00000000,0.00000000,0.00021283,0.00393423,0.01124355,0.00000000,0.00219847,0.00088302,0.00000000,0.00000000,0.00000000,0.01820806,0.00000000,0.00166422,0.00000000,0.00000000,0.00000000,0.00000000,0.00000000,0.00000000,0.00000000,0.00000000,0.00000000,0.00000000,0.00000000,0.00000000,0.00000000
2025/3/5,0.00000000,0.00005129,0.00299145,0.00000000,0.00000000,0.00644817,0.00000000,0.00000000,0.00000000,0.00000000,0.00000000,0.00000000,0.00059057,0.03801170,0.01464169,0.00005129,0.00000000,0.00000000,0.00000000,0.00000000,0.01564150,0.01341347,0.00277710,0.01094034,0.00005129,0.00000000,0.00000000,0.00000000,0.00637285,0.00890639,0.02059290,0.03685871,0.01394711,0.00016586,0.00129418,0.00000000,0.00000000,0.00019830,0.00000000,0.00212268,0.01879068,0.02176652,0.06129744,0.00000000,0.00000000,0.00000000,0.00000000,0.00000000,0.00000000,0.00268741,0.00000000,0.00430730,0.04028625,0.00000000,0.00000000,0.00000000,0.00000000,0.00005129,0.00000000,0.00219003,0.00413038,0.01380815,0.00000000,0.00000000,0.00005129,0.00000000,0.00839055,0.01005698,0.00320328,0.00000000,0.00908463,0.00000000,0.00000000,0.00000000,0.00062631,0.00000000,0.00005129,0.00005129,0.00078654,0.00537365,0.00030473,0.00371115,0.00124624,0.02041538,0.00528852,0.00000000,0.00000000,0.00317253,0.03059405,0.00122835,0.00158700,0.03460336,0.07455018,0.03103326,0.00000000,0.00000000,0.02860572,0.00000000,0.00180067,0.00000000,0.00730165,0.01027228,0.01446582,0.00496990,0.00640131,0.00360815,0.00039957,0.00095317,0.00000000,0.00000000,0.01293162,0.02278027,0.00000000,0.00695225,0.00128455,0.00069935,0.00000000,0.00000000,0.00000000,0.00000000,0.02817696,0.00883151,0.00000000,0.00432708,0.00093955,0.00000000,0.00000000,0.00000000,0.00285030,0.00000000,0.00219863,0.00000000,0.00000000,0.00000000,0.00000000,0.00000000,0.00000000,0.00079831,0.00000000,0.00000000,0.00000000,0.00000000,0.00000000,0.00000000
2025/3/6,0.00000000,0.00005073,0.00827702,0.00000000,0.00000000,0.00000000,0.00000000,0.00000000,0.00000000,0.00000000,0.00000000,0.00013085,0.01584200,0.01824821,0.01534691,0.00005073,0.00000000,0.00000000,0.00000000,0.00000000,0.00570865,0.00716789,0.01770487,0.01882599,0.00005073,0.00000000,0.00000000,0.00000000,0.00000000,0.00550273,0.01459766,0.03569043,0.01566474,0.00218754,0.00089510,0.00000000,0.00000000,0.00044313,0.00000000,0.00690761,0.00480208,0.01030318,0.04411448,0.02029808,0.00000000,0.00000000,0.00000000,0.00000000,0.00000000,0.00245800,0.00422001,0.00734827,0.03800371,0.00000000,0.00000000,0.00000000,0.00000000,0.00005073,0.00752243,0.00000000,0.00882352,0.01527371,0.00000000,0.00000000,0.00005073,0.00000000,0.00075696,0.00788590,0.00345646,0.00400056,0.00707527,0.00724364,0.00071854,0.00000000,0.00692725,0.00000000,0.00005073,0.00005073,0.00079600,0.00071025,0.00037316,0.00000000,0.00198886,0.03742609,0.00736830,0.00050455,0.00000000,0.00335770,0.04152635,0.00000000,0.00000000,0.01029780,0.05757587,0.01539414,0.00000000,0.00000000,0.00942323,0.00000000,0.00000000,0.00000000,0.01109059,0.00402976,0.03879965,0.00167522,0.01180254,0.02227407,0.00281834,0.00532083,0.00000000,0.00000000,0.00783726,0.00960739,0.00000000,0.00187853,0.01753952,0.00000000,0.00000000,0.00000000,0.00000000,0.00018705,0.00000000,0.00989682,0.00000000,0.01630956,0.00541232,0.00000000,0.00000000,0.00000000,0.00704829,0.00964904,0.00456855,0.00000000,0.00000000,0.00000000,0.00000000,0.00000000,0.00000000,0.00125889,0.00000000,0.00000000,0.00000000,0.00000000,0.00000000,0.00000000
2025/3/7,0.00000000,0.00002078,0.00248146,0.00000000,0.00000000,0.00000000,0.00385924,0.00000000,0.00000000,0.00000000,0.00000000,0.00000000,0.00290061,0.02361916,0.01920075,0.00002078,0.00000000,0.00000000,0.00000000,0.00709427,0.00615456,0.02068808,0.02363609,0.00215213,0.00002078,0.00000000,0.00000000,0.00000000,0.00451503,0.00623512,0.01068930,0.03519408,0.04918385,0.00097726,0.00062141,0.00000000,0.00000000,0.00017947,0.00000000,0.00204420,0.02526633,0.01974708,0.03015292,0.01181217,0.00000000,0.00000000,0.00000000,0.00000000,0.00000000,0.00199122,0.00544355,0.01310242,0.01910268,0.00000000,0.00000000,0.00000000,0.00000000,0.00002078,0.00000387,0.00175630,0.00318995,0.00981009,0.00000000,0.00000000,0.00002078,0.00000000,0.00000000,0.01379294,0.00701731,0.00000000,0.00683536,0.00000000,0.00099403,0.00000000,0.00040875,0.00000000,0.00002078,0.00002078,0.00364453,0.00135986,0.00010034,0.00000000,0.00673253,0.02808547,0.00000000,0.00074118,0.00002272,0.00228279,0.05604254,0.00000000,0.00310649,0.03655926,0.04019853,0.02834927,0.00000000,0.00943431,0.00716048,0.00352123,0.00189812,0.00000000,0.02741138,0.00895873,0.01880644,0.00047179,0.00252028,0.01587317,0.00461240,0.00136410,0.00000000,0.00000000,0.00840565,0.00393501,0.00592439,0.00900720,0.02289783,0.00000000,0.00000000,0.00000000,0.00000000,0.00032768,0.00004358,0.01330539,0.00000000,0.00306830,0.00593954,0.00000000,0.00000000,0.00000000,0.00811538,0.00092548,0.00600070,0.00000000,0.00000000,0.00000000,0.00000000,0.00000000,0.00000000,0.00204649,0.00000000,0.00000000,0.00000000,0.00000000,0.00000000,0.00000000
2025/3/8,0.00000000,0.00003030,0.00000000,0.00000000,0.00000000,0.00248558,0.00000000,0.00000000,0.00000000,0.00000000,0.00000000,0.00000000,0.00100951,0.01739216,0.02564963,0.00003030,0.00000000,0.00000000,0.00000000,0.00631484,0.00866747,0.01571134,0.03376134,0.00644975,0.00003030,0.00000000,0.00000000,0.00000000,0.00000000,0.00000000,0.01445062,0.04241001,0.04856252,0.01238856,0.00087438,0.00000000,0.00000000,0.00052329,0.00124325,0.00300759,0.03721500,0.02637015,0.01638803,0.00770680,0.00000000,0.00000000,0.00000000,0.00000000,0.00000000,0.00141143,0.00260762,0.00853550,0.04603996,0.00000000,0.00000000,0.00000000,0.00000000,0.00003030,0.00197941,0.01126993,0.00112028,0.01417210,0.00058962,0.00000000,0.00003030,0.00000000,0.00248412,0.03339577,0.02763979,0.00556974,0.00243097,0.00000000,0.02000390,0.00000000,0.00000000,0.00556306,0.00003030,0.00003030,0.01142492,0.00358644,0.00029908,0.00910374,0.01068281,0.02298342,0.00398273,0.00126942,0.00265839,0.00172519,0.04769962,0.00979341,0.00000000,0.02249475,0.04980597,0.01147808,0.00068340,0.00000000,0.01990937,0.00098425,0.00744046,0.00000000,0.02715911,0.00741354,0.00910793,0.00000000,0.00000000,0.00929305,0.00683829,0.00424511,0.00000000,0.00000000,0.01110805,0.00953496,0.01064356,0.03304514,0.02141898,0.00000000,0.00000000,0.00000000,0.00000000,0.00269146,0.00388227,0.00897342,0.00269599,0.00105015,0.00049324,0.00000000,0.00000000,0.00000000,0.00663007,0.00000000,0.00851905,0.00000000,0.00000000,0.00000000,0.00000000,0.00000000,0.00000000,0.00812520,0.00000000,0.00000000,0.00000000,0.00000000,0.00000000,0.00000000
2025/3/9,0.00000000,0.00003193,0.00000000,0.00000000,0.00176591,0.00000000,0.00401192,0.00000000,0.00000000,0.00000000,0.00000000,0.00022708,0.00057700,0.02725312,0.02776823,0.00003193,0.00000000,0.00000000,0.00000000,0.00000000,0.01611870,0.00000000,0.01709940,0.00000000,0.00003193,0.00000000,0.00000000,0.00000000,0.00339487,0.00000000,0.00573096,0.03094191,0.04610623,0.00134986,0.00157733,0.00000000,0.00000000,0.00027817,0.00004970,0.00243168,0.02105112,0.01126232,0.03020815,0.01750625,0.00000000,0.00000000,0.00000000,0.00000000,0.00000000,0.00124855,0.00000000,0.01325787,0.04721808,0.00000000,0.00000000,0.00000000,0.00000000,0.00003193,0.00955975,0.01091782,0.00517848,0.00437772,0.00000000,0.00000000,0.00003193,0.00000000,0.01156886,0.01443878,0.02234004,0.00245855,0.00568373,0.00482520,0.00914985,0.00000000,0.00653676,0.00006243,0.00003193,0.00003193,0.00933928,0.01130259,0.00008903,0.01713774,0.01795801,0.03245905,0.00481869,0.00093120,0.01025114,0.00136241,0.03913347,0.00486250,0.00000000,0.02385605,0.05416010,0.02904671,0.00182688,0.00343714,0.01200828,0.00000000,0.00252642,0.00000000,0.01784404,0.02189957,0.01726365,0.00000000,0.00000000,0.00237062,0.01390126,0.00362003,0.00000000,0.00000000,0.01623910,0.00000000,0.00166871,0.02086725,0.00686664,0.00000000,0.00000000,0.00000000,0.00000000,0.00973668,0.00557509,0.00084065,0.01046887,0.00006951,0.00604944,0.00000000,0.00000000,0.00000000,0.00064340,0.00479653,0.01335412,0.00000000,0.00000000,0.00000000,0.00000000,0.00000000,0.00000000,0.00116121,0.00000000,0.00000000,0.00000000,0.00000000,0.00000000,0.00000000
2025/3/10,0.00000000,0.00001335,0.00000000,0.00000000,0.00082805,0.00000000,0.00000000,0.00000000,0.00000000,0.00000000,0.00000000,0.00000000,0.00304784,0.01492475,0.03963538,0.00001335,0.00000000,0.00000000,0.00000000,0.00000000,0.00905624,0.01171759,0.00983540,0.01686601,0.00001335,0.00000000,0.00000000,0.00000000,0.00000000,0.00000000,0.00000000,0.01826167,0.04701199,0.00376090,0.00082922,0.00000000,0.00000000,0.00033157,0.00000000,0.00112202,0.02184114,0.00389650,0.05441830,0.03641097,0.00000000,0.00000000,0.00000000,0.00000000,0.00000000,0.00616725,0.00926492,0.00334105,0.01595572,0.00000000,0.00000000,0.00000000,0.00000000,0.00001335,0.00315569,0.01066185,0.00119633,0.00000000,0.00000000,0.00000000,0.00001335,0.00000000,0.00382346,0.01194306,0.01629567,0.00669277,0.00000000,0.00406156,0.00196815,0.00000000,0.00000000,0.00000000,0.00001335,0.00001335,0.00186098,0.01481572,0.00000000,0.01483962,0.02153715,0.01630805,0.00000000,0.00056704,0.01190473,0.00118785,0.04881769,0.00029935,0.00000000,0.02542068,0.02874819,0.03295328,0.00403815,0.01719891,0.02105802,0.00000000,0.00000000,0.00000000,0.00480059,0.02454010,0.01684874,0.00620807,0.00113207,0.01165190,0.00942084,0.00269232,0.00000000,0.00000000,0.00741976,0.00000000,0.00494662,0.01214874,0.02906742,0.00000000,0.00000000,0.00000000,0.00000000,0.00280277,0.02589996,0.00066174,0.00756470,0.00000000,0.00144762,0.00000000,0.00000000,0.00000000,0.00144255,0.00000000,0.00845370,0.00000000,0.00000000,0.00000000,0.00000000,0.00000000,0.00000000,0.00101850,0.00000000,0.00000000,0.00000000,0.00000000,0.00000000,0.00000000
2025/3/11,0.00000000,0.00000797,0.00000000,0.00000000,0.00000000,0.00000000,0.00104042,0.00000000,0.00000000,0.00000000,0.00000000,0.00000000,0.00955615,0.00000000,0.06210007,0.00000797,0.00000000,0.00000000,0.00000000,0.00000000,0.00499728,0.01992810,0.00116181,0.01019462,0.00000797,0.00000000,0.00000000,0.00000000,0.00267603,0.01429574,0.00000000,0.01493420,0.02995754,0.00070243,0.00037848,0.00000000,0.00000000,0.00019153,0.00000000,0.00205161,0.01652433,0.00887462,0.04987320,0.04470202,0.00000000,0.00000000,0.00000000,0.00000000,0.00000000,0.00117717,0.01734794,0.00137049,0.02436889,0.00000000,0.00000000,0.00000000,0.00000000,0.00000797,0.00217582,0.01130478,0.00000000,0.00000000,0.00000000,0.00000000,0.00000797,0.00000000,0.00206703,0.00251230,0.00000000,0.01453887,0.00000000,0.00024310,0.00077279,0.00000000,0.00064751,0.00000000,0.00000797,0.00000797,0.00000000,0.01497360,0.00000000,0.02421737,0.01040513,0.01282390,0.00603597,0.00020359,0.00333998,0.00113551,0.02632602,0.01216939,0.00593615,0.05650265,0.02865146,0.01903489,0.01114790,0.03419940,0.01989392,0.00000000,0.00000000,0.00000000,0.00784804,0.02955397,0.01671043,0.00311789,0.00362109,0.00000000,0.01144696,0.00470998,0.00000000,0.00000000,0.00436693,0.00781284,0.00000000,0.00624545,0.02082034,0.00000000,0.00000000,0.00000000,0.00000000,0.00064466,0.00996928,0.00877453,0.01085224,0.00000000,0.00000000,0.00000000,0.00000000,0.00000000,0.00215530,0.00000000,0.00442276,0.00000000,0.00000000,0.00000000,0.00000000,0.00000000,0.00000000,0.00241660,0.00000000,0.00000000,0.00000000,0.00000000,0.00000000,0.00000000
2025/3/12,0.00000000,0.00001865,0.00000000,0.00000000,0.00000000,0.00000000,0.00434795,0.00000000,0.00000000,0.00000000,0.00000000,0.00000000,0.00035585,0.00000000,0.05458345,0.00001865,0.00000000,0.00000000,0.00000000,0.00000000,0.01311668,0.01789949,0.00235262,0.01123342,0.00001865,0.00000000,0.00000000,0.00000000,0.00467555,0.00000000,0.01292793,0.02668712,0.01141380,0.00000000,0.00032537,0.00000000,0.00000000,0.00000000,0.00000000,0.00943233,0.02850804,0.02075272,0.05599831,0.02858832,0.00000000,0.00000000,0.00000000,0.00000000,0.00000000,0.00114902,0.00141900,0.00156323,0.06136917,0.00000000,0.00000000,0.00000000,0.00000000,0.00001865,0.00401355,0.01797235,0.00000000,0.00448065,0.00324143,0.00000000,0.00001865,0.00000000,0.00096595,0.00000000,0.00000000,0.01877781,0.00060015,0.00000000,0.00100979,0.00052900,0.00186036,0.00000000,0.00001865,0.00001865,0.00046365,0.00431129,0.00070764,0.00794798,0.00527512,0.01586939,0.00076663,0.00000000,0.00150901,0.00015306,0.02860244,0.00061508,0.00547647,0.03714875,0.02811025,0.01008009,0.00375411,0.01009011,0.01219570,0.00269638,0.00327484,0.00000000,0.00632970,0.02421438,0.01454362,0.00000000,0.01010804,0.00000000,0.00752673,0.00081845,0.00000000,0.00000000,0.00840166,0.00000000,0.00000000,0.00320172,0.01170776,0.00012996,0.00000000,0.00000000,0.00000000,0.00030319,0.01336514,0.00274620,0.00305129,0.00574654,0.00000000,0.00000000,0.00000000,0.00000000,0.00078813,0.00165984,0.00193704,0.00000000,0.00000000,0.00000000,0.00000000,0.00000000,0.00000000,0.00758256,0.00000000,0.00000000,0.00000000,0.00000000,0.00000000,0.00000000
2025/3/13,0.00000000,0.00002745,0.00000000,0.00000000,0.00478777,0.00461296,0.01004730,0.00000000,0.00000000,0.00000000,0.00000000,0.00000000,0.00186192,0.01514175,0.01064964,0.00002745,0.00000000,0.00000000,0.00000000,0.00100358,0.00089626,0.00464742,0.00749862,0.02025493,0.00002745,0.00000000,0.00000000,0.00000000,0.00481839,0.00000000,0.02015915,0.02595812,0.00803682,0.00000000,0.00010882,0.00000000,0.00000000,0.00000000,0.00000000,0.00837063,0.01909086,0.00000000,0.03519676,0.00479964,0.00000000,0.00000000,0.00000000,0.00000000,0.00000000,0.00225670,0.00024072,0.00135162,0.02189664,0.00000000,0.00000000,0.00000000,0.00000000,0.00002745,0.00726050,0.00687568,0.00002831,0.00191065,0.00000000,0.00000000,0.00002745,0.00000000,0.00088400,0.00000000,0.00181020,0.00747291,0.00643695,0.00181056,0.00172754,0.00593901,0.00197049,0.00436512,0.00002745,0.00002745,0.00856292,0.00238844,0.00152910,0.00624631,0.00351726,0.03224539,0.00064976,0.00000000,0.00119470,0.00000000,0.04668310,0.00000000,0.00000000,0.03321412,0.02761232,0.01544384,0.00170294,0.00455871,0.01695419,0.00000000,0.01054870,0.00000000,0.00035442,0.00790838,0.01462233,0.00856227,0.00207891,0.00307938,0.01550254,0.00042753,0.00000000,0.00000000,0.00905602,0.00687969,0.00040512,0.01338607,0.00000000,0.00338078,0.00000000,0.00000000,0.00000000,0.00000000,0.01658500,0.00295392,0.00028674,0.00113128,0.00386899,0.00000000,0.00000000,0.00000000,0.00058202,0.01028111,0.00118557,0.00000000,0.00000000,0.00000000,0.00000000,0.00000000,0.00000000,0.00147566,0.00000000,0.00000000,0.00000000,0.00000000,0.00000000,0.00000000
2025/3/14,0.00000000,0.00005248,0.00007490,0.00000000,0.00807351,0.00000000,0.00611245,0.00000000,0.00000000,0.00000000,0.00000000,0.00388009,0.00000000,0.00684938,0.00936612,0.00005248,0.00000000,0.00000000,0.00000000,0.00000000,0.00255495,0.01175583,0.00829699,0.01074945,0.00005248,0.00000000,0.00000000,0.00000000,0.00090310,0.00000000,0.01054636,0.05017526,0.00781815,0.00000000,0.00004736,0.00000000,0.00000000,0.00000000,0.00000000,0.00084073,0.00601407,0.00793281,0.02235036,0.00387421,0.00000000,0.00000000,0.00000000,0.00000000,0.00000000,0.00260547,0.01192684,0.00127983,0.01011444,0.00000000,0.00000000,0.00000000,0.00000000,0.00005248,0.01260371,0.00203829,0.00122481,0.01728353,0.00000000,0.00000000,0.00005248,0.00000000,0.00110393,0.00085423,0.00982239,0.00680914,0.01280154,0.00138811,0.00303549,0.00045670,0.00123299,0.00016487,0.00005248,0.00005248,0.00147140,0.00367517,0.00150284,0.00424061,0.00071476,0.02960491,0.00587263,0.00000000,0.00125772,0.00000000,0.07733627,0.00000000,0.00000000,0.07532735,0.02525348,0.01343176,0.00073900,0.00706742,0.01247728,0.00000000,0.01433301,0.00000000,0.00058161,0.00753732,0.01015236,0.01819523,0.00035029,0.01306792,0.00735920,0.00017582,0.00000000,0.00000000,0.00975882,0.01694758,0.00524795,0.00341617,0.00000000,0.01616669,0.00000000,0.00000000,0.00000000,0.00000000,0.01292559,0.00280147,0.00000000,0.00625977,0.00000000,0.00000000,0.00000000,0.00000000,0.00073424,0.00999798,0.00102013,0.00000000,0.00000000,0.00000000,0.00000000,0.00000000,0.00000000,0.00109323,0.00000000,0.00000000,0.00000000,0.00000000,0.00000000,0.00000000
2025/3/15,0.00000000,0.00002123,0.00027094,0.00000000,0.00827713,0.00000000,0.00677989,0.00000000,0.00000000,0.00000000,0.00000000,0.00000000,0.00170617,0.02152287,0.02534680,0.00002123,0.00000000,0.00000000,0.00000000,0.00000000,0.01335518,0.00345077,0.01595168,0.01192679,0.00002123,0.00000000,0.00000000,0.00000000,0.00366387,0.00000000,0.00294231,0.04187130,0.02036748,0.00506336,0.00000000,0.00000000,0.00000000,0.00095156,0.00359723,0.00042517,0.00000000,0.01118108,0.02992200,0.01119406,0.00000000,0.00000000,0.00000000,0.00000000,0.00000000,0.00947124,0.01090038,0.00330623,0.03076154,0.00000000,0.00000000,0.00000000,0.00000000,0.00002123,0.00770930,0.00482724,0.00044427,0.01302598,0.00000000,0.00000000,0.00002123,0.00000000,0.00008034,0.01075535,0.00792956,0.00008960,0.01549716,0.00218759,0.00888503,0.00000000,0.00478896,0.00000000,0.00002123,0.00002123,0.00284381,0.00535320,0.00053666,0.01037303,0.00000000,0.02517195,0.00353863,0.00000000,0.00120116,0.00377979,0.10446546,0.00270659,0.00000000,0.05727642,0.03843455,0.00781988,0.00067411,0.02646084,0.01687682,0.00000000,0.00021455,0.00000000,0.01035980,0.00753254,0.00549349,0.00169267,0.00000000,0.01299470,0.00384947,0.00000000,0.00000000,0.00000000,0.01518703,0.02605563,0.00000000,0.00159824,0.00297207,0.01178230,0.00000000,0.00000000,0.00000000,0.00000000,0.03681953,0.00593865,0.00000000,0.00048935,0.00000000,0.00000000,0.00000000,0.00000000,0.00171495,0.00098185,0.00064417,0.00000000,0.00000000,0.00000000,0.00000000,0.00000000,0.00000000,0.00149040,0.00000000,0.00000000,0.00000000,0.00000000,0.00000000,0.00000000
2025/3/16,0.00000000,0.00002660,0.00045844,0.00000000,0.00971058,0.00028858,0.00118915,0.00000000,0.00000000,0.00000000,0.00000000,0.00000000,0.00000000,0.05409642,0.03619660,0.00002660,0.00000000,0.00000000,0.00000000,0.00451116,0.00809102,0.00322994,0.02480503,0.01096520,0.00002660,0.00000000,0.00000000,0.00000000,0.01741422,0.00000000,0.00497944,0.03127139,0.00000000,0.00551744,0.00037493,0.00000000,0.00000000,0.00633826,0.00046768,0.00432051,0.00061926,0.00657533,0.02775517,0.00000000,0.00000000,0.00000000,0.00000000,0.00000000,0.00000000,0.00145094,0.00190886,0.00341777,0.01339707,0.00000000,0.00000000,0.00000000,0.00000000,0.00002660,0.00357734,0.00000000,0.00065813,0.01005386,0.00062418,0.00000000,0.00002660,0.00000000,0.00000000,0.00123399,0.00000000,0.00000000,0.01170106,0.00252193,0.00817340,0.00000000,0.02250239,0.00000000,0.00002660,0.00002660,0.00340932,0.01213068,0.00165798,0.00669400,0.00000000,0.05290416,0.00692669,0.00534615,0.00009220,0.00000000,0.05485719,0.00000000,0.00000000,0.04056735,0.05374866,0.01702277,0.00094347,0.01460186,0.02886085,0.00218826,0.00000000,0.00000000,0.02251240,0.01010980,0.01328815,0.00000000,0.00284464,0.01026165,0.00218229,0.00049667,0.00000000,0.00000000,0.03257088,0.00570996,0.00000000,0.00174958,0.01714944,0.00561318,0.00000000,0.00000000,0.00000000,0.00000000,0.02156417,0.01327439,0.00000000,0.00120574,0.00068027,0.00000000,0.00000000,0.00000000,0.00651973,0.00000000,0.00044071,0.00000000,0.00000000,0.00000000,0.00000000,0.00000000,0.00000000,0.00035122,0.00000000,0.00000000,0.00000000,0.00000000,0.00000000,0.00000000
2025/3/17,0.00000000,0.00003029,0.00052679,0.00000000,0.01428360,0.00073987,0.00375347,0.00000000,0.00000000,0.00000000,0.00000000,0.00000000,0.00000000,0.06273351,0.04287253,0.00003029,0.00000000,0.00000000,0.00000000,0.00000000,0.00802547,0.02326958,0.02823208,0.01085572,0.00003029,0.00000000,0.00000000,0.00000000,0.00169432,0.01101785,0.00306055,0.03328005,0.02167193,0.01237082,0.00388041,0.00000000,0.00000000,0.00060610,0.00000000,0.00086992,0.00000000,0.01312268,0.03903088,0.00464963,0.00000000,0.00000000,0.00000000,0.00000000,0.00000000,0.00590625,0.00418876,0.00639228,0.01603661,0.00000000,0.00000000,0.00000000,0.00000000,0.00003029,0.00132733,0.00397119,0.00836486,0.01890292,0.00015988,0.00000000,0.00003029,0.00000000,0.00000000,0.00000000,0.00000000,0.01064608,0.01158372,0.00113804,0.00062051,0.00000000,0.00534885,0.00000000,0.00003029,0.00003029,0.01073008,0.00603605,0.00844630,0.00000000,0.00141471,0.04928407,0.00000000,0.00000000,0.00000000,0.00000000,0.04492182,0.00000000,0.00000000,0.05746523,0.03696481,0.02568618,0.00045801,0.00545958,0.02778906,0.00000000,0.00086653,0.00000000,0.02173413,0.01123192,0.01255567,0.00000000,0.00916385,0.00710712,0.00086799,0.00000000,0.00000000,0.00000000,0.02746952,0.01043280,0.00717027,0.00349862,0.00970034,0.00299267,0.00000000,0.00000000,0.00000000,0.00000000,0.01610765,0.01199451,0.00000000,0.00187341,0.00743602,0.00000000,0.00000000,0.00000000,0.01439073,0.00000000,0.00036410,0.00000000,0.00000000,0.00000000,0.00000000,0.00000000,0.00000000,0.00000000,0.00000000,0.00000000,0.00000000,0.00000000,0.00000000,0.00000000
2025/3/18,0.00000000,0.00004258,0.00041158,0.00000000,0.00699328,0.00000000,0.00000000,0.00000000,0.00000000,0.00000000,0.00000000,0.00000000,0.00629926,0.03185193,0.06145388,0.00004258,0.00000000,0.00000000,0.00000000,0.00000000,0.00756044,0.00226685,0.02441318,0.00286738,0.00004258,0.00000000,0.00000000,0.00000000,0.00446047,0.01148938,0.00350481,0.04832424,0.01258510,0.00000000,0.00000000,0.00000000,0.00000000,0.00000000,0.00000000,0.00120891,0.00000000,0.00868312,0.05647795,0.01293292,0.00000000,0.00000000,0.00000000,0.00000000,0.00000000,0.00014146,0.00862118,0.01452438,0.03660905,0.00000000,0.00000000,0.00000000,0.00000000,0.00004258,0.00512381,0.00083481,0.00337887,0.02137029,0.00000000,0.00000000,0.00004258,0.00000000,0.00000000,0.01186434,0.00036485,0.00162802,0.01294153,0.00028832,0.00000000,0.00000000,0.00176862,0.00000000,0.00004258,0.00004258,0.00509573,0.00445549,0.00148327,0.00167062,0.00000000,0.02908106,0.00000000,0.00000000,0.00002913,0.00137014,0.05937808,0.00000000,0.00747381,0.03439823,0.04798373,0.01271198,0.00000000,0.00111741,0.01083835,0.00000000,0.00376813,0.00000000,0.00315645,0.00018391,0.00707469,0.00000000,0.02484151,0.00536462,0.00086908,0.00000000,0.00000000,0.00000000,0.02742174,0.01374462,0.00000000,0.00906858,0.00422836,0.00144103,0.00000000,0.00000000,0.00000000,0.00000000,0.03618113,0.01015946,0.00046049,0.00410456,0.00120756,0.00000000,0.00000000,0.00000000,0.00891273,0.00000000,0.00516968,0.00000000,0.00000000,0.00000000,0.00000000,0.00000000,0.00000000,0.00000000,0.00000000,0.00000000,0.00000000,0.00000000,0.00000000,0.00000000
2025/3/19,0.00000000,0.00004388,0.00012409,0.00000000,0.00000000,0.00037294,0.00000000,0.00000000,0.00000000,0.00000000,0.00000000,0.00000000,0.00441379,0.05271991,0.05791272,0.00004388,0.00000000,0.00000000,0.00000000,0.00238310,0.00324170,0.00000000,0.02919849,0.02108072,0.00004388,0.00000000,0.00000000,0.00000000,0.01057378,0.00899373,0.01863227,0.03686836,0.00859190,0.00000000,0.00000000,0.00000000,0.00000000,0.00000000,0.00212809,0.00156314,0.01712598,0.00574331,0.07001012,0.01445383,0.00000000,0.00000000,0.00000000,0.00000000,0.00000000,0.00094249,0.01527301,0.01489607,0.02576815,0.00000000,0.00000000,0.00000000,0.00000000,0.00004388,0.00141702,0.00000000,0.00000000,0.02319773,0.00000000,0.00000000,0.00004388,0.00000000,0.00063644,0.02264951,0.00100861,0.00000000,0.00897670,0.00262087,0.00000000,0.00000000,0.00118613,0.00004873,0.00004388,0.00004388,0.00427812,0.00699803,0.00038723,0.01322135,0.00000000,0.03614968,0.00145467,0.00000000,0.00839220,0.00849070,0.05264504,0.00371606,0.00000000,0.03464007,0.05549122,0.01190743,0.00000000,0.00418483,0.00723691,0.00840025,0.00324056,0.00000000,0.00179110,0.00325983,0.01060205,0.00000000,0.02013696,0.00386732,0.00050414,0.00522093,0.00000000,0.00000000,0.02638002,0.01113063,0.00000000,0.00850013,0.01218222,0.00048766,0.00000000,0.00000000,0.00000000,0.00000000,0.03102066,0.00569860,0.00000000,0.00022253,0.00250370,0.00000000,0.00000000,0.00000000,0.00384125,0.00148596,0.00000000,0.00000000,0.00000000,0.00000000,0.00000000,0.00000000,0.00000000,0.00000000,0.00000000,0.00000000,0.00000000,0.00000000,0.00000000,0.00000000
2025/3/20,0.00000000,0.00003715,0.00021586,0.00000000,0.00443131,0.00446729,0.00000000,0.00000000,0.00000000,0.00000000,0.00000000,0.00415264,0.01450448,0.04446813,0.05269766,0.00003715,0.00000000,0.00000000,0.00000000,0.00094061,0.01157974,0.00000000,0.02296229,0.03149828,0.00003715,0.00000000,0.00000000,0.00000000,0.00936279,0.00000000,0.01437551,0.04686050,0.02491120,0.00030105,0.00893386,0.00000000,0.00000000,0.00000000,0.00597487,0.00021108,0.02620192,0.00679237,0.03784680,0.03306637,0.00000000,0.00000000,0.00000000,0.00000000,0.00000000,0.00740948,0.00787465,0.00433681,0.01427455,0.00000000,0.00000000,0.00000000,0.00000000,0.00003715,0.00299644,0.00000000,0.00055328,0.01313702,0.00000000,0.00000000,0.00003715,0.00000000,0.00576899,0.02130461,0.00000000,0.00814118,0.00787411,0.00246159,0.00582758,0.00000000,0.00009828,0.00000000,0.00003715,0.00003715,0.00540902,0.00860056,0.00109640,0.03605802,0.00109779,0.03554682,0.00000000,0.00025390,0.00162157,0.00501458,0.04746908,0.00062741,0.00000000,0.03361870,0.05346251,0.02993907,0.00000000,0.00232539,0.00630690,0.00000000,0.00153100,0.00000000,0.00649601,0.00449340,0.00588841,0.00925308,0.01548861,0.00000000,0.00182521,0.00524921,0.00000000,0.00000000,0.02325677,0.01712355,0.00266684,0.00953588,0.01959920,0.00007249,0.00000000,0.00000000,0.00000000,0.00195998,0.02905345,0.00500525,0.00000000,0.00139990,0.01387774,0.00000000,0.00000000,0.00000000,0.00006752,0.00334669,0.00038012,0.00000000,0.00000000,0.00000000,0.00000000,0.00000000,0.00000000,0.00000000,0.00000000,0.00000000,0.00000000,0.00000000,0.00000000,0.00000000
2025/3/21,0.00000000,0.00002452,0.00001031,0.00000000,0.00000000,0.00000000,0.00000000,0.00000000,0.00000000,0.00000000,0.00000000,0.00000000,0.01333844,0.03690659,0.07357149,0.00002452,0.00000000,0.00000000,0.00000000,0.00166017,0.01335559,0.00422295,0.02391790,0.03035592,0.00002452,0.00000000,0.00000000,0.00000000,0.00427787,0.00000000,0.01771902,0.03440124,0.03632162,0.00022283,0.00000000,0.00000000,0.00000000,0.00000000,0.01201540,0.00205859,0.02190192,0.00930536,0.03008522,0.03296092,0.00000000,0.00000000,0.00000000,0.00000000,0.00000000,0.00260241,0.00160819,0.00109694,0.03549094,0.00000000,0.00000000,0.00000000,0.00000000,0.00002452,0.00693584,0.00164100,0.00112456,0.03390037,0.00000000,0.00000000,0.00002452,0.00000000,0.00137243,0.00806607,0.00000000,0.00000000,0.00137595,0.00498806,0.00006057,0.00000000,0.00000000,0.00000000,0.00002452,0.00002452,0.01066762,0.02184572,0.00111053,0.02711360,0.01743924,0.02324116,0.00392234,0.00006966,0.00095100,0.01048580,0.02891181,0.00977164,0.00166755,0.06357258,0.03345383,0.01207811,0.00036597,0.00445247,0.02058193,0.00422933,0.00000000,0.00000000,0.00150214,0.00407734,0.00858245,0.01055872,0.01182240,0.00480350,0.00272029,0.00041700,0.00000000,0.00000000,0.01890457,0.02573407,0.00532207,0.00117830,0.01991973,0.00000000,0.00000000,0.00000000,0.00000000,0.01024886,0.02591827,0.01227406,0.00026790,0.00992136,0.00057991,0.00000000,0.00000000,0.00000000,0.00000000,0.00419375,0.00597597,0.00000000,0.00000000,0.00000000,0.00000000,0.00000000,0.00000000,0.00000000,0.00000000,0.00000000,0.00000000,0.00000000,0.00000000,0.00000000
2025/3/22,0.00000000,0.00003739,0.00049477,0.00000000,0.00023959,0.00000000,0.00013570,0.00000000,0.00000000,0.00000000,0.00000000,0.00000000,0.00568782,0.03020879,0.03690594,0.00003739,0.00000000,0.00000000,0.00000000,0.00000000,0.01442016,0.01942030,0.01305430,0.02067665,0.00003739,0.00000000,0.00000000,0.00000000,0.00000000,0.00107873,0.01326106,0.03205873,0.02246195,0.00013813,0.00000000,0.00000000,0.00000000,0.00021630,0.00501758,0.00122027,0.02011213,0.00517345,0.05523361,0.02352996,0.00000000,0.00000000,0.00000000,0.00000000,0.00000000,0.00833446,0.00765828,0.00178949,0.04883352,0.00000000,0.00000000,0.00000000,0.00000000,0.00003739,0.01397324,0.00676187,0.00200999,0.02312646,0.00000000,0.00000000,0.00003739,0.00000000,0.00000000,0.00589890,0.00000000,0.00921656,0.00000000,0.00057803,0.00141448,0.00000000,0.00000000,0.00000000,0.00003739,0.00003739,0.00671199,0.00864578,0.00074166,0.01336518,0.00132075,0.01587803,0.00031956,0.00041626,0.00154704,0.00433266,0.03227205,0.00973421,0.00658320,0.04425958,0.02488219,0.00813366,0.00517397,0.00465534,0.01628679,0.01345473,0.00221826,0.00000000,0.01078403,0.00000000,0.01569813,0.00104474,0.00106947,0.00620848,0.00054481,0.00413145,0.00000000,0.00000000,0.01570856,0.02280690,0.01243993,0.00164299,0.04070640,0.00000000,0.00000000,0.00000000,0.00000000,0.00104506,0.00277505,0.00806087,0.00113136,0.00064966,0.00000000,0.00000000,0.00000000,0.00000000,0.00051705,0.00000000,0.00143876,0.00000000,0.00000000,0.00000000,0.00000000,0.00000000,0.00000000,0.00221433,0.00000000,0.00000000,0.00000000,0.00000000,0.00000000,0.00000000
2025/3/23,0.00000000,0.00002527,0.00062263,0.00000000,0.01116543,0.00000000,0.00000000,0.00000000,0.00000000,0.00000000,0.00000000,0.00000000,0.00889031,0.04116187,0.02714844,0.00002527,0.00000000,0.00000000,0.00000000,0.00000000,0.01841070,0.01197270,0.01544346,0.01732283,0.00002527,0.00000000,0.00000000,0.00000000,0.00043489,0.00000000,0.00947811,0.04010655,0.05484745,0.00062911,0.00000000,0.00000000,0.00000000,0.00000000,0.00106328,0.00127601,0.01685683,0.01111163,0.05259779,0.03122231,0.00000000,0.00000000,0.00000000,0.00000000,0.00000000,0.00013896,0.00000000,0.00608896,0.04273734,0.00000000,0.00000000,0.00000000,0.00000000,0.00002527,0.00848525,0.01705434,0.00166923,0.02372216,0.00000000,0.00000000,0.00002527,0.00000000,0.00000000,0.00845297,0.00000000,0.01846073,0.00685228,0.00141469,0.00064176,0.00000000,0.00000000,0.00011020,0.00002527,0.00002527,0.00000000,0.00033248,0.00009011,0.00533033,0.00614269,0.02461842,0.00419662,0.00005573,0.00091079,0.00600812,0.04052266,0.00437128,0.01330787,0.05698932,0.04160947,0.02470726,0.00064195,0.00755733,0.02488364,0.00098684,0.00170332,0.00000000,0.00000000,0.00941967,0.00050447,0.00072000,0.00000000,0.02452391,0.00016210,0.01337048,0.00000000,0.00000000,0.02002353,0.02142227,0.00880487,0.00254062,0.02581533,0.00000000,0.00000000,0.00000000,0.00000000,0.00000000,0.00000000,0.01292859,0.00116846,0.00047312,0.00000000,0.00000000,0.00000000,0.00000000,0.00125491,0.00249053,0.00584132,0.00000000,0.00000000,0.00000000,0.00000000,0.00000000,0.00000000,0.00327970,0.00000000,0.00000000,0.00000000,0.00000000,0.00000000,0.00000000
2025/3/24,0.00000000,0.00003178,0.00066340,0.00000000,0.02196749,0.00168181,0.00000000,0.00000000,0.00000000,0.00000000,0.00000000,0.00011579,0.00805573,0.04725552,0.03634781,0.00003178,0.00000000,0.00000000,0.00000000,0.00000000,0.02193025,0.00000000,0.01544132,0.00714585,0.00003178,0.00000000,0.00000000,0.00000000,0.00000000,0.00000000,0.02600817,0.01999244,0.02387276,0.01799352,0.00026755,0.00000000,0.00000000,0.00000000,0.00000000,0.00273575,0.00000000,0.02349198,0.04674027,0.01574224,0.00000000,0.00000000,0.00000000,0.00000000,0.00000000,0.00060078,0.00395571,0.00006064,0.05300964,0.00000000,0.00000000,0.00000000,0.00000000,0.00003178,0.00555417,0.01991191,0.00163608,0.01011122,0.00000000,0.00000000,0.00003178,0.00000000,0.00000000,0.00703530,0.00108422,0.02525838,0.00513688,0.00125655,0.00039930,0.00000000,0.00323590,0.00000000,0.00003178,0.00003178,0.00906694,0.00850668,0.00000000,0.00206663,0.00000000,0.03214046,0.01003964,0.00000000,0.00046686,0.00176042,0.02879085,0.01696880,0.03067361,0.02379607,0.01898850,0.02597155,0.00015405,0.00331120,0.03971347,0.00000000,0.00122631,0.00000000,0.00000000,0.01709538,0.00000000,0.00658975,0.00648697,0.01571563,0.00046993,0.00887916,0.00000000,0.00000000,0.00335957,0.00739270,0.00000000,0.00361555,0.01095005,0.00014042,0.00000000,0.00000000,0.00000000,0.00000000,0.01581837,0.02107733,0.00103795,0.00187901,0.00000000,0.00000000,0.00000000,0.00000000,0.00141821,0.00000000,0.00092117,0.00000000,0.00000000,0.00000000,0.00000000,0.00000000,0.00000000,0.00427981,0.00000000,0.00000000,0.00000000,0.00000000,0.00000000,0.00000000
2025/3/25,0.00000000,0.00003601,0.00048540,0.00000000,0.00623694,0.00229498,0.00000000,0.00000000,0.00000000,0.00000000,0.00000000,0.00046479,0.01431541,0.02019252,0.04225896,0.00003601,0.00000000,0.00000000,0.00000000,0.00053596,0.02694046,0.00252928,0.02558054,0.00348663,0.00003601,0.00000000,0.00000000,0.00000000,0.00000000,0.00117924,0.01858656,0.01628954,0.02115270,0.00574141,0.00027045,0.00000000,0.00000000,0.00000000,0.00000000,0.00189179,0.00019290,0.00654666,0.03487292,0.01869842,0.00000000,0.00000000,0.00000000,0.00000000,0.00000000,0.00250082,0.00000000,0.00000000,0.02775134,0.00000000,0.00000000,0.00000000,0.00000000,0.00003601,0.00442531,0.00605501,0.00170920,0.00437300,0.00000000,0.00000000,0.00003601,0.00000000,0.00000000,0.00125540,0.00006672,0.00844303,0.01577408,0.00101546,0.00259234,0.00014557,0.00457484,0.00077903,0.00003601,0.00003601,0.01208534,0.00000000,0.00000000,0.00093986,0.00000000,0.02621513,0.00326984,0.00000000,0.00266771,0.01076228,0.06018080,0.00449919,0.01345941,0.04603836,0.02551703,0.00584936,0.00062918,0.00282913,0.04266940,0.00000000,0.00185971,0.00000000,0.00349673,0.02426153,0.00187359,0.00000000,0.00147005,0.02074812,0.00063524,0.00993889,0.00000000,0.00000000,0.00522555,0.01293490,0.00258691,0.00109728,0.00412579,0.00007392,0.00000000,0.00000000,0.00000000,0.00016280,0.01025342,0.01940969,0.00127711,0.00249369,0.00000000,0.00000000,0.00000000,0.00000000,0.00000000,0.00110549,0.00434725,0.00000000,0.00000000,0.00000000,0.00000000,0.00000000,0.00000000,0.01145293,0.00000000,0.00000000,0.00000000,0.00000000,0.00000000,0.00000000
2025/3/26,0.00000000,0.00003853,0.00021681,0.00000000,0.00000000,0.00195603,0.00181871,0.00000000,0.00000000,0.00000000,0.00000000,0.00053727,0.00649340,0.01955240,0.06765458,0.00003853,0.00000000,0.00000000,0.00000000,0.00150538,0.03134729,0.00000000,0.02782451,0.01427451,0.00003853,0.00000000,0.00000000,0.00000000,0.00000000,0.00974195,0.03102566,0.02320264,0.00862564,0.00256457,0.00107165,0.00000000,0.00000000,0.00023710,0.00000000,0.00100685,0.00066921,0.01016047,0.03366276,0.02276147,0.00000000,0.00000000,0.00000000,0.00000000,0.00000000,0.00373693,0.00016576,0.00075880,0.01516581,0.00000000,0.00000000,0.00000000,0.00000000,0.00003853,0.00284317,0.00596514,0.00182837,0.01290357,0.00024093,0.00000000,0.00003853,0.00000000,0.00051930,0.00086641,0.00264234,0.01572441,0.01321544,0.00000000,0.00321110,0.00020496,0.01061605,0.00095706,0.00003853,0.00003853,0.00239801,0.00214091,0.00014820,0.00000000,0.00000000,0.01124027,0.00288104,0.00000000,0.01164711,0.00000000,0.07290340,0.00913511,0.00579078,0.03332512,0.03778061,0.00844946,0.00110809,0.00194703,0.03136628,0.00415696,0.00868585,0.00000000,0.00000000,0.01166922,0.00408695,0.00029037,0.00000000,0.02581632,0.00233775,0.01438385,0.00000000,0.00000000,0.01676742,0.00902618,0.00000000,0.00000000,0.00000000,0.00042853,0.00000000,0.00000000,0.00000000,0.00053953,0.00242249,0.00568500,0.00088075,0.00213351,0.00000000,0.00000000,0.00000000,0.00000000,0.00043517,0.01258548,0.00047004,0.00000000,0.00000000,0.00000000,0.00000000,0.00000000,0.00000000,0.01909650,0.00000000,0.00000000,0.00000000,0.00000000,0.00000000,0.00000000
2025/3/27,0.00000000,0.00004869,0.00037319,0.00000000,0.00220200,0.00256201,0.00000000,0.00000000,0.00000000,0.00000000,0.00000000,0.00033736,0.00041108,0.05353398,0.05863218,0.00004869,0.00000000,0.00000000,0.00000000,0.00159235,0.01223512,0.00000000,0.02835733,0.01839443,0.00004869,0.00000000,0.00000000,0.00000000,0.00538913,0.00649758,0.00599204,0.01744069,0.01924466,0.00729106,0.00040037,0.00000000,0.00000000,0.00035143,0.00000000,0.00114086,0.00323543,0.00910858,0.02801121,0.00724712,0.00000000,0.00000000,0.00000000,0.00000000,0.00000000,0.00287758,0.00944777,0.01219974,0.02869450,0.00000000,0.00000000,0.00000000,0.00000000,0.00004869,0.00469957,0.00952687,0.00243526,0.01975219,0.00044278,0.00000000,0.00004869,0.00000000,0.00200326,0.00285460,0.01741137,0.00745028,0.00376745,0.00082468,0.00518163,0.00002873,0.00547680,0.00079186,0.00004869,0.00004869,0.00285717,0.02225777,0.00013888,0.00000000,0.00000000,0.02008379,0.01190930,0.00000000,0.00250560,0.00000000,0.07829340,0.00334644,0.00111696,0.02985716,0.03578170,0.01750125,0.00230318,0.00068094,0.02842238,0.01461236,0.00000000,0.00000000,0.00000000,0.00576632,0.01354474,0.00176582,0.00000000,0.01230378,0.00056503,0.00585268,0.00000000,0.00000000,0.01238472,0.00333625,0.00013582,0.00000000,0.00000000,0.00047722,0.00000000,0.00000000,0.00000000,0.00065372,0.00973222,0.00484029,0.00124114,0.00184327,0.00000000,0.00000000,0.00000000,0.00000000,0.00976441,0.00000000,0.00078658,0.00000000,0.00000000,0.00000000,0.00000000,0.00000000,0.00000000,0.00000000,0.00000000,0.00000000,0.00000000,0.00000000,0.00000000,0.00000000
2025/3/28,0.00000000,0.00006882,0.00038149,0.00000000,0.01808595,0.00444321,0.00000000,0.00000000,0.00000000,0.00000000,0.00000000,0.00000000,0.00000000,0.05005357,0.06479841,0.00006882,0.00000000,0.00000000,0.00000000,0.00018723,0.01646571,0.00445521,0.02803013,0.01896715,0.00006882,0.00000000,0.00000000,0.00000000,0.00279583,0.00678424,0.01472449,0.04214633,0.04599744,0.02050393,0.00063299,0.00000000,0.00000000,0.00051118,0.00000000,0.00468866,0.02072660,0.01096122,0.03705125,0.00697943,0.00000000,0.00000000,0.00000000,0.00000000,0.00000000,0.00347117,0.00510760,0.00265643,0.03652057,0.00000000,0.00000000,0.00000000,0.00000000,0.00006882,0.01203569,0.02656349,0.00255239,0.02953265,0.00047108,0.00000000,0.00006882,0.00000000,0.00454490,0.00588994,0.00808561,0.00738025,0.00093387,0.01649795,0.00984047,0.00000000,0.00582848,0.00090867,0.00006882,0.00006882,0.00337048,0.02373815,0.00010151,0.00000000,0.00559392,0.03026937,0.00426378,0.00003546,0.00000000,0.00000000,0.05377330,0.00790491,0.00000000,0.06398860,0.05276121,0.02091899,0.00216733,0.00214906,0.02508889,0.00672329,0.00068457,0.00000000,0.00386807,0.00419683,0.01320822,0.00000000,0.00511985,0.01125622,0.00294894,0.00000000,0.00000000,0.00000000,0.01737986,0.00165083,0.00160156,0.00074450,0.00000000,0.00058149,0.00000000,0.00000000,0.00000000,0.00076686,0.01810902,0.00000000,0.00092915,0.00080572,0.00000000,0.00000000,0.00000000,0.00000000,0.01513394,0.00000000,0.00021163,0.00000000,0.00000000,0.00000000,0.00000000,0.00000000,0.00000000,0.00000000,0.00000000,0.00000000,0.00000000,0.00000000,0.00000000,0.00000000
2025/3/29,0.00000000,0.00006611,0.00042364,0.00000000,0.00404762,0.01633347,0.00014221,0.00000000,0.00000000,0.00000000,0.00000000,0.00076925,0.00000000,0.04608541,0.06046195,0.00006611,0.00000000,0.00000000,0.00000000,0.00000000,0.01556939,0.01087500,0.01010787,0.01625001,0.00006611,0.00000000,0.00000000,0.00000000,0.00298208,0.00889539,0.02338116,0.02629432,0.04465184,0.00732160,0.00130414,0.00000000,0.00000000,0.00033381,0.00000000,0.00180100,0.02206420,0.01126953,0.07304013,0.00382425,0.00000000,0.00000000,0.00000000,0.00000000,0.00000000,0.00276387,0.00215312,0.00073624,0.04804305,0.00000000,0.00000000,0.00000000,0.00000000,0.00006611,0.00877236,0.00586742,0.00243546,0.02215046,0.00053853,0.00000000,0.00006611,0.00000000,0.01346748,0.00846204,0.00377750,0.00281692,0.00895005,0.00843546,0.00110319,0.00000000,0.00808724,0.00126340,0.00006611,0.00006611,0.00218152,0.00907523,0.00000000,0.00069956,0.00000000,0.02702343,0.01257276,0.00017152,0.00029743,0.00000000,0.05278830,0.00045656,0.00374270,0.05119003,0.06525742,0.03549182,0.00179558,0.00494257,0.02498326,0.00196961,0.00081796,0.00000000,0.00923345,0.00767017,0.02633721,0.00000000,0.00121263,0.00352209,0.00000000,0.00000000,0.00000000,0.00000000,0.02063766,0.02928514,0.00005699,0.00000000,0.00021529,0.00020791,0.00000000,0.00000000,0.00000000,0.00000000,0.04779255,0.00000000,0.00042034,0.00157924,0.00000000,0.00000000,0.00000000,0.00000000,0.00000000,0.00000000,0.00000000,0.00000000,0.00000000,0.00000000,0.00000000,0.00000000,0.00000000,0.00015900,0.00000000,0.00000000,0.00000000,0.00000000,0.00000000,0.00000000
2025/3/30,0.00000000,0.00006875,0.00373066,0.00000000,0.00172901,0.00539698,0.00000000,0.00000000,0.00000000,0.00000000,0.00000000,0.00123008,0.01275472,0.03229979,0.06220980,0.00006875,0.00000000,0.00000000,0.00000000,0.00000000,0.00150531,0.00000000,0.01834019,0.02563091,0.00006875,0.00000000,0.00000000,0.00000000,0.00000000,0.00307282,0.02477075,0.02864533,0.03426140,0.00630141,0.00107862,0.00000000,0.00000000,0.00020180,0.00000000,0.00552295,0.00724624,0.00000000,0.06155321,0.03267341,0.00000000,0.00000000,0.00000000,0.00000000,0.00000000,0.00140440,0.00660485,0.00231017,0.05004495,0.00000000,0.00000000,0.00000000,0.00000000,0.00006875,0.01796822,0.00245676,0.00686193,0.02495451,0.00056126,0.00000000,0.00006875,0.00000000,0.00383071,0.00232052,0.00000000,0.00904728,0.00750761,0.01892177,0.00000000,0.00000000,0.01366147,0.00038278,0.00006875,0.00006875,0.00307828,0.00262000,0.00025116,0.00000000,0.00000000,0.04283355,0.01833863,0.00036303,0.00234320,0.00042459,0.05387833,0.00000000,0.00383021,0.02906320,0.04639470,0.01800739,0.00117154,0.00393337,0.00454820,0.00000000,0.00384918,0.00000000,0.01051687,0.00002959,0.05066959,0.00000000,0.00802990,0.01785966,0.00079296,0.00139833,0.00000000,0.00000000,0.01227867,0.01885306,0.00000000,0.00000000,0.01973086,0.00000000,0.00000000,0.00000000,0.00000000,0.00000000,0.01164388,0.00183827,0.00002477,0.01168392,0.00479480,0.00000000,0.00000000,0.00000000,0.00327370,0.01183788,0.00000000,0.00000000,0.00000000,0.00000000,0.00000000,0.00000000,0.00000000,0.00073443,0.00000000,0.00000000,0.00000000,0.00000000,0.00000000,0.00000000
2025/3/31,0.00000000,0.00003876,0.00000000,0.00000000,0.00059460,0.00353032,0.00463885,0.00000000,0.00000000,0.00000000,0.00000000,0.00102510,0.00000000,0.04195477,0.06735702,0.00003876,0.00000000,0.00000000,0.00000000,0.00537775,0.00065671,0.01174164,0.01765008,0.01135668,0.00003876,0.00000000,0.00000000,0.00000000,0.00811973,0.00462263,0.02415944,0.03084770,0.04920397,0.00177055,0.00069917,0.00000000,0.00000000,0.00000000,0.00000000,0.00000000,0.02718291,0.00730675,0.04416053,0.02360556,0.00000000,0.00000000,0.00000000,0.00000000,0.00000000,0.00038190,0.00771754,0.00814619,0.03611946,0.00000000,0.00000000,0.00000000,0.00000000,0.00003876,0.00645147,0.00264916,0.00585274,0.01685661,0.00040291,0.00000000,0.00003876,0.00000000,0.00082289,0.00260878,0.00000000,0.00287344,0.01001733,0.00788349,0.00000000,0.00000000,0.00478601,0.00196217,0.00003876,0.00003876,0.00754120,0.00050785,0.00004932,0.00258814,0.00000000,0.03218071,0.00936066,0.00000000,0.00542278,0.00095049,0.06587871,0.00000000,0.01173627,0.06026047,0.03128850,0.02660020,0.00130018,0.01294600,0.00148299,0.00239922,0.00938648,0.00000000,0.02494575,0.00265119,0.02601068,0.00000000,0.00034652,0.00856238,0.00119239,0.00000000,0.00000000,0.00000000,0.00869518,0.01658381,0.00000000,0.00080081,0.02532184,0.00067949,0.00000000,0.00000000,0.00000000,0.00000000,0.00280805,0.00998109,0.00000000,0.00000000,0.00579333,0.00000000,0.00000000,0.00000000,0.00682860,0.00368264,0.00000000,0.00000000,0.00000000,0.00000000,0.00000000,0.00000000,0.00000000,0.00044801,0.00000000,0.00000000,0.00000000,0.00000000,0.00000000,0.00000000
2025/4/1,0.00000000,0.00005704,0.00000000,0.00000000,0.00022290,0.00657491,0.00048915,0.00000000,0.00000000,0.00000000,0.00000000,0.00119715,0.00000000,0.03718451,0.06980802,0.00005704,0.00000000,0.00000000,0.00000000,0.00467814,0.00679688,0.00935537,0.02097587,0.01957223,0.00005704,0.00000000,0.00000000,0.00000000,0.00595471,0.00000000,0.02769762,0.03632761,0.04063756,0.01371492,0.00085442,0.00000000,0.00000000,0.00000000,0.00084000,0.00057387,0.04240650,0.01628182,0.02629648,0.01160759,0.00000000,0.00000000,0.00000000,0.00000000,0.00000000,0.00090436,0.00551081,0.00687067,0.07293043,0.00000000,0.00000000,0.00000000,0.00000000,0.00005704,0.00415997,0.01050397,0.01082726,0.02048207,0.00049141,0.00000000,0.00005704,0.00000000,0.00297682,0.01800455,0.02040781,0.00912450,0.01061065,0.00475607,0.01527566,0.00000000,0.00000000,0.00811665,0.00005704,0.00005704,0.01743510,0.00000000,0.00040456,0.01735532,0.00000000,0.02729219,0.01202220,0.00018633,0.00953386,0.00124522,0.05717054,0.01215687,0.00442423,0.04836510,0.04443914,0.00723762,0.00116304,0.00000000,0.01400419,0.00000000,0.01533653,0.00000000,0.02240548,0.00000000,0.01330301,0.00006063,0.00000000,0.00027240,0.00298906,0.00143056,0.00000000,0.00000000,0.00533733,0.02528979,0.00525274,0.02600452,0.02061572,0.00157077,0.00000000,0.00000000,0.00000000,0.00063134,0.00009616,0.00996194,0.00034342,0.00190394,0.00000000,0.00000000,0.00000000,0.00000000,0.00668868,0.00000000,0.00105145,0.00000000,0.00000000,0.00000000,0.00000000,0.00000000,0.00000000,0.00527586,0.00000000,0.00000000,0.00000000,0.00000000,0.00000000,0.00000000
2025/4/2,0.00000000,0.00007081,0.00000000,0.00000000,0.00290501,0.00243758,0.00472289,0.00000000,0.00000000,0.00000000,0.00000000,0.00148018,0.00000000,0.05738425,0.06961150,0.00007081,0.00000000,0.00000000,0.00000000,0.00000000,0.02213633,0.00000000,0.00659818,0.01010595,0.00007081,0.00000000,0.00000000,0.00000000,0.01244587,0.00000000,0.01749771,0.02506762,0.03368659,0.00218870,0.00155660,0.00000000,0.00000000,0.00000000,0.00000000,0.00101131,0.02700696,0.00580144,0.03587218,0.01311520,0.00000000,0.00000000,0.00000000,0.00000000,0.00000000,0.00227820,0.00334752,0.01507948,0.07508515,0.00000000,0.00000000,0.00000000,0.00000000,0.00007081,0.00962962,0.00642927,0.02036125,0.01168955,0.00000000,0.00000000,0.00007081,0.00000000,0.01274646,0.00536097,0.02199967,0.00467704,0.01793627,0.00827225,0.00471842,0.00000000,0.00867986,0.00226348,0.00007081,0.00007081,0.01754773,0.00378891,0.00037114,0.02806064,0.00357604,0.03688909,0.01107220,0.00003143,0.01739058,0.00143184,0.05236305,0.01004565,0.00539094,0.04604328,0.05485985,0.02842844,0.00085243,0.00052880,0.00041707,0.00000000,0.00903207,0.00000000,0.01406825,0.00842881,0.02267797,0.00000000,0.00000000,0.00000000,0.01023418,0.00159899,0.00000000,0.00000000,0.00857788,0.01110435,0.00000000,0.01503720,0.00146561,0.00273209,0.00000000,0.00000000,0.00000000,0.00727880,0.00154565,0.00260840,0.00649784,0.00529200,0.00429352,0.00000000,0.00000000,0.00000000,0.00000000,0.01206714,0.00564478,0.00000000,0.00000000,0.00000000,0.00000000,0.00000000,0.00000000,0.00000000,0.00000000,0.00000000,0.00000000,0.00000000,0.00000000,0.00000000
2025/4/3,0.00000000,0.00006637,0.00078805,0.00000000,0.00352476,0.00129582,0.00000000,0.00000000,0.00000000,0.00000000,0.00000000,0.00113866,0.00399328,0.04986441,0.08000831,0.00006637,0.00000000,0.00000000,0.00000000,0.00000000,0.02194816,0.01084067,0.00648109,0.03969499,0.00006637,0.00000000,0.00000000,0.00000000,0.00665062,0.00000000,0.00234470,0.01668962,0.04321376,0.00517952,0.00110638,0.00000000,0.00000000,0.00000000,0.00000000,0.00169647,0.02825346,0.00736213,0.05426767,0.02493803,0.00000000,0.00000000,0.00000000,0.00000000,0.00000000,0.00831250,0.01591353,0.00400767,0.03273390,0.00000000,0.00000000,0.00000000,0.00000000,0.00006637,0.00261518,0.00589122,0.01833491,0.00299934,0.00000000,0.00000000,0.00006637,0.00000000,0.00185766,0.00971648,0.02266682,0.00727499,0.01135984,0.00629443,0.00000000,0.00134418,0.00000000,0.00000000,0.00006637,0.00006637,0.00965602,0.00530649,0.00028797,0.02600328,0.01038700,0.01915982,0.00519339,0.00030031,0.01681946,0.00134418,0.06155962,0.00738062,0.01015960,0.03830322,0.03148511,0.03628053,0.00192782,0.01417590,0.00850519,0.00000000,0.00360513,0.00000000,0.00380866,0.01231799,0.02582637,0.00981240,0.00092897,0.00359164,0.00140967,0.00156237,0.00000000,0.00000000,0.00273613,0.00259667,0.00320998,0.00776527,0.02240306,0.00284806,0.00000000,0.00000000,0.00000000,0.00041020,0.02287086,0.00210701,0.00281381,0.00868756,0.00000000,0.00000000,0.00000000,0.00000000,0.00030048,0.00189487,0.00206499,0.00000000,0.00000000,0.00000000,0.00000000,0.00000000,0.00000000,0.00000000,0.00000000,0.00000000,0.00000000,0.00000000,0.00000000,0.00000000
2025/4/4,0.00000000,0.00006462,0.00154248,0.00000000,0.00406131,0.00125691,0.00000000,0.00000000,0.00000000,0.00000000,0.00000000,0.00098473,0.01570744,0.02816935,0.10764677,0.00006462,0.00000000,0.00000000,0.00000000,0.00000000,0.02480370,0.01812475,0.00513611,0.03613059,0.00006462,0.00000000,0.00000000,0.00000000,0.00964564,0.01414620,0.00553836,0.02284564,0.03678136,0.00204207,0.00101750,0.00000000,0.00000000,0.00000000,0.00000654,0.00539458,0.02052269,0.02370882,0.04457755,0.03738628,0.00000000,0.00000000,0.00000000,0.00000000,0.00000000,0.00366987,0.02161621,0.00091096,0.03840250,0.00000000,0.00000000,0.00000000,0.00000000,0.00006462,0.00155377,0.01075269,0.01093266,0.01576024,0.00000000,0.00000000,0.00006462,0.00000000,0.00000000,0.00594832,0.00406911,0.01533663,0.00956917,0.00127002,0.00000000,0.00384976,0.00099385,0.00000000,0.00006462,0.00006462,0.00446147,0.00637472,0.00060917,0.03147580,0.00009232,0.01403799,0.01266657,0.00036766,0.00616366,0.00145287,0.03715635,0.02003070,0.02065883,0.06169091,0.03505049,0.02545145,0.00880351,0.03197264,0.01153271,0.00000000,0.00056439,0.00000000,0.01239959,0.02322847,0.02831730,0.00716374,0.00437130,0.00000000,0.00186390,0.00368973,0.00000000,0.00000000,0.00633906,0.01770942,0.00269981,0.00352366,0.01711969,0.00154867,0.00000000,0.00000000,0.00000000,0.00000000,0.00683315,0.01191297,0.00665345,0.01080502,0.00000000,0.00000000,0.00000000,0.00000000,0.00288626,0.00164641,0.00031912,0.00000000,0.00000000,0.00000000,0.00000000,0.00000000,0.00000000,0.00080827,0.00000000,0.00000000,0.00000000,0.00000000,0.00000000,0.00000000
2025/4/5,0.00000000,0.00007121,0.00165583,0.00000000,0.00567397,0.00174296,0.00000000,0.00000000,0.00000000,0.00000000,0.00000000,0.00122978,0.00805172,0.02311552,0.10037194,0.00007121,0.00000000,0.00000000,0.00000000,0.00045586,0.03557523,0.01069670,0.01316134,0.04028779,0.00007121,0.00000000,0.00000000,0.00000000,0.00897377,0.00018414,0.02098498,0.04656129,0.02732166,0.00000000,0.00091568,0.00000000,0.00000000,0.00000000,0.00166037,0.01582348,0.02957450,0.04381209,0.04811594,0.02804635,0.00000000,0.00000000,0.00000000,0.00000000,0.00000000,0.00228060,0.00000000,0.00221667,0.08494248,0.00000000,0.00000000,0.00000000,0.00000000,0.00007121,0.00216369,0.02219084,0.00766169,0.02623122,0.00651359,0.00000000,0.00007121,0.00000000,0.00000000,0.00555226,0.00454972,0.02042263,0.00898861,0.00067407,0.00145052,0.00753343,0.00253261,0.00102907,0.00007121,0.00007121,0.00189384,0.00000000,0.00100610,0.00701340,0.00000000,0.01453530,0.00601502,0.00022194,0.00302627,0.00125184,0.03620388,0.00691549,0.02219798,0.03358711,0.03417796,0.01704571,0.00185511,0.00230149,0.00902367,0.00772504,0.00868909,0.00000000,0.01384370,0.02922397,0.02509291,0.00059816,0.01201491,0.00066641,0.00000000,0.00084156,0.00000000,0.00000000,0.01943662,0.00000000,0.00340826,0.00242921,0.01312954,0.00000000,0.00000000,0.00000000,0.00000000,0.00000000,0.01069896,0.00414563,0.00020820,0.01905954,0.00000000,0.00000000,0.00000000,0.00000000,0.00404122,0.00314189,0.00006869,0.00000000,0.00000000,0.00000000,0.00000000,0.00000000,0.00000000,0.00692950,0.00000000,0.00000000,0.00000000,0.00000000,0.00000000,0.00000000
2025/4/6,0.00000000,0.00006378,0.00120448,0.00000000,0.01732324,0.00846032,0.00269967,0.00000000,0.00000000,0.00000000,0.00000000,0.00126488,0.01322788,0.04577240,0.06276288,0.00006378,0.00000000,0.00000000,0.00000000,0.00227467,0.02084574,0.00000000,0.02374513,0.05263289,0.00006378,0.00000000,0.00000000,0.00000000,0.00451860,0.00000000,0.02688462,0.05916385,0.03301888,0.00249266,0.00098119,0.00000000,0.00000000,0.00111699,0.00389180,0.01665199,0.01677697,0.02476221,0.03374363,0.01150182,0.00000000,0.00000000,0.00000000,0.00000000,0.00000000,0.00184896,0.00000000,0.00319568,0.05886449,0.00000000,0.00000000,0.00000000,0.00000000,0.00006378,0.00369747,0.01601394,0.00638969,0.02165712,0.00000000,0.00000000,0.00006378,0.00000000,0.00000000,0.00950022,0.00815470,0.01378512,0.01257385,0.00330444,0.00411657,0.01390257,0.00125849,0.00618067,0.00006378,0.00006378,0.00891064,0.00000000,0.00100455,0.00146299,0.00000000,0.03050209,0.00623783,0.00000000,0.00212728,0.00235643,0.05431374,0.00141955,0.00972001,0.03126938,0.02847464,0.02318416,0.00059711,0.00000000,0.01999033,0.00219929,0.01812973,0.00000000,0.00525468,0.02389428,0.02141032,0.01230406,0.00505468,0.01491333,0.01070469,0.00140091,0.00000000,0.00000000,0.02492503,0.00812482,0.00629225,0.01315350,0.00000000,0.00000000,0.00000000,0.00000000,0.00000000,0.00000000,0.01462672,0.00492182,0.00000000,0.01100262,0.00447690,0.00000000,0.00000000,0.00000000,0.00543137,0.01140696,0.00079642,0.00000000,0.00000000,0.00000000,0.00000000,0.00000000,0.00000000,0.00108176,0.00000000,0.00000000,0.00000000,0.00000000,0.00000000,0.00000000
2025/4/7,0.00000000,0.00000000,0.00013190,0.00000000,0.02864206,0.00564993,0.00421654,0.00000000,0.00000000,0.00000000,0.00000000,0.00474468,0.01845749,0.03216714,0.07298163,0.00000000,0.00000000,0.00000000,0.00000000,0.00281970,0.01995247,0.01615495,0.03588123,0.05030123,0.00000000,0.00000000,0.00000000,0.00000000,0.00000000,0.00286882,0.03055196,0.09239650,0.03731431,0.00000000,0.00109851,0.00000000,0.00000000,0.00276352,0.00807340,0.01185444,0.01866935,0.04124723,0.02557434,0.01615976,0.00000000,0.00000000,0.00000000,0.00000000,0.00000000,0.00223717,0.01036998,0.00395177,0.05820632,0.00000000,0.00000000,0.00000000,0.00000000,0.00000000,0.01482500,0.02144380,0.00722302,0.03491990,0.00000000,0.00000000,0.00000000,0.00000000,0.00045726,0.01871893,0.02218405,0.02331682,0.01993863,0.00314098,0.00787711,0.01502992,0.00000000,0.00458851,0.00000000,0.00000000,0.00292640,0.00408057,0.00037844,0.01194794,0.00135871,0.04013302,0.01297198,0.00000000,0.00281311,0.00155434,0.07434901,0.00959910,0.01193476,0.07671066,0.02076843,0.02090978,0.00010708,0.00080224,0.02833392,0.00148270,0.02336156,0.00000000,0.00358499,0.03543024,0.02451953,0.02539502,0.00667601,0.03419767,0.00733306,0.00171304,0.00000000,0.00000000,0.03633974,0.02601595,0.02004498,0.01052540,0.00932858,0.01109479,0.00000000,0.00000000,0.00000000,0.00113634,0.01950256,0.00898444,0.00075950,0.01448798,0.00045186,0.00000000,0.00000000,0.00000000,0.00599436,0.01254722,0.00032882,0.00000000,0.00000000,0.00000000,0.00000000,0.00000000,0.00000000,0.00276338,0.00000000,0.00000000,0.00000000,0.00000000,0.00000000,0.00000000
2025/4/8,0.00000000,0.00000000,0.00042356,0.00000000,0.02644974,0.00263876,0.00663326,0.00000000,0.00000000,0.00000000,0.00000000,0.00000000,0.01679923,0.02792944,0.10118526,0.00000000,0.00000000,0.00000000,0.00000000,0.00780178,0.02509537,0.01627822,0.03255754,0.05678913,0.00000000,0.00000000,0.00000000,0.00000000,0.00144426,0.00243824,0.02006434,0.07983348,0.05541237,0.00964275,0.00102117,0.00000000,0.00000000,0.00677241,0.01566077,0.00810550,0.02612635,0.03947351,0.03122152,0.02967292,0.00000000,0.00000000,0.00000000,0.00000000,0.00000000,0.01463963,0.00691784,0.00518743,0.08002211,0.00000000,0.00000000,0.00000000,0.00000000,0.00000000,0.00748478,0.02168573,0.00512251,0.02034909,0.00009436,0.00000000,0.00000000,0.00000000,0.00139087,0.03108530,0.01941585,0.01670045,0.02152886,0.00399455,0.01738219,0.01005324,0.00049788,0.00311278,0.00000000,0.00000000,0.00146920,0.00582113,0.00001110,0.02144126,0.00115636,0.04320788,0.00725225,0.00016100,0.00394772,0.00646378,0.10018896,0.01305947,0.00829613,0.06739172,0.02357382,0.01645682,0.00158428,0.01940372,0.03039028,0.00380229,0.00913178,0.00000000,0.01522979,0.03170859,0.01825007,0.01091059,0.00519407,0.02597106,0.00579098,0.00026527,0.00000000,0.00000000,0.03765226,0.03803694,0.01021328,0.00626313,0.01626267,0.00389873,0.00000000,0.00000000,0.00000000,0.00115325,0.03928713,0.01060226,0.00116727,0.00699690,0.00042211,0.00000000,0.00000000,0.00000000,0.00471465,0.00134424,0.00000000,0.00000000,0.00000000,0.00000000,0.00000000,0.00000000,0.00000000,0.00263829,0.00000000,0.00000000,0.00000000,0.00000000,0.00000000,0.00000000
2025/4/9,0.00000000,0.00000000,0.00041227,0.00000000,0.03291573,0.00288016,0.00212375,0.00000000,0.00000000,0.00000000,0.00000000,0.00000000,0.00974327,0.04994981,0.10358625,0.00000000,0.00000000,0.00000000,0.00000000,0.01622926,0.01758232,0.02131636,0.03152896,0.04803928,0.00000000,0.00000000,0.00000000,0.00000000,0.01210534,0.00516975,0.01661891,0.06046195,0.02679963,0.01326850,0.00143651,0.00000000,0.00000000,0.01373266,0.00782918,0.00646479,0.02323244,0.03627010,0.04319161,0.01906202,0.00000000,0.00000000,0.00000000,0.00000000,0.00000000,0.00528075,0.00013779,0.00435027,0.05615574,0.00000000,0.00000000,0.00000000,0.00000000,0.00000000,0.00459163,0.01337095,0.00626173,0.01514908,0.00069010,0.00000000,0.00000000,0.00000000,0.00171999,0.01800998,0.00472753,0.01611950,0.01131793,0.00383242,0.02105153,0.00761644,0.02569691,0.00388004,0.00000000,0.00000000,0.00476667,0.00934461,0.00058973,0.01844174,0.00242013,0.08054505,0.01696271,0.00684328,0.00496116,0.00190884,0.04786078,0.00697855,0.00418071,0.05864616,0.03082661,0.02323322,0.00210885,0.01401335,0.03662196,0.01147548,0.00434253,0.00000000,0.03749109,0.02215748,0.02409804,0.00500933,0.00313726,0.02006101,0.00579542,0.00093660,0.00000000,0.00000000,0.05229894,0.01760687,0.01032526,0.00414016,0.02445292,0.00000000,0.00000000,0.00000000,0.00000000,0.00065970,0.02315936,0.01953107,0.00146666,0.00437159,0.00312099,0.00000000,0.00000000,0.00000000,0.00468569,0.00140410,0.00000000,0.00000000,0.00000000,0.00000000,0.00000000,0.00000000,0.00000000,0.00208900,0.00000000,0.00000000,0.00000000,0.00000000,0.00000000,0.00000000
2025/4/10,0.00000000,0.00000000,0.00026897,0.00000000,0.03905733,0.00423267,0.00418346,0.00000000,0.00000000,0.00000000,0.00000000,0.00000000,0.00855177,0.05143417,0.10362024,0.00000000,0.00000000,0.00000000,0.00000000,0.00906474,0.01880905,0.03300146,0.02430744,0.04317206,0.00000000,0.00000000,0.00000000,0.00000000,0.00337160,0.01795214,0.01502857,0.05168363,0.03439723,0.01831423,0.00404156,0.00000000,0.00000000,0.00610458,0.00233504,0.00524456,0.01071391,0.02716635,0.05543334,0.02079003,0.00000000,0.00000000,0.00000000,0.00000000,0.00000000,0.00985159,0.00416576,0.00387468,0.04711314,0.00000000,0.00000000,0.00000000,0.00000000,0.00000000,0.00388560,0.01576943,0.01911349,0.02222874,0.00102483,0.00000000,0.00000000,0.00000000,0.00350377,0.01363365,0.00397433,0.02563255,0.01273167,0.00556042,0.01450229,0.00653744,0.00131022,0.00301048,0.00000000,0.00000000,0.01802672,0.00552661,0.00550427,0.00760811,0.00783798,0.08054819,0.00416978,0.00030689,0.00505458,0.00000000,0.05245361,0.00607746,0.00657707,0.07885429,0.01702015,0.03837662,0.00228811,0.00491677,0.04490284,0.00490366,0.00374855,0.00000000,0.02742800,0.01544270,0.01869914,0.00233288,0.00262706,0.01389839,0.00561394,0.00092053,0.00000000,0.00000000,0.03146220,0.01703115,0.01685826,0.00222025,0.01416647,0.00169284,0.00000000,0.00000000,0.00000000,0.00002373,0.01953587,0.01499683,0.00167902,0.00416200,0.00972519,0.00000000,0.00000000,0.00000000,0.00829782,0.00399056,0.00064882,0.00000000,0.00000000,0.00000000,0.00000000,0.00000000,0.00000000,0.00174354,0.00000000,0.00000000,0.00000000,0.00000000,0.00000000,0.00000000
2025/4/11,0.00000000,0.00000000,0.00018568,0.00000000,0.02803636,0.00390957,0.00008158,0.00000000,0.00000000,0.00000000,0.00000000,0.00000000,0.01841848,0.03859660,0.11383867,0.00000000,0.00000000,0.00000000,0.00000000,0.00667053,0.01599802,0.01831245,0.01582498,0.02739320,0.00000000,0.00000000,0.00000000,0.00000000,0.00648929,0.01235224,0.01095099,0.05115106,0.03852028,0.00630857,0.00000000,0.00000000,0.00000000,0.00156503,0.00000000,0.00533176,0.02557942,0.02410728,0.06362589,0.02914100,0.00000000,0.00000000,0.00000000,0.00000000,0.00000000,0.00604176,0.00598199,0.00823154,0.06651247,0.00000000,0.00000000,0.00000000,0.00000000,0.00000000,0.00847553,0.01321885,0.01177567,0.02995818,0.00147877,0.00000000,0.00000000,0.00000000,0.00553166,0.02676230,0.00996171,0.01564020,0.01074718,0.00414357,0.00839459,0.00696393,0.00000000,0.00275325,0.00000000,0.00000000,0.00658953,0.00322860,0.00054032,0.00458805,0.00441855,0.05523022,0.00585346,0.00000000,0.00619441,0.00000000,0.07503115,0.00782387,0.01770495,0.04724204,0.02925283,0.02100084,0.00190551,0.00405668,0.01688888,0.00662932,0.00465034,0.00000000,0.01048505,0.00305588,0.00899430,0.00077968,0.01230816,0.01010776,0.00587307,0.00370479,0.00000000,0.00000000,0.02457849,0.02164096,0.00114576,0.00668506,0.00421369,0.00224578,0.00000000,0.00000000,0.00000000,0.00044109,0.04177591,0.01806954,0.00200841,0.00496708,0.00759328,0.00000000,0.00000000,0.00000000,0.00390017,0.00783846,0.00572012,0.00000000,0.00000000,0.00000000,0.00000000,0.00000000,0.00000000,0.00290737,0.00000000,0.00000000,0.00000000,0.00000000,0.00000000,0.00000000
2025/4/12,0.00000000,0.00000000,0.00001753,0.00000000,0.01325260,0.00391738,0.00054376,0.00000000,0.00000000,0.00000000,0.00000000,0.00023688,0.00854114,0.06315557,0.11662668,0.00000000,0.00000000,0.00000000,0.00000000,0.00893226,0.01037785,0.00896549,0.01849232,0.03495046,0.00000000,0.00000000,0.00000000,0.00000000,0.01577555,0.00923385,0.02086034,0.03237958,0.03962452,0.00376480,0.00000000,0.00000000,0.00000000,0.00000000,0.00000000,0.00488273,0.04092206,0.01778194,0.06695345,0.01910645,0.00000000,0.00000000,0.00000000,0.00000000,0.00000000,0.00900269,0.00930304,0.01098289,0.04760399,0.00000000,0.00000000,0.00000000,0.00000000,0.00000000,0.00500337,0.00599147,0.00466162,0.03038990,0.00116196,0.00000000,0.00000000,0.00000000,0.00977089,0.03204587,0.00764258,0.00599599,0.00513128,0.00399398,0.00576017,0.00743946,0.00149368,0.00257143,0.00000000,0.00000000,0.00741167,0.00752790,0.00011062,0.00880647,0.00037391,0.05301763,0.01027854,0.00000000,0.01767779,0.00473461,0.07269896,0.00959159,0.00744508,0.05193387,0.04825495,0.01430264,0.00180928,0.00497951,0.01526308,0.02225504,0.00443935,0.00000000,0.00836565,0.01063162,0.01381415,0.00264070,0.00930880,0.00964572,0.00555608,0.01561762,0.00000000,0.00000000,0.02414705,0.00962671,0.00000000,0.00483777,0.00774400,0.00160252,0.00000000,0.00000000,0.00000000,0.00159206,0.03595585,0.00815338,0.00125995,0.00469099,0.01213485,0.00000000,0.00000000,0.00000000,0.00285112,0.00601232,0.00298000,0.00000000,0.00000000,0.00000000,0.00000000,0.00000000,0.00000000,0.00348839,0.00000000,0.00000000,0.00000000,0.00000000,0.00000000,0.00000000
2025/4/13,0.00000000,0.00000000,0.00047685,0.00000000,0.01709839,0.00678384,0.00117931,0.00000000,0.00000000,0.00000000,0.00000000,0.00513454,0.01651087,0.07892560,0.10459922,0.00000000,0.00000000,0.00000000,0.00000000,0.00280494,0.02366946,0.00702307,0.02094098,0.03142846,0.00000000,0.00000000,0.00000000,0.00000000,0.01759931,0.00249847,0.01510411,0.05173692,0.04491368,0.00178662,0.01216025,0.00000000,0.00000000,0.00000000,0.00000000,0.00361486,0.04130016,0.01574841,0.04875752,0.03660459,0.00000000,0.00000000,0.00000000,0.00000000,0.00000000,0.01756139,0.00309050,0.00330345,0.04202094,0.00000000,0.00000000,0.00000000,0.00000000,0.00000000,0.00538331,0.00649849,0.00535132,0.01845352,0.00092783,0.00000000,0.00000000,0.00000000,0.01780255,0.02170382,0.00364835,0.01434598,0.01056762,0.00295564,0.01000245,0.00750817,0.00327649,0.00231154,0.00000000,0.00000000,0.01383983,0.00646444,0.00072373,0.02736840,0.00000000,0.04905391,0.00890911,0.00000000,0.00394176,0.00156986,0.06349435,0.00137827,0.00609026,0.04936993,0.05586047,0.03668249,0.00161271,0.00541003,0.01608163,0.00413912,0.00381679,0.00000000,0.01134012,0.01614671,0.01489613,0.01142137,0.01478816,0.00486323,0.00604136,0.01420916,0.00000000,0.00000000,0.02702296,0.01656860,0.00098037,0.00787880,0.00581631,0.00099459,0.00000000,0.00000000,0.00000000,0.00511436,0.04724089,0.01079940,0.00139922,0.00848945,0.02383801,0.00000000,0.00000000,0.00000000,0.00238491,0.00599432,0.00699026,0.00000000,0.00000000,0.00000000,0.00000000,0.00000000,0.00000000,0.00283996,0.00000000,0.00000000,0.00000000,0.00000000,0.00000000,0.00000000
2025/4/14,0.00000000,0.00000000,0.00086353,0.00000000,0.00506950,0.00341321,0.00166302,0.00000000,0.00000000,0.00000000,0.00000000,0.00016262,0.01432406,0.06335413,0.12169825,0.00000000,0.00000000,0.00000000,0.00000000,0.00596086,0.01964587,0.00581061,0.02041791,0.02679039,0.00000000,0.00000000,0.00000000,0.00000000,0.01457011,0.00230434,0.01838461,0.03825557,0.04895705,0.00224880,0.00111457,0.00000000,0.00000000,0.00000000,0.00489135,0.00418329,0.02887323,0.01550876,0.04793037,0.03908291,0.00000000,0.00000000,0.00000000,0.00000000,0.00000000,0.00879490,0.00329753,0.00209554,0.05133155,0.00000000,0.00000000,0.00000000,0.00000000,0.00000000,0.00583776,0.00908354,0.00681447,0.03196341,0.00112182,0.00000000,0.00000000,0.00000000,0.01039078,0.00993718,0.00508723,0.00071926,0.00637317,0.00911011,0.00646159,0.00813909,0.00329795,0.00174176,0.00000000,0.00000000,0.02184228,0.02281151,0.00099015,0.01713055,0.01234423,0.03869926,0.01246704,0.00056491,0.00008714,0.01013035,0.04511733,0.00798383,0.00668870,0.06811146,0.04606801,0.02414827,0.00218903,0.00674558,0.02496972,0.00913312,0.00441209,0.00000000,0.01033979,0.01827805,0.01739350,0.00918184,0.02240665,0.00690530,0.00621243,0.00617454,0.00000000,0.00000000,0.02908392,0.02110494,0.00470391,0.00110469,0.00722564,0.00103183,0.00000000,0.00000000,0.00000000,0.01328330,0.04667383,0.01851594,0.00140675,0.02012321,0.00917279,0.00000000,0.00000000,0.00000000,0.00255306,0.00423502,0.01723084,0.00000000,0.00000000,0.00000000,0.00000000,0.00000000,0.00000000,0.00237987,0.00000000,0.00000000,0.00000000,0.00000000,0.00000000,0.00000000
2025/4/15,0.00000000,0.00000616,0.00153307,0.00000000,0.00314265,0.00212516,0.00183796,0.00000000,0.00000000,0.00000000,0.00000000,0.00000000,0.00623593,0.05765097,0.10252009,0.00000616,0.00000000,0.00000000,0.00000000,0.00121364,0.02316805,0.01939113,0.00996786,0.01473176,0.00000616,0.00000000,0.00000000,0.00000000,0.00938222,0.00895217,0.01915008,0.02044468,0.02568595,0.00514894,0.00015826,0.00000000,0.00000000,0.00017927,0.00000000,0.00484744,0.02243720,0.00802773,0.06121397,0.03610379,0.00000000,0.00000000,0.00000000,0.00000000,0.00000000,0.01606035,0.01072665,0.00214909,0.06164172,0.00000000,0.00000000,0.00000000,0.00000000,0.00000616,0.01073559,0.01447584,0.00834455,0.02037796,0.00109166,0.00000000,0.00000616,0.00000000,0.00559338,0.01367958,0.00627919,0.00812628,0.00488613,0.00351958,0.00656868,0.00732317,0.00300037,0.00249456,0.00000616,0.00000616,0.01562205,0.01118042,0.00142341,0.00927668,0.00037246,0.02812928,0.00376928,0.00043327,0.00106927,0.00884909,0.04041102,0.00889998,0.00714093,0.06326038,0.04357500,0.02349610,0.00607649,0.00930328,0.01585928,0.01659362,0.00372402,0.00000000,0.02235135,0.01646456,0.02284074,0.00000000,0.00980649,0.00000000,0.00569171,0.00413709,0.00000000,0.00000000,0.03360135,0.01455972,0.01551443,0.00244779,0.02711305,0.00111969,0.00000000,0.00000000,0.00000000,0.00520813,0.02980401,0.00993772,0.00158214,0.00755125,0.00557140,0.00000000,0.00000000,0.00000000,0.00194146,0.00000000,0.01415573,0.00000000,0.00000000,0.00000000,0.00000000,0.00000000,0.00000000,0.00238819,0.00000000,0.00000000,0.00000000,0.00000000,0.00000000,0.00000000
2025/4/16,0.00000000,0.00000000,0.00096683,0.00000000,0.01406673,0.00316371,0.00000649,0.00000000,0.00000000,0.00000000,0.00000000,0.00075513,0.01327959,0.07224712,0.10627163,0.00000000,0.00000000,0.00000000,0.00000000,0.00084154,0.02926970,0.01550669,0.00863054,0.01908359,0.00000000,0.00000000,0.00000000,0.00000000,0.01137535,0.00507636,0.01784210,0.03984189,0.04320262,0.00679582,0.00191732,0.00000000,0.00000000,0.00074180,0.00021618,0.00424063,0.01661325,0.01352410,0.05014793,0.04621016,0.00000000,0.00000000,0.00000000,0.00000000,0.00000000,0.00547571,0.00558159,0.00771300,0.05632211,0.00000000,0.00000000,0.00000000,0.00000000,0.00000000,0.00444012,0.02230259,0.00833974,0.02031247,0.00082478,0.00000000,0.00000000,0.00000000,0.00303655,0.02353961,0.00616046,0.01420529,0.00997118,0.00320452,0.00679717,0.00719239,0.00300590,0.00242721,0.00000000,0.00000000,0.00580295,0.00219605,0.00123473,0.00813608,0.00940761,0.03505959,0.00740277,0.00000000,0.00331085,0.01547838,0.05596457,0.00506983,0.01028400,0.08544396,0.06284621,0.03989565,0.00222516,0.01396566,0.02509779,0.00620323,0.00434402,0.00000000,0.01140116,0.02556599,0.00776714,0.00140128,0.00761794,0.01118384,0.00516744,0.00728074,0.00000000,0.00000000,0.04011752,0.01394630,0.01102800,0.00412217,0.01737690,0.00100639,0.00000000,0.00000000,0.00000000,0.00145462,0.02154455,0.00877581,0.00129428,0.00539759,0.00168220,0.00000000,0.00000000,0.00000000,0.00112375,0.00610860,0.01813222,0.00000000,0.00000000,0.00000000,0.00000000,0.00000000,0.00000000,0.00115726,0.00000000,0.00000000,0.00000000,0.00000000,0.00000000,0.00000000
2025/4/17,0.00000000,0.00000000,0.00094232,0.00000000,0.02648477,0.00465412,0.00000000,0.00000000,0.00000000,0.00000000,0.00000000,0.00110316,0.00832995,0.07338795,0.12052105,0.00000000,0.00000000,0.00000000,0.00000000,0.00047262,0.03093246,0.00491797,0.00749340,0.01102020,0.00000000,0.00000000,0.00000000,0.00000000,0.00524935,0.00715275,0.03754062,0.02009041,0.02417464,0.02398253,0.00270488,0.00000000,0.00000000,0.00147903,0.00023190,0.00388951,0.00701089,0.02556430,0.04547451,0.02599187,0.00000000,0.00000000,0.00000000,0.00000000,0.00000000,0.00235080,0.00826823,0.00317386,0.07160845,0.00000000,0.00000000,0.00000000,0.00000000,0.00000000,0.00501713,0.02737500,0.00822951,0.02273680,0.00103486,0.00000000,0.00000000,0.00000000,0.00144408,0.02525087,0.00755550,0.02084499,0.00608262,0.00435801,0.00442550,0.00718478,0.00378739,0.00105700,0.00000000,0.00000000,0.00985642,0.01200988,0.00083266,0.00892248,0.00133552,0.03875216,0.01154045,0.00045739,0.00548874,0.01007532,0.04034827,0.01421847,0.02371707,0.06327589,0.04008018,0.03862716,0.00202683,0.00792302,0.03356547,0.00334848,0.00325623,0.00000000,0.01906198,0.02975965,0.01025993,0.00687958,0.01071155,0.00132571,0.00500618,0.00093164,0.00000000,0.00000000,0.02054644,0.01102332,0.00512641,0.00351751,0.01253092,0.00193324,0.00000000,0.00000000,0.00000000,0.00039909,0.03745019,0.00843853,0.00142819,0.00609986,0.00000000,0.00000000,0.00000000,0.00000000,0.00041657,0.00542620,0.00939025,0.00000000,0.00000000,0.00000000,0.00000000,0.00000000,0.00000000,0.00209460,0.00000000,0.00000000,0.00000000,0.00000000,0.00000000,0.00000000
2025/4/18,0.00000000,0.00000000,0.00075493,0.00000000,0.00891397,0.00364931,0.00000000,0.00000000,0.00000000,0.00000000,0.00000000,0.00120222,0.01186943,0.05170007,0.11294217,0.00000000,0.00000000,0.00000000,0.00000000,0.00096538,0.03651744,0.01120699,0.01595400,0.01171919,0.00000000,0.00000000,0.00000000,0.00000000,0.00607662,0.01342338,0.03642917,0.02226594,0.03336891,0.01011225,0.00185091,0.00000000,0.00000000,0.00044531,0.00051722,0.00377902,0.01253961,0.01270100,0.03338068,0.02406476,0.00000000,0.00000000,0.00000000,0.00000000,0.00000000,0.00183805,0.00452662,0.00426724,0.05061056,0.00000000,0.00000000,0.00000000,0.00000000,0.00000000,0.00617513,0.02078070,0.00823543,0.02030391,0.00093736,0.00000000,0.00000000,0.00000000,0.00194976,0.02432983,0.00624498,0.01088687,0.01536210,0.00416370,0.00384599,0.00733594,0.00533267,0.00212854,0.00000000,0.00000000,0.01530910,0.00310007,0.00033954,0.01034850,0.00211967,0.02636608,0.00572432,0.00027956,0.00910326,0.01523219,0.07471344,0.00589444,0.01026303,0.08102964,0.03614533,0.01707907,0.00188390,0.00642882,0.03437908,0.00425248,0.00401398,0.00000000,0.02007716,0.03586143,0.01172841,0.00213673,0.00281933,0.00888320,0.00488232,0.00032595,0.00000000,0.00000000,0.01636686,0.03192989,0.00940084,0.00578965,0.01961362,0.00181824,0.00000000,0.00000000,0.00000000,0.00002334,0.02192078,0.00795773,0.00126788,0.00633139,0.00000000,0.00000000,0.00000000,0.00000000,0.00297695,0.00973423,0.00648097,0.00000000,0.00000000,0.00000000,0.00000000,0.00000000,0.00000000,0.01139732,0.00000000,0.00000000,0.00000000,0.00000000,0.00000000,0.00000000
2025/4/19,0.00000000,0.00000000,0.00056734,0.00000000,0.00155350,0.00262327,0.00481651,0.00000000,0.00000000,0.00000000,0.00000000,0.00110899,0.00637227,0.05685237,0.12572588,0.00000000,0.00000000,0.00000000,0.00000000,0.00143179,0.03787854,0.00612889,0.01949582,0.02148114,0.00000000,0.00000000,0.00000000,0.00000000,0.00440863,0.01876319,0.04919224,0.03766543,0.02168968,0.00723298,0.00173295,0.00000000,0.00000000,0.00006571,0.00084701,0.00375875,0.01541820,0.01985973,0.03316981,0.02642757,0.00000000,0.00000000,0.00000000,0.00000000,0.00000000,0.00256925,0.00983070,0.00923955,0.04053536,0.00000000,0.00000000,0.00000000,0.00000000,0.00000000,0.00468310,0.02426209,0.00855752,0.02582669,0.00073541,0.00000000,0.00000000,0.00000000,0.00000000,0.02189475,0.01118133,0.02150327,0.01020711,0.00722003,0.00740564,0.00722102,0.00757359,0.00250486,0.00000000,0.00000000,0.00470694,0.01020577,0.00029869,0.01026483,0.00610076,0.01278959,0.00368755,0.00058703,0.02099133,0.00096783,0.08657323,0.01026145,0.00774084,0.05257523,0.04415180,0.01448964,0.00147805,0.00464724,0.02300056,0.00518442,0.01079371,0.00000000,0.00962183,0.01736858,0.01165633,0.00309675,0.00046886,0.01253101,0.00397403,0.00535516,0.00000000,0.00000000,0.02139456,0.03137981,0.00288859,0.00714671,0.00964153,0.00155029,0.00000000,0.00000000,0.00000000,0.00000000,0.00586654,0.00000000,0.00132197,0.00548971,0.00060135,0.00000000,0.00000000,0.00000000,0.00632287,0.02363783,0.00000000,0.00000000,0.00000000,0.00000000,0.00000000,0.00000000,0.00000000,0.02441542,0.00000000,0.00000000,0.00000000,0.00000000,0.00000000,0.00000000
2025/4/20,0.00000000,0.00000000,0.00060884,0.00000000,0.00197024,0.00169883,0.00000000,0.00000000,0.00000000,0.00000000,0.00000000,0.00123667,0.00397478,0.09362817,0.10893474,0.00000000,0.00000000,0.00000000,0.00000000,0.00263753,0.02642624,0.00803299,0.02467813,0.03192573,0.00000000,0.00000000,0.00000000,0.00000000,0.00893321,0.01117463,0.01315106,0.02510495,0.02311015,0.01074878,0.00202275,0.00000000,0.00000000,0.00000000,0.00096298,0.00571225,0.01666522,0.02116161,0.03503423,0.02056106,0.00000000,0.00000000,0.00000000,0.00000000,0.00000000,0.00330161,0.02278610,0.02110651,0.05691433,0.00000000,0.00000000,0.00000000,0.00000000,0.00000000,0.00569134,0.02326244,0.00699537,0.02535576,0.00068791,0.00000000,0.00000000,0.00000000,0.00000000,0.02255083,0.02354404,0.01775385,0.00284890,0.01104957,0.01222800,0.00736832,0.00232140,0.00283036,0.00000000,0.00000000,0.00476774,0.03029303,0.00040430,0.01067046,0.01128285,0.01711983,0.01503540,0.00053653,0.01059036,0.00000000,0.09729961,0.00572806,0.00490025,0.04209688,0.04289704,0.02155965,0.00181900,0.00593686,0.02326438,0.01213510,0.00324798,0.00000000,0.00785544,0.00790706,0.02266999,0.00367596,0.00232535,0.00161036,0.00387878,0.00174689,0.00000000,0.00000000,0.01266487,0.02611293,0.00350078,0.00665664,0.01180691,0.00178244,0.00000000,0.00000000,0.00000000,0.00030243,0.00622513,0.00275302,0.00131442,0.00530456,0.00221313,0.00000000,0.00000000,0.00000000,0.01765585,0.01217028,0.00000000,0.00000000,0.00000000,0.00000000,0.00000000,0.00000000,0.00000000,0.00492597,0.00000000,0.00000000,0.00000000,0.00000000,0.00000000,0.00000000
2025/4/21,0.00000000,0.00001706,0.00010411,0.00000000,0.01883985,0.00401882,0.00000000,0.00000000,0.00000000,0.00000000,0.00000000,0.00037094,0.00129215,0.08857501,0.12440173,0.00001706,0.00000000,0.00000000,0.00000000,0.00416001,0.03187547,0.01291304,0.03043532,0.04081596,0.00001706,0.00000000,0.00000000,0.00000000,0.00886435,0.01277809,0.01339051,0.04966918,0.04742277,0.02078982,0.00176409,0.00000000,0.00000000,0.00016290,0.00055029,0.01082742,0.02898380,0.02685865,0.04651955,0.02371164,0.00000000,0.00000000,0.00000000,0.00000000,0.00000000,0.00390521,0.01435038,0.00862119,0.07097556,0.00000000,0.00000000,0.00000000,0.00000000,0.00001706,0.01059778,0.03874413,0.00623349,0.02903032,0.00064009,0.00000000,0.00001706,0.00000000,0.00187902,0.01982972,0.01739204,0.03225420,0.00334502,0.02250277,0.02069830,0.00655046,0.00089713,0.00320691,0.00001706,0.00001706,0.00565903,0.03311047,0.00072198,0.01015675,0.01802777,0.02551874,0.00171338,0.00039282,0.00581351,0.00003457,0.07939464,0.00945873,0.00561467,0.06435236,0.05745745,0.02467461,0.00201425,0.00575148,0.02933541,0.00721922,0.00104239,0.00000000,0.01616623,0.00377737,0.02325383,0.00496057,0.00571973,0.00664122,0.00320654,0.00003824,0.00000000,0.00000000,0.01341453,0.01222483,0.00432121,0.01211836,0.01677020,0.00169918,0.00000000,0.00000000,0.00000000,0.00081888,0.01776145,0.00373986,0.00176380,0.00486672,0.00447891,0.00000000,0.00000000,0.00000000,0.02211394,0.00730318,0.00000000,0.00000000,0.00000000,0.00000000,0.00000000,0.00000000,0.00000000,0.00078069,0.00000000,0.00000000,0.00000000,0.00000000,0.00000000,0.00000000
2025/4/22,0.00000000,0.00000969,0.00071659,0.00000000,0.00839669,0.01565926,0.00263916,0.00000000,0.00000000,0.00000000,0.00000000,0.00116294,0.00538987,0.07259701,0.11754093,0.00000969,0.00000000,0.00000000,0.00000000,0.00430934,0.02973630,0.02380927,0.00982342,0.04174431,0.00000969,0.00000000,0.00000000,0.00000000,0.00871378,0.00994721,0.01731542,0.04745295,0.05841970,0.01039710,0.00175415,0.00000000,0.00000000,0.00049323,0.00169078,0.00726428,0.02236754,0.03032913,0.08665818,0.01864409,0.00000000,0.00000000,0.00000000,0.00000000,0.00000000,0.00358151,0.01404326,0.00381504,0.07562397,0.00000000,0.00000000,0.00000000,0.00000000,0.00000969,0.00800276,0.01726488,0.00676726,0.01648174,0.00087015,0.00000000,0.00000969,0.00000000,0.01363029,0.01592015,0.01493710,0.02256649,0.01331205,0.01190635,0.01326871,0.00504670,0.00157612,0.00380843,0.00000969,0.00000969,0.00488372,0.01865419,0.00081217,0.01592944,0.01012518,0.02447280,0.01031933,0.00000000,0.00437870,0.00152099,0.07335354,0.00442135,0.00947836,0.06279083,0.06768519,0.04324906,0.00221814,0.00511950,0.03634219,0.00568707,0.00028969,0.00000000,0.01758476,0.01308761,0.03057431,0.00465930,0.00226378,0.00406752,0.00359729,0.00270815,0.00000000,0.00000000,0.01780439,0.03494371,0.00421873,0.01014946,0.01121136,0.00204445,0.00000000,0.00000000,0.00000000,0.00033813,0.05184988,0.00847141,0.00164406,0.00624117,0.00672670,0.00000000,0.00000000,0.00000000,0.00704736,0.00649700,0.00080049,0.00000000,0.00000000,0.00000000,0.00000000,0.00000000,0.00000000,0.00247851,0.00000000,0.00000000,0.00000000,0.00000000,0.00000000,0.00000000
2025/4/23,0.00000000,0.00002238,0.00512025,0.00000000,0.00902439,0.00335327,0.00718810,0.00000000,0.00000000,0.00000000,0.00000000,0.00093608,0.02083392,0.05948653,0.13547686,0.00002238,0.00000000,0.00000000,0.00000000,0.00483105,0.01882030,0.01909526,0.01358581,0.04498186,0.00002238,0.00000000,0.00000000,0.00000000,0.00479388,0.00685154,0.01611058,0.05545499,0.06424803,0.01106145,0.00141751,0.00000000,0.00000000,0.00066136,0.00087290,0.01199189,0.00615141,0.02183472,0.07292171,0.03732783,0.00000000,0.00000000,0.00000000,0.00000000,0.00000000,0.00283576,0.02223505,0.00222696,0.06493727,0.00000000,0.00000000,0.00000000,0.00000000,0.00002238,0.02021311,0.01413902,0.01079364,0.01811266,0.00094997,0.00000000,0.00002238,0.00000000,0.00574593,0.00543807,0.01200628,0.02771397,0.01540816,0.01855152,0.00609904,0.00623006,0.00752250,0.00148208,0.00002238,0.00002238,0.00265769,0.00906831,0.00108193,0.00860159,0.00482543,0.03988765,0.01958743,0.00000000,0.00274548,0.00257905,0.07961103,0.00367604,0.00860025,0.04067479,0.05427060,0.02532294,0.00364516,0.00658624,0.02249027,0.00729802,0.00095561,0.00000000,0.01622063,0.00480962,0.05190068,0.00404928,0.00755425,0.02132019,0.00278893,0.00740765,0.00000000,0.00000000,0.01267526,0.02523792,0.00385727,0.00255163,0.01602380,0.00231096,0.00000000,0.00000000,0.00000000,0.00022824,0.02067000,0.01127158,0.00123151,0.01495964,0.01338475,0.00000000,0.00000000,0.00000000,0.00706011,0.01573867,0.00036980,0.00000000,0.00000000,0.00000000,0.00000000,0.00000000,0.00000000,0.00315720,0.00000000,0.00000000,0.00000000,0.00000000,0.00000000,0.00000000
2025/4/24,0.00000000,0.00000000,0.00030571,0.00000000,0.00840335,0.00271255,0.01501939,0.00000000,0.00000000,0.00000000,0.00000000,0.00060218,0.00476762,0.06842232,0.14437856,0.00000000,0.00000000,0.00000000,0.00000000,0.00868529,0.01304425,0.03121189,0.01458289,0.02312658,0.00000000,0.00000000,0.00000000,0.00000000,0.00975802,0.00725267,0.01993039,0.06316052,0.09009181,0.00908455,0.00104452,0.00000000,0.00000000,0.00027296,0.00000000,0.00729740,0.02386890,0.02989073,0.05142925,0.03126586,0.00000000,0.00000000,0.00000000,0.00000000,0.00000000,0.00408931,0.01868519,0.00694815,0.04155682,0.00000000,0.00000000,0.00000000,0.00000000,0.00000000,0.00955329,0.01360949,0.00508792,0.01612701,0.00094713,0.00000000,0.00000000,0.00000000,0.00545975,0.00291563,0.01101196,0.01869130,0.01815856,0.00960848,0.00107033,0.00683307,0.00144755,0.00121100,0.00000000,0.00000000,0.00415269,0.00862498,0.00087141,0.01086096,0.00277010,0.02806442,0.01222643,0.00000000,0.00135560,0.00196420,0.09196488,0.00451212,0.01738645,0.06395110,0.04681998,0.03275740,0.00300731,0.01372680,0.02404466,0.01277568,0.00390904,0.00000000,0.03408248,0.01017766,0.03259716,0.00396819,0.00164516,0.00934518,0.00367157,0.00315809,0.00000000,0.00000000,0.01117096,0.02849478,0.01411263,0.00258782,0.01987990,0.00215343,0.00000000,0.00000000,0.00000000,0.00000000,0.02345185,0.01764359,0.00016607,0.00348669,0.01193658,0.00000000,0.00000000,0.00000000,0.00484116,0.00651032,0.00005709,0.00000000,0.00000000,0.00000000,0.00000000,0.00000000,0.00000000,0.00384424,0.00000000,0.00000000,0.00000000,0.00000000,0.00000000,0.00000000
2025/4/25,0.00000000,0.00000915,0.00019944,0.00000000,0.00872206,0.00977619,0.01218445,0.00000000,0.00000000,0.00000000,0.00000000,0.00108226,0.00568327,0.06500532,0.13555579,0.00000915,0.00000000,0.00000000,0.00000000,0.00705189,0.01494595,0.03548211,0.02109315,0.02709117,0.00000915,0.00000000,0.00000000,0.00000000,0.00518053,0.00292208,0.02628387,0.06255525,0.08672592,0.02463657,0.00151058,0.00000000,0.00000000,0.00000000,0.00059837,0.00599363,0.03829684,0.03736318,0.03648056,0.02535259,0.00000000,0.00000000,0.00000000,0.00000000,0.00000000,0.00346832,0.01512143,0.00569540,0.09096682,0.00000000,0.00000000,0.00000000,0.00000000,0.00000915,0.00859575,0.02578740,0.00524873,0.03110369,0.00103816,0.00000000,0.00000915,0.00000000,0.00978957,0.01944318,0.03000845,0.02048885,0.01410402,0.01062473,0.01139682,0.00709978,0.00441874,0.00605345,0.00000915,0.00000915,0.01163473,0.00821060,0.00115280,0.02122656,0.00452860,0.01788026,0.02055862,0.00000000,0.00160617,0.00032872,0.09920949,0.01232468,0.00694417,0.05877581,0.06263846,0.01536799,0.00224454,0.00416164,0.03668562,0.00946806,0.00955215,0.00000000,0.03582548,0.00918466,0.02276839,0.00238234,0.00111526,0.00394218,0.00734182,0.00215409,0.00000000,0.00000000,0.01363582,0.03664124,0.02568353,0.01769063,0.02019048,0.00270373,0.00000000,0.00000000,0.00000000,0.00024027,0.03000404,0.02061487,0.00000000,0.00175999,0.00611643,0.00000000,0.00000000,0.00000000,0.00435249,0.00198963,0.00000000,0.00000000,0.00000000,0.00000000,0.00000000,0.00000000,0.00000000,0.00802211,0.00000000,0.00000000,0.00000000,0.00000000,0.00000000,0.00000000
2025/4/26,0.00000000,0.00001580,0.00049257,0.00000000,0.00751649,0.00485289,0.01442224,0.00000000,0.00000000,0.00000000,0.00000000,0.00143350,0.00883787,0.09358723,0.13647816,0.00001580,0.00000000,0.00000000,0.00000000,0.00281106,0.02764160,0.02146166,0.00518358,0.01491812,0.00001580,0.00000000,0.00000000,0.00000000,0.01357920,0.00364342,0.02214813,0.04259483,0.06637394,0.00918247,0.00407649,0.00000000,0.00000000,0.00035644,0.00104342,0.00462356,0.02421537,0.02040922,0.03694679,0.03754758,0.00000000,0.00000000,0.00000000,0.00000000,0.00000000,0.00516288,0.00865804,0.01589394,0.08266773,0.00000000,0.00000000,0.00000000,0.00000000,0.00001580,0.01366283,0.01688940,0.01224696,0.01931249,0.00089744,0.00000000,0.00001580,0.00000000,0.02212171,0.01083875,0.02923502,0.01414688,0.01622378,0.01901454,0.00415311,0.00639790,0.01787654,0.00195276,0.00001580,0.00001580,0.01322369,0.01675631,0.00126048,0.02851348,0.01223252,0.03316699,0.02021231,0.00000000,0.00815174,0.00000000,0.08853410,0.00881070,0.00189742,0.05797789,0.07490307,0.03448435,0.00114965,0.00247829,0.02326308,0.00703484,0.00576274,0.00000000,0.02843699,0.02012852,0.03452842,0.00334088,0.00225296,0.00000000,0.01746832,0.00186543,0.00000000,0.00000000,0.02014316,0.02441469,0.01309856,0.00800850,0.00519695,0.00269507,0.00000000,0.00000000,0.00000000,0.00577132,0.03481945,0.01231682,0.00415214,0.00124125,0.00846635,0.00000000,0.00000000,0.00000000,0.00000000,0.01192099,0.00261885,0.00000000,0.00000000,0.00000000,0.00000000,0.00000000,0.00000000,0.00286401,0.00000000,0.00000000,0.00000000,0.00000000,0.00000000,0.00000000
2025/4/27,0.00000000,0.00000690,0.00029762,0.00000000,0.00629886,0.00304088,0.00566680,0.00000000,0.00000000,0.00000000,0.00000000,0.00139671,0.01382020,0.07685882,0.14811131,0.00000690,0.00000000,0.00000000,0.00000000,0.00308726,0.01824337,0.03129580,0.00514777,0.03693758,0.00000690,0.00000000,0.00000000,0.00000000,0.00457727,0.00534369,0.00736198,0.02430026,0.06704680,0.01081597,0.00126785,0.00000000,0.00000000,0.00082746,0.00068758,0.00252647,0.02070633,0.01858073,0.05050319,0.05010168,0.00000000,0.00000000,0.00000000,0.00000000,0.00000000,0.01105765,0.01841501,0.00611624,0.04819087,0.00000000,0.00000000,0.00000000,0.00000000,0.00000690,0.01110874,0.00828856,0.00909619,0.01174431,0.00033405,0.00000000,0.00000690,0.00000000,0.01092394,0.01735418,0.02630901,0.01790042,0.00614775,0.01564807,0.00136497,0.00510406,0.00328169,0.00196680,0.00000690,0.00000690,0.00359043,0.01875822,0.00136629,0.02464852,0.01926939,0.01705988,0.01467411,0.00000000,0.00814592,0.00008102,0.08694130,0.00569651,0.00359017,0.05332321,0.04872152,0.03802938,0.00102650,0.01380440,0.02378151,0.00552488,0.00621558,0.00000000,0.00780006,0.01513792,0.03508094,0.01353522,0.00066288,0.01024993,0.00962729,0.00195601,0.00000000,0.00000000,0.01549755,0.01430057,0.01620234,0.00445508,0.02567150,0.00227812,0.00000000,0.00000000,0.00000000,0.00000000,0.04805488,0.01321674,0.00000000,0.00071738,0.00218034,0.00000000,0.00000000,0.00000000,0.00060451,0.00077997,0.00000000,0.00000000,0.00000000,0.00000000,0.00000000,0.00000000,0.00000000,0.00044977,0.00000000,0.00000000,0.00000000,0.00000000,0.00000000,0.00000000
2025/4/28,0.00000000,0.00001153,0.00050958,0.00000000,0.00612900,0.00254621,0.00199907,0.00000000,0.00000000,0.00000000,0.00000000,0.00088294,0.02459352,0.05135527,0.19250587,0.00001153,0.00000000,0.00000000,0.00000000,0.00466893,0.01430277,0.02809238,0.00513308,0.03384105,0.00001153,0.00000000,0.00000000,0.00000000,0.00841306,0.01586807,0.00492405,0.02397290,0.06140998,0.00674230,0.00102118,0.00000000,0.00000000,0.00118821,0.00038116,0.00233093,0.02327582,0.02874375,0.04432528,0.06122125,0.00000000,0.00000000,0.00000000,0.00000000,0.00000000,0.00439498,0.02699058,0.00584849,0.05350079,0.00000000,0.00000000,0.00000000,0.00000000,0.00001153,0.00792814,0.00724049,0.00443610,0.02091603,0.00102394,0.00000000,0.00001153,0.00000000,0.00666721,0.00881448,0.00238617,0.02122138,0.00431675,0.00615707,0.00420715,0.00418453,0.00064619,0.00218119,0.00001153,0.00001153,0.00061017,0.01800173,0.00115995,0.03282548,0.00810193,0.01299409,0.02340361,0.00000000,0.00123281,0.00096169,0.05321627,0.01719068,0.01291986,0.08976685,0.05385540,0.02148045,0.00688354,0.03317055,0.01898045,0.00612029,0.00851516,0.00000000,0.00897227,0.01511718,0.03234535,0.00490927,0.00128875,0.00440773,0.01153647,0.00025822,0.00000000,0.00000000,0.01504041,0.03328510,0.01012252,0.00239420,0.02676794,0.00220825,0.00000000,0.00000000,0.00000000,0.00000000,0.02390170,0.02330612,0.00398148,0.00579680,0.00084793,0.00000000,0.00000000,0.00000000,0.00152132,0.00180758,0.00058865,0.00000000,0.00000000,0.00000000,0.00000000,0.00000000,0.00000000,0.00153772,0.00000000,0.00000000,0.00000000,0.00000000,0.00000000,0.00000000
2025/4/29,0.00000000,0.00003591,0.00082718,0.00000000,0.00736921,0.00264735,0.00180840,0.00000000,0.00000000,0.00000000,0.00000000,0.00021042,0.01477995,0.04768265,0.19363901,0.00003591,0.00000000,0.00000000,0.00000000,0.00436198,0.02478224,0.01543674,0.01137898,0.03301863,0.00003591,0.00000000,0.00000000,0.00000000,0.00806076,0.00539990,0.01622600,0.03082712,0.04958152,0.00193241,0.00131947,0.00000000,0.00000000,0.00071348,0.00000000,0.00723325,0.03352975,0.03800321,0.05790443,0.05270061,0.00000000,0.00000000,0.00000000,0.00000000,0.00000000,0.00270260,0.00670378,0.00342183,0.08858979,0.00000000,0.00000000,0.00000000,0.00000000,0.00003591,0.00677906,0.01678233,0.00569775,0.03380329,0.00625701,0.00000000,0.00003591,0.00000000,0.00378228,0.00350583,0.00334475,0.02293924,0.00620561,0.00461272,0.00653324,0.00544465,0.00179900,0.00266356,0.00003591,0.00003591,0.00210788,0.00922052,0.00116209,0.00948555,0.00586793,0.01507766,0.00886211,0.00000000,0.00188434,0.00086349,0.04361910,0.00822465,0.01831982,0.07369863,0.05548835,0.01104959,0.00106218,0.01064552,0.01510628,0.01056933,0.01470346,0.00000000,0.01118524,0.01329024,0.02860908,0.00000000,0.00802751,0.00884695,0.00892940,0.00140532,0.00000000,0.00000000,0.01930089,0.01426835,0.00620224,0.00575698,0.02022994,0.00206855,0.00000000,0.00000000,0.00000000,0.00098935,0.02670821,0.00623112,0.00000000,0.01972355,0.00090508,0.00000000,0.00000000,0.00000000,0.00204566,0.00573458,0.00090392,0.00000000,0.00000000,0.00000000,0.00000000,0.00000000,0.00000000,0.00699385,0.00000000,0.00000000,0.00000000,0.00000000,0.00000000,0.00000000
2025/4/30,0.00000000,0.00003710,0.00095040,0.00000000,0.01699464,0.01156109,0.00774844,0.00000000,0.00000000,0.00000000,0.00000000,0.00000000,0.01468667,0.07907343,0.13834617,0.00003710,0.00000000,0.00000000,0.00000000,0.00374313,0.01253749,0.01137294,0.01476866,0.04042091,0.00003710,0.00000000,0.00000000,0.00000000,0.00797629,0.00417598,0.02068187,0.04241462,0.04311648,0.00075725,0.00263981,0.00000000,0.00000000,0.00000000,0.00000000,0.00832082,0.02843237,0.01584588,0.05085559,0.02488982,0.00000000,0.00000000,0.00000000,0.00000000,0.00000000,0.00222786,0.00830038,0.00276566,0.05639610,0.00000000,0.00000000,0.00000000,0.00000000,0.00003710,0.00708935,0.00841590,0.00782231,0.03681362,0.00100202,0.00000000,0.00003710,0.00000000,0.00255231,0.00421249,0.01495264,0.00764231,0.01026321,0.00436232,0.00396550,0.01151938,0.00238096,0.00722940,0.00003710,0.00003710,0.01332507,0.00451999,0.00096541,0.00801122,0.00299228,0.02730079,0.00635131,0.00006374,0.00511033,0.00095932,0.06357665,0.00621814,0.00794327,0.06306967,0.05111337,0.02362705,0.00020395,0.00540721,0.02107867,0.00574634,0.02019715,0.00000000,0.00914762,0.00377793,0.02619529,0.00460136,0.00201560,0.01882232,0.01795524,0.00193407,0.00000000,0.00000000,0.02026164,0.02399538,0.00568694,0.01954366,0.00581468,0.00456538,0.00000000,0.00000000,0.00000000,0.00149032,0.01986621,0.00050235,0.00000000,0.01249199,0.00742552,0.00000000,0.00000000,0.00000000,0.00329310,0.01487846,0.00000000,0.00000000,0.00000000,0.00000000,0.00000000,0.00000000,0.00000000,0.00281926,0.00000000,0.00000000,0.00000000,0.00000000,0.00000000,0.00000000
2025/5/1,0.00000000,0.00005627,0.00085388,0.00000000,0.02651846,0.00383864,0.00662078,0.00000000,0.00000000,0.00000000,0.00000000,0.00420246,0.01218867,0.06591400,0.14085014,0.00005627,0.00000000,0.00000000,0.00000000,0.00148955,0.01162592,0.03531386,0.01688562,0.02626475,0.00005627,0.00000000,0.00000000,0.00000000,0.00278485,0.00343194,0.01636988,0.07128231,0.04398008,0.00246805,0.00309871,0.00000000,0.00000000,0.00000000,0.00112503,0.00305059,0.02769791,0.02241439,0.03687241,0.01893466,0.00000000,0.00000000,0.00000000,0.00000000,0.00000000,0.00596904,0.02415683,0.00269560,0.04222235,0.00000000,0.00000000,0.00000000,0.00000000,0.00005627,0.01397417,0.01098906,0.00840953,0.04326334,0.00030449,0.00000000,0.00005627,0.00000000,0.00290113,0.00595847,0.02431479,0.01021506,0.01907431,0.00472636,0.00169745,0.00609924,0.00365823,0.00211275,0.00005627,0.00005627,0.00498396,0.00576823,0.00074228,0.00640798,0.00207556,0.02620533,0.01379239,0.00321523,0.00619899,0.00230009,0.09022357,0.00659706,0.00567290,0.09943792,0.03748927,0.01840489,0.00000000,0.00700905,0.01878621,0.00640861,0.02023461,0.00000000,0.01243901,0.00993894,0.02332409,0.01513675,0.00064658,0.02738323,0.00814586,0.00177947,0.00000000,0.00000000,0.01981027,0.04232242,0.01319522,0.00971296,0.00699834,0.01912667,0.00000000,0.00000000,0.00000000,0.00185409,0.01572109,0.00173642,0.00074871,0.01536188,0.00335734,0.00000000,0.00000000,0.00000000,0.00308730,0.02251036,0.00165675,0.00000000,0.00000000,0.00000000,0.00000000,0.00000000,0.00000000,0.00266419,0.00000000,0.00000000,0.00000000,0.00000000,0.00000000,0.00000000
2025/5/2,0.00000000,0.00002504,0.00143735,0.00000000,0.01853518,0.00282991,0.01064029,0.00000000,0.00000000,0.00000000,0.00000000,0.00000000,0.00808079,0.07305032,0.16024201,0.00002504,0.00000000,0.00000000,0.00000000,0.00147570,0.01973104,0.02950613,0.01919284,0.03348430,0.00002504,0.00000000,0.00000000,0.00000000,0.00486971,0.00179411,0.01778805,0.06835286,0.05898578,0.01037684,0.00296385,0.00000000,0.00000000,0.00009016,0.00678026,0.00214752,0.03417252,0.02525695,0.03862569,0.02703320,0.00000000,0.00000000,0.00000000,0.00000000,0.00000000,0.01917791,0.01567153,0.00297512,0.06177712,0.00000000,0.00000000,0.00000000,0.00000000,0.00002504,0.00813741,0.01597081,0.00747769,0.02603824,0.00037759,0.00000000,0.00002504,0.00000000,0.00298451,0.01270661,0.02726697,0.00266013,0.02201976,0.00525142,0.00605257,0.00449603,0.01194970,0.00136223,0.00002504,0.00002504,0.00510629,0.00697104,0.00017374,0.01467673,0.00062335,0.02795590,0.01338561,0.00730963,0.00447324,0.00669054,0.11512464,0.01169747,0.00588739,0.08558298,0.04399044,0.01190168,0.00122387,0.02490860,0.02415174,0.00647677,0.00598668,0.00000000,0.02798519,0.01014251,0.02446728,0.00335813,0.00216015,0.01793512,0.00430001,0.00001841,0.00000000,0.00000000,0.02482733,0.05550450,0.00727125,0.00630230,0.01246364,0.00920089,0.00000000,0.00000000,0.00000000,0.00202024,0.03368092,0.00630249,0.00115910,0.01152563,0.00144131,0.00000000,0.00000000,0.00000000,0.00162022,0.00881795,0.00188405,0.00000000,0.00000000,0.00000000,0.00000000,0.00000000,0.00000000,0.00246179,0.00000000,0.00000000,0.00000000,0.00000000,0.00000000,0.00000000
2025/5/3,0.00000000,0.00003909,0.00149347,0.00000000,0.01996675,0.00385197,0.00589589,0.00000000,0.00000000,0.00000000,0.00000000,0.00057192,0.00146321,0.10215616,0.15669659,0.00003909,0.00000000,0.00000000,0.00000000,0.00760148,0.01888663,0.02600989,0.02841433,0.02685011,0.00003909,0.00000000,0.00000000,0.00000000,0.01377196,0.00258392,0.02636444,0.05937158,0.02865522,0.01485616,0.00399984,0.00000000,0.00000000,0.00587473,0.00038583,0.00318353,0.03147219,0.02604122,0.04625557,0.01919146,0.00000000,0.00000000,0.00000000,0.00000000,0.00000000,0.00725808,0.00503832,0.00303055,0.03983950,0.00000000,0.00000000,0.00000000,0.00000000,0.00003909,0.00742502,0.01159267,0.00826745,0.01590833,0.00061518,0.00000000,0.00003909,0.00000000,0.00273369,0.00042495,0.01292624,0.00425132,0.01162080,0.00563454,0.00811730,0.00512310,0.03974494,0.00312054,0.00003909,0.00003909,0.01072281,0.01099958,0.00112242,0.01203882,0.00272594,0.06202137,0.02472026,0.01508799,0.00248237,0.00256865,0.06281180,0.00579494,0.00666276,0.07576189,0.05215878,0.01521018,0.00163076,0.01949893,0.03836482,0.01202272,0.00218492,0.00000000,0.05267621,0.01115455,0.03464470,0.00161165,0.00366321,0.01183906,0.00288793,0.00173476,0.00000000,0.00000000,0.04449209,0.03288286,0.01353194,0.00489684,0.02033019,0.00164944,0.00000000,0.00000000,0.00000000,0.00143080,0.01867566,0.02054656,0.00099901,0.00943207,0.00200219,0.00000000,0.00000000,0.00000000,0.00246678,0.00577049,0.00510573,0.00000000,0.00000000,0.00000000,0.00000000,0.00000000,0.00000000,0.00276263,0.00000000,0.00000000,0.00000000,0.00000000,0.00000000,0.00000000
2025/5/4,0.00000000,0.00004058,0.00133212,0.00000000,0.02447166,0.00463737,0.00587973,0.00000000,0.00000000,0.00000000,0.00000000,0.00147670,0.00364437,0.10147152,0.15188643,0.00004058,0.00000000,0.00000000,0.00000000,0.00179586,0.02750470,0.02957025,0.03165993,0.02643662,0.00004058,0.00000000,0.00000000,0.00000000,0.00171809,0.01359125,0.03189111,0.06045711,0.03392248,0.02110630,0.00709856,0.00000000,0.00000000,0.00021831,0.00000000,0.00391246,0.01880076,0.01808617,0.05292132,0.02575027,0.00000000,0.00000000,0.00000000,0.00000000,0.00000000,0.00665901,0.00728355,0.00441261,0.03354608,0.00000000,0.00000000,0.00000000,0.00000000,0.00004058,0.00847591,0.01567391,0.01976692,0.01966374,0.00071438,0.00000000,0.00004058,0.00000000,0.00290068,0.00216942,0.00878173,0.01879282,0.01175255,0.00698420,0.00400197,0.00589614,0.01295108,0.00330502,0.00004058,0.00004058,0.02474136,0.00623900,0.00616217,0.00462321,0.00859748,0.05688144,0.00851742,0.00712065,0.00138354,0.00111096,0.06812051,0.00433147,0.01212059,0.10099798,0.03877627,0.02831658,0.00207769,0.00859349,0.05553062,0.00522267,0.00243413,0.00000000,0.03979916,0.01822329,0.02911350,0.00378160,0.00529588,0.00754969,0.00220171,0.00326649,0.00000000,0.00000000,0.02759904,0.02826398,0.02515078,0.00343602,0.01124797,0.00204801,0.00000000,0.00000000,0.00000000,0.00013270,0.01577097,0.01891214,0.00067161,0.00656473,0.00528998,0.00000000,0.00000000,0.00000000,0.00761726,0.00662189,0.00806621,0.00000000,0.00000000,0.00000000,0.00000000,0.00000000,0.00000000,0.00288036,0.00000000,0.00000000,0.00000000,0.00000000,0.00000000,0.00000000
2025/5/5,0.00000000,0.00004565,0.00113052,0.00000000,0.01598226,0.00298037,0.00014587,0.00000000,0.00000000,0.00000000,0.00000000,0.00099969,0.01821480,0.08202339,0.15705898,0.00004565,0.00000000,0.00000000,0.00000000,0.00220871,0.02850059,0.01371533,0.03073635,0.01591423,0.00004565,0.00000000,0.00000000,0.00000000,0.00027785,0.00713322,0.02902644,0.06723982,0.03659833,0.00890112,0.00170330,0.00000000,0.00000000,0.00000000,0.00006546,0.00477605,0.03349923,0.01410772,0.05552695,0.03610126,0.00000000,0.00000000,0.00000000,0.00000000,0.00000000,0.00000000,0.01015917,0.01058323,0.05511783,0.00000000,0.00000000,0.00000000,0.00000000,0.00004565,0.01317794,0.01360373,0.01086870,0.02756833,0.00088115,0.00000000,0.00004565,0.00000000,0.00180142,0.02299430,0.01036527,0.01697362,0.00906354,0.00491360,0.00186736,0.00651367,0.00457905,0.00363686,0.00004565,0.00004565,0.01066237,0.00248004,0.00115131,0.00661108,0.00514388,0.02726174,0.00483046,0.00244637,0.00288108,0.00216744,0.09265311,0.00583095,0.02303804,0.07623423,0.05277531,0.01174721,0.00216238,0.00535451,0.03393392,0.00733674,0.00341378,0.00000000,0.01728129,0.01780436,0.01463367,0.00677231,0.01529272,0.00520500,0.00233275,0.00654041,0.00000000,0.00000000,0.02141267,0.03095421,0.01149703,0.00799843,0.00244810,0.00284572,0.00000000,0.00000000,0.00000000,0.00000000,0.03711399,0.02076096,0.00079347,0.00354647,0.00000000,0.00000000,0.00000000,0.00000000,0.00411348,0.01164650,0.01199946,0.00000000,0.00000000,0.00000000,0.00000000,0.00000000,0.00000000,0.00342869,0.00000000,0.00000000,0.00000000,0.00000000,0.00000000,0.00000000
2025/5/6,0.00000000,0.00003526,0.00054968,0.00000000,0.00514333,0.00194658,0.00000000,0.00000000,0.00000000,0.00000000,0.00000000,0.00073981,0.01223158,0.09683974,0.14996892,0.00003526,0.00000000,0.00000000,0.00000000,0.00693098,0.02070841,0.00837712,0.03579143,0.02797176,0.00003526,0.00000000,0.00000000,0.00000000,0.00609537,0.00484545,0.03493790,0.05066460,0.03692285,0.00563047,0.00180722,0.00000000,0.00000000,0.00000000,0.00145552,0.00420570,0.05089953,0.00919100,0.05287188,0.02257538,0.00000000,0.00000000,0.00000000,0.00000000,0.00000000,0.00053345,0.01566928,0.01405930,0.03910441,0.00000000,0.00000000,0.00000000,0.00000000,0.00003526,0.00875454,0.00723672,0.00362282,0.02979530,0.00024266,0.00000000,0.00003526,0.00000000,0.00332666,0.03300172,0.00586977,0.01610038,0.00304431,0.00393711,0.00237408,0.00618737,0.00189749,0.00338818,0.00003526,0.00003526,0.00544488,0.00529987,0.00025388,0.01471107,0.00279226,0.02462541,0.00627974,0.00000000,0.01622394,0.00677492,0.09827994,0.01016244,0.01056170,0.07784086,0.07677463,0.00663499,0.00185453,0.00389305,0.03155513,0.02276599,0.00255778,0.00000000,0.01149459,0.03046901,0.01357011,0.01153982,0.00965770,0.00648628,0.00241449,0.01748893,0.00000000,0.00000000,0.02068390,0.02295221,0.00705562,0.00567285,0.00685441,0.00318366,0.00000000,0.00000000,0.00000000,0.00000000,0.02796049,0.00700706,0.00020058,0.00056189,0.00193717,0.00000000,0.00000000,0.00000000,0.00341663,0.01238617,0.00430825,0.00000000,0.00000000,0.00000000,0.00000000,0.00000000,0.00000000,0.00361514,0.00000000,0.00000000,0.00000000,0.00000000,0.00000000,0.00000000
2025/5/7,0.00000000,0.00003777,0.00049217,0.00000000,0.01202920,0.00464262,0.00046894,0.00000000,0.00000000,0.00000000,0.00000000,0.00434481,0.02200707,0.10516246,0.12989371,0.00003777,0.00000000,0.00000000,0.00000000,0.00263225,0.02627633,0.01299757,0.03542826,0.02662352,0.00003777,0.00000000,0.00000000,0.00000000,0.00691649,0.00132544,0.02423171,0.06762645,0.04098150,0.00392310,0.01304503,0.00000000,0.00000000,0.00073135,0.00278699,0.00225393,0.05240442,0.01208904,0.02982297,0.03441898,0.00000000,0.00000000,0.00000000,0.00000000,0.00000000,0.01070629,0.01158092,0.00664420,0.03486889,0.00000000,0.00000000,0.00000000,0.00000000,0.00003777,0.00809618,0.00868592,0.00535027,0.01762422,0.00000000,0.00000000,0.00003777,0.00000000,0.01019606,0.02232824,0.00182190,0.03026644,0.00901032,0.00296175,0.00781054,0.00547987,0.00170855,0.00290153,0.00003777,0.00003777,0.00534902,0.00355612,0.00065496,0.03436403,0.00400143,0.02412272,0.00513924,0.00000000,0.00407851,0.00042486,0.10092330,0.00674551,0.00682341,0.06242087,0.09093327,0.02886990,0.00054801,0.00358873,0.02529097,0.00341218,0.00078374,0.00000000,0.01427124,0.03184815,0.01187630,0.02039160,0.01071713,0.00260299,0.00339121,0.01425630,0.00000000,0.00000000,0.02280644,0.03590690,0.00307221,0.00814794,0.00622360,0.00308336,0.00000000,0.00000000,0.00000000,0.00082985,0.03717133,0.00717552,0.00039922,0.00355265,0.01343541,0.00000000,0.00000000,0.00000000,0.00293617,0.01426517,0.00101086,0.00000000,0.00000000,0.00000000,0.00000000,0.00000000,0.00000000,0.00309600,0.00000000,0.00000000,0.00000000,0.00000000,0.00000000,0.00000000
2025/5/8,0.00000000,0.00004008,0.00043929,0.00000000,0.00094653,0.00158746,0.00126692,0.00000000,0.00000000,0.00000000,0.00000000,0.00000000,0.02077256,0.08945189,0.14554977,0.00004008,0.00000000,0.00000000,0.00000000,0.00587791,0.01421837,0.01603005,0.03018853,0.02326757,0.00004008,0.00000000,0.00000000,0.00000000,0.00505112,0.00483929,0.02380343,0.04815572,0.04513384,0.00586100,0.00189520,0.00000000,0.00000000,0.00117920,0.00752447,0.00188473,0.03761885,0.01805131,0.02792145,0.03665237,0.00000000,0.00000000,0.00000000,0.00000000,0.00000000,0.00373771,0.01416363,0.00556699,0.04584433,0.00000000,0.00000000,0.00000000,0.00000000,0.00004008,0.00855367,0.01108907,0.00759133,0.02842459,0.00030556,0.00000000,0.00004008,0.00000000,0.00455378,0.00673351,0.00267155,0.01866141,0.00807053,0.00945203,0.00431081,0.00579968,0.00223931,0.00211326,0.00004008,0.00004008,0.01060416,0.01961012,0.00091256,0.02286066,0.02353168,0.02034584,0.01125863,0.00000000,0.00056415,0.00408077,0.09543767,0.01580529,0.00665007,0.06534629,0.08584624,0.01896259,0.00009794,0.00605490,0.02397501,0.00638722,0.00122419,0.00000000,0.01397197,0.02296159,0.01587335,0.01487359,0.01590089,0.00465898,0.00379360,0.00448920,0.00000000,0.00000000,0.02559551,0.04283587,0.00208652,0.00069881,0.00983486,0.00285157,0.00000000,0.00000000,0.00000000,0.00860164,0.03677751,0.01666261,0.00069555,0.01571243,0.00179285,0.00000000,0.00000000,0.00000000,0.00308355,0.01258282,0.00473051,0.00000000,0.00000000,0.00000000,0.00000000,0.00000000,0.00000000,0.00310289,0.00000000,0.00000000,0.00000000,0.00000000,0.00000000,0.00000000
2025/5/9,0.00000000,0.00005427,0.00097081,0.00000000,0.00000000,0.00128245,0.00184493,0.00000000,0.00000000,0.00000000,0.00000000,0.00000000,0.01345119,0.09200253,0.13580227,0.00005427,0.00000000,0.00000000,0.00000000,0.00090940,0.01366990,0.02970752,0.01705956,0.01693370,0.00005427,0.00000000,0.00000000,0.00000000,0.00274389,0.01274360,0.02287190,0.02576482,0.02474105,0.01048161,0.00013292,0.00000000,0.00000000,0.00103287,0.00211449,0.00190425,0.02981407,0.01416305,0.04758760,0.04008655,0.00000000,0.00000000,0.00000000,0.00000000,0.00000000,0.01157413,0.02520021,0.00583306,0.05880331,0.00000000,0.00000000,0.00000000,0.00000000,0.00005427,0.01297855,0.01664222,0.00906123,0.01587322,0.00046802,0.00000000,0.00005427,0.00000000,0.00311528,0.00693913,0.00238219,0.02474699,0.01128407,0.00547389,0.00412380,0.00505029,0.00355213,0.00258408,0.00005427,0.00005427,0.00922852,0.00947762,0.00159017,0.01279737,0.01191106,0.02117116,0.00474938,0.00000000,0.00131398,0.00000000,0.10137194,0.01313432,0.00707310,0.05475355,0.08326088,0.02291996,0.00336404,0.01038026,0.00913323,0.01310344,0.00098239,0.00000000,0.02659148,0.01066135,0.02426066,0.00222671,0.00440986,0.00000000,0.00295990,0.00293369,0.00000000,0.00000000,0.03086317,0.03686535,0.01126963,0.00091144,0.03165963,0.00243853,0.00000000,0.00000000,0.00000000,0.00097958,0.01933225,0.01656113,0.00056618,0.00434757,0.00260371,0.00000000,0.00000000,0.00000000,0.00243297,0.00729989,0.00051683,0.00000000,0.00000000,0.00000000,0.00000000,0.00000000,0.00000000,0.00292385,0.00000000,0.00000000,0.00000000,0.00000000,0.00000000,0.00000000
2025/5/10,0.00000000,0.00003133,0.00042558,0.00000000,0.00781951,0.00298192,0.00063683,0.00000000,0.00000000,0.00000000,0.00000000,0.00085855,0.02049154,0.10896964,0.16359566,0.00003133,0.00000000,0.00000000,0.00000000,0.00028882,0.01925861,0.02469049,0.01348876,0.02483662,0.00003133,0.00000000,0.00000000,0.00000000,0.00931864,0.00581026,0.02031519,0.04017885,0.04668432,0.01326129,0.00103157,0.00000000,0.00000000,0.00046707,0.00201364,0.00094828,0.01995241,0.02160374,0.04663815,0.05046862,0.00000000,0.00000000,0.00000000,0.00000000,0.00000000,0.00215020,0.01822434,0.01064107,0.05533919,0.00000000,0.00000000,0.00000000,0.00000000,0.00003133,0.00615895,0.02559197,0.00812416,0.01492293,0.00022343,0.00000000,0.00003133,0.00000000,0.00346120,0.01108319,0.00124785,0.02668118,0.01905366,0.00611064,0.00471685,0.00513083,0.00361404,0.00223452,0.00003133,0.00003133,0.00696497,0.00378981,0.00179920,0.00841866,0.01907757,0.04266981,0.00878301,0.00000000,0.00172676,0.00763935,0.11533153,0.00560942,0.00856055,0.08208974,0.10046995,0.04144697,0.00000000,0.01597901,0.01695881,0.00299812,0.00305196,0.00000000,0.01061401,0.01234502,0.00900784,0.00348163,0.00442037,0.01302017,0.00274997,0.00721690,0.00000000,0.00000000,0.03759411,0.03147903,0.00826062,0.00287162,0.02062345,0.00153816,0.00000000,0.00000000,0.00000000,0.00000000,0.01291884,0.02510096,0.00000000,0.00267908,0.00247414,0.00000000,0.00000000,0.00000000,0.00077680,0.00959968,0.00718602,0.00000000,0.00000000,0.00000000,0.00000000,0.00000000,0.00000000,0.00040877,0.00000000,0.00000000,0.00000000,0.00000000,0.00000000,0.00000000
2025/5/11,0.00000000,0.00003288,0.00062072,0.00000000,0.02074610,0.00394847,0.00149527,0.00000000,0.00000000,0.00000000,0.00000000,0.00128572,0.01405291,0.10546253,0.19886486,0.00003288,0.00000000,0.00000000,0.00000000,0.00039841,0.02469629,0.01369634,0.01061904,0.01529448,0.00003288,0.00000000,0.00000000,0.00000000,0.00512722,0.00282847,0.03927075,0.01863269,0.03340770,0.03037401,0.00181380,0.00000000,0.00000000,0.00092291,0.00136225,0.00135324,0.00796023,0.03187753,0.05236270,0.02845050,0.00000000,0.00000000,0.00000000,0.00000000,0.00000000,0.00000000,0.01685295,0.00415331,0.07399014,0.00000000,0.00000000,0.00000000,0.00000000,0.00003288,0.00503623,0.03083827,0.00740003,0.01619634,0.00046072,0.00000000,0.00003288,0.00000000,0.00372810,0.00802288,0.00368109,0.02590291,0.01444766,0.00678235,0.00328873,0.00527109,0.00302167,0.00105673,0.00003288,0.00003288,0.01688935,0.01546068,0.00147520,0.00647541,0.00838874,0.05645277,0.01280363,0.00040459,0.00150075,0.01160684,0.09433509,0.01525623,0.01965163,0.06889569,0.07870891,0.03966610,0.00000000,0.00897381,0.02850582,0.00305018,0.00272035,0.00000000,0.01427690,0.01321536,0.01083212,0.00950803,0.01092483,0.00452593,0.00331801,0.00380610,0.00000000,0.00000000,0.01880649,0.02334511,0.00399391,0.00223582,0.01526202,0.00189554,0.00000000,0.00000000,0.00000000,0.00000000,0.03261499,0.02974760,0.00000000,0.00366600,0.00253619,0.00000000,0.00000000,0.00000000,0.00000000,0.00221056,0.00678339,0.00000000,0.00000000,0.00000000,0.00000000,0.00000000,0.00000000,0.00028309,0.00000000,0.00000000,0.00000000,0.00000000,0.00000000,0.00000000
2025/5/12,0.00000000,0.00003170,0.00097119,0.00000000,0.00839986,0.00248718,0.00226456,0.00000000,0.00000000,0.00000000,0.00000000,0.00123160,0.01561273,0.07615420,0.20694996,0.00003170,0.00000000,0.00000000,0.00000000,0.00143100,0.03404377,0.02202030,0.01776103,0.01282816,0.00003170,0.00000000,0.00000000,0.00000000,0.00609932,0.00384275,0.03737575,0.02333586,0.04645013,0.01375026,0.00168008,0.00000000,0.00000000,0.00027542,0.00101623,0.00308934,0.01526028,0.01193211,0.04723651,0.02234984,0.00000000,0.00000000,0.00000000,0.00000000,0.00000000,0.00000000,0.00585750,0.00203301,0.05259763,0.00000000,0.00000000,0.00000000,0.00000000,0.00003170,0.00435049,0.02252357,0.00775084,0.01249473,0.00037249,0.00000000,0.00003170,0.00000000,0.00403671,0.00405826,0.00454357,0.00769253,0.02348899,0.00512978,0.00254411,0.00503523,0.00292112,0.00230067,0.00003170,0.00003170,0.02240787,0.00256778,0.00080506,0.00651676,0.00502706,0.04253708,0.00657952,0.00000000,0.00262218,0.02602127,0.12225737,0.00585571,0.00561632,0.09392691,0.07379567,0.01434773,0.00103446,0.00553248,0.03297280,0.00613352,0.00391847,0.00000000,0.01632012,0.01993502,0.01373757,0.00297097,0.00458762,0.01229642,0.00324005,0.00404677,0.00000000,0.00000000,0.01467844,0.03599527,0.01117771,0.00288461,0.02333052,0.00170104,0.00000000,0.00000000,0.00000000,0.00015071,0.02454707,0.02908849,0.00000000,0.00457586,0.00342738,0.00000000,0.00000000,0.00000000,0.00000000,0.00045114,0.01111834,0.00000000,0.00000000,0.00000000,0.00000000,0.00000000,0.00000000,0.00932237,0.00000000,0.00000000,0.00000000,0.00000000,0.00000000,0.00000000
2025/5/13,0.00000000,0.00004180,0.00128128,0.00000000,0.00764153,0.00232974,0.00827682,0.00000000,0.00000000,0.00000000,0.00000000,0.00099154,0.01042356,0.07831781,0.22524920,0.00004180,0.00000000,0.00000000,0.00000000,0.00221555,0.03588486,0.01608230,0.02036224,0.01838960,0.00004180,0.00000000,0.00000000,0.00000000,0.00378770,0.00596568,0.05221245,0.04246121,0.03763888,0.00672015,0.00224224,0.00000000,0.00000000,0.00044146,0.00128617,0.00519086,0.02124356,0.01270308,0.04558793,0.02407620,0.00000000,0.00000000,0.00000000,0.00000000,0.00000000,0.00133787,0.00435633,0.00390378,0.03459411,0.00000000,0.00000000,0.00000000,0.00000000,0.00004180,0.00250949,0.02288099,0.00860626,0.01880753,0.00038219,0.00000000,0.00004180,0.00000000,0.00127047,0.00222013,0.01224363,0.01417658,0.01778084,0.00637613,0.00384999,0.00472819,0.00596079,0.00252058,0.00004180,0.00004180,0.00944939,0.00327539,0.00069425,0.00560219,0.00454572,0.01970198,0.00519979,0.00002707,0.01281776,0.01312494,0.12479381,0.01106960,0.00388399,0.06913637,0.07738397,0.00866983,0.00178729,0.00244630,0.02408315,0.00701516,0.01175995,0.00000000,0.00984517,0.01050305,0.01724830,0.00212757,0.00378769,0.01509148,0.00255761,0.00803017,0.00000000,0.00000000,0.02069396,0.03025853,0.00562960,0.00133857,0.01236132,0.00172610,0.00000000,0.00000000,0.00000000,0.00074962,0.01439715,0.01192587,0.00051787,0.00519705,0.00285980,0.00000000,0.00000000,0.00000000,0.00000000,0.01128431,0.00491304,0.00000000,0.00000000,0.00000000,0.00000000,0.00000000,0.00000000,0.02394760,0.00000000,0.00000000,0.00000000,0.00000000,0.00000000,0.00000000
2025/5/14,0.00000000,0.00004855,0.00136716,0.00000000,0.01324456,0.00338150,0.00311480,0.00000000,0.00000000,0.00000000,0.00000000,0.00071589,0.00866640,0.11970980,0.20346589,0.00004855,0.00000000,0.00000000,0.00000000,0.00250478,0.02343827,0.01336981,0.02875001,0.02030974,0.00004855,0.00000000,0.00000000,0.00000000,0.00773189,0.00152620,0.02043653,0.02769258,0.03914751,0.00791287,0.00251600,0.00000000,0.00000000,0.00063163,0.00128150,0.00805324,0.02468606,0.01466408,0.04075860,0.01908732,0.00000000,0.00000000,0.00000000,0.00000000,0.00000000,0.00238272,0.01393629,0.01395370,0.04072661,0.00000000,0.00000000,0.00000000,0.00000000,0.00004855,0.00583051,0.01995419,0.00821435,0.02035939,0.00024823,0.00000000,0.00004855,0.00000000,0.00000000,0.00819702,0.02572614,0.00887200,0.00896757,0.00786786,0.00442012,0.00493943,0.00240833,0.00216538,0.00004855,0.00004855,0.00627053,0.01758406,0.00050418,0.00554818,0.00643996,0.01732455,0.01813069,0.00019425,0.00360823,0.00619081,0.12821601,0.00802545,0.00242529,0.05459475,0.06914249,0.01399308,0.00216249,0.00339556,0.02417255,0.01192978,0.00403183,0.00000000,0.01356621,0.00934351,0.03044875,0.00180733,0.00654684,0.00437528,0.00293429,0.00423517,0.00000000,0.00000000,0.01172142,0.02512580,0.00584617,0.00000000,0.01301131,0.00239211,0.00000000,0.00000000,0.00000000,0.00119347,0.02263673,0.01040240,0.00058817,0.00580538,0.00136122,0.00000000,0.00000000,0.00000000,0.00762965,0.00000000,0.00287945,0.00000000,0.00000000,0.00000000,0.00000000,0.00000000,0.00000000,0.00428100,0.00000000,0.00000000,0.00000000,0.00000000,0.00000000,0.00000000
2025/5/15,0.00000000,0.00006504,0.00025936,0.00000000,0.03014222,0.00807145,0.00091512,0.00000000,0.00000000,0.00000000,0.00000000,0.00000000,0.00691133,0.12046744,0.20719910,0.00006504,0.00000000,0.00000000,0.00000000,0.00201427,0.02785658,0.01123003,0.04113162,0.01987703,0.00006504,0.00000000,0.00000000,0.00000000,0.00685075,0.00828138,0.02324307,0.04537926,0.05957492,0.01808745,0.00177413,0.00000000,0.00000000,0.00061068,0.00077776,0.01245332,0.03731618,0.02238585,0.04494941,0.02759119,0.00000000,0.00000000,0.00000000,0.00000000,0.00000000,0.00317416,0.00676217,0.00283820,0.05086516,0.00000000,0.00000000,0.00000000,0.00000000,0.00006504,0.01503693,0.03220945,0.00727097,0.02911742,0.00000000,0.00000000,0.00006504,0.00000000,0.00253404,0.01284683,0.01770664,0.02230735,0.00735194,0.01758155,0.00922421,0.00474412,0.00217724,0.00211387,0.00006504,0.00006504,0.00535686,0.02009986,0.00027558,0.00587640,0.01136853,0.02522307,0.00664234,0.00046957,0.00092171,0.00179634,0.10572524,0.01438360,0.00468757,0.07311305,0.07102007,0.01873959,0.00176945,0.00425519,0.03012944,0.00639297,0.00263957,0.00000000,0.02530575,0.01020706,0.03004596,0.00307443,0.01010656,0.00904097,0.00313021,0.00144696,0.00000000,0.00000000,0.01375071,0.01737833,0.00572359,0.00485399,0.01597129,0.00241466,0.00000000,0.00000000,0.00000000,0.00192435,0.03747306,0.00579740,0.00125807,0.00544171,0.00005477,0.00000000,0.00000000,0.00000000,0.01439855,0.00000000,0.00112170,0.00000000,0.00000000,0.00000000,0.00000000,0.00000000,0.00000000,0.00000000,0.00000000,0.00000000,0.00000000,0.00000000,0.00000000,0.00000000
2025/5/16,0.00000000,0.00004862,0.00000000,0.00000000,0.01507451,0.02158587,0.00028672,0.00000000,0.00000000,0.00000000,0.00000000,0.00044344,0.01073045,0.10774055,0.19777554,0.00004862,0.00000000,0.00000000,0.00000000,0.00047492,0.02788568,0.01401933,0.02307080,0.01971782,0.00004862,0.00000000,0.00000000,0.00000000,0.00568035,0.00929930,0.02543510,0.03448678,0.06358558,0.00938970,0.00139479,0.00000000,0.00000000,0.00057672,0.00167400,0.00699630,0.03194433,0.02593814,0.08179517,0.03188623,0.00000000,0.00000000,0.00000000,0.00000000,0.00000000,0.00285649,0.00730290,0.00000000,0.06037904,0.00000000,0.00000000,0.00000000,0.00000000,0.00004862,0.01419906,0.01081895,0.00696236,0.02025814,0.00000000,0.00000000,0.00004862,0.00000000,0.01371336,0.01656498,0.01124947,0.01219056,0.01362206,0.00880185,0.00395227,0.00400307,0.00244444,0.00313416,0.00004862,0.00004862,0.00483323,0.00881085,0.00004955,0.01271632,0.00653527,0.02831023,0.01504254,0.00056608,0.00276241,0.00000000,0.09234944,0.00916433,0.01125015,0.07219183,0.07022360,0.04174135,0.00099699,0.00558228,0.03645360,0.00361950,0.00204140,0.00000000,0.02356800,0.02060956,0.03253948,0.00290627,0.00560762,0.00491538,0.00362363,0.00299073,0.00000000,0.00000000,0.01929525,0.04554813,0.00427497,0.00427157,0.00988907,0.00238740,0.00000000,0.00000000,0.00000000,0.00172945,0.06685703,0.00651735,0.00115908,0.00705176,0.00077438,0.00000000,0.00000000,0.00000000,0.00451949,0.00200535,0.00134757,0.00000000,0.00000000,0.00000000,0.00000000,0.00000000,0.00000000,0.00000000,0.00000000,0.00000000,0.00000000,0.00000000,0.00000000,0.00000000
2025/5/17,0.00000000,0.00004396,0.00330308,0.00000000,0.00990030,0.01056472,0.00063732,0.00000000,0.00000000,0.00000000,0.00000000,0.00053563,0.02339279,0.09121484,0.21549755,0.00004396,0.00000000,0.00000000,0.00000000,0.00122275,0.01838382,0.00324513,0.02478249,0.03120915,0.00004396,0.00000000,0.00000000,0.00000000,0.00101408,0.00653269,0.02211548,0.03549095,0.05853088,0.01215899,0.00123180,0.00000000,0.00000000,0.00052213,0.00090432,0.00960364,0.01935317,0.01616574,0.07092822,0.05649631,0.00000000,0.00000000,0.00000000,0.00000000,0.00000000,0.00258237,0.01527104,0.00000000,0.05863698,0.00000000,0.00000000,0.00000000,0.00000000,0.00004396,0.02579900,0.01073473,0.00970044,0.02414016,0.00000000,0.00000000,0.00004396,0.00000000,0.00368866,0.00828352,0.00191256,0.01532777,0.01258322,0.01728018,0.00142619,0.00538269,0.00702070,0.00215290,0.00004396,0.00004396,0.00399825,0.00292775,0.00030690,0.00385111,0.00414174,0.04915854,0.02116510,0.00052700,0.00409869,0.00000000,0.08234031,0.00640305,0.01331829,0.05980573,0.05047064,0.02791042,0.00186665,0.01023199,0.02383850,0.00271978,0.00236071,0.00000000,0.01625520,0.01381231,0.04839839,0.00379198,0.01189935,0.02389507,0.00171994,0.00731920,0.00000000,0.00000000,0.01524168,0.03481790,0.00187208,0.00000000,0.01491735,0.00186681,0.00000000,0.00000000,0.00000000,0.00145608,0.02518844,0.00629596,0.00074532,0.01563413,0.00840905,0.00000000,0.00000000,0.00000000,0.01437820,0.01741179,0.00000000,0.00000000,0.00000000,0.00000000,0.00000000,0.00000000,0.00000000,0.00139015,0.00000000,0.00000000,0.00000000,0.00000000,0.00000000,0.00000000
2025/5/18,0.00000000,0.00001223,0.00000000,0.00000000,0.00639398,0.00872913,0.00547013,0.00000000,0.00000000,0.00000000,0.00000000,0.00032118,0.00724122,0.09729390,0.21511705,0.00001223,0.00000000,0.00000000,0.00000000,0.00651368,0.01384930,0.01589776,0.02036960,0.02772718,0.00001223,0.00000000,0.00000000,0.00000000,0.00665156,0.00846760,0.02241222,0.04140171,0.07010039,0.01207942,0.00107719,0.00000000,0.00000000,0.00021899,0.00000000,0.00221213,0.04413671,0.01998059,0.05807471,0.05645434,0.00000000,0.00000000,0.00000000,0.00000000,0.00000000,0.00441810,0.01659048,0.00379196,0.05093458,0.00000000,0.00000000,0.00000000,0.00000000,0.00001223,0.01263903,0.01337671,0.00446937,0.02453336,0.00000000,0.00000000,0.00001223,0.00000000,0.00057442,0.00525652,0.00000000,0.00752723,0.01344812,0.00887630,0.00000000,0.00556193,0.00001432,0.00265698,0.00001223,0.00001223,0.00749169,0.00330608,0.00014551,0.00279568,0.00269660,0.04018581,0.00995626,0.00012994,0.00462495,0.00016122,0.08609116,0.00709234,0.02382348,0.09639233,0.04177350,0.03684424,0.00152616,0.02071428,0.02445170,0.00664287,0.00346441,0.00000000,0.02790269,0.01784898,0.02433051,0.00669792,0.00513788,0.01641511,0.00054506,0.00340370,0.00000000,0.00000000,0.01270721,0.03926558,0.00927198,0.00000000,0.01653470,0.00185899,0.00000000,0.00000000,0.00000000,0.00063070,0.01752957,0.00887650,0.00033856,0.00291985,0.01103575,0.00000000,0.00000000,0.00000000,0.01999476,0.01014587,0.00000000,0.00000000,0.00000000,0.00000000,0.00000000,0.00000000,0.00000000,0.00413960,0.00000000,0.00000000,0.00000000,0.00000000,0.00000000,0.00000000
2025/5/19,0.00000000,0.00002796,0.00000000,0.00000000,0.00831589,0.01298862,0.00255303,0.00000000,0.00000000,0.00000000,0.00000000,0.00082668,0.00614397,0.09765461,0.19824891,0.00002796,0.00000000,0.00000000,0.00000000,0.00471517,0.01682227,0.02660513,0.02389399,0.04941935,0.00002796,0.00000000,0.00000000,0.00000000,0.00045888,0.00282427,0.02797210,0.04913805,0.05930797,0.02665622,0.00178595,0.00000000,0.00000000,0.00000000,0.00139535,0.00098683,0.06037050,0.02644074,0.04248730,0.04158636,0.00000000,0.00000000,0.00000000,0.00000000,0.00000000,0.00549262,0.01663137,0.00211145,0.10774000,0.00000000,0.00000000,0.00000000,0.00000000,0.00002796,0.00756729,0.02561540,0.00633308,0.03803695,0.00000000,0.00000000,0.00002796,0.00000000,0.00269406,0.01945874,0.02267490,0.01110039,0.01075654,0.00779742,0.01057041,0.00550696,0.00246968,0.00731221,0.00002796,0.00002796,0.01586285,0.00000000,0.00058338,0.00978505,0.00223276,0.02543716,0.01214889,0.00000000,0.00500877,0.00000000,0.09468605,0.01459148,0.01378450,0.09523208,0.06181558,0.01682600,0.00143106,0.01075392,0.03401602,0.00374869,0.00748436,0.00000000,0.03012648,0.01601603,0.01092424,0.00925799,0.00397961,0.01410027,0.00172714,0.00197745,0.00000000,0.00000000,0.01414139,0.05156697,0.01762667,0.01891507,0.01499219,0.00282192,0.00000000,0.00000000,0.00000000,0.00214878,0.01839449,0.00893375,0.00168625,0.00133292,0.00765337,0.00000000,0.00000000,0.00000000,0.02114261,0.00680539,0.00000000,0.00000000,0.00000000,0.00000000,0.00000000,0.00000000,0.00000000,0.00940330,0.00000000,0.00000000,0.00000000,0.00000000,0.00000000,0.00000000
2025/5/20,0.00000000,0.00003737,0.00084011,0.00000000,0.00983074,0.00626577,0.00713564,0.00000000,0.00000000,0.00000000,0.00000000,0.00085985,0.00618829,0.12852688,0.18691045,0.00003737,0.00000000,0.00000000,0.00000000,0.00229877,0.03051627,0.02444585,0.01019094,0.04702691,0.00003737,0.00000000,0.00000000,0.00000000,0.00877841,0.00249005,0.02809899,0.04094291,0.04160964,0.01287958,0.00461531,0.00000000,0.00000000,0.00054558,0.00171901,0.00171146,0.05008644,0.01320235,0.03838329,0.03983883,0.00000000,0.00000000,0.00000000,0.00000000,0.00000000,0.00897543,0.01119530,0.01142173,0.09521732,0.00000000,0.00000000,0.00000000,0.00000000,0.00003737,0.01003247,0.01607092,0.01510487,0.02588501,0.00000000,0.00000000,0.00003737,0.00000000,0.01397713,0.00629065,0.03131846,0.00601702,0.01524541,0.01458932,0.00518488,0.00515766,0.01697291,0.00353555,0.00003737,0.00003737,0.01550217,0.00619801,0.00081644,0.01450545,0.00703673,0.03739846,0.01114285,0.00007593,0.01192162,0.00000000,0.09865031,0.00791788,0.00715304,0.09137075,0.08206737,0.03382798,0.00137056,0.00954474,0.02047935,0.00369936,0.00290075,0.00000000,0.02815899,0.02589347,0.02126042,0.01570044,0.00441492,0.00822930,0.01073409,0.00154535,0.00000000,0.00000000,0.02121144,0.04530063,0.00257451,0.01006751,0.00004915,0.00299609,0.00000000,0.00000000,0.00000000,0.00903154,0.02016289,0.00145461,0.00813541,0.00309251,0.01263380,0.00000000,0.00000000,0.00000000,0.01005979,0.01708420,0.00161394,0.00000000,0.00000000,0.00000000,0.00000000,0.00000000,0.00000000,0.00243567,0.00000000,0.00000000,0.00000000,0.00000000,0.00000000,0.00000000
2025/5/21,0.00000000,0.00002937,0.00139227,0.00000000,0.01058355,0.00441918,0.00245005,0.00000000,0.00000000,0.00000000,0.00000000,0.00081752,0.00935356,0.11800534,0.18941116,0.00002937,0.00000000,0.00000000,0.00000000,0.00334317,0.02331595,0.04645659,0.01504534,0.06594272,0.00002937,0.00000000,0.00000000,0.00000000,0.00354738,0.00503397,0.02108659,0.03083564,0.04947228,0.01446351,0.00145440,0.00000000,0.00000000,0.00076704,0.00118668,0.00188676,0.04449752,0.01444919,0.04628446,0.04057291,0.00000000,0.00000000,0.00000000,0.00000000,0.00000000,0.01614870,0.02125714,0.00154271,0.05203360,0.00000000,0.00000000,0.00000000,0.00000000,0.00002937,0.00603582,0.00821688,0.01367803,0.01553866,0.00171565,0.00000000,0.00002937,0.00000000,0.00408463,0.01001535,0.04059237,0.00935728,0.01034860,0.01347651,0.00111318,0.00498056,0.00420572,0.00333549,0.00002937,0.00002937,0.00743231,0.00835864,0.00102264,0.01128249,0.01355446,0.01867319,0.00857785,0.00021475,0.01453594,0.00000000,0.11583883,0.00060768,0.00736660,0.08039462,0.06645972,0.03555696,0.00276532,0.02343118,0.02005787,0.00604742,0.00285488,0.00000000,0.01391890,0.02076600,0.02519441,0.02906458,0.00203140,0.01985561,0.00396457,0.00141962,0.00000000,0.00000000,0.01700059,0.03976435,0.00651016,0.00378897,0.02521193,0.00220095,0.00000000,0.00000000,0.00000000,0.00201520,0.03653846,0.00580512,0.00300510,0.00596679,0.00905601,0.00000000,0.00000000,0.00000000,0.00418667,0.00719813,0.00000000,0.00000000,0.00000000,0.00000000,0.00000000,0.00000000,0.00000000,0.00000000,0.00000000,0.00000000,0.00000000,0.00000000,0.00000000,0.00000000
2025/5/22,0.00000000,0.00003276,0.00161890,0.00000000,0.01171896,0.00561524,0.00151640,0.00000000,0.00000000,0.00000000,0.00000000,0.00113176,0.02110325,0.09179671,0.23648763,0.00003276,0.00000000,0.00000000,0.00000000,0.00449580,0.02218954,0.04908663,0.02196864,0.05115695,0.00003276,0.00000000,0.00000000,0.00000000,0.01251716,0.01691320,0.02271801,0.03722368,0.05296011,0.01073676,0.00065514,0.00000000,0.00000000,0.00072399,0.00101704,0.00327581,0.03494549,0.02365573,0.03856005,0.04964602,0.00000000,0.00000000,0.00000000,0.00000000,0.00000000,0.00887484,0.02893782,0.00173016,0.05028602,0.00000000,0.00000000,0.00000000,0.00000000,0.00003276,0.00407374,0.00735424,0.00831334,0.02082379,0.00602949,0.00000000,0.00003276,0.00000000,0.00175057,0.00472174,0.02304091,0.01426073,0.00985927,0.00772079,0.00240203,0.00483762,0.00196122,0.00339525,0.00003276,0.00003276,0.00678487,0.01204428,0.00088059,0.02360247,0.00372077,0.01268407,0.02098504,0.00038135,0.00623593,0.00022373,0.09593712,0.01033079,0.01700387,0.10493341,0.07199095,0.01907433,0.01035593,0.04282969,0.01497266,0.01100095,0.00474012,0.00000000,0.01879435,0.02151616,0.02877302,0.01853706,0.00286464,0.00507271,0.00698017,0.00000000,0.00000000,0.00000000,0.01888994,0.05606203,0.00493509,0.00103975,0.03070891,0.00150716,0.00000000,0.00000000,0.00000000,0.00084552,0.01653799,0.01967799,0.00866099,0.01275795,0.00968137,0.00000000,0.00000000,0.00000000,0.00000000,0.00491990,0.00011979,0.00000000,0.00000000,0.00000000,0.00000000,0.00000000,0.00000000,0.00128652,0.00000000,0.00000000,0.00000000,0.00000000,0.00000000,0.00000000
2025/5/23,0.00000000,0.00005264,0.00143581,0.00000000,0.01266916,0.00850701,0.00167538,0.00000000,0.00000000,0.00000000,0.00000000,0.00205092,0.01562435,0.08255821,0.25109378,0.00005264,0.00000000,0.00000000,0.00000000,0.00387689,0.03661714,0.03075828,0.03354590,0.04306144,0.00005264,0.00000000,0.00000000,0.00000000,0.01494511,0.00251317,0.03459080,0.04200024,0.05142922,0.00717077,0.00067487,0.00000000,0.00000000,0.00064169,0.00106369,0.00889467,0.03724604,0.03090084,0.05522168,0.04555604,0.00000000,0.00000000,0.00000000,0.00000000,0.00000000,0.00524578,0.00874115,0.00142258,0.08573912,0.00000000,0.00000000,0.00000000,0.00000000,0.00005264,0.00441594,0.01662804,0.00670727,0.02857918,0.01378382,0.00000000,0.00005264,0.00000000,0.00124900,0.00303284,0.02269452,0.02123495,0.00912217,0.00852274,0.00521117,0.00568708,0.00265450,0.00407858,0.00005264,0.00005264,0.00974946,0.00685908,0.00080861,0.00511374,0.00392297,0.01406706,0.00818001,0.00042942,0.00435455,0.00171755,0.09041674,0.00238757,0.02588264,0.07640372,0.07017836,0.01390151,0.00346026,0.01602760,0.01285301,0.01798521,0.01110118,0.00000000,0.01948033,0.02279485,0.03244683,0.00606514,0.01229315,0.00052454,0.00300967,0.00152809,0.00000000,0.00000000,0.02515474,0.02889127,0.00528674,0.00424559,0.02986369,0.00024109,0.00000000,0.00000000,0.00000000,0.00190080,0.02497401,0.00659451,0.00283666,0.02512688,0.01120387,0.00000000,0.00000000,0.00000000,0.00000000,0.00418159,0.00224418,0.00000000,0.00000000,0.00000000,0.00000000,0.00000000,0.00000000,0.00891509,0.00000000,0.00000000,0.00000000,0.00000000,0.00000000,0.00000000
2025/5/24,0.00000000,0.00005206,0.00074685,0.00000000,0.01978398,0.01949758,0.00615680,0.00000000,0.00000000,0.00000000,0.00000000,0.00308060,0.02132355,0.10581851,0.20156875,0.00005206,0.00000000,0.00000000,0.00000000,0.00407580,0.02560304,0.01544300,0.03564940,0.04895639,0.00005206,0.00000000,0.00000000,0.00000000,0.01541770,0.00000000,0.03861618,0.04751258,0.05285928,0.00767090,0.00119600,0.00000000,0.00000000,0.00080188,0.00000000,0.00804185,0.03036034,0.01151501,0.05189181,0.02243444,0.00000000,0.00000000,0.00000000,0.00000000,0.00000000,0.00229204,0.01019925,0.00407043,0.05660730,0.00000000,0.00000000,0.00000000,0.00000000,0.00005206,0.00553425,0.00799586,0.00595741,0.02935135,0.00615357,0.00000000,0.00005206,0.00000000,0.00170754,0.00480051,0.02352915,0.00999471,0.00865214,0.00921321,0.00406450,0.01074656,0.00183430,0.00899354,0.00005206,0.00005206,0.01899843,0.00502321,0.00038920,0.00761307,0.00384429,0.02489322,0.00455657,0.00020414,0.00436202,0.00431184,0.10542767,0.00367169,0.01642204,0.05987185,0.06021536,0.03431672,0.00165102,0.00779225,0.01940699,0.01063339,0.01807710,0.00000000,0.01664780,0.01677583,0.03233137,0.01248685,0.00751113,0.00497680,0.01140804,0.00251645,0.00000000,0.00000000,0.02672192,0.02701066,0.00681433,0.01850249,0.01441002,0.00192440,0.00000000,0.00000000,0.00000000,0.00181459,0.02439344,0.00364087,0.00149036,0.01289357,0.01787589,0.00000000,0.00000000,0.00000000,0.00000000,0.01066869,0.00135398,0.00000000,0.00000000,0.00000000,0.00000000,0.00000000,0.00000000,0.00356400,0.00000000,0.00000000,0.00000000,0.00000000,0.00000000,0.00000000
2025/5/25,0.00000000,0.00006528,0.00000000,0.00000000,0.02429336,0.00957813,0.00394112,0.00000000,0.00000000,0.00000000,0.00000000,0.00750642,0.02243452,0.08544258,0.19775814,0.00006528,0.00000000,0.00000000,0.00000000,0.00275562,0.02259881,0.02405567,0.02927341,0.03788453,0.00006528,0.00000000,0.00000000,0.00000000,0.00839620,0.00081928,0.03182685,0.06744305,0.05322552,0.00903441,0.00098190,0.00000000,0.00000000,0.00082731,0.00262243,0.00172175,0.03194381,0.02046235,0.04540744,0.02159011,0.00000000,0.00000000,0.00000000,0.00000000,0.00000000,0.00306239,0.02591522,0.00645725,0.04645902,0.00000000,0.00000000,0.00000000,0.00000000,0.00006528,0.01078002,0.01047513,0.00589862,0.03543480,0.00178676,0.00000000,0.00006528,0.00000000,0.00300681,0.00673911,0.02509308,0.01598416,0.01423148,0.00894175,0.00311031,0.00633717,0.00000000,0.00437667,0.00006528,0.00006528,0.01019034,0.00661695,0.00000000,0.01159032,0.00626025,0.01869714,0.00930736,0.00000000,0.00273804,0.00773914,0.12724587,0.00892557,0.01006756,0.09330732,0.03826389,0.03056028,0.00029338,0.00764585,0.01735851,0.00771555,0.01762803,0.00000000,0.01582179,0.02188002,0.02528952,0.01941422,0.00622944,0.01229728,0.00345219,0.00290336,0.00000000,0.00000000,0.02410072,0.03855259,0.01300456,0.00845156,0.01239254,0.01533828,0.00000000,0.00000000,0.00000000,0.00156727,0.02407132,0.00636387,0.00129091,0.00893933,0.00893365,0.00000000,0.00000000,0.00000000,0.00078810,0.01464436,0.00331521,0.00000000,0.00000000,0.00000000,0.00000000,0.00000000,0.00000000,0.00156530,0.00000000,0.00000000,0.00000000,0.00000000,0.00000000,0.00000000
2025/5/26,0.00000000,0.00002745,0.00015073,0.00000000,0.01537667,0.00510987,0.00799922,0.00000000,0.00000000,0.00000000,0.00000000,0.00270994,0.02199298,0.09191235,0.21439414,0.00002745,0.00000000,0.00000000,0.00000000,0.00256334,0.02621456,0.01199877,0.02255332,0.05160553,0.00002745,0.00000000,0.00000000,0.00000000,0.00971024,0.00384526,0.02741202,0.05456410,0.06618273,0.01554541,0.00035505,0.00000000,0.00000000,0.00156699,0.00777042,0.00131151,0.04470276,0.02374781,0.05196602,0.03179973,0.00000000,0.00000000,0.00000000,0.00000000,0.00000000,0.01347161,0.01846434,0.00692552,0.07020463,0.00000000,0.00000000,0.00000000,0.00000000,0.00002745,0.00361330,0.01760609,0.00838307,0.02096942,0.00000000,0.00000000,0.00002745,0.00000000,0.00316607,0.01569551,0.02052696,0.01224884,0.01758711,0.00745730,0.00657676,0.00497092,0.00454798,0.00291480,0.00002745,0.00002745,0.00614454,0.00598889,0.00000000,0.02490285,0.00824026,0.02048565,0.00819256,0.00000000,0.00011910,0.01279498,0.15461174,0.01805571,0.00451577,0.07998822,0.03935633,0.02082194,0.00158341,0.02334334,0.02230145,0.00606755,0.00262892,0.00000000,0.02591620,0.02032823,0.01854654,0.00404767,0.00612220,0.00717597,0.00204885,0.00116377,0.00000000,0.00000000,0.02549443,0.04727472,0.00696699,0.00604436,0.01477585,0.00503409,0.00000000,0.00000000,0.00000000,0.00176302,0.04620486,0.01071374,0.00117479,0.00202205,0.00232858,0.00000000,0.00000000,0.00000000,0.00000000,0.00227028,0.00080917,0.00000000,0.00000000,0.00000000,0.00000000,0.00000000,0.00000000,0.00027288,0.00000000,0.00000000,0.00000000,0.00000000,0.00000000,0.00000000
2025/5/27,0.00000000,0.00003885,0.00026642,0.00000000,0.02112268,0.00327655,0.00598609,0.00000000,0.00000000,0.00000000,0.00000000,0.00212017,0.01457343,0.12484747,0.21553928,0.00003885,0.00000000,0.00000000,0.00000000,0.00835284,0.02178227,0.01409348,0.02241077,0.05289169,0.00003885,0.00000000,0.00000000,0.00000000,0.01847300,0.00901339,0.02757678,0.04030581,0.04085933,0.01921955,0.00103786,0.00000000,0.00000000,0.00658838,0.00294149,0.00298077,0.04720125,0.02228583,0.06592764,0.02304889,0.00000000,0.00000000,0.00000000,0.00000000,0.00000000,0.00067456,0.00574929,0.00351963,0.05047035,0.00000000,0.00000000,0.00000000,0.00000000,0.00003885,0.00312725,0.01857067,0.01470165,0.01626233,0.00000000,0.00000000,0.00003885,0.00000000,0.00324985,0.00826208,0.00678404,0.01488544,0.01105748,0.00656508,0.00725611,0.00492910,0.03001640,0.00362041,0.00003885,0.00003885,0.00647001,0.00833816,0.00172287,0.02582417,0.01329920,0.06031282,0.02068684,0.00520184,0.00046084,0.00764559,0.09817334,0.01187564,0.00143083,0.07311641,0.04344786,0.02157704,0.00155619,0.01704308,0.03656432,0.01302699,0.00011871,0.00000000,0.04433808,0.01861506,0.02450954,0.00133577,0.00300414,0.00897771,0.00296186,0.00258588,0.00000000,0.00000000,0.04492795,0.02770376,0.01354070,0.00477712,0.02301476,0.00000000,0.00000000,0.00000000,0.00000000,0.00189812,0.02950643,0.02285366,0.00082587,0.00047816,0.00072012,0.00000000,0.00000000,0.00000000,0.00000000,0.00144938,0.00164754,0.00000000,0.00000000,0.00000000,0.00000000,0.00000000,0.00000000,0.00064922,0.00000000,0.00000000,0.00000000,0.00000000,0.00000000,0.00000000
2025/5/28,0.00000000,0.00005181,0.00051135,0.00000000,0.03247402,0.00341458,0.00928337,0.00000000,0.00000000,0.00000000,0.00000000,0.00226429,0.01444064,0.12804860,0.22741738,0.00005181,0.00000000,0.00000000,0.00000000,0.00304769,0.02772420,0.02887516,0.01833306,0.05324069,0.00005181,0.00000000,0.00000000,0.00000000,0.00509888,0.02311289,0.02350592,0.04041470,0.05279188,0.02513636,0.00450929,0.00000000,0.00000000,0.00180756,0.00183258,0.00385835,0.02823768,0.01559669,0.07128061,0.02822154,0.00000000,0.00000000,0.00000000,0.00000000,0.00000000,0.00201810,0.00603691,0.00009325,0.04586487,0.00000000,0.00000000,0.00000000,0.00000000,0.00005181,0.00489770,0.02860586,0.03047766,0.02477445,0.00000000,0.00000000,0.00005181,0.00000000,0.00389596,0.01454946,0.01106169,0.02609318,0.01677418,0.00803011,0.00350513,0.00457205,0.00489320,0.00264745,0.00005181,0.00005181,0.01819601,0.00400146,0.00792120,0.01590652,0.02032830,0.06731980,0.00627987,0.00000434,0.00372856,0.00355239,0.09299418,0.00771725,0.00734580,0.09886187,0.02774433,0.03458808,0.00202958,0.00671446,0.05280004,0.01195526,0.00229018,0.00000000,0.03059083,0.01815102,0.02301550,0.00255700,0.00000000,0.01226833,0.00365677,0.00175218,0.00000000,0.00000000,0.03048076,0.03240685,0.02548728,0.00210467,0.01426153,0.00032511,0.00000000,0.00000000,0.00000000,0.00117489,0.02640363,0.02038406,0.00066409,0.00142450,0.00483700,0.00000000,0.00000000,0.00000000,0.00374954,0.00524839,0.00327335,0.00000000,0.00000000,0.00000000,0.00000000,0.00000000,0.00000000,0.00157100,0.00000000,0.00000000,0.00000000,0.00000000,0.00000000,0.00000000
2025/5/29,0.00000000,0.00007464,0.00085527,0.00000000,0.02886896,0.00194192,0.00581237,0.00000000,0.00000000,0.00000000,0.00000000,0.00233672,0.02515040,0.11088349,0.24902740,0.00007464,0.00000000,0.00000000,0.00000000,0.00345880,0.02818794,0.02192930,0.01382200,0.03272809,0.00007464,0.00000000,0.00000000,0.00000000,0.00167599,0.01811304,0.01602344,0.04914094,0.06295379,0.01377279,0.00117272,0.00000000,0.00000000,0.00102280,0.00172611,0.00470558,0.02574918,0.01380032,0.06550205,0.03792863,0.00000000,0.00000000,0.00000000,0.00000000,0.00000000,0.00000000,0.00642366,0.00285497,0.06609404,0.00000000,0.00000000,0.00000000,0.00000000,0.00007464,0.01062208,0.02750352,0.02195473,0.03347526,0.00000000,0.00000000,0.00007464,0.00000000,0.00293758,0.03581979,0.01998646,0.01981518,0.01906663,0.00718488,0.00171509,0.00483388,0.00000000,0.00244656,0.00007464,0.00007464,0.00542580,0.00070435,0.00144091,0.01153817,0.01331047,0.04115760,0.00379722,0.00000000,0.00828267,0.00227348,0.10035758,0.00736120,0.02043810,0.06667605,0.03610205,0.02181867,0.00220362,0.00443906,0.02622704,0.02005727,0.00419198,0.00000000,0.01132280,0.00938368,0.01876106,0.00245029,0.00568213,0.01723721,0.00382188,0.00038703,0.00000000,0.00000000,0.02900156,0.04129899,0.01189334,0.00492058,0.00797758,0.00272445,0.00000000,0.00000000,0.00000000,0.00031568,0.04571163,0.02204679,0.00114715,0.00369741,0.00000000,0.00000000,0.00000000,0.00000000,0.00094164,0.01223581,0.00763234,0.00000000,0.00000000,0.00000000,0.00000000,0.00000000,0.00000000,0.00253841,0.00000000,0.00000000,0.00000000,0.00000000,0.00000000,0.00000000
2025/5/30,0.00000000,0.00007900,0.00083282,0.00000000,0.01755865,0.00184939,0.00477461,0.00000000,0.00000000,0.00000000,0.00000000,0.00348957,0.01433083,0.12557954,0.24875474,0.00007900,0.00000000,0.00000000,0.00000000,0.00825975,0.02501802,0.01474324,0.02078840,0.03347997,0.00007900,0.00000000,0.00000000,0.00000000,0.00655362,0.01385149,0.02202355,0.03769909,0.06565296,0.01137461,0.00329433,0.00000000,0.00000000,0.00082172,0.00101812,0.00437182,0.03019113,0.01124595,0.05795252,0.02490471,0.00000000,0.00000000,0.00000000,0.00000000,0.00000000,0.00552758,0.01062857,0.00654307,0.05158021,0.00000000,0.00000000,0.00000000,0.00000000,0.00007900,0.00633669,0.01808616,0.01170527,0.03582741,0.00000000,0.00000000,0.00007900,0.00000000,0.00401033,0.04207437,0.01882305,0.01274536,0.01303909,0.00888689,0.00230378,0.00494425,0.00172233,0.00258990,0.00007900,0.00007900,0.00382045,0.00223332,0.00000000,0.01172462,0.00636472,0.03927324,0.00752897,0.00010230,0.02251930,0.00754443,0.09696422,0.01060594,0.01082696,0.06811402,0.05221622,0.02087419,0.00186536,0.00503766,0.02170207,0.03830674,0.00330750,0.00000000,0.01133703,0.01548807,0.02807637,0.00427908,0.00000000,0.02273804,0.00312664,0.00854923,0.00000000,0.00000000,0.02943591,0.03624910,0.00699002,0.00320877,0.01664831,0.00400939,0.00000000,0.00000000,0.00000000,0.00000000,0.03056400,0.00968490,0.00031831,0.00614042,0.00286119,0.00000000,0.00000000,0.00000000,0.00156132,0.01177901,0.00309922,0.00000000,0.00000000,0.00000000,0.00000000,0.00000000,0.00000000,0.00205882,0.00000000,0.00000000,0.00000000,0.00000000,0.00000000,0.00000000
2025/5/31,0.00000000,0.00007657,0.00100535,0.00000000,0.02094223,0.00533963,0.00340417,0.00000000,0.00000000,0.00000000,0.00000000,0.00793418,0.01872911,0.13221367,0.23075880,0.00007657,0.00000000,0.00000000,0.00000000,0.00459708,0.03578057,0.01168154,0.02439896,0.02702089,0.00007657,0.00000000,0.00000000,0.00000000,0.00463995,0.00659188,0.01268352,0.05998674,0.06773026,0.00841425,0.01416103,0.00000000,0.00000000,0.00068947,0.00077330,0.00346915,0.02791066,0.01329574,0.03451644,0.03540436,0.00000000,0.00000000,0.00000000,0.00000000,0.00000000,0.02138330,0.00687674,0.00048792,0.04446329,0.00000000,0.00000000,0.00000000,0.00000000,0.00007657,0.00495335,0.01331832,0.00877199,0.02187728,0.00000000,0.00000000,0.00007657,0.00000000,0.00982874,0.02634436,0.01442264,0.02389899,0.01741032,0.00931856,0.00690670,0.00486042,0.00425478,0.00266193,0.00007657,0.00007657,0.00663339,0.00075452,0.00000000,0.02524473,0.00444760,0.02964816,0.00799327,0.00041916,0.00842012,0.00216359,0.09740979,0.00396543,0.00777340,0.05912694,0.06341090,0.04219930,0.00054052,0.00499321,0.02036847,0.01647329,0.00218587,0.00000000,0.01799898,0.01799610,0.03342021,0.01335029,0.00281071,0.01750667,0.00378137,0.00730149,0.00000000,0.00000000,0.02947820,0.03855794,0.00285103,0.00941646,0.01465072,0.00338924,0.00000000,0.00000000,0.00000000,0.00000000,0.03612195,0.00972632,0.00042634,0.01282557,0.01549079,0.00000000,0.00000000,0.00000000,0.00183273,0.01051397,0.00307078,0.00000000,0.00000000,0.00000000,0.00000000,0.00000000,0.00000000,0.00000000,0.00000000,0.00000000,0.00000000,0.00000000,0.00000000,0.00000000
2025/6/1,0.00000000,0.00006591,0.00096812,0.00000000,0.00761052,0.00214050,0.00227739,0.00000000,0.00000000,0.00000000,0.00000000,0.00323991,0.01422405,0.11444277,0.24323830,0.00006591,0.00000000,0.00000000,0.00000000,0.00830391,0.02603456,0.00735214,0.02601591,0.02568100,0.00006591,0.00000000,0.00000000,0.00000000,0.00246544,0.00853034,0.01669415,0.04890437,0.06640074,0.00616050,0.00517657,0.00000000,0.00000000,0.00065610,0.00491057,0.00417260,0.01944950,0.01580192,0.03583619,0.03511026,0.00000000,0.00000000,0.00000000,0.00000000,0.00000000,0.01644671,0.01075056,0.00233134,0.05013851,0.00000000,0.00000000,0.00000000,0.00000000,0.00006591,0.00452167,0.00790395,0.00777129,0.03074548,0.00000000,0.00000000,0.00006591,0.00000000,0.00462432,0.00476048,0.01320166,0.01419810,0.01441530,0.01564113,0.00232854,0.00549332,0.00604374,0.00226535,0.00006591,0.00006591,0.01371209,0.01968194,0.00002487,0.01321857,0.02327212,0.01478234,0.01519674,0.00067620,0.00120129,0.00839707,0.10069688,0.01307107,0.00654924,0.07503803,0.06155478,0.02979100,0.00021817,0.00549009,0.02674223,0.01540863,0.00341454,0.00000000,0.01845789,0.01683264,0.04103051,0.01257978,0.01015597,0.01549062,0.00405411,0.00161312,0.00000000,0.00000000,0.03069393,0.03595585,0.00359579,0.00456673,0.01287645,0.00243844,0.00000000,0.00000000,0.00000000,0.00644982,0.03950192,0.01526805,0.00079335,0.02497516,0.00313245,0.00000000,0.00000000,0.00000000,0.00210911,0.00540342,0.00895411,0.00000000,0.00000000,0.00000000,0.00000000,0.00000000,0.00000000,0.00000000,0.00000000,0.00000000,0.00000000,0.00000000,0.00000000,0.00000000
2025/6/2,0.00000000,0.00007395,0.00150971,0.00000000,0.00532825,0.00191505,0.00306218,0.00000000,0.00000000,0.00000000,0.00000000,0.00163203,0.00471515,0.10989544,0.22402817,0.00007395,0.00000000,0.00000000,0.00000000,0.00392535,0.02181479,0.01950969,0.02000997,0.02495156,0.00007395,0.00000000,0.00000000,0.00000000,0.00000000,0.01637780,0.02016198,0.03321468,0.04177767,0.00742732,0.00259218,0.00000000,0.00000000,0.00073785,0.00013457,0.00545720,0.02175341,0.01033736,0.05625590,0.03295705,0.00000000,0.00000000,0.00000000,0.00000000,0.00000000,0.02165630,0.02202962,0.00508570,0.05971790,0.00000000,0.00000000,0.00000000,0.00000000,0.00007395,0.00861255,0.00691375,0.00841262,0.01679599,0.00000000,0.00000000,0.00007395,0.00000000,0.00182469,0.00000000,0.01162531,0.02484347,0.01300870,0.01030748,0.00185026,0.00442156,0.00563921,0.00315750,0.00007395,0.00007395,0.01280229,0.01290343,0.00126756,0.00721760,0.00980461,0.00556428,0.00683420,0.00047740,0.00000000,0.00266993,0.11281463,0.01376364,0.00576501,0.08043127,0.06699551,0.03026650,0.00391199,0.00632750,0.01605332,0.01769676,0.00393128,0.00000000,0.02715062,0.01095258,0.04747074,0.00263502,0.00118573,0.00242154,0.00327996,0.00152581,0.00000000,0.00000000,0.03701102,0.02640953,0.01635008,0.00657468,0.03193393,0.00165454,0.00000000,0.00000000,0.00000000,0.00000000,0.02741551,0.00842293,0.00100068,0.01025523,0.00252647,0.00000000,0.00000000,0.00000000,0.00174792,0.00000000,0.00522412,0.00000000,0.00000000,0.00000000,0.00000000,0.00000000,0.00000000,0.00000000,0.00000000,0.00000000,0.00000000,0.00000000,0.00000000,0.00000000
2025/6/3,0.00000000,0.00005267,0.00064279,0.00000000,0.01593099,0.00440891,0.00372650,0.00000000,0.00000000,0.00000000,0.00000000,0.00228447,0.01161895,0.12824082,0.23671575,0.00005267,0.00000000,0.00000000,0.00000000,0.00292523,0.02207619,0.01878645,0.01991249,0.03797086,0.00005267,0.00000000,0.00000000,0.00000000,0.00582813,0.00870731,0.01667245,0.05182216,0.06147094,0.00976984,0.00167725,0.00000000,0.00000000,0.00050405,0.00123944,0.00466292,0.02606444,0.01753659,0.05952684,0.04262111,0.00000000,0.00000000,0.00000000,0.00000000,0.00000000,0.00718218,0.02018145,0.01034069,0.05568013,0.00000000,0.00000000,0.00000000,0.00000000,0.00005267,0.00408627,0.01443322,0.00791326,0.01801254,0.00000000,0.00000000,0.00005267,0.00000000,0.00093785,0.00567758,0.00902738,0.02813409,0.01478728,0.00883796,0.00270046,0.00427457,0.00377077,0.00266770,0.00005267,0.00005267,0.00995899,0.01294600,0.00155795,0.00804095,0.01364156,0.02123372,0.00728313,0.00000000,0.00000000,0.00625829,0.12884384,0.00939836,0.00606660,0.11503184,0.09171408,0.04888377,0.00003552,0.01034029,0.02525540,0.00525535,0.00495214,0.00000000,0.00994088,0.01530958,0.02822594,0.00499250,0.00279033,0.01063447,0.00304231,0.00602497,0.00000000,0.00000000,0.04690405,0.02262808,0.01760021,0.00731967,0.02013390,0.00128141,0.00000000,0.00000000,0.00000000,0.00000000,0.02522006,0.00963145,0.00085700,0.00358260,0.00156875,0.00000000,0.00000000,0.00000000,0.00121541,0.00239140,0.00983346,0.00000000,0.00000000,0.00000000,0.00000000,0.00000000,0.00000000,0.00000000,0.00000000,0.00000000,0.00000000,0.00000000,0.00000000,0.00000000
2025/6/4,0.00000000,0.00005701,0.00051946,0.00000000,0.02792814,0.00639031,0.00707340,0.00000000,0.00000000,0.00000000,0.00000000,0.00197307,0.00809084,0.12802953,0.26049551,0.00005701,0.00000000,0.00000000,0.00000000,0.00181557,0.02264713,0.01287375,0.01672570,0.03265169,0.00005701,0.00000000,0.00000000,0.00000000,0.00154002,0.00460787,0.03193187,0.03060434,0.04959140,0.02873090,0.00132997,0.00000000,0.00000000,0.00124026,0.00137150,0.00404345,0.02409815,0.02986629,0.06813002,0.02702097,0.00000000,0.00000000,0.00000000,0.00000000,0.00000000,0.00000000,0.02397647,0.00332228,0.07656002,0.00000000,0.00000000,0.00000000,0.00000000,0.00005701,0.00623686,0.02369198,0.00790817,0.02388325,0.00012103,0.00000000,0.00005701,0.00000000,0.00078145,0.00970831,0.00800818,0.02767466,0.00595731,0.00802560,0.00207953,0.00439458,0.00241611,0.00110164,0.00005701,0.00005701,0.01805571,0.02688283,0.00088906,0.00925441,0.00513293,0.03486178,0.00979556,0.00060432,0.00000000,0.00322933,0.10108332,0.02158870,0.01690623,0.09881477,0.07171826,0.04891972,0.00038265,0.00461517,0.03417709,0.00255706,0.00207804,0.00000000,0.01408282,0.01638388,0.02443486,0.01077776,0.00986749,0.00000000,0.00330918,0.00200944,0.00000000,0.00000000,0.02528454,0.01962104,0.01587388,0.00469608,0.01673816,0.00256916,0.00000000,0.00000000,0.00000000,0.00005870,0.04573580,0.01078461,0.00066955,0.00106724,0.00152868,0.00000000,0.00000000,0.00000000,0.00051336,0.00000000,0.00557970,0.00000000,0.00000000,0.00000000,0.00000000,0.00000000,0.00000000,0.00376512,0.00000000,0.00000000,0.00000000,0.00000000,0.00000000,0.00000000
2025/6/5,0.00000000,0.00006268,0.00058499,0.00000000,0.01199837,0.00507894,0.00931780,0.00000000,0.00000000,0.00000000,0.00000000,0.00186781,0.01234584,0.10514280,0.26049793,0.00006268,0.00000000,0.00000000,0.00000000,0.00207745,0.02897692,0.02431109,0.02111255,0.03306184,0.00006268,0.00000000,0.00000000,0.00000000,0.00385676,0.00520363,0.02834018,0.03382921,0.06101335,0.01325269,0.00072766,0.00000000,0.00000000,0.00037389,0.00141807,0.00355914,0.03322773,0.01443595,0.06121324,0.03106545,0.00000000,0.00000000,0.00000000,0.00000000,0.00000000,0.00000000,0.01435532,0.00058541,0.05691361,0.00000000,0.00000000,0.00000000,0.00000000,0.00006268,0.00830766,0.02220269,0.00812368,0.02528952,0.00000000,0.00000000,0.00006268,0.00000000,0.00180885,0.01132604,0.00279535,0.01118631,0.01282886,0.00618714,0.00142068,0.00444837,0.00276596,0.00261775,0.00006268,0.00006268,0.02117405,0.01228393,0.00000000,0.01046091,0.00328429,0.02714299,0.00660511,0.00023296,0.00063924,0.01352883,0.12101091,0.01179982,0.00600008,0.11293228,0.06502680,0.02359950,0.00140756,0.00350081,0.03216306,0.00380713,0.00080940,0.00000000,0.01936232,0.02308206,0.02137801,0.00382481,0.00343066,0.00592628,0.00313907,0.00191615,0.00000000,0.00000000,0.01929547,0.03748194,0.02297810,0.00484647,0.02542269,0.00269686,0.00000000,0.00000000,0.00000000,0.00080114,0.03349991,0.01239098,0.00036696,0.00104868,0.00227333,0.00000000,0.00000000,0.00000000,0.00215515,0.00010823,0.00767326,0.00000000,0.00000000,0.00000000,0.00000000,0.00000000,0.00000000,0.01786591,0.00000000,0.00000000,0.00000000,0.00000000,0.00000000,0.00000000
2025/6/6,0.00000000,0.00007242,0.00105461,0.00000000,0.00637255,0.00347096,0.01565058,0.00000000,0.00000000,0.00000000,0.00000000,0.00197642,0.00884953,0.10919052,0.27508491,0.00007242,0.00000000,0.00000000,0.00000000,0.00210625,0.03135978,0.01871019,0.02134942,0.04215822,0.00007242,0.00000000,0.00000000,0.00000000,0.00286446,0.00799226,0.04369003,0.05161264,0.04733871,0.00636629,0.00099967,0.00000000,0.00000000,0.00021690,0.00176494,0.00266986,0.03582786,0.01805517,0.05673696,0.04068726,0.00000000,0.00000000,0.00000000,0.00000000,0.00000000,0.00000000,0.01109624,0.00302053,0.03936997,0.00000000,0.00000000,0.00000000,0.00000000,0.00007242,0.00661282,0.02806596,0.00893985,0.03319918,0.00005622,0.00000000,0.00007242,0.00000000,0.00062213,0.00895437,0.00573508,0.01913335,0.01010693,0.00874030,0.00340972,0.00451243,0.00671882,0.00312124,0.00007242,0.00007242,0.00825734,0.00787486,0.00008749,0.00939188,0.00404654,0.01660462,0.00865981,0.00063106,0.01146467,0.00192949,0.11887526,0.01342246,0.00793654,0.08104992,0.05530636,0.01383884,0.00168168,0.00233522,0.02226538,0.00380096,0.00798907,0.00000000,0.01366926,0.01380596,0.01905761,0.00299261,0.00167974,0.01049711,0.00200967,0.00668246,0.00000000,0.00000000,0.02373521,0.03454348,0.01461138,0.00510636,0.01440694,0.00250799,0.00000000,0.00000000,0.00000000,0.00048800,0.01711447,0.00213418,0.00005137,0.00319812,0.00215831,0.00000000,0.00000000,0.00000000,0.00348029,0.01129943,0.00277231,0.00000000,0.00000000,0.00000000,0.00000000,0.00000000,0.00000000,0.03483718,0.00000000,0.00000000,0.00000000,0.00000000,0.00000000,0.00000000
2025/6/7,0.00000000,0.00007872,0.00195629,0.00000000,0.00721319,0.00262199,0.00996706,0.00000000,0.00000000,0.00000000,0.00000000,0.00197916,0.00868487,0.14363368,0.25507736,0.00007872,0.00000000,0.00000000,0.00000000,0.00187867,0.01914326,0.01530470,0.02956118,0.04530489,0.00007872,0.00000000,0.00000000,0.00000000,0.00813969,0.00565378,0.01683304,0.04125659,0.04322989,0.00526817,0.00092133,0.00000000,0.00000000,0.00031711,0.00162654,0.00313686,0.03187309,0.02094727,0.04796899,0.04156018,0.00000000,0.00000000,0.00000000,0.00000000,0.00000000,0.00043845,0.01826274,0.01411837,0.04601047,0.00000000,0.00000000,0.00000000,0.00000000,0.00007872,0.00748233,0.02556796,0.00931344,0.03312204,0.00009504,0.00000000,0.00007872,0.00000000,0.00224869,0.00902474,0.01799957,0.01637088,0.00711399,0.01046130,0.00436920,0.00484040,0.00351527,0.00284393,0.00007872,0.00007872,0.00583835,0.01709041,0.00021941,0.00931021,0.00547420,0.02579199,0.02219656,0.00095175,0.00264024,0.00000000,0.11959575,0.00527697,0.00873564,0.06554107,0.03911930,0.01392338,0.00178292,0.00401850,0.02299884,0.00856311,0.00246119,0.00000000,0.01550955,0.01418205,0.02518422,0.00312717,0.00324080,0.00229757,0.00226338,0.00457881,0.00000000,0.00000000,0.01418717,0.02946739,0.01034642,0.00610175,0.01298327,0.00257381,0.00000000,0.00000000,0.00000000,0.00058768,0.02075652,0.00776750,0.00000000,0.00713467,0.00172044,0.00000000,0.00000000,0.00000000,0.01327310,0.00023075,0.00317560,0.00000000,0.00000000,0.00000000,0.00000000,0.00000000,0.00000000,0.01326514,0.00000000,0.00000000,0.00000000,0.00000000,0.00000000,0.00000000
2025/6/8,0.00000000,0.00010099,0.00246288,0.00000000,0.02114399,0.00540617,0.00671302,0.00000000,0.00000000,0.00000000,0.00000000,0.00098306,0.00916588,0.14120835,0.26306000,0.00010099,0.00000000,0.00000000,0.00000000,0.00176740,0.02509160,0.01442390,0.04420868,0.04658799,0.00010099,0.00000000,0.00000000,0.00000000,0.00757827,0.01503126,0.02284466,0.06223441,0.06165517,0.01425784,0.00064461,0.00000000,0.00000000,0.00046248,0.00119405,0.00727755,0.03639535,0.02786828,0.04906305,0.04727271,0.00000000,0.00000000,0.00000000,0.00000000,0.00000000,0.00201341,0.01033380,0.00488852,0.05795209,0.00000000,0.00000000,0.00000000,0.00000000,0.00010099,0.01251909,0.03408639,0.01046284,0.03838480,0.00036973,0.00000000,0.00010099,0.00000000,0.00845914,0.00768866,0.01614415,0.03091538,0.01144030,0.01838931,0.00993279,0.00462685,0.00219651,0.00286084,0.00010099,0.00010099,0.00631484,0.01757529,0.00026568,0.01090890,0.01055973,0.04103503,0.01143972,0.00108717,0.00058880,0.00081294,0.10196677,0.00695966,0.01086919,0.08761054,0.03839522,0.01548029,0.00137222,0.00409307,0.03074484,0.00506727,0.00398516,0.00000000,0.02390205,0.01690323,0.01979365,0.00505201,0.00526571,0.00686425,0.00247104,0.00386213,0.00000000,0.00000000,0.01584833,0.01947583,0.00728239,0.01461404,0.01513434,0.00264479,0.00000000,0.00000000,0.00000000,0.00171138,0.03405755,0.00753040,0.00077016,0.01120860,0.00201888,0.00000000,0.00000000,0.00000000,0.01685976,0.00020270,0.00407720,0.00000000,0.00000000,0.00000000,0.00000000,0.00000000,0.00000000,0.00302743,0.00000000,0.00000000,0.00000000,0.00000000,0.00000000,0.00000000
2025/6/9,0.00000000,0.00009289,0.00370196,0.00000000,0.01027928,0.01734412,0.00506687,0.00000000,0.00000000,0.00000000,0.00000000,0.00192888,0.01572816,0.13157287,0.25751412,0.00009289,0.00000000,0.00000000,0.00000000,0.00065939,0.02852312,0.02138513,0.03078214,0.04323659,0.00009289,0.00000000,0.00000000,0.00000000,0.00515331,0.01867394,0.02488222,0.05532327,0.06784304,0.00640948,0.00078143,0.00000000,0.00000000,0.00059943,0.00248624,0.00391155,0.02805333,0.03281204,0.08469014,0.04197317,0.00000000,0.00000000,0.00000000,0.00000000,0.00000000,0.00271466,0.01197274,0.00258225,0.06773099,0.00000000,0.00000000,0.00000000,0.00000000,0.00009289,0.00753769,0.01461591,0.01208930,0.02733648,0.00104865,0.00000000,0.00009289,0.00000000,0.02115765,0.00954760,0.02076971,0.01927336,0.02106887,0.00746964,0.00562390,0.00332140,0.00102697,0.00387412,0.00009289,0.00009289,0.00649915,0.00745859,0.00013000,0.02002861,0.00571556,0.04370601,0.01643686,0.00090659,0.00258896,0.00161437,0.09643690,0.00000000,0.01426579,0.09290169,0.04417694,0.03922947,0.00119701,0.00495477,0.03936224,0.00523888,0.00580782,0.00000000,0.02086190,0.02722808,0.02060563,0.00437793,0.00000000,0.00000000,0.00325291,0.00719448,0.00000000,0.00000000,0.02036499,0.04298352,0.00691610,0.01407956,0.01281660,0.00312615,0.00000000,0.00000000,0.00000000,0.00213598,0.06513643,0.00993672,0.00134719,0.01690465,0.00458479,0.00000000,0.00000000,0.00000000,0.00185662,0.00689506,0.00583439,0.00000000,0.00000000,0.00000000,0.00000000,0.00000000,0.00000000,0.00022342,0.00000000,0.00000000,0.00000000,0.00000000,0.00000000,0.00000000
2025/6/10,0.00000000,0.00009130,0.00773456,0.00000000,0.00952664,0.00538344,0.00371156,0.00000000,0.00000000,0.00000000,0.00000000,0.00217526,0.03092591,0.12128813,0.28069845,0.00009130,0.00000000,0.00000000,0.00000000,0.00238876,0.02321000,0.01398588,0.03614510,0.04653542,0.00009130,0.00000000,0.00000000,0.00000000,0.00010700,0.01645607,0.01849439,0.05508546,0.07274728,0.01027697,0.00072144,0.00000000,0.00000000,0.00065386,0.00185999,0.00883213,0.01347376,0.02172741,0.06830163,0.05622558,0.00000000,0.00000000,0.00000000,0.00000000,0.00000000,0.00259903,0.02085485,0.00127451,0.06373760,0.00000000,0.00000000,0.00000000,0.00000000,0.00009130,0.01697493,0.01729316,0.01559222,0.03009304,0.00118190,0.00000000,0.00009130,0.00000000,0.00954102,0.00400476,0.01906836,0.01858677,0.01964801,0.01443097,0.00459530,0.00468345,0.00639858,0.00264008,0.00009130,0.00009130,0.00317573,0.00510576,0.00011074,0.01386325,0.00471157,0.05910429,0.01905700,0.00082799,0.00352138,0.00323287,0.09289657,0.00000000,0.01191342,0.07440862,0.03378023,0.02929616,0.00282888,0.00908263,0.03153352,0.00733537,0.00645767,0.00000000,0.01700034,0.01941948,0.03838319,0.00332688,0.00640784,0.01567954,0.00196887,0.01280925,0.00000000,0.00000000,0.01514152,0.02907593,0.00842430,0.00325483,0.02465867,0.00284259,0.00000000,0.00000000,0.00000000,0.00129135,0.03049942,0.00891328,0.00142515,0.02793545,0.01318037,0.00000000,0.00000000,0.00000000,0.00561835,0.02282306,0.00464107,0.00000000,0.00000000,0.00000000,0.00000000,0.00000000,0.00000000,0.00100218,0.00000000,0.00000000,0.00000000,0.00000000,0.00000000,0.00000000
2025/6/11,0.00000000,0.00005865,0.00324054,0.00000000,0.00933022,0.00323647,0.00794097,0.00000000,0.00000000,0.00000000,0.00000000,0.00182431,0.01637044,0.13202211,0.28674343,0.00005865,0.00000000,0.00000000,0.00000000,0.00786185,0.02197432,0.02373983,0.03292945,0.03260451,0.00005865,0.00000000,0.00000000,0.00000000,0.00718716,0.01705358,0.01771583,0.05881931,0.09456179,0.01119327,0.00071338,0.00000000,0.00000000,0.00043667,0.00035224,0.00369463,0.03528737,0.02430215,0.05188126,0.05333357,0.00000000,0.00000000,0.00000000,0.00000000,0.00000000,0.00340664,0.02176101,0.00486646,0.05309208,0.00000000,0.00000000,0.00000000,0.00000000,0.00005865,0.00593876,0.02399735,0.01006719,0.03006038,0.00074687,0.00000000,0.00005865,0.00000000,0.00457628,0.00608981,0.01656647,0.00882028,0.01785105,0.00670459,0.00499424,0.00510365,0.00350618,0.00269960,0.00005865,0.00005865,0.00289750,0.00755593,0.00000000,0.01413810,0.00556214,0.04258996,0.00762126,0.00080238,0.00279115,0.00401772,0.09530040,0.00168740,0.01936532,0.09822825,0.03193058,0.04500188,0.00249144,0.01700427,0.03482829,0.01231644,0.00598873,0.00000000,0.03449352,0.02270712,0.02136695,0.00291637,0.00171027,0.00777542,0.00195269,0.00726231,0.00000000,0.00000000,0.01187822,0.02998568,0.02071735,0.00145758,0.03341642,0.00203525,0.00000000,0.00000000,0.00000000,0.00000000,0.03142694,0.01051108,0.00000000,0.01551306,0.01568753,0.00000000,0.00000000,0.00000000,0.00742750,0.01360813,0.00380673,0.00000000,0.00000000,0.00000000,0.00000000,0.00000000,0.00000000,0.00505493,0.00000000,0.00000000,0.00000000,0.00000000,0.00000000,0.00000000
2025/6/12,0.00000000,0.00006939,0.00260472,0.00000000,0.01098890,0.00827723,0.00426676,0.00000000,0.00000000,0.00000000,0.00000000,0.00204190,0.01372764,0.13245226,0.27472314,0.00006939,0.00000000,0.00000000,0.00000000,0.00500020,0.02599352,0.02458285,0.03673857,0.04228850,0.00006939,0.00000000,0.00000000,0.00000000,0.00267949,0.00757038,0.02547837,0.06469857,0.09292259,0.02505845,0.00152366,0.00000000,0.00000000,0.00000000,0.00213601,0.00416556,0.04681471,0.03032150,0.03474695,0.04434578,0.00000000,0.00000000,0.00000000,0.00000000,0.00000000,0.00183799,0.01972778,0.00224945,0.10779305,0.00000000,0.00000000,0.00000000,0.00000000,0.00006939,0.00507022,0.03846044,0.00901319,0.04404304,0.00001621,0.00000000,0.00006939,0.00000000,0.00488894,0.02371432,0.02988768,0.01239417,0.01153251,0.00775720,0.01647829,0.00543827,0.01045121,0.00655807,0.00006939,0.00006939,0.00856474,0.00433395,0.00000000,0.02020233,0.00640431,0.02169889,0.01123946,0.00000000,0.00078893,0.00247487,0.09575361,0.01262594,0.00936083,0.08769203,0.05254044,0.03189059,0.00147991,0.00293050,0.04600829,0.00813268,0.00845152,0.00000000,0.04360263,0.02196838,0.01428077,0.00150213,0.00285651,0.00874379,0.00506582,0.00357542,0.00000000,0.00000000,0.01334413,0.03988544,0.03206902,0.01814040,0.03719652,0.00139641,0.00000000,0.00000000,0.00000000,0.00000000,0.03718001,0.01128460,0.00000000,0.01034444,0.00945124,0.00000000,0.00000000,0.00000000,0.00821535,0.00571887,0.00288384,0.00000000,0.00000000,0.00000000,0.00000000,0.00000000,0.00000000,0.01264524,0.00000000,0.00000000,0.00000000,0.00000000,0.00000000,0.00000000
2025/6/13,0.00000000,0.00007142,0.00195407,0.00000000,0.01006843,0.00395118,0.00825640,0.00000000,0.00000000,0.00000000,0.00000000,0.00170890,0.01087057,0.15769154,0.26915509,0.00007142,0.00000000,0.00000000,0.00000000,0.00123951,0.03813477,0.01047355,0.02300176,0.03327733,0.00007142,0.00000000,0.00000000,0.00000000,0.00972452,0.00211313,0.02978323,0.05462874,0.07885568,0.01244649,0.00450483,0.00000000,0.00000000,0.00045604,0.00245080,0.00638417,0.03625087,0.01707555,0.03206724,0.05319805,0.00000000,0.00000000,0.00000000,0.00000000,0.00000000,0.00191164,0.01156511,0.01186550,0.10010039,0.00000000,0.00000000,0.00000000,0.00000000,0.00007142,0.01089959,0.02922663,0.01489955,0.03234811,0.00000000,0.00000000,0.00007142,0.00000000,0.01462066,0.01206127,0.02516854,0.00808318,0.01359718,0.01649092,0.01102194,0.00536714,0.02611405,0.00199254,0.00007142,0.00007142,0.00809340,0.00813246,0.00000000,0.02359279,0.01165445,0.03139271,0.01315743,0.00104312,0.00548138,0.00100592,0.08944662,0.00965226,0.00456772,0.08248675,0.06953266,0.05302218,0.00000000,0.00000000,0.03533913,0.00449089,0.00317078,0.00000000,0.04500434,0.03380517,0.02621272,0.00474918,0.00459558,0.00856507,0.01583512,0.00141494,0.00000000,0.00000000,0.01876902,0.03360635,0.01566327,0.00933047,0.02375549,0.00039983,0.00000000,0.00000000,0.00000000,0.00505470,0.03903480,0.00733740,0.00279080,0.00625973,0.00969258,0.00000000,0.00000000,0.00000000,0.00086629,0.01113644,0.00537806,0.00000000,0.00000000,0.00000000,0.00000000,0.00000000,0.00000000,0.00761882,0.00000000,0.00000000,0.00000000,0.00000000,0.00000000,0.00000000
2025/6/14,0.00000000,0.00005529,0.00128781,0.00000000,0.00856068,0.00357059,0.00406033,0.00000000,0.00000000,0.00000000,0.00000000,0.00111941,0.01063922,0.14119940,0.27212644,0.00005529,0.00000000,0.00000000,0.00000000,0.00139393,0.02692654,0.02547596,0.02605645,0.05000814,0.00005529,0.00000000,0.00000000,0.00000000,0.00094875,0.00066088,0.02416759,0.04360094,0.07990037,0.01492022,0.00175640,0.00000000,0.00000000,0.00074649,0.00200063,0.00804813,0.03481293,0.01789768,0.04356922,0.06207644,0.00000000,0.00000000,0.00000000,0.00000000,0.00000000,0.00667322,0.01930217,0.00349928,0.06424752,0.00000000,0.00000000,0.00000000,0.00000000,0.00005529,0.00863452,0.02022403,0.01275430,0.02107699,0.00000000,0.00000000,0.00005529,0.00000000,0.00426440,0.01471001,0.02395668,0.01102433,0.00866533,0.01551092,0.00486428,0.00495099,0.01095057,0.00134920,0.00005529,0.00005529,0.00210604,0.00742473,0.00000000,0.02081033,0.01778077,0.01504319,0.01357701,0.00090019,0.00707733,0.00238943,0.09898820,0.00487652,0.00515167,0.08002218,0.05250812,0.05420899,0.00000000,0.00656996,0.03591930,0.00297314,0.00268484,0.00000000,0.02889884,0.02915859,0.02731215,0.01703886,0.00175373,0.02763448,0.01130923,0.00118153,0.00000000,0.00000000,0.01218011,0.02970412,0.01516128,0.00529716,0.04446632,0.00000000,0.00000000,0.00000000,0.00000000,0.00000000,0.05148682,0.01607395,0.00000000,0.00329538,0.00162349,0.00000000,0.00000000,0.00000000,0.00100316,0.00000000,0.00143364,0.00000000,0.00000000,0.00000000,0.00000000,0.00000000,0.00000000,0.00488158,0.00000000,0.00000000,0.00000000,0.00000000,0.00000000,0.00000000
2025/6/15,0.00000000,0.00004855,0.00108526,0.00000000,0.00972667,0.00365898,0.00440087,0.00000000,0.00000000,0.00000000,0.00000000,0.00098138,0.01827370,0.11299044,0.30912375,0.00004855,0.00000000,0.00000000,0.00000000,0.00310776,0.02114053,0.03249375,0.02949938,0.04099034,0.00004855,0.00000000,0.00000000,0.00000000,0.00410345,0.01184966,0.02205933,0.04978419,0.06949144,0.01173628,0.00127854,0.00000000,0.00000000,0.00098744,0.00192905,0.01036165,0.03085718,0.02701736,0.04259966,0.07415615,0.00000000,0.00000000,0.00000000,0.00000000,0.00000000,0.00030707,0.02795520,0.00437397,0.06666359,0.00000000,0.00000000,0.00000000,0.00000000,0.00004855,0.00677962,0.01653238,0.00847245,0.02218043,0.00001885,0.00000000,0.00004855,0.00000000,0.00209702,0.00787925,0.00502493,0.01473008,0.00908730,0.00877368,0.00381307,0.00403419,0.00391331,0.00156128,0.00004855,0.00004855,0.00418519,0.00999699,0.00000000,0.03475413,0.00783455,0.01117930,0.02738119,0.00068238,0.00008908,0.00334279,0.07614762,0.01536692,0.01281638,0.11841486,0.05727870,0.03250450,0.00558552,0.02531409,0.02813330,0.00596983,0.00362106,0.00000000,0.02659967,0.02840573,0.02566512,0.00863384,0.00074448,0.01937052,0.01533959,0.00011584,0.00000000,0.00000000,0.01135756,0.04885505,0.00929572,0.00407555,0.04170071,0.00101840,0.00000000,0.00000000,0.00000000,0.00000000,0.02549204,0.03108600,0.00290466,0.00573943,0.00000000,0.00000000,0.00000000,0.00000000,0.00197479,0.00000000,0.00222129,0.00000000,0.00000000,0.00000000,0.00000000,0.00000000,0.00000000,0.00725481,0.00000000,0.00000000,0.00000000,0.00000000,0.00000000,0.00000000
2025/6/16,0.00000000,0.00006215,0.00107374,0.00000000,0.01369164,0.00427475,0.00635214,0.00000000,0.00000000,0.00000000,0.00000000,0.00156556,0.01001854,0.10673492,0.30890334,0.00006215,0.00000000,0.00000000,0.00000000,0.00350817,0.03106575,0.02764639,0.03705337,0.04029678,0.00006215,0.00000000,0.00000000,0.00000000,0.00240335,0.00000000,0.02773372,0.05536019,0.05515184,0.00760432,0.00124352,0.00000000,0.00000000,0.00093585,0.00154829,0.01602688,0.03558518,0.03603265,0.06329787,0.06643884,0.00000000,0.00000000,0.00000000,0.00000000,0.00000000,0.00074494,0.01193444,0.00380468,0.09927440,0.00000000,0.00000000,0.00000000,0.00000000,0.00006215,0.00690743,0.02264481,0.00852579,0.02544314,0.00669711,0.00000000,0.00006215,0.00000000,0.00148738,0.00559027,0.00994869,0.01954842,0.00934232,0.00782434,0.00490045,0.00384072,0.00069817,0.00247459,0.00006215,0.00006215,0.00857941,0.00436898,0.00000000,0.01775504,0.00630430,0.01340407,0.01522371,0.00060441,0.00087458,0.00276227,0.07035352,0.00601177,0.01901018,0.10191365,0.05591901,0.01882639,0.00000000,0.00300293,0.02114096,0.01307159,0.00859570,0.00000000,0.02050485,0.02573405,0.02394103,0.00000000,0.00820057,0.01683956,0.01034131,0.00244051,0.00000000,0.00000000,0.01541063,0.02672192,0.00679980,0.00607999,0.03347531,0.00448834,0.00000000,0.00000000,0.00000000,0.00124564,0.03022197,0.01650869,0.00000000,0.01605896,0.00000000,0.00000000,0.00000000,0.00000000,0.00325379,0.00426212,0.00388116,0.00000000,0.00000000,0.00000000,0.00000000,0.00000000,0.00000000,0.01425716,0.00000000,0.00000000,0.00000000,0.00000000,0.00000000,0.00000000
2025/6/17,0.00000000,0.00007019,0.00072891,0.00000000,0.02449844,0.01352720,0.01102236,0.00000000,0.00000000,0.00000000,0.00000000,0.00206981,0.01330319,0.13524976,0.24870405,0.00007019,0.00000000,0.00000000,0.00000000,0.00469978,0.01792916,0.02804305,0.03507990,0.05207578,0.00007019,0.00000000,0.00000000,0.00000000,0.00262849,0.00000000,0.02633321,0.06233717,0.05013891,0.00723911,0.00127510,0.00000000,0.00000000,0.00071777,0.00000000,0.01436545,0.02588254,0.02151264,0.05930549,0.03623665,0.00000000,0.00000000,0.00000000,0.00000000,0.00000000,0.00385632,0.01740103,0.00501382,0.06413567,0.00000000,0.00000000,0.00000000,0.00000000,0.00007019,0.00834899,0.01140961,0.00816399,0.02377143,0.00042859,0.00000000,0.00007019,0.00000000,0.00166718,0.00746503,0.01822476,0.00704449,0.00948342,0.00808672,0.00359522,0.00830898,0.00021864,0.00713604,0.00007019,0.00007019,0.01710703,0.00352558,0.00000000,0.01751687,0.00428606,0.02187304,0.01128660,0.00066376,0.00447846,0.00168834,0.09057645,0.00365334,0.00954534,0.08603030,0.04872563,0.03116974,0.00000000,0.00098667,0.02223769,0.00776295,0.01455334,0.00000000,0.01530829,0.01529165,0.02195753,0.00823187,0.00253982,0.01873720,0.01582552,0.00328277,0.00000000,0.00000000,0.01781701,0.02895183,0.00644481,0.01704511,0.01341074,0.01119198,0.00000000,0.00000000,0.00000000,0.00154614,0.02982366,0.01018928,0.00027160,0.00550550,0.00684859,0.00000000,0.00000000,0.00000000,0.00532466,0.01659714,0.00288843,0.00000000,0.00000000,0.00000000,0.00000000,0.00000000,0.00000000,0.00741220,0.00000000,0.00000000,0.00000000,0.00000000,0.00000000,0.00000000
2025/6/18,0.00000000,0.00009550,0.00030520,0.00000000,0.02965396,0.00484114,0.00802040,0.00000000,0.00000000,0.00000000,0.00000000,0.00597633,0.01320330,0.11997765,0.23777640,0.00009550,0.00000000,0.00000000,0.00000000,0.00328976,0.01469139,0.04786975,0.02555231,0.04359503,0.00009550,0.00000000,0.00000000,0.00000000,0.00000000,0.00323459,0.01814070,0.08345961,0.05007014,0.00669334,0.00109243,0.00000000,0.00000000,0.00000000,0.00031248,0.00680141,0.01949562,0.03491074,0.05008236,0.02985162,0.00000000,0.00000000,0.00000000,0.00000000,0.00000000,0.01094306,0.03592714,0.00560168,0.04530854,0.00000000,0.00000000,0.00000000,0.00000000,0.00009550,0.01409101,0.01083610,0.00685474,0.03049160,0.00000000,0.00000000,0.00009550,0.00000000,0.00267971,0.00908982,0.02504086,0.01181200,0.01553087,0.00873377,0.00265282,0.00440920,0.00219781,0.00297799,0.00009550,0.00009550,0.00800390,0.00658257,0.00101839,0.01590337,0.00344870,0.01079768,0.01549088,0.00098024,0.00577098,0.00162405,0.12057644,0.00514836,0.00651522,0.10948546,0.02951035,0.02377827,0.00073950,0.00637521,0.01626316,0.00632297,0.01401714,0.00000000,0.01614002,0.01654080,0.01818711,0.01762986,0.00124404,0.02065796,0.00545832,0.00358950,0.00000000,0.00000000,0.01684133,0.04326349,0.01086100,0.00530865,0.00873912,0.02759060,0.00000000,0.00000000,0.00000000,0.00115366,0.03100693,0.00933910,0.00184944,0.00550362,0.00179178,0.00000000,0.00000000,0.00000000,0.00473672,0.02428600,0.00475685,0.00000000,0.00000000,0.00000000,0.00000000,0.00000000,0.00000000,0.00335135,0.00000000,0.00000000,0.00000000,0.00000000,0.00000000,0.00000000
2025/6/19,0.00000000,0.00006220,0.00111279,0.00000000,0.01706198,0.00253456,0.00961857,0.00000000,0.00000000,0.00000000,0.00000000,0.00148199,0.01334913,0.12659043,0.25546551,0.00006220,0.00000000,0.00000000,0.00000000,0.00201928,0.02013594,0.04079938,0.01842453,0.05606061,0.00006220,0.00000000,0.00000000,0.00000000,0.00416643,0.00424397,0.01638644,0.07254462,0.06721383,0.01012850,0.00085815,0.00000000,0.00000000,0.00000000,0.00507381,0.00478489,0.02501644,0.04003424,0.05065622,0.03942919,0.00000000,0.00000000,0.00000000,0.00000000,0.00000000,0.02593040,0.02851342,0.00545968,0.06411014,0.00000000,0.00000000,0.00000000,0.00000000,0.00006220,0.00838008,0.01484799,0.00556463,0.01955884,0.00000000,0.00000000,0.00006220,0.00000000,0.00289441,0.01639126,0.02024234,0.00811629,0.01858082,0.00855550,0.00518824,0.00425444,0.01128975,0.00214737,0.00006220,0.00006220,0.00392257,0.00642060,0.00291929,0.02308960,0.00118774,0.00729643,0.01495066,0.00153540,0.00357780,0.00563645,0.15535837,0.00995149,0.00650400,0.08525532,0.03088327,0.01252195,0.00291578,0.02335578,0.01915494,0.00381245,0.00052026,0.00000000,0.03050881,0.01503865,0.01788189,0.00502780,0.00326718,0.01225831,0.00192294,0.00199389,0.00000000,0.00000000,0.02128148,0.05117092,0.00423435,0.00356663,0.01076484,0.01672462,0.00000000,0.00000000,0.00000000,0.00109175,0.05359155,0.01147077,0.00207505,0.00468144,0.00000000,0.00000000,0.00000000,0.00000000,0.00215003,0.01100279,0.00267113,0.00000000,0.00000000,0.00000000,0.00000000,0.00000000,0.00000000,0.00002800,0.00000000,0.00000000,0.00000000,0.00000000,0.00000000,0.00000000
2025/6/20,0.00000000,0.00006832,0.00142925,0.00000000,0.01501833,0.00308970,0.00640499,0.00000000,0.00000000,0.00000000,0.00000000,0.00090187,0.00748627,0.15389630,0.26562202,0.00006832,0.00000000,0.00000000,0.00000000,0.00666326,0.01826668,0.04010584,0.02121029,0.05657505,0.00006832,0.00000000,0.00000000,0.00000000,0.01640761,0.00520402,0.02348112,0.05941170,0.04794243,0.01225528,0.00208153,0.00000000,0.00000000,0.00404432,0.00100334,0.00462768,0.02852882,0.03743900,0.05833657,0.03541325,0.00000000,0.00000000,0.00000000,0.00000000,0.00000000,0.01420291,0.01333744,0.00350877,0.04823760,0.00000000,0.00000000,0.00000000,0.00000000,0.00006832,0.00827268,0.01388977,0.00763005,0.01638571,0.00000000,0.00000000,0.00006832,0.00000000,0.00333892,0.00435254,0.00478921,0.01112400,0.01117695,0.00819505,0.00499038,0.00539839,0.03889292,0.00333399,0.00006832,0.00006832,0.00638811,0.01044502,0.00681630,0.02051680,0.00268322,0.04433904,0.02834594,0.00727784,0.00174954,0.00286548,0.10333306,0.00216305,0.00963830,0.07597719,0.03556675,0.01331000,0.00258915,0.01712422,0.03420938,0.00809473,0.00089274,0.00000000,0.05155834,0.01830966,0.02983401,0.00481638,0.00389055,0.01187417,0.00172080,0.00417978,0.00000000,0.00000000,0.04161399,0.03076842,0.01091443,0.00485845,0.02120016,0.00628123,0.00000000,0.00000000,0.00000000,0.00146371,0.03516436,0.02355891,0.00127829,0.00733939,0.00285640,0.00000000,0.00000000,0.00000000,0.00091797,0.00547934,0.00449901,0.00000000,0.00000000,0.00000000,0.00000000,0.00000000,0.00000000,0.00000000,0.00000000,0.00000000,0.00000000,0.00000000,0.00000000,0.00000000
2025/6/21,0.00000000,0.00007035,0.00151963,0.00000000,0.01912423,0.00499746,0.00872719,0.00000000,0.00000000,0.00000000,0.00000000,0.00084301,0.00830833,0.14758703,0.28459242,0.00007035,0.00000000,0.00000000,0.00000000,0.00035580,0.02456191,0.04747462,0.02133073,0.05630382,0.00007035,0.00000000,0.00000000,0.00000000,0.00486452,0.01370868,0.02667465,0.06192580,0.05966575,0.01754942,0.00555296,0.00000000,0.00000000,0.00000000,0.00154672,0.00368361,0.01690571,0.02782202,0.06046720,0.04549970,0.00000000,0.00000000,0.00000000,0.00000000,0.00000000,0.01218774,0.01010726,0.00314639,0.05150106,0.00000000,0.00000000,0.00000000,0.00000000,0.00007035,0.00912298,0.02307151,0.02014567,0.02310735,0.00086351,0.00000000,0.00007035,0.00000000,0.00360826,0.00391879,0.00618669,0.02177813,0.01506878,0.00858208,0.00097099,0.00559171,0.01328110,0.00302908,0.00007035,0.00007035,0.02009796,0.00912101,0.01390189,0.01103348,0.00749882,0.05096756,0.01383766,0.00173218,0.00067985,0.00220363,0.09585507,0.00000000,0.01939731,0.10810429,0.02024122,0.02848432,0.00185272,0.00590469,0.05362303,0.00366052,0.00620053,0.00000000,0.03756629,0.02401874,0.03000599,0.00597429,0.00372112,0.01261904,0.00197073,0.00407858,0.00000000,0.00000000,0.02537997,0.03216654,0.02413980,0.00473352,0.01304926,0.00290425,0.00000000,0.00000000,0.00000000,0.00180559,0.03065343,0.02169961,0.00038590,0.00817630,0.01031650,0.00000000,0.00000000,0.00000000,0.00522752,0.00361588,0.00641420,0.00000000,0.00000000,0.00000000,0.00000000,0.00000000,0.00000000,0.00000000,0.00000000,0.00000000,0.00000000,0.00000000,0.00000000,0.00000000
2025/6/22,0.00000000,0.00008496,0.00158176,0.00000000,0.01465207,0.00479203,0.00556028,0.00000000,0.00000000,0.00000000,0.00000000,0.00099400,0.02054059,0.12266507,0.30643421,0.00008496,0.00000000,0.00000000,0.00000000,0.00074112,0.02553067,0.03437567,0.01988480,0.03735253,0.00008496,0.00000000,0.00000000,0.00000000,0.00310160,0.00637867,0.02451314,0.07062209,0.06275212,0.00754962,0.00148759,0.00000000,0.00000000,0.00000000,0.00292594,0.00355381,0.02100803,0.02257837,0.05610314,0.05979950,0.00000000,0.00000000,0.00000000,0.00000000,0.00000000,0.00094341,0.00862707,0.00820053,0.07727870,0.00000000,0.00000000,0.00000000,0.00000000,0.00008496,0.01292089,0.02318327,0.01237733,0.03062135,0.00152044,0.00000000,0.00008496,0.00000000,0.00126738,0.02067235,0.01305419,0.01492656,0.01634424,0.00662581,0.00081601,0.00583598,0.00516893,0.00322252,0.00008496,0.00008496,0.00846209,0.00901901,0.00698862,0.00966990,0.00194380,0.02942657,0.00939583,0.00093908,0.00154206,0.00376104,0.09706829,0.00234195,0.03210389,0.08874837,0.03078207,0.02036690,0.00112277,0.00366585,0.03213509,0.00871331,0.00991964,0.00000000,0.01647212,0.01838511,0.02197856,0.00337046,0.01187601,0.01448300,0.00234142,0.00293321,0.00000000,0.00000000,0.01943340,0.03970195,0.01216841,0.00825678,0.00576880,0.00173752,0.00000000,0.00000000,0.00000000,0.00226310,0.05041877,0.02272411,0.00061451,0.00663497,0.00618143,0.00000000,0.00000000,0.00000000,0.00182907,0.00766196,0.01020522,0.00000000,0.00000000,0.00000000,0.00000000,0.00000000,0.00000000,0.00071196,0.00000000,0.00000000,0.00000000,0.00000000,0.00000000,0.00000000
2025/6/23,0.00000000,0.00008369,0.00151344,0.00000000,0.00719096,0.00513870,0.00469944,0.00000000,0.00000000,0.00000000,0.00000000,0.00219069,0.01262804,0.13525406,0.30248380,0.00008369,0.00000000,0.00000000,0.00000000,0.00577788,0.02164816,0.02294401,0.02663199,0.04021511,0.00008369,0.00000000,0.00000000,0.00000000,0.00917242,0.00268945,0.03457874,0.05428383,0.05657764,0.00786459,0.00225538,0.00000000,0.00000000,0.00073527,0.00280403,0.00298315,0.02881004,0.01783431,0.05331093,0.04994851,0.00000000,0.00000000,0.00000000,0.00000000,0.00000000,0.00082158,0.01182808,0.01201437,0.06593709,0.00000000,0.00000000,0.00000000,0.00000000,0.00008369,0.00692247,0.01797651,0.00566025,0.03587914,0.00058202,0.00000000,0.00008369,0.00000000,0.00040853,0.02825745,0.01251319,0.00819064,0.00974951,0.00764063,0.00412192,0.00559045,0.00244991,0.00329389,0.00008369,0.00008369,0.00530517,0.01234026,0.00304825,0.01321064,0.00055669,0.03395729,0.00966004,0.00067571,0.01435716,0.00943949,0.08760156,0.01198571,0.01911166,0.09897771,0.05027357,0.02352373,0.00068249,0.00452344,0.03074213,0.02496994,0.00913476,0.00000000,0.01570926,0.02463315,0.02253859,0.00158820,0.00362636,0.01674296,0.00196334,0.01023377,0.00000000,0.00000000,0.01546140,0.03662838,0.01075580,0.00561650,0.01360665,0.00228733,0.00000000,0.00000000,0.00000000,0.00160763,0.03784700,0.00919525,0.00000000,0.00423509,0.00928989,0.00000000,0.00000000,0.00000000,0.00152350,0.00821069,0.00429997,0.00000000,0.00000000,0.00000000,0.00000000,0.00000000,0.00000000,0.00141947,0.00000000,0.00000000,0.00000000,0.00000000,0.00000000,0.00000000
2025/6/24,0.00000000,0.00007791,0.00153268,0.00000000,0.01571634,0.00789917,0.00401099,0.00000000,0.00000000,0.00000000,0.00000000,0.00622977,0.01928825,0.14662945,0.28124499,0.00007791,0.00000000,0.00000000,0.00000000,0.00301262,0.03319843,0.01801622,0.02792580,0.03500441,0.00007791,0.00000000,0.00000000,0.00000000,0.00999384,0.00000000,0.02661798,0.06755915,0.05579460,0.00826122,0.01179579,0.00000000,0.00000000,0.00102587,0.00271016,0.00226319,0.03052250,0.01916504,0.03669450,0.06168109,0.00000000,0.00000000,0.00000000,0.00000000,0.00000000,0.01058028,0.00755419,0.00450767,0.05807317,0.00000000,0.00000000,0.00000000,0.00000000,0.00007791,0.00485099,0.01811477,0.00659061,0.02894065,0.00000000,0.00000000,0.00007791,0.00000000,0.00571792,0.01878398,0.01059687,0.01947815,0.01355825,0.00790057,0.01050527,0.00529466,0.00257106,0.00291157,0.00007791,0.00007791,0.00564170,0.01106979,0.00071304,0.02909060,0.00742725,0.03202676,0.00808662,0.00043040,0.00341378,0.00228981,0.08491063,0.01287351,0.01208691,0.09062435,0.06338881,0.04431000,0.00031045,0.00506832,0.03082270,0.00512046,0.00661209,0.00000000,0.02307205,0.02593544,0.02005949,0.00882895,0.00455654,0.01154762,0.00336660,0.00822918,0.00000000,0.00000000,0.01446699,0.04534718,0.00942632,0.01010661,0.01198849,0.00269349,0.00000000,0.00000000,0.00000000,0.00265492,0.04253768,0.00864323,0.00015313,0.00673082,0.02067332,0.00000000,0.00000000,0.00000000,0.00181166,0.00977346,0.00237309,0.00000000,0.00000000,0.00000000,0.00000000,0.00000000,0.00000000,0.00183560,0.00000000,0.00000000,0.00000000,0.00000000,0.00000000,0.00000000
2025/6/25,0.00000000,0.00006526,0.00135704,0.00000000,0.00710796,0.00332613,0.00417132,0.00000000,0.00000000,0.00000000,0.00000000,0.00166496,0.01608661,0.13912237,0.29073498,0.00006526,0.00000000,0.00000000,0.00000000,0.00618182,0.02689990,0.01337231,0.02715065,0.03177603,0.00006526,0.00000000,0.00000000,0.00000000,0.00963835,0.00377966,0.02894405,0.05120678,0.06198612,0.00833558,0.00278821,0.00000000,0.00000000,0.00075643,0.00671648,0.00337625,0.02357262,0.02150442,0.04154526,0.05964120,0.00000000,0.00000000,0.00000000,0.00000000,0.00000000,0.00447091,0.01122263,0.00493783,0.05975576,0.00000000,0.00000000,0.00000000,0.00000000,0.00006526,0.00458706,0.01741085,0.00844959,0.04493044,0.00008209,0.00000000,0.00006526,0.00000000,0.00213276,0.00378695,0.01139551,0.00932382,0.01124881,0.01382371,0.00575426,0.00594314,0.00365524,0.00227175,0.00006526,0.00006526,0.01081254,0.02743205,0.00000000,0.01907877,0.03568231,0.02305279,0.01513771,0.00067309,0.00096702,0.00588186,0.09087116,0.02637918,0.00932455,0.09611682,0.05996036,0.02738264,0.00074384,0.00455603,0.03670178,0.00819902,0.00544802,0.00000000,0.02450441,0.02248277,0.02523479,0.00862160,0.00940803,0.01368025,0.00424794,0.00290831,0.00000000,0.00000000,0.01706293,0.04940619,0.01072306,0.00404071,0.00987128,0.00291545,0.00000000,0.00000000,0.00000000,0.00958008,0.04440022,0.01479354,0.00013986,0.01770483,0.00667557,0.00000000,0.00000000,0.00000000,0.00301962,0.00749812,0.00657110,0.00000000,0.00000000,0.00000000,0.00000000,0.00000000,0.00000000,0.00323173,0.00000000,0.00000000,0.00000000,0.00000000,0.00000000,0.00000000
2025/6/26,0.00000000,0.00007931,0.00189374,0.00000000,0.00626767,0.00174267,0.00514831,0.00000000,0.00000000,0.00000000,0.00000000,0.00015192,0.00738140,0.14441290,0.26776063,0.00007931,0.00000000,0.00000000,0.00000000,0.00155267,0.02571427,0.02320486,0.02091572,0.02755315,0.00007931,0.00000000,0.00000000,0.00000000,0.00759162,0.01396230,0.02515707,0.03447806,0.05344336,0.01014318,0.00058499,0.00000000,0.00000000,0.00046032,0.00162891,0.00523622,0.02318182,0.01546206,0.05954282,0.05593257,0.00000000,0.00000000,0.00000000,0.00000000,0.00000000,0.01062726,0.02194333,0.00760752,0.06473179,0.00000000,0.00000000,0.00000000,0.00000000,0.00007931,0.00883653,0.01882368,0.00978407,0.03751278,0.00038362,0.00000000,0.00007931,0.00000000,0.00163651,0.00265374,0.01024998,0.02007832,0.01138350,0.00897238,0.00410610,0.00518521,0.00438049,0.00321560,0.00007931,0.00007931,0.00947181,0.01655225,0.00000000,0.01341607,0.02049790,0.01732326,0.00794561,0.00090849,0.00207666,0.00000000,0.10854027,0.01708448,0.01102132,0.08759005,0.05571185,0.02117510,0.00424454,0.00380998,0.02704339,0.01487462,0.00449021,0.00000000,0.03427675,0.01370133,0.03447919,0.00254820,0.00204547,0.00833532,0.00371227,0.00426263,0.00000000,0.00000000,0.02712476,0.04278135,0.02092290,0.00630779,0.02754537,0.00247522,0.00000000,0.00000000,0.00000000,0.00236198,0.02866447,0.01007770,0.00010539,0.00762800,0.00473589,0.00000000,0.00000000,0.00000000,0.00411389,0.00217424,0.00202825,0.00000000,0.00000000,0.00000000,0.00000000,0.00000000,0.00000000,0.00365524,0.00000000,0.00000000,0.00000000,0.00000000,0.00000000,0.00000000
2025/6/27,0.00000000,0.00006627,0.00137400,0.00000000,0.01261083,0.00319512,0.00406499,0.00000000,0.00000000,0.00000000,0.00000000,0.00129483,0.01418794,0.16522315,0.27077183,0.00006627,0.00000000,0.00000000,0.00000000,0.00082436,0.02824780,0.01754036,0.02131089,0.03889847,0.00006627,0.00000000,0.00000000,0.00000000,0.01197454,0.00735540,0.01441710,0.05263277,0.08481168,0.01198519,0.00041407,0.00000000,0.00000000,0.00007446,0.00229572,0.00546176,0.02357986,0.02147875,0.06390226,0.06427791,0.00000000,0.00000000,0.00000000,0.00000000,0.00000000,0.00448141,0.01942072,0.01374598,0.05727900,0.00000000,0.00000000,0.00000000,0.00000000,0.00006627,0.00295638,0.02609178,0.00934878,0.03582895,0.00018242,0.00000000,0.00006627,0.00000000,0.00262275,0.00926294,0.00887829,0.02494409,0.01739797,0.00833065,0.00373587,0.00517091,0.00461583,0.00291883,0.00006627,0.00006627,0.00679292,0.01263565,0.00000000,0.01205820,0.02440857,0.03569370,0.00993591,0.00080470,0.00262350,0.00364751,0.12690362,0.00421430,0.01411522,0.10808639,0.07769537,0.02877819,0.00004363,0.00652771,0.04009189,0.00472389,0.00566402,0.00000000,0.01734743,0.01493307,0.01958871,0.01011516,0.00384459,0.02512583,0.00348879,0.00990272,0.00000000,0.00000000,0.03911811,0.03542093,0.01775231,0.00746351,0.01518017,0.00161480,0.00000000,0.00000000,0.00000000,0.00099532,0.02281263,0.01507663,0.00000000,0.00642845,0.00287034,0.00000000,0.00000000,0.00000000,0.00509607,0.00689065,0.00679691,0.00000000,0.00000000,0.00000000,0.00000000,0.00000000,0.00000000,0.00157113,0.00000000,0.00000000,0.00000000,0.00000000,0.00000000,0.00000000
2025/6/28,0.00000000,0.00007180,0.00162553,0.00000000,0.01910665,0.00507001,0.00388869,0.00000000,0.00000000,0.00000000,0.00000000,0.00195508,0.01049847,0.16892827,0.28078097,0.00007180,0.00000000,0.00000000,0.00000000,0.00083597,0.02821080,0.00822052,0.01886119,0.03176898,0.00007180,0.00000000,0.00000000,0.00000000,0.00358644,0.00320378,0.02621926,0.03413941,0.07436414,0.02912569,0.00106208,0.00000000,0.00000000,0.00086326,0.00221115,0.00588589,0.01801385,0.03209583,0.07402157,0.04557222,0.00000000,0.00000000,0.00000000,0.00000000,0.00000000,0.00261643,0.02279513,0.00729088,0.07478707,0.00000000,0.00000000,0.00000000,0.00000000,0.00007180,0.00406047,0.03233091,0.00904566,0.03144721,0.00000000,0.00000000,0.00007180,0.00000000,0.00306853,0.01390993,0.00913378,0.02665724,0.01356225,0.00852449,0.00239732,0.00528027,0.00434513,0.00146223,0.00007180,0.00007180,0.01490102,0.02477287,0.00000000,0.01009205,0.01277170,0.04852179,0.01248274,0.00145247,0.00179501,0.00337670,0.09472041,0.01199007,0.02501180,0.08146244,0.06380026,0.03032076,0.00000000,0.00142001,0.05464365,0.00261048,0.00466155,0.00000000,0.02267826,0.01542730,0.01933198,0.01985966,0.01090146,0.01908040,0.00372572,0.00605198,0.00000000,0.00000000,0.01849672,0.02406233,0.01093218,0.00633845,0.01277896,0.00280011,0.00000000,0.00000000,0.00000000,0.00199125,0.04132992,0.02028441,0.00000000,0.00697187,0.00247706,0.00000000,0.00000000,0.00000000,0.00515741,0.00340615,0.00424534,0.00000000,0.00000000,0.00000000,0.00000000,0.00000000,0.00000000,0.00037376,0.00000000,0.00000000,0.00000000,0.00000000,0.00000000,0.00000000
2025/6/29,0.00000000,0.00007455,0.00159376,0.00000000,0.00849861,0.00424343,0.00371319,0.00000000,0.00000000,0.00000000,0.00000000,0.00252400,0.01419403,0.14592007,0.27746141,0.00007455,0.00000000,0.00000000,0.00000000,0.00297107,0.03270004,0.01855589,0.02454576,0.03268488,0.00007455,0.00000000,0.00000000,0.00000000,0.00259704,0.00354234,0.02287226,0.03978512,0.07887338,0.01570687,0.00150034,0.00000000,0.00000000,0.00045761,0.00211683,0.00601537,0.03148297,0.01567031,0.06838891,0.04470647,0.00000000,0.00000000,0.00000000,0.00000000,0.00000000,0.00261116,0.01272085,0.00444480,0.06708866,0.00000000,0.00000000,0.00000000,0.00000000,0.00007455,0.00712768,0.02792545,0.00882315,0.02148164,0.00000000,0.00000000,0.00007455,0.00000000,0.00450558,0.01697870,0.00641806,0.01188581,0.02380683,0.00691076,0.00236184,0.00535604,0.00423857,0.00309442,0.00007455,0.00007455,0.01681710,0.01007465,0.00000000,0.00950213,0.00696496,0.03597345,0.00844101,0.00072954,0.00111440,0.01662994,0.11229573,0.00199894,0.01266967,0.09571635,0.06415634,0.01951006,0.00065771,0.00160456,0.05765367,0.00399124,0.00571931,0.00000000,0.02618633,0.02311306,0.01869972,0.01330228,0.00427923,0.02797553,0.00394857,0.00537085,0.00000000,0.00000000,0.01291824,0.03535258,0.01581842,0.00834084,0.02416222,0.00307928,0.00000000,0.00000000,0.00000000,0.00218026,0.03654499,0.02417894,0.00044717,0.00686987,0.00302679,0.00000000,0.00000000,0.00000000,0.00624951,0.00366935,0.00823248,0.00000000,0.00000000,0.00000000,0.00000000,0.00000000,0.00000000,0.00744423,0.00000000,0.00000000,0.00000000,0.00000000,0.00000000,0.00000000
2025/6/30,0.00000000,0.00007879,0.00130560,0.00000000,0.01195484,0.00373962,0.01001959,0.00000000,0.00000000,0.00000000,0.00000000,0.00268978,0.01010279,0.13922521,0.29414976,0.00007879,0.00000000,0.00000000,0.00000000,0.00412951,0.03700919,0.01461151,0.02584774,0.04071449,0.00007879,0.00000000,0.00000000,0.00000000,0.00166346,0.00546746,0.04261705,0.05920307,0.05552326,0.00758506,0.00212606,0.00000000,0.00000000,0.00060842,0.00218297,0.00471760,0.04511895,0.01799587,0.06413648,0.04637807,0.00000000,0.00000000,0.00000000,0.00000000,0.00000000,0.00330739,0.00870857,0.00422661,0.05493740,0.00000000,0.00000000,0.00000000,0.00000000,0.00007879,0.00955381,0.03291764,0.00849104,0.02172228,0.00000000,0.00000000,0.00007879,0.00000000,0.00324025,0.01517150,0.01034555,0.02024570,0.01930085,0.00852036,0.00393886,0.00522884,0.00695190,0.00362825,0.00007879,0.00007879,0.00722120,0.00690037,0.00012924,0.00833517,0.00356386,0.01605395,0.01041328,0.00045948,0.00859120,0.00680355,0.10766664,0.00652891,0.01189821,0.08073308,0.06131144,0.02386805,0.00173630,0.00191130,0.04725143,0.00398522,0.01339932,0.00000000,0.01769066,0.01663873,0.01808705,0.00949759,0.00300579,0.03042856,0.00306982,0.00886939,0.00000000,0.00000000,0.01766017,0.03277889,0.00997455,0.00927151,0.01542024,0.00295203,0.00000000,0.00000000,0.00000000,0.00109658,0.02736670,0.01119840,0.00082969,0.00597438,0.00273867,0.00000000,0.00000000,0.00000000,0.00666181,0.01380657,0.00457710,0.00000000,0.00000000,0.00000000,0.00000000,0.00000000,0.00000000,0.01959958,0.00000000,0.00000000,0.00000000,0.00000000,0.00000000,0.00000000
2025/7/1,0.00000000,0.00008894,0.00121193,0.00000000,0.02017814,0.00316024,0.00645726,0.00000000,0.00000000,0.00000000,0.00000000,0.00230018,0.00904550,0.15655187,0.27230909,0.00008894,0.00000000,0.00000000,0.00000000,0.00411664,0.02454141,0.01498127,0.03442635,0.04117627,0.00008894,0.00000000,0.00000000,0.00000000,0.00915853,0.00291613,0.02137010,0.04509581,0.04350129,0.00409266,0.00196391,0.00000000,0.00000000,0.00093919,0.00199858,0.00445378,0.05495604,0.01895609,0.05367962,0.03651232,0.00000000,0.00000000,0.00000000,0.00000000,0.00000000,0.00367743,0.01503731,0.01071213,0.05881716,0.00000000,0.00000000,0.00000000,0.00000000,0.00008894,0.01527982,0.03770695,0.00752027,0.01996471,0.00001722,0.00000000,0.00008894,0.00000000,0.00294770,0.01370554,0.02180724,0.01508926,0.01074677,0.00975424,0.00361703,0.00536813,0.00322390,0.00324201,0.00008894,0.00008894,0.00599398,0.01865972,0.00076345,0.00911889,0.00189179,0.01531370,0.02431326,0.00027922,0.00264765,0.00389198,0.11059561,0.00180292,0.01107808,0.07616441,0.04906805,0.03129110,0.00289837,0.00479333,0.04633674,0.00888699,0.00552883,0.00000000,0.01747124,0.01908866,0.02539467,0.00544503,0.00567655,0.01963782,0.00327623,0.00544896,0.00000000,0.00000000,0.00897982,0.03397737,0.00997010,0.00937789,0.01437427,0.00325018,0.00000000,0.00000000,0.00000000,0.00063292,0.03327587,0.01074703,0.00110213,0.00543600,0.00200432,0.00000000,0.00000000,0.00000000,0.01591206,0.00082034,0.00524521,0.00000000,0.00000000,0.00000000,0.00000000,0.00000000,0.00000000,0.00404089,0.00000000,0.00000000,0.00000000,0.00000000,0.00000000,0.00000000
2025/7/2,0.00000000,0.00010995,0.00102636,0.00000000,0.03673097,0.00476779,0.00636537,0.00000000,0.00000000,0.00000000,0.00000000,0.00103430,0.01007146,0.14297943,0.27397704,0.00010995,0.00000000,0.00000000,0.00000000,0.00345609,0.02608555,0.01916000,0.04795318,0.03828074,0.00010995,0.00000000,0.00000000,0.00000000,0.01058040,0.01307947,0.03136815,0.05639216,0.05806487,0.01266554,0.00130446,0.00000000,0.00000000,0.00118444,0.00144502,0.00880440,0.06904244,0.02359355,0.05538833,0.03750595,0.00000000,0.00000000,0.00000000,0.00000000,0.00000000,0.00399136,0.00772982,0.00300941,0.06454650,0.00000000,0.00000000,0.00000000,0.00000000,0.00010995,0.02285985,0.04972501,0.00780487,0.02866680,0.00032701,0.00000000,0.00010995,0.00000000,0.00500980,0.00894188,0.01741449,0.02545670,0.00993859,0.01804689,0.00720423,0.00498818,0.00293748,0.00286132,0.00010995,0.00010995,0.00667576,0.02137936,0.00083926,0.01151047,0.00538140,0.02557489,0.01338218,0.00037253,0.00165809,0.00278599,0.09926423,0.00730148,0.01388535,0.10061756,0.04849402,0.03200295,0.00304954,0.00625408,0.05160820,0.00541387,0.00393617,0.00000000,0.02837398,0.02258444,0.02023472,0.00354443,0.00878974,0.02144092,0.00351366,0.00291720,0.00000000,0.00000000,0.01111162,0.03276456,0.01000266,0.01646933,0.01706106,0.00334997,0.00000000,0.00000000,0.00000000,0.00120571,0.04452989,0.00595524,0.00161519,0.00513161,0.00085627,0.00000000,0.00000000,0.00000000,0.01991582,0.00000000,0.00466367,0.00000000,0.00000000,0.00000000,0.00000000,0.00000000,0.00000000,0.00036637,0.00000000,0.00000000,0.00000000,0.00000000,0.00000000,0.00000000
2025/7/3,0.00000000,0.00010683,0.00207504,0.00000000,0.02141571,0.01390665,0.00656994,0.00000000,0.00000000,0.00000000,0.00000000,0.00219917,0.01842253,0.13448401,0.26563597,0.00010683,0.00000000,0.00000000,0.00000000,0.00212185,0.02870467,0.02976958,0.03641263,0.03301033,0.00010683,0.00000000,0.00000000,0.00000000,0.00920004,0.01812145,0.03475990,0.04253652,0.06605230,0.00728508,0.00173305,0.00000000,0.00000000,0.00104576,0.00237896,0.00671890,0.06148738,0.02553775,0.09552772,0.04254305,0.00000000,0.00000000,0.00000000,0.00000000,0.00000000,0.00374085,0.00920487,0.00235575,0.06886733,0.00000000,0.00000000,0.00000000,0.00000000,0.00010683,0.01596241,0.02575651,0.00878975,0.02359248,0.00085373,0.00000000,0.00010683,0.00000000,0.01406141,0.00880563,0.01697266,0.01770417,0.01720937,0.00803444,0.00207762,0.00366514,0.00318915,0.00386257,0.00010683,0.00010683,0.00696584,0.01277713,0.00042254,0.01944887,0.00088088,0.02852160,0.02102050,0.00037913,0.00323482,0.00154257,0.09881775,0.00312231,0.01820000,0.10198355,0.05072599,0.04837386,0.00273705,0.00844180,0.05562007,0.00575450,0.00415049,0.00000000,0.03046677,0.03134155,0.02102975,0.00121847,0.00432312,0.01239371,0.00442136,0.00395839,0.00000000,0.00000000,0.01655839,0.05953600,0.00907802,0.01533036,0.01458925,0.00348498,0.00000000,0.00000000,0.00000000,0.00143429,0.07176235,0.00611263,0.00170658,0.00762770,0.00146147,0.00000000,0.00000000,0.00000000,0.00658714,0.00714350,0.00468773,0.00000000,0.00000000,0.00000000,0.00000000,0.00000000,0.00000000,0.00105202,0.00000000,0.00000000,0.00000000,0.00000000,0.00000000,0.00000000
2025/7/4,0.00000000,0.00010756,0.00615297,0.00000000,0.01351310,0.00501503,0.00566393,0.00000000,0.00000000,0.00000000,0.00000000,0.00244199,0.03563826,0.12873998,0.28625458,0.00010756,0.00000000,0.00000000,0.00000000,0.00447955,0.02221015,0.02301091,0.04129991,0.04010423,0.00010756,0.00000000,0.00000000,0.00000000,0.00471947,0.01670766,0.02941848,0.03897502,0.07226428,0.01636581,0.00159228,0.00000000,0.00000000,0.00086379,0.00157614,0.01288199,0.04325598,0.01306682,0.08536462,0.06810897,0.00000000,0.00000000,0.00000000,0.00000000,0.00000000,0.00334540,0.01751849,0.00348005,0.06435955,0.00000000,0.00000000,0.00000000,0.00000000,0.00010756,0.01967081,0.02086435,0.01182611,0.02919601,0.00105015,0.00000000,0.00010756,0.00000000,0.00489886,0.00230554,0.01030045,0.02106114,0.01592458,0.01374140,0.00184266,0.00481663,0.00857360,0.00320115,0.00010756,0.00010756,0.00562877,0.00902337,0.00040844,0.01011917,0.00113926,0.04939163,0.02905762,0.00080125,0.00389170,0.00272804,0.09354477,0.00434655,0.01549361,0.08189501,0.03237730,0.03507716,0.00309385,0.01386073,0.03817923,0.00781322,0.00585593,0.00000000,0.02975626,0.01837419,0.03768434,0.00091946,0.01018498,0.02659363,0.00286934,0.00746742,0.00000000,0.00000000,0.01181807,0.04215036,0.00741312,0.00568779,0.02550687,0.00288977,0.00000000,0.00000000,0.00000000,0.00102066,0.03277056,0.00684363,0.00111919,0.01804771,0.00850707,0.00000000,0.00000000,0.00000000,0.01241067,0.02626072,0.00341057,0.00000000,0.00000000,0.00000000,0.00000000,0.00000000,0.00000000,0.00175857,0.00000000,0.00000000,0.00000000,0.00000000,0.00000000,0.00000000
2025/7/5,0.00000000,0.00007434,0.00109117,0.00000000,0.00882785,0.00472927,0.00891875,0.00000000,0.00000000,0.00000000,0.00000000,0.00218478,0.01755748,0.14814666,0.29779792,0.00007434,0.00000000,0.00000000,0.00000000,0.01120289,0.02023920,0.03175200,0.03457861,0.03143303,0.00007434,0.00000000,0.00000000,0.00000000,0.01318174,0.01805123,0.02757588,0.04383926,0.09109362,0.02080166,0.00114135,0.00000000,0.00000000,0.00043810,0.00000000,0.00640408,0.06448908,0.01755061,0.06972592,0.06037226,0.00000000,0.00000000,0.00000000,0.00000000,0.00000000,0.00363139,0.01991903,0.00875417,0.05567354,0.00000000,0.00000000,0.00000000,0.00000000,0.00007434,0.00864887,0.01973493,0.00555176,0.02847675,0.00111998,0.00000000,0.00007434,0.00000000,0.00242780,0.00185091,0.00501614,0.01244695,0.01538381,0.00718961,0.00553865,0.00504882,0.00287827,0.00426084,0.00007434,0.00007434,0.00762734,0.01065118,0.00015056,0.00707948,0.00275828,0.04118917,0.01701016,0.00097223,0.00300059,0.00425825,0.09484939,0.01082281,0.01995029,0.10694994,0.02149749,0.04371452,0.00186514,0.02350095,0.03625339,0.01240683,0.00808971,0.00000000,0.04647425,0.01774788,0.02513077,0.00278187,0.00349668,0.01611921,0.00182964,0.00332620,0.00000000,0.00000000,0.00964263,0.03643701,0.01500189,0.00748169,0.03096258,0.00203217,0.00000000,0.00000000,0.00000000,0.00000000,0.02886827,0.01135951,0.00000000,0.00597061,0.01025706,0.00000000,0.00000000,0.00000000,0.01387693,0.02111349,0.00381333,0.00000000,0.00000000,0.00000000,0.00000000,0.00000000,0.00000000,0.00321534,0.00000000,0.00000000,0.00000000,0.00000000,0.00000000,0.00000000
2025/7/6,0.00000000,0.00009370,0.00070809,0.00000000,0.01024354,0.01021812,0.00445295,0.00000000,0.00000000,0.00000000,0.00000000,0.00248692,0.01268514,0.14796445,0.29693356,0.00009370,0.00000000,0.00000000,0.00000000,0.00812152,0.02281388,0.03011323,0.03399432,0.04486876,0.00009370,0.00000000,0.00000000,0.00000000,0.01034510,0.01027348,0.03472966,0.05971519,0.08756141,0.03658689,0.00178067,0.00000000,0.00000000,0.00000000,0.00130491,0.00452295,0.07750686,0.02631837,0.04907403,0.04462567,0.00000000,0.00000000,0.00000000,0.00000000,0.00000000,0.00154508,0.02166145,0.00577292,0.11097859,0.00000000,0.00000000,0.00000000,0.00000000,0.00009370,0.00747165,0.02831138,0.00523864,0.04034072,0.00130432,0.00000000,0.00009370,0.00000000,0.00296725,0.01596702,0.02087040,0.01420707,0.01142759,0.00675623,0.02125383,0.00545422,0.00415844,0.00844136,0.00009370,0.00009370,0.01519764,0.00748940,0.00047198,0.01124137,0.00432162,0.02490615,0.01685658,0.00000000,0.00215098,0.00407957,0.09677957,0.02500572,0.01297513,0.10058757,0.03579623,0.02084380,0.00101760,0.01052509,0.04631585,0.00867244,0.01250576,0.00000000,0.04301091,0.01424993,0.02114260,0.00387520,0.00311258,0.01332810,0.00199014,0.00290699,0.00000000,0.00000000,0.01216526,0.04411414,0.02059331,0.02776584,0.03203579,0.00254859,0.00000000,0.00000000,0.00000000,0.00161544,0.03110296,0.01262900,0.00064665,0.00416148,0.00504581,0.00000000,0.00000000,0.00000000,0.01244171,0.01691960,0.00482995,0.00000000,0.00000000,0.00000000,0.00000000,0.00000000,0.00000000,0.00880131,0.00000000,0.00000000,0.00000000,0.00000000,0.00000000,0.00000000
2025/7/7,0.00000000,0.00010796,0.00103721,0.00000000,0.01127787,0.00488777,0.00849523,0.00000000,0.00000000,0.00000000,0.00000000,0.00211192,0.00964718,0.16955905,0.28814286,0.00010796,0.00000000,0.00000000,0.00000000,0.00329111,0.03140878,0.01847639,0.01911452,0.03945643,0.00010796,0.00000000,0.00000000,0.00000000,0.01907798,0.00689484,0.03966863,0.06173662,0.07031298,0.01858110,0.00475020,0.00000000,0.00000000,0.00065466,0.00158683,0.00402293,0.05877809,0.01378355,0.04250997,0.04086371,0.00000000,0.00000000,0.00000000,0.00000000,0.00000000,0.00175416,0.01846815,0.01134467,0.10414331,0.00000000,0.00000000,0.00000000,0.00000000,0.00010796,0.01231180,0.02415776,0.01230684,0.03494295,0.00095727,0.00000000,0.00010796,0.00000000,0.01036024,0.00417908,0.01926777,0.00766357,0.01504530,0.01351201,0.01462252,0.00555886,0.01432202,0.00366289,0.00010796,0.00010796,0.01382052,0.01143231,0.00077020,0.01369208,0.00905025,0.03648700,0.01396982,0.00140226,0.00802181,0.00297904,0.09454796,0.02200322,0.00997556,0.09570226,0.05240398,0.03035227,0.00037360,0.00418728,0.03058527,0.00529437,0.00758371,0.00000000,0.03811149,0.02574516,0.03538726,0.01018047,0.00436138,0.00974081,0.00733270,0.00368930,0.00000000,0.00000000,0.01860903,0.03803601,0.00845596,0.02000958,0.01619660,0.00301456,0.00000000,0.00000000,0.00000000,0.00880297,0.03163460,0.00671201,0.00637652,0.00503888,0.00790153,0.00000000,0.00000000,0.00000000,0.00326985,0.02549104,0.00772520,0.00000000,0.00000000,0.00000000,0.00000000,0.00000000,0.00000000,0.00226843,0.00000000,0.00000000,0.00000000,0.00000000,0.00000000,0.00000000
2025/7/8,0.00000000,0.00010575,0.00142841,0.00000000,0.01154574,0.00351448,0.00509900,0.00000000,0.00000000,0.00000000,0.00000000,0.00147965,0.01032390,0.15496936,0.28527153,0.00010575,0.00000000,0.00000000,0.00000000,0.00257241,0.02503780,0.03661785,0.02068218,0.05453286,0.00010575,0.00000000,0.00000000,0.00000000,0.01241242,0.00759242,0.03011647,0.05698506,0.06642587,0.01665588,0.00176845,0.00000000,0.00000000,0.00095586,0.00169728,0.00309806,0.04958868,0.01476514,0.05321166,0.04555778,0.00000000,0.00000000,0.00000000,0.00000000,0.00000000,0.00720456,0.03040334,0.00323184,0.06671276,0.00000000,0.00000000,0.00000000,0.00000000,0.00010575,0.00782011,0.02031750,0.01081101,0.03049432,0.00011034,0.00000000,0.00010575,0.00000000,0.00250204,0.00811625,0.02227582,0.01072351,0.01153464,0.01323665,0.00663749,0.00539445,0.00531368,0.00245146,0.00010575,0.00010575,0.00695819,0.01179963,0.00106846,0.00993589,0.01223215,0.02080373,0.00970789,0.00121883,0.01125424,0.00385758,0.10780447,0.01319305,0.01023666,0.09260696,0.04265340,0.02878647,0.00196210,0.01256263,0.03230878,0.00362535,0.00638203,0.00000000,0.02591611,0.02551267,0.03956898,0.02692135,0.00276125,0.02673188,0.00310573,0.00521886,0.00000000,0.00000000,0.01245433,0.03448983,0.01299068,0.01345007,0.03792562,0.00282692,0.00000000,0.00000000,0.00000000,0.00113361,0.04608305,0.01107173,0.00049898,0.00554630,0.00286855,0.00000000,0.00000000,0.00000000,0.00297059,0.01065206,0.00362000,0.00000000,0.00000000,0.00000000,0.00000000,0.00000000,0.00000000,0.00000000,0.00000000,0.00000000,0.00000000,0.00000000,0.00000000,0.00000000
2025/7/9,0.00000000,0.00010283,0.00195332,0.00000000,0.01206003,0.00351002,0.00666144,0.00000000,0.00000000,0.00000000,0.00000000,0.00137964,0.01762385,0.12631562,0.31452161,0.00010283,0.00000000,0.00000000,0.00000000,0.00380684,0.02299824,0.05062850,0.02445916,0.04223808,0.00010283,0.00000000,0.00000000,0.00000000,0.01733351,0.01927092,0.02788608,0.06709736,0.05831648,0.01307796,0.00067191,0.00000000,0.00000000,0.00138898,0.00232617,0.00411173,0.04091766,0.02648201,0.05306066,0.05553570,0.00000000,0.00000000,0.00000000,0.00000000,0.00000000,0.00242953,0.04461136,0.00407364,0.06915531,0.00000000,0.00000000,0.00000000,0.00000000,0.00010283,0.00461159,0.02102602,0.00753226,0.03560947,0.00156153,0.00000000,0.00010283,0.00000000,0.00175872,0.00532578,0.01286271,0.01619203,0.01233374,0.00806467,0.00406166,0.00474770,0.00536139,0.00278835,0.00010283,0.00010283,0.01028560,0.01434663,0.00100086,0.02246120,0.00533519,0.01862198,0.01960398,0.00126527,0.00317643,0.00386227,0.08484727,0.01889992,0.01488392,0.11827005,0.05576381,0.01543910,0.00977790,0.02596644,0.02491801,0.00619580,0.00693915,0.00000000,0.02890706,0.02855438,0.04242469,0.02083860,0.00411026,0.01613386,0.00774772,0.00455857,0.00000000,0.00000000,0.01358297,0.05088358,0.01113567,0.00881105,0.03854226,0.00270397,0.00000000,0.00000000,0.00000000,0.00000000,0.02684889,0.02197561,0.00596218,0.00823809,0.00241345,0.00000000,0.00000000,0.00000000,0.00423922,0.00494888,0.00327019,0.00000000,0.00000000,0.00000000,0.00000000,0.00000000,0.00000000,0.00156162,0.00000000,0.00000000,0.00000000,0.00000000,0.00000000,0.00000000
2025/7/10,0.00000000,0.00011226,0.00206970,0.00000000,0.01354309,0.00499211,0.00850533,0.00000000,0.00000000,0.00000000,0.00000000,0.00211704,0.01341186,0.11809617,0.31257588,0.00011226,0.00000000,0.00000000,0.00000000,0.00442890,0.03404877,0.04052635,0.03602170,0.03875656,0.00011226,0.00000000,0.00000000,0.00000000,0.01475706,0.00442126,0.03677054,0.07450096,0.05233065,0.01032726,0.00000000,0.00000000,0.00000000,0.00163341,0.00254416,0.00994195,0.04128611,0.04138675,0.07041021,0.05458082,0.00000000,0.00000000,0.00000000,0.00000000,0.00000000,0.00291189,0.02114906,0.00322300,0.10669681,0.00000000,0.00000000,0.00000000,0.00000000,0.00011226,0.00459794,0.03037570,0.00744753,0.03695143,0.00823859,0.00000000,0.00011226,0.00000000,0.00141630,0.00789185,0.02562367,0.02482698,0.01138755,0.00888111,0.00490940,0.00479093,0.00647327,0.00477608,0.00011226,0.00011226,0.01826837,0.00706145,0.00091162,0.01012097,0.00590895,0.02220774,0.01402486,0.00128167,0.00135637,0.00325241,0.07374369,0.00619732,0.01790491,0.09186047,0.04990051,0.01112208,0.00225668,0.00203996,0.01899168,0.01313739,0.01370840,0.00000000,0.02671766,0.02882560,0.04599858,0.01162519,0.01314176,0.01203636,0.00283198,0.00582688,0.00000000,0.00000000,0.02089231,0.03085429,0.01166634,0.01078768,0.03447608,0.00216568,0.00000000,0.00000000,0.00000000,0.00069545,0.03800081,0.01282000,0.00014584,0.01578393,0.00354670,0.00000000,0.00000000,0.00000000,0.00469524,0.00340783,0.00433208,0.00000000,0.00000000,0.00000000,0.00000000,0.00000000,0.00000000,0.00924311,0.00000000,0.00000000,0.00000000,0.00000000,0.00000000,0.00000000
2025/7/11,0.00000000,0.00010429,0.00147213,0.00000000,0.02175399,0.01612592,0.01227914,0.00000000,0.00000000,0.00000000,0.00000000,0.00332920,0.01903049,0.13870506,0.25855845,0.00010429,0.00000000,0.00000000,0.00000000,0.00628962,0.02109622,0.02557848,0.03752171,0.05130424,0.00010429,0.00000000,0.00000000,0.00000000,0.01161747,0.00128277,0.03875470,0.07809581,0.05592543,0.01108819,0.00050763,0.00000000,0.00000000,0.00179427,0.00079038,0.00849110,0.03453650,0.02979995,0.06230291,0.03885482,0.00000000,0.00000000,0.00000000,0.00000000,0.00000000,0.00371261,0.01461853,0.00403827,0.07476005,0.00000000,0.00000000,0.00000000,0.00000000,0.00010429,0.00646115,0.01994994,0.00705924,0.03019907,0.00179217,0.00000000,0.00010429,0.00000000,0.00139168,0.01381743,0.03779185,0.01404494,0.00875931,0.01023163,0.00559877,0.00911952,0.00625364,0.01069438,0.00010429,0.00010429,0.03053670,0.00521783,0.00050407,0.01338741,0.00586878,0.03272022,0.01591741,0.00085064,0.00266586,0.00279469,0.08517856,0.00195884,0.01198498,0.07855463,0.04343376,0.03365003,0.00024426,0.00146766,0.02566107,0.00717207,0.02265810,0.00000000,0.02241344,0.02022501,0.04242067,0.01968938,0.00592581,0.01544530,0.00783322,0.00577352,0.00000000,0.00000000,0.02262892,0.03382975,0.01216021,0.02388342,0.02006974,0.00337045,0.00000000,0.00000000,0.00000000,0.00136092,0.03933644,0.01061809,0.00000000,0.00795642,0.01227635,0.00000000,0.00000000,0.00000000,0.00549409,0.00999836,0.00373196,0.00000000,0.00000000,0.00000000,0.00000000,0.00000000,0.00000000,0.00403028,0.00000000,0.00000000,0.00000000,0.00000000,0.00000000,0.00000000
2025/7/12,0.00000000,0.00001383,0.00097769,0.00000000,0.02935610,0.01063993,0.00745677,0.00000000,0.00000000,0.00000000,0.00000000,0.00808867,0.02444715,0.13634884,0.26790285,0.00001383,0.00000000,0.00000000,0.00000000,0.00547558,0.02394670,0.03418748,0.03745456,0.05260023,0.00001383,0.00000000,0.00000000,0.00000000,0.00807991,0.00153040,0.03540810,0.10605863,0.07852648,0.01250593,0.00162600,0.00000000,0.00000000,0.00117971,0.00126381,0.00617298,0.02379978,0.05464814,0.06686448,0.05503866,0.00000000,0.00000000,0.00000000,0.00000000,0.00000000,0.00413152,0.02752535,0.00859571,0.07397953,0.00000000,0.00000000,0.00000000,0.00000000,0.00001383,0.01043417,0.01966385,0.00505359,0.03288431,0.00125029,0.00000000,0.00001383,0.00000000,0.00426876,0.02901807,0.05277411,0.02023223,0.01189994,0.01128075,0.00975407,0.01761827,0.00463523,0.00791593,0.00001383,0.00001383,0.02167574,0.00429255,0.00000000,0.01789862,0.00928864,0.02658411,0.02038285,0.00017303,0.00493155,0.00383200,0.11313234,0.00704933,0.01422984,0.10682310,0.03521841,0.03218453,0.00000000,0.01433544,0.02110588,0.00975139,0.03296391,0.00000000,0.02127535,0.02683951,0.03699397,0.02874604,0.00605773,0.01955795,0.00479289,0.00628541,0.00000000,0.00000000,0.02331065,0.04706088,0.01567400,0.01732695,0.01524896,0.01511161,0.00000000,0.00000000,0.00000000,0.00029377,0.04416449,0.01324177,0.00000000,0.01250017,0.00585120,0.00000000,0.00000000,0.00000000,0.00724585,0.01183792,0.00505157,0.00000000,0.00000000,0.00000000,0.00000000,0.00000000,0.00000000,0.00441902,0.00000000,0.00000000,0.00000000,0.00000000,0.00000000,0.00000000
2025/7/13,0.00000000,0.00000000,0.00106156,0.00000000,0.02306844,0.00750578,0.00987405,0.00000000,0.00000000,0.00000000,0.00000000,0.00293245,0.02511285,0.14332306,0.27322313,0.00000000,0.00000000,0.00000000,0.00000000,0.00752599,0.02962323,0.02889663,0.02614499,0.06240341,0.00000000,0.00000000,0.00000000,0.00000000,0.00809681,0.00350736,0.03367225,0.08706966,0.09206809,0.01778416,0.00157857,0.00000000,0.00000000,0.00153480,0.00696700,0.00557318,0.04074421,0.05775333,0.07462098,0.07035400,0.00000000,0.00000000,0.00000000,0.00000000,0.00000000,0.01807007,0.02144055,0.00812071,0.08509872,0.00000000,0.00000000,0.00000000,0.00000000,0.00000000,0.00750399,0.02239697,0.00383436,0.02386153,0.00127126,0.00000000,0.00000000,0.00000000,0.00351879,0.03511913,0.04112129,0.01836643,0.01609271,0.01013615,0.01251802,0.01374985,0.00719219,0.00538017,0.00000000,0.00000000,0.01281542,0.00701973,0.00000000,0.02434848,0.00988957,0.01917264,0.01801083,0.00000000,0.00468244,0.00605402,0.13070072,0.01521309,0.01217258,0.09797459,0.04497662,0.02533031,0.00139136,0.03779724,0.03215419,0.00895939,0.01544947,0.00000000,0.03004216,0.02684307,0.02438504,0.01536020,0.00559366,0.01552546,0.00496264,0.00733998,0.00000000,0.00000000,0.02236996,0.05478348,0.00773473,0.01378361,0.02839014,0.00571204,0.00000000,0.00000000,0.00000000,0.00083776,0.06259948,0.01218573,0.00051608,0.00740215,0.00880100,0.00000000,0.00000000,0.00000000,0.00745175,0.00480424,0.00272043,0.00000000,0.00000000,0.00000000,0.00000000,0.00000000,0.00000000,0.00399168,0.00000000,0.00000000,0.00000000,0.00000000,0.00000000,0.00000000
2025/7/14,0.00000000,0.00000689,0.00099504,0.00000000,0.02271098,0.00685418,0.00833752,0.00000000,0.00000000,0.00000000,0.00000000,0.00141118,0.01915547,0.16408786,0.28020197,0.00000689,0.00000000,0.00000000,0.00000000,0.01279873,0.02529358,0.03404516,0.02526727,0.06746391,0.00000689,0.00000000,0.00000000,0.00000000,0.01901031,0.00473403,0.02968781,0.06394888,0.07328475,0.01810104,0.00283427,0.00000000,0.00000000,0.00676462,0.00276488,0.00643811,0.04787228,0.04820624,0.07971215,0.05990474,0.00000000,0.00000000,0.00000000,0.00000000,0.00000000,0.01286954,0.01266180,0.00607436,0.05939871,0.00000000,0.00000000,0.00000000,0.00000000,0.00000689,0.00829046,0.02201008,0.00617499,0.02374730,0.00149644,0.00000000,0.00000689,0.00000000,0.00426141,0.01544365,0.02040088,0.01908070,0.01096315,0.00964833,0.01418823,0.01128851,0.02813268,0.00482216,0.00000689,0.00000689,0.01120918,0.01137906,0.00033647,0.02386241,0.01011933,0.04263786,0.02820246,0.00467907,0.00452013,0.00275244,0.09280212,0.00899980,0.01163365,0.09175304,0.05048241,0.02287284,0.00186779,0.02424221,0.05054127,0.01346993,0.01119422,0.00000000,0.04643452,0.02808771,0.02755732,0.01060942,0.00515971,0.02333362,0.00680494,0.00634664,0.00000000,0.00000000,0.03447924,0.03696824,0.01194013,0.01234422,0.03772887,0.00092470,0.00000000,0.00000000,0.00000000,0.00121606,0.04476617,0.02060266,0.00086217,0.00792714,0.01298052,0.00000000,0.00000000,0.00000000,0.00712382,0.00569819,0.00268817,0.00000000,0.00000000,0.00000000,0.00000000,0.00000000,0.00000000,0.00604207,0.00000000,0.00000000,0.00000000,0.00000000,0.00000000,0.00000000
2025/7/15,0.00000000,0.00001265,0.00088019,0.00000000,0.02878084,0.00726576,0.01311385,0.00000000,0.00000000,0.00000000,0.00000000,0.00087334,0.01955193,0.16493404,0.29419744,0.00001265,0.00000000,0.00000000,0.00000000,0.00701031,0.02800360,0.05442988,0.02136740,0.06734359,0.00001265,0.00000000,0.00000000,0.00000000,0.00634585,0.01644081,0.02967046,0.05887493,0.08299983,0.02188980,0.00724685,0.00000000,0.00000000,0.00156919,0.00219751,0.00586879,0.04287192,0.03012176,0.07189636,0.05986261,0.00000000,0.00000000,0.00000000,0.00000000,0.00000000,0.01851676,0.01433840,0.00618478,0.05071407,0.00000000,0.00000000,0.00000000,0.00000000,0.00001265,0.01167821,0.03137098,0.02109000,0.02707529,0.00154016,0.00000000,0.00001265,0.00000000,0.00490816,0.00965408,0.01452891,0.02976028,0.01773296,0.00935815,0.00779836,0.01019856,0.00642371,0.00479912,0.00001265,0.00001265,0.02025989,0.00833542,0.00638313,0.01546906,0.01572635,0.04461340,0.02127833,0.00007995,0.00336705,0.00000000,0.09095209,0.01183981,0.01356276,0.10557321,0.04315612,0.03523510,0.00224806,0.00946689,0.04763060,0.00644944,0.00865796,0.00000000,0.03845999,0.03471101,0.02895403,0.00949145,0.00673820,0.02900990,0.00693640,0.00467762,0.00000000,0.00000000,0.02338020,0.04418598,0.02266876,0.00983315,0.02353558,0.00216913,0.00000000,0.00000000,0.00000000,0.00081479,0.03525456,0.01569492,0.00096905,0.00922425,0.02200089,0.00000000,0.00000000,0.00000000,0.00871745,0.01085122,0.00203602,0.00000000,0.00000000,0.00000000,0.00000000,0.00000000,0.00000000,0.00600304,0.00000000,0.00000000,0.00000000,0.00000000,0.00000000,0.00000000
2025/7/16,0.00000000,0.00001963,0.00094885,0.00000000,0.02540705,0.00816633,0.00804732,0.00000000,0.00000000,0.00000000,0.00000000,0.00132731,0.02762438,0.14742494,0.31923968,0.00001963,0.00000000,0.00000000,0.00000000,0.00666662,0.03063188,0.04440925,0.02055209,0.04824444,0.00001963,0.00000000,0.00000000,0.00000000,0.00791266,0.01051017,0.02338325,0.05974587,0.07979457,0.01134202,0.00511009,0.00000000,0.00000000,0.00117087,0.00179350,0.00585815,0.05289904,0.02390353,0.07080191,0.06251789,0.00000000,0.00000000,0.00000000,0.00000000,0.00000000,0.01103465,0.02012173,0.01133944,0.06375150,0.00000000,0.00000000,0.00000000,0.00000000,0.00001963,0.01451008,0.02863236,0.01273597,0.02991343,0.00152319,0.00000000,0.00001963,0.00000000,0.00451301,0.01948418,0.02171244,0.02767366,0.02066200,0.00776808,0.00923326,0.00836985,0.00330944,0.00461793,0.00001963,0.00001963,0.01176360,0.00762708,0.00021100,0.01099126,0.01006071,0.03357924,0.02034319,0.00076917,0.00552311,0.00407831,0.10697025,0.01104746,0.02620653,0.08635217,0.05553286,0.02780782,0.00205736,0.00634390,0.03008338,0.01089038,0.00868749,0.00000000,0.02387315,0.01965525,0.02792580,0.00751477,0.01722443,0.03639159,0.00554405,0.00495388,0.00000000,0.00000000,0.01907535,0.05872034,0.01374978,0.01413179,0.01696303,0.00392420,0.00000000,0.00000000,0.00000000,0.00090777,0.06455866,0.01791085,0.00135844,0.00959924,0.01163091,0.00000000,0.00000000,0.00000000,0.00441578,0.01867503,0.00554290,0.00000000,0.00000000,0.00000000,0.00000000,0.00000000,0.00000000,0.00527665,0.00000000,0.00000000,0.00000000,0.00000000,0.00000000,0.00000000
2025/7/17,0.00000000,0.00001255,0.00132832,0.00000000,0.01899473,0.01049576,0.00876810,0.00000000,0.00000000,0.00000000,0.00000000,0.00298262,0.01814478,0.15584695,0.33186257,0.00001255,0.00000000,0.00000000,0.00000000,0.01105601,0.03015123,0.03142153,0.02662388,0.05356129,0.00001255,0.00000000,0.00000000,0.00000000,0.01618995,0.01040895,0.03588296,0.05173636,0.06727858,0.01129066,0.00901405,0.00000000,0.00000000,0.00124350,0.00083416,0.00553020,0.05382028,0.02049994,0.07230381,0.05053861,0.00000000,0.00000000,0.00000000,0.00000000,0.00000000,0.00709934,0.02406092,0.01520205,0.04867987,0.00000000,0.00000000,0.00000000,0.00000000,0.00001255,0.01018598,0.02272529,0.00708709,0.03309501,0.00137676,0.00000000,0.00001255,0.00000000,0.00516765,0.02651470,0.02498591,0.02057327,0.01727292,0.00892930,0.01385537,0.00781207,0.00722319,0.00487814,0.00001255,0.00001255,0.01176208,0.00627877,0.00000000,0.00982376,0.00697184,0.03928849,0.02564225,0.00207723,0.01729997,0.01161424,0.09592739,0.01446701,0.01405775,0.09115749,0.06887758,0.03335278,0.00249232,0.00881095,0.02464461,0.03171176,0.00846791,0.00000000,0.02542201,0.02101155,0.03323480,0.00606267,0.01041983,0.03264192,0.00504781,0.00929473,0.00000000,0.00000000,0.01952474,0.04482025,0.01260768,0.01252672,0.02221023,0.00521353,0.00000000,0.00000000,0.00000000,0.00039984,0.05221751,0.00898252,0.00075220,0.00874788,0.00862170,0.00000000,0.00000000,0.00000000,0.00328660,0.02011844,0.00318777,0.00000000,0.00000000,0.00000000,0.00000000,0.00000000,0.00000000,0.00562434,0.00000000,0.00000000,0.00000000,0.00000000,0.00000000,0.00000000
2025/7/18,0.00000000,0.00001566,0.00120517,0.00000000,0.02768292,0.01482482,0.00805667,0.00000000,0.00000000,0.00000000,0.00000000,0.00671837,0.02489726,0.15061726,0.33433509,0.00001566,0.00000000,0.00000000,0.00000000,0.00865506,0.04596982,0.02661060,0.02684458,0.04939415,0.00001566,0.00000000,0.00000000,0.00000000,0.02081874,0.00763358,0.03340249,0.06235811,0.06469330,0.00979079,0.02161223,0.00000000,0.00000000,0.00102733,0.00097469,0.00448994,0.04682899,0.02640837,0.05469684,0.05957291,0.00000000,0.00000000,0.00000000,0.00000000,0.00000000,0.01244163,0.01912582,0.00595829,0.04725723,0.00000000,0.00000000,0.00000000,0.00000000,0.00001566,0.00667088,0.02290118,0.00642230,0.02669533,0.00163848,0.00000000,0.00001566,0.00000000,0.01130790,0.02227671,0.02063697,0.02992700,0.01950442,0.01079502,0.02057288,0.00767871,0.00825799,0.00444994,0.00001566,0.00001566,0.01448953,0.00623126,0.00000000,0.02574228,0.00725153,0.03754813,0.02835113,0.00245292,0.00529225,0.00556528,0.09009918,0.01122107,0.01152895,0.08632849,0.07822368,0.05449500,0.00386150,0.01079549,0.02498955,0.01888398,0.00875716,0.00000000,0.03036781,0.02272255,0.03322457,0.01213221,0.01195307,0.02006967,0.00436174,0.00714403,0.00000000,0.00000000,0.01999634,0.04478528,0.01450556,0.01666153,0.02195107,0.00547544,0.00000000,0.00000000,0.00000000,0.00109608,0.04805565,0.01158940,0.00121573,0.01071195,0.01582484,0.00000000,0.00000000,0.00000000,0.00248183,0.01725975,0.00467892,0.00000000,0.00000000,0.00000000,0.00000000,0.00000000,0.00000000,0.00663830,0.00000000,0.00000000,0.00000000,0.00000000,0.00000000,0.00000000
2025/7/19,0.00000000,0.00001507,0.00139427,0.00000000,0.01663428,0.01127287,0.00731551,0.00000000,0.00000000,0.00000000,0.00000000,0.00303231,0.02068749,0.13376427,0.33940831,0.00001507,0.00000000,0.00000000,0.00000000,0.01151135,0.04334329,0.02300514,0.02974138,0.05235112,0.00001507,0.00000000,0.00000000,0.00000000,0.02319691,0.00721690,0.03611136,0.04833450,0.07068308,0.01390371,0.00816412,0.00000000,0.00000000,0.00072726,0.00683382,0.00581637,0.03453758,0.03174701,0.06241428,0.05566412,0.00000000,0.00000000,0.00000000,0.00000000,0.00000000,0.00487607,0.01959349,0.00577140,0.04435212,0.00000000,0.00000000,0.00000000,0.00000000,0.00001507,0.00820806,0.01949094,0.00697030,0.04091299,0.00109488,0.00000000,0.00001507,0.00000000,0.00784076,0.00608759,0.01570385,0.01870855,0.01540698,0.01505440,0.01284861,0.00781503,0.00798266,0.00384540,0.00001507,0.00001507,0.02119208,0.02408666,0.00026657,0.01472529,0.02581921,0.02840496,0.03577774,0.00187190,0.00298511,0.00964944,0.09443494,0.02029466,0.01220925,0.10565405,0.06854972,0.03535202,0.00562905,0.00993814,0.03481215,0.02649667,0.00821705,0.00000000,0.03259610,0.02468708,0.03745043,0.01088986,0.01180932,0.02015715,0.00451807,0.00346607,0.00000000,0.00000000,0.02168465,0.04767110,0.01703391,0.00997704,0.02674968,0.00500391,0.00000000,0.00000000,0.00000000,0.00611245,0.04400472,0.01850706,0.00115700,0.02216288,0.00430692,0.00000000,0.00000000,0.00000000,0.00442725,0.01230565,0.01074668,0.00000000,0.00000000,0.00000000,0.00000000,0.00000000,0.00000000,0.00531348,0.00000000,0.00000000,0.00000000,0.00000000,0.00000000,0.00000000
2025/7/20,0.00000000,0.00002883,0.00317356,0.00000000,0.01351492,0.00708449,0.00793003,0.00000000,0.00000000,0.00000000,0.00000000,0.00126256,0.01328648,0.13319394,0.30937284,0.00002883,0.00000000,0.00000000,0.00000000,0.00697723,0.03695813,0.03306678,0.02009067,0.03995599,0.00002883,0.00000000,0.00000000,0.00000000,0.01445040,0.01569651,0.03017328,0.04132317,0.05177347,0.01882183,0.00334569,0.00000000,0.00000000,0.00071989,0.00000000,0.00402091,0.04324630,0.03018141,0.08926202,0.04941233,0.00000000,0.00000000,0.00000000,0.00000000,0.00000000,0.01179036,0.03003263,0.00871077,0.04854063,0.00000000,0.00000000,0.00000000,0.00000000,0.00002883,0.01146271,0.01743101,0.00911985,0.03337910,0.00077844,0.00000000,0.00002883,0.00000000,0.00546289,0.00697266,0.01992503,0.03009694,0.01285773,0.01079736,0.00765445,0.00727972,0.00659173,0.00449286,0.00002883,0.00002883,0.01706037,0.01538342,0.00110150,0.00763264,0.01015963,0.01934202,0.02429966,0.00135643,0.00415939,0.00446975,0.10416473,0.01416062,0.01229803,0.09889039,0.05342183,0.02043502,0.00955596,0.00790560,0.02444744,0.02826402,0.00781429,0.00000000,0.04291186,0.02148784,0.04010575,0.00687848,0.00309976,0.01143239,0.00459326,0.00602894,0.00000000,0.00000000,0.02334331,0.03963514,0.02673934,0.00889768,0.04257364,0.00424391,0.00000000,0.00000000,0.00000000,0.00128064,0.03482027,0.01171223,0.00120582,0.00966589,0.00454828,0.00000000,0.00000000,0.00000000,0.00539717,0.00299335,0.00664664,0.00000000,0.00000000,0.00000000,0.00000000,0.00000000,0.00000000,0.00454457,0.00000000,0.00000000,0.00000000,0.00000000,0.00000000,0.00000000
2025/7/21,0.00000000,0.00000570,0.00095517,0.00000000,0.02059926,0.00506217,0.00552335,0.00000000,0.00000000,0.00000000,0.00000000,0.00174908,0.01539097,0.16354242,0.29697531,0.00000570,0.00000000,0.00000000,0.00000000,0.00369878,0.03285418,0.02988400,0.02565097,0.04685866,0.00000570,0.00000000,0.00000000,0.00000000,0.01372595,0.00833502,0.02710164,0.06446534,0.07670789,0.02305012,0.00103522,0.00000000,0.00000000,0.00101023,0.00062780,0.00501854,0.04985262,0.03255291,0.09024193,0.05839821,0.00000000,0.00000000,0.00000000,0.00000000,0.00000000,0.00410605,0.02837304,0.01385434,0.05060883,0.00000000,0.00000000,0.00000000,0.00000000,0.00000570,0.00640724,0.02523208,0.00790694,0.02962451,0.00056981,0.00000000,0.00000570,0.00000000,0.00556357,0.02094333,0.01868104,0.03732087,0.01497741,0.00907893,0.00463179,0.00673972,0.00740096,0.00409392,0.00000570,0.00000570,0.01240144,0.01120116,0.00092387,0.01028181,0.01734013,0.02951127,0.01907896,0.00066216,0.00431855,0.00903731,0.11010945,0.00841844,0.01552469,0.10920461,0.06461270,0.02912693,0.00528434,0.00820042,0.02819032,0.01440357,0.00635351,0.00000000,0.02963974,0.02664318,0.02795238,0.00930800,0.00509014,0.02224431,0.00463789,0.01145262,0.00000000,0.00000000,0.02979298,0.03746751,0.02507406,0.00968187,0.03317752,0.00449059,0.00000000,0.00000000,0.00000000,0.00062337,0.03794344,0.01410101,0.00093029,0.00707331,0.00304223,0.00000000,0.00000000,0.00000000,0.00481253,0.00755918,0.01078362,0.00000000,0.00000000,0.00000000,0.00000000,0.00000000,0.00000000,0.00213136,0.00000000,0.00000000,0.00000000,0.00000000,0.00000000,0.00000000
2025/7/22,0.00000000,0.00001022,0.00063644,0.00000000,0.03269610,0.00541269,0.00672134,0.00000000,0.00000000,0.00000000,0.00000000,0.00174174,0.01354649,0.17431185,0.29087186,0.00001022,0.00000000,0.00000000,0.00000000,0.00517128,0.02777062,0.02428600,0.02326898,0.04424790,0.00001022,0.00000000,0.00000000,0.00000000,0.00663935,0.00843741,0.03928250,0.04991356,0.06242312,0.04528452,0.00020261,0.00000000,0.00000000,0.00210284,0.00178241,0.00471750,0.05052780,0.04392653,0.10612598,0.04881116,0.00000000,0.00000000,0.00000000,0.00000000,0.00000000,0.00316944,0.03434873,0.01023029,0.07479952,0.00000000,0.00000000,0.00000000,0.00000000,0.00001022,0.00536613,0.03200014,0.00696406,0.02724748,0.00056517,0.00000000,0.00001022,0.00000000,0.00527506,0.03397454,0.01683869,0.03855158,0.01177653,0.00881694,0.00370839,0.00663785,0.00680519,0.00453579,0.00001022,0.00001022,0.01665594,0.01905546,0.00067481,0.01255184,0.00965949,0.03715294,0.01697185,0.00109268,0.00411645,0.00367934,0.07635929,0.01710880,0.02776520,0.08511034,0.04290932,0.03174262,0.00333998,0.00620149,0.04341475,0.00747125,0.00535533,0.00000000,0.02799058,0.02542045,0.02594161,0.01571723,0.01239190,0.01160531,0.00444207,0.00327053,0.00000000,0.00000000,0.01727423,0.02251976,0.01810615,0.00767841,0.03113622,0.00471561,0.00000000,0.00000000,0.00000000,0.00122209,0.05770088,0.02562273,0.00098750,0.00792745,0.00553558,0.00000000,0.00000000,0.00000000,0.00422621,0.00994524,0.00501823,0.00000000,0.00000000,0.00000000,0.00000000,0.00000000,0.00000000,0.00021174,0.00000000,0.00000000,0.00000000,0.00000000,0.00000000,0.00000000
2025/7/23,0.00000000,0.00001188,0.00048862,0.00000000,0.01699902,0.00515014,0.00585809,0.00000000,0.00000000,0.00000000,0.00000000,0.00205693,0.02024465,0.16857353,0.27618814,0.00001188,0.00000000,0.00000000,0.00000000,0.00364597,0.02899541,0.02963641,0.02241735,0.04374730,0.00001188,0.00000000,0.00000000,0.00000000,0.00882728,0.01043053,0.03630056,0.05406676,0.06084232,0.02952687,0.00030060,0.00000000,0.00000000,0.00174074,0.00212854,0.00340164,0.04856187,0.03013767,0.11123935,0.05761822,0.00000000,0.00000000,0.00000000,0.00000000,0.00000000,0.00479524,0.02547504,0.00764143,0.05358984,0.00000000,0.00000000,0.00000000,0.00000000,0.00001188,0.00399028,0.02852754,0.00686523,0.02033247,0.00049901,0.00000000,0.00001188,0.00000000,0.00504642,0.04173873,0.01227748,0.02346572,0.02206152,0.00829278,0.00311941,0.00691836,0.00753632,0.00360113,0.00001188,0.00001188,0.02049572,0.00893580,0.00115849,0.01199613,0.00943107,0.03278434,0.01429485,0.00083737,0.00517671,0.01057832,0.08097115,0.00672511,0.01294841,0.10031583,0.04354987,0.01778843,0.00208734,0.00859775,0.03929534,0.00514452,0.00789762,0.00000000,0.03389971,0.03232462,0.02336643,0.00992559,0.00636653,0.01460649,0.00483929,0.00206402,0.00000000,0.00000000,0.01387437,0.03391848,0.02159650,0.00915604,0.03759536,0.00447933,0.00000000,0.00000000,0.00000000,0.00128670,0.05346648,0.02735597,0.00071961,0.00803269,0.00748244,0.00000000,0.00000000,0.00000000,0.00482605,0.01623727,0.00474503,0.00000000,0.00000000,0.00000000,0.00000000,0.00000000,0.00000000,0.01058161,0.00000000,0.00000000,0.00000000,0.00000000,0.00000000,0.00000000
2025/7/24,0.00000000,0.00001768,0.00051723,0.00000000,0.01296313,0.00490135,0.01117899,0.00000000,0.00000000,0.00000000,0.00000000,0.00198665,0.01526816,0.17058539,0.28916556,0.00001768,0.00000000,0.00000000,0.00000000,0.00280271,0.03120179,0.02321749,0.02282697,0.05285234,0.00001768,0.00000000,0.00000000,0.00000000,0.01083401,0.01343402,0.04967446,0.07420580,0.04487690,0.01748840,0.00105427,0.00000000,0.00000000,0.00120258,0.00241510,0.00225214,0.05241985,0.03280808,0.11144133,0.06744083,0.00000000,0.00000000,0.00000000,0.00000000,0.00000000,0.00344099,0.02282438,0.00578551,0.04472904,0.00000000,0.00000000,0.00000000,0.00000000,0.00001768,0.00508049,0.03491827,0.00745247,0.02521335,0.00060371,0.00000000,0.00001768,0.00000000,0.00369537,0.04044065,0.01410359,0.02306084,0.01787975,0.01075866,0.00219392,0.00637031,0.00998452,0.00332717,0.00001768,0.00001768,0.00906236,0.00829369,0.00022689,0.01426150,0.00824838,0.02321983,0.01994671,0.00087039,0.01203870,0.00248993,0.07120694,0.01179751,0.01032221,0.07817537,0.04828034,0.02252633,0.00118288,0.01001562,0.03489116,0.00625531,0.01374025,0.00000000,0.02054038,0.02207110,0.02160720,0.00699774,0.00528458,0.02142982,0.00373409,0.00927015,0.00000000,0.00000000,0.01886196,0.03565039,0.01281594,0.01566387,0.02419730,0.00417106,0.00000000,0.00000000,0.00000000,0.00097688,0.03651146,0.01477134,0.00058034,0.00872434,0.00820373,0.00000000,0.00000000,0.00000000,0.00470690,0.02749718,0.00340940,0.00000000,0.00000000,0.00000000,0.00000000,0.00000000,0.00000000,0.02368777,0.00000000,0.00000000,0.00000000,0.00000000,0.00000000,0.00000000
2025/7/25,0.00000000,0.00002091,0.00091001,0.00000000,0.01867409,0.00448642,0.00745736,0.00000000,0.00000000,0.00000000,0.00000000,0.00211033,0.01413356,0.19542032,0.28106987,0.00002091,0.00000000,0.00000000,0.00000000,0.00210145,0.01977045,0.02543597,0.02147198,0.05850789,0.00002091,0.00000000,0.00000000,0.00000000,0.01950323,0.00568367,0.03116741,0.06369153,0.04727585,0.01593351,0.00175517,0.00000000,0.00000000,0.00078697,0.00235855,0.00355366,0.06042740,0.03169429,0.08587925,0.05822932,0.00000000,0.00000000,0.00000000,0.00000000,0.00000000,0.00563501,0.02591332,0.01415868,0.05797281,0.00000000,0.00000000,0.00000000,0.00000000,0.00002091,0.00745014,0.03940576,0.00770687,0.02851432,0.00065048,0.00000000,0.00002091,0.00000000,0.00314569,0.03336614,0.02855254,0.01862133,0.01438074,0.01112084,0.00305453,0.00598181,0.00658378,0.00313024,0.00002091,0.00002091,0.00906412,0.02154628,0.00074986,0.01802744,0.00935853,0.02998059,0.03309235,0.00118353,0.00446256,0.00411294,0.08486851,0.01003910,0.01364203,0.07363769,0.04698160,0.04073775,0.00131934,0.00959188,0.04122601,0.01493366,0.00827949,0.00000000,0.02136867,0.02433697,0.02907328,0.00864429,0.00493841,0.01330961,0.00331580,0.00398175,0.00000000,0.00000000,0.01308330,0.03865790,0.01382660,0.02143071,0.02101969,0.00404759,0.00000000,0.00000000,0.00000000,0.00125698,0.03866703,0.01888016,0.00059790,0.01067587,0.00881565,0.00000000,0.00000000,0.00000000,0.01260947,0.01498482,0.00316831,0.00000000,0.00000000,0.00000000,0.00000000,0.00000000,0.00000000,0.00459188,0.00000000,0.00000000,0.00000000,0.00000000,0.00000000,0.00000000
2025/7/26,0.00000000,0.00003972,0.00106486,0.00000000,0.03242945,0.00587208,0.00634321,0.00000000,0.00000000,0.00000000,0.00000000,0.00139722,0.01289231,0.17520103,0.28813693,0.00003972,0.00000000,0.00000000,0.00000000,0.00420916,0.02363008,0.02867539,0.02424377,0.05329015,0.00003972,0.00000000,0.00000000,0.00000000,0.02279979,0.01110372,0.03407750,0.08450694,0.06147005,0.02198534,0.00229069,0.00000000,0.00000000,0.00092191,0.00163395,0.00852480,0.07160705,0.03992005,0.07011336,0.05915373,0.00000000,0.00000000,0.00000000,0.00000000,0.00000000,0.00650171,0.01727800,0.00557328,0.07140926,0.00000000,0.00000000,0.00000000,0.00000000,0.00003972,0.01188087,0.04520461,0.00760446,0.03299911,0.00000000,0.00000000,0.00003972,0.00000000,0.00531873,0.01983100,0.02559356,0.02769537,0.01425630,0.01903305,0.00975921,0.00580903,0.00563021,0.00317246,0.00003972,0.00003972,0.01136280,0.02213675,0.00076825,0.02273520,0.01395658,0.04373182,0.02212063,0.00156607,0.00433042,0.00496645,0.07582304,0.01486662,0.01562228,0.10393749,0.06408037,0.05359066,0.00155527,0.01039033,0.04525520,0.00664811,0.00579176,0.00000000,0.02718959,0.02996073,0.02607242,0.00985191,0.01045792,0.01613489,0.00574892,0.00313602,0.00000000,0.00000000,0.01350116,0.04196034,0.01322241,0.03563094,0.02283988,0.00431965,0.00000000,0.00000000,0.00000000,0.00112568,0.04297500,0.01524884,0.00090483,0.01005501,0.00958862,0.00000000,0.00000000,0.00000000,0.01743133,0.01057946,0.00327440,0.00000000,0.00000000,0.00000000,0.00000000,0.00000000,0.00000000,0.00141664,0.00000000,0.00000000,0.00000000,0.00000000,0.00000000,0.00000000
2025/7/27,0.00000000,0.00003262,0.00204758,0.00000000,0.01969877,0.01369993,0.00810980,0.00000000,0.00000000,0.00000000,0.00000000,0.00205606,0.01555085,0.15798330,0.28067669,0.00003262,0.00000000,0.00000000,0.00000000,0.00709781,0.02635840,0.04072478,0.01250948,0.05026612,0.00003262,0.00000000,0.00000000,0.00000000,0.02103399,0.01401991,0.03887027,0.06608564,0.06576590,0.01528995,0.00278700,0.00000000,0.00000000,0.00089801,0.00103551,0.01089338,0.06023788,0.03974885,0.09548703,0.05385876,0.00000000,0.00000000,0.00000000,0.00000000,0.00000000,0.00755789,0.01725464,0.00641391,0.07621370,0.00000000,0.00000000,0.00000000,0.00000000,0.00003262,0.00674668,0.02296977,0.00845966,0.02456806,0.00126816,0.00000000,0.00003262,0.00000000,0.01404333,0.01316935,0.03408220,0.02081377,0.01944078,0.00986237,0.00456561,0.00615855,0.00539801,0.00544143,0.00003262,0.00003262,0.01265940,0.01398173,0.00072520,0.03326392,0.00874278,0.04153258,0.02754985,0.00154533,0.00445250,0.00663216,0.09545165,0.01084354,0.01990657,0.09555394,0.07492605,0.06836101,0.00222631,0.00859402,0.05954808,0.00858376,0.00575951,0.00000000,0.02624048,0.04361585,0.03087744,0.01028506,0.00703843,0.01246214,0.00738059,0.00463539,0.00000000,0.00000000,0.01791621,0.06922821,0.01331971,0.03607894,0.02336759,0.00462546,0.00000000,0.00000000,0.00000000,0.00093734,0.06588301,0.01572800,0.00100943,0.01202341,0.00787747,0.00000000,0.00000000,0.00000000,0.00589123,0.01328665,0.00466706,0.00000000,0.00000000,0.00000000,0.00000000,0.00000000,0.00000000,0.00456671,0.00000000,0.00000000,0.00000000,0.00000000,0.00000000,0.00000000
2025/7/28,0.00000000,0.00004367,0.00532631,0.00000000,0.01702963,0.00330417,0.00595792,0.00000000,0.00000000,0.00000000,0.00000000,0.00393985,0.03232763,0.15224484,0.29418844,0.00004367,0.00000000,0.00000000,0.00000000,0.01423165,0.02095605,0.03894120,0.02655213,0.05473775,0.00004367,0.00000000,0.00000000,0.00000000,0.01075497,0.01204927,0.02921403,0.04968594,0.06648673,0.01677856,0.00285961,0.00000000,0.00000000,0.00102590,0.00152402,0.02085813,0.04428010,0.02301589,0.08979376,0.07064666,0.00000000,0.00000000,0.00000000,0.00000000,0.00000000,0.00636625,0.02676415,0.00912360,0.06675319,0.00000000,0.00000000,0.00000000,0.00000000,0.00004367,0.01579126,0.01402365,0.01143158,0.02708846,0.00164794,0.00000000,0.00004367,0.00000000,0.00483525,0.00609008,0.03030739,0.02644805,0.01732491,0.01461704,0.00682023,0.00594233,0.00855291,0.00438893,0.00004367,0.00004367,0.00952448,0.00976026,0.00042724,0.02215856,0.00837110,0.04719992,0.02772805,0.00166118,0.00423848,0.00675913,0.10808678,0.00845092,0.01348259,0.07720719,0.06825682,0.04565344,0.00286618,0.01059300,0.04177851,0.00906561,0.00473827,0.00000000,0.02823194,0.03044667,0.04444598,0.00729172,0.01190639,0.03001107,0.00632139,0.01053739,0.00000000,0.00000000,0.01419207,0.05897468,0.01183414,0.02345550,0.03455052,0.00485017,0.00000000,0.00000000,0.00000000,0.00132483,0.03824938,0.01375925,0.00108256,0.02244975,0.01440794,0.00000000,0.00000000,0.00000000,0.00849849,0.02828472,0.00464614,0.00000000,0.00000000,0.00000000,0.00000000,0.00000000,0.00000000,0.00560860,0.00000000,0.00000000,0.00000000,0.00000000,0.00000000,0.00000000
2025/7/29,0.00000000,0.00001612,0.00168007,0.00000000,0.01449740,0.00330547,0.00981698,0.00000000,0.00000000,0.00000000,0.00000000,0.00134458,0.01714157,0.15968993,0.30179036,0.00001612,0.00000000,0.00000000,0.00000000,0.02381469,0.02029975,0.04632343,0.02878081,0.04246230,0.00001612,0.00000000,0.00000000,0.00000000,0.01012818,0.01323629,0.02363815,0.05489802,0.08899842,0.01854558,0.00220072,0.00000000,0.00000000,0.00079467,0.00000000,0.01319432,0.06220637,0.03034056,0.07396744,0.06352204,0.00000000,0.00000000,0.00000000,0.00000000,0.00000000,0.00556679,0.02550915,0.01224716,0.04900992,0.00000000,0.00000000,0.00000000,0.00000000,0.00001612,0.00748227,0.01439416,0.00804338,0.03109298,0.00182631,0.00000000,0.00001612,0.00000000,0.00290379,0.00677996,0.03372124,0.02014801,0.01596605,0.00702747,0.01117327,0.00497035,0.00407507,0.00587362,0.00001612,0.00001612,0.01019928,0.01221143,0.00031348,0.01575762,0.00888446,0.03416640,0.01578520,0.00144494,0.00270377,0.00454818,0.12072615,0.00903507,0.01832365,0.10058574,0.05925881,0.04790128,0.00229467,0.01894697,0.03802185,0.01331772,0.00800337,0.00000000,0.04048057,0.02997829,0.03426283,0.00780663,0.00548777,0.02126109,0.00435287,0.00550711,0.00000000,0.00000000,0.01266273,0.04960663,0.01932017,0.01852437,0.04005697,0.00560125,0.00000000,0.00000000,0.00000000,0.00083064,0.03976227,0.01731105,0.00087621,0.01086472,0.01491672,0.00000000,0.00000000,0.00000000,0.00823352,0.02033685,0.00531505,0.00000000,0.00000000,0.00000000,0.00000000,0.00000000,0.00000000,0.00681731,0.00000000,0.00000000,0.00000000,0.00000000,0.00000000,0.00000000
2025/7/30,0.00000000,0.00002982,0.00054705,0.00000000,0.01860099,0.00974924,0.00483287,0.00000000,0.00000000,0.00000000,0.00000000,0.00118241,0.01436293,0.15888099,0.28330433,0.00002982,0.00000000,0.00000000,0.00000000,0.01937377,0.02523785,0.04135865,0.02998879,0.04749252,0.00002982,0.00000000,0.00000000,0.00000000,0.00609310,0.00778511,0.03178396,0.06291240,0.08414139,0.03178780,0.00247313,0.00000000,0.00000000,0.00000000,0.00112620,0.00772396,0.07670692,0.04313804,0.05140717,0.05064537,0.00000000,0.00000000,0.00000000,0.00000000,0.00000000,0.00399457,0.02347301,0.00662257,0.08379632,0.00000000,0.00000000,0.00000000,0.00000000,0.00002982,0.01378901,0.03037441,0.00712013,0.04507803,0.00197039,0.00000000,0.00002982,0.00000000,0.00450172,0.02731358,0.04548666,0.02259168,0.01077233,0.00812666,0.02838291,0.00455923,0.00629366,0.01144497,0.00002982,0.00002982,0.01756709,0.01360292,0.00052157,0.01690789,0.00927722,0.02094200,0.01908196,0.00016930,0.00214986,0.00423928,0.10996823,0.02229247,0.00991347,0.08736701,0.07742462,0.02816417,0.00231627,0.01011763,0.04670218,0.01052144,0.01137364,0.00000000,0.04234048,0.02766484,0.03262533,0.00784836,0.00352568,0.01810867,0.00454807,0.00482592,0.00000000,0.00000000,0.01632410,0.04716397,0.02556524,0.02850398,0.04195464,0.00413528,0.00000000,0.00000000,0.00000000,0.00205183,0.05691689,0.01542224,0.00179053,0.00850825,0.00916423,0.00000000,0.00000000,0.00000000,0.00761891,0.01159088,0.00622557,0.00000000,0.00000000,0.00000000,0.00000000,0.00000000,0.00000000,0.01191428,0.00000000,0.00000000,0.00000000,0.00000000,0.00000000,0.00000000
2025/7/31,0.00000000,0.00003574,0.00039519,0.00000000,0.01921827,0.00582075,0.00964653,0.00000000,0.00000000,0.00000000,0.00000000,0.00099807,0.01318087,0.17144005,0.27023965,0.00003574,0.00000000,0.00000000,0.00000000,0.00906426,0.03663594,0.02313523,0.01821556,0.03837143,0.00003574,0.00000000,0.00000000,0.00000000,0.01330623,0.00978976,0.03002578,0.05649844,0.07209089,0.01379996,0.00468532,0.00000000,0.00000000,0.00102834,0.00169182,0.00412166,0.05761490,0.02943073,0.05020128,0.05695464,0.00000000,0.00000000,0.00000000,0.00000000,0.00000000,0.00239131,0.01479687,0.01299603,0.08761115,0.00000000,0.00000000,0.00000000,0.00000000,0.00003574,0.02439718,0.02346900,0.01079557,0.04173635,0.00148081,0.00000000,0.00003574,0.00000000,0.01331608,0.01628917,0.03585956,0.01362037,0.01622443,0.01527481,0.02241459,0.00524169,0.01700361,0.00544378,0.00003574,0.00003574,0.01801254,0.01820341,0.00006662,0.01828991,0.01076826,0.03505762,0.01780665,0.00135847,0.00985182,0.00547119,0.09682988,0.01844101,0.00740061,0.08065272,0.08058249,0.03589284,0.00208137,0.00673080,0.03770908,0.00841696,0.00663462,0.00000000,0.03384383,0.03716043,0.05252253,0.00941351,0.00364999,0.01339847,0.01284160,0.00421169,0.00000000,0.00000000,0.02346279,0.03248672,0.01269123,0.01705457,0.03258600,0.00375014,0.00000000,0.00000000,0.00000000,0.00740648,0.06282327,0.00849511,0.00662117,0.00838319,0.00903891,0.00000000,0.00000000,0.00000000,0.00323050,0.01593682,0.01064596,0.00000000,0.00000000,0.00000000,0.00000000,0.00000000,0.00000000,0.00648662,0.00000000,0.00000000,0.00000000,0.00000000,0.00000000,0.00000000
2025/8/1,0.00000000,0.00002794,0.00040594,0.00000000,0.01716290,0.00479992,0.00691819,0.00000000,0.00000000,0.00000000,0.00000000,0.00089212,0.01444544,0.15868013,0.26464769,0.00002794,0.00000000,0.00000000,0.00000000,0.00393599,0.02383665,0.03371013,0.01617229,0.05487879,0.00002794,0.00000000,0.00000000,0.00000000,0.00747916,0.01564145,0.01966809,0.05660033,0.07522111,0.01370067,0.00290607,0.00000000,0.00000000,0.00128344,0.00172588,0.00298636,0.05931644,0.02766425,0.07282262,0.06562954,0.00000000,0.00000000,0.00000000,0.00000000,0.00000000,0.00784142,0.02486990,0.00345273,0.05448036,0.00000000,0.00000000,0.00000000,0.00000000,0.00002794,0.01827274,0.02250650,0.00873556,0.03158104,0.00013700,0.00000000,0.00002794,0.00000000,0.00512597,0.01745328,0.02981836,0.01684814,0.00816643,0.01402292,0.01215191,0.00505100,0.00737539,0.00393001,0.00002794,0.00002794,0.00778838,0.01770590,0.00106406,0.01497112,0.01688053,0.01853890,0.01691846,0.00121970,0.00944112,0.00501058,0.09688704,0.00931581,0.00833636,0.08490480,0.04453937,0.03531267,0.00288906,0.01426097,0.03804453,0.00636289,0.00511102,0.00000000,0.02308044,0.03091171,0.05147484,0.02190879,0.00008561,0.02552318,0.00607640,0.00382239,0.00000000,0.00000000,0.01853712,0.02789135,0.01484170,0.01172449,0.05131174,0.00350125,0.00000000,0.00000000,0.00000000,0.00188067,0.07528518,0.01164870,0.00254568,0.00834322,0.00598555,0.00000000,0.00000000,0.00000000,0.00515078,0.00669309,0.00530964,0.00000000,0.00000000,0.00000000,0.00000000,0.00000000,0.00000000,0.00601006,0.00000000,0.00000000,0.00000000,0.00000000,0.00000000,0.00000000
2025/8/2,0.00000000,0.00003185,0.00048014,0.00000000,0.01572110,0.00403736,0.00672694,0.00000000,0.00000000,0.00000000,0.00000000,0.00156231,0.02077706,0.12653522,0.29677054,0.00003185,0.00000000,0.00000000,0.00000000,0.00385686,0.01823063,0.04475128,0.01492356,0.04746374,0.00003185,0.00000000,0.00000000,0.00000000,0.01026775,0.02928499,0.01581128,0.06536014,0.06939492,0.01331516,0.00240797,0.00000000,0.00000000,0.00137233,0.00186217,0.00459862,0.05851421,0.03373661,0.07048279,0.07073440,0.00000000,0.00000000,0.00000000,0.00000000,0.00000000,0.00489919,0.03338647,0.00251785,0.06826633,0.00000000,0.00000000,0.00000000,0.00000000,0.00003185,0.01116499,0.02306648,0.00541755,0.03077593,0.00000000,0.00000000,0.00003185,0.00000000,0.00442246,0.00937846,0.01072651,0.02308733,0.00971883,0.00942303,0.00803025,0.00303039,0.00552899,0.00382258,0.00003185,0.00003185,0.00613199,0.02009335,0.00146752,0.02462108,0.00839973,0.01660808,0.02558938,0.00114414,0.00289117,0.00370606,0.06099502,0.01572933,0.01532740,0.12431078,0.04684249,0.02307795,0.00836694,0.02866714,0.02801537,0.00569136,0.00792572,0.00000000,0.02881234,0.03437108,0.04666378,0.01280397,0.00210529,0.01598413,0.00997828,0.00258644,0.00000000,0.00000000,0.01978171,0.04197404,0.01177928,0.00699606,0.04476693,0.00282488,0.00000000,0.00000000,0.00000000,0.00084567,0.05191375,0.02277270,0.00627954,0.00946320,0.00531669,0.00000000,0.00000000,0.00000000,0.00642752,0.00322961,0.00510196,0.00000000,0.00000000,0.00000000,0.00000000,0.00000000,0.00000000,0.00575840,0.00000000,0.00000000,0.00000000,0.00000000,0.00000000,0.00000000
2025/8/3,0.00000000,0.00005889,0.00078676,0.00000000,0.01478778,0.00289932,0.00898667,0.00000000,0.00000000,0.00000000,0.00000000,0.00449051,0.01034531,0.12388884,0.27650008,0.00005889,0.00000000,0.00000000,0.00000000,0.00194446,0.02921839,0.03916432,0.02283013,0.04158695,0.00005889,0.00000000,0.00000000,0.00000000,0.01120862,0.01593833,0.03015756,0.07062409,0.05316790,0.01502734,0.00300014,0.00000000,0.00000000,0.00128591,0.00182818,0.01209264,0.06003909,0.04304249,0.08986168,0.06094585,0.00000000,0.00000000,0.00000000,0.00000000,0.00000000,0.00448297,0.01682336,0.00699556,0.11223668,0.00000000,0.00000000,0.00000000,0.00000000,0.00005889,0.00783981,0.03009433,0.00628500,0.02824482,0.00464517,0.00000000,0.00005889,0.00000000,0.00463071,0.00804303,0.01903285,0.02127526,0.01201894,0.00952907,0.00528412,0.00175793,0.00706453,0.00449830,0.00005889,0.00005889,0.01002472,0.01236282,0.00142061,0.01277431,0.00821988,0.02484567,0.01647440,0.00140279,0.00257595,0.00529702,0.05883235,0.00822191,0.01680582,0.10264179,0.04220359,0.01998219,0.00258094,0.01097888,0.02512968,0.01289088,0.01790250,0.00000000,0.03033197,0.03053743,0.04250316,0.00536128,0.00766174,0.01445489,0.00664233,0.00321781,0.00000000,0.00000000,0.02369345,0.02989589,0.01090416,0.00678609,0.03572248,0.00215559,0.00000000,0.00000000,0.00000000,0.00128104,0.05193088,0.01178480,0.00137264,0.01848931,0.00257373,0.00000000,0.00000000,0.00000000,0.00732218,0.00642894,0.00430955,0.00000000,0.00000000,0.00000000,0.00000000,0.00000000,0.00000000,0.01166884,0.00000000,0.00000000,0.00000000,0.00000000,0.00000000,0.00000000
2025/8/4,0.00000000,0.00006036,0.00089226,0.00000000,0.02281849,0.01019905,0.01186739,0.00000000,0.00000000,0.00000000,0.00000000,0.00385223,0.01457755,0.14751202,0.23649997,0.00006036,0.00000000,0.00000000,0.00000000,0.00348626,0.01541029,0.03149422,0.02690599,0.05060988,0.00006036,0.00000000,0.00000000,0.00000000,0.00823632,0.01168471,0.03316209,0.07512581,0.04723879,0.01470191,0.00224272,0.00000000,0.00000000,0.00101553,0.00152303,0.00929472,0.04872459,0.02670224,0.08267759,0.04430002,0.00000000,0.00000000,0.00000000,0.00000000,0.00000000,0.00403633,0.01575883,0.00659806,0.07790350,0.00000000,0.00000000,0.00000000,0.00000000,0.00006036,0.00632835,0.02064768,0.00761995,0.02905963,0.00000000,0.00000000,0.00006036,0.00000000,0.00537208,0.01070820,0.03633992,0.01381901,0.00958876,0.01061952,0.00560911,0.00684224,0.00651716,0.00754681,0.00006036,0.00006036,0.02138472,0.00880283,0.00108475,0.01615887,0.00955309,0.03601059,0.01237184,0.00119844,0.00317299,0.00399276,0.07438486,0.00704138,0.00820816,0.08625825,0.03762261,0.04031073,0.00135264,0.01195808,0.02843235,0.00659539,0.03285745,0.00000000,0.02182411,0.01755506,0.03280907,0.01311551,0.00390496,0.01891150,0.01247129,0.00478980,0.00000000,0.00000000,0.02232718,0.04233108,0.01212554,0.01777821,0.01887931,0.00440096,0.00000000,0.00000000,0.00000000,0.00119804,0.05190714,0.00980348,0.00056659,0.00998898,0.01086945,0.00000000,0.00000000,0.00000000,0.00684236,0.01405747,0.00251822,0.00000000,0.00000000,0.00000000,0.00000000,0.00000000,0.00000000,0.00573532,0.00000000,0.00000000,0.00000000,0.00000000,0.00000000,0.00000000
2025/8/5,0.00000000,0.00007901,0.00077731,0.00000000,0.02765441,0.00443106,0.00954510,0.00000000,0.00000000,0.00000000,0.00000000,0.00730442,0.01515086,0.14473708,0.23490633,0.00007901,0.00000000,0.00000000,0.00000000,0.00199661,0.01661167,0.03839682,0.02376680,0.04394026,0.00007901,0.00000000,0.00000000,0.00000000,0.00555758,0.00665168,0.02630645,0.08373731,0.05017577,0.01634943,0.00284436,0.00000000,0.00000000,0.00012620,0.00124074,0.00556932,0.03906769,0.04010466,0.06768484,0.04341237,0.00000000,0.00000000,0.00000000,0.00000000,0.00000000,0.00454400,0.02919310,0.00586593,0.05586981,0.00000000,0.00000000,0.00000000,0.00000000,0.00007901,0.00977225,0.01793105,0.00770181,0.03220178,0.00057384,0.00000000,0.00007901,0.00000000,0.00611808,0.01521585,0.04847906,0.01618691,0.01304709,0.00869014,0.00687605,0.00426340,0.00560616,0.00402391,0.00007901,0.00007901,0.01216784,0.01222607,0.00104943,0.01502051,0.00966006,0.03037310,0.01778464,0.00098722,0.00433520,0.00205124,0.10531589,0.00627083,0.00906272,0.10347878,0.03939331,0.03553500,0.00005495,0.01966829,0.03035838,0.00996839,0.03404646,0.00000000,0.01945611,0.01941874,0.02173116,0.02188216,0.00232019,0.02762825,0.00453159,0.00574623,0.00000000,0.00000000,0.01878398,0.05897497,0.01705730,0.00914789,0.01929646,0.01772995,0.00000000,0.00000000,0.00000000,0.00171619,0.04866022,0.01198036,0.00095139,0.01334030,0.00580888,0.00000000,0.00000000,0.00000000,0.00610085,0.01841468,0.00458575,0.00000000,0.00000000,0.00000000,0.00000000,0.00000000,0.00000000,0.00490242,0.00000000,0.00000000,0.00000000,0.00000000,0.00000000,0.00000000
2025/8/6,0.00000000,0.00004516,0.00142824,0.00000000,0.02250518,0.00345267,0.01241689,0.00000000,0.00000000,0.00000000,0.00000000,0.00242468,0.01632544,0.15345962,0.25260592,0.00004516,0.00000000,0.00000000,0.00000000,0.00230759,0.02555308,0.03183872,0.02108978,0.04660578,0.00004516,0.00000000,0.00000000,0.00000000,0.00849683,0.00534686,0.02516750,0.06652199,0.06688713,0.01805320,0.00196847,0.00000000,0.00000000,0.00004667,0.00582363,0.00324323,0.04028849,0.04256948,0.06655520,0.05259567,0.00000000,0.00000000,0.00000000,0.00000000,0.00000000,0.01414932,0.02602406,0.00612225,0.06536752,0.00000000,0.00000000,0.00000000,0.00000000,0.00004516,0.00574363,0.01811984,0.00611395,0.02438260,0.00175831,0.00000000,0.00004516,0.00000000,0.00467741,0.02308943,0.04459648,0.01123345,0.01725547,0.00734135,0.01021058,0.00363418,0.00715986,0.00205055,0.00004516,0.00004516,0.00593679,0.01217418,0.00059821,0.01900517,0.00707634,0.01968348,0.01541401,0.00134546,0.00441411,0.00345222,0.12363809,0.01072262,0.00805579,0.08792417,0.05027318,0.02666938,0.00139666,0.04111713,0.03955727,0.01073967,0.01793084,0.00000000,0.02751034,0.01901341,0.01412981,0.00912322,0.00442855,0.02000272,0.00343209,0.00624014,0.00000000,0.00000000,0.01865948,0.06904481,0.00830775,0.00782521,0.03437957,0.00901010,0.00000000,0.00000000,0.00000000,0.00144070,0.06544800,0.01120252,0.00078351,0.01062571,0.00594262,0.00000000,0.00000000,0.00000000,0.00730511,0.00482709,0.00306899,0.00000000,0.00000000,0.00000000,0.00000000,0.00000000,0.00000000,0.00376033,0.00000000,0.00000000,0.00000000,0.00000000,0.00000000,0.00000000
2025/8/7,0.00000000,0.00006021,0.00159581,0.00000000,0.02082840,0.00431916,0.01035521,0.00000000,0.00000000,0.00000000,0.00000000,0.00103662,0.01144180,0.17411453,0.26248199,0.00006021,0.00000000,0.00000000,0.00000000,0.00583964,0.02578944,0.03282108,0.02967602,0.04611361,0.00006021,0.00000000,0.00000000,0.00000000,0.02039695,0.00418629,0.02500405,0.05300210,0.05428490,0.01660982,0.00273927,0.00000000,0.00000000,0.00474374,0.00093706,0.00376993,0.03554917,0.03660030,0.06643844,0.04188058,0.00000000,0.00000000,0.00000000,0.00000000,0.00000000,0.00670182,0.01712092,0.00818697,0.04191811,0.00000000,0.00000000,0.00000000,0.00000000,0.00006021,0.00509431,0.01589218,0.00612180,0.02587639,0.00236833,0.00000000,0.00006021,0.00000000,0.00483307,0.00597205,0.02719618,0.01287993,0.01168327,0.00741084,0.01154738,0.00368666,0.02826471,0.00171315,0.00006021,0.00006021,0.00634760,0.01570859,0.00221081,0.01685394,0.00525774,0.03952425,0.02585191,0.00630143,0.00395416,0.00270049,0.08672420,0.00280581,0.00826723,0.07350390,0.05558937,0.02253064,0.00156775,0.02737252,0.05754354,0.01591578,0.01272194,0.00000000,0.04417554,0.02331153,0.02241990,0.00565579,0.01004175,0.02281945,0.00466747,0.00577599,0.00000000,0.00000000,0.03162005,0.04773700,0.01073304,0.01019790,0.04653943,0.00359642,0.00000000,0.00000000,0.00000000,0.00120261,0.04656856,0.01944784,0.00058464,0.01120279,0.00674127,0.00000000,0.00000000,0.00000000,0.01043424,0.00000000,0.00373494,0.00000000,0.00000000,0.00000000,0.00000000,0.00000000,0.00000000,0.00530760,0.00000000,0.00000000,0.00000000,0.00000000,0.00000000,0.00000000
2025/8/8,0.00000000,0.00006092,0.00149815,0.00000000,0.02379467,0.00551096,0.01385713,0.00000000,0.00000000,0.00000000,0.00000000,0.00086678,0.01285680,0.17075807,0.26935527,0.00006092,0.00000000,0.00000000,0.00000000,0.00000000,0.03053763,0.04797930,0.03278115,0.04763439,0.00006092,0.00000000,0.00000000,0.00000000,0.00617928,0.01588623,0.03069447,0.05694071,0.06947096,0.01979334,0.00567607,0.00000000,0.00000000,0.00000000,0.00000000,0.00421431,0.02752878,0.02458463,0.05869602,0.04415698,0.00000000,0.00000000,0.00000000,0.00000000,0.00000000,0.01167931,0.01702130,0.01429829,0.03788514,0.00000000,0.00000000,0.00000000,0.00000000,0.00006092,0.00677641,0.02395017,0.01897492,0.02979341,0.00174519,0.00000000,0.00006092,0.00000000,0.00490329,0.00238944,0.01950592,0.02933206,0.01741261,0.00802723,0.00388485,0.00383310,0.00691520,0.00191468,0.00006092,0.00006092,0.01604860,0.01208579,0.00817733,0.00913221,0.01045227,0.03646930,0.01978923,0.00127618,0.00144871,0.00443185,0.08621125,0.00595088,0.01036682,0.08181930,0.04859944,0.03128558,0.00128693,0.01067432,0.05345467,0.00644713,0.00832679,0.00000000,0.03730739,0.03313965,0.02730891,0.00715664,0.01991315,0.02259182,0.00500666,0.00451631,0.00000000,0.00000000,0.02238496,0.04625006,0.01924936,0.01259732,0.03334595,0.00349347,0.00000000,0.00000000,0.00000000,0.00056028,0.03667642,0.01415829,0.00029063,0.01176945,0.01358170,0.00000000,0.00000000,0.00000000,0.01504342,0.00030053,0.00319333,0.00000000,0.00000000,0.00000000,0.00000000,0.00000000,0.00000000,0.00484550,0.00000000,0.00000000,0.00000000,0.00000000,0.00000000,0.00000000
2025/8/9,0.00000000,0.00006666,0.00136950,0.00000000,0.01777439,0.00649059,0.00729286,0.00000000,0.00000000,0.00000000,0.00000000,0.00161843,0.02210725,0.14661941,0.27935490,0.00006666,0.00000000,0.00000000,0.00000000,0.00120993,0.03015673,0.03516249,0.03493701,0.03678378,0.00006666,0.00000000,0.00000000,0.00000000,0.00432954,0.01180822,0.02957908,0.06114981,0.06856034,0.00958551,0.00102341,0.00000000,0.00000000,0.00000000,0.00000000,0.00543521,0.04619170,0.02338100,0.06149132,0.05062887,0.00000000,0.00000000,0.00000000,0.00000000,0.00000000,0.00502121,0.02105551,0.02468704,0.05560255,0.00000000,0.00000000,0.00000000,0.00000000,0.00006666,0.00939274,0.02205870,0.01022674,0.03206828,0.00094042,0.00000000,0.00006666,0.00000000,0.00383496,0.01399723,0.02251395,0.03507506,0.01850109,0.00697772,0.00276642,0.00331378,0.00310862,0.00219040,0.00006666,0.00006666,0.00717409,0.01218333,0.00228349,0.00847390,0.00690442,0.02390044,0.01891777,0.00090428,0.00171420,0.01309126,0.10562053,0.00668791,0.02205811,0.06617896,0.06338008,0.02093307,0.00032217,0.00552004,0.03527675,0.00500627,0.00690894,0.00000000,0.02093548,0.02086896,0.02658796,0.00830416,0.03740553,0.02574116,0.00430070,0.00484943,0.00000000,0.00000000,0.01977380,0.05102462,0.01026906,0.02205613,0.02596138,0.00356744,0.00000000,0.00000000,0.00000000,0.00072917,0.06614922,0.01658270,0.00068890,0.01057837,0.00414082,0.00000000,0.00000000,0.00000000,0.01157512,0.00817940,0.00596979,0.00000000,0.00000000,0.00000000,0.00000000,0.00000000,0.00000000,0.00367128,0.00000000,0.00000000,0.00000000,0.00000000,0.00000000,0.00000000
2025/8/10,0.00000000,0.00005613,0.00138648,0.00000000,0.01260752,0.00896380,0.00669586,0.00000000,0.00000000,0.00000000,0.00000000,0.00348625,0.01513888,0.15100086,0.27626556,0.00005613,0.00000000,0.00000000,0.00000000,0.00757979,0.02499221,0.02402654,0.04132023,0.05283548,0.00005613,0.00000000,0.00000000,0.00000000,0.00902336,0.01280588,0.04352085,0.05275590,0.05894864,0.01094086,0.00257566,0.00000000,0.00000000,0.00061883,0.00084282,0.00601916,0.06110865,0.02183011,0.06735277,0.04354785,0.00000000,0.00000000,0.00000000,0.00000000,0.00000000,0.00227112,0.02525835,0.02909627,0.04325285,0.00000000,0.00000000,0.00000000,0.00000000,0.00005613,0.00673776,0.01797057,0.00538834,0.03266581,0.00055117,0.00000000,0.00005613,0.00000000,0.00378052,0.02406909,0.02314661,0.03394497,0.01365070,0.00851856,0.00537942,0.00310948,0.00592250,0.00281579,0.00005613,0.00005613,0.00725708,0.01470676,0.00094642,0.01282046,0.00709824,0.03106354,0.02137673,0.00099644,0.01284040,0.02135557,0.09807892,0.01133134,0.00959273,0.08001130,0.08053217,0.02522436,0.00013691,0.00670353,0.02765693,0.02038274,0.00596436,0.00000000,0.02059190,0.02380846,0.02901507,0.00960157,0.03250634,0.02262260,0.00416273,0.00939514,0.00000000,0.00000000,0.02074486,0.03318614,0.01073298,0.02239755,0.03021592,0.00387487,0.00000000,0.00000000,0.00000000,0.00067274,0.05779897,0.00788356,0.00024122,0.00760395,0.00438685,0.00000000,0.00000000,0.00000000,0.00875322,0.01751970,0.00214797,0.00000000,0.00000000,0.00000000,0.00000000,0.00000000,0.00000000,0.00371766,0.00000000,0.00000000,0.00000000,0.00000000,0.00000000,0.00000000
2025/8/11,0.00000000,0.00005985,0.00111154,0.00000000,0.02609237,0.01352089,0.00552210,0.00000000,0.00000000,0.00000000,0.00000000,0.00723946,0.02440341,0.14434841,0.26902550,0.00005985,0.00000000,0.00000000,0.00000000,0.00682050,0.03633504,0.02560234,0.03884616,0.05668759,0.00005985,0.00000000,0.00000000,0.00000000,0.01104348,0.00973564,0.03793544,0.06228493,0.05952632,0.01002797,0.01450997,0.00000000,0.00000000,0.00140768,0.00329276,0.00470093,0.06201242,0.02622596,0.05286062,0.05650263,0.00000000,0.00000000,0.00000000,0.00000000,0.00000000,0.00924468,0.02141239,0.01607683,0.04413721,0.00000000,0.00000000,0.00000000,0.00000000,0.00005985,0.00598714,0.02032705,0.00585443,0.02403419,0.00123307,0.00000000,0.00005985,0.00000000,0.00911058,0.02396575,0.01773240,0.04341482,0.01528539,0.01088286,0.01231556,0.00280517,0.00570376,0.00250807,0.00005985,0.00005985,0.00957862,0.02036549,0.00121483,0.03257012,0.00937838,0.03332063,0.01880877,0.00077536,0.00224134,0.01262062,0.09369423,0.00847734,0.00725151,0.08595084,0.09250976,0.04869590,0.00168871,0.00921774,0.02545566,0.00670224,0.00598146,0.00000000,0.02382369,0.02485984,0.02428325,0.01681579,0.02912523,0.01495590,0.00305919,0.00707758,0.00000000,0.00000000,0.02033038,0.03482189,0.01433983,0.02504918,0.03076537,0.00447301,0.00000000,0.00000000,0.00000000,0.00151179,0.05562152,0.01009244,0.00079258,0.00736963,0.01536617,0.00000000,0.00000000,0.00000000,0.00581703,0.02834938,0.00243887,0.00000000,0.00000000,0.00000000,0.00000000,0.00000000,0.00000000,0.00478382,0.00000000,0.00000000,0.00000000,0.00000000,0.00000000,0.00000000
2025/8/12,0.00000000,0.00006221,0.00120686,0.00000000,0.02071794,0.00980965,0.00552876,0.00000000,0.00000000,0.00000000,0.00000000,0.00343791,0.02101050,0.12728229,0.27447152,0.00006221,0.00000000,0.00000000,0.00000000,0.01065283,0.03265281,0.03093035,0.03574830,0.06026222,0.00006221,0.00000000,0.00000000,0.00000000,0.01318047,0.00739137,0.03632389,0.04700273,0.07039855,0.01262466,0.00326689,0.00000000,0.00000000,0.00174501,0.01020229,0.00514022,0.04948322,0.02842947,0.05937721,0.05441203,0.00000000,0.00000000,0.00000000,0.00000000,0.00000000,0.00355061,0.02162843,0.00955013,0.04435458,0.00000000,0.00000000,0.00000000,0.00000000,0.00006221,0.00982229,0.01991804,0.00646103,0.03722838,0.00126789,0.00000000,0.00006221,0.00000000,0.00535794,0.01050729,0.01230953,0.03007209,0.01178452,0.01546822,0.00763142,0.00261260,0.00526633,0.00176128,0.00006221,0.00006221,0.01575196,0.04098080,0.00131768,0.02153609,0.02765541,0.03010802,0.02459390,0.00041224,0.00175754,0.01212577,0.09531601,0.01807870,0.00878144,0.11109075,0.08405481,0.03602830,0.00441593,0.00995166,0.03297818,0.01721854,0.00497485,0.00000000,0.02374640,0.02465196,0.02443411,0.01531814,0.02060311,0.02096302,0.00269515,0.00247120,0.00000000,0.00000000,0.02116384,0.04400264,0.01761240,0.01486822,0.03699930,0.00493305,0.00000000,0.00000000,0.00000000,0.00629373,0.04807216,0.01701497,0.00088694,0.01823562,0.00703753,0.00000000,0.00000000,0.00000000,0.00580028,0.03451379,0.00793608,0.00000000,0.00000000,0.00000000,0.00000000,0.00000000,0.00000000,0.00397117,0.00000000,0.00000000,0.00000000,0.00000000,0.00000000,0.00000000
2025/8/13,0.00000000,0.00007808,0.00276597,0.00000000,0.02020631,0.00541395,0.00731134,0.00000000,0.00000000,0.00000000,0.00000000,0.00115660,0.01308832,0.12328710,0.25333109,0.00007808,0.00000000,0.00000000,0.00000000,0.00601988,0.02893637,0.04912186,0.02078008,0.04233017,0.00007808,0.00000000,0.00000000,0.00000000,0.00941760,0.01294343,0.03079929,0.03774611,0.05700331,0.01406965,0.00161587,0.00000000,0.00000000,0.00150630,0.00195882,0.00257782,0.05035745,0.02427835,0.07743213,0.04665600,0.00000000,0.00000000,0.00000000,0.00000000,0.00000000,0.01157228,0.02851649,0.00807748,0.04802019,0.00000000,0.00000000,0.00000000,0.00000000,0.00007808,0.01439103,0.02122993,0.00741581,0.03019352,0.00118935,0.00000000,0.00007808,0.00000000,0.00327662,0.00836719,0.01520010,0.04343463,0.01041583,0.01110884,0.00622603,0.00190193,0.00490502,0.00223889,0.00007808,0.00007808,0.01193998,0.02394989,0.00127876,0.01154357,0.01160213,0.02631634,0.01842484,0.00068852,0.00455436,0.00430262,0.09542544,0.01223827,0.01033918,0.09817231,0.06213853,0.02666565,0.00889404,0.00930515,0.02295611,0.02468145,0.00381691,0.00000000,0.03283201,0.01833175,0.02571188,0.00915579,0.00662269,0.01722346,0.00222503,0.00399666,0.00000000,0.00000000,0.02124470,0.04532684,0.02598932,0.01092761,0.05358484,0.00477948,0.00000000,0.00000000,0.00000000,0.00071511,0.03323599,0.01229981,0.00051403,0.00697643,0.00787806,0.00000000,0.00000000,0.00000000,0.00540079,0.02008865,0.00373044,0.00000000,0.00000000,0.00000000,0.00000000,0.00000000,0.00000000,0.00432565,0.00000000,0.00000000,0.00000000,0.00000000,0.00000000,0.00000000
2025/8/14,0.00000000,0.00005558,0.00062928,0.00000000,0.02593547,0.00419035,0.00563121,0.00000000,0.00000000,0.00000000,0.00000000,0.00098103,0.01499423,0.14822203,0.24875049,0.00005558,0.00000000,0.00000000,0.00000000,0.00210681,0.02788125,0.04609125,0.02343301,0.04328725,0.00005558,0.00000000,0.00000000,0.00000000,0.01484657,0.00561300,0.02580252,0.05923837,0.08101402,0.01474196,0.00224961,0.00000000,0.00000000,0.00093111,0.00021750,0.00370980,0.04752745,0.02612659,0.06656281,0.05405646,0.00000000,0.00000000,0.00000000,0.00000000,0.00000000,0.00543909,0.02228818,0.01048599,0.04273774,0.00000000,0.00000000,0.00000000,0.00000000,0.00005558,0.00891939,0.03072377,0.00523424,0.02713949,0.00119779,0.00000000,0.00005558,0.00000000,0.00398011,0.01249094,0.01258374,0.04943169,0.01707227,0.00827764,0.00568350,0.00166592,0.00709851,0.00214622,0.00005558,0.00005558,0.00728129,0.01343549,0.00076692,0.01020387,0.01729777,0.04181726,0.02036212,0.00065839,0.00443514,0.00693604,0.10527740,0.00542564,0.01630363,0.09913424,0.06460975,0.03775495,0.00441433,0.01028595,0.02648623,0.01448059,0.00360501,0.00000000,0.02427674,0.02218833,0.01569862,0.00875015,0.00685805,0.03127878,0.00208577,0.00959813,0.00000000,0.00000000,0.02544466,0.04388577,0.02104123,0.01051692,0.04062190,0.00494070,0.00000000,0.00000000,0.00000000,0.00000000,0.03447722,0.01799280,0.00002949,0.00625294,0.00567340,0.00000000,0.00000000,0.00000000,0.00373908,0.01735367,0.00695159,0.00000000,0.00000000,0.00000000,0.00000000,0.00000000,0.00000000,0.00348732,0.00000000,0.00000000,0.00000000,0.00000000,0.00000000,0.00000000
2025/8/15,0.00000000,0.00005710,0.00032082,0.00000000,0.03569763,0.00549924,0.00641804,0.00000000,0.00000000,0.00000000,0.00000000,0.00070681,0.01286880,0.15170074,0.25076851,0.00005710,0.00000000,0.00000000,0.00000000,0.00314142,0.02680991,0.03509495,0.02251725,0.03558228,0.00005710,0.00000000,0.00000000,0.00000000,0.00968587,0.00610942,0.03802755,0.03890777,0.06178969,0.03458574,0.00314434,0.00000000,0.00000000,0.00133636,0.00000000,0.00452322,0.03798420,0.03791561,0.06827129,0.04400159,0.00000000,0.00000000,0.00000000,0.00000000,0.00000000,0.00509183,0.02324048,0.00600713,0.05919515,0.00000000,0.00000000,0.00000000,0.00000000,0.00005710,0.00722095,0.03274494,0.00429706,0.02384801,0.00126649,0.00000000,0.00005710,0.00000000,0.00462882,0.01184769,0.01076781,0.04430067,0.02069095,0.00625266,0.00549133,0.00181218,0.00795537,0.00309697,0.00005710,0.00005710,0.01095236,0.01787729,0.00064074,0.01025565,0.00852038,0.05217991,0.02220847,0.00134117,0.00285123,0.00287461,0.08006647,0.01394642,0.03084193,0.06522161,0.03803238,0.03719626,0.00197022,0.00753075,0.04090321,0.00952290,0.00606262,0.00000000,0.02866075,0.02216623,0.01502401,0.01303949,0.01468800,0.01931771,0.00211682,0.00277792,0.00000000,0.00000000,0.01270615,0.02532446,0.01202337,0.00749974,0.03182790,0.00488489,0.00000000,0.00000000,0.00000000,0.00000000,0.05725162,0.03262833,0.00000000,0.00827615,0.00712275,0.00000000,0.00000000,0.00000000,0.00174291,0.01270700,0.00236190,0.00000000,0.00000000,0.00000000,0.00000000,0.00000000,0.00000000,0.00188939,0.00000000,0.00000000,0.00000000,0.00000000,0.00000000,0.00000000
2025/8/16,0.00000000,0.00005620,0.00029161,0.00000000,0.01802747,0.00535448,0.00437195,0.00000000,0.00000000,0.00000000,0.00000000,0.00105148,0.01882506,0.14066711,0.24007094,0.00005620,0.00000000,0.00000000,0.00000000,0.00203807,0.02864474,0.03419182,0.02529779,0.03258137,0.00005620,0.00000000,0.00000000,0.00000000,0.01079176,0.00811007,0.03528260,0.03507197,0.05331502,0.02170920,0.00347924,0.00000000,0.00000000,0.00083709,0.00047803,0.00439994,0.03224303,0.02502206,0.06526463,0.04932831,0.00000000,0.00000000,0.00000000,0.00000000,0.00000000,0.00674617,0.01403881,0.00365446,0.03503519,0.00000000,0.00000000,0.00000000,0.00000000,0.00005620,0.00574339,0.02184552,0.00486322,0.01648535,0.00117200,0.00000000,0.00005620,0.00000000,0.00552248,0.01101044,0.00784473,0.02395524,0.03519259,0.00440334,0.00509800,0.00255756,0.00944075,0.00258956,0.00005620,0.00005620,0.01566671,0.01101538,0.00135464,0.00959592,0.00683358,0.04728154,0.01710497,0.00113471,0.00273797,0.01085125,0.09317923,0.00496424,0.01557850,0.07719220,0.03925601,0.01802133,0.00060270,0.00850983,0.03831031,0.00782663,0.01238899,0.00000000,0.03733538,0.02936851,0.01256851,0.00833428,0.00815400,0.02009220,0.00298959,0.00323163,0.00000000,0.00000000,0.01075255,0.03225357,0.01436852,0.00701826,0.03115180,0.00429920,0.00000000,0.00000000,0.00000000,0.00000000,0.05854586,0.03583685,0.00000000,0.00808661,0.00788397,0.00000000,0.00000000,0.00000000,0.00163635,0.01259412,0.00347916,0.00000000,0.00000000,0.00000000,0.00000000,0.00000000,0.00000000,0.00980761,0.00000000,0.00000000,0.00000000,0.00000000,0.00000000,0.00000000
2025/8/17,0.00000000,0.00006841,0.00064704,0.00000000,0.01270409,0.00475507,0.00918652,0.00000000,0.00000000,0.00000000,0.00000000,0.00105420,0.01345691,0.14493538,0.25296795,0.00006841,0.00000000,0.00000000,0.00000000,0.00244486,0.02961784,0.02148651,0.02779530,0.04110857,0.00006841,0.00000000,0.00000000,0.00000000,0.01145911,0.01060950,0.05007912,0.04939231,0.03588549,0.01430046,0.00319639,0.00000000,0.00000000,0.00077125,0.00160752,0.00334994,0.03897226,0.02759682,0.06907718,0.05316398,0.00000000,0.00000000,0.00000000,0.00000000,0.00000000,0.00406614,0.01357616,0.00335792,0.02761716,0.00000000,0.00000000,0.00000000,0.00000000,0.00006841,0.00675730,0.02138086,0.00628752,0.02309996,0.00126853,0.00000000,0.00006841,0.00000000,0.00499910,0.01165374,0.01139157,0.02046891,0.02970719,0.00645760,0.00435557,0.00285321,0.01220143,0.00270083,0.00006841,0.00006841,0.00471459,0.01668864,0.00049328,0.01119675,0.00574874,0.03093662,0.01651988,0.00115368,0.00927257,0.00421989,0.08709309,0.01247051,0.00987912,0.06190147,0.05197229,0.01517151,0.00000000,0.00881011,0.03578703,0.00897062,0.02059634,0.00000000,0.02249874,0.01905281,0.01086362,0.00656276,0.00797252,0.02563918,0.00240145,0.01131945,0.00000000,0.00000000,0.01681476,0.03274265,0.00807637,0.00805594,0.01480637,0.00405094,0.00000000,0.00000000,0.00000000,0.00000000,0.04651435,0.02078722,0.00000000,0.00755246,0.00745234,0.00000000,0.00000000,0.00000000,0.00229075,0.01936816,0.00292305,0.00000000,0.00000000,0.00000000,0.00000000,0.00000000,0.00000000,0.01904304,0.00000000,0.00000000,0.00000000,0.00000000,0.00000000,0.00000000
2025/8/18,0.00000000,0.00007581,0.00150774,0.00000000,0.01704406,0.00397147,0.00560473,0.00000000,0.00000000,0.00000000,0.00000000,0.00134518,0.01166466,0.17641838,0.24065870,0.00007581,0.00000000,0.00000000,0.00000000,0.00257507,0.01777242,0.01978951,0.02570523,0.04686151,0.00007581,0.00000000,0.00000000,0.00000000,0.01855583,0.00530993,0.03275514,0.04018862,0.04256596,0.01632107,0.00261372,0.00000000,0.00000000,0.00089386,0.00224371,0.00275704,0.05351200,0.02452890,0.05599983,0.03984190,0.00000000,0.00000000,0.00000000,0.00000000,0.00000000,0.00470942,0.01890918,0.01320505,0.04201756,0.00000000,0.00000000,0.00000000,0.00000000,0.00007581,0.00822747,0.02336871,0.00755767,0.02877787,0.00111184,0.00000000,0.00007581,0.00000000,0.00456108,0.01626587,0.02454378,0.01265172,0.01992366,0.00705542,0.00466540,0.00300299,0.00842688,0.00288281,0.00007581,0.00007581,0.00438003,0.03525306,0.00071411,0.01208722,0.00698143,0.02634515,0.02471599,0.00125200,0.00122074,0.00535713,0.09568455,0.01188464,0.00917492,0.06100152,0.06224427,0.02448600,0.00038820,0.00803881,0.04091569,0.01746977,0.01322887,0.00000000,0.02092016,0.01934106,0.01982315,0.00781245,0.00994681,0.01908940,0.00220046,0.00566635,0.00000000,0.00000000,0.01089921,0.03448820,0.01208512,0.00472420,0.01236646,0.00428016,0.00000000,0.00000000,0.00000000,0.00000000,0.05056820,0.02001698,0.00000000,0.00852733,0.00649148,0.00000000,0.00000000,0.00000000,0.01214696,0.00809386,0.00306100,0.00000000,0.00000000,0.00000000,0.00000000,0.00000000,0.00000000,0.00026193,0.00000000,0.00000000,0.00000000,0.00000000,0.00000000,0.00000000
2025/8/19,0.00000000,0.00009434,0.00213792,0.00000000,0.02960669,0.00600531,0.00563102,0.00000000,0.00000000,0.00000000,0.00000000,0.00087784,0.01087557,0.16140580,0.24191305,0.00009434,0.00000000,0.00000000,0.00000000,0.00346385,0.02263603,0.02199677,0.02818491,0.04592477,0.00009434,0.00000000,0.00000000,0.00000000,0.02088769,0.01316995,0.03804000,0.06568819,0.06018065,0.02331040,0.00237751,0.00000000,0.00000000,0.00124237,0.00195038,0.00409414,0.07491681,0.03152441,0.04956862,0.04001085,0.00000000,0.00000000,0.00000000,0.00000000,0.00000000,0.00470186,0.01439214,0.00541119,0.05638136,0.00000000,0.00000000,0.00000000,0.00000000,0.00009434,0.01164133,0.03437429,0.00839214,0.03739467,0.00000000,0.00000000,0.00009434,0.00000000,0.00637041,0.02036808,0.01696086,0.01876090,0.01340890,0.01553486,0.00957254,0.00325143,0.00830673,0.00306721,0.00009434,0.00009434,0.00705315,0.03677296,0.00068096,0.01190691,0.01191259,0.03104247,0.01437522,0.00135113,0.00051580,0.00449287,0.07414564,0.01841274,0.00879615,0.09114657,0.08518718,0.03175560,0.00068779,0.00922412,0.04245553,0.00797797,0.00728847,0.00000000,0.02550691,0.02196847,0.01970658,0.00820669,0.01853834,0.02564705,0.00423246,0.00298253,0.00000000,0.00000000,0.01180175,0.03774058,0.01377085,0.01006280,0.01838789,0.00497016,0.00000000,0.00000000,0.00000000,0.00000000,0.05610628,0.01219481,0.00000000,0.00818596,0.00638834,0.00000000,0.00000000,0.00000000,0.01879780,0.00620201,0.00321538,0.00000000,0.00000000,0.00000000,0.00000000,0.00000000,0.00000000,0.00000000,0.00000000,0.00000000,0.00000000,0.00000000,0.00000000,0.00000000
2025/8/20,0.00000000,0.00007916,0.00330499,0.00000000,0.01841927,0.01561220,0.00812939,0.00000000,0.00000000,0.00000000,0.00000000,0.00178863,0.01407642,0.14755636,0.22783032,0.00007916,0.00000000,0.00000000,0.00000000,0.00272691,0.02650512,0.03257003,0.01762186,0.04874038,0.00007916,0.00000000,0.00000000,0.00000000,0.02294113,0.01685303,0.04775092,0.05478527,0.06413023,0.01409639,0.00280097,0.00000000,0.00000000,0.00132606,0.00165981,0.00183594,0.06942619,0.03367001,0.07597168,0.03745303,0.00000000,0.00000000,0.00000000,0.00000000,0.00000000,0.00636279,0.01585203,0.00719162,0.06557050,0.00000000,0.00000000,0.00000000,0.00000000,0.00007916,0.00782160,0.01955315,0.00984488,0.03301680,0.00139540,0.00000000,0.00007916,0.00000000,0.01383395,0.02648108,0.01930781,0.01166235,0.01370271,0.00983733,0.00353890,0.00367154,0.01031576,0.00493797,0.00007916,0.00007916,0.00970585,0.02296595,0.00075771,0.01847741,0.00857761,0.02848893,0.02293448,0.00131377,0.00066745,0.00453161,0.08259885,0.01373790,0.01266735,0.08403541,0.08953512,0.04629738,0.00083643,0.00801317,0.05250082,0.00783839,0.00506285,0.00000000,0.02782668,0.03322587,0.02892898,0.00808306,0.01581073,0.02643310,0.00507504,0.00265992,0.00000000,0.00000000,0.01795271,0.06273882,0.01506327,0.00973830,0.02576478,0.00548240,0.00000000,0.00000000,0.00000000,0.00000000,0.07460490,0.01127530,0.00000000,0.01045289,0.00357309,0.00000000,0.00000000,0.00000000,0.01136791,0.00868602,0.00395286,0.00000000,0.00000000,0.00000000,0.00000000,0.00000000,0.00000000,0.00297275,0.00000000,0.00000000,0.00000000,0.00000000,0.00000000,0.00000000
2025/8/21,0.00000000,0.00007304,0.00643835,0.00000000,0.01661608,0.00687120,0.00618561,0.00000000,0.00000000,0.00000000,0.00000000,0.00412948,0.03122447,0.13977030,0.23410740,0.00007304,0.00000000,0.00000000,0.00000000,0.00499197,0.02227040,0.02705871,0.03257571,0.05586888,0.00007304,0.00000000,0.00000000,0.00000000,0.01481727,0.01539481,0.04156528,0.04285024,0.05843551,0.01271969,0.00320601,0.00000000,0.00000000,0.00154053,0.00241661,0.00940728,0.05168124,0.02141603,0.07203180,0.05792367,0.00000000,0.00000000,0.00000000,0.00000000,0.00000000,0.00630193,0.02376714,0.01217677,0.06362346,0.00000000,0.00000000,0.00000000,0.00000000,0.00007304,0.01668090,0.01429543,0.01301835,0.03644522,0.00157693,0.00000000,0.00007304,0.00000000,0.00411367,0.02325271,0.01462181,0.01773819,0.01163823,0.01674307,0.00320980,0.00454385,0.01484093,0.00340775,0.00007304,0.00007304,0.00997675,0.01006518,0.00054971,0.00977862,0.00889669,0.04371161,0.02707101,0.00141896,0.00167841,0.00498345,0.08949423,0.01041279,0.00864476,0.06433946,0.06512094,0.02949151,0.00067481,0.00985530,0.03004289,0.00653034,0.00363202,0.00000000,0.03106349,0.02091230,0.04423767,0.00642596,0.01963113,0.04941559,0.00382748,0.00738482,0.00000000,0.00000000,0.01613161,0.05045608,0.01281635,0.00812308,0.04208246,0.00514359,0.00000000,0.00000000,0.00000000,0.00024184,0.03807396,0.01170505,0.00000000,0.02017725,0.00845399,0.00000000,0.00000000,0.00000000,0.01891298,0.01993275,0.00352099,0.00000000,0.00000000,0.00000000,0.00000000,0.00000000,0.00000000,0.00471128,0.00000000,0.00000000,0.00000000,0.00000000,0.00000000,0.00000000
2025/8/22,0.00000000,0.00003944,0.00286119,0.00000000,0.01400759,0.00786628,0.01002435,0.00000000,0.00000000,0.00000000,0.00000000,0.00172745,0.01602010,0.14170715,0.23864183,0.00003944,0.00000000,0.00000000,0.00000000,0.01166000,0.02039764,0.03229820,0.03808692,0.04415817,0.00003944,0.00000000,0.00000000,0.00000000,0.01483346,0.01585254,0.03406022,0.05291259,0.07755305,0.01304791,0.00288712,0.00000000,0.00000000,0.00100158,0.00021013,0.00511793,0.06678395,0.03055343,0.05843645,0.05452269,0.00000000,0.00000000,0.00000000,0.00000000,0.00000000,0.00615418,0.02171780,0.01771725,0.05284345,0.00000000,0.00000000,0.00000000,0.00000000,0.00003944,0.00440797,0.01345104,0.01054989,0.03629386,0.00150915,0.00000000,0.00003944,0.00000000,0.00221482,0.02316663,0.02273620,0.01556596,0.01369840,0.00888611,0.00367164,0.00477668,0.00875662,0.00475043,0.00003944,0.00003944,0.01507476,0.00633829,0.00047596,0.00938706,0.00894495,0.04333720,0.01857642,0.00110723,0.00309145,0.00387601,0.09843455,0.01074793,0.01596799,0.08450921,0.04397270,0.03813060,0.00006409,0.01888972,0.02280040,0.01054867,0.00886492,0.00000000,0.04258523,0.02180298,0.03134185,0.00938669,0.00901544,0.04147201,0.00214739,0.00341640,0.00000000,0.00000000,0.01554424,0.04035308,0.01812177,0.01880528,0.04651740,0.00517273,0.00000000,0.00000000,0.00000000,0.00194544,0.02929397,0.01790263,0.00000000,0.01016479,0.00798810,0.00000000,0.00000000,0.00000000,0.01776396,0.01296780,0.00468015,0.00000000,0.00000000,0.00000000,0.00000000,0.00000000,0.00000000,0.00510888,0.00000000,0.00000000,0.00000000,0.00000000,0.00000000,0.00000000
2025/8/23,0.00000000,0.00005608,0.00142339,0.00000000,0.01772429,0.01394719,0.00421587,0.00000000,0.00000000,0.00000000,0.00000000,0.00150334,0.01232863,0.13590607,0.22364247,0.00005608,0.00000000,0.00000000,0.00000000,0.01052834,0.02302605,0.03234475,0.03896250,0.04909909,0.00005608,0.00000000,0.00000000,0.00000000,0.00785189,0.01050699,0.03580794,0.05933186,0.07391252,0.02581217,0.00300680,0.00000000,0.00000000,0.00000000,0.00162017,0.00414022,0.08619031,0.04250874,0.04710697,0.04276428,0.00000000,0.00000000,0.00000000,0.00000000,0.00000000,0.00485144,0.02182841,0.01317553,0.08865626,0.00000000,0.00000000,0.00000000,0.00000000,0.00005608,0.00502206,0.02650493,0.01102790,0.04174436,0.00163775,0.00000000,0.00005608,0.00000000,0.00441675,0.04091696,0.04431600,0.02238788,0.01124627,0.00738622,0.01768349,0.00450511,0.00682175,0.01067273,0.00005608,0.00005608,0.02659705,0.00741651,0.00042741,0.01749628,0.00891917,0.03399671,0.02230225,0.00000000,0.00741216,0.00447964,0.09749682,0.02331797,0.00948771,0.07869811,0.05912290,0.02794680,0.00106071,0.01513072,0.03179970,0.00960303,0.01345217,0.00000000,0.04079150,0.02246531,0.02077305,0.01139867,0.00340566,0.03590354,0.00301315,0.00457280,0.00000000,0.00000000,0.02024378,0.03653472,0.02164370,0.04189879,0.04165550,0.00326624,0.00000000,0.00000000,0.00000000,0.00651380,0.03773319,0.01578656,0.00538520,0.00865091,0.00413719,0.00000000,0.00000000,0.00000000,0.01383077,0.00839782,0.00654115,0.00000000,0.00000000,0.00000000,0.00000000,0.00000000,0.00000000,0.00808001,0.00000000,0.00000000,0.00000000,0.00000000,0.00000000,0.00000000
2025/8/24,0.00000000,0.00006495,0.00090126,0.00000000,0.01929328,0.00945683,0.00873291,0.00000000,0.00000000,0.00000000,0.00000000,0.00127990,0.01111220,0.14494735,0.21659800,0.00006495,0.00000000,0.00000000,0.00000000,0.00553118,0.03493892,0.01933378,0.02438870,0.04083364,0.00006495,0.00000000,0.00000000,0.00000000,0.01451004,0.01114541,0.02744997,0.04712161,0.06577326,0.00894049,0.00483972,0.00000000,0.00000000,0.00080714,0.00163145,0.00355317,0.07085465,0.02373829,0.05846503,0.04889263,0.00000000,0.00000000,0.00000000,0.00000000,0.00000000,0.00263988,0.01585452,0.01790948,0.09137361,0.00000000,0.00000000,0.00000000,0.00000000,0.00006495,0.01208757,0.01802200,0.01570495,0.03053282,0.00184028,0.00000000,0.00006495,0.00000000,0.01338500,0.02379307,0.04758956,0.01460495,0.01756755,0.01169813,0.01211054,0.00442007,0.01415604,0.00506773,0.00006495,0.00006495,0.02639229,0.01636470,0.00000000,0.02332490,0.01089464,0.04514821,0.01999306,0.00111056,0.01966909,0.00610272,0.09714738,0.01672473,0.00862126,0.07566381,0.06650770,0.04094651,0.00344341,0.01977254,0.02614713,0.00972278,0.00840536,0.00000000,0.02662396,0.03556911,0.03370833,0.01331326,0.00273106,0.02459225,0.01064665,0.00558246,0.00000000,0.00000000,0.02754888,0.02458788,0.00885604,0.03124097,0.02986423,0.00323967,0.00000000,0.00000000,0.00000000,0.01445464,0.04093360,0.00729235,0.01528374,0.00849242,0.00659572,0.00000000,0.00000000,0.00000000,0.00556415,0.01685449,0.01176968,0.00000000,0.00000000,0.00000000,0.00000000,0.00000000,0.00000000,0.00278744,0.00000000,0.00000000,0.00000000,0.00000000,0.00000000,0.00000000
2025/8/25,0.00000000,0.00005832,0.00046727,0.00000000,0.01899868,0.00807539,0.00536085,0.00000000,0.00000000,0.00000000,0.00000000,0.00107188,0.01338488,0.13371360,0.21006593,0.00005832,0.00000000,0.00000000,0.00000000,0.00451469,0.02601662,0.03432231,0.01885321,0.05883384,0.00005832,0.00000000,0.00000000,0.00000000,0.01217059,0.01536113,0.01724841,0.04048235,0.06870297,0.01008047,0.00257792,0.00000000,0.00000000,0.00102968,0.00117523,0.00371834,0.06659319,0.01856056,0.08876549,0.05745673,0.00000000,0.00000000,0.00000000,0.00000000,0.00000000,0.00904758,0.02551329,0.00502832,0.05032416,0.00000000,0.00000000,0.00000000,0.00000000,0.00005832,0.00866640,0.01815825,0.01296175,0.01819665,0.00180313,0.00000000,0.00005832,0.00000000,0.00468744,0.01868349,0.04997891,0.02071978,0.00802011,0.01005326,0.00458172,0.00288940,0.00393492,0.00384890,0.00005832,0.00005832,0.01166791,0.02118488,0.00071586,0.02042650,0.01750115,0.02347012,0.01560842,0.00122514,0.02069201,0.00482492,0.10647076,0.00703042,0.01112020,0.07123619,0.03902053,0.04305847,0.00790191,0.03445617,0.02994913,0.00985062,0.00558329,0.00000000,0.01548892,0.03334275,0.03455201,0.02574873,0.00107025,0.02866632,0.00174353,0.00626314,0.00000000,0.00000000,0.01969714,0.02413765,0.01342715,0.01893092,0.04937070,0.00379426,0.00000000,0.00000000,0.00000000,0.00666264,0.05538172,0.00863120,0.01225127,0.00738461,0.00596527,0.00000000,0.00000000,0.00000000,0.00432508,0.01080234,0.00591279,0.00000000,0.00000000,0.00000000,0.00000000,0.00000000,0.00000000,0.00252695,0.00000000,0.00000000,0.00000000,0.00000000,0.00000000,0.00000000
2025/8/26,0.00000000,0.00006108,0.00033070,0.00000000,0.01884405,0.00728917,0.00476315,0.00000000,0.00000000,0.00000000,0.00000000,0.00154885,0.02111288,0.10641904,0.24123028,0.00006108,0.00000000,0.00000000,0.00000000,0.00645388,0.02311724,0.04606359,0.01428694,0.05028636,0.00006108,0.00000000,0.00000000,0.00000000,0.01918318,0.02685008,0.01971056,0.04084980,0.06341603,0.01073345,0.00223234,0.00000000,0.00000000,0.00101676,0.00105826,0.00560971,0.06059888,0.02463719,0.08380973,0.06234934,0.00000000,0.00000000,0.00000000,0.00000000,0.00000000,0.00650649,0.03179334,0.00086441,0.05076073,0.00000000,0.00000000,0.00000000,0.00000000,0.00006108,0.00650273,0.02060734,0.00724902,0.01866736,0.00229053,0.00000000,0.00006108,0.00000000,0.00309031,0.00796527,0.02930975,0.03127124,0.00852035,0.00588643,0.00403425,0.00140009,0.00408286,0.00373105,0.00006108,0.00006108,0.00473966,0.02497933,0.00116781,0.02838863,0.00794321,0.01815729,0.02169574,0.00115029,0.00986937,0.00245038,0.07102260,0.01341560,0.01911789,0.10108133,0.04575998,0.03230652,0.01594443,0.04737842,0.02545763,0.00998805,0.00583615,0.00000000,0.02458630,0.03933545,0.04079966,0.02060691,0.00709227,0.01114665,0.00361740,0.00449276,0.00000000,0.00000000,0.01821661,0.04253848,0.01188346,0.00893367,0.04399421,0.00379876,0.00000000,0.00000000,0.00000000,0.00212417,0.04391238,0.01883019,0.01494631,0.00843304,0.00753689,0.00000000,0.00000000,0.00000000,0.00330332,0.00983085,0.00520212,0.00000000,0.00000000,0.00000000,0.00000000,0.00000000,0.00000000,0.00200398,0.00000000,0.00000000,0.00000000,0.00000000,0.00000000,0.00000000
2025/8/27,0.00000000,0.00008300,0.00049758,0.00000000,0.01604786,0.00600805,0.00717869,0.00000000,0.00000000,0.00000000,0.00000000,0.00405086,0.01170408,0.10756880,0.21845859,0.00008300,0.00000000,0.00000000,0.00000000,0.00450878,0.03555879,0.03754086,0.02019305,0.04415715,0.00008300,0.00000000,0.00000000,0.00000000,0.02159286,0.01207749,0.04421706,0.04127483,0.05083648,0.01276867,0.00328293,0.00000000,0.00000000,0.00089398,0.00121763,0.01285356,0.05841921,0.03747588,0.09281839,0.05463337,0.00000000,0.00000000,0.00000000,0.00000000,0.00000000,0.00635995,0.01526402,0.00391206,0.08448900,0.00000000,0.00000000,0.00000000,0.00000000,0.00008300,0.00764383,0.02865462,0.00545181,0.01957255,0.00694606,0.00000000,0.00008300,0.00000000,0.00313773,0.00612266,0.02746291,0.03249190,0.01108604,0.00666418,0.00391731,0.00230911,0.00791563,0.00426423,0.00008300,0.00008300,0.00497357,0.01381813,0.00112446,0.01263960,0.00575176,0.02789785,0.01512537,0.00130160,0.00502049,0.00346132,0.06638416,0.00462066,0.01902142,0.08031620,0.03903799,0.02585551,0.00811333,0.02136445,0.02667329,0.01693182,0.01054385,0.00000000,0.03154302,0.03616633,0.04721906,0.01725003,0.01597081,0.00563509,0.00188333,0.00404423,0.00000000,0.00000000,0.02092810,0.03196183,0.01126208,0.00695144,0.03693802,0.00249274,0.00000000,0.00000000,0.00000000,0.00000000,0.05537362,0.00904058,0.00507258,0.01696583,0.00548842,0.00000000,0.00000000,0.00000000,0.00318596,0.01393133,0.00388722,0.00000000,0.00000000,0.00000000,0.00000000,0.00000000,0.00000000,0.00764032,0.00000000,0.00000000,0.00000000,0.00000000,0.00000000,0.00000000
2025/8/28,0.00000000,0.00008144,0.00068442,0.00000000,0.01916095,0.01300505,0.01038460,0.00000000,0.00000000,0.00000000,0.00000000,0.00260850,0.01694482,0.12785840,0.17974848,0.00008144,0.00000000,0.00000000,0.00000000,0.00539214,0.02030502,0.02726435,0.02483715,0.05155363,0.00008144,0.00000000,0.00000000,0.00000000,0.01931528,0.00665531,0.05393154,0.04751919,0.04901016,0.01349005,0.00289792,0.00000000,0.00000000,0.00085622,0.00127890,0.01150754,0.04812984,0.02234919,0.07497787,0.03720316,0.00000000,0.00000000,0.00000000,0.00000000,0.00000000,0.00553875,0.01339375,0.00439474,0.05470224,0.00000000,0.00000000,0.00000000,0.00000000,0.00008144,0.00796756,0.02033206,0.00493024,0.02538664,0.00239292,0.00000000,0.00008144,0.00000000,0.00457412,0.00849600,0.02859687,0.02219643,0.01048215,0.00815071,0.00484114,0.01119438,0.00749190,0.00714369,0.00008144,0.00008144,0.01538980,0.00798472,0.00090360,0.01418713,0.00604784,0.04450454,0.01578986,0.00112294,0.00285263,0.00267851,0.08396465,0.00397885,0.00843594,0.07206952,0.02850509,0.04063698,0.00371331,0.01025905,0.03087619,0.01103268,0.01957033,0.00000000,0.02582196,0.02223343,0.04301060,0.02648070,0.01065210,0.01188646,0.00995642,0.00482816,0.00000000,0.00000000,0.01979480,0.04388620,0.01143431,0.01851529,0.01840366,0.00334864,0.00000000,0.00000000,0.00000000,0.00000000,0.06092378,0.00870157,0.00000000,0.00800091,0.01311833,0.00000000,0.00000000,0.00000000,0.00274073,0.02120545,0.00159596,0.00000000,0.00000000,0.00000000,0.00000000,0.00000000,0.00000000,0.00368580,0.00000000,0.00000000,0.00000000,0.00000000,0.00000000,0.00000000
2025/8/29,0.00000000,0.00009326,0.00064905,0.00000000,0.02211726,0.00764677,0.00827778,0.00000000,0.00000000,0.00000000,0.00000000,0.00564700,0.01823547,0.11656607,0.17849891,0.00009326,0.00000000,0.00000000,0.00000000,0.00276928,0.01708163,0.03226837,0.02513406,0.04349995,0.00009326,0.00000000,0.00000000,0.00000000,0.01298772,0.00240461,0.04249716,0.06589885,0.05382851,0.01643805,0.00330217,0.00000000,0.00000000,0.00066387,0.00169028,0.00778770,0.03738373,0.03296681,0.05514747,0.03354394,0.00000000,0.00000000,0.00000000,0.00000000,0.00000000,0.00422725,0.02350494,0.00492662,0.04527469,0.00000000,0.00000000,0.00000000,0.00000000,0.00009326,0.01135016,0.01865822,0.00492631,0.03120008,0.00181864,0.00000000,0.00009326,0.00000000,0.00579642,0.01222597,0.02717875,0.02041262,0.01576092,0.00663983,0.00593824,0.00857987,0.00454200,0.00402559,0.00009326,0.00009326,0.00837817,0.01028542,0.00083021,0.01386122,0.00680863,0.04143147,0.02321210,0.00071067,0.00234677,0.00190969,0.11262684,0.00477011,0.00896451,0.10132673,0.02548778,0.03059800,0.00000000,0.00672578,0.03094608,0.01350714,0.02205427,0.00000000,0.02259547,0.02418995,0.03110333,0.03153470,0.00475626,0.02464510,0.00340758,0.00425050,0.00000000,0.00000000,0.01720406,0.05556042,0.01564126,0.00755814,0.01407720,0.01546653,0.00000000,0.00000000,0.00000000,0.00000000,0.05590377,0.01158556,0.00000000,0.01049746,0.00813798,0.00000000,0.00000000,0.00000000,0.00196569,0.02291735,0.00347202,0.00000000,0.00000000,0.00000000,0.00000000,0.00000000,0.00000000,0.00395257,0.00000000,0.00000000,0.00000000,0.00000000,0.00000000,0.00000000
2025/8/30,0.00000000,0.00005180,0.00119370,0.00000000,0.01898093,0.00571491,0.01009812,0.00000000,0.00000000,0.00000000,0.00000000,0.00172756,0.01755367,0.11842646,0.19212857,0.00005180,0.00000000,0.00000000,0.00000000,0.00317917,0.02030626,0.02654603,0.02468382,0.04138412,0.00005180,0.00000000,0.00000000,0.00000000,0.01163582,0.00476919,0.03158999,0.05573701,0.06518652,0.02026543,0.00205595,0.00000000,0.00000000,0.00130830,0.00603355,0.00461797,0.03771192,0.03531238,0.05868852,0.04006203,0.00000000,0.00000000,0.00000000,0.00000000,0.00000000,0.01235047,0.01936046,0.00590652,0.06528674,0.00000000,0.00000000,0.00000000,0.00000000,0.00005180,0.00646116,0.01945026,0.00425164,0.02380287,0.00144782,0.00000000,0.00005180,0.00000000,0.00469700,0.01962973,0.01981123,0.01243722,0.01987278,0.00549519,0.00975984,0.00633709,0.00367101,0.00228652,0.00005180,0.00005180,0.00394378,0.01028752,0.00000000,0.01920165,0.00595251,0.03176247,0.01707958,0.00064868,0.00207115,0.00292235,0.12846828,0.01072232,0.00827411,0.09535941,0.03425334,0.02342606,0.00008595,0.02329142,0.03482892,0.01169467,0.00916856,0.00000000,0.02882727,0.02295638,0.01941883,0.01338507,0.00192640,0.02072826,0.00270502,0.00344858,0.00000000,0.00000000,0.01948438,0.05929730,0.00719988,0.00297305,0.02540948,0.00744758,0.00000000,0.00000000,0.00000000,0.00000000,0.07398020,0.01096881,0.00000000,0.00688821,0.00737754,0.00000000,0.00000000,0.00000000,0.00369036,0.00928504,0.00190808,0.00000000,0.00000000,0.00000000,0.00000000,0.00000000,0.00000000,0.00287758,0.00000000,0.00000000,0.00000000,0.00000000,0.00000000,0.00000000
2025/8/31,0.00000000,0.00006371,0.00142482,0.00000000,0.02249854,0.00481799,0.00683614,0.00000000,0.00000000,0.00000000,0.00000000,0.00127175,0.01077499,0.13944268,0.19844815,0.00006371,0.00000000,0.00000000,0.00000000,0.00701941,0.01875537,0.02746891,0.03125595,0.03677604,0.00006371,0.00000000,0.00000000,0.00000000,0.02138511,0.00853207,0.02326785,0.04569029,0.04341619,0.02106872,0.00242917,0.00000000,0.00000000,0.00614619,0.00108583,0.00459303,0.03182829,0.03556905,0.07042665,0.02947395,0.00000000,0.00000000,0.00000000,0.00000000,0.00000000,0.00475152,0.01197998,0.00605662,0.04877822,0.00000000,0.00000000,0.00000000,0.00000000,0.00006371,0.00432344,0.01708042,0.00543778,0.02908923,0.00128806,0.00000000,0.00006371,0.00000000,0.00469064,0.00640566,0.00871489,0.00956485,0.01383792,0.00592326,0.01228342,0.00519977,0.02411496,0.00198739,0.00006371,0.00006371,0.00481747,0.01415073,0.00000000,0.01505485,0.00584011,0.05145714,0.02056066,0.00485374,0.00251731,0.00063844,0.08744306,0.00426615,0.00728769,0.08392970,0.04263417,0.02508116,0.00048420,0.01406434,0.04589713,0.01565965,0.00638081,0.00000000,0.04283410,0.02509893,0.02267107,0.00559640,0.00215888,0.02685685,0.00405384,0.00277918,0.00000000,0.00000000,0.03671726,0.03856321,0.01072357,0.00265593,0.03687020,0.00379546,0.00000000,0.00000000,0.00000000,0.00000000,0.05988985,0.01977595,0.00000000,0.00704236,0.00692711,0.00000000,0.00000000,0.00000000,0.00730486,0.00578233,0.00329421,0.00000000,0.00000000,0.00000000,0.00000000,0.00000000,0.00000000,0.00418374,0.00000000,0.00000000,0.00000000,0.00000000,0.00000000,0.00000000
2025/9/1,0.00000000,0.00007579,0.00147205,0.00000000,0.02868143,0.00465933,0.01014159,0.00000000,0.00000000,0.00000000,0.00000000,0.00131042,0.00967073,0.14017603,0.20272884,0.00007579,0.00000000,0.00000000,0.00000000,0.00269596,0.02466516,0.04125887,0.02814716,0.03644565,0.00007579,0.00000000,0.00000000,0.00000000,0.00928213,0.02554660,0.02148395,0.04641514,0.05178472,0.02360184,0.00487102,0.00000000,0.00000000,0.00161143,0.00000000,0.00460465,0.02247873,0.02792587,0.07696500,0.03156260,0.00000000,0.00000000,0.00000000,0.00000000,0.00000000,0.01130264,0.01421962,0.00816323,0.04582555,0.00000000,0.00000000,0.00000000,0.00000000,0.00007579,0.00493884,0.02444164,0.01882932,0.03859540,0.00109851,0.00000000,0.00007579,0.00000000,0.00496570,0.00657190,0.00732333,0.01864978,0.02030342,0.00718440,0.00688074,0.00510422,0.00382528,0.00207262,0.00007579,0.00007579,0.01443932,0.01117286,0.00474201,0.00576161,0.01211412,0.04900965,0.01093958,0.00038222,0.00071258,0.00000000,0.08490547,0.00820800,0.00735072,0.08965523,0.03983311,0.03750650,0.00103490,0.00422854,0.03689937,0.00846675,0.00419871,0.00000000,0.03486181,0.03262186,0.02400682,0.00521800,0.00649574,0.02671914,0.00459950,0.00254564,0.00000000,0.00000000,0.03504701,0.03834298,0.01881146,0.00362848,0.02623265,0.00512476,0.00000000,0.00000000,0.00000000,0.00000000,0.05087971,0.01477449,0.00000000,0.00839727,0.01345670,0.00000000,0.00000000,0.00000000,0.01188076,0.00793155,0.00349130,0.00000000,0.00000000,0.00000000,0.00000000,0.00000000,0.00000000,0.00366739,0.00000000,0.00000000,0.00000000,0.00000000,0.00000000,0.00000000
2025/9/2,0.00000000,0.00009932,0.00143575,0.00000000,0.02274202,0.00469789,0.00491372,0.00000000,0.00000000,0.00000000,0.00000000,0.00154122,0.01853622,0.12219013,0.21515727,0.00009932,0.00000000,0.00000000,0.00000000,0.00375826,0.02653128,0.02894949,0.02466381,0.02582005,0.00009932,0.00000000,0.00000000,0.00000000,0.00980309,0.02550296,0.01580130,0.04544206,0.05191946,0.01001615,0.00041747,0.00000000,0.00000000,0.00092300,0.00000000,0.00503410,0.03982161,0.02595917,0.08448946,0.03835539,0.00000000,0.00000000,0.00000000,0.00000000,0.00000000,0.00851700,0.01969374,0.01324925,0.05923606,0.00000000,0.00000000,0.00000000,0.00000000,0.00009932,0.00657345,0.02127321,0.01055277,0.04379935,0.00103863,0.00000000,0.00009932,0.00000000,0.00473391,0.01943690,0.01446560,0.01629452,0.02264907,0.00647220,0.00621913,0.00516821,0.00151314,0.00214031,0.00009932,0.00009932,0.00508165,0.01060951,0.00002399,0.00433879,0.01009897,0.03398148,0.01169294,0.00034385,0.00178750,0.00508941,0.10315539,0.00704639,0.01759789,0.07295875,0.05518747,0.02429641,0.00030540,0.00310945,0.01954156,0.00979245,0.00436918,0.00000000,0.01859169,0.01857036,0.02055452,0.00622935,0.01898007,0.02808002,0.00405296,0.00454488,0.00000000,0.00000000,0.03898064,0.04860630,0.01051796,0.01072942,0.02442512,0.00543073,0.00000000,0.00000000,0.00000000,0.00000000,0.07525262,0.01702923,0.00000000,0.00939110,0.00647818,0.00000000,0.00000000,0.00000000,0.00773690,0.01143043,0.00706418,0.00000000,0.00000000,0.00000000,0.00000000,0.00000000,0.00000000,0.00320746,0.00000000,0.00000000,0.00000000,0.00000000,0.00000000,0.00000000
2025/9/3,0.00000000,0.00010302,0.00128974,0.00000000,0.01439072,0.00618648,0.00641846,0.00000000,0.00000000,0.00000000,0.00000000,0.00269724,0.01357965,0.13142912,0.21921018,0.00010302,0.00000000,0.00000000,0.00000000,0.00806749,0.02407362,0.01815553,0.02921828,0.04015267,0.00010302,0.00000000,0.00000000,0.00000000,0.01681929,0.02546287,0.02897068,0.03601348,0.04842746,0.00762741,0.00213787,0.00000000,0.00000000,0.00062359,0.00071169,0.00514097,0.05524031,0.02019050,0.08674413,0.03286158,0.00000000,0.00000000,0.00000000,0.00000000,0.00000000,0.00810358,0.02301289,0.01520520,0.04226028,0.00000000,0.00000000,0.00000000,0.00000000,0.00010302,0.00435631,0.01412213,0.00537826,0.04429646,0.00101611,0.00000000,0.00010302,0.00000000,0.00560610,0.02743307,0.01745951,0.01101545,0.01603576,0.00739167,0.00739619,0.00595839,0.00646002,0.00283646,0.00010302,0.00010302,0.00513428,0.00861299,0.00000000,0.01022682,0.01086996,0.03581359,0.01798742,0.00084399,0.01316138,0.01370685,0.08937368,0.00800250,0.00557154,0.08141059,0.06536989,0.02077973,0.00000000,0.00601539,0.01567991,0.02630571,0.00492102,0.00000000,0.01933721,0.01968637,0.02365967,0.00937913,0.01397659,0.02504266,0.00447090,0.01064431,0.00000000,0.00000000,0.04165894,0.03417788,0.00905561,0.00885271,0.03586005,0.00472053,0.00000000,0.00000000,0.00000000,0.00004454,0.06129657,0.00770072,0.00000000,0.00849833,0.00708000,0.00000000,0.00000000,0.00000000,0.00475717,0.01212167,0.00350434,0.00000000,0.00000000,0.00000000,0.00000000,0.00000000,0.00000000,0.00405576,0.00000000,0.00000000,0.00000000,0.00000000,0.00000000,0.00000000
2025/9/4,0.00000000,0.00010101,0.00079874,0.00000000,0.02350855,0.01044603,0.00655861,0.00000000,0.00000000,0.00000000,0.00000000,0.00593304,0.02558199,0.13143668,0.21534885,0.00010101,0.00000000,0.00000000,0.00000000,0.00447237,0.03550279,0.01675441,0.03150360,0.04311395,0.00010101,0.00000000,0.00000000,0.00000000,0.01709121,0.01686073,0.02659562,0.05077110,0.05450360,0.00499112,0.01400645,0.00000000,0.00000000,0.00049941,0.00458665,0.00394831,0.05969525,0.02073030,0.06286774,0.04754052,0.00000000,0.00000000,0.00000000,0.00000000,0.00000000,0.01442153,0.01608779,0.00489172,0.04202966,0.00000000,0.00000000,0.00000000,0.00000000,0.00010101,0.00397512,0.01413663,0.00498283,0.03092294,0.00178736,0.00000000,0.00010101,0.00000000,0.01086580,0.02691974,0.01461744,0.02111809,0.01544740,0.00832547,0.01187091,0.00621547,0.00706088,0.00270293,0.00010101,0.00010101,0.00790713,0.00902369,0.00076812,0.03289351,0.01298234,0.03210181,0.01755434,0.00111239,0.00222039,0.01122131,0.07632285,0.00428972,0.00516294,0.07782559,0.06662655,0.03840630,0.00000000,0.00876128,0.01817936,0.01357523,0.00594244,0.00000000,0.02254053,0.02197819,0.02328314,0.01893406,0.01469942,0.01841203,0.00366966,0.01017583,0.00000000,0.00000000,0.03732127,0.03697321,0.01051067,0.01061793,0.03869931,0.00350954,0.00000000,0.00000000,0.00000000,0.00222677,0.06044241,0.00950638,0.00059775,0.00903531,0.01547085,0.00000000,0.00000000,0.00000000,0.00280614,0.01092376,0.00333229,0.00000000,0.00000000,0.00000000,0.00000000,0.00000000,0.00000000,0.00482626,0.00000000,0.00000000,0.00000000,0.00000000,0.00000000,0.00000000
2025/9/5,0.00000000,0.00008971,0.00098057,0.00000000,0.01521341,0.00742496,0.00664923,0.00000000,0.00000000,0.00000000,0.00000000,0.00266585,0.02419329,0.11813530,0.22098956,0.00008971,0.00000000,0.00000000,0.00000000,0.00628921,0.02918239,0.01659639,0.03459630,0.05005251,0.00008971,0.00000000,0.00000000,0.00000000,0.01462776,0.00869330,0.02784084,0.04118532,0.06701159,0.00841894,0.00316674,0.00000000,0.00000000,0.00070456,0.01255317,0.00518701,0.05465107,0.02092982,0.06134832,0.04848819,0.00000000,0.00000000,0.00000000,0.00000000,0.00000000,0.00619836,0.01328832,0.00264785,0.04854048,0.00000000,0.00000000,0.00000000,0.00000000,0.00008971,0.00849520,0.01263614,0.00535796,0.03613946,0.00146821,0.00000000,0.00008971,0.00000000,0.00749837,0.01517454,0.00920847,0.01414052,0.01054242,0.01172262,0.00738489,0.00596326,0.00580957,0.00203232,0.00008971,0.00008971,0.01382451,0.02694931,0.00105179,0.02353243,0.03084325,0.02292023,0.02284040,0.00108294,0.00031635,0.01758066,0.06352457,0.01651707,0.00838659,0.09480348,0.05223968,0.02574268,0.00147647,0.00886589,0.02897635,0.02291242,0.00574648,0.00000000,0.02136263,0.02548849,0.02806143,0.01934605,0.01440157,0.02252799,0.00378989,0.00589729,0.00000000,0.00000000,0.03074324,0.04349292,0.01357390,0.00382445,0.04425376,0.00279756,0.00000000,0.00000000,0.00000000,0.00805562,0.05573489,0.01623482,0.00068166,0.01917430,0.00669223,0.00000000,0.00000000,0.00000000,0.00457582,0.00882571,0.00840732,0.00000000,0.00000000,0.00000000,0.00000000,0.00000000,0.00000000,0.00310809,0.00000000,0.00000000,0.00000000,0.00000000,0.00000000,0.00000000
2025/9/6,0.00000000,0.00009826,0.00298626,0.00000000,0.01446898,0.00434959,0.00726353,0.00000000,0.00000000,0.00000000,0.00000000,0.00124528,0.01567157,0.11275785,0.19581652,0.00009826,0.00000000,0.00000000,0.00000000,0.00274848,0.02651528,0.02938408,0.02073509,0.03821947,0.00009826,0.00000000,0.00000000,0.00000000,0.00685884,0.01150997,0.02552527,0.03608216,0.05314352,0.01121738,0.00166279,0.00000000,0.00000000,0.00095196,0.00445306,0.00292902,0.05966282,0.01921189,0.07486592,0.03945483,0.00000000,0.00000000,0.00000000,0.00000000,0.00000000,0.01202979,0.01865926,0.00339659,0.05992497,0.00000000,0.00000000,0.00000000,0.00000000,0.00009826,0.01341199,0.01558943,0.00711990,0.02470073,0.00128005,0.00000000,0.00009826,0.00000000,0.00432975,0.01520804,0.01217569,0.02914292,0.00759565,0.00809442,0.00638435,0.00516592,0.00361332,0.00249460,0.00009826,0.00009826,0.00968337,0.01715719,0.00123810,0.01224419,0.01261447,0.01562398,0.01593358,0.00114704,0.00194594,0.01062373,0.05926087,0.01818418,0.01059467,0.08594597,0.03546397,0.01928608,0.00559232,0.00900865,0.02259059,0.03005175,0.00505059,0.00000000,0.02942804,0.02402705,0.02789342,0.01104307,0.00394842,0.01466644,0.00343339,0.00812688,0.00000000,0.00000000,0.02431244,0.03902253,0.02385696,0.00464225,0.05793684,0.00222639,0.00000000,0.00000000,0.00000000,0.00154452,0.03658136,0.01119779,0.00065935,0.00732146,0.00748734,0.00000000,0.00000000,0.00000000,0.00499109,0.00190008,0.00476530,0.00000000,0.00000000,0.00000000,0.00000000,0.00000000,0.00000000,0.00368401,0.00000000,0.00000000,0.00000000,0.00000000,0.00000000,0.00000000
2025/9/7,0.00000000,0.00007607,0.00084230,0.00000000,0.02276878,0.00427574,0.00452415,0.00000000,0.00000000,0.00000000,0.00000000,0.00172806,0.01726840,0.13331451,0.18720680,0.00007607,0.00000000,0.00000000,0.00000000,0.00086082,0.02853471,0.02579447,0.02253921,0.04548192,0.00007607,0.00000000,0.00000000,0.00000000,0.01006292,0.00311100,0.02657393,0.05810744,0.07306452,0.01265772,0.00196234,0.00000000,0.00000000,0.00093709,0.00188049,0.00453137,0.05837242,0.02432417,0.06096138,0.04426788,0.00000000,0.00000000,0.00000000,0.00000000,0.00000000,0.00452517,0.01384984,0.00746973,0.05858837,0.00000000,0.00000000,0.00000000,0.00000000,0.00007607,0.00829497,0.02767354,0.00562941,0.02166879,0.00126488,0.00000000,0.00007607,0.00000000,0.00397528,0.02159166,0.00882002,0.03869603,0.00974158,0.00639503,0.00610592,0.00501538,0.00459858,0.00244526,0.00007607,0.00007607,0.00479122,0.01183906,0.00079159,0.00820719,0.01607632,0.02664016,0.01651580,0.00066970,0.00190767,0.01135032,0.06921899,0.01781352,0.01689783,0.09376447,0.04502403,0.03172717,0.00144774,0.01000355,0.03019206,0.01863912,0.00241823,0.00000000,0.01917566,0.03259920,0.01484935,0.00764938,0.00416985,0.02804356,0.00344355,0.01420157,0.00000000,0.00000000,0.02375548,0.03848909,0.02132882,0.00710209,0.04304617,0.00287437,0.00000000,0.00000000,0.00000000,0.00000000,0.03193831,0.01396719,0.00046695,0.00576735,0.00472434,0.00000000,0.00000000,0.00000000,0.00283452,0.00827763,0.00867632,0.00000000,0.00000000,0.00000000,0.00000000,0.00000000,0.00000000,0.00461658,0.00000000,0.00000000,0.00000000,0.00000000,0.00000000,0.00000000
2025/9/8,0.00000000,0.00007941,0.00059805,0.00000000,0.03515685,0.00613853,0.00468258,0.00000000,0.00000000,0.00000000,0.00000000,0.00172595,0.01516842,0.12837154,0.18781193,0.00007941,0.00000000,0.00000000,0.00000000,0.00382159,0.03095126,0.01871700,0.02159201,0.04129026,0.00007941,0.00000000,0.00000000,0.00000000,0.00502171,0.00425007,0.04272781,0.03531912,0.05006651,0.03228841,0.00253491,0.00000000,0.00000000,0.00168181,0.00022517,0.00553160,0.04787212,0.03827920,0.05899112,0.03406977,0.00000000,0.00000000,0.00000000,0.00000000,0.00000000,0.00371905,0.01753349,0.00482493,0.07294708,0.00000000,0.00000000,0.00000000,0.00000000,0.00007941,0.00709044,0.03257676,0.00481302,0.02161484,0.00151413,0.00000000,0.00007941,0.00000000,0.00420724,0.02218369,0.00688469,0.03828293,0.00864348,0.00521128,0.00556390,0.00507509,0.00487888,0.00333646,0.00007941,0.00007941,0.00876595,0.01734962,0.00071796,0.00675935,0.00677419,0.03414957,0.01683171,0.00105339,0.00202484,0.00406650,0.05558246,0.02869183,0.03113844,0.06409532,0.02613584,0.03256104,0.00018555,0.00699827,0.04761262,0.01169587,0.00141924,0.00000000,0.02176720,0.03475944,0.01172695,0.00961833,0.01040470,0.01876285,0.00347584,0.00709005,0.00000000,0.00000000,0.01200548,0.02221872,0.01410497,0.00599105,0.03345406,0.00378857,0.00000000,0.00000000,0.00000000,0.00000000,0.04915867,0.02394902,0.00054705,0.00722331,0.00623994,0.00000000,0.00000000,0.00000000,0.00169250,0.01113020,0.00405664,0.00000000,0.00000000,0.00000000,0.00000000,0.00000000,0.00000000,0.00573764,0.00000000,0.00000000,0.00000000,0.00000000,0.00000000,0.00000000
2025/9/9,0.00000000,0.00008441,0.00064181,0.00000000,0.01971591,0.00581051,0.00250866,0.00000000,0.00000000,0.00000000,0.00000000,0.00190259,0.02131127,0.11219741,0.17771640,0.00008441,0.00000000,0.00000000,0.00000000,0.00361305,0.03450943,0.02351283,0.02411078,0.03837212,0.00008441,0.00000000,0.00000000,0.00000000,0.00633980,0.00743617,0.03871101,0.02873438,0.04149431,0.01896951,0.00288877,0.00000000,0.00000000,0.00122930,0.00013036,0.00549483,0.03690251,0.02664424,0.05599876,0.03961150,0.00000000,0.00000000,0.00000000,0.00000000,0.00000000,0.00591278,0.01111356,0.00504603,0.04281054,0.00000000,0.00000000,0.00000000,0.00000000,0.00008441,0.00518568,0.02453892,0.00467308,0.01952407,0.00165145,0.00000000,0.00008441,0.00000000,0.00556785,0.02167113,0.00545057,0.02270770,0.02033501,0.00393767,0.00505473,0.00536764,0.00701710,0.00291385,0.00008441,0.00008441,0.01425204,0.00774503,0.00162793,0.00446225,0.00621723,0.02822386,0.01203645,0.00066508,0.00450316,0.00893523,0.07824399,0.01731098,0.01506482,0.07520942,0.02738343,0.01458172,0.00012905,0.00682398,0.04384433,0.00916878,0.00507749,0.00000000,0.02938229,0.04041552,0.00743373,0.00441237,0.00253585,0.02289705,0.00407884,0.00640560,0.00000000,0.00000000,0.01193192,0.03260973,0.01740710,0.00731092,0.03034424,0.00407562,0.00000000,0.00000000,0.00000000,0.00012275,0.04942460,0.02323845,0.00070914,0.00710641,0.00704816,0.00000000,0.00000000,0.00000000,0.00310014,0.01550778,0.00431966,0.00000000,0.00000000,0.00000000,0.00000000,0.00000000,0.00000000,0.01625808,0.00000000,0.00000000,0.00000000,0.00000000,0.00000000,0.00000000
2025/9/10,0.00000000,0.00009592,0.00095108,0.00000000,0.01397696,0.00477923,0.00747747,0.00000000,0.00000000,0.00000000,0.00000000,0.00176192,0.01496646,0.11618331,0.19409926,0.00009592,0.00000000,0.00000000,0.00000000,0.00385209,0.03479583,0.01629042,0.02603983,0.04537188,0.00009592,0.00000000,0.00000000,0.00000000,0.00513287,0.01060511,0.04624243,0.04103117,0.02786525,0.01215907,0.00292177,0.00000000,0.00000000,0.00114008,0.00096573,0.00464723,0.03277112,0.02974361,0.06130942,0.04335353,0.00000000,0.00000000,0.00000000,0.00000000,0.00000000,0.00394737,0.01306714,0.00707820,0.03202793,0.00000000,0.00000000,0.00000000,0.00000000,0.00009592,0.00520999,0.02483210,0.00557098,0.03060690,0.00170905,0.00000000,0.00009592,0.00000000,0.00625060,0.02063500,0.01258978,0.02232824,0.01519635,0.00725760,0.00515307,0.00493098,0.01067558,0.00306927,0.00009592,0.00009592,0.00364875,0.00909597,0.00073952,0.00447209,0.00571199,0.01636529,0.01449660,0.00083994,0.01308269,0.00000000,0.08211443,0.01891911,0.00773675,0.05508151,0.03880968,0.01100587,0.00022359,0.00647527,0.03779327,0.01092600,0.01200199,0.00000000,0.01466728,0.02456027,0.00683082,0.00357670,0.00054674,0.02938416,0.00279449,0.01299659,0.00000000,0.00000000,0.02018954,0.03179271,0.00964153,0.01045527,0.01152353,0.00421874,0.00000000,0.00000000,0.00000000,0.00074552,0.03887543,0.00852234,0.00073810,0.00690110,0.00659823,0.00000000,0.00000000,0.00000000,0.00413838,0.02527471,0.00319476,0.00000000,0.00000000,0.00000000,0.00000000,0.00000000,0.00000000,0.02563644,0.00000000,0.00000000,0.00000000,0.00000000,0.00000000,0.00000000
2025/9/11,0.00000000,0.00010320,0.00146008,0.00000000,0.01497920,0.00384366,0.00431401,0.00000000,0.00000000,0.00000000,0.00000000,0.00184170,0.01121271,0.15115945,0.18219310,0.00010320,0.00000000,0.00000000,0.00000000,0.00337079,0.02022230,0.01817781,0.02398857,0.04787669,0.00010320,0.00000000,0.00000000,0.00000000,0.00948256,0.00604816,0.02229048,0.03074633,0.03916563,0.01642722,0.00284544,0.00000000,0.00000000,0.00103663,0.00149712,0.00445896,0.03586482,0.02639751,0.05303892,0.03021339,0.00000000,0.00000000,0.00000000,0.00000000,0.00000000,0.00562426,0.01919962,0.01733212,0.04606780,0.00000000,0.00000000,0.00000000,0.00000000,0.00010320,0.00493194,0.02701604,0.00584607,0.03760402,0.00136057,0.00000000,0.00010320,0.00000000,0.00784045,0.02169635,0.02815982,0.01525786,0.00876967,0.00812910,0.00635880,0.00425508,0.00712012,0.00323593,0.00010320,0.00010320,0.00288420,0.02450866,0.00109469,0.00491437,0.00698892,0.01849647,0.02582768,0.00126367,0.00466100,0.00054416,0.09942096,0.01139410,0.00514388,0.04802489,0.04722557,0.01827116,0.00118898,0.00609784,0.03947864,0.02008470,0.00496061,0.00000000,0.01434042,0.01839075,0.01859355,0.00660471,0.00046929,0.01980420,0.00156734,0.00631091,0.00000000,0.00000000,0.01639201,0.02966861,0.01148111,0.00853065,0.00722651,0.00404385,0.00000000,0.00000000,0.00000000,0.00155899,0.04884460,0.01071631,0.00113079,0.00837012,0.00579481,0.00000000,0.00000000,0.00000000,0.01264376,0.01442179,0.00301878,0.00000000,0.00000000,0.00000000,0.00000000,0.00000000,0.00000000,0.00548417,0.00000000,0.00000000,0.00000000,0.00000000,0.00000000,0.00000000
2025/9/12,0.00000000,0.00012781,0.00149167,0.00000000,0.02409295,0.00574744,0.00565543,0.00000000,0.00000000,0.00000000,0.00000000,0.00134748,0.00671405,0.13698456,0.18557674,0.00012781,0.00000000,0.00000000,0.00000000,0.00388791,0.02139207,0.02159290,0.02605336,0.04445539,0.00012781,0.00000000,0.00000000,0.00000000,0.01079013,0.01393683,0.02395582,0.05924231,0.06089213,0.02602731,0.00268414,0.00000000,0.00000000,0.00122160,0.00125383,0.00608692,0.04944069,0.03163414,0.04974396,0.02919592,0.00000000,0.00000000,0.00000000,0.00000000,0.00000000,0.00590936,0.01397978,0.00677994,0.06084609,0.00000000,0.00000000,0.00000000,0.00000000,0.00012781,0.00719780,0.03791259,0.00593362,0.04336707,0.00000000,0.00000000,0.00012781,0.00000000,0.01144799,0.01958601,0.02160808,0.02200239,0.00720279,0.01697651,0.01241843,0.00321432,0.00626809,0.00334609,0.00012781,0.00012781,0.00452038,0.02646543,0.00115415,0.00589966,0.01116712,0.02946260,0.01637666,0.00169662,0.00206892,0.00066849,0.07864307,0.01119914,0.00372030,0.07377493,0.07167251,0.02342707,0.00210125,0.00813221,0.03920107,0.01004525,0.00119382,0.00000000,0.02083823,0.01631027,0.02093758,0.00758043,0.00816016,0.01891913,0.00293221,0.00420061,0.00000000,0.00000000,0.01825178,0.02978220,0.01133167,0.01429903,0.01324000,0.00443977,0.00000000,0.00000000,0.00000000,0.00097671,0.05924501,0.00668003,0.00160163,0.00868531,0.00714409,0.00000000,0.00000000,0.00000000,0.01567034,0.01204925,0.00356352,0.00000000,0.00000000,0.00000000,0.00000000,0.00000000,0.00000000,0.00105805,0.00000000,0.00000000,0.00000000,0.00000000,0.00000000,0.00000000
2025/9/13,0.00000000,0.00012092,0.00197342,0.00000000,0.01219373,0.01435380,0.01032749,0.00000000,0.00000000,0.00000000,0.00000000,0.00234390,0.00575392,0.11798541,0.17499062,0.00012092,0.00000000,0.00000000,0.00000000,0.00267134,0.02197776,0.03195035,0.01379102,0.04293397,0.00012092,0.00000000,0.00000000,0.00000000,0.01477612,0.01657047,0.03575671,0.05219588,0.06562136,0.01831807,0.00245960,0.00000000,0.00000000,0.00115711,0.00107201,0.00357870,0.04247557,0.03130624,0.07808902,0.02519976,0.00000000,0.00000000,0.00000000,0.00000000,0.00000000,0.00661762,0.01439462,0.00408829,0.06972343,0.00000000,0.00000000,0.00000000,0.00000000,0.00012092,0.00439770,0.02219173,0.00702999,0.03395222,0.00147313,0.00000000,0.00012092,0.00000000,0.01916161,0.01776641,0.02280855,0.01479762,0.01196482,0.01169039,0.00586667,0.00225055,0.00737528,0.00485031,0.00012092,0.00012092,0.00607519,0.01617646,0.00132754,0.01691667,0.00632162,0.02928619,0.02302659,0.00178855,0.00036540,0.00239041,0.08339579,0.00271492,0.00805637,0.06417789,0.08151656,0.03730964,0.00297033,0.00792769,0.05098169,0.00898069,0.00184702,0.00000000,0.02525598,0.02588886,0.03110138,0.00728003,0.00612369,0.01199577,0.00365153,0.00517669,0.00000000,0.00000000,0.02217809,0.05547394,0.01178602,0.01232754,0.02205492,0.00479346,0.00000000,0.00000000,0.00000000,0.00000000,0.08074149,0.00912076,0.00106330,0.01089662,0.00582024,0.00000000,0.00000000,0.00000000,0.00421774,0.01312959,0.00491200,0.00000000,0.00000000,0.00000000,0.00000000,0.00000000,0.00000000,0.00320744,0.00000000,0.00000000,0.00000000,0.00000000,0.00000000,0.00000000
2025/9/14,0.00000000,0.00011789,0.00470328,0.00000000,0.01314260,0.00397193,0.01100577,0.00000000,0.00000000,0.00000000,0.00000000,0.00479388,0.02069030,0.10512689,0.18610135,0.00011789,0.00000000,0.00000000,0.00000000,0.00392655,0.01463390,0.02603678,0.02605985,0.04304770,0.00011789,0.00000000,0.00000000,0.00000000,0.00993680,0.01246597,0.03576982,0.04390198,0.05884326,0.01648096,0.00224711,0.00000000,0.00000000,0.00128317,0.00172535,0.01063486,0.02795719,0.01394666,0.07439180,0.04404049,0.00000000,0.00000000,0.00000000,0.00000000,0.00000000,0.00560493,0.02150193,0.00482124,0.06540728,0.00000000,0.00000000,0.00000000,0.00000000,0.00011789,0.01485735,0.01520525,0.00990382,0.03211184,0.00174944,0.00000000,0.00011789,0.00000000,0.00957614,0.00820976,0.01465018,0.02092955,0.01308239,0.01866356,0.00380657,0.00179258,0.01174472,0.00195301,0.00011789,0.00011789,0.00440681,0.00768838,0.00108555,0.01360965,0.00538854,0.04058238,0.02344885,0.00172094,0.00000000,0.00418463,0.08528147,0.00000000,0.00536507,0.04545110,0.06470041,0.01969061,0.00304928,0.00809835,0.03285434,0.00612239,0.00287126,0.00000000,0.03150715,0.01473578,0.04606111,0.00525447,0.01153272,0.02939350,0.00274972,0.01071779,0.00000000,0.00000000,0.01580847,0.04784529,0.01067837,0.00669535,0.04010320,0.00470257,0.00000000,0.00000000,0.00000000,0.00000000,0.04959967,0.01022886,0.00000000,0.02023159,0.01199408,0.00000000,0.00000000,0.00000000,0.00906854,0.02246981,0.00395135,0.00000000,0.00000000,0.00000000,0.00000000,0.00000000,0.00000000,0.00351554,0.00000000,0.00000000,0.00000000,0.00000000,0.00000000,0.00000000
2025/9/15,0.00000000,0.00008367,0.00145010,0.00000000,0.01305736,0.00344184,0.01715389,0.00000000,0.00000000,0.00000000,0.00000000,0.00229834,0.00661787,0.10485187,0.19471529,0.00008367,0.00000000,0.00000000,0.00000000,0.00921820,0.01100860,0.03069100,0.03031571,0.02474992,0.00008367,0.00000000,0.00000000,0.00000000,0.01294308,0.01066567,0.03588404,0.05380998,0.07664214,0.01528252,0.00147950,0.00000000,0.00000000,0.00094174,0.00000000,0.00575893,0.04556046,0.01782933,0.05982392,0.04109370,0.00000000,0.00000000,0.00000000,0.00000000,0.00000000,0.00519925,0.01914399,0.00942684,0.05092460,0.00000000,0.00000000,0.00000000,0.00000000,0.00008367,0.00385369,0.01265475,0.00757002,0.02841199,0.00152172,0.00000000,0.00008367,0.00000000,0.00679822,0.00528506,0.01795356,0.01881385,0.01712784,0.01062825,0.00210572,0.00066755,0.00689654,0.00204852,0.00008367,0.00008367,0.00833520,0.00694826,0.00075637,0.01965816,0.00540927,0.03815096,0.01308136,0.00125968,0.00040364,0.00375912,0.08955941,0.00000000,0.01313138,0.06771033,0.04979889,0.03111920,0.00141021,0.01242583,0.02770225,0.00906276,0.00903586,0.00000000,0.04663749,0.01636446,0.03276100,0.00690823,0.00404884,0.01961328,0.00254303,0.00702455,0.00000000,0.00000000,0.01016714,0.04176101,0.01762085,0.01299538,0.04699351,0.00509939,0.00000000,0.00000000,0.00000000,0.00000000,0.04245217,0.01599282,0.00000000,0.00947613,0.01165786,0.00000000,0.00000000,0.00000000,0.00811873,0.01409813,0.00358442,0.00000000,0.00000000,0.00000000,0.00000000,0.00000000,0.00000000,0.00387714,0.00000000,0.00000000,0.00000000,0.00000000,0.00000000,0.00000000
2025/9/16,0.00000000,0.00009595,0.00059112,0.00000000,0.01610971,0.00898866,0.01288429,0.00000000,0.00000000,0.00000000,0.00000000,0.00188483,0.00519180,0.10293065,0.18461460,0.00009595,0.00000000,0.00000000,0.00000000,0.00683507,0.01346310,0.03006135,0.03148833,0.02469367,0.00009595,0.00000000,0.00000000,0.00000000,0.00784138,0.00348985,0.04272143,0.05627589,0.07615170,0.02628237,0.00148242,0.00000000,0.00000000,0.00000000,0.00146329,0.00457654,0.06781369,0.02784962,0.04570216,0.03033798,0.00000000,0.00000000,0.00000000,0.00000000,0.00000000,0.00389527,0.01909858,0.00733603,0.08273637,0.00000000,0.00000000,0.00000000,0.00000000,0.00009595,0.00440138,0.02496555,0.00811175,0.03192449,0.00125124,0.00000000,0.00009595,0.00000000,0.00844806,0.02447270,0.03479998,0.02598288,0.01588034,0.00858421,0.01444017,0.00000000,0.00681378,0.00734329,0.00009595,0.00009595,0.01973386,0.00911870,0.00052611,0.03293826,0.00721524,0.02839047,0.01816946,0.00000000,0.00330543,0.00412646,0.08296163,0.01459592,0.00600958,0.06590391,0.06644086,0.02626212,0.00020621,0.00233868,0.03574632,0.00820559,0.01405406,0.00000000,0.04778383,0.01753767,0.02209193,0.00691045,0.00128506,0.01603543,0.00535547,0.00704054,0.00000000,0.00000000,0.01132887,0.03976217,0.02361182,0.03314112,0.04405751,0.00329630,0.00000000,0.00000000,0.00000000,0.00136733,0.04853284,0.01430935,0.00000000,0.00691740,0.00663081,0.00000000,0.00000000,0.00000000,0.00635376,0.00779907,0.00395331,0.00000000,0.00000000,0.00000000,0.00000000,0.00000000,0.00000000,0.00826693,0.00000000,0.00000000,0.00000000,0.00000000,0.00000000,0.00000000
2025/9/17,0.00000000,0.00009782,0.00065800,0.00000000,0.01534806,0.00549802,0.01683081,0.00000000,0.00000000,0.00000000,0.00000000,0.00169481,0.00713999,0.11681955,0.18277267,0.00009782,0.00000000,0.00000000,0.00000000,0.00177811,0.02657634,0.01495897,0.01855539,0.01672532,0.00009782,0.00000000,0.00000000,0.00000000,0.01382912,0.00318491,0.03525497,0.04123027,0.07262127,0.00866111,0.00347991,0.00000000,0.00000000,0.00079865,0.00199231,0.00408263,0.05647724,0.01207931,0.05261243,0.03890804,0.00000000,0.00000000,0.00000000,0.00000000,0.00000000,0.00210947,0.01350465,0.01586981,0.08437893,0.00000000,0.00000000,0.00000000,0.00000000,0.00009782,0.01166280,0.01586588,0.01308328,0.02119647,0.00093264,0.00000000,0.00009782,0.00000000,0.01695727,0.01226784,0.03397225,0.01944232,0.02179631,0.01230617,0.00955766,0.00000000,0.01527020,0.00230339,0.00009782,0.00009782,0.02157880,0.01630233,0.00000000,0.04209165,0.01206439,0.04083302,0.01902165,0.00119519,0.01369776,0.00515422,0.07688932,0.01286461,0.00472672,0.06615935,0.07145862,0.04375437,0.00000000,0.00324001,0.02640855,0.00832310,0.00951364,0.00000000,0.03389917,0.02943878,0.03446107,0.00603307,0.00257102,0.01060550,0.01412399,0.00615796,0.00000000,0.00000000,0.01723613,0.02622912,0.01251575,0.02276838,0.03303982,0.00315319,0.00000000,0.00000000,0.00000000,0.00810991,0.04676605,0.00699992,0.00528741,0.00578343,0.00694265,0.00000000,0.00000000,0.00000000,0.00116704,0.01379044,0.00786397,0.00000000,0.00000000,0.00000000,0.00000000,0.00000000,0.00000000,0.00448466,0.00000000,0.00000000,0.00000000,0.00000000,0.00000000,0.00000000
2025/9/18,0.00000000,0.00008338,0.00086956,0.00000000,0.01336656,0.00547731,0.01100789,0.00000000,0.00000000,0.00000000,0.00000000,0.00168420,0.01274814,0.11036380,0.18186083,0.00008338,0.00000000,0.00000000,0.00000000,0.00117834,0.02002219,0.02520011,0.01522888,0.03903713,0.00008338,0.00000000,0.00000000,0.00000000,0.00888848,0.00829890,0.02317492,0.03515669,0.08009606,0.00974474,0.00179663,0.00000000,0.00000000,0.00099167,0.00180018,0.00443248,0.05601866,0.01244702,0.07661103,0.05116730,0.00000000,0.00000000,0.00000000,0.00000000,0.00000000,0.00767857,0.02277221,0.00616601,0.04650005,0.00000000,0.00000000,0.00000000,0.00000000,0.00008338,0.00878139,0.01509554,0.01141053,0.01149944,0.00060053,0.00000000,0.00008338,0.00000000,0.00724657,0.01301909,0.03325885,0.02530529,0.01190662,0.00979233,0.00321203,0.00000000,0.00495338,0.00183619,0.00008338,0.00008338,0.00954260,0.01830150,0.00070703,0.03967495,0.02070994,0.01998507,0.01692333,0.00129611,0.01374180,0.00392722,0.08219942,0.00882742,0.00889613,0.06118719,0.04145396,0.04982980,0.00135872,0.01801081,0.02642060,0.00780564,0.00711989,0.00000000,0.01950895,0.02719300,0.03218296,0.01534338,0.00079188,0.02324886,0.00523285,0.00537286,0.00000000,0.00000000,0.01002586,0.02235486,0.01736872,0.01362183,0.05135129,0.00351233,0.00000000,0.00000000,0.00000000,0.00113546,0.05436762,0.00981068,0.00120316,0.00469079,0.00400087,0.00000000,0.00000000,0.00000000,0.00271313,0.00566170,0.00206833,0.00000000,0.00000000,0.00000000,0.00000000,0.00000000,0.00000000,0.00496952,0.00000000,0.00000000,0.00000000,0.00000000,0.00000000,0.00000000
2025/9/19,0.00000000,0.00007627,0.00115710,0.00000000,0.01313053,0.00579876,0.00695477,0.00000000,0.00000000,0.00000000,0.00000000,0.00205701,0.02186375,0.08416567,0.21628793,0.00007627,0.00000000,0.00000000,0.00000000,0.00386621,0.01921459,0.03178211,0.01250609,0.03774743,0.00007627,0.00000000,0.00000000,0.00000000,0.01284009,0.02219740,0.02127307,0.03863957,0.07629813,0.01011728,0.00167584,0.00000000,0.00000000,0.00097723,0.00166713,0.00634147,0.05414997,0.02307793,0.06739722,0.05846886,0.00000000,0.00000000,0.00000000,0.00000000,0.00000000,0.00388136,0.02725287,0.00329749,0.05024633,0.00000000,0.00000000,0.00000000,0.00000000,0.00007627,0.00641051,0.01680209,0.00708581,0.01604283,0.00092495,0.00000000,0.00007627,0.00000000,0.00389875,0.00667981,0.01150387,0.03498952,0.01086426,0.00485713,0.00399733,0.00000000,0.00292870,0.00218389,0.00007627,0.00007627,0.00344760,0.01989982,0.00121153,0.04466090,0.01071591,0.01358296,0.02290034,0.00092874,0.00326063,0.00206449,0.04553331,0.01956845,0.01936135,0.09170564,0.04600427,0.04030336,0.00843984,0.03337966,0.02200954,0.00691370,0.00732396,0.00000000,0.02271431,0.03425076,0.03161777,0.00974133,0.00536531,0.01553440,0.00683880,0.00309441,0.00000000,0.00000000,0.01080367,0.03772733,0.01524589,0.00784168,0.04406374,0.00364254,0.00000000,0.00000000,0.00000000,0.00000000,0.03473655,0.02016694,0.00562597,0.00663809,0.00422777,0.00000000,0.00000000,0.00000000,0.00373581,0.00319779,0.00233776,0.00000000,0.00000000,0.00000000,0.00000000,0.00000000,0.00000000,0.00425574,0.00000000,0.00000000,0.00000000,0.00000000,0.00000000,0.00000000
2025/9/20,0.00000000,0.00009164,0.00141001,0.00000000,0.01234527,0.00491474,0.00653349,0.00000000,0.00000000,0.00000000,0.00000000,0.00386005,0.01159303,0.08331077,0.19080207,0.00009164,0.00000000,0.00000000,0.00000000,0.00351134,0.03278816,0.02322803,0.01925256,0.03908418,0.00009164,0.00000000,0.00000000,0.00000000,0.01316590,0.01100585,0.03906235,0.04333113,0.06183419,0.01079841,0.00272404,0.00000000,0.00000000,0.00090355,0.00189906,0.01367830,0.05717118,0.03649394,0.07483177,0.04833902,0.00000000,0.00000000,0.00000000,0.00000000,0.00000000,0.00339793,0.01117437,0.00642252,0.08492260,0.00000000,0.00000000,0.00000000,0.00000000,0.00009164,0.00709870,0.02425747,0.00640430,0.02198738,0.00545545,0.00000000,0.00009164,0.00000000,0.00237757,0.00575119,0.01174843,0.03327703,0.01235410,0.00559954,0.00431720,0.00094447,0.00461335,0.00284865,0.00009164,0.00009164,0.00291705,0.00887888,0.00128520,0.02311650,0.00650298,0.02085214,0.01487692,0.00081348,0.00017923,0.00348436,0.04825918,0.01298828,0.02012033,0.07462365,0.03932398,0.03126893,0.00188117,0.01115202,0.02409424,0.01320336,0.01064803,0.00000000,0.02391859,0.03401052,0.03139146,0.00762782,0.01247992,0.01895028,0.00538183,0.00311255,0.00000000,0.00000000,0.01689992,0.02693152,0.01339030,0.00921291,0.03540177,0.00285164,0.00000000,0.00000000,0.00000000,0.00000000,0.03769820,0.00927148,0.00000000,0.01619178,0.00191548,0.00000000,0.00000000,0.00000000,0.00512631,0.00745734,0.00237151,0.00000000,0.00000000,0.00000000,0.00000000,0.00000000,0.00000000,0.00897646,0.00000000,0.00000000,0.00000000,0.00000000,0.00000000,0.00000000
2025/9/21,0.00000000,0.00009853,0.00155858,0.00000000,0.01790810,0.01176408,0.00911642,0.00000000,0.00000000,0.00000000,0.00000000,0.00160054,0.01410162,0.09958072,0.14385445,0.00009853,0.00000000,0.00000000,0.00000000,0.00560070,0.01799007,0.01804849,0.02365571,0.04978655,0.00009853,0.00000000,0.00000000,0.00000000,0.01032021,0.00779922,0.04265917,0.05210723,0.05650679,0.00929199,0.00242302,0.00000000,0.00000000,0.00115521,0.00243372,0.01233642,0.05265779,0.01822553,0.05729951,0.02680415,0.00000000,0.00000000,0.00000000,0.00000000,0.00000000,0.00439008,0.01117399,0.00650302,0.05523488,0.00000000,0.00000000,0.00000000,0.00000000,0.00009853,0.00725676,0.01671583,0.00608019,0.03044753,0.00101228,0.00000000,0.00009853,0.00000000,0.00336772,0.00667510,0.01937467,0.02119010,0.01197507,0.00732690,0.00456999,0.01197990,0.00461158,0.00567948,0.00009853,0.00009853,0.01187832,0.00391454,0.00130942,0.01748980,0.00554442,0.03514166,0.01386904,0.00074164,0.00045918,0.00356252,0.07638390,0.01123436,0.00768257,0.06934594,0.02992599,0.03966691,0.00000000,0.00329826,0.02903524,0.00766682,0.01799465,0.00000000,0.01535543,0.02394124,0.02573555,0.01979028,0.00710294,0.03091545,0.01323470,0.00485885,0.00000000,0.00000000,0.01984774,0.04131773,0.01347411,0.02183579,0.01706936,0.00409567,0.00000000,0.00000000,0.00000000,0.00000000,0.03614850,0.00572316,0.00000000,0.00817589,0.01029818,0.00000000,0.00000000,0.00000000,0.00547327,0.01627532,0.00088380,0.00000000,0.00000000,0.00000000,0.00000000,0.00000000,0.00000000,0.00439624,0.00000000,0.00000000,0.00000000,0.00000000,0.00000000,0.00000000
2025/9/22,0.00000000,0.00012271,0.00143584,0.00000000,0.02340845,0.00606855,0.00780879,0.00000000,0.00000000,0.00000000,0.00000000,0.00440027,0.01261682,0.08276809,0.13421738,0.00012271,0.00000000,0.00000000,0.00000000,0.00407811,0.01539073,0.02930199,0.02385973,0.04057151,0.00012271,0.00000000,0.00000000,0.00000000,0.00573207,0.00393308,0.02936673,0.07190632,0.05604827,0.01020176,0.00315569,0.00000000,0.00000000,0.00164296,0.00379976,0.00833792,0.04590428,0.02355993,0.03986280,0.01894894,0.00000000,0.00000000,0.00000000,0.00000000,0.00000000,0.00538208,0.02413268,0.00625613,0.04254353,0.00000000,0.00000000,0.00000000,0.00000000,0.00012271,0.01110515,0.01582783,0.00544626,0.03461745,0.00076971,0.00000000,0.00012271,0.00000000,0.00501118,0.00824765,0.02628633,0.01962802,0.01745798,0.00619606,0.00457491,0.00668153,0.00494434,0.00313186,0.00012271,0.00012271,0.00524509,0.00641362,0.00171593,0.01163511,0.00650848,0.03375553,0.02074975,0.00100453,0.00162810,0.00344634,0.10935482,0.00869694,0.00546095,0.09666403,0.02724374,0.02411366,0.00000000,0.00411692,0.02944108,0.01071616,0.02076008,0.00000000,0.01398571,0.02969845,0.01935527,0.02894895,0.00248211,0.04244494,0.00494321,0.00458398,0.00000000,0.00000000,0.02042916,0.05605967,0.01883685,0.01078492,0.01386885,0.01589379,0.00000000,0.00000000,0.00000000,0.00060446,0.02635140,0.00570947,0.00063108,0.01120808,0.00602269,0.00000000,0.00000000,0.00000000,0.00399265,0.02057230,0.00277553,0.00000000,0.00000000,0.00000000,0.00000000,0.00000000,0.00000000,0.00414274,0.00000000,0.00000000,0.00000000,0.00000000,0.00000000,0.00000000
2025/9/23,0.00000000,0.00008653,0.00170683,0.00000000,0.02308110,0.00399742,0.00986685,0.00000000,0.00000000,0.00000000,0.00000000,0.00102389,0.01069061,0.08143879,0.14545113,0.00008653,0.00000000,0.00000000,0.00000000,0.00584565,0.01868778,0.02704492,0.02338211,0.03816140,0.00008653,0.00000000,0.00000000,0.00000000,0.00612554,0.00381608,0.02148804,0.06176162,0.06264225,0.01562009,0.00262159,0.00000000,0.00000000,0.00337901,0.00863067,0.00494355,0.04840411,0.02481119,0.04238166,0.02552607,0.00000000,0.00000000,0.00000000,0.00000000,0.00000000,0.01351721,0.02173197,0.00567080,0.05889019,0.00000000,0.00000000,0.00000000,0.00000000,0.00008653,0.00683495,0.01742763,0.00387605,0.01949620,0.00091754,0.00000000,0.00008653,0.00000000,0.00422293,0.01491948,0.02537157,0.01273269,0.02012102,0.00561561,0.00913779,0.00255058,0.00852808,0.00228283,0.00008653,0.00008653,0.00277173,0.00619779,0.00087754,0.01443693,0.00650651,0.02900228,0.01602864,0.00208467,0.00151210,0.00464394,0.12247595,0.01025048,0.00406833,0.08600320,0.03405040,0.01443788,0.00125004,0.02461812,0.03483559,0.00913263,0.00789172,0.00000000,0.02521380,0.02668158,0.01585853,0.01443228,0.00088569,0.03052113,0.00187826,0.00355253,0.00000000,0.00000000,0.02213742,0.06257167,0.01001139,0.00482366,0.02596469,0.00746454,0.00000000,0.00000000,0.00000000,0.00016873,0.04572126,0.00571772,0.00153614,0.00777021,0.00499690,0.00000000,0.00000000,0.00000000,0.00405522,0.00867541,0.00164431,0.00000000,0.00000000,0.00000000,0.00000000,0.00000000,0.00000000,0.00341705,0.00000000,0.00000000,0.00000000,0.00000000,0.00000000,0.00000000
2025/9/24,0.00000000,0.00009327,0.00172058,0.00000000,0.02685733,0.00396265,0.00561530,0.00000000,0.00000000,0.00000000,0.00000000,0.00168437,0.00397197,0.10136203,0.15059221,0.00009327,0.00000000,0.00000000,0.00000000,0.01100547,0.01598152,0.02597540,0.03064787,0.03486743,0.00009327,0.00000000,0.00000000,0.00000000,0.01777597,0.00370479,0.02011198,0.04894129,0.03775194,0.02055737,0.00377862,0.00000000,0.00000000,0.00891279,0.00315001,0.00427985,0.04236615,0.02736165,0.05254759,0.01877898,0.00000000,0.00000000,0.00000000,0.00000000,0.00000000,0.00435026,0.01331919,0.00468270,0.04050698,0.00000000,0.00000000,0.00000000,0.00000000,0.00009327,0.00561995,0.01423351,0.00437162,0.01611708,0.00138371,0.00000000,0.00009327,0.00000000,0.00439190,0.00196778,0.01521601,0.01288986,0.01011307,0.00643024,0.01320373,0.00121381,0.03103328,0.00279440,0.00009327,0.00009327,0.00616594,0.00994569,0.00129681,0.01066488,0.00621459,0.05418844,0.02131455,0.00704389,0.00110828,0.00166505,0.07884841,0.00089986,0.00408564,0.07174851,0.03582195,0.01758734,0.00269551,0.01923423,0.05004659,0.01319356,0.00553355,0.00000000,0.04434231,0.02316408,0.02361401,0.00834361,0.00135855,0.02476756,0.00180151,0.00285742,0.00000000,0.00000000,0.03345095,0.03911740,0.01266124,0.00296458,0.03709729,0.00287074,0.00000000,0.00000000,0.00000000,0.00000000,0.03553264,0.01808720,0.00165800,0.00712008,0.00410628,0.00000000,0.00000000,0.00000000,0.00541635,0.00452928,0.00384999,0.00000000,0.00000000,0.00000000,0.00000000,0.00000000,0.00000000,0.00467003,0.00000000,0.00000000,0.00000000,0.00000000,0.00000000,0.00000000
2025/9/25,0.00000000,0.00009391,0.00167657,0.00000000,0.03029665,0.00465742,0.00795633,0.00000000,0.00000000,0.00000000,0.00000000,0.00213274,0.00389840,0.10496505,0.15316440,0.00009391,0.00000000,0.00000000,0.00000000,0.00645538,0.01914706,0.03496602,0.02914376,0.03570931,0.00009391,0.00000000,0.00000000,0.00000000,0.00774034,0.01551489,0.02425348,0.05052346,0.04568516,0.02729984,0.00627369,0.00000000,0.00000000,0.00370598,0.00114739,0.00366747,0.03155110,0.02258101,0.05635962,0.02622430,0.00000000,0.00000000,0.00000000,0.00000000,0.00000000,0.00793218,0.01187910,0.00598550,0.03898380,0.00000000,0.00000000,0.00000000,0.00000000,0.00009391,0.00650729,0.01936094,0.01692277,0.01918540,0.00158695,0.00000000,0.00009391,0.00000000,0.00524184,0.00303092,0.00966111,0.02494636,0.01233600,0.00740205,0.00775054,0.00184573,0.00940933,0.00298660,0.00009391,0.00009391,0.01761316,0.00828819,0.00638575,0.00303634,0.01011868,0.05445637,0.01312954,0.00185425,0.00000000,0.00000000,0.07376315,0.00370710,0.00537320,0.07795241,0.02689369,0.03220151,0.00345537,0.01020324,0.04537241,0.00634371,0.00389599,0.00000000,0.03675384,0.02704226,0.02362006,0.00745419,0.00436060,0.01532864,0.00230986,0.00329651,0.00000000,0.00000000,0.02337011,0.03454654,0.01984918,0.00309761,0.02372479,0.00291088,0.00000000,0.00000000,0.00000000,0.00000000,0.03313358,0.01675778,0.00094095,0.00673365,0.01070675,0.00000000,0.00000000,0.00000000,0.00832353,0.00524019,0.00537354,0.00000000,0.00000000,0.00000000,0.00000000,0.00000000,0.00000000,0.00348431,0.00000000,0.00000000,0.00000000,0.00000000,0.00000000,0.00000000
2025/9/26,0.00000000,0.00010872,0.00164950,0.00000000,0.02092045,0.00460208,0.00328084,0.00000000,0.00000000,0.00000000,0.00000000,0.00164631,0.01352079,0.09029800,0.15864758,0.00010872,0.00000000,0.00000000,0.00000000,0.00656342,0.01736784,0.02099823,0.02732129,0.02532033,0.00010872,0.00000000,0.00000000,0.00000000,0.00971029,0.01151419,0.02146520,0.05077776,0.04773997,0.01518469,0.00067250,0.00000000,0.00000000,0.00186996,0.00048947,0.00367886,0.04847287,0.02121150,0.06236123,0.03641250,0.00000000,0.00000000,0.00000000,0.00000000,0.00000000,0.00285477,0.01372997,0.01133322,0.05703854,0.00000000,0.00000000,0.00000000,0.00000000,0.00010872,0.00772106,0.01455308,0.00827558,0.02216410,0.00152344,0.00000000,0.00010872,0.00000000,0.00625159,0.01580861,0.01082488,0.02276804,0.01183749,0.00568156,0.00475757,0.00231130,0.00331603,0.00289570,0.00010872,0.00010872,0.00784916,0.01057420,0.00148413,0.00313223,0.00451387,0.04065524,0.01227315,0.00062658,0.00000000,0.00247560,0.09226847,0.00433649,0.01624936,0.06312124,0.03942518,0.01804424,0.00275251,0.00698142,0.03196811,0.00652551,0.00486243,0.00000000,0.01680045,0.01520373,0.01615110,0.00681716,0.01606118,0.01282332,0.00262201,0.00654456,0.00000000,0.00000000,0.02308566,0.04111837,0.00989592,0.00966262,0.01674763,0.00305863,0.00000000,0.00000000,0.00000000,0.00056633,0.06301267,0.02026189,0.00110883,0.00670960,0.00520715,0.00000000,0.00000000,0.00000000,0.00364600,0.00992770,0.01000072,0.00000000,0.00000000,0.00000000,0.00000000,0.00000000,0.00000000,0.00262559,0.00000000,0.00000000,0.00000000,0.00000000,0.00000000,0.00000000
2025/9/27,0.00000000,0.00010662,0.00145627,0.00000000,0.01027407,0.00472123,0.00632448,0.00000000,0.00000000,0.00000000,0.00000000,0.00149687,0.00869536,0.10186139,0.15011400,0.00010662,0.00000000,0.00000000,0.00000000,0.00916508,0.00918809,0.01083322,0.03125854,0.03589264,0.00010662,0.00000000,0.00000000,0.00000000,0.01715302,0.01004180,0.03418549,0.04123672,0.04267420,0.01078637,0.00071388,0.00000000,0.00000000,0.00065871,0.00119822,0.00353744,0.06478275,0.01317200,0.06439567,0.03161081,0.00000000,0.00000000,0.00000000,0.00000000,0.00000000,0.00261954,0.01507448,0.01482679,0.04610036,0.00000000,0.00000000,0.00000000,0.00000000,0.00010662,0.00436768,0.00894726,0.00323809,0.02371867,0.00128821,0.00000000,0.00010662,0.00000000,0.00874055,0.02220440,0.01036187,0.01532019,0.00511418,0.00487604,0.00297446,0.00298738,0.00492912,0.00325840,0.00010662,0.00010662,0.00655489,0.01087451,0.00118766,0.00985574,0.00222649,0.04241545,0.01464678,0.00031054,0.01013415,0.00898255,0.08384791,0.00710579,0.00500909,0.07000996,0.05147664,0.01371005,0.00109912,0.00687863,0.02839519,0.01956728,0.00502995,0.00000000,0.01198683,0.01969171,0.01386973,0.00780855,0.01187104,0.01018396,0.00421241,0.01379803,0.00000000,0.00000000,0.02648460,0.02929279,0.00656584,0.00810871,0.02186834,0.00328240,0.00000000,0.00000000,0.00000000,0.00321031,0.05506239,0.01001133,0.00000769,0.00563961,0.00858843,0.00000000,0.00000000,0.00000000,0.00154060,0.01320883,0.00684263,0.00000000,0.00000000,0.00000000,0.00000000,0.00000000,0.00000000,0.00343285,0.00000000,0.00000000,0.00000000,0.00000000,0.00000000,0.00000000
2025/9/28,0.00000000,0.00010180,0.00095272,0.00000000,0.01879548,0.00795029,0.00761492,0.00000000,0.00000000,0.00000000,0.00000000,0.00418742,0.02116840,0.10391955,0.13537142,0.00010180,0.00000000,0.00000000,0.00000000,0.00382951,0.01669595,0.01180943,0.03007771,0.03292120,0.00010180,0.00000000,0.00000000,0.00000000,0.01823276,0.00380906,0.03007425,0.05316095,0.04367413,0.00627582,0.01173658,0.00000000,0.00000000,0.00023893,0.00364696,0.00256150,0.06771828,0.01165148,0.04239159,0.04661456,0.00000000,0.00000000,0.00000000,0.00000000,0.00000000,0.01057081,0.00942724,0.00561599,0.04951125,0.00000000,0.00000000,0.00000000,0.00000000,0.00010180,0.00243621,0.01312353,0.00370607,0.01478125,0.00181487,0.00000000,0.00010180,0.00000000,0.01483317,0.02019642,0.00894249,0.02195993,0.00701936,0.00441862,0.00604956,0.00293280,0.00508868,0.00310861,0.00010180,0.00010180,0.00846159,0.01213116,0.00177759,0.03209826,0.00393601,0.03940934,0.01106241,0.00045931,0.00000000,0.00479475,0.07432045,0.00236344,0.00410014,0.06259084,0.06296583,0.03297527,0.00035201,0.00871086,0.02792596,0.00182968,0.00582842,0.00000000,0.01178995,0.02205763,0.01076471,0.01543625,0.01539868,0.00571508,0.00415846,0.01263799,0.00000000,0.00000000,0.02819677,0.03619570,0.00591949,0.01037315,0.01865086,0.00358885,0.00000000,0.00000000,0.00000000,0.00713866,0.06268407,0.01232274,0.00045071,0.00636463,0.01956558,0.00000000,0.00000000,0.00000000,0.00032697,0.01500750,0.00686962,0.00000000,0.00000000,0.00000000,0.00000000,0.00000000,0.00000000,0.00471268,0.00000000,0.00000000,0.00000000,0.00000000,0.00000000,0.00000000
2025/9/29,0.00000000,0.00008911,0.00122262,0.00000000,0.01065799,0.00541829,0.00736663,0.00000000,0.00000000,0.00000000,0.00000000,0.00143917,0.02074340,0.09369931,0.13551225,0.00008911,0.00000000,0.00000000,0.00000000,0.00430155,0.01098817,0.01285279,0.02879458,0.03411128,0.00008911,0.00000000,0.00000000,0.00000000,0.01622614,0.00033773,0.02917187,0.03635903,0.04901998,0.00881382,0.00192887,0.00000000,0.00000000,0.00060144,0.01038050,0.00422897,0.05505558,0.01138876,0.04367667,0.04902644,0.00000000,0.00000000,0.00000000,0.00000000,0.00000000,0.00456552,0.00853158,0.00401346,0.05770878,0.00000000,0.00000000,0.00000000,0.00000000,0.00008911,0.00540930,0.01654271,0.00540627,0.02518853,0.00148522,0.00000000,0.00008911,0.00000000,0.01078681,0.00938432,0.00656443,0.00933055,0.00631296,0.00744984,0.00183594,0.00280736,0.00522178,0.00243469,0.00008911,0.00008911,0.01380167,0.02924453,0.00156531,0.02240128,0.02330627,0.03321680,0.01516250,0.00087696,0.00000000,0.01106081,0.06465069,0.01074561,0.00496487,0.07660055,0.05880727,0.02440353,0.00038271,0.00969615,0.03450813,0.00781107,0.00586875,0.00000000,0.01101357,0.02264547,0.01565943,0.01418512,0.01725304,0.01193446,0.00417762,0.00691742,0.00000000,0.00000000,0.03004672,0.04524224,0.00707834,0.00379857,0.02098546,0.00391895,0.00000000,0.00000000,0.00000000,0.01365393,0.06422620,0.02117344,0.00024068,0.01641952,0.01070672,0.00000000,0.00000000,0.00000000,0.00247657,0.01535342,0.01231818,0.00000000,0.00000000,0.00000000,0.00000000,0.00000000,0.00000000,0.00400567,0.00000000,0.00000000,0.00000000,0.00000000,0.00000000,0.00000000
2025/9/30,0.00000000,0.00010415,0.00341112,0.00000000,0.00899300,0.00394587,0.00738015,0.00000000,0.00000000,0.00000000,0.00000000,0.00080316,0.01381130,0.08977260,0.11635657,0.00010415,0.00000000,0.00000000,0.00000000,0.00091866,0.01291803,0.02536801,0.01357004,0.01996646,0.00010415,0.00000000,0.00000000,0.00000000,0.00939619,0.00740128,0.02440620,0.02413743,0.03239899,0.01080408,0.00146862,0.00000000,0.00000000,0.00099749,0.00364127,0.00198354,0.05064145,0.01053023,0.05954372,0.04221754,0.00000000,0.00000000,0.00000000,0.00000000,0.00000000,0.01007566,0.01522837,0.00469763,0.06637722,0.00000000,0.00000000,0.00000000,0.00000000,0.00010415,0.00908595,0.02301343,0.00769544,0.01792841,0.00141716,0.00000000,0.00010415,0.00000000,0.00604488,0.01038294,0.01162135,0.01875315,0.00780943,0.00495204,0.00221482,0.00251553,0.00420392,0.00279160,0.00010415,0.00010415,0.00874050,0.01780854,0.00113988,0.01134589,0.00929459,0.03067931,0.00962459,0.00135304,0.00000000,0.00704201,0.06205250,0.00936543,0.00429202,0.07295840,0.05195101,0.02103912,0.00356469,0.01117495,0.02559822,0.01524326,0.00622163,0.00000000,0.02024117,0.01888499,0.01654447,0.00574352,0.00752333,0.00567358,0.00333780,0.00769576,0.00000000,0.00000000,0.02941462,0.04263668,0.01651371,0.00502074,0.03568533,0.00374961,0.00000000,0.00000000,0.00000000,0.00618540,0.04668217,0.01812673,0.00000000,0.00684072,0.01002908,0.00000000,0.00000000,0.00000000,0.00245385,0.00897487,0.00945883,0.00000000,0.00000000,0.00000000,0.00000000,0.00000000,0.00000000,0.00443355,0.00000000,0.00000000,0.00000000,0.00000000,0.00000000,0.00000000
2025/10/1,0.00000000,0.00009056,0.00145751,0.00000000,0.01353160,0.00470989,0.00453287,0.00000000,0.00000000,0.00000000,0.00000000,0.00157628,0.01600346,0.10597265,0.12125151,0.00009056,0.00000000,0.00000000,0.00000000,0.00000000,0.02211376,0.02167281,0.01457411,0.02529868,0.00009056,0.00000000,0.00000000,0.00000000,0.01334435,0.00216399,0.02418448,0.04128037,0.05117992,0.01087088,0.00211369,0.00000000,0.00000000,0.00085730,0.00235931,0.00337560,0.04206248,0.01588509,0.04754554,0.04527931,0.00000000,0.00000000,0.00000000,0.00000000,0.00000000,0.00528019,0.01087240,0.00814005,0.05932868,0.00000000,0.00000000,0.00000000,0.00000000,0.00009056,0.00477725,0.03486159,0.00580550,0.01766100,0.00136673,0.00000000,0.00009056,0.00000000,0.00439234,0.01574105,0.00931053,0.02528231,0.01098242,0.00478608,0.00304163,0.00308026,0.00576824,0.00246732,0.00009056,0.00009056,0.00480057,0.01056592,0.00032242,0.00736266,0.01225173,0.04443287,0.01147552,0.00120425,0.00000000,0.01244663,0.07361277,0.00452613,0.00734088,0.09264519,0.06611814,0.03179312,0.00024500,0.01350231,0.03250692,0.00844916,0.00410755,0.00000000,0.01114923,0.02657792,0.00691313,0.00435878,0.00736073,0.02114015,0.00303951,0.01311114,0.00000000,0.00000000,0.03286777,0.04415999,0.01560275,0.00729108,0.02713325,0.00357349,0.00000000,0.00000000,0.00000000,0.00208291,0.03565895,0.01950678,0.00000000,0.00579878,0.00529504,0.00000000,0.00000000,0.00000000,0.00068001,0.01210106,0.01372774,0.00000000,0.00000000,0.00000000,0.00000000,0.00000000,0.00000000,0.00433903,0.00000000,0.00000000,0.00000000,0.00000000,0.00000000,0.00000000
2025/10/2,0.00000000,0.00009493,0.00135955,0.00000000,0.02250991,0.00608463,0.00507139,0.00000000,0.00000000,0.00000000,0.00000000,0.00161516,0.01409429,0.09755947,0.13651532,0.00009493,0.00000000,0.00000000,0.00000000,0.00215546,0.03024615,0.01503507,0.01478560,0.02006312,0.00009493,0.00000000,0.00000000,0.00000000,0.00878114,0.00545266,0.04156367,0.02034068,0.03685348,0.02884779,0.00274753,0.00000000,0.00000000,0.00140579,0.00117625,0.00465192,0.03207679,0.02952885,0.04509639,0.03006173,0.00000000,0.00000000,0.00000000,0.00000000,0.00000000,0.00414923,0.01459778,0.00603490,0.06871485,0.00000000,0.00000000,0.00000000,0.00000000,0.00009493,0.00444314,0.03618446,0.00473396,0.01750208,0.00170365,0.00000000,0.00009493,0.00000000,0.00346130,0.01354720,0.00749892,0.02427010,0.00940429,0.00447177,0.00292519,0.00429199,0.00512110,0.00317733,0.00009493,0.00009493,0.01044059,0.01385331,0.00038681,0.00655380,0.00497215,0.04975999,0.01401001,0.00168046,0.00116903,0.01037330,0.06534232,0.01250846,0.01916033,0.07292975,0.04608243,0.03117892,0.00034974,0.01041968,0.05066776,0.00700003,0.00266926,0.00000000,0.01315963,0.02949345,0.00799904,0.00968626,0.01369928,0.01489876,0.00267795,0.00739203,0.00000000,0.00000000,0.01821051,0.03171996,0.01076675,0.00652319,0.02523838,0.00351040,0.00000000,0.00000000,0.00000000,0.00027083,0.04128713,0.02589542,0.00000000,0.00716917,0.00499658,0.00000000,0.00000000,0.00000000,0.00208650,0.01070965,0.00901361,0.00000000,0.00000000,0.00000000,0.00000000,0.00000000,0.00000000,0.00365596,0.00000000,0.00000000,0.00000000,0.00000000,0.00000000,0.00000000
2025/10/3,0.00000000,0.00009683,0.00136238,0.00000000,0.01182808,0.00476917,0.00323526,0.00000000,0.00000000,0.00000000,0.00000000,0.00188272,0.01901369,0.07909103,0.13642097,0.00009683,0.00000000,0.00000000,0.00000000,0.00247216,0.03701839,0.02074936,0.02060945,0.01804610,0.00009683,0.00000000,0.00000000,0.00000000,0.00922306,0.01025895,0.03971485,0.01821671,0.03648558,0.01339166,0.00287743,0.00000000,0.00000000,0.00110892,0.00055927,0.00561397,0.02870598,0.01535506,0.03808386,0.02952532,0.00000000,0.00000000,0.00000000,0.00000000,0.00000000,0.00493022,0.00803693,0.00743200,0.03764470,0.00000000,0.00000000,0.00000000,0.00000000,0.00009683,0.00328083,0.02407841,0.00478790,0.01350831,0.00178103,0.00000000,0.00009683,0.00000000,0.00324206,0.01066289,0.00728504,0.01293208,0.01950308,0.00393445,0.00306522,0.00557043,0.00553315,0.00285003,0.00009683,0.00009683,0.01761365,0.00527806,0.00150705,0.00507933,0.00517749,0.03662801,0.01014376,0.00128379,0.00578397,0.01758758,0.09226870,0.00221717,0.00626689,0.08982827,0.04638796,0.01402443,0.00141660,0.00895179,0.04870586,0.00834381,0.00604575,0.00000000,0.02213403,0.03662144,0.00852915,0.00758699,0.00654656,0.02091684,0.00292945,0.00741470,0.00000000,0.00000000,0.01315334,0.04419860,0.01551735,0.00819715,0.03023181,0.00341756,0.00000000,0.00000000,0.00000000,0.00000000,0.03513985,0.02277971,0.00001789,0.00682742,0.00487069,0.00000000,0.00000000,0.00000000,0.00827704,0.01191274,0.00807337,0.00000000,0.00000000,0.00000000,0.00000000,0.00000000,0.00000000,0.01222871,0.00000000,0.00000000,0.00000000,0.00000000,0.00000000,0.00000000
2025/10/4,0.00000000,0.00010245,0.00134226,0.00000000,0.01000520,0.00343681,0.00735075,0.00000000,0.00000000,0.00000000,0.00000000,0.00177108,0.01238291,0.07956980,0.15255980,0.00010245,0.00000000,0.00000000,0.00000000,0.00356938,0.03605158,0.01277294,0.02816018,0.02560269,0.00010245,0.00000000,0.00000000,0.00000000,0.00660394,0.01317704,0.04732098,0.03209720,0.02625679,0.00648415,0.00238646,0.00000000,0.00000000,0.00129029,0.00094724,0.00652546,0.03429941,0.01685993,0.04186015,0.02947912,0.00000000,0.00000000,0.00000000,0.00000000,0.00000000,0.00227130,0.01133232,0.01111749,0.02391249,0.00000000,0.00000000,0.00000000,0.00000000,0.00010245,0.00357486,0.01962677,0.00533164,0.02005665,0.00192395,0.00000000,0.00010245,0.00000000,0.00237842,0.00953711,0.01408007,0.01735224,0.01352030,0.00745873,0.00411598,0.00560884,0.00782458,0.00320341,0.00010245,0.00010245,0.00637305,0.00936230,0.00082068,0.00521108,0.00519906,0.01652502,0.01062342,0.00123928,0.01498930,0.00799375,0.09696059,0.00836145,0.00245394,0.06808318,0.04836083,0.00817901,0.00174374,0.00717262,0.04725859,0.01068231,0.01289592,0.00000000,0.01073785,0.02350048,0.01141242,0.00736559,0.00543022,0.02828143,0.00153034,0.01309608,0.00000000,0.00000000,0.01760410,0.04248317,0.00883226,0.01084309,0.01814050,0.00331418,0.00000000,0.00000000,0.00000000,0.00000000,0.02120407,0.00660355,0.00015780,0.00579189,0.00482028,0.00000000,0.00000000,0.00000000,0.01506088,0.02063115,0.00566583,0.00000000,0.00000000,0.00000000,0.00000000,0.00000000,0.00000000,0.02036542,0.00000000,0.00000000,0.00000000,0.00000000,0.00000000,0.00000000
2025/10/5,0.00000000,0.00011290,0.00132622,0.00000000,0.01310478,0.00346040,0.00349365,0.00000000,0.00000000,0.00000000,0.00000000,0.00194013,0.00848235,0.11155970,0.13448915,0.00011290,0.00000000,0.00000000,0.00000000,0.00378200,0.02231720,0.01204059,0.03104056,0.02782154,0.00011290,0.00000000,0.00000000,0.00000000,0.00922015,0.00546504,0.02175297,0.02142965,0.03445641,0.01150484,0.00199242,0.00000000,0.00000000,0.00150854,0.00143801,0.00764091,0.04527169,0.01403226,0.03762999,0.01903062,0.00000000,0.00000000,0.00000000,0.00000000,0.00000000,0.00387536,0.01924527,0.02211616,0.03126267,0.00000000,0.00000000,0.00000000,0.00000000,0.00011290,0.00394756,0.02038110,0.00519588,0.02028728,0.00151845,0.00000000,0.00011290,0.00000000,0.00254009,0.01346390,0.02712261,0.01576960,0.00643264,0.00792545,0.00694929,0.00580383,0.00439094,0.00349307,0.00011290,0.00011290,0.00392620,0.02759674,0.00111506,0.00464390,0.00776368,0.01290762,0.01826401,0.00140250,0.00561127,0.00570392,0.10737573,0.00695754,0.00204074,0.05211329,0.04980116,0.01427072,0.00212015,0.00573943,0.04759420,0.01868940,0.00613660,0.00000000,0.01400088,0.01828549,0.02421931,0.00951388,0.00498302,0.02000676,0.00041188,0.00667524,0.00000000,0.00000000,0.01165908,0.03534392,0.01071403,0.00772785,0.01589740,0.00309200,0.00000000,0.00000000,0.00000000,0.00029775,0.02900317,0.00782604,0.00083390,0.00514284,0.00516347,0.00000000,0.00000000,0.00000000,0.02697512,0.01111833,0.00395262,0.00000000,0.00000000,0.00000000,0.00000000,0.00000000,0.00000000,0.00367929,0.00000000,0.00000000,0.00000000,0.00000000,0.00000000,0.00000000
2025/10/6,0.00000000,0.00013549,0.00070797,0.00000000,0.02127213,0.00743591,0.00341338,0.00000000,0.00000000,0.00000000,0.00000000,0.00128736,0.00494100,0.09939410,0.12116049,0.00013549,0.00000000,0.00000000,0.00000000,0.00378247,0.02403818,0.01158361,0.03445848,0.02739286,0.00013549,0.00000000,0.00000000,0.00000000,0.00920081,0.00914266,0.01965166,0.04493517,0.05124272,0.02062125,0.00187877,0.00000000,0.00000000,0.00179123,0.00137266,0.00876761,0.06139763,0.01978738,0.04125265,0.01985940,0.00000000,0.00000000,0.00000000,0.00000000,0.00000000,0.00440022,0.01434788,0.01018554,0.03989982,0.00000000,0.00000000,0.00000000,0.00000000,0.00013549,0.00775920,0.02799889,0.00462213,0.02200295,0.00000000,0.00000000,0.00013549,0.00000000,0.00525082,0.01573362,0.01800735,0.02200874,0.00410348,0.01548200,0.01333756,0.00604434,0.00332501,0.00355037,0.00013549,0.00013549,0.00470130,0.03043900,0.00105745,0.00362283,0.01234402,0.02227760,0.01138561,0.00161873,0.00196090,0.00264887,0.07681566,0.01369562,0.00150125,0.06905937,0.06521550,0.02142538,0.00235824,0.00836454,0.04381599,0.00879459,0.00243125,0.00000000,0.02209051,0.01498612,0.02380131,0.00873838,0.01076737,0.01907063,0.00166066,0.00453423,0.00000000,0.00000000,0.01327552,0.02909918,0.01033579,0.01143745,0.01863514,0.00303619,0.00000000,0.00000000,0.00000000,0.00030041,0.03826331,0.00385151,0.00177888,0.00338671,0.00742966,0.00000000,0.00000000,0.00000000,0.02871312,0.00843872,0.00348313,0.00000000,0.00000000,0.00000000,0.00000000,0.00000000,0.00000000,0.00023818,0.00000000,0.00000000,0.00000000,0.00000000,0.00000000,0.00000000
2025/10/7,0.00000000,0.00013271,0.00075821,0.00000000,0.01223969,0.01796506,0.00747728,0.00000000,0.00000000,0.00000000,0.00000000,0.00186258,0.00409776,0.08255153,0.10413656,0.00013271,0.00000000,0.00000000,0.00000000,0.00159917,0.02250291,0.01870029,0.01846051,0.02853765,0.00013271,0.00000000,0.00000000,0.00000000,0.01333611,0.00971468,0.02697587,0.03754500,0.05620687,0.01438064,0.00185548,0.00000000,0.00000000,0.00175225,0.00155675,0.00518311,0.05974756,0.02251479,0.07171685,0.01948374,0.00000000,0.00000000,0.00000000,0.00000000,0.00000000,0.00539459,0.01365919,0.00503515,0.04571021,0.00000000,0.00000000,0.00000000,0.00000000,0.00013271,0.00730603,0.01582644,0.00472483,0.01289012,0.00177313,0.00000000,0.00013271,0.00000000,0.01270270,0.01745786,0.01533610,0.01498219,0.00805046,0.00935066,0.00673146,0.00691373,0.00407927,0.00504255,0.00013271,0.00013271,0.00684350,0.01938367,0.00127930,0.01076858,0.00710103,0.02657640,0.02010131,0.00161580,0.00043907,0.00171360,0.07030118,0.01035952,0.00767880,0.06036311,0.06896099,0.03825944,0.00302983,0.01013680,0.05129401,0.00825314,0.00224005,0.00000000,0.02527905,0.02167232,0.02913867,0.00752403,0.00640785,0.01230101,0.00206479,0.00517850,0.00000000,0.00000000,0.01865374,0.04985546,0.01064882,0.00783817,0.02061589,0.00308483,0.00000000,0.00000000,0.00000000,0.00006892,0.05805861,0.00631317,0.00244655,0.00495998,0.00732897,0.00000000,0.00000000,0.00000000,0.01330733,0.00939812,0.00418570,0.00000000,0.00000000,0.00000000,0.00000000,0.00000000,0.00000000,0.00244365,0.00000000,0.00000000,0.00000000,0.00000000,0.00000000,0.00000000
2025/10/8,0.00000000,0.00013154,0.00326708,0.00000000,0.01323528,0.00794780,0.00798769,0.00000000,0.00000000,0.00000000,0.00000000,0.00406261,0.01702139,0.07045945,0.11369252,0.00013154,0.00000000,0.00000000,0.00000000,0.00189152,0.01225360,0.01310712,0.02417217,0.03283121,0.00013154,0.00000000,0.00000000,0.00000000,0.00942042,0.00611558,0.02754848,0.02945908,0.05499485,0.01397053,0.00222955,0.00000000,0.00000000,0.00195166,0.00198779,0.01027350,0.04435856,0.00766882,0.06738529,0.03635908,0.00000000,0.00000000,0.00000000,0.00000000,0.00000000,0.00477133,0.01926840,0.00473279,0.04205862,0.00000000,0.00000000,0.00000000,0.00000000,0.00013154,0.01872714,0.01136521,0.00632629,0.01503452,0.00199119,0.00000000,0.00013154,0.00000000,0.00399122,0.00747034,0.00248234,0.01774776,0.00847883,0.01553504,0.00386256,0.00772257,0.00810033,0.00238486,0.00013154,0.00013154,0.00505670,0.00878655,0.00118706,0.00305276,0.00435798,0.04434832,0.02307361,0.00157862,0.00069170,0.00232853,0.06557196,0.00750195,0.00592531,0.04580102,0.04859465,0.02252284,0.00338935,0.01268489,0.03420374,0.00574833,0.00083465,0.00000000,0.02661012,0.01144136,0.03912328,0.00575711,0.01134455,0.03076514,0.00133997,0.01011494,0.00000000,0.00000000,0.01554245,0.04384824,0.00911298,0.00048249,0.03021484,0.00328132,0.00000000,0.00000000,0.00000000,0.00076149,0.02948947,0.00788400,0.00211877,0.01354528,0.01393009,0.00000000,0.00000000,0.00000000,0.01496357,0.01839368,0.00292852,0.00000000,0.00000000,0.00000000,0.00000000,0.00000000,0.00000000,0.00278731,0.00000000,0.00000000,0.00000000,0.00000000,0.00000000,0.00000000
2025/10/9,0.00000000,0.00009632,0.00079979,0.00000000,0.01194233,0.00672804,0.01384452,0.00000000,0.00000000,0.00000000,0.00000000,0.00161411,0.00498989,0.07216586,0.11568446,0.00009632,0.00000000,0.00000000,0.00000000,0.00610979,0.00503681,0.02099784,0.02219544,0.02060762,0.00009632,0.00000000,0.00000000,0.00000000,0.01402777,0.00707265,0.02802521,0.04052839,0.07424986,0.01510488,0.00199654,0.00000000,0.00000000,0.00164301,0.00000000,0.00463354,0.05694642,0.01063428,0.05256833,0.03549017,0.00000000,0.00000000,0.00000000,0.00000000,0.00000000,0.00542828,0.01616826,0.01010478,0.03399649,0.00000000,0.00000000,0.00000000,0.00000000,0.00009632,0.00572854,0.00881094,0.00362852,0.01509242,0.00154766,0.00000000,0.00009632,0.00000000,0.00363353,0.00250297,0.00376842,0.01275974,0.01200329,0.00781844,0.00089554,0.00819768,0.00368542,0.00238250,0.00009632,0.00009632,0.00776791,0.00531038,0.00113430,0.00393918,0.00324961,0.04368851,0.01649733,0.00106120,0.00098350,0.00202187,0.07109056,0.00787602,0.01373957,0.06838666,0.03033979,0.03246743,0.00271328,0.01764544,0.02850604,0.00752824,0.00386428,0.00000000,0.03626994,0.01245177,0.02249863,0.00878173,0.00408914,0.02273315,0.00197301,0.00475804,0.00000000,0.00000000,0.01212038,0.04396494,0.01444449,0.00554065,0.02874600,0.00400594,0.00000000,0.00000000,0.00000000,0.00056675,0.02442870,0.01346762,0.00129229,0.00341587,0.01450524,0.00000000,0.00000000,0.00000000,0.01160280,0.01078745,0.00220800,0.00000000,0.00000000,0.00000000,0.00000000,0.00000000,0.00000000,0.00318219,0.00000000,0.00000000,0.00000000,0.00000000,0.00000000,0.00000000
2025/10/10,0.00000000,0.00011674,0.00059886,0.00000000,0.01411914,0.01114726,0.00962265,0.00000000,0.00000000,0.00000000,0.00000000,0.00145089,0.00374412,0.07118123,0.10127819,0.00011674,0.00000000,0.00000000,0.00000000,0.00460871,0.00483632,0.02733357,0.02214085,0.02531834,0.00011674,0.00000000,0.00000000,0.00000000,0.00811068,0.00228572,0.03438229,0.04508159,0.06844106,0.02545648,0.00248200,0.00000000,0.00000000,0.00028269,0.00144333,0.00339010,0.06658185,0.02002558,0.03361198,0.02076620,0.00000000,0.00000000,0.00000000,0.00000000,0.00000000,0.00617483,0.01701641,0.01006007,0.06991767,0.00000000,0.00000000,0.00000000,0.00000000,0.00011674,0.00232516,0.01801209,0.00393683,0.01946378,0.00086289,0.00000000,0.00011674,0.00000000,0.00844479,0.02069443,0.02257156,0.01833658,0.01032781,0.00739507,0.01090754,0.00831518,0.00362616,0.00752327,0.00011674,0.00011674,0.01719549,0.00490916,0.00104611,0.01328245,0.00455003,0.03364822,0.02016340,0.00000000,0.00225012,0.00351263,0.07252896,0.02139071,0.00468833,0.06594642,0.04389291,0.01998420,0.00235407,0.00785442,0.03127217,0.00562173,0.00733914,0.00000000,0.03646435,0.01314491,0.01049598,0.01061500,0.00223287,0.01834105,0.00579098,0.00419347,0.00000000,0.00000000,0.01400843,0.04875650,0.01843479,0.02520221,0.01987862,0.00281387,0.00000000,0.00000000,0.00000000,0.00291827,0.03322585,0.01243310,0.00267277,0.00145518,0.01026663,0.00000000,0.00000000,0.00000000,0.00794813,0.00655671,0.00201151,0.00000000,0.00000000,0.00000000,0.00000000,0.00000000,0.00000000,0.00650119,0.00000000,0.00000000,0.00000000,0.00000000,0.00000000,0.00000000
2025/10/11,0.00000000,0.00013057,0.00106764,0.00000000,0.01233160,0.00581935,0.01282639,0.00000000,0.00000000,0.00000000,0.00000000,0.00155578,0.00453595,0.08363298,0.09626646,0.00013057,0.00000000,0.00000000,0.00000000,0.00188404,0.01460451,0.01873650,0.01155182,0.02037704,0.00013057,0.00000000,0.00000000,0.00000000,0.01219642,0.00257496,0.02672770,0.02904013,0.05817617,0.01063153,0.00429622,0.00000000,0.00000000,0.00182112,0.00179323,0.00313017,0.05252005,0.00811742,0.03307910,0.02182032,0.00000000,0.00000000,0.00000000,0.00000000,0.00000000,0.00697702,0.01389721,0.02029515,0.06997980,0.00000000,0.00000000,0.00000000,0.00000000,0.00013057,0.00583811,0.00952915,0.00862045,0.01277407,0.00048053,0.00000000,0.00013057,0.00000000,0.01938604,0.00851730,0.02791242,0.01102400,0.01595680,0.01239480,0.00839929,0.00999976,0.01140000,0.00316087,0.00013057,0.00013057,0.01674537,0.01041296,0.00011367,0.01998685,0.00934619,0.04616845,0.01708978,0.00086803,0.01114181,0.00518244,0.07933113,0.01432414,0.00040325,0.05788048,0.04616897,0.02883283,0.00169851,0.00834581,0.02099319,0.00499505,0.00427080,0.00000000,0.02201547,0.02289212,0.02329762,0.01098093,0.00350439,0.01040919,0.01501212,0.00415648,0.00000000,0.00000000,0.02056280,0.03727080,0.00901251,0.01617381,0.01010180,0.00295379,0.00000000,0.00000000,0.00000000,0.00995163,0.03394910,0.00640159,0.00878800,0.00185109,0.01037809,0.00000000,0.00000000,0.00000000,0.00082596,0.01397924,0.00539142,0.00000000,0.00000000,0.00000000,0.00000000,0.00000000,0.00000000,0.00161144,0.00000000,0.00000000,0.00000000,0.00000000,0.00000000,0.00000000
2025/10/12,0.00000000,0.00013003,0.00148678,0.00000000,0.00994188,0.00469718,0.00683863,0.00000000,0.00000000,0.00000000,0.00000000,0.00187999,0.00950768,0.07873742,0.09119792,0.00013003,0.00000000,0.00000000,0.00000000,0.00319508,0.00945336,0.03047911,0.01129329,0.04223482,0.00013003,0.00000000,0.00000000,0.00000000,0.00867228,0.00658721,0.01523534,0.02051183,0.06089515,0.01213821,0.00210382,0.00000000,0.00000000,0.00213680,0.00148461,0.00281412,0.05060289,0.01220013,0.05071263,0.03406585,0.00000000,0.00000000,0.00000000,0.00000000,0.00000000,0.01320573,0.02497038,0.00997818,0.03022093,0.00000000,0.00000000,0.00000000,0.00000000,0.00013003,0.00229915,0.00917502,0.00750874,0.00609618,0.00088007,0.00000000,0.00013003,0.00000000,0.01031851,0.01015605,0.03401683,0.01650590,0.00673095,0.01007731,0.00289687,0.01242987,0.00498204,0.00303030,0.00013003,0.00013003,0.00642110,0.01332731,0.00144300,0.01855570,0.01920528,0.02703574,0.01142468,0.00087539,0.01222968,0.00442685,0.09217323,0.00589356,0.00277083,0.04537793,0.02769364,0.03046735,0.00350507,0.02337784,0.02004144,0.00422123,0.00424983,0.00000000,0.01149031,0.01663091,0.02436865,0.02018295,0.00118713,0.02000960,0.00558226,0.00440991,0.00000000,0.00000000,0.01176122,0.02994265,0.01429332,0.00922386,0.03309422,0.00329811,0.00000000,0.00000000,0.00000000,0.00306434,0.04428834,0.00896252,0.00429417,0.00406872,0.00760201,0.00000000,0.00000000,0.00000000,0.00048100,0.00894063,0.00067242,0.00000000,0.00000000,0.00000000,0.00000000,0.00000000,0.00000000,0.00170832,0.00000000,0.00000000,0.00000000,0.00000000,0.00000000,0.00000000
2025/10/13,0.00000000,0.00012706,0.00182204,0.00000000,0.01010567,0.00531171,0.00304089,0.00000000,0.00000000,0.00000000,0.00000000,0.00237328,0.01934386,0.05040183,0.13142666,0.00012706,0.00000000,0.00000000,0.00000000,0.00628641,0.01059928,0.03219780,0.01193165,0.03712327,0.00012706,0.00000000,0.00000000,0.00000000,0.01468489,0.01939895,0.01122783,0.02064660,0.05544720,0.01169874,0.00162084,0.00000000,0.00000000,0.00233938,0.00138473,0.00263607,0.04463403,0.02237114,0.03942457,0.04474822,0.00000000,0.00000000,0.00000000,0.00000000,0.00000000,0.00853762,0.02682439,0.00549146,0.03181563,0.00000000,0.00000000,0.00000000,0.00000000,0.00012706,0.00157885,0.01006843,0.00463134,0.01151173,0.00235858,0.00000000,0.00012706,0.00000000,0.00606267,0.00479143,0.01566340,0.02703973,0.00478405,0.00514207,0.00353992,0.01581036,0.00393308,0.00318023,0.00012706,0.00012706,0.00375729,0.01864363,0.00208099,0.02796484,0.00945554,0.01991971,0.01414470,0.00044131,0.00236760,0.00272833,0.05775887,0.01387190,0.01306460,0.06923203,0.03853633,0.02219099,0.01053831,0.03737961,0.01404902,0.00386898,0.00598074,0.00000000,0.01511586,0.02179284,0.02808851,0.01118385,0.00495064,0.00958122,0.00632798,0.00276523,0.00000000,0.00000000,0.01087286,0.03556626,0.01266845,0.00733752,0.03098639,0.00311743,0.00000000,0.00000000,0.00000000,0.00109475,0.03017847,0.01600661,0.00861836,0.00927072,0.00719919,0.00000000,0.00000000,0.00000000,0.00131333,0.00558314,0.00230306,0.00000000,0.00000000,0.00000000,0.00000000,0.00000000,0.00000000,0.00130753,0.00000000,0.00000000,0.00000000,0.00000000,0.00000000,0.00000000
2025/10/14,0.00000000,0.00013856,0.00193177,0.00000000,0.01092142,0.00554530,0.00332393,0.00000000,0.00000000,0.00000000,0.00000000,0.00412524,0.00947603,0.05059312,0.12023596,0.00013856,0.00000000,0.00000000,0.00000000,0.00507835,0.02396993,0.01809874,0.02092907,0.03179001,0.00013856,0.00000000,0.00000000,0.00000000,0.01493335,0.00762595,0.02709420,0.01939779,0.04458396,0.01155354,0.00271044,0.00000000,0.00000000,0.00228515,0.00155776,0.00732641,0.04548126,0.03032568,0.05004920,0.03795000,0.00000000,0.00000000,0.00000000,0.00000000,0.00000000,0.00588538,0.01093496,0.00681134,0.06206472,0.00000000,0.00000000,0.00000000,0.00000000,0.00013856,0.00361222,0.01668913,0.00505339,0.01667133,0.00721881,0.00000000,0.00013856,0.00000000,0.00343213,0.00302341,0.01493878,0.02749738,0.00522489,0.00546642,0.00393265,0.02183944,0.00474813,0.00324790,0.00013856,0.00013856,0.00427655,0.01142075,0.00201513,0.00964258,0.00498144,0.02334843,0.00801900,0.00025998,0.00000000,0.00513217,0.04950952,0.00678872,0.01638516,0.05317223,0.03451186,0.01627459,0.00361461,0.01274121,0.01601963,0.01002506,0.00897085,0.00000000,0.01459365,0.02338803,0.02945162,0.00607602,0.01226233,0.01067985,0.00536375,0.00294119,0.00000000,0.00000000,0.01487520,0.01613248,0.01090254,0.01096658,0.03000286,0.00209452,0.00000000,0.00000000,0.00000000,0.00147503,0.03872940,0.00525846,0.00254182,0.02006153,0.00535501,0.00000000,0.00000000,0.00000000,0.00399665,0.00703777,0.00362208,0.00000000,0.00000000,0.00000000,0.00000000,0.00000000,0.00000000,0.00629016,0.00000000,0.00000000,0.00000000,0.00000000,0.00000000,0.00000000
2025/10/15,0.00000000,0.00013024,0.00176531,0.00000000,0.01573006,0.01263678,0.00674823,0.00000000,0.00000000,0.00000000,0.00000000,0.00165734,0.01087094,0.06725352,0.08295272,0.00013024,0.00000000,0.00000000,0.00000000,0.00621121,0.01097929,0.01020952,0.02434226,0.03765588,0.00013024,0.00000000,0.00000000,0.00000000,0.01225478,0.00556549,0.03592914,0.02912380,0.04517851,0.00955511,0.00219151,0.00000000,0.00000000,0.00237427,0.00187254,0.00518655,0.03867826,0.01026407,0.04021346,0.02007550,0.00000000,0.00000000,0.00000000,0.00000000,0.00000000,0.00450137,0.00823432,0.00680923,0.03650308,0.00000000,0.00000000,0.00000000,0.00000000,0.00013024,0.00398951,0.00992699,0.00530320,0.02415858,0.00210886,0.00000000,0.00013024,0.00000000,0.00389468,0.00293380,0.01697379,0.01543864,0.00449728,0.00762517,0.00431936,0.03303304,0.00469176,0.00550654,0.00013024,0.00013024,0.01080565,0.00831940,0.00155878,0.00561617,0.00335342,0.03338037,0.00682721,0.00063748,0.00000000,0.00738877,0.06206911,0.00598565,0.00484310,0.05301450,0.02656036,0.02907050,0.00151421,0.00346564,0.02074234,0.00397598,0.01521474,0.00000000,0.00681667,0.01661615,0.02408097,0.01599379,0.00784909,0.01979863,0.01436230,0.00390823,0.00000000,0.00000000,0.01721507,0.02276096,0.01004191,0.02421417,0.01699433,0.00212080,0.00000000,0.00000000,0.00000000,0.00168447,0.04200619,0.00096509,0.00133736,0.01033973,0.01400028,0.00000000,0.00000000,0.00000000,0.00591015,0.01415565,0.00291191,0.00000000,0.00000000,0.00000000,0.00000000,0.00000000,0.00000000,0.00267217,0.00000000,0.00000000,0.00000000,0.00000000,0.00000000,0.00000000
2025/10/16,0.00000000,0.00003729,0.00149653,0.00000000,0.01780199,0.00868801,0.00946712,0.00000000,0.00000000,0.00000000,0.00000000,0.00339577,0.01042037,0.05295094,0.08666079,0.00003729,0.00000000,0.00000000,0.00000000,0.00464526,0.01241704,0.01924868,0.03161468,0.03841806,0.00003729,0.00000000,0.00000000,0.00000000,0.01020068,0.00772534,0.03481229,0.05152963,0.03843729,0.00830851,0.00221486,0.00000000,0.00000000,0.00219308,0.00335388,0.00382178,0.05381620,0.01653267,0.03522200,0.01977604,0.00000000,0.00000000,0.00000000,0.00000000,0.00000000,0.00587242,0.01603243,0.00832058,0.02969189,0.00000000,0.00000000,0.00000000,0.00000000,0.00003729,0.00744998,0.01074322,0.00411769,0.04423406,0.00057045,0.00000000,0.00003729,0.00000000,0.00391526,0.00938460,0.02310666,0.02548347,0.01593498,0.00597017,0.00649352,0.03368372,0.00420529,0.00430814,0.00003729,0.00003729,0.00469668,0.00830749,0.00022469,0.01128443,0.00532518,0.03362123,0.00894600,0.00062856,0.00445536,0.01237186,0.08525347,0.00947529,0.00468160,0.08107822,0.02945378,0.02922510,0.00328753,0.00920076,0.02562476,0.00332662,0.01841396,0.00000000,0.00958554,0.01622093,0.02738624,0.02093210,0.00917074,0.02995338,0.00952164,0.00250424,0.00000000,0.00000000,0.01885170,0.03537389,0.01525530,0.02031220,0.01320234,0.01138482,0.00000000,0.00000000,0.00000000,0.00218466,0.03787812,0.00330332,0.00231291,0.01335541,0.00929378,0.00000000,0.00000000,0.00000000,0.00502118,0.01814005,0.00152276,0.00000000,0.00000000,0.00000000,0.00000000,0.00000000,0.00000000,0.00364600,0.00000000,0.00000000,0.00000000,0.00000000,0.00000000,0.00000000
2025/10/17,0.00000000,0.00000020,0.00132563,0.00000000,0.01745390,0.00615503,0.01212701,0.00000000,0.00000000,0.00000000,0.00000000,0.00227739,0.01114179,0.05599691,0.10031649,0.00000020,0.00000000,0.00000000,0.00000000,0.00686918,0.01773457,0.01931585,0.02846951,0.04438588,0.00000020,0.00000000,0.00000000,0.00000000,0.01048237,0.00829151,0.03413849,0.05677348,0.04598095,0.01402118,0.00256770,0.00000000,0.00000000,0.00367542,0.00969947,0.00464154,0.05599744,0.01956130,0.04602028,0.02703230,0.00000000,0.00000000,0.00000000,0.00000000,0.00000000,0.01374840,0.01528107,0.00965557,0.05756086,0.00000000,0.00000000,0.00000000,0.00000000,0.00000020,0.00682269,0.01508335,0.00405710,0.02557075,0.00056769,0.00000000,0.00000020,0.00000000,0.00437775,0.02138821,0.02170362,0.01854724,0.02169596,0.00581598,0.01150694,0.02868447,0.00815330,0.00345258,0.00000020,0.00000020,0.00634453,0.00927950,0.00000000,0.01955517,0.00633038,0.03107702,0.00847093,0.00328579,0.00490290,0.01578263,0.10633878,0.01627531,0.00435330,0.07439195,0.03492042,0.02138230,0.00266601,0.02801672,0.03622223,0.00563480,0.00576757,0.00000000,0.02353887,0.01633718,0.01950681,0.00755340,0.00791340,0.02071043,0.00599289,0.00205649,0.00000000,0.00000000,0.02655060,0.04368828,0.00959415,0.01514766,0.02180896,0.00198880,0.00000000,0.00000000,0.00000000,0.00260089,0.05708658,0.00839274,0.00234949,0.00663318,0.00766481,0.00000000,0.00000000,0.00000000,0.00344173,0.00987671,0.00071222,0.00000000,0.00000000,0.00000000,0.00000000,0.00000000,0.00000000,0.00415658,0.00000000,0.00000000,0.00000000,0.00000000,0.00000000,0.00000000
2025/10/18,0.00000000,0.00002294,0.00125948,0.00000000,0.02293664,0.00589081,0.00851020,0.00000000,0.00000000,0.00000000,0.00000000,0.00204062,0.00441224,0.08124374,0.09675416,0.00002294,0.00000000,0.00000000,0.00000000,0.01160648,0.01309821,0.01756845,0.03052934,0.04636126,0.00002294,0.00000000,0.00000000,0.00000000,0.02200374,0.01060697,0.03708409,0.04642222,0.02542228,0.02304743,0.00310401,0.00000000,0.00000000,0.00986710,0.00433513,0.00579332,0.05504538,0.01524197,0.05905513,0.01920838,0.00000000,0.00000000,0.00000000,0.00000000,0.00000000,0.00595356,0.00684105,0.00742362,0.04293870,0.00000000,0.00000000,0.00000000,0.00000000,0.00002294,0.00636167,0.01465964,0.00678332,0.01487816,0.00073882,0.00000000,0.00002294,0.00000000,0.00440911,0.01058342,0.01593900,0.02195559,0.01211105,0.00543728,0.01449570,0.02682315,0.02749029,0.00269569,0.00002294,0.00002294,0.01286050,0.01306528,0.00000000,0.01927576,0.00743939,0.05862019,0.01412636,0.00955608,0.00387462,0.01029339,0.05230312,0.01067826,0.00513097,0.07587691,0.04028168,0.02465431,0.00237204,0.02373698,0.04800436,0.00903310,0.00472696,0.00000000,0.04036270,0.01543107,0.02576008,0.00683678,0.00385930,0.01768338,0.00426382,0.00232675,0.00000000,0.00000000,0.03493880,0.02688956,0.01114224,0.01411717,0.02851697,0.00028561,0.00000000,0.00000000,0.00000000,0.00252682,0.04090241,0.01931170,0.00238957,0.00447923,0.00789204,0.00000000,0.00000000,0.00000000,0.00416928,0.00939105,0.00132566,0.00000000,0.00000000,0.00000000,0.00000000,0.00000000,0.00000000,0.00450541,0.00000000,0.00000000,0.00000000,0.00000000,0.00000000,0.00000000
2025/10/19,0.00000000,0.00002780,0.00121038,0.00000000,0.02821407,0.00627475,0.00664638,0.00000000,0.00000000,0.00000000,0.00000000,0.00209260,0.00599916,0.08983336,0.09566113,0.00002780,0.00000000,0.00000000,0.00000000,0.00702883,0.01519900,0.02629092,0.02720978,0.04625468,0.00002780,0.00000000,0.00000000,0.00000000,0.01019384,0.01951355,0.03607316,0.04720559,0.03401692,0.03055793,0.00326888,0.00000000,0.00000000,0.00423821,0.00212498,0.00555844,0.04641329,0.01650629,0.06268874,0.01977386,0.00000000,0.00000000,0.00000000,0.00000000,0.00000000,0.00903163,0.00376616,0.00614709,0.03806520,0.00000000,0.00000000,0.00000000,0.00000000,0.00002780,0.00774624,0.02014714,0.01741185,0.02158642,0.00102165,0.00000000,0.00002780,0.00000000,0.00461973,0.01128291,0.01598938,0.03296545,0.00826480,0.00510427,0.00950068,0.02499392,0.00716603,0.00316222,0.00002780,0.00002780,0.02059319,0.00864074,0.00661339,0.01119464,0.01281647,0.05613387,0.00746219,0.00354072,0.00412457,0.00718218,0.04717966,0.00962438,0.00637517,0.08856189,0.03446746,0.03757833,0.00275241,0.01565084,0.04449947,0.00667189,0.00693090,0.00000000,0.03545154,0.01566368,0.02700202,0.00798510,0.00270433,0.01411514,0.00311583,0.00337118,0.00000000,0.00000000,0.02818521,0.03216075,0.02423008,0.01172767,0.01918574,0.00112929,0.00000000,0.00000000,0.00000000,0.00294098,0.03138715,0.01941591,0.00312322,0.00374857,0.01280434,0.00000000,0.00000000,0.00000000,0.00866581,0.01050781,0.00357726,0.00000000,0.00000000,0.00000000,0.00000000,0.00000000,0.00000000,0.00509134,0.00000000,0.00000000,0.00000000,0.00000000,0.00000000,0.00000000
2025/10/20,0.00000000,0.00003546,0.00120702,0.00000000,0.02140377,0.00582155,0.00439203,0.00000000,0.00000000,0.00000000,0.00000000,0.00212613,0.01619284,0.07616807,0.09833776,0.00003546,0.00000000,0.00000000,0.00000000,0.00661758,0.02388138,0.01813866,0.02186761,0.03058570,0.00003546,0.00000000,0.00000000,0.00000000,0.00855181,0.01691929,0.02936797,0.04969102,0.03762567,0.01671162,0.00177688,0.00000000,0.00000000,0.00247667,0.00082685,0.00583554,0.05630321,0.01324482,0.06424665,0.02767062,0.00000000,0.00000000,0.00000000,0.00000000,0.00000000,0.00402503,0.00774037,0.01067561,0.04797954,0.00000000,0.00000000,0.00000000,0.00000000,0.00003546,0.00711154,0.01468838,0.00799282,0.02489419,0.00117941,0.00000000,0.00003546,0.00000000,0.00542994,0.02344760,0.01820025,0.02946357,0.01281550,0.00519984,0.00824672,0.02429210,0.00266674,0.00332583,0.00003546,0.00003546,0.00897549,0.00831654,0.00000000,0.00800135,0.00544829,0.03563200,0.00752101,0.00085457,0.00701312,0.00499198,0.07202697,0.00937148,0.01419226,0.06686844,0.04970923,0.02428955,0.00291820,0.01562591,0.03246729,0.01083049,0.00707402,0.00000000,0.01453259,0.00945093,0.02005784,0.01088505,0.01065619,0.01786899,0.00345600,0.00628928,0.00000000,0.00000000,0.02359276,0.03664135,0.01080109,0.01327634,0.01992042,0.00229932,0.00000000,0.00000000,0.00000000,0.00129783,0.05516724,0.02349791,0.00182876,0.00368523,0.00588510,0.00000000,0.00000000,0.00000000,0.00343017,0.01635463,0.00964182,0.00000000,0.00000000,0.00000000,0.00000000,0.00000000,0.00000000,0.00427510,0.00000000,0.00000000,0.00000000,0.00000000,0.00000000,0.00000000
2025/10/21,0.00000000,0.00002765,0.00116426,0.00000000,0.01161554,0.00660027,0.00541375,0.00000000,0.00000000,0.00000000,0.00000000,0.00242044,0.01254067,0.08723985,0.07938351,0.00002765,0.00000000,0.00000000,0.00000000,0.00915232,0.01691017,0.01203540,0.02668027,0.03493436,0.00002765,0.00000000,0.00000000,0.00000000,0.01560531,0.01321246,0.03210588,0.04230917,0.03742490,0.01109344,0.00230082,0.00000000,0.00000000,0.00181387,0.00000000,0.00510685,0.06603798,0.01440532,0.06323598,0.01815179,0.00000000,0.00000000,0.00000000,0.00000000,0.00000000,0.00656796,0.01375058,0.01201517,0.03436927,0.00000000,0.00000000,0.00000000,0.00000000,0.00002765,0.00577789,0.01050905,0.00437720,0.03341381,0.00122733,0.00000000,0.00002765,0.00000000,0.00769901,0.03000096,0.01895239,0.02094182,0.00816353,0.00445064,0.00798596,0.02310867,0.00212361,0.00318554,0.00002765,0.00002765,0.00535742,0.00477931,0.00000000,0.01276291,0.00244714,0.03576531,0.01212165,0.00000000,0.01546460,0.00862848,0.08073930,0.01429871,0.00605273,0.06024351,0.06349749,0.02122402,0.00329396,0.01287357,0.02575376,0.02510497,0.00757773,0.00000000,0.01056195,0.01516988,0.01701369,0.01432525,0.00493772,0.01916248,0.00407477,0.01364511,0.00000000,0.00000000,0.02307309,0.03213924,0.00657943,0.00787997,0.02547337,0.00293969,0.00000000,0.00000000,0.00000000,0.00027213,0.05092679,0.01220200,0.00175665,0.00441473,0.00804046,0.00000000,0.00000000,0.00000000,0.00030636,0.01691746,0.00421705,0.00000000,0.00000000,0.00000000,0.00000000,0.00000000,0.00000000,0.00445646,0.00000000,0.00000000,0.00000000,0.00000000,0.00000000,0.00000000
2025/10/22,0.00000000,0.00003058,0.00117199,0.00000000,0.01509965,0.00960277,0.00574940,0.00000000,0.00000000,0.00000000,0.00000000,0.00351119,0.02211039,0.08521972,0.06942975,0.00003058,0.00000000,0.00000000,0.00000000,0.00542712,0.02120930,0.01306463,0.02313099,0.03613610,0.00003058,0.00000000,0.00000000,0.00000000,0.01543594,0.00540011,0.01846148,0.05641665,0.04344217,0.01000809,0.01111520,0.00000000,0.00000000,0.00125843,0.00001931,0.00469501,0.06600796,0.01527785,0.03637792,0.02688975,0.00000000,0.00000000,0.00000000,0.00000000,0.00000000,0.01627219,0.01026743,0.00504145,0.03164577,0.00000000,0.00000000,0.00000000,0.00000000,0.00003058,0.00464709,0.01113764,0.00357803,0.02065070,0.00115945,0.00000000,0.00003058,0.00000000,0.01425155,0.02453782,0.01481873,0.02773330,0.00839540,0.00530121,0.01301520,0.02211569,0.00290128,0.00318329,0.00003058,0.00003058,0.00585352,0.00449079,0.00039072,0.03105841,0.00453350,0.03443610,0.01163833,0.00000000,0.00551341,0.00419483,0.08020280,0.00715078,0.00392432,0.04704475,0.07157423,0.03073101,0.00229273,0.01126133,0.02232998,0.01073159,0.00669696,0.00000000,0.01454649,0.01753803,0.01987252,0.02132958,0.00702936,0.01125917,0.00479885,0.01102130,0.00000000,0.00000000,0.02347224,0.03842378,0.00450433,0.00969977,0.02440186,0.00309935,0.00000000,0.00000000,0.00000000,0.00085275,0.05621240,0.01076041,0.00132467,0.00667153,0.02080281,0.00000000,0.00000000,0.00000000,0.00138645,0.01330790,0.00372274,0.00000000,0.00000000,0.00000000,0.00000000,0.00000000,0.00000000,0.00463344,0.00000000,0.00000000,0.00000000,0.00000000,0.00000000,0.00000000
2025/10/23,0.00000000,0.00003037,0.00121321,0.00000000,0.00650593,0.00522562,0.00594364,0.00000000,0.00000000,0.00000000,0.00000000,0.00244811,0.02135094,0.07904471,0.08927906,0.00003037,0.00000000,0.00000000,0.00000000,0.00434003,0.01990146,0.01528228,0.02195559,0.03248447,0.00003037,0.00000000,0.00000000,0.00000000,0.01316170,0.00780592,0.02049286,0.04000489,0.04288477,0.00947277,0.00231944,0.00000000,0.00000000,0.00092382,0.00590533,0.00468376,0.05449292,0.01980382,0.03855749,0.03133991,0.00000000,0.00000000,0.00000000,0.00000000,0.00000000,0.01190863,0.01005682,0.00617891,0.03882373,0.00000000,0.00000000,0.00000000,0.00000000,0.00003037,0.00492526,0.00945731,0.00399739,0.03153213,0.00132430,0.00000000,0.00003037,0.00000000,0.01015299,0.00627256,0.01093057,0.01363313,0.01050278,0.00574023,0.00556422,0.02132028,0.00355197,0.00300831,0.00003037,0.00003037,0.01077244,0.01785317,0.00131992,0.02022685,0.01866394,0.02403136,0.01792828,0.00000000,0.00237126,0.01171521,0.06800292,0.01477581,0.00587505,0.06398417,0.05936103,0.02533891,0.00248636,0.01061101,0.03263775,0.01457020,0.00634921,0.00000000,0.01207849,0.01699615,0.02966325,0.02064980,0.01204833,0.01564587,0.00476002,0.00389783,0.00000000,0.00000000,0.02417182,0.03586442,0.00374621,0.00560932,0.02172163,0.00258532,0.00000000,0.00000000,0.00000000,0.00698609,0.06198422,0.01609523,0.00118670,0.01670278,0.00764407,0.00000000,0.00000000,0.00000000,0.00399503,0.01219814,0.00909015,0.00000000,0.00000000,0.00000000,0.00000000,0.00000000,0.00000000,0.00306106,0.00000000,0.00000000,0.00000000,0.00000000,0.00000000,0.00000000
2025/10/24,0.00000000,0.00004400,0.00130231,0.00000000,0.00531359,0.00470891,0.00596714,0.00000000,0.00000000,0.00000000,0.00000000,0.00187285,0.01410529,0.07427588,0.07304077,0.00004400,0.00000000,0.00000000,0.00000000,0.00406383,0.01558178,0.02086617,0.01175753,0.02519526,0.00004400,0.00000000,0.00000000,0.00000000,0.00764975,0.01499980,0.02206342,0.02687967,0.02784484,0.01177173,0.00097146,0.00000000,0.00000000,0.00095180,0.00000000,0.00304565,0.05192692,0.01801590,0.05300679,0.03134965,0.00000000,0.00000000,0.00000000,0.00000000,0.00000000,0.01547710,0.01708717,0.00842318,0.04675021,0.00000000,0.00000000,0.00000000,0.00000000,0.00004400,0.00869476,0.01102649,0.00486490,0.01542237,0.00112349,0.00000000,0.00004400,0.00000000,0.00618889,0.00567532,0.01228663,0.02098400,0.01183711,0.00483383,0.00413605,0.02124004,0.00506160,0.00301080,0.00004400,0.00004400,0.00536020,0.00672653,0.00157982,0.01036847,0.00596608,0.02280586,0.01067737,0.00000000,0.00150854,0.00996595,0.07957072,0.01408000,0.00458540,0.05623978,0.05197308,0.02595808,0.00623035,0.01355186,0.02249326,0.01524653,0.00811248,0.00000000,0.02423653,0.00719866,0.03370719,0.01094741,0.00450082,0.01150457,0.00484574,0.00321385,0.00000000,0.00000000,0.02609213,0.02712557,0.00964485,0.00779711,0.03741938,0.00193282,0.00000000,0.00000000,0.00000000,0.00106175,0.04427321,0.01130396,0.00124123,0.00753785,0.00590280,0.00000000,0.00000000,0.00000000,0.00330386,0.00609883,0.00542355,0.00000000,0.00000000,0.00000000,0.00000000,0.00000000,0.00000000,0.00063565,0.00000000,0.00000000,0.00000000,0.00000000,0.00000000,0.00000000
2025/10/25,0.00000000,0.00002009,0.00103058,0.00000000,0.00947895,0.00463739,0.00665840,0.00000000,0.00000000,0.00000000,0.00000000,0.00186534,0.01610338,0.08789202,0.07868870,0.00002009,0.00000000,0.00000000,0.00000000,0.00155824,0.01634409,0.01341335,0.01295632,0.02991295,0.00002009,0.00000000,0.00000000,0.00000000,0.00958842,0.00926265,0.02899037,0.03561840,0.04572541,0.01822497,0.00218235,0.00000000,0.00000000,0.00053941,0.00000000,0.00402809,0.05172831,0.02620194,0.04655860,0.03972637,0.00000000,0.00000000,0.00000000,0.00000000,0.00000000,0.00536822,0.01306725,0.00802010,0.05205439,0.00000000,0.00000000,0.00000000,0.00000000,0.00002009,0.00476391,0.02044835,0.00517019,0.01832899,0.00078584,0.00000000,0.00002009,0.00000000,0.00505303,0.01304338,0.01067672,0.02254405,0.01605049,0.00481100,0.00382350,0.02055660,0.00391543,0.00210539,0.00002009,0.00002009,0.00591337,0.00865685,0.00129072,0.00899774,0.01055726,0.03423533,0.01121832,0.00000000,0.00143249,0.01807533,0.08341321,0.01133746,0.00585024,0.07086065,0.06266779,0.03957944,0.00180601,0.01807171,0.02468162,0.00700386,0.00714263,0.00000000,0.01281020,0.01026583,0.01821569,0.00707851,0.00700213,0.01893394,0.00494736,0.00605063,0.00000000,0.00000000,0.03189587,0.02764286,0.01266350,0.00950732,0.02577302,0.00244823,0.00000000,0.00000000,0.00000000,0.00000000,0.03699705,0.01533658,0.00115144,0.00446799,0.00572527,0.00000000,0.00000000,0.00000000,0.00392117,0.00953861,0.01090644,0.00000000,0.00000000,0.00000000,0.00000000,0.00000000,0.00000000,0.00000000,0.00000000,0.00000000,0.00000000,0.00000000,0.00000000,0.00000000
2025/10/26,0.00000000,0.00002469,0.00100437,0.00000000,0.02007565,0.00610517,0.00817271,0.00000000,0.00000000,0.00000000,0.00000000,0.00186149,0.01195554,0.08002958,0.09274173,0.00002469,0.00000000,0.00000000,0.00000000,0.00235819,0.01797315,0.00910096,0.00884487,0.02431182,0.00002469,0.00000000,0.00000000,0.00000000,0.00619879,0.00628705,0.05405856,0.01656562,0.03120916,0.03315962,0.00250200,0.00000000,0.00000000,0.00041259,0.00048788,0.00335800,0.04047956,0.02676632,0.04962280,0.02182361,0.00000000,0.00000000,0.00000000,0.00000000,0.00000000,0.00326573,0.02060155,0.00761479,0.06504372,0.00000000,0.00000000,0.00000000,0.00000000,0.00002469,0.00361002,0.02656120,0.00486168,0.02010739,0.00084158,0.00000000,0.00002469,0.00000000,0.00468353,0.01322398,0.00827354,0.01870736,0.00894787,0.00450866,0.00350873,0.01957857,0.00100998,0.00146395,0.00002469,0.00002469,0.01443392,0.01732220,0.00076128,0.00730141,0.00442186,0.04405431,0.01384399,0.00000000,0.00213261,0.01690891,0.07159252,0.02264698,0.01458489,0.06679797,0.04168499,0.03731942,0.00124689,0.01201708,0.04026290,0.00575156,0.00657707,0.00000000,0.01400335,0.01302286,0.01561506,0.01242818,0.01183477,0.01199652,0.00479339,0.00019979,0.00000000,0.00000000,0.01633927,0.02034997,0.00679601,0.00892643,0.02565163,0.00224630,0.00000000,0.00000000,0.00000000,0.00085109,0.04475782,0.01458728,0.00127960,0.00399913,0.00558986,0.00000000,0.00000000,0.00000000,0.00192927,0.01049824,0.00721968,0.00000000,0.00000000,0.00000000,0.00000000,0.00000000,0.00000000,0.00094885,0.00000000,0.00000000,0.00000000,0.00000000,0.00000000,0.00000000
2025/10/27,0.00000000,0.00002584,0.00102440,0.00000000,0.00845043,0.00384329,0.01068167,0.00000000,0.00000000,0.00000000,0.00000000,0.00187788,0.01460052,0.05894410,0.09267143,0.00002584,0.00000000,0.00000000,0.00000000,0.00372608,0.02171206,0.01675397,0.01385187,0.02281241,0.00002584,0.00000000,0.00000000,0.00000000,0.00737161,0.00767162,0.04844866,0.01949754,0.03108436,0.01681477,0.00229009,0.00000000,0.00000000,0.00098053,0.00109801,0.00339207,0.03786340,0.01126168,0.04838509,0.02186627,0.00000000,0.00000000,0.00000000,0.00000000,0.00000000,0.00402768,0.00922971,0.00701741,0.03869388,0.00000000,0.00000000,0.00000000,0.00000000,0.00002584,0.00167151,0.01374696,0.00540243,0.01549811,0.00078698,0.00000000,0.00002584,0.00000000,0.00438435,0.01192778,0.00846661,0.00906930,0.01199665,0.00525327,0.00426240,0.01875424,0.00313053,0.00192091,0.00002584,0.00002584,0.01816928,0.01160382,0.00079125,0.00984047,0.00437733,0.04038393,0.00823802,0.00021308,0.00441728,0.02664955,0.08745918,0.01299193,0.00498091,0.08859904,0.04239910,0.01778938,0.00198690,0.00934825,0.03238112,0.00553948,0.00630816,0.00000000,0.01907917,0.02123587,0.01698319,0.00599398,0.00610540,0.01412576,0.00473740,0.00000000,0.00000000,0.00000000,0.01258613,0.03252143,0.01202036,0.00968655,0.03113325,0.00177450,0.00000000,0.00000000,0.00000000,0.00022250,0.03823698,0.01081806,0.00033848,0.00414483,0.00730332,0.00000000,0.00000000,0.00000000,0.00102710,0.01261300,0.01119669,0.00000000,0.00000000,0.00000000,0.00000000,0.00000000,0.00000000,0.01063065,0.00000000,0.00000000,0.00000000,0.00000000,0.00000000,0.00000000
2025/10/28,0.00000000,0.00003279,0.00103581,0.00000000,0.00559890,0.00315985,0.01389384,0.00000000,0.00000000,0.00000000,0.00000000,0.00189300,0.00755802,0.05499281,0.10812704,0.00003279,0.00000000,0.00000000,0.00000000,0.00388315,0.02161201,0.01287157,0.01860136,0.02643082,0.00003279,0.00000000,0.00000000,0.00000000,0.00712612,0.01431971,0.05025244,0.03575502,0.02410274,0.00930900,0.00184933,0.00000000,0.00000000,0.00082803,0.00137396,0.00473747,0.04019042,0.01152936,0.05120299,0.02461908,0.00000000,0.00000000,0.00000000,0.00000000,0.00000000,0.00416555,0.00916213,0.00816784,0.03333794,0.00000000,0.00000000,0.00000000,0.00000000,0.00003279,0.00236549,0.01803608,0.00487066,0.02329700,0.00064523,0.00000000,0.00003279,0.00000000,0.00396666,0.01125565,0.01233361,0.01858308,0.00980833,0.00526311,0.00453049,0.01783518,0.00686421,0.00215319,0.00003279,0.00003279,0.00684785,0.01025341,0.00078129,0.01263376,0.00685844,0.01588799,0.00495185,0.00040944,0.01093886,0.01340124,0.09467155,0.01498258,0.00318398,0.06604080,0.03753934,0.01396460,0.00195988,0.00769196,0.02699500,0.00528546,0.01157147,0.00000000,0.00887061,0.00790537,0.02408316,0.00721175,0.00524146,0.02130606,0.00396089,0.00655864,0.00000000,0.00000000,0.02090003,0.02712971,0.00683496,0.01173668,0.01531233,0.00224956,0.00000000,0.00000000,0.00000000,0.00202939,0.02653785,0.00122830,0.00175202,0.00451721,0.00490232,0.00000000,0.00000000,0.00000000,0.00141715,0.02252639,0.00380178,0.00000000,0.00000000,0.00000000,0.00000000,0.00000000,0.00000000,0.02039124,0.00000000,0.00000000,0.00000000,0.00000000,0.00000000,0.00000000
2025/10/29,0.00000000,0.00003666,0.00106965,0.00000000,0.00866542,0.00418576,0.00956516,0.00000000,0.00000000,0.00000000,0.00000000,0.00190942,0.00636730,0.08259974,0.09206591,0.00003666,0.00000000,0.00000000,0.00000000,0.00429934,0.00997683,0.01216399,0.02463861,0.03156610,0.00003666,0.00000000,0.00000000,0.00000000,0.01171294,0.00636412,0.02397870,0.03092111,0.02749119,0.00961454,0.00174379,0.00000000,0.00000000,0.00080603,0.00164308,0.00794537,0.03888136,0.01430532,0.04007514,0.01775541,0.00000000,0.00000000,0.00000000,0.00000000,0.00000000,0.00405373,0.01702646,0.01649821,0.03843101,0.00000000,0.00000000,0.00000000,0.00000000,0.00003666,0.00424230,0.01880017,0.00519219,0.02446303,0.00051046,0.00000000,0.00003666,0.00000000,0.00453871,0.01217101,0.02844690,0.01843328,0.00354773,0.00706396,0.00764158,0.01709142,0.00242076,0.00284163,0.00003666,0.00003666,0.00577677,0.02103008,0.00058477,0.01037616,0.00983621,0.01928679,0.01230255,0.00075895,0.00355896,0.00862630,0.09901963,0.00885331,0.00444436,0.05280156,0.02525056,0.02099552,0.00033995,0.00773671,0.02909548,0.01050431,0.00597146,0.00000000,0.01284475,0.00585698,0.03631829,0.00776644,0.00501687,0.01463858,0.00495127,0.00225683,0.00000000,0.00000000,0.01624587,0.02226765,0.00477873,0.01275954,0.02122823,0.00278045,0.00000000,0.00000000,0.00000000,0.00252440,0.02702039,0.00784918,0.00075105,0.00496289,0.00288182,0.00000000,0.00000000,0.00000000,0.01045651,0.01072471,0.00134831,0.00000000,0.00000000,0.00000000,0.00000000,0.00000000,0.00000000,0.00370094,0.00000000,0.00000000,0.00000000,0.00000000,0.00000000,0.00000000
2025/10/30,0.00000000,0.00005604,0.00105161,0.00000000,0.01578947,0.00772418,0.00726389,0.00000000,0.00000000,0.00000000,0.00000000,0.00188303,0.00536735,0.07658926,0.08517987,0.00005604,0.00000000,0.00000000,0.00000000,0.00520450,0.01790655,0.01397041,0.03049915,0.02950995,0.00005604,0.00000000,0.00000000,0.00000000,0.01249461,0.00911146,0.02312127,0.05265847,0.04318731,0.01808186,0.00193984,0.00000000,0.00000000,0.00074815,0.00149877,0.01422165,0.04268005,0.01960683,0.04601936,0.02010210,0.00000000,0.00000000,0.00000000,0.00000000,0.00000000,0.00403184,0.01037024,0.00700584,0.04320690,0.00000000,0.00000000,0.00000000,0.00000000,0.00005604,0.01282672,0.02306765,0.00523368,0.02437630,0.00060623,0.00000000,0.00005604,0.00000000,0.00596539,0.01317210,0.02150586,0.02432416,0.00544610,0.01304848,0.01517632,0.01655015,0.00168630,0.00375953,0.00005604,0.00005604,0.00573565,0.02263175,0.00073264,0.01188715,0.01662956,0.03191465,0.00505346,0.00086539,0.00331734,0.00537145,0.07740366,0.01543478,0.00445045,0.06172635,0.03521994,0.02707107,0.00145824,0.00840999,0.02940204,0.00495472,0.00626915,0.00000000,0.02100348,0.00726327,0.03546131,0.00804214,0.00833790,0.01391679,0.00511086,0.00269584,0.00000000,0.00000000,0.01550999,0.01312607,0.00509481,0.01927185,0.02187623,0.00305858,0.00000000,0.00000000,0.00000000,0.00257831,0.02999686,0.00720417,0.00294372,0.00388865,0.00145090,0.00000000,0.00000000,0.00000000,0.01544901,0.00731539,0.00098931,0.00000000,0.00000000,0.00000000,0.00000000,0.00000000,0.00000000,0.00000000,0.00000000,0.00000000,0.00000000,0.00000000,0.00000000,0.00000000
2025/10/31,0.00000000,0.00004990,0.00126733,0.00000000,0.00893046,0.01903392,0.00499452,0.00000000,0.00000000,0.00000000,0.00000000,0.00197998,0.00974460,0.06534777,0.08338278,0.00004990,0.00000000,0.00000000,0.00000000,0.00453508,0.01662358,0.02093603,0.01698761,0.02570609,0.00004990,0.00000000,0.00000000,0.00000000,0.00766752,0.01370245,0.01857693,0.04267603,0.04659659,0.00765266,0.00213134,0.00000000,0.00000000,0.00067354,0.00114037,0.01004782,0.03854543,0.02200403,0.07205059,0.01961565,0.00000000,0.00000000,0.00000000,0.00000000,0.00000000,0.00480548,0.00905883,0.00411753,0.04655746,0.00000000,0.00000000,0.00000000,0.00000000,0.00004990,0.00987146,0.00813471,0.00523555,0.01856081,0.00001987,0.00000000,0.00004990,0.00000000,0.01083759,0.01410220,0.02160611,0.01933476,0.00887615,0.00732409,0.00736685,0.01649616,0.00129968,0.00351135,0.00004990,0.00004990,0.00538978,0.01241529,0.00099174,0.01876414,0.01080832,0.02920064,0.01279258,0.00053199,0.00404628,0.00477871,0.07783042,0.00912075,0.00939865,0.05924942,0.03977898,0.04237215,0.00180947,0.00967848,0.04030838,0.00474183,0.00753240,0.00000000,0.01957614,0.01698843,0.03555386,0.00775445,0.00404259,0.00917147,0.00484542,0.00553612,0.00000000,0.00000000,0.02008526,0.02999274,0.00580059,0.01710633,0.01579964,0.00282215,0.00000000,0.00000000,0.00000000,0.00342075,0.05377091,0.00850182,0.00349108,0.00437460,0.00390443,0.00000000,0.00000000,0.00000000,0.00258963,0.00785063,0.00098591,0.00000000,0.00000000,0.00000000,0.00000000,0.00000000,0.00000000,0.00000000,0.00000000,0.00000000,0.00000000,0.00000000,0.00000000,0.00000000
2025/11/1,0.00000000,0.00006031,0.00212234,0.00000000,0.00833599,0.00924755,0.00420360,0.00000000,0.00000000,0.00000000,0.00000000,0.00218787,0.01747596,0.05563951,0.08749659,0.00006031,0.00000000,0.00000000,0.00000000,0.00402813,0.01003485,0.01159466,0.02711169,0.03643846,0.00006031,0.00000000,0.00000000,0.00000000,0.00419822,0.00646042,0.01533630,0.04425351,0.05237915,0.00604137,0.00180418,0.00000000,0.00000000,0.00089799,0.00171611,0.01306949,0.02407888,0.01331665,0.06694103,0.03863350,0.00000000,0.00000000,0.00000000,0.00000000,0.00000000,0.00390004,0.01729080,0.00402810,0.04164326,0.00000000,0.00000000,0.00000000,0.00000000,0.00006031,0.01773830,0.00686592,0.00543439,0.02040252,0.00026758,0.00000000,0.00006031,0.00000000,0.00471527,0.00716757,0.01120404,0.02280889,0.01037247,0.01163631,0.00335590,0.01586182,0.00691358,0.00178110,0.00006031,0.00006031,0.00399000,0.00951895,0.00129087,0.01166719,0.00693374,0.04160743,0.01582281,0.00057116,0.00451757,0.00437964,0.07548751,0.00730093,0.00800251,0.04461529,0.02788619,0.02743207,0.00239770,0.01486067,0.03128531,0.00651904,0.00612126,0.00000000,0.01643621,0.01148347,0.04870673,0.00562125,0.00935771,0.02160319,0.00283543,0.01002771,0.00000000,0.00000000,0.01251865,0.02506861,0.00676365,0.00856053,0.02755838,0.00245853,0.00000000,0.00000000,0.00000000,0.00179598,0.02394434,0.00976609,0.00308482,0.01423327,0.00808295,0.00000000,0.00000000,0.00000000,0.00796965,0.02184538,0.00190251,0.00000000,0.00000000,0.00000000,0.00000000,0.00000000,0.00000000,0.00111221,0.00000000,0.00000000,0.00000000,0.00000000,0.00000000,0.00000000
2025/11/2,0.00000000,0.00003156,0.00109994,0.00000000,0.00907999,0.00657282,0.01005527,0.00000000,0.00000000,0.00000000,0.00000000,0.00182729,0.00558129,0.05685514,0.09160958,0.00003156,0.00000000,0.00000000,0.00000000,0.00779161,0.00774150,0.01991830,0.02236984,0.02839213,0.00003156,0.00000000,0.00000000,0.00000000,0.01002190,0.01027569,0.01580592,0.04327937,0.06656335,0.00903639,0.00111556,0.00000000,0.00000000,0.00075353,0.00155709,0.00589174,0.04241455,0.01869861,0.04616066,0.03251905,0.00000000,0.00000000,0.00000000,0.00000000,0.00000000,0.00453564,0.01737753,0.00732364,0.03138210,0.00000000,0.00000000,0.00000000,0.00000000,0.00003156,0.00914574,0.01123045,0.00403868,0.02021367,0.00000000,0.00000000,0.00003156,0.00000000,0.00213802,0.00724558,0.01467271,0.01598629,0.01063359,0.00471719,0.00225693,0.01510684,0.00321137,0.00098909,0.00003156,0.00003156,0.00319574,0.00885540,0.00085921,0.00849203,0.00391854,0.03045467,0.00706365,0.00007626,0.00322253,0.00236101,0.07837100,0.00665374,0.01385718,0.07786389,0.02329994,0.03451442,0.00245251,0.02279357,0.03048572,0.00654918,0.00657820,0.00000000,0.02387891,0.01179906,0.02327661,0.00767268,0.00563669,0.01289054,0.00158494,0.00539764,0.00000000,0.00000000,0.01059325,0.03064590,0.00923503,0.00913454,0.02769074,0.00205007,0.00000000,0.00000000,0.00000000,0.00018711,0.02184558,0.01379336,0.00168869,0.00412275,0.01206008,0.00000000,0.00000000,0.00000000,0.01282353,0.01423640,0.00103347,0.00000000,0.00000000,0.00000000,0.00000000,0.00000000,0.00000000,0.00382249,0.00000000,0.00000000,0.00000000,0.00000000,0.00000000,0.00000000
2025/11/3,0.00000000,0.00004584,0.00085951,0.00000000,0.00942884,0.00863337,0.00499941,0.00000000,0.00000000,0.00000000,0.00000000,0.00179059,0.00282265,0.06211442,0.06394285,0.00004584,0.00000000,0.00000000,0.00000000,0.00814854,0.00860716,0.02751660,0.01978510,0.03050846,0.00004584,0.00000000,0.00000000,0.00000000,0.00741153,0.00165767,0.02593072,0.04570741,0.06210861,0.02393635,0.00154944,0.00000000,0.00000000,0.00125803,0.00116170,0.00350664,0.05419888,0.02686220,0.03125951,0.02083779,0.00000000,0.00000000,0.00000000,0.00000000,0.00000000,0.00535835,0.01327818,0.00601470,0.05993839,0.00000000,0.00000000,0.00000000,0.00000000,0.00004584,0.00741287,0.02191695,0.00389510,0.02618018,0.00011379,0.00000000,0.00004584,0.00000000,0.00388842,0.02362242,0.02942219,0.01851155,0.00584060,0.00596522,0.01112817,0.01459182,0.00525249,0.00656043,0.00004584,0.00004584,0.00927015,0.00790781,0.00094389,0.01599258,0.00328676,0.02367095,0.01269760,0.00037717,0.00216035,0.00377857,0.07226975,0.01581991,0.00521113,0.06876816,0.04299343,0.01984182,0.00174111,0.00962083,0.03881731,0.00740767,0.00923884,0.00000000,0.02817603,0.01369397,0.01386383,0.00889272,0.00754431,0.01023043,0.00284862,0.00460625,0.00000000,0.00000000,0.00929826,0.04375448,0.01711698,0.02458579,0.01977455,0.00212529,0.00000000,0.00000000,0.00000000,0.00026334,0.02517392,0.01317381,0.00101164,0.00172445,0.00631256,0.00000000,0.00000000,0.00000000,0.01416607,0.00676294,0.00171147,0.00000000,0.00000000,0.00000000,0.00000000,0.00000000,0.00000000,0.00969306,0.00000000,0.00000000,0.00000000,0.00000000,0.00000000,0.00000000
2025/11/4,0.00000000,0.00005221,0.00086935,0.00000000,0.01106158,0.00374654,0.00939419,0.00000000,0.00000000,0.00000000,0.00000000,0.00177239,0.00253985,0.08130660,0.06196985,0.00005221,0.00000000,0.00000000,0.00000000,0.00188663,0.01808535,0.01872986,0.01208945,0.02666317,0.00005221,0.00000000,0.00000000,0.00000000,0.00788451,0.00008229,0.02647061,0.03004550,0.05052802,0.00969139,0.00208450,0.00000000,0.00000000,0.00145129,0.00145357,0.00300542,0.04370276,0.01438630,0.02504590,0.02667387,0.00000000,0.00000000,0.00000000,0.00000000,0.00000000,0.00662224,0.00503279,0.01498303,0.06173943,0.00000000,0.00000000,0.00000000,0.00000000,0.00005221,0.01178110,0.01547206,0.00859879,0.01833939,0.00063954,0.00000000,0.00005221,0.00000000,0.01282022,0.01595967,0.03232723,0.01133356,0.01101671,0.01440419,0.00658326,0.01381869,0.01673916,0.00117285,0.00005221,0.00005221,0.00992363,0.01113293,0.00182705,0.02155269,0.00717532,0.03704750,0.01195478,0.00014469,0.00711137,0.00442526,0.07098282,0.01293955,0.00278593,0.06958434,0.05484780,0.03217075,0.00038235,0.00559714,0.03064015,0.00595849,0.00490464,0.00000000,0.02580777,0.02016591,0.02396960,0.01097544,0.00761771,0.01013260,0.01058519,0.00342010,0.00000000,0.00000000,0.01449770,0.03421739,0.00910405,0.01504785,0.01803672,0.00199466,0.00000000,0.00000000,0.00000000,0.00511773,0.03220721,0.00836690,0.00428189,0.00255946,0.01020730,0.00000000,0.00000000,0.00000000,0.00923579,0.01277479,0.00643928,0.00000000,0.00000000,0.00000000,0.00000000,0.00000000,0.00000000,0.00201346,0.00000000,0.00000000,0.00000000,0.00000000,0.00000000,0.00000000
2025/11/5,0.00000000,0.00004501,0.00089669,0.00000000,0.00877915,0.00254120,0.00524210,0.00000000,0.00000000,0.00000000,0.00000000,0.00174393,0.00602611,0.06950922,0.06211653,0.00004501,0.00000000,0.00000000,0.00000000,0.00306869,0.01295231,0.03182395,0.00858015,0.03999104,0.00004501,0.00000000,0.00000000,0.00000000,0.00796932,0.00110185,0.01950178,0.02375322,0.04921853,0.00810258,0.00203714,0.00000000,0.00000000,0.00141205,0.00165610,0.00259477,0.05287333,0.00895822,0.03943519,0.03530304,0.00000000,0.00000000,0.00000000,0.00000000,0.00000000,0.01414265,0.01160607,0.00796663,0.02537179,0.00000000,0.00000000,0.00000000,0.00000000,0.00004501,0.00527215,0.01134977,0.00368986,0.01289766,0.00137186,0.00000000,0.00004501,0.00000000,0.00408937,0.02022605,0.02832481,0.01317833,0.00443273,0.00851319,0.00177172,0.01272113,0.00689372,0.00153473,0.00004501,0.00004501,0.00237989,0.01107002,0.00117458,0.01706035,0.01384076,0.01902841,0.00939418,0.00000000,0.00732011,0.00449966,0.08301679,0.00719061,0.00413322,0.06943779,0.03944362,0.03641129,0.00040543,0.01611517,0.03226078,0.00514667,0.00595947,0.00000000,0.01126620,0.01087069,0.02202286,0.02092151,0.00540504,0.02272064,0.00305181,0.00241155,0.00000000,0.00000000,0.00982646,0.03108922,0.01133980,0.00826573,0.03684336,0.00139806,0.00000000,0.00000000,0.00000000,0.00000000,0.04483041,0.01013392,0.00000000,0.00419724,0.00562275,0.00000000,0.00000000,0.00000000,0.00623320,0.00584150,0.00266185,0.00000000,0.00000000,0.00000000,0.00000000,0.00000000,0.00000000,0.00000000,0.00000000,0.00000000,0.00000000,0.00000000,0.00000000,0.00000000
2025/11/6,0.00000000,0.00004830,0.00092185,0.00000000,0.00826723,0.00301448,0.00436422,0.00000000,0.00000000,0.00000000,0.00000000,0.00181099,0.01518220,0.04994563,0.09621778,0.00004830,0.00000000,0.00000000,0.00000000,0.00656726,0.00899206,0.03140311,0.00822819,0.03999801,0.00004830,0.00000000,0.00000000,0.00000000,0.01360139,0.01406362,0.01932447,0.02857876,0.03630073,0.00937564,0.00242939,0.00000000,0.00000000,0.00159143,0.00145551,0.00366723,0.04750128,0.02003084,0.03503957,0.04416161,0.00000000,0.00000000,0.00000000,0.00000000,0.00000000,0.00782561,0.01820336,0.00442246,0.03006736,0.00000000,0.00000000,0.00000000,0.00000000,0.00004830,0.00407805,0.01125938,0.00279636,0.01321957,0.00377942,0.00000000,0.00004830,0.00000000,0.00213025,0.01269747,0.01190551,0.01657337,0.00501278,0.00595362,0.00264564,0.01098573,0.00377042,0.00321939,0.00004830,0.00004830,0.00336259,0.01105415,0.00116516,0.02490373,0.00583767,0.01733695,0.01768659,0.00000000,0.00057642,0.00312013,0.05721342,0.01340312,0.01259185,0.09136422,0.04578881,0.02772116,0.00603581,0.03164973,0.02489355,0.00553353,0.00749797,0.00000000,0.01477883,0.01393590,0.01830205,0.00772620,0.00585859,0.01431338,0.00748806,0.00294651,0.00000000,0.00000000,0.00954541,0.03933423,0.00504273,0.00747950,0.03460554,0.00090824,0.00000000,0.00000000,0.00000000,0.00000000,0.02326993,0.02002300,0.00429548,0.00885050,0.00566502,0.00000000,0.00000000,0.00000000,0.00501508,0.00524813,0.00264969,0.00000000,0.00000000,0.00000000,0.00000000,0.00000000,0.00000000,0.00201449,0.00000000,0.00000000,0.00000000,0.00000000,0.00000000,0.00000000
2025/11/7,0.00000000,0.00007625,0.00093675,0.00000000,0.00847439,0.00570551,0.00614035,0.00000000,0.00000000,0.00000000,0.00000000,0.00197414,0.01071204,0.04228222,0.09261131,0.00007625,0.00000000,0.00000000,0.00000000,0.00551365,0.01930153,0.02123635,0.01609974,0.03654269,0.00007625,0.00000000,0.00000000,0.00000000,0.01538603,0.00584864,0.02912385,0.03212611,0.02913725,0.01049921,0.00294839,0.00000000,0.00000000,0.00134188,0.00093546,0.00983807,0.04684413,0.02775796,0.05003908,0.03570012,0.00000000,0.00000000,0.00000000,0.00000000,0.00000000,0.00519764,0.00184909,0.00584917,0.06454552,0.00000000,0.00000000,0.00000000,0.00000000,0.00007625,0.00402678,0.01366305,0.00358442,0.01943402,0.01030097,0.00000000,0.00007625,0.00000000,0.00330524,0.00604172,0.01625431,0.01756817,0.00574360,0.00471799,0.00230067,0.01086618,0.00246547,0.00387756,0.00007625,0.00007625,0.00746905,0.00633580,0.00106434,0.00963766,0.00345641,0.01860444,0.00801812,0.00017915,0.00147807,0.00527122,0.05150400,0.00982576,0.01521917,0.06769776,0.04028375,0.02232469,0.00104327,0.01150231,0.02391471,0.01313767,0.01466748,0.00000000,0.01472203,0.01210936,0.01501249,0.00504703,0.00893191,0.01324239,0.00318739,0.00303073,0.00000000,0.00000000,0.01097607,0.02412861,0.00251298,0.00974949,0.03011910,0.00139786,0.00000000,0.00000000,0.00000000,0.00226870,0.03149258,0.01136475,0.00133897,0.01889699,0.00895185,0.00000000,0.00000000,0.00000000,0.00324052,0.00427231,0.00364244,0.00000000,0.00000000,0.00000000,0.00000000,0.00000000,0.00000000,0.00900990,0.00000000,0.00000000,0.00000000,0.00000000,0.00000000,0.00000000
2025/11/8,0.00000000,0.00007759,0.00091214,0.00000000,0.01544731,0.01211787,0.00754403,0.00000000,0.00000000,0.00000000,0.00000000,0.00211983,0.01501111,0.05785058,0.06129162,0.00007759,0.00000000,0.00000000,0.00000000,0.00443641,0.00700687,0.01415825,0.02325845,0.04191756,0.00007759,0.00000000,0.00000000,0.00000000,0.01398164,0.00525940,0.03323693,0.03812195,0.02589113,0.01048174,0.00259167,0.00000000,0.00000000,0.00055633,0.00019317,0.00742933,0.03927046,0.00916639,0.04592938,0.01413022,0.00000000,0.00000000,0.00000000,0.00000000,0.00000000,0.00411119,0.00306166,0.00596126,0.03723344,0.00000000,0.00000000,0.00000000,0.00000000,0.00007759,0.00444781,0.00808297,0.00403842,0.02943207,0.00346418,0.00000000,0.00007759,0.00000000,0.00363429,0.00637910,0.02085488,0.00803865,0.00683526,0.00455956,0.00381620,0.01617147,0.00052550,0.00394832,0.00007759,0.00007759,0.01411360,0.00452237,0.00057463,0.00902672,0.00276852,0.03049381,0.00386859,0.00043431,0.00386908,0.00516841,0.06444466,0.00903595,0.00567072,0.05300893,0.03126191,0.03282175,0.00120728,0.00557258,0.02257117,0.00594196,0.02077910,0.00000000,0.00749917,0.00585749,0.01328241,0.01093959,0.00498229,0.01737355,0.00952428,0.00266530,0.00000000,0.00000000,0.01443863,0.02454415,0.00319408,0.02212404,0.01754083,0.00448236,0.00000000,0.00000000,0.00000000,0.00241644,0.03016993,0.00789266,0.00256352,0.01017384,0.01521739,0.00000000,0.00000000,0.00000000,0.00280603,0.01227926,0.00373659,0.00000000,0.00000000,0.00000000,0.00000000,0.00000000,0.00000000,0.00209146,0.00000000,0.00000000,0.00000000,0.00000000,0.00000000,0.00000000
2025/11/9,0.00000000,0.00009567,0.00089946,0.00000000,0.01719484,0.00657004,0.00832315,0.00000000,0.00000000,0.00000000,0.00000000,0.00327626,0.01460425,0.03826049,0.05734002,0.00009567,0.00000000,0.00000000,0.00000000,0.00390135,0.00873192,0.02291973,0.01499354,0.03033369,0.00009567,0.00000000,0.00000000,0.00000000,0.01070088,0.00828637,0.02439774,0.05361298,0.02352948,0.00956461,0.00255441,0.00000000,0.00000000,0.00000000,0.00062109,0.00262737,0.03809822,0.01836885,0.03733432,0.01218396,0.00000000,0.00000000,0.00000000,0.00000000,0.00000000,0.00520772,0.01605890,0.00650662,0.02679557,0.00000000,0.00000000,0.00000000,0.00000000,0.00009567,0.00446306,0.00867587,0.00439293,0.03880055,0.00139105,0.00000000,0.00009567,0.00000000,0.00503917,0.00674911,0.02748280,0.01094309,0.01223465,0.00496422,0.00368749,0.01087315,0.00146774,0.00337941,0.00009567,0.00009567,0.00439548,0.00893208,0.00000000,0.01174788,0.00483303,0.02426973,0.00835022,0.00140478,0.00497195,0.00849770,0.09171906,0.01008343,0.00372449,0.06687909,0.02657220,0.02607827,0.00307618,0.00885619,0.02051863,0.00523387,0.01991892,0.00000000,0.00508411,0.01042051,0.01296826,0.01886489,0.00644273,0.02367272,0.00291109,0.00336751,0.00000000,0.00000000,0.01384421,0.03077738,0.00999253,0.01186016,0.01117895,0.01506740,0.00000000,0.00000000,0.00000000,0.00423120,0.02854167,0.00666834,0.00412035,0.01006826,0.00808149,0.00000000,0.00000000,0.00000000,0.00376273,0.01711801,0.00352739,0.00000000,0.00000000,0.00000000,0.00000000,0.00000000,0.00000000,0.00132743,0.00000000,0.00000000,0.00000000,0.00000000,0.00000000,0.00000000
2025/11/10,0.00000000,0.00005999,0.00085957,0.00000000,0.01353145,0.00393738,0.01088408,0.00000000,0.00000000,0.00000000,0.00000000,0.00207623,0.01593448,0.03894021,0.06591929,0.00005999,0.00000000,0.00000000,0.00000000,0.00436387,0.01414575,0.02062939,0.00948591,0.03497947,0.00005999,0.00000000,0.00000000,0.00000000,0.01297834,0.00840586,0.02340924,0.04879806,0.03257146,0.01167905,0.00235974,0.00000000,0.00000000,0.00000000,0.00588758,0.00235857,0.04052044,0.02320676,0.04626780,0.01950900,0.00000000,0.00000000,0.00000000,0.00000000,0.00000000,0.01269419,0.01611685,0.00807260,0.04526324,0.00000000,0.00000000,0.00000000,0.00000000,0.00005999,0.00368777,0.01178556,0.00476261,0.02381618,0.00026818,0.00000000,0.00005999,0.00000000,0.00550139,0.01650741,0.02387684,0.00686254,0.01638474,0.00494452,0.00673020,0.00983635,0.00601581,0.00244243,0.00005999,0.00005999,0.00200039,0.00982062,0.00000000,0.01964036,0.00638654,0.02297575,0.00832887,0.00326908,0.00488543,0.01258668,0.11316812,0.01523339,0.00234211,0.05312149,0.03050258,0.01254851,0.00337360,0.02533360,0.02983179,0.00695995,0.00685731,0.00000000,0.01671174,0.00970639,0.01269876,0.00747571,0.00777663,0.01564652,0.00159057,0.00375283,0.00000000,0.00000000,0.01913903,0.03715638,0.00485599,0.00861055,0.01868630,0.00486968,0.00000000,0.00000000,0.00000000,0.00345562,0.04985359,0.00907550,0.00391096,0.00437794,0.00487681,0.00000000,0.00000000,0.00000000,0.00294302,0.00846383,0.00274136,0.00000000,0.00000000,0.00000000,0.00000000,0.00000000,0.00000000,0.00128118,0.00000000,0.00000000,0.00000000,0.00000000,0.00000000,0.00000000
2025/11/11,0.00000000,0.00007533,0.00086404,0.00000000,0.01765012,0.00301986,0.00780428,0.00000000,0.00000000,0.00000000,0.00000000,0.00175731,0.01047983,0.06458461,0.07094543,0.00007533,0.00000000,0.00000000,0.00000000,0.00783881,0.01016063,0.01894645,0.01363698,0.03650191,0.00007533,0.00000000,0.00000000,0.00000000,0.02502567,0.00912077,0.02558029,0.03545979,0.01908415,0.01810623,0.00227867,0.00000000,0.00000000,0.00539358,0.00132896,0.00318009,0.04082549,0.01917592,0.05297452,0.01466184,0.00000000,0.00000000,0.00000000,0.00000000,0.00000000,0.00422174,0.00773269,0.00740271,0.03063176,0.00000000,0.00000000,0.00000000,0.00000000,0.00007533,0.00429432,0.01309812,0.00829226,0.01390965,0.00000000,0.00000000,0.00007533,0.00000000,0.00511232,0.00755754,0.01516133,0.01228138,0.00672806,0.00484093,0.00817682,0.01052129,0.02599473,0.00194756,0.00007533,0.00007533,0.00671210,0.01213926,0.00213459,0.02033395,0.00914672,0.05320435,0.01585304,0.00904788,0.00393754,0.00847011,0.05739623,0.00830219,0.00348233,0.05262181,0.03161791,0.01109411,0.00314966,0.01816668,0.04467312,0.01104864,0.00410470,0.00000000,0.03195091,0.00992463,0.02395218,0.00825137,0.00801007,0.01562198,0.00254911,0.00434236,0.00000000,0.00000000,0.02549114,0.01956590,0.00824372,0.01014417,0.02406820,0.00195137,0.00000000,0.00000000,0.00000000,0.00269634,0.03458091,0.01875160,0.00318984,0.00270216,0.00338022,0.00000000,0.00000000,0.00000000,0.00427339,0.00736210,0.00232239,0.00000000,0.00000000,0.00000000,0.00000000,0.00000000,0.00000000,0.00175982,0.00000000,0.00000000,0.00000000,0.00000000,0.00000000,0.00000000
2025/11/12,0.00000000,0.00007615,0.00087653,0.00000000,0.02373661,0.00305862,0.00667158,0.00000000,0.00000000,0.00000000,0.00000000,0.00176736,0.01168347,0.07281642,0.08342511,0.00007615,0.00000000,0.00000000,0.00000000,0.00262961,0.01122208,0.02875644,0.01499433,0.03730359,0.00007615,0.00000000,0.00000000,0.00000000,0.01109926,0.01543854,0.02565766,0.03778024,0.03348987,0.02555157,0.00208491,0.00000000,0.00000000,0.00030840,0.00088840,0.00353930,0.03323877,0.01705950,0.05109271,0.01789633,0.00000000,0.00000000,0.00000000,0.00000000,0.00000000,0.00710961,0.00398369,0.00787650,0.02848013,0.00000000,0.00000000,0.00000000,0.00000000,0.00007615,0.00642396,0.02028449,0.01948292,0.01766106,0.00000000,0.00000000,0.00007615,0.00000000,0.00426883,0.01060120,0.01170253,0.02454517,0.00348420,0.00460774,0.00269050,0.01039073,0.00603803,0.00267575,0.00007615,0.00007615,0.01530890,0.00781016,0.00945297,0.01234802,0.01587280,0.05586130,0.00950429,0.00341153,0.00452101,0.00691721,0.04492645,0.00771553,0.00616389,0.06842721,0.01763864,0.02226116,0.00266867,0.00714280,0.04772093,0.01011823,0.00485078,0.00000000,0.02589204,0.01352005,0.02621893,0.00976318,0.01035329,0.01552359,0.00340524,0.00471286,0.00000000,0.00000000,0.01540800,0.02400674,0.02256960,0.01110298,0.01292198,0.00160822,0.00000000,0.00000000,0.00000000,0.00322467,0.02413889,0.01811064,0.00310940,0.00255079,0.00728990,0.00000000,0.00000000,0.00000000,0.00918823,0.00904831,0.00250507,0.00000000,0.00000000,0.00000000,0.00000000,0.00000000,0.00000000,0.00249569,0.00000000,0.00000000,0.00000000,0.00000000,0.00000000,0.00000000
2025/11/13,0.00000000,0.00008291,0.00091753,0.00000000,0.01965443,0.00282932,0.00470433,0.00000000,0.00000000,0.00000000,0.00000000,0.00180615,0.01887759,0.05499411,0.09324210,0.00008291,0.00000000,0.00000000,0.00000000,0.00252146,0.01732053,0.02075486,0.01416678,0.02321625,0.00008291,0.00000000,0.00000000,0.00000000,0.00536400,0.01075902,0.02138775,0.04166907,0.04049605,0.01351975,0.00045796,0.00000000,0.00000000,0.00000000,0.00126989,0.00429250,0.04063525,0.01146835,0.05068574,0.02814403,0.00000000,0.00000000,0.00000000,0.00000000,0.00000000,0.00230276,0.00640837,0.01326439,0.04406214,0.00000000,0.00000000,0.00000000,0.00000000,0.00008291,0.00637426,0.01519305,0.00979000,0.01794897,0.00003583,0.00000000,0.00008291,0.00000000,0.00339757,0.02469907,0.01185126,0.02176457,0.00833249,0.00489542,0.00182295,0.01051494,0.00193185,0.00271394,0.00008291,0.00008291,0.00521131,0.00859544,0.00155904,0.00624074,0.00856278,0.03756296,0.00779341,0.00126990,0.00797301,0.00553917,0.05968198,0.00969438,0.01534502,0.05476964,0.02486779,0.01176502,0.00190511,0.00639994,0.03988829,0.01498389,0.00464933,0.00000000,0.00810731,0.01096229,0.01704597,0.01068504,0.01883732,0.02105030,0.00436312,0.00633888,0.00000000,0.00000000,0.00788046,0.02731964,0.00966942,0.01472756,0.01293462,0.00196362,0.00000000,0.00000000,0.00000000,0.00249971,0.04435002,0.02007588,0.00168083,0.00280445,0.00012032,0.00000000,0.00000000,0.00000000,0.00553102,0.01628166,0.00618456,0.00000000,0.00000000,0.00000000,0.00000000,0.00000000,0.00000000,0.00186698,0.00000000,0.00000000,0.00000000,0.00000000,0.00000000,0.00000000
2025/11/14,0.00000000,0.00007165,0.00089279,0.00000000,0.01320466,0.00395250,0.00548252,0.00000000,0.00000000,0.00000000,0.00000000,0.00213125,0.01058229,0.06256928,0.07446704,0.00007165,0.00000000,0.00000000,0.00000000,0.00616849,0.00865767,0.01326368,0.02088747,0.02906784,0.00007165,0.00000000,0.00000000,0.00000000,0.00938691,0.00789961,0.02896772,0.03579956,0.04113043,0.00933521,0.00128996,0.00000000,0.00000000,0.00063708,0.00097874,0.00419965,0.04514656,0.01179895,0.05007024,0.01914122,0.00000000,0.00000000,0.00000000,0.00000000,0.00000000,0.00602644,0.01076759,0.01485650,0.03533445,0.00000000,0.00000000,0.00000000,0.00000000,0.00007165,0.00552175,0.01015003,0.00556736,0.02709194,0.00014444,0.00000000,0.00007165,0.00000000,0.00355532,0.03166305,0.01334112,0.01533779,0.00424895,0.00441422,0.00289471,0.01001956,0.00200030,0.00236970,0.00007165,0.00007165,0.00242549,0.00704351,0.00000000,0.00657125,0.00458788,0.03593471,0.00977732,0.00064667,0.01721235,0.00828321,0.06256039,0.01644845,0.00674359,0.05458025,0.03564843,0.01379483,0.00206625,0.00605980,0.03266502,0.02837099,0.00565355,0.00000000,0.00719709,0.01895140,0.01191065,0.01116846,0.01239099,0.02203883,0.00459117,0.01243143,0.00000000,0.00000000,0.00751668,0.02094498,0.00520878,0.01112857,0.01787863,0.00221442,0.00000000,0.00000000,0.00000000,0.00231217,0.03591724,0.00673274,0.00205615,0.00399312,0.00246416,0.00000000,0.00000000,0.00000000,0.00285570,0.01957973,0.00001001,0.00000000,0.00000000,0.00000000,0.00000000,0.00000000,0.00000000,0.00209747,0.00000000,0.00000000,0.00000000,0.00000000,0.00000000,0.00000000
2025/11/15,0.00000000,0.00007527,0.00089428,0.00000000,0.01943426,0.00705647,0.00536038,0.00000000,0.00000000,0.00000000,0.00000000,0.00320214,0.01546792,0.06083106,0.05846486,0.00007527,0.00000000,0.00000000,0.00000000,0.00387842,0.01192838,0.01352951,0.01854953,0.03104783,0.00007527,0.00000000,0.00000000,0.00000000,0.01044968,0.00353356,0.02041250,0.04774142,0.04553565,0.00821496,0.01027164,0.00000000,0.00000000,0.00115940,0.00142181,0.00431473,0.04103969,0.01234656,0.02749528,0.02677718,0.00000000,0.00000000,0.00000000,0.00000000,0.00000000,0.01702690,0.00765079,0.00735212,0.03284170,0.00000000,0.00000000,0.00000000,0.00000000,0.00007527,0.00515538,0.01047582,0.00381161,0.01875803,0.00034680,0.00000000,0.00007527,0.00000000,0.00899716,0.02588971,0.01246950,0.02648079,0.00471463,0.00537620,0.00950949,0.00960967,0.00299659,0.00206549,0.00007527,0.00007527,0.00305881,0.00813042,0.00000000,0.02172505,0.00541370,0.03265953,0.00826928,0.00058868,0.00759948,0.00117953,0.06514694,0.00887474,0.00332365,0.04620440,0.04826601,0.02917762,0.00158830,0.00805607,0.02512500,0.01116806,0.00537534,0.00000000,0.01261350,0.02119607,0.01472758,0.01541929,0.01260296,0.01256409,0.00460174,0.00930424,0.00000000,0.00000000,0.01211090,0.02593727,0.00325259,0.01370510,0.01747801,0.00240276,0.00000000,0.00000000,0.00000000,0.00303037,0.03616267,0.00438856,0.00237314,0.00739568,0.01602464,0.00000000,0.00000000,0.00000000,0.00272102,0.01748945,0.00000000,0.00000000,0.00000000,0.00000000,0.00000000,0.00000000,0.00000000,0.00241120,0.00000000,0.00000000,0.00000000,0.00000000,0.00000000,0.00000000
2025/11/16,0.00000000,0.00007821,0.00093012,0.00000000,0.01144690,0.00328085,0.00493912,0.00000000,0.00000000,0.00000000,0.00000000,0.00216703,0.01102684,0.05564276,0.07124874,0.00007821,0.00000000,0.00000000,0.00000000,0.00429548,0.01079167,0.01720192,0.01873907,0.02823252,0.00007821,0.00000000,0.00000000,0.00000000,0.01224511,0.00901833,0.02250998,0.03044182,0.04493409,0.00608257,0.00112135,0.00000000,0.00000000,0.00143521,0.00713725,0.00447731,0.03147823,0.01616147,0.03313687,0.03019360,0.00000000,0.00000000,0.00000000,0.00000000,0.00000000,0.01424838,0.00779346,0.00716276,0.03616220,0.00000000,0.00000000,0.00000000,0.00000000,0.00007821,0.00620623,0.00819815,0.00315956,0.03355441,0.00085397,0.00000000,0.00007821,0.00000000,0.00539366,0.00643561,0.01173301,0.01791659,0.00695314,0.00582992,0.00360677,0.00925573,0.00375986,0.00191919,0.00007821,0.00007821,0.00801145,0.02172205,0.00050582,0.01025528,0.01892471,0.02320242,0.01425301,0.00035115,0.00456674,0.00511038,0.06129732,0.01339307,0.00400652,0.06759232,0.04661172,0.02710573,0.00230783,0.00954635,0.03047278,0.01121815,0.00525799,0.00000000,0.01130041,0.01969772,0.02636654,0.01425752,0.01473307,0.01594604,0.00416309,0.00323229,0.00000000,0.00000000,0.01969136,0.02515276,0.00349739,0.00907520,0.01563436,0.00194584,0.00000000,0.00000000,0.00000000,0.00880689,0.03927984,0.00933550,0.00271642,0.01840461,0.00406091,0.00000000,0.00000000,0.00000000,0.00348602,0.01532751,0.00390370,0.00000000,0.00000000,0.00000000,0.00000000,0.00000000,0.00000000,0.00151202,0.00000000,0.00000000,0.00000000,0.00000000,0.00000000,0.00000000
2025/11/17,0.00000000,0.00009420,0.00102581,0.00000000,0.00913857,0.00302809,0.00400868,0.00000000,0.00000000,0.00000000,0.00000000,0.00160068,0.00341102,0.05302956,0.05522481,0.00009420,0.00000000,0.00000000,0.00000000,0.00494780,0.00727520,0.02402190,0.00990267,0.02018641,0.00009420,0.00000000,0.00000000,0.00000000,0.01002515,0.01614121,0.01617726,0.01951893,0.02969092,0.00552807,0.00000000,0.00000000,0.00000000,0.00175219,0.00123705,0.00280529,0.03504101,0.01305025,0.04953716,0.02803795,0.00000000,0.00000000,0.00000000,0.00000000,0.00000000,0.01863375,0.01613749,0.00776749,0.04023254,0.00000000,0.00000000,0.00000000,0.00000000,0.00009420,0.00986842,0.00813630,0.00295372,0.01768844,0.00099318,0.00000000,0.00009420,0.00000000,0.00285799,0.00352668,0.01496067,0.02820793,0.00897341,0.00469566,0.00293624,0.00935367,0.00551462,0.00239935,0.00009420,0.00009420,0.00316933,0.01289421,0.00125512,0.00263480,0.00763242,0.02462102,0.00798041,0.00029766,0.00303169,0.00069738,0.07954939,0.00898877,0.00214558,0.06188956,0.04964998,0.02923573,0.00587376,0.01140887,0.01801443,0.01047014,0.00669298,0.00000000,0.02327946,0.00817090,0.03331687,0.00818145,0.00500589,0.01225699,0.00374069,0.00341225,0.00000000,0.00000000,0.02669978,0.01689582,0.01027145,0.00956262,0.03078436,0.00133844,0.00000000,0.00000000,0.00000000,0.00374759,0.02567043,0.00464395,0.00248484,0.00900231,0.00258621,0.00000000,0.00000000,0.00000000,0.00111508,0.00737648,0.00000000,0.00000000,0.00000000,0.00000000,0.00000000,0.00000000,0.00000000,0.00000000,0.00000000,0.00000000,0.00000000,0.00000000,0.00000000,0.00000000
2025/11/18,0.00000000,0.00007140,0.00079361,0.00000000,0.01229447,0.00359464,0.00409102,0.00000000,0.00000000,0.00000000,0.00000000,0.00158787,0.00594586,0.06861661,0.06137504,0.00007140,0.00000000,0.00000000,0.00000000,0.00329586,0.00790830,0.01893387,0.01218722,0.02288985,0.00007140,0.00000000,0.00000000,0.00000000,0.01280837,0.00938823,0.01178341,0.02998306,0.04777854,0.00965896,0.00076862,0.00000000,0.00000000,0.00158445,0.00035384,0.00354298,0.03875107,0.01860737,0.04403788,0.03384549,0.00000000,0.00000000,0.00000000,0.00000000,0.00000000,0.00805799,0.01364797,0.00627711,0.04387408,0.00000000,0.00000000,0.00000000,0.00000000,0.00007140,0.00609422,0.01577272,0.00282486,0.01753418,0.00085631,0.00000000,0.00007140,0.00000000,0.00331242,0.00847817,0.01455738,0.02983418,0.01510580,0.00466368,0.00351566,0.00899195,0.00478187,0.00230858,0.00007140,0.00007140,0.00419696,0.01425674,0.00135636,0.00403014,0.01241924,0.03705593,0.00847587,0.00016972,0.00156446,0.00638675,0.08737168,0.00413404,0.00296686,0.07245172,0.06809042,0.04307554,0.00184487,0.01443805,0.02084123,0.00331856,0.00573558,0.00000000,0.01260758,0.00818033,0.01821223,0.00820691,0.00654097,0.01802952,0.00354542,0.00650365,0.00000000,0.00000000,0.03586702,0.01764828,0.01440893,0.00874987,0.02172567,0.00203546,0.00000000,0.00000000,0.00000000,0.00241583,0.02433560,0.00989769,0.00202461,0.00511637,0.00277957,0.00000000,0.00000000,0.00000000,0.00130161,0.00780908,0.00411818,0.00000000,0.00000000,0.00000000,0.00000000,0.00000000,0.00000000,0.00000000,0.00000000,0.00000000,0.00000000,0.00000000,0.00000000,0.00000000
2025/11/19,0.00000000,0.00007359,0.00080365,0.00000000,0.02223751,0.00547504,0.00520293,0.00000000,0.00000000,0.00000000,0.00000000,0.00159572,0.00381163,0.06365079,0.07442566,0.00007359,0.00000000,0.00000000,0.00000000,0.00458362,0.00854717,0.01535760,0.00704826,0.01842797,0.00007359,0.00000000,0.00000000,0.00000000,0.00964080,0.00419726,0.02588267,0.01277267,0.03557030,0.02386134,0.00163528,0.00000000,0.00000000,0.00146763,0.00187453,0.00296452,0.03033879,0.01892185,0.04845360,0.01461381,0.00000000,0.00000000,0.00000000,0.00000000,0.00000000,0.00476758,0.02138609,0.00529969,0.05520675,0.00000000,0.00000000,0.00000000,0.00000000,0.00007359,0.00464928,0.02369315,0.00246600,0.01581495,0.00091148,0.00000000,0.00007359,0.00000000,0.00386148,0.00796747,0.01150875,0.02464800,0.01033424,0.00443770,0.00415030,0.00854840,0.00222265,0.00239097,0.00007359,0.00007359,0.01302498,0.02069679,0.00097378,0.00325932,0.00512044,0.04684383,0.01093763,0.00028229,0.00016705,0.00485901,0.07433551,0.01402819,0.01142612,0.06548123,0.05271448,0.04032198,0.00133607,0.00853912,0.03830074,0.00296711,0.00593148,0.00000000,0.01259894,0.00846324,0.01371299,0.01568885,0.01135964,0.01014665,0.00320352,0.00036173,0.00000000,0.00000000,0.02062451,0.00905882,0.00879460,0.00640151,0.02123555,0.00217097,0.00000000,0.00000000,0.00000000,0.00225732,0.03661444,0.01275767,0.00172630,0.00355670,0.00355638,0.00000000,0.00000000,0.00000000,0.00054451,0.00657288,0.00059879,0.00000000,0.00000000,0.00000000,0.00000000,0.00000000,0.00000000,0.00135110,0.00000000,0.00000000,0.00000000,0.00000000,0.00000000,0.00000000
2025/11/20,0.00000000,0.00007258,0.00084307,0.00000000,0.01049792,0.00327267,0.00827955,0.00000000,0.00000000,0.00000000,0.00000000,0.00162847,0.00889549,0.04125813,0.07250585,0.00007258,0.00000000,0.00000000,0.00000000,0.00569809,0.01164741,0.02041121,0.00899061,0.01733621,0.00007258,0.00000000,0.00000000,0.00000000,0.00959809,0.00275060,0.01996077,0.01348271,0.03655039,0.00972243,0.00204859,0.00000000,0.00000000,0.00166297,0.00192156,0.00253084,0.03061294,0.00755048,0.04667829,0.01562699,0.00000000,0.00000000,0.00000000,0.00000000,0.00000000,0.00431176,0.00825138,0.00392619,0.02872494,0.00000000,0.00000000,0.00000000,0.00000000,0.00007258,0.00232138,0.01396406,0.00330899,0.00800052,0.00080474,0.00000000,0.00007258,0.00000000,0.00399822,0.00776296,0.01044006,0.01086864,0.01464922,0.00507635,0.00442065,0.00832885,0.00403924,0.00293240,0.00007258,0.00007258,0.01599910,0.01219677,0.00080986,0.00489144,0.00282956,0.04141494,0.00646324,0.00085951,0.00128535,0.01608935,0.08105861,0.00493379,0.00294574,0.08173708,0.05288251,0.01868187,0.00188835,0.00680722,0.03290451,0.00328051,0.00658357,0.00000000,0.01656731,0.01621591,0.00923100,0.00873939,0.00718571,0.01024022,0.00281002,0.00000000,0.00000000,0.00000000,0.01278620,0.01901161,0.01300317,0.00630184,0.02460412,0.00190587,0.00000000,0.00000000,0.00000000,0.00062697,0.03376400,0.01246623,0.00054206,0.00242100,0.00647928,0.00000000,0.00000000,0.00000000,0.00192492,0.00619151,0.00593772,0.00000000,0.00000000,0.00000000,0.00000000,0.00000000,0.00000000,0.01253762,0.00000000,0.00000000,0.00000000,0.00000000,0.00000000,0.00000000
2025/11/21,0.00000000,0.00008636,0.00087167,0.00000000,0.00765339,0.00174259,0.01259182,0.00000000,0.00000000,0.00000000,0.00000000,0.00164467,0.00458453,0.03194157,0.08591850,0.00008636,0.00000000,0.00000000,0.00000000,0.00513799,0.01214829,0.01476670,0.01301833,0.02126696,0.00008636,0.00000000,0.00000000,0.00000000,0.00856977,0.00784670,0.03020367,0.02616279,0.02773527,0.00476124,0.00221334,0.00000000,0.00000000,0.00126099,0.00179186,0.00255886,0.03730466,0.01025703,0.04682686,0.02055917,0.00000000,0.00000000,0.00000000,0.00000000,0.00000000,0.00421185,0.00423685,0.00506896,0.02365662,0.00000000,0.00000000,0.00000000,0.00000000,0.00008636,0.00293675,0.02006840,0.00351558,0.01268765,0.00064944,0.00000000,0.00008636,0.00000000,0.00422635,0.00851840,0.01257762,0.01461064,0.01327871,0.00501691,0.00314670,0.00815189,0.00743674,0.00283200,0.00008636,0.00008636,0.00361505,0.00925372,0.00080757,0.00746126,0.00293171,0.01609848,0.00503560,0.00102306,0.00815356,0.00709927,0.07854944,0.00761338,0.00245075,0.05463439,0.04450034,0.01192113,0.00215900,0.00587424,0.02942655,0.00381969,0.01167488,0.00000000,0.00745306,0.00446607,0.00893215,0.00821796,0.00716584,0.01724207,0.00204676,0.00633302,0.00000000,0.00000000,0.01491975,0.01564807,0.00645121,0.00858573,0.00935838,0.00249693,0.00000000,0.00000000,0.00000000,0.00206449,0.02745237,0.00528532,0.00189495,0.00231402,0.00497776,0.00000000,0.00000000,0.00000000,0.00497713,0.01460360,0.00213785,0.00000000,0.00000000,0.00000000,0.00000000,0.00000000,0.00000000,0.02353986,0.00000000,0.00000000,0.00000000,0.00000000,0.00000000,0.00000000
2025/11/22,0.00000000,0.00009472,0.00093260,0.00000000,0.01074556,0.00120009,0.00849978,0.00000000,0.00000000,0.00000000,0.00000000,0.00164878,0.00572445,0.05426548,0.07038692,0.00009472,0.00000000,0.00000000,0.00000000,0.00413476,0.00386317,0.01244248,0.02045530,0.02600234,0.00009472,0.00000000,0.00000000,0.00000000,0.01234161,0.00142257,0.01791732,0.01979519,0.02640088,0.00649542,0.00218359,0.00000000,0.00000000,0.00111738,0.00191580,0.00368821,0.04105410,0.01307978,0.03526382,0.01579175,0.00000000,0.00000000,0.00000000,0.00000000,0.00000000,0.00373307,0.00786404,0.01466102,0.02895639,0.00000000,0.00000000,0.00000000,0.00000000,0.00009472,0.00450682,0.02034806,0.00433653,0.01417945,0.00051269,0.00000000,0.00009472,0.00000000,0.00564201,0.01024416,0.02619350,0.01088537,0.00728118,0.00649797,0.00389995,0.00816966,0.00378006,0.00260673,0.00009472,0.00009472,0.00194643,0.01807147,0.00077903,0.00521166,0.00364229,0.01854233,0.01334716,0.00136421,0.00061187,0.00594056,0.07604051,0.00349429,0.00496752,0.04268853,0.02720411,0.01521144,0.00121989,0.00624300,0.03489788,0.00930470,0.00672306,0.00000000,0.01155494,0.00443799,0.01444713,0.00764275,0.00742257,0.01281864,0.00325535,0.00250616,0.00000000,0.00000000,0.00766728,0.01496329,0.00318912,0.00892265,0.01525130,0.00295556,0.00000000,0.00000000,0.00000000,0.00240886,0.03092138,0.01045475,0.00079289,0.00353864,0.00311830,0.00000000,0.00000000,0.00000000,0.01604112,0.00558193,0.00258709,0.00000000,0.00000000,0.00000000,0.00000000,0.00000000,0.00000000,0.00635666,0.00000000,0.00000000,0.00000000,0.00000000,0.00000000,0.00000000
2025/11/23,0.00000000,0.00011389,0.00097230,0.00000000,0.01789316,0.00352643,0.00629839,0.00000000,0.00000000,0.00000000,0.00000000,0.00162322,0.00672155,0.05010578,0.06544689,0.00011389,0.00000000,0.00000000,0.00000000,0.00401767,0.01520555,0.01339793,0.02935792,0.02165461,0.00011389,0.00000000,0.00000000,0.00000000,0.01391476,0.00788358,0.02602465,0.03653402,0.03520599,0.01601692,0.00224560,0.00000000,0.00000000,0.00121015,0.00211308,0.00805269,0.04921385,0.01784295,0.04374792,0.02060028,0.00000000,0.00000000,0.00000000,0.00000000,0.00000000,0.00376836,0.00000000,0.00522311,0.03699339,0.00000000,0.00000000,0.00000000,0.00000000,0.00011389,0.01189938,0.02508735,0.00478948,0.01682195,0.00052061,0.00000000,0.00011389,0.00000000,0.00774342,0.01226110,0.01717363,0.01595673,0.00689938,0.01262211,0.01012648,0.00812049,0.00367642,0.00281112,0.00011389,0.00011389,0.00289742,0.01946316,0.00100698,0.00648698,0.00956576,0.03311116,0.00526414,0.00127457,0.00135949,0.00468076,0.05384667,0.01055049,0.00529604,0.05524134,0.03284330,0.01774597,0.00265607,0.00686371,0.03576910,0.00399023,0.00607925,0.00000000,0.01875884,0.00733081,0.01272490,0.00736380,0.01108245,0.01562225,0.00412261,0.00350826,0.00000000,0.00000000,0.00700844,0.00884987,0.00330761,0.01372740,0.01751888,0.00314091,0.00000000,0.00000000,0.00000000,0.00232301,0.03306608,0.00695633,0.00253932,0.00478840,0.00114176,0.00000000,0.00000000,0.00000000,0.02348596,0.00569311,0.00317848,0.00000000,0.00000000,0.00000000,0.00000000,0.00000000,0.00000000,0.00073581,0.00000000,0.00000000,0.00000000,0.00000000,0.00000000,0.00000000
2025/11/24,0.00000000,0.00009944,0.00124240,0.00000000,0.01016486,0.01443140,0.00407955,0.00000000,0.00000000,0.00000000,0.00000000,0.00175646,0.01325709,0.04507185,0.06490258,0.00009944,0.00000000,0.00000000,0.00000000,0.00342832,0.01556671,0.01912462,0.01653671,0.01542932,0.00009944,0.00000000,0.00000000,0.00000000,0.01089200,0.01690121,0.02371724,0.02016999,0.03263404,0.00866799,0.00235549,0.00000000,0.00000000,0.00125082,0.00207061,0.00402388,0.04691444,0.01939677,0.07357483,0.02088065,0.00000000,0.00000000,0.00000000,0.00000000,0.00000000,0.00450141,0.00000000,0.00283343,0.05026984,0.00000000,0.00000000,0.00000000,0.00000000,0.00009944,0.00695528,0.01012050,0.00502669,0.01619580,0.00017277,0.00000000,0.00009944,0.00000000,0.01268762,0.01410240,0.01689002,0.01086362,0.00794111,0.00871242,0.00291786,0.00842614,0.00373933,0.00276765,0.00009944,0.00009944,0.00440316,0.01068391,0.00107967,0.01242193,0.00535622,0.03545547,0.01294138,0.00068305,0.00327818,0.00506668,0.05626772,0.00619334,0.00927780,0.05718201,0.03475604,0.03351201,0.00282750,0.00792191,0.04625977,0.00451514,0.00616534,0.00000000,0.01680085,0.01720370,0.01659713,0.00761150,0.00744320,0.01443322,0.00437172,0.00677542,0.00000000,0.00000000,0.01378032,0.02429699,0.00447932,0.01218494,0.01502535,0.00274840,0.00000000,0.00000000,0.00000000,0.00324620,0.05553982,0.00526989,0.00285834,0.00791925,0.00350558,0.00000000,0.00000000,0.00000000,0.01123911,0.00961124,0.00280970,0.00000000,0.00000000,0.00000000,0.00000000,0.00000000,0.00000000,0.00000000,0.00000000,0.00000000,0.00000000,0.00000000,0.00000000,0.00000000
2025/11/25,0.00000000,0.00009219,0.00210547,0.00000000,0.00820461,0.00494780,0.00280763,0.00000000,0.00000000,0.00000000,0.00000000,0.00202005,0.02319388,0.04280231,0.07347633,0.00009219,0.00000000,0.00000000,0.00000000,0.00417566,0.01111487,0.00917205,0.02412274,0.02484907,0.00009219,0.00000000,0.00000000,0.00000000,0.00845677,0.01216957,0.01836346,0.01989513,0.03547581,0.00917954,0.00200006,0.00000000,0.00000000,0.00146284,0.00260585,0.00730818,0.03328043,0.00924798,0.07092062,0.04032849,0.00000000,0.00000000,0.00000000,0.00000000,0.00000000,0.00400208,0.01162355,0.00275172,0.05833135,0.00000000,0.00000000,0.00000000,0.00000000,0.00009219,0.01301624,0.00846009,0.00574608,0.02178954,0.00074025,0.00000000,0.00009219,0.00000000,0.00635549,0.00877832,0.00794724,0.01527736,0.00775269,0.01531282,0.00130855,0.00800774,0.00925078,0.00237139,0.00009219,0.00009219,0.00517169,0.00806001,0.00098292,0.00640863,0.00458414,0.05358295,0.01668412,0.00064413,0.00419275,0.00480248,0.05729176,0.00609755,0.00763814,0.04469583,0.02311159,0.02521581,0.00289597,0.01290387,0.03516698,0.00670541,0.00459219,0.00000000,0.01462428,0.01032963,0.03415547,0.00564605,0.01148601,0.02681093,0.00265140,0.01118977,0.00000000,0.00000000,0.01044040,0.01675156,0.00656751,0.00642679,0.02940845,0.00203212,0.00000000,0.00000000,0.00000000,0.00223548,0.02627924,0.00465668,0.00269964,0.01935917,0.00852229,0.00000000,0.00000000,0.00000000,0.01324848,0.02573854,0.00297145,0.00000000,0.00000000,0.00000000,0.00000000,0.00000000,0.00000000,0.00000000,0.00000000,0.00000000,0.00000000,0.00000000,0.00000000,0.00000000
2025/11/26,0.00000000,0.00005721,0.00111335,0.00000000,0.00740241,0.00357591,0.00816155,0.00000000,0.00000000,0.00000000,0.00000000,0.00168413,0.01158421,0.04755685,0.08298834,0.00005721,0.00000000,0.00000000,0.00000000,0.00925698,0.01173785,0.01429669,0.01644491,0.01893907,0.00005721,0.00000000,0.00000000,0.00000000,0.01337499,0.01611003,0.01738802,0.02151004,0.04965127,0.01282225,0.00144103,0.00000000,0.00000000,0.00116723,0.00209223,0.00246402,0.04863837,0.01290049,0.04751652,0.03255188,0.00000000,0.00000000,0.00000000,0.00000000,0.00000000,0.00420578,0.01437239,0.00491568,0.05475410,0.00000000,0.00000000,0.00000000,0.00000000,0.00005721,0.00389583,0.01175338,0.00505257,0.02468280,0.00083859,0.00000000,0.00005721,0.00000000,0.00239784,0.00687707,0.01089361,0.00933704,0.00756752,0.00706093,0.00355903,0.00775795,0.00582341,0.00338025,0.00005721,0.00005721,0.00530191,0.00744576,0.00036173,0.00222495,0.00424722,0.04231781,0.00815539,0.00035014,0.00348689,0.00294441,0.06316654,0.00675484,0.01303281,0.07746200,0.02009847,0.03757359,0.00285328,0.02170819,0.03102649,0.00718428,0.00634620,0.00000000,0.02166819,0.01002300,0.01433872,0.00791936,0.00664001,0.01919234,0.00089914,0.00608326,0.00000000,0.00000000,0.01205806,0.01696481,0.01070650,0.00835911,0.03285171,0.00144454,0.00000000,0.00000000,0.00000000,0.00169740,0.02177811,0.00811009,0.00234920,0.00836337,0.01286402,0.00000000,0.00000000,0.00000000,0.01464676,0.02005789,0.00196635,0.00000000,0.00000000,0.00000000,0.00000000,0.00000000,0.00000000,0.00308607,0.00000000,0.00000000,0.00000000,0.00000000,0.00000000,0.00000000
2025/11/27,0.00000000,0.00007415,0.00086603,0.00000000,0.00773241,0.00737521,0.00279623,0.00000000,0.00000000,0.00000000,0.00000000,0.00165940,0.00730924,0.05150807,0.05361154,0.00007415,0.00000000,0.00000000,0.00000000,0.01119655,0.01546142,0.01946511,0.01253277,0.02260504,0.00007415,0.00000000,0.00000000,0.00000000,0.01056039,0.00657908,0.02737573,0.03249958,0.04684370,0.02672460,0.00201367,0.00000000,0.00000000,0.00147979,0.00162672,0.00173894,0.05408747,0.01998468,0.02931692,0.01860337,0.00000000,0.00000000,0.00000000,0.00000000,0.00000000,0.00375018,0.01143836,0.00193509,0.08585681,0.00000000,0.00000000,0.00000000,0.00000000,0.00007415,0.00281111,0.02091951,0.00542196,0.03208997,0.00116757,0.00000000,0.00007415,0.00000000,0.00247281,0.01941426,0.02267008,0.01189031,0.00360419,0.00615733,0.01481634,0.00800312,0.00807645,0.00965773,0.00007415,0.00007415,0.01063802,0.00738768,0.00025050,0.00660601,0.00388727,0.02908136,0.01302174,0.00088376,0.00327204,0.00471803,0.05926463,0.01740753,0.00420916,0.06607747,0.04019740,0.02645507,0.00295048,0.01055090,0.03539937,0.00845833,0.01035060,0.00000000,0.02702534,0.01306363,0.00865139,0.00937629,0.00659259,0.01823681,0.00197380,0.00447930,0.00000000,0.00000000,0.01213576,0.02466392,0.01892084,0.02316975,0.02717646,0.00146381,0.00000000,0.00000000,0.00000000,0.00255512,0.02259645,0.00840150,0.00325728,0.00391642,0.00546304,0.00000000,0.00000000,0.00000000,0.01326377,0.01148377,0.00254621,0.00000000,0.00000000,0.00000000,0.00000000,0.00000000,0.00000000,0.00979262,0.00000000,0.00000000,0.00000000,0.00000000,0.00000000,0.00000000
2025/11/28,0.00000000,0.00008325,0.00083772,0.00000000,0.01061164,0.00452869,0.00736934,0.00000000,0.00000000,0.00000000,0.00000000,0.00164020,0.00445921,0.06735052,0.04545497,0.00008325,0.00000000,0.00000000,0.00000000,0.00459615,0.02545469,0.00952693,0.00618727,0.01976181,0.00008325,0.00000000,0.00000000,0.00000000,0.01075501,0.00385011,0.02810490,0.02714851,0.03773065,0.01116675,0.00260665,0.00000000,0.00000000,0.00159581,0.00190718,0.00262997,0.03820491,0.00723792,0.01910823,0.02242526,0.00000000,0.00000000,0.00000000,0.00000000,0.00000000,0.00310880,0.00365420,0.01027927,0.08545941,0.00000000,0.00000000,0.00000000,0.00000000,0.00008325,0.00819052,0.01243880,0.01043068,0.02228010,0.00144984,0.00000000,0.00008325,0.00000000,0.01025421,0.00867002,0.02733719,0.00565935,0.01034066,0.01310517,0.01062141,0.00833374,0.01900127,0.00372494,0.00008325,0.00008325,0.01138484,0.01186871,0.00095161,0.01058006,0.00657833,0.03466661,0.01147282,0.00111017,0.00910036,0.00519983,0.05942528,0.01567514,0.00051236,0.06259593,0.05569611,0.03662890,0.00284645,0.00743267,0.02546156,0.00717128,0.00657555,0.00000000,0.02474524,0.02011859,0.02133396,0.01213514,0.00541986,0.01923761,0.01063723,0.00307017,0.00000000,0.00000000,0.01631010,0.01413986,0.00999036,0.01520865,0.02487395,0.00155404,0.00000000,0.00000000,0.00000000,0.00745341,0.02857060,0.00547517,0.00776969,0.00232882,0.00734612,0.00000000,0.00000000,0.00000000,0.00689317,0.01495013,0.00690386,0.00000000,0.00000000,0.00000000,0.00000000,0.00000000,0.00000000,0.00199922,0.00000000,0.00000000,0.00000000,0.00000000,0.00000000,0.00000000
2025/11/29,0.00000000,0.00007736,0.00084216,0.00000000,0.01016761,0.00425820,0.00437629,0.00000000,0.00000000,0.00000000,0.00000000,0.00158506,0.00534797,0.05295816,0.04096121,0.00007736,0.00000000,0.00000000,0.00000000,0.00389746,0.01868995,0.02440892,0.00646215,0.03061156,0.00007736,0.00000000,0.00000000,0.00000000,0.01076652,0.00303148,0.02123624,0.02522933,0.04043596,0.00829812,0.00227719,0.00000000,0.00000000,0.00142698,0.00218084,0.00414965,0.04620485,0.00196957,0.03266393,0.03097729,0.00000000,0.00000000,0.00000000,0.00000000,0.00000000,0.00952338,0.01198041,0.00425173,0.04415267,0.00000000,0.00000000,0.00000000,0.00000000,0.00007736,0.00398180,0.00747780,0.00578816,0.01428277,0.00167595,0.00000000,0.00007736,0.00000000,0.00213384,0.01311667,0.02703156,0.00891694,0.00466104,0.00677901,0.00488515,0.00826788,0.00818576,0.00235906,0.00007736,0.00007736,0.00309732,0.01286895,0.00033239,0.00717564,0.01261883,0.01300289,0.01016598,0.00112810,0.00874101,0.00460580,0.07258932,0.00708136,0.00000000,0.06007070,0.04354134,0.03607599,0.00342449,0.01620665,0.02542756,0.00655546,0.00656958,0.00000000,0.01014322,0.01160374,0.02304616,0.02414150,0.00343154,0.02889216,0.00509182,0.00203800,0.00000000,0.00000000,0.01097628,0.01415256,0.01118421,0.01003681,0.03995579,0.00151204,0.00000000,0.00000000,0.00000000,0.00253380,0.03921834,0.00970990,0.00385257,0.00185685,0.00254831,0.00000000,0.00000000,0.00000000,0.00396010,0.00690369,0.00228403,0.00000000,0.00000000,0.00000000,0.00000000,0.00000000,0.00000000,0.00000000,0.00000000,0.00000000,0.00000000,0.00000000,0.00000000,0.00000000
2025/11/30,0.00000000,0.00007984,0.00084805,0.00000000,0.01167631,0.00486117,0.00430901,0.00000000,0.00000000,0.00000000,0.00000000,0.00165221,0.01230652,0.03357397,0.07016248,0.00007984,0.00000000,0.00000000,0.00000000,0.00658962,0.01173632,0.02859081,0.01030037,0.02970738,0.00007984,0.00000000,0.00000000,0.00000000,0.01658861,0.01348096,0.02032976,0.02819982,0.03152829,0.00812660,0.00234269,0.00000000,0.00000000,0.00180416,0.00231709,0.00767254,0.04051201,0.01389974,0.02920047,0.04089733,0.00000000,0.00000000,0.00000000,0.00000000,0.00000000,0.00446168,0.02068240,0.00230421,0.04486199,0.00000000,0.00000000,0.00000000,0.00000000,0.00007984,0.00405616,0.00782472,0.00464868,0.00970788,0.00362361,0.00000000,0.00007984,0.00000000,0.00155028,0.00832701,0.01472587,0.01346537,0.00604623,0.00478356,0.00474386,0.00691504,0.00444784,0.00295163,0.00007984,0.00007984,0.00410352,0.01327104,0.00013040,0.01555703,0.00507661,0.01222060,0.01988705,0.00121739,0.00298505,0.00227274,0.04730058,0.00905211,0.00692627,0.08090810,0.05085042,0.02269767,0.00827362,0.03105523,0.01791868,0.00717276,0.00694180,0.00000000,0.01382476,0.01472765,0.02346016,0.01204856,0.00534442,0.01643043,0.01094033,0.00269726,0.00000000,0.00000000,0.01014126,0.02642228,0.00526616,0.00816533,0.03934456,0.00161760,0.00000000,0.00000000,0.00000000,0.00189667,0.01634424,0.02120238,0.00744067,0.00490688,0.00269048,0.00000000,0.00000000,0.00000000,0.00421587,0.00716435,0.00165861,0.00000000,0.00000000,0.00000000,0.00000000,0.00000000,0.00000000,0.00248854,0.00000000,0.00000000,0.00000000,0.00000000,0.00000000,0.00000000
2025/12/1,0.00000000,0.00010270,0.00085457,0.00000000,0.01389758,0.00707924,0.00574504,0.00000000,0.00000000,0.00000000,0.00000000,0.00187498,0.00721799,0.02756942,0.06034303,0.00010270,0.00000000,0.00000000,0.00000000,0.00601773,0.01929853,0.02243271,0.01957286,0.02509419,0.00010270,0.00000000,0.00000000,0.00000000,0.01982996,0.00637777,0.02868489,0.03146686,0.02726896,0.00841660,0.00260480,0.00000000,0.00000000,0.00205375,0.00184212,0.01522271,0.03587651,0.02493681,0.04533762,0.03407320,0.00000000,0.00000000,0.00000000,0.00000000,0.00000000,0.00424451,0.00572488,0.00537302,0.07634149,0.00000000,0.00000000,0.00000000,0.00000000,0.00010270,0.00471035,0.01147092,0.00463284,0.01008057,0.01015990,0.00000000,0.00010270,0.00000000,0.00356067,0.00523668,0.01995942,0.01559312,0.00648926,0.00413464,0.00410204,0.00669707,0.00327821,0.00377084,0.00010270,0.00010270,0.00898756,0.00936949,0.00000000,0.00253409,0.00352632,0.01562440,0.01105862,0.00108824,0.00306220,0.00374707,0.04267576,0.00506077,0.00967469,0.05954748,0.04514750,0.01486818,0.00340772,0.01217099,0.01867707,0.01453974,0.01401166,0.00000000,0.01513101,0.01298787,0.02322160,0.00849156,0.00948451,0.01046303,0.00562766,0.00293189,0.00000000,0.00000000,0.01171949,0.01392191,0.00299210,0.00822886,0.03542574,0.00283155,0.00000000,0.00000000,0.00000000,0.00223543,0.02422274,0.01281549,0.00317638,0.01373794,0.00562649,0.00000000,0.00000000,0.00000000,0.00336125,0.00710846,0.00262085,0.00000000,0.00000000,0.00000000,0.00000000,0.00000000,0.00000000,0.01050874,0.00000000,0.00000000,0.00000000,0.00000000,0.00000000,0.00000000
2025/12/2,0.00000000,0.00010066,0.00082818,0.00000000,0.02190813,0.01309548,0.00580131,0.00000000,0.00000000,0.00000000,0.00000000,0.00204539,0.01221359,0.04575435,0.02469742,0.00010066,0.00000000,0.00000000,0.00000000,0.00588828,0.00544104,0.01507782,0.02586321,0.03071081,0.00010066,0.00000000,0.00000000,0.00000000,0.01731605,0.00513603,0.03000592,0.03890908,0.02747768,0.00870863,0.00192157,0.00000000,0.00000000,0.00178735,0.00087155,0.01198949,0.02421285,0.01057234,0.04116975,0.01452307,0.00000000,0.00000000,0.00000000,0.00000000,0.00000000,0.00567779,0.00769547,0.00619304,0.04673210,0.00000000,0.00000000,0.00000000,0.00000000,0.00010066,0.00547964,0.00692923,0.00414758,0.01498171,0.00348043,0.00000000,0.00010066,0.00000000,0.00396779,0.00897442,0.02409964,0.00875417,0.00608587,0.00438734,0.00597426,0.01198955,0.00168604,0.00450993,0.00010066,0.00010066,0.01654355,0.00592408,0.00000000,0.00369639,0.00328724,0.02695819,0.00656855,0.00035638,0.00379706,0.00285656,0.05443251,0.00538662,0.00232144,0.04558013,0.03374869,0.02431720,0.00262173,0.00717616,0.01968756,0.00695351,0.02091764,0.00000000,0.00938026,0.00757927,0.02128028,0.01149070,0.00633839,0.01078272,0.00978632,0.00295316,0.00000000,0.00000000,0.01596050,0.01509707,0.00325082,0.01958274,0.02316624,0.00683098,0.00000000,0.00000000,0.00000000,0.00094701,0.02565455,0.00913506,0.00252720,0.00521435,0.01163604,0.00000000,0.00000000,0.00000000,0.00261525,0.01512214,0.00353652,0.00000000,0.00000000,0.00000000,0.00000000,0.00000000,0.00000000,0.00344546,0.00000000,0.00000000,0.00000000,0.00000000,0.00000000,0.00000000
2025/12/3,0.00000000,0.00011154,0.00081867,0.00000000,0.02204849,0.00712389,0.00487070,0.00000000,0.00000000,0.00000000,0.00000000,0.00318652,0.01320964,0.02746094,0.01798209,0.00011154,0.00000000,0.00000000,0.00000000,0.00506784,0.00649210,0.02009793,0.01634862,0.02107631,0.00011154,0.00000000,0.00000000,0.00000000,0.01233276,0.00564861,0.02008665,0.05271100,0.02799107,0.00757818,0.00166899,0.00000000,0.00000000,0.00092325,0.00101706,0.00463079,0.02414745,0.02359871,0.03356667,0.01274147,0.00000000,0.00000000,0.00000000,0.00000000,0.00000000,0.00873970,0.02126529,0.00586243,0.03428214,0.00000000,0.00000000,0.00000000,0.00000000,0.00011154,0.00582604,0.00815223,0.00306509,0.02430048,0.00179055,0.00000000,0.00011154,0.00000000,0.00439496,0.01026871,0.02656878,0.01113584,0.00991258,0.00449530,0.00611998,0.00726932,0.00240462,0.00423959,0.00011154,0.00011154,0.00628454,0.00821001,0.00000000,0.00654440,0.00502453,0.01766582,0.01083753,0.00000000,0.00273507,0.00515515,0.07988705,0.00790475,0.00254624,0.05855544,0.02403526,0.01864099,0.00292161,0.00953937,0.01856119,0.00556790,0.01971732,0.00000000,0.00724539,0.01279026,0.01733538,0.01841041,0.00658683,0.01657384,0.00178836,0.00382892,0.00000000,0.00000000,0.01523379,0.02061385,0.00853454,0.01073949,0.01485182,0.01775729,0.00000000,0.00000000,0.00000000,0.00256127,0.02660944,0.00780481,0.00246775,0.00642550,0.00484137,0.00000000,0.00000000,0.00000000,0.00259035,0.02064186,0.00398125,0.00000000,0.00000000,0.00000000,0.00000000,0.00000000,0.00000000,0.00110380,0.00000000,0.00000000,0.00000000,0.00000000,0.00000000,0.00000000
2025/12/4,0.00000000,0.00006777,0.00077513,0.00000000,0.01475534,0.00454444,0.00645396,0.00000000,0.00000000,0.00000000,0.00000000,0.00198343,0.01546610,0.02631351,0.02917831,0.00006777,0.00000000,0.00000000,0.00000000,0.00515538,0.01072363,0.01742899,0.00844399,0.02669185,0.00006777,0.00000000,0.00000000,0.00000000,0.01247633,0.00420315,0.01795244,0.04165400,0.03813563,0.00815245,0.00135365,0.00000000,0.00000000,0.00065269,0.00599736,0.00232663,0.02909623,0.02924776,0.04258950,0.01955505,0.00000000,0.00000000,0.00000000,0.00000000,0.00000000,0.01796864,0.02095073,0.00533505,0.05325682,0.00000000,0.00000000,0.00000000,0.00000000,0.00006777,0.00456572,0.01175363,0.00170642,0.01396025,0.00108101,0.00000000,0.00006777,0.00000000,0.00440147,0.01722228,0.02013762,0.00332537,0.01354392,0.00452732,0.00864397,0.00700429,0.00662055,0.00307177,0.00006777,0.00006777,0.00153381,0.00782400,0.00025538,0.01446633,0.00527348,0.01220292,0.01150822,0.00015303,0.00170770,0.00827631,0.10447881,0.01448795,0.00257518,0.04550069,0.02553019,0.00839163,0.00225367,0.02461138,0.02689499,0.00663657,0.00735329,0.00000000,0.01941642,0.01224274,0.00981775,0.00676723,0.00453562,0.01246624,0.00042239,0.00375374,0.00000000,0.00000000,0.02070726,0.02955354,0.00156684,0.00814940,0.02187727,0.00724950,0.00000000,0.00000000,0.00000000,0.00228737,0.04647463,0.00896706,0.00179160,0.00314837,0.00338227,0.00000000,0.00000000,0.00000000,0.00047871,0.01102004,0.00285956,0.00000000,0.00000000,0.00000000,0.00000000,0.00000000,0.00000000,0.00000000,0.00000000,0.00000000,0.00000000,0.00000000,0.00000000,0.00000000
2025/12/5,0.00000000,0.00007966,0.00076518,0.00000000,0.01439773,0.00394860,0.00413616,0.00000000,0.00000000,0.00000000,0.00000000,0.00162052,0.00948513,0.04767692,0.03937454,0.00007966,0.00000000,0.00000000,0.00000000,0.00874776,0.00463750,0.01873851,0.01130762,0.02987528,0.00007966,0.00000000,0.00000000,0.00000000,0.02435330,0.00634065,0.01810138,0.02505881,0.02411332,0.01301014,0.00151452,0.00000000,0.00000000,0.00563948,0.00134465,0.00249742,0.03278094,0.02468278,0.04791585,0.01475198,0.00000000,0.00000000,0.00000000,0.00000000,0.00000000,0.01030012,0.01040489,0.00301947,0.03588979,0.00000000,0.00000000,0.00000000,0.00000000,0.00007966,0.00412813,0.01283641,0.00383745,0.00964337,0.00084189,0.00000000,0.00007966,0.00000000,0.00429891,0.00375562,0.01137938,0.00481719,0.00644284,0.00444342,0.00890739,0.00825596,0.02629316,0.00231818,0.00007966,0.00007966,0.00428469,0.01046866,0.00433512,0.01682295,0.00664212,0.04036663,0.02006052,0.00552027,0.00053377,0.00415920,0.05372758,0.00782774,0.00431856,0.04265942,0.03040384,0.00947044,0.00194726,0.01691413,0.03689471,0.00922803,0.00491247,0.00000000,0.03548498,0.01097381,0.01483631,0.00572851,0.00220685,0.01668084,0.00221518,0.00365446,0.00000000,0.00000000,0.02899189,0.01608074,0.00401506,0.00936315,0.02657669,0.00331209,0.00000000,0.00000000,0.00000000,0.00223420,0.03108633,0.01643902,0.00154186,0.00323424,0.00395902,0.00000000,0.00000000,0.00000000,0.00111908,0.00829255,0.00193039,0.00000000,0.00000000,0.00000000,0.00000000,0.00000000,0.00000000,0.00000000,0.00000000,0.00000000,0.00000000,0.00000000,0.00000000,0.00000000
2025/12/6,0.00000000,0.00009178,0.00078915,0.00000000,0.01732836,0.00408805,0.00461687,0.00000000,0.00000000,0.00000000,0.00000000,0.00162182,0.00898752,0.05143105,0.05924506,0.00009178,0.00000000,0.00000000,0.00000000,0.00374593,0.00475142,0.03127116,0.01224246,0.03174271,0.00009178,0.00000000,0.00000000,0.00000000,0.01237007,0.01547431,0.01845536,0.02485470,0.03434473,0.02005209,0.00202970,0.00000000,0.00000000,0.00031308,0.00112125,0.00295572,0.02549440,0.02092585,0.04547076,0.01869461,0.00000000,0.00000000,0.00000000,0.00000000,0.00000000,0.01147494,0.00421167,0.00323977,0.02923498,0.00000000,0.00000000,0.00000000,0.00000000,0.00009178,0.00556573,0.02015428,0.01449006,0.01722322,0.00092690,0.00000000,0.00009178,0.00000000,0.00405807,0.00195400,0.00933937,0.01443464,0.00605593,0.00441284,0.00282140,0.00829531,0.00663014,0.00280508,0.00009178,0.00009178,0.01223240,0.00670385,0.01279752,0.00965092,0.01308082,0.04226392,0.01357267,0.00060729,0.00058220,0.00361789,0.04192969,0.00722444,0.00821292,0.05834970,0.02227585,0.02291111,0.00204070,0.00593044,0.03656959,0.00641892,0.00563626,0.00000000,0.02894805,0.01136945,0.01594687,0.00549822,0.00472232,0.01910354,0.00353843,0.00277745,0.00000000,0.00000000,0.02256286,0.02236245,0.01849287,0.00970354,0.01737861,0.00182574,0.00000000,0.00000000,0.00000000,0.00336069,0.01944441,0.01337167,0.00262611,0.00398987,0.00929414,0.00000000,0.00000000,0.00000000,0.00625562,0.00787946,0.00209426,0.00000000,0.00000000,0.00000000,0.00000000,0.00000000,0.00000000,0.00052617,0.00000000,0.00000000,0.00000000,0.00000000,0.00000000,0.00000000
2025/12/7,0.00000000,0.00011624,0.00085903,0.00000000,0.01277551,0.00436492,0.00386370,0.00000000,0.00000000,0.00000000,0.00000000,0.00172817,0.01446666,0.02976856,0.07866929,0.00011624,0.00000000,0.00000000,0.00000000,0.00397631,0.01337519,0.02498064,0.00991865,0.01619854,0.00011624,0.00000000,0.00000000,0.00000000,0.00919915,0.01286745,0.01409922,0.02807863,0.03548180,0.00919368,0.00183335,0.00000000,0.00000000,0.00016600,0.00176017,0.00386048,0.03206015,0.01298777,0.04605847,0.02892283,0.00000000,0.00000000,0.00000000,0.00000000,0.00000000,0.00436239,0.00402689,0.00859224,0.04072440,0.00000000,0.00000000,0.00000000,0.00000000,0.00011624,0.00509941,0.01517413,0.00579426,0.01779307,0.00087535,0.00000000,0.00011624,0.00000000,0.00335882,0.01257698,0.01232795,0.00974285,0.01202482,0.00498615,0.00300011,0.00825801,0.00312924,0.00306664,0.00011624,0.00011624,0.00314734,0.00782078,0.00444820,0.00345235,0.00759579,0.02950795,0.01055113,0.00002264,0.00366781,0.00458716,0.05248298,0.00933103,0.01822407,0.04631046,0.03550583,0.01596987,0.00206572,0.00631812,0.02760953,0.01038090,0.00466840,0.00000000,0.00915519,0.00537732,0.01006158,0.00559042,0.01428587,0.02326258,0.00444535,0.00364545,0.00000000,0.00000000,0.01756863,0.02723219,0.00724513,0.01336514,0.01795273,0.00142243,0.00000000,0.00000000,0.00000000,0.00250313,0.03780050,0.01498163,0.00192038,0.00404335,0.00356228,0.00000000,0.00000000,0.00000000,0.00271741,0.01285309,0.00702505,0.00000000,0.00000000,0.00000000,0.00000000,0.00000000,0.00000000,0.00071396,0.00000000,0.00000000,0.00000000,0.00000000,0.00000000,0.00000000
2025/12/8,0.00000000,0.00011908,0.00085894,0.00000000,0.00787147,0.00630028,0.00570273,0.00000000,0.00000000,0.00000000,0.00000000,0.00213474,0.00695212,0.03724272,0.07166103,0.00011908,0.00000000,0.00000000,0.00000000,0.00787189,0.01040646,0.01458261,0.01394261,0.01934992,0.00011908,0.00000000,0.00000000,0.00000000,0.01319102,0.01118201,0.02198295,0.02203115,0.03146729,0.00731228,0.00436221,0.00000000,0.00000000,0.00125457,0.00119205,0.00391818,0.03453413,0.01177058,0.04571475,0.01899086,0.00000000,0.00000000,0.00000000,0.00000000,0.00000000,0.00412186,0.00629286,0.00982885,0.02926693,0.00000000,0.00000000,0.00000000,0.00000000,0.00011908,0.00426254,0.00959076,0.00304696,0.02293301,0.00085008,0.00000000,0.00011908,0.00000000,0.00323922,0.01954521,0.01555135,0.00381226,0.00844307,0.00431734,0.00517415,0.00760680,0.00409461,0.00318789,0.00011908,0.00011908,0.00191248,0.00596514,0.00063193,0.00320151,0.00700323,0.03227863,0.01226189,0.00097364,0.01234293,0.00987683,0.05076958,0.01817580,0.00967487,0.04819537,0.05073594,0.02103916,0.00295039,0.00692514,0.02160344,0.02518400,0.00577259,0.00000000,0.00692936,0.01123664,0.00920815,0.00628703,0.00949719,0.02352969,0.00448535,0.00974548,0.00000000,0.00000000,0.01704706,0.02043647,0.00494113,0.00914653,0.02102157,0.00144103,0.00000000,0.00000000,0.00000000,0.00182678,0.02946558,0.00369336,0.00258038,0.00398912,0.00644029,0.00000000,0.00000000,0.00000000,0.00066452,0.01616898,0.00147879,0.00000000,0.00000000,0.00000000,0.00000000,0.00000000,0.00000000,0.00153730,0.00000000,0.00000000,0.00000000,0.00000000,0.00000000,0.00000000
2025/12/9,0.00000000,0.00011691,0.00085535,0.00000000,0.01505649,0.00994060,0.00586703,0.00000000,0.00000000,0.00000000,0.00000000,0.00322034,0.01295841,0.03731909,0.06643189,0.00011691,0.00000000,0.00000000,0.00000000,0.00605269,0.01784684,0.01048025,0.01029107,0.01993196,0.00011691,0.00000000,0.00000000,0.00000000,0.01257164,0.00555585,0.01563364,0.03648416,0.03679403,0.00808702,0.01416741,0.00000000,0.00000000,0.00180482,0.00114994,0.00374396,0.03087906,0.01209850,0.02053866,0.02463260,0.00000000,0.00000000,0.00000000,0.00000000,0.00000000,0.01089862,0.00145263,0.00282178,0.02580473,0.00000000,0.00000000,0.00000000,0.00000000,0.00011691,0.00373459,0.00881140,0.00251369,0.01079929,0.00073643,0.00000000,0.00011691,0.00000000,0.00857669,0.01696030,0.01500333,0.01504625,0.00665359,0.00493734,0.01168866,0.00731383,0.00451144,0.00319737,0.00011691,0.00011691,0.00372232,0.00564674,0.00000000,0.01765230,0.01156570,0.02867805,0.00931012,0.00175933,0.00335823,0.00534818,0.05092846,0.01347719,0.00551142,0.04100318,0.05937654,0.03615216,0.00291479,0.00807075,0.01708325,0.01118510,0.00539181,0.00000000,0.01143005,0.01333181,0.01382940,0.01163735,0.01015049,0.01329933,0.00438738,0.00732566,0.00000000,0.00000000,0.01644389,0.02411793,0.00486162,0.01037255,0.02079887,0.00179439,0.00000000,0.00000000,0.00000000,0.00162843,0.02991274,0.00326421,0.00232345,0.00576846,0.01962746,0.00000000,0.00000000,0.00000000,0.00136754,0.01297567,0.00125438,0.00000000,0.00000000,0.00000000,0.00000000,0.00000000,0.00000000,0.00222933,0.00000000,0.00000000,0.00000000,0.00000000,0.00000000,0.00000000
2025/12/10,0.00000000,0.00010598,0.00088218,0.00000000,0.00662749,0.00532954,0.00554325,0.00000000,0.00000000,0.00000000,0.00000000,0.00217873,0.00987339,0.03491507,0.08430925,0.00010598,0.00000000,0.00000000,0.00000000,0.00640067,0.01814494,0.01061677,0.01075795,0.01840639,0.00010598,0.00000000,0.00000000,0.00000000,0.01277252,0.00838274,0.02057776,0.02381274,0.03782556,0.00657382,0.00468280,0.00000000,0.00000000,0.00182992,0.00652564,0.00402332,0.02401183,0.01458311,0.02536421,0.02503491,0.00000000,0.00000000,0.00000000,0.00000000,0.00000000,0.00609109,0.00149030,0.00273344,0.02673505,0.00000000,0.00000000,0.00000000,0.00000000,0.00010598,0.00432907,0.00496827,0.00263113,0.02340497,0.00105537,0.00000000,0.00010598,0.00000000,0.00510000,0.00167696,0.01208112,0.00796069,0.00541969,0.00476360,0.00609736,0.00704616,0.00372626,0.00300947,0.00010598,0.00010598,0.00945556,0.01824568,0.00000000,0.00707687,0.02720712,0.01723448,0.01382452,0.00154479,0.00170404,0.00858387,0.04322308,0.02102934,0.00527810,0.05992666,0.04799833,0.02916135,0.00437039,0.00818841,0.02806211,0.01380740,0.00459871,0.00000000,0.00747528,0.01408491,0.02405313,0.01213117,0.01459240,0.01576369,0.00396701,0.00183449,0.00000000,0.00000000,0.01559675,0.02060049,0.00639618,0.00675937,0.01960093,0.00133466,0.00000000,0.00000000,0.00000000,0.00645414,0.03052285,0.00942298,0.00232839,0.01537792,0.00588878,0.00000000,0.00000000,0.00000000,0.00342593,0.01019593,0.00614872,0.00000000,0.00000000,0.00000000,0.00000000,0.00000000,0.00000000,0.00178671,0.00000000,0.00000000,0.00000000,0.00000000,0.00000000,0.00000000
2025/12/11,0.00000000,0.00011447,0.00097481,0.00000000,0.00372093,0.00401736,0.00460869,0.00000000,0.00000000,0.00000000,0.00000000,0.00152906,0.00314055,0.03568909,0.06295861,0.00011447,0.00000000,0.00000000,0.00000000,0.00701270,0.01296830,0.01688914,0.00435839,0.01309244,0.00011447,0.00000000,0.00000000,0.00000000,0.00945056,0.01545347,0.01796616,0.01868091,0.02568348,0.00569934,0.00154220,0.00000000,0.00000000,0.00190736,0.00064590,0.00269615,0.03071699,0.01041101,0.04332152,0.02154616,0.00000000,0.00000000,0.00000000,0.00000000,0.00000000,0.01113242,0.01074278,0.00452715,0.02701007,0.00000000,0.00000000,0.00000000,0.00000000,0.00011447,0.00794952,0.00260662,0.00302645,0.00825201,0.00109232,0.00000000,0.00011447,0.00000000,0.00309029,0.00296974,0.01427880,0.02011086,0.00510592,0.00345830,0.00454356,0.00723496,0.00420661,0.00322920,0.00011447,0.00011447,0.00415740,0.00899568,0.00000000,0.00124079,0.01622324,0.01353030,0.00619939,0.00121203,0.00268046,0.00223626,0.06020437,0.01735662,0.00321088,0.04832212,0.04136903,0.02121012,0.00863269,0.00928491,0.02063978,0.01405936,0.00563220,0.00000000,0.01863711,0.00632615,0.02949909,0.00824401,0.00520618,0.01114253,0.00371351,0.00317173,0.00000000,0.00000000,0.01763061,0.01292214,0.01335997,0.00804818,0.03317701,0.00090354,0.00000000,0.00000000,0.00000000,0.00171160,0.01763569,0.00497874,0.00247057,0.00612789,0.00343150,0.00000000,0.00000000,0.00000000,0.00279251,0.00210074,0.00088489,0.00000000,0.00000000,0.00000000,0.00000000,0.00000000,0.00000000,0.00074685,0.00000000,0.00000000,0.00000000,0.00000000,0.00000000,0.00000000
2025/12/12,0.00000000,0.00009176,0.00070602,0.00000000,0.00735422,0.00402982,0.00389029,0.00000000,0.00000000,0.00000000,0.00000000,0.00146640,0.00634506,0.05977231,0.05492529,0.00009176,0.00000000,0.00000000,0.00000000,0.00441800,0.01073053,0.01194822,0.00943197,0.02041766,0.00009176,0.00000000,0.00000000,0.00000000,0.01057989,0.00947832,0.01661905,0.03524688,0.04507731,0.00940130,0.00152725,0.00000000,0.00000000,0.00167676,0.00005803,0.00433043,0.03671484,0.01692188,0.04213713,0.02786434,0.00000000,0.00000000,0.00000000,0.00000000,0.00000000,0.00347299,0.00959066,0.00471897,0.02864292,0.00000000,0.00000000,0.00000000,0.00000000,0.00009176,0.00348879,0.00817284,0.00330531,0.01112003,0.00096935,0.00000000,0.00009176,0.00000000,0.00413959,0.01200720,0.01309733,0.02417949,0.00985064,0.00339732,0.00438149,0.00714028,0.00332836,0.00273130,0.00009176,0.00009176,0.00407977,0.01108908,0.00027376,0.00408314,0.02017790,0.02133700,0.00513194,0.00073291,0.00369233,0.00566090,0.06560346,0.01199984,0.00416007,0.05041732,0.05440332,0.02674716,0.00420238,0.01211886,0.02613372,0.00679690,0.00423365,0.00000000,0.00896611,0.01036670,0.01485496,0.01024029,0.00717515,0.01688487,0.00400803,0.00708752,0.00000000,0.00000000,0.02436364,0.01519906,0.01625938,0.00791533,0.02217929,0.00185885,0.00000000,0.00000000,0.00000000,0.00136114,0.01958323,0.00979559,0.00248060,0.00304383,0.00200259,0.00000000,0.00000000,0.00000000,0.00475384,0.00443275,0.00453474,0.00000000,0.00000000,0.00000000,0.00000000,0.00000000,0.00000000,0.00000000,0.00000000,0.00000000,0.00000000,0.00000000,0.00000000,0.00000000
2025/12/13,0.00000000,0.00009540,0.00068089,0.00000000,0.01938436,0.00637445,0.00349258,0.00000000,0.00000000,0.00000000,0.00000000,0.00144193,0.00370165,0.06419937,0.05203905,0.00009540,0.00000000,0.00000000,0.00000000,0.00522187,0.00858036,0.00930244,0.00561908,0.01940230,0.00009540,0.00000000,0.00000000,0.00000000,0.00625135,0.00539690,0.03220470,0.01970347,0.02850528,0.02362641,0.00149493,0.00000000,0.00000000,0.00157867,0.00186023,0.00399517,0.02888735,0.01911750,0.05258865,0.01088374,0.00000000,0.00000000,0.00000000,0.00000000,0.00000000,0.00269117,0.01901827,0.00584309,0.04121288,0.00000000,0.00000000,0.00000000,0.00000000,0.00009540,0.00223196,0.01546953,0.00319541,0.01323271,0.00088679,0.00000000,0.00009540,0.00000000,0.00482409,0.01436049,0.00910550,0.02135184,0.00484628,0.00357105,0.00490537,0.00708719,0.00138345,0.00254151,0.00009540,0.00009540,0.01162400,0.01817452,0.00035095,0.00319978,0.01076135,0.03016973,0.00703954,0.00057984,0.00366298,0.00189816,0.04888522,0.01997724,0.01239808,0.03787158,0.03790824,0.02424342,0.00278834,0.00641076,0.04391625,0.00487929,0.00417914,0.00000000,0.01043727,0.01217318,0.01199936,0.01882421,0.01152365,0.00758096,0.00415879,0.00104075,0.00000000,0.00000000,0.01135157,0.00601794,0.00975559,0.00533789,0.02075008,0.00241914,0.00000000,0.00000000,0.00000000,0.00221369,0.03449633,0.01241243,0.00242715,0.00242046,0.00194414,0.00000000,0.00000000,0.00000000,0.00414067,0.00581087,0.00015527,0.00000000,0.00000000,0.00000000,0.00000000,0.00000000,0.00000000,0.00038946,0.00000000,0.00000000,0.00000000,0.00000000,0.00000000,0.00000000
2025/12/14,0.00000000,0.00009984,0.00070393,0.00000000,0.00982373,0.00438804,0.00483834,0.00000000,0.00000000,0.00000000,0.00000000,0.00147521,0.00769617,0.04921341,0.03849571,0.00009984,0.00000000,0.00000000,0.00000000,0.00616549,0.01113455,0.01546294,0.00580527,0.02028843,0.00009984,0.00000000,0.00000000,0.00000000,0.00599071,0.00385681,0.02559277,0.01950254,0.02506822,0.00966647,0.00155555,0.00000000,0.00000000,0.00193074,0.00198354,0.00289066,0.02971125,0.00969999,0.05751701,0.01385019,0.00000000,0.00000000,0.00000000,0.00000000,0.00000000,0.00407704,0.00650331,0.00512204,0.01970178,0.00000000,0.00000000,0.00000000,0.00000000,0.00009984,0.00141335,0.00679401,0.00404899,0.00858093,0.00072817,0.00000000,0.00009984,0.00000000,0.00433866,0.01603378,0.00730812,0.00976720,0.00953509,0.00451531,0.00523396,0.00713375,0.00357043,0.00310051,0.00009984,0.00009984,0.01430734,0.00962211,0.00034164,0.00358613,0.00549343,0.02708805,0.00369392,0.00092964,0.00544549,0.01180093,0.05089826,0.00893633,0.00274885,0.05250697,0.04202858,0.01034342,0.00237549,0.00496280,0.03465042,0.00361060,0.00466722,0.00000000,0.01390550,0.01944350,0.00909024,0.01111063,0.00595993,0.00611122,0.00406411,0.00027195,0.00000000,0.00000000,0.00809919,0.01581623,0.01335765,0.00608698,0.02341265,0.00236832,0.00000000,0.00000000,0.00000000,0.00092982,0.03084890,0.01255900,0.00090451,0.00198576,0.00462242,0.00000000,0.00000000,0.00000000,0.00390552,0.00714058,0.00547491,0.00000000,0.00000000,0.00000000,0.00000000,0.00000000,0.00000000,0.00967129,0.00000000,0.00000000,0.00000000,0.00000000,0.00000000,0.00000000
2025/12/15,0.00000000,0.00011244,0.00073459,0.00000000,0.00872495,0.00244732,0.00836474,0.00000000,0.00000000,0.00000000,0.00000000,0.00148631,0.00294105,0.04067262,0.05129896,0.00011244,0.00000000,0.00000000,0.00000000,0.00598486,0.01276272,0.01033087,0.00580544,0.02477099,0.00011244,0.00000000,0.00000000,0.00000000,0.00599325,0.00816068,0.03483526,0.03158127,0.01385690,0.00425184,0.00153616,0.00000000,0.00000000,0.00161195,0.00176399,0.00181247,0.03799255,0.01430258,0.06048886,0.01957357,0.00000000,0.00000000,0.00000000,0.00000000,0.00000000,0.00487430,0.00269520,0.00590788,0.02138857,0.00000000,0.00000000,0.00000000,0.00000000,0.00011244,0.00461901,0.01581676,0.00376917,0.01544483,0.00073578,0.00000000,0.00011244,0.00000000,0.00348679,0.01570329,0.00903117,0.01434494,0.00920928,0.00354781,0.00349692,0.00711714,0.00677092,0.00336282,0.00011244,0.00011244,0.00249318,0.00599439,0.00041271,0.00566542,0.00279179,0.00521178,0.00619348,0.00086674,0.01222042,0.00217378,0.04819953,0.00917260,0.00204939,0.02933271,0.04003340,0.01267182,0.00198937,0.00450882,0.02766401,0.00360066,0.00977580,0.00000000,0.00335947,0.00734833,0.01010262,0.00919713,0.00429849,0.01207088,0.00285419,0.00670629,0.00000000,0.00000000,0.01536809,0.01351739,0.00618635,0.00983680,0.00740969,0.00262221,0.00000000,0.00000000,0.00000000,0.00270699,0.02190254,0.00634519,0.00230066,0.00215818,0.00414136,0.00000000,0.00000000,0.00000000,0.00375929,0.01553630,0.00141814,0.00000000,0.00000000,0.00000000,0.00000000,0.00000000,0.00000000,0.02006330,0.00000000,0.00000000,0.00000000,0.00000000,0.00000000,0.00000000
2025/12/16,0.00000000,0.00012025,0.00080523,0.00000000,0.01282881,0.00074499,0.00469390,0.00000000,0.00000000,0.00000000,0.00000000,0.00148350,0.00397452,0.05664440,0.04101428,0.00012025,0.00000000,0.00000000,0.00000000,0.00512295,0.00509941,0.00949006,0.01057291,0.02999399,0.00012025,0.00000000,0.00000000,0.00000000,0.01081088,0.00046054,0.02014360,0.02601254,0.01513780,0.00588782,0.00133555,0.00000000,0.00000000,0.00150493,0.00175837,0.00211293,0.04410753,0.01764848,0.04471530,0.01418766,0.00000000,0.00000000,0.00000000,0.00000000,0.00000000,0.00519773,0.00616827,0.01470411,0.03182504,0.00000000,0.00000000,0.00000000,0.00000000,0.00012025,0.00769804,0.02003277,0.00392016,0.01664686,0.00086001,0.00000000,0.00012025,0.00000000,0.00381110,0.01372660,0.02269504,0.01028594,0.00394088,0.00289894,0.00364564,0.00719188,0.00221810,0.00327626,0.00012025,0.00012025,0.00149608,0.01331640,0.00035751,0.00374407,0.00125047,0.00876628,0.01751336,0.00112308,0.00457958,0.00208606,0.05233266,0.00251214,0.00503923,0.02402725,0.02854402,0.02064150,0.00078222,0.00539978,0.03169161,0.00961320,0.00493659,0.00000000,0.00678594,0.00774792,0.01534243,0.00668272,0.00291565,0.00738740,0.00347084,0.00216339,0.00000000,0.00000000,0.01126197,0.01500001,0.00276358,0.01122760,0.01486239,0.00260189,0.00000000,0.00000000,0.00000000,0.00289956,0.02282629,0.01199997,0.00105143,0.00351728,0.00351709,0.00000000,0.00000000,0.00000000,0.01130007,0.00467477,0.00194754,0.00000000,0.00000000,0.00000000,0.00000000,0.00000000,0.00000000,0.00431862,0.00000000,0.00000000,0.00000000,0.00000000,0.00000000,0.00000000
2025/12/17,0.00000000,0.00014524,0.00087760,0.00000000,0.02042657,0.00154382,0.00416899,0.00000000,0.00000000,0.00000000,0.00000000,0.00144953,0.00480638,0.04463894,0.04312604,0.00014524,0.00000000,0.00000000,0.00000000,0.00469164,0.01601711,0.01358358,0.02017932,0.02617036,0.00014524,0.00000000,0.00000000,0.00000000,0.01333853,0.00691153,0.02571167,0.04607039,0.02909445,0.01572192,0.00151990,0.00000000,0.00000000,0.00151965,0.00180672,0.00711679,0.05368251,0.02115503,0.04584337,0.01690211,0.00000000,0.00000000,0.00000000,0.00000000,0.00000000,0.00555549,0.00000000,0.00556051,0.03929164,0.00000000,0.00000000,0.00000000,0.00000000,0.00014524,0.01439621,0.02701657,0.00381745,0.01640476,0.00119079,0.00000000,0.00014524,0.00000000,0.00566155,0.01107945,0.01507019,0.01457994,0.00454618,0.00672412,0.00993915,0.00724400,0.00153249,0.00307853,0.00014524,0.00014524,0.00331942,0.01447324,0.00081890,0.00646850,0.00660658,0.02241633,0.00969365,0.00114300,0.00399218,0.00289136,0.03941818,0.00797799,0.00581566,0.04266697,0.03943860,0.02200721,0.00264320,0.00676769,0.03408619,0.00469894,0.00430787,0.00000000,0.01548621,0.01213026,0.01254597,0.00558654,0.00635281,0.01073179,0.00414599,0.00244911,0.00000000,0.00000000,0.01043475,0.01168394,0.00238001,0.01737516,0.01878276,0.00255817,0.00000000,0.00000000,0.00000000,0.00264986,0.02506285,0.00849044,0.00306765,0.00490356,0.00266735,0.00000000,0.00000000,0.00000000,0.01648812,0.00401667,0.00305774,0.00000000,0.00000000,0.00000000,0.00000000,0.00000000,0.00000000,0.00082265,0.00000000,0.00000000,0.00000000,0.00000000,0.00000000,0.00000000
2025/12/18,0.00000000,0.00013912,0.00117023,0.00000000,0.01257167,0.01136850,0.00417453,0.00000000,0.00000000,0.00000000,0.00000000,0.00158678,0.01126561,0.03477901,0.04701447,0.00013912,0.00000000,0.00000000,0.00000000,0.00456708,0.01559013,0.02398897,0.01061206,0.01827322,0.00013912,0.00000000,0.00000000,0.00000000,0.00998770,0.01653203,0.02348936,0.03117244,0.03078773,0.00816596,0.00184000,0.00000000,0.00000000,0.00139602,0.00179819,0.00395421,0.05215880,0.02082448,0.07128329,0.01627634,0.00000000,0.00000000,0.00000000,0.00000000,0.00000000,0.00654727,0.00006213,0.00464334,0.04692118,0.00000000,0.00000000,0.00000000,0.00000000,0.00013912,0.00713073,0.01137989,0.00352833,0.01250762,0.00114466,0.00000000,0.00013912,0.00000000,0.01146567,0.01015843,0.01796247,0.01001727,0.00682958,0.00143879,0.00341548,0.00780300,0.00153674,0.00284045,0.00013912,0.00013912,0.00505989,0.00716971,0.00119861,0.01424398,0.00370963,0.02134114,0.01591882,0.00081112,0.00439538,0.00509046,0.05130403,0.00352865,0.00914250,0.04563912,0.04354468,0.03262061,0.00301697,0.00771154,0.04606993,0.00583486,0.00478654,0.00000000,0.01733336,0.02255047,0.01494244,0.00570857,0.00338116,0.00961195,0.00500620,0.00496127,0.00000000,0.00000000,0.01444156,0.02812268,0.00278081,0.01572878,0.01657926,0.00257039,0.00000000,0.00000000,0.00000000,0.00351401,0.04961240,0.00748592,0.00335055,0.00791864,0.00540422,0.00000000,0.00000000,0.00000000,0.00329185,0.00822380,0.00319288,0.00000000,0.00000000,0.00000000,0.00000000,0.00000000,0.00000000,0.00036007,0.00000000,0.00000000,0.00000000,0.00000000,0.00000000,0.00000000
2025/12/19,0.00000000,0.00013521,0.00202277,0.00000000,0.00961050,0.00199785,0.00472000,0.00000000,0.00000000,0.00000000,0.00000000,0.00187162,0.02150073,0.03026434,0.05747944,0.00013521,0.00000000,0.00000000,0.00000000,0.00636843,0.00925194,0.01609897,0.02170098,0.02408819,0.00013521,0.00000000,0.00000000,0.00000000,0.00682298,0.01236842,0.01808180,0.03044511,0.03581713,0.00924715,0.00189232,0.00000000,0.00000000,0.00145739,0.00220163,0.00843998,0.03745924,0.00880488,0.06657208,0.03451385,0.00000000,0.00000000,0.00000000,0.00000000,0.00000000,0.00588280,0.01330676,0.00627969,0.04301175,0.00000000,0.00000000,0.00000000,0.00000000,0.00013521,0.01077609,0.00672237,0.00361323,0.01409467,0.00177420,0.00000000,0.00013521,0.00000000,0.00667202,0.00412299,0.01144806,0.01488680,0.00787783,0.00796526,0.00366766,0.00780067,0.00658877,0.00264251,0.00013521,0.00013521,0.00454149,0.00665554,0.00124444,0.00937386,0.00477374,0.03740132,0.01746713,0.00106650,0.00367211,0.00556487,0.05707495,0.00412365,0.00570412,0.02996124,0.02898167,0.01770953,0.00278639,0.01199058,0.03404550,0.00776202,0.00381258,0.00000000,0.01845688,0.01367232,0.03203156,0.00426826,0.00813994,0.02054005,0.00398751,0.00904065,0.00000000,0.00000000,0.00831337,0.01931652,0.00357918,0.00987710,0.02914567,0.00240084,0.00000000,0.00000000,0.00000000,0.00228209,0.02306577,0.00736808,0.00266852,0.01859712,0.00949843,0.00000000,0.00000000,0.00000000,0.00498860,0.02575940,0.00363826,0.00000000,0.00000000,0.00000000,0.00000000,0.00000000,0.00000000,0.00157991,0.00000000,0.00000000,0.00000000,0.00000000,0.00000000,0.00000000
2025/12/20,0.00000000,0.00010009,0.00104120,0.00000000,0.00774537,0.00131869,0.01106809,0.00000000,0.00000000,0.00000000,0.00000000,0.00151866,0.01129623,0.03464279,0.07021336,0.00010009,0.00000000,0.00000000,0.00000000,0.01198896,0.00711500,0.02071980,0.01629074,0.01557864,0.00010009,0.00000000,0.00000000,0.00000000,0.01094328,0.01705530,0.01822598,0.03143486,0.05281358,0.01479233,0.00163753,0.00000000,0.00000000,0.00105167,0.00167279,0.00458568,0.05008059,0.01295499,0.04580816,0.02587149,0.00000000,0.00000000,0.00000000,0.00000000,0.00000000,0.00498564,0.01748706,0.00934555,0.02743126,0.00000000,0.00000000,0.00000000,0.00000000,0.00010009,0.00105614,0.00778756,0.00221770,0.01450395,0.00175864,0.00000000,0.00010009,0.00000000,0.00429716,0.00288653,0.01356979,0.00993510,0.00905093,0.00099577,0.00820807,0.00774594,0.00203061,0.00389831,0.00010009,0.00010009,0.00346899,0.00825052,0.00067430,0.00623114,0.00630920,0.02940948,0.00673050,0.00083039,0.00155882,0.00348949,0.06132834,0.00691256,0.01063013,0.05947458,0.02221058,0.02449710,0.00207757,0.02019284,0.02880277,0.00733462,0.00583991,0.00000000,0.02625290,0.01112097,0.01247903,0.00666811,0.00378709,0.01132273,0.00277087,0.00446505,0.00000000,0.00000000,0.00895084,0.01663800,0.00646177,0.01116648,0.03046790,0.00206747,0.00000000,0.00000000,0.00000000,0.00176350,0.02309147,0.01115623,0.00177336,0.00804666,0.01322257,0.00000000,0.00000000,0.00000000,0.00728467,0.02176180,0.00307275,0.00000000,0.00000000,0.00000000,0.00000000,0.00000000,0.00000000,0.00421377,0.00000000,0.00000000,0.00000000,0.00000000,0.00000000,0.00000000
2025/12/21,0.00000000,0.00011294,0.00077153,0.00000000,0.00691657,0.00585756,0.00586729,0.00000000,0.00000000,0.00000000,0.00000000,0.00146937,0.00821080,0.03715381,0.04903135,0.00011294,0.00000000,0.00000000,0.00000000,0.01357327,0.00849080,0.02285921,0.01228265,0.01858385,0.00011294,0.00000000,0.00000000,0.00000000,0.00777909,0.00752127,0.02834172,0.04177529,0.05335092,0.02997464,0.00202073,0.00000000,0.00000000,0.00133340,0.00126581,0.00379688,0.05326559,0.02222318,0.03162787,0.01139129,0.00000000,0.00000000,0.00000000,0.00000000,0.00000000,0.00297681,0.01564366,0.00597650,0.05348549,0.00000000,0.00000000,0.00000000,0.00000000,0.00011294,0.00099914,0.01668885,0.00214003,0.02168786,0.00158764,0.00000000,0.00011294,0.00000000,0.00519089,0.01572035,0.02251899,0.01344460,0.00539577,0.00152841,0.02081844,0.00788538,0.00357738,0.01019870,0.00011294,0.00011294,0.00807365,0.00951941,0.00062203,0.01142610,0.00689109,0.02254545,0.00949264,0.00111462,0.00089490,0.00489353,0.05417732,0.01942095,0.00304120,0.04779162,0.03891422,0.01155325,0.00137627,0.00785232,0.03388857,0.00734207,0.00970887,0.00000000,0.02951634,0.01350331,0.00789959,0.00797455,0.00418163,0.01115878,0.00425839,0.00359866,0.00000000,0.00000000,0.01053598,0.02092129,0.01419614,0.02496037,0.02321142,0.00193517,0.00000000,0.00000000,0.00000000,0.00255113,0.02697793,0.00943205,0.00193889,0.00467410,0.00600160,0.00000000,0.00000000,0.00000000,0.00753789,0.01365883,0.00447029,0.00000000,0.00000000,0.00000000,0.00000000,0.00000000,0.00000000,0.01084693,0.00000000,0.00000000,0.00000000,0.00000000,0.00000000,0.00000000
2025/12/22,0.00000000,0.00011479,0.00072390,0.00000000,0.00822198,0.00335031,0.01026261,0.00000000,0.00000000,0.00000000,0.00000000,0.00143756,0.00614491,0.05096498,0.04744275,0.00011479,0.00000000,0.00000000,0.00000000,0.00566350,0.01726471,0.00998055,0.00429331,0.01476416,0.00011479,0.00000000,0.00000000,0.00000000,0.00715831,0.00438884,0.02848851,0.03571224,0.04713154,0.01392332,0.00223007,0.00000000,0.00000000,0.00153991,0.00165377,0.00343211,0.03475996,0.01150542,0.02581236,0.01502160,0.00000000,0.00000000,0.00000000,0.00000000,0.00000000,0.00084844,0.00952799,0.01303736,0.05846841,0.00000000,0.00000000,0.00000000,0.00000000,0.00011479,0.00810706,0.00964757,0.00695455,0.01381148,0.00087286,0.00000000,0.00011479,0.00000000,0.01317332,0.00581243,0.02414801,0.00810260,0.01178147,0.00955374,0.01577135,0.00794562,0.01484579,0.00391982,0.00011479,0.00011479,0.00858830,0.01406073,0.00127243,0.01654310,0.00992658,0.03389690,0.00716013,0.00105559,0.00686005,0.00524838,0.05031689,0.01887232,0.00044901,0.04537357,0.05083689,0.02315489,0.00096147,0.00323230,0.02620462,0.00549556,0.00479215,0.00000000,0.02498507,0.02099732,0.02114935,0.01053854,0.00380095,0.01504114,0.01309433,0.00296239,0.00000000,0.00000000,0.01634123,0.00865477,0.00608590,0.01552943,0.02062776,0.00182199,0.00000000,0.00000000,0.00000000,0.00731644,0.03282293,0.00416679,0.00608676,0.00343187,0.00802067,0.00000000,0.00000000,0.00000000,0.00338917,0.01668205,0.00921356,0.00000000,0.00000000,0.00000000,0.00000000,0.00000000,0.00000000,0.00350184,0.00000000,0.00000000,0.00000000,0.00000000,0.00000000,0.00000000
2025/12/23,0.00000000,0.00010078,0.00072596,0.00000000,0.00621322,0.00251038,0.00645138,0.00000000,0.00000000,0.00000000,0.00000000,0.00138344,0.00630711,0.03647058,0.04580539,0.00010078,0.00000000,0.00000000,0.00000000,0.00332492,0.01010925,0.02473700,0.00297157,0.02393790,0.00010078,0.00000000,0.00000000,0.00000000,0.00556247,0.00281403,0.02024659,0.03178941,0.05046862,0.01032287,0.00146897,0.00000000,0.00000000,0.00139110,0.00190994,0.00294201,0.03960554,0.00704295,0.04237539,0.02391299,0.00000000,0.00000000,0.00000000,0.00000000,0.00000000,0.00703407,0.01912256,0.00625283,0.02836883,0.00000000,0.00000000,0.00000000,0.00000000,0.00010078,0.00465396,0.00732390,0.00235698,0.00981307,0.00000000,0.00000000,0.00010078,0.00000000,0.00481871,0.01052089,0.02241570,0.01207755,0.00561107,0.00465169,0.00680297,0.00764248,0.00552021,0.00184340,0.00010078,0.00010078,0.00056488,0.01350556,0.00066314,0.01343933,0.01585285,0.01535488,0.00531091,0.00105220,0.00684220,0.00452294,0.06054573,0.01083431,0.00018249,0.04401802,0.03594602,0.02615952,0.00148551,0.01007306,0.02858530,0.00445838,0.00359148,0.00000000,0.00998557,0.01303292,0.02135351,0.02253501,0.00239220,0.02803180,0.00790817,0.00246259,0.00000000,0.00000000,0.01099897,0.01006808,0.00888619,0.00914434,0.03560588,0.00143251,0.00000000,0.00000000,0.00000000,0.00221136,0.04093091,0.00659316,0.00205925,0.00238842,0.00253004,0.00000000,0.00000000,0.00000000,0.00296771,0.00707958,0.00350860,0.00000000,0.00000000,0.00000000,0.00000000,0.00000000,0.00000000,0.00083057,0.00000000,0.00000000,0.00000000,0.00000000,0.00000000,0.00000000
2025/12/24,0.00000000,0.00009332,0.00075581,0.00000000,0.00580551,0.00179505,0.00549504,0.00000000,0.00000000,0.00000000,0.00000000,0.00146480,0.01081957,0.01855486,0.07375493,0.00009332,0.00000000,0.00000000,0.00000000,0.00479332,0.00275950,0.02969889,0.00544476,0.02257396,0.00009332,0.00000000,0.00000000,0.00000000,0.00927909,0.01284631,0.01696831,0.03256064,0.03750108,0.00958402,0.00107103,0.00000000,0.00000000,0.00149806,0.00194516,0.00468329,0.03257241,0.01800018,0.04025863,0.03300166,0.00000000,0.00000000,0.00000000,0.00000000,0.00000000,0.00191093,0.02753810,0.00326268,0.03735818,0.00000000,0.00000000,0.00000000,0.00000000,0.00009332,0.00402970,0.00993360,0.00197037,0.00920273,0.00004508,0.00000000,0.00009332,0.00000000,0.00358993,0.00639069,0.01148138,0.01622001,0.00636698,0.00386242,0.00357207,0.00631253,0.00320162,0.00186800,0.00009332,0.00009332,0.00297880,0.01196148,0.00076266,0.02106389,0.00824571,0.01550605,0.01501254,0.00132050,0.00138095,0.00197426,0.03456979,0.01251257,0.00655283,0.06700676,0.04085675,0.01560343,0.00633203,0.02347336,0.02188347,0.00433522,0.00322121,0.00000000,0.01321461,0.01607606,0.01804154,0.01178024,0.00428006,0.01856278,0.01374497,0.00329645,0.00000000,0.00000000,0.00782555,0.02550195,0.00405638,0.00685900,0.03370621,0.00067785,0.00000000,0.00000000,0.00000000,0.00139571,0.01545679,0.01735201,0.00563074,0.00449472,0.00188035,0.00000000,0.00000000,0.00000000,0.00500279,0.00503187,0.00129642,0.00000000,0.00000000,0.00000000,0.00000000,0.00000000,0.00000000,0.00334298,0.00000000,0.00000000,0.00000000,0.00000000,0.00000000,0.00000000
2025/12/25,0.00000000,0.00010964,0.00079901,0.00000000,0.00643156,0.00247237,0.00625805,0.00000000,0.00000000,0.00000000,0.00000000,0.00170145,0.00244799,0.01478583,0.06091381,0.00010964,0.00000000,0.00000000,0.00000000,0.00466518,0.01070029,0.02333837,0.01513974,0.01843830,0.00010964,0.00000000,0.00000000,0.00000000,0.01135715,0.00566457,0.02311299,0.03499885,0.02569400,0.00956359,0.00116297,0.00000000,0.00000000,0.00163404,0.00165688,0.01167520,0.02869540,0.02735925,0.05492226,0.02665429,0.00000000,0.00000000,0.00000000,0.00000000,0.00000000,0.00193793,0.00982003,0.00522894,0.07063948,0.00000000,0.00000000,0.00000000,0.00000000,0.00010964,0.00353976,0.01367256,0.00310479,0.01100002,0.00595678,0.00000000,0.00010964,0.00000000,0.00474812,0.00374304,0.01994129,0.01787853,0.00659635,0.00421915,0.00178717,0.00609398,0.00337864,0.00272312,0.00010964,0.00010964,0.00990623,0.00735771,0.00071096,0.00755730,0.00705547,0.01867892,0.00710891,0.00156927,0.00181560,0.00307872,0.03114600,0.00693568,0.00859048,0.04963771,0.03399459,0.00825485,0.00167289,0.00632661,0.02079151,0.01096251,0.01012291,0.00000000,0.01377551,0.01328813,0.01463511,0.00932317,0.00741151,0.01413255,0.00842057,0.00343747,0.00000000,0.00000000,0.00711793,0.01615961,0.00270718,0.00749109,0.02722900,0.00061591,0.00000000,0.00000000,0.00000000,0.00191000,0.02191344,0.00941186,0.00180997,0.01285548,0.00367897,0.00000000,0.00000000,0.00000000,0.00543054,0.00283504,0.00150407,0.00000000,0.00000000,0.00000000,0.00000000,0.00000000,0.00000000,0.01101120,0.00000000,0.00000000,0.00000000,0.00000000,0.00000000,0.00000000
2025/12/26,0.00000000,0.00011606,0.00081457,0.00000000,0.01401854,0.00794298,0.00602912,0.00000000,0.00000000,0.00000000,0.00000000,0.00187481,0.00424168,0.03627589,0.02200531,0.00011606,0.00000000,0.00000000,0.00000000,0.00561683,0.00000000,0.01272947,0.02303511,0.02594049,0.00011606,0.00000000,0.00000000,0.00000000,0.00895315,0.00409283,0.02336124,0.04381870,0.01903328,0.00918024,0.00065217,0.00000000,0.00000000,0.00143406,0.00107857,0.00929212,0.01781439,0.01196314,0.04598624,0.00874703,0.00000000,0.00000000,0.00000000,0.00000000,0.00000000,0.00341247,0.00653976,0.00494743,0.03578502,0.00000000,0.00000000,0.00000000,0.00000000,0.00011606,0.00357710,0.00629856,0.00342111,0.01639943,0.00018493,0.00000000,0.00011606,0.00000000,0.00435314,0.00784061,0.02832104,0.00973555,0.00703870,0.00432155,0.00409688,0.01137575,0.00228370,0.00390435,0.00011606,0.00011606,0.01980443,0.00392864,0.00058199,0.00696271,0.00629262,0.02860628,0.00266748,0.00115774,0.00326749,0.00145936,0.04323424,0.00490786,0.00147874,0.03922176,0.02522709,0.01795460,0.00128122,0.00573976,0.01899820,0.00318325,0.01694463,0.00000000,0.00648247,0.00605051,0.01238579,0.01332800,0.00325668,0.01429920,0.01223431,0.00346861,0.00000000,0.00000000,0.01063445,0.01835554,0.00356936,0.01952591,0.01414985,0.00326224,0.00000000,0.00000000,0.00000000,0.00105247,0.02444552,0.00580749,0.00186238,0.00512079,0.00888723,0.00000000,0.00000000,0.00000000,0.00524176,0.00897783,0.00267870,0.00000000,0.00000000,0.00000000,0.00000000,0.00000000,0.00000000,0.00430034,0.00000000,0.00000000,0.00000000,0.00000000,0.00000000,0.00000000
2025/12/27,0.00000000,0.00013956,0.00084606,0.00000000,0.01616804,0.00290151,0.00520837,0.00000000,0.00000000,0.00000000,0.00000000,0.00299993,0.00422784,0.02259218,0.01363883,0.00013956,0.00000000,0.00000000,0.00000000,0.00517539,0.00264580,0.01379485,0.01423603,0.01839396,0.00013956,0.00000000,0.00000000,0.00000000,0.00554105,0.00336834,0.01321147,0.05722776,0.01867338,0.00674236,0.00065228,0.00000000,0.00000000,0.00081678,0.00117171,0.00286105,0.01856991,0.02474721,0.03414013,0.00934473,0.00000000,0.00000000,0.00000000,0.00000000,0.00000000,0.00573369,0.01575318,0.00397990,0.01532504,0.00000000,0.00000000,0.00000000,0.00000000,0.00013956,0.00391900,0.00470601,0.00219829,0.02495607,0.00010131,0.00000000,0.00013956,0.00000000,0.00408041,0.00951377,0.03425758,0.01079053,0.01163847,0.00362090,0.00544507,0.00718643,0.00272223,0.00374209,0.00013956,0.00013956,0.01041945,0.00661733,0.00071860,0.00707480,0.00675725,0.01769543,0.00625355,0.00064262,0.00308210,0.00260991,0.06799954,0.00493691,0.00138314,0.05500129,0.02139798,0.01315621,0.00219999,0.01272239,0.01542390,0.00201424,0.01606805,0.00000000,0.00221960,0.00934523,0.01091760,0.02197160,0.00294743,0.01805527,0.00386852,0.00416100,0.00000000,0.00000000,0.00969580,0.02276410,0.00812170,0.01052833,0.00805313,0.01388224,0.00000000,0.00000000,0.00000000,0.00298111,0.02519261,0.00466447,0.00275511,0.00776231,0.00294304,0.00000000,0.00000000,0.00000000,0.00558519,0.01368692,0.00341805,0.00000000,0.00000000,0.00000000,0.00000000,0.00000000,0.00000000,0.00246381,0.00000000,0.00000000,0.00000000,0.00000000,0.00000000,0.00000000
2025/12/28,0.00000000,0.00010139,0.00082991,0.00000000,0.01081973,0.00197498,0.00723458,0.00000000,0.00000000,0.00000000,0.00000000,0.00181006,0.00613932,0.02712950,0.02393395,0.00010139,0.00000000,0.00000000,0.00000000,0.00489187,0.00824587,0.01152725,0.00941231,0.02577912,0.00010139,0.00000000,0.00000000,0.00000000,0.00697889,0.00076061,0.01153732,0.04442047,0.03234782,0.00543663,0.00075299,0.00000000,0.00000000,0.00063090,0.00530826,0.00145680,0.02346238,0.02732345,0.03852439,0.01658056,0.00000000,0.00000000,0.00000000,0.00000000,0.00000000,0.01563711,0.01313631,0.00334249,0.03047736,0.00000000,0.00000000,0.00000000,0.00000000,0.00010139,0.00285898,0.00645143,0.00015825,0.01256506,0.00068151,0.00000000,0.00010139,0.00000000,0.00356357,0.01645281,0.02774085,0.00239424,0.01486931,0.00327120,0.00874033,0.00684357,0.00619935,0.00265926,0.00010139,0.00010139,0.00561929,0.00777282,0.00120226,0.01161883,0.00528737,0.01087005,0.00541080,0.00092518,0.00308704,0.00531056,0.09177718,0.01015806,0.00067925,0.04333852,0.02932630,0.00410959,0.00225162,0.03030866,0.02301882,0.00317726,0.00343828,0.00000000,0.01300322,0.00981847,0.00529730,0.00957825,0.00176339,0.01435040,0.00195064,0.00417332,0.00000000,0.00000000,0.01573176,0.03104698,0.00085080,0.00812600,0.01828339,0.00413740,0.00000000,0.00000000,0.00000000,0.00312556,0.04392181,0.00521914,0.00283403,0.00542405,0.00394322,0.00000000,0.00000000,0.00000000,0.00438414,0.00452742,0.00277578,0.00000000,0.00000000,0.00000000,0.00000000,0.00000000,0.00000000,0.00152253,0.00000000,0.00000000,0.00000000,0.00000000,0.00000000,0.00000000
2025/12/29,0.00000000,0.00010821,0.00083213,0.00000000,0.01225099,0.00254294,0.00539911,0.00000000,0.00000000,0.00000000,0.00000000,0.00143995,0.00240121,0.05378364,0.03050913,0.00010821,0.00000000,0.00000000,0.00000000,0.00792189,0.00373735,0.01791226,0.01423761,0.02870382,0.00010821,0.00000000,0.00000000,0.00000000,0.01961438,0.00187448,0.01352272,0.02855151,0.02362077,0.00897861,0.00134976,0.00000000,0.00000000,0.00527500,0.00054977,0.00228492,0.02788296,0.01866769,0.03927487,0.00959346,0.00000000,0.00000000,0.00000000,0.00000000,0.00000000,0.00967652,0.00448375,0.00175786,0.01307433,0.00000000,0.00000000,0.00000000,0.00000000,0.00010821,0.00246122,0.00514466,0.00154451,0.00539407,0.00117825,0.00000000,0.00010821,0.00000000,0.00340303,0.00251422,0.01582547,0.00410019,0.00699142,0.00310160,0.00814898,0.00789272,0.02534696,0.00203870,0.00010821,0.00010821,0.00762456,0.01232302,0.00357739,0.01182040,0.00511289,0.03657615,0.01323567,0.00567322,0.00180330,0.00234396,0.04409847,0.00427503,0.00105142,0.04028587,0.03661606,0.00687687,0.00250519,0.02115590,0.03386547,0.00519775,0.00166336,0.00000000,0.03015202,0.01193016,0.01262123,0.00772432,0.00158724,0.01977805,0.00305626,0.00409152,0.00000000,0.00000000,0.02427948,0.01840060,0.00147774,0.00974373,0.02537263,0.00149162,0.00000000,0.00000000,0.00000000,0.00323802,0.03129328,0.01233937,0.00286546,0.00576899,0.00705054,0.00000000,0.00000000,0.00000000,0.00567768,0.00311559,0.00246788,0.00000000,0.00000000,0.00000000,0.00000000,0.00000000,0.00000000,0.00150263,0.00000000,0.00000000,0.00000000,0.00000000,0.00000000,0.00000000
2025/12/30,0.00000000,0.00010890,0.00085441,0.00000000,0.01507867,0.00276296,0.00584790,0.00000000,0.00000000,0.00000000,0.00000000,0.00141914,0.00408817,0.06082660,0.04570395,0.00010890,0.00000000,0.00000000,0.00000000,0.00343693,0.00302410,0.03270107,0.01623717,0.02966822,0.00010890,0.00000000,0.00000000,0.00000000,0.00977325,0.01064493,0.01644832,0.02991506,0.03710557,0.01532836,0.00222436,0.00000000,0.00000000,0.00054701,0.00023295,0.00271644,0.02219037,0.01286846,0.03284902,0.01144811,0.00000000,0.00000000,0.00000000,0.00000000,0.00000000,0.01251074,0.00163754,0.00373271,0.00985401,0.00000000,0.00000000,0.00000000,0.00000000,0.00010890,0.00366549,0.01088290,0.01205325,0.01094035,0.00134971,0.00000000,0.00010890,0.00000000,0.00333672,0.00000000,0.01009087,0.01479000,0.00592148,0.00322965,0.00248334,0.00797480,0.00579432,0.00276076,0.00010890,0.00010890,0.01464688,0.00811238,0.01065296,0.00678464,0.01031070,0.03674947,0.00754351,0.00107269,0.00024472,0.00381152,0.03416645,0.00365185,0.00339613,0.05528784,0.02599753,0.01968607,0.00249952,0.00743572,0.03300254,0.00088419,0.00317946,0.00000000,0.02644059,0.01469365,0.01599821,0.00653978,0.00662312,0.02228004,0.00372537,0.00290256,0.00000000,0.00000000,0.01756387,0.02423497,0.01404338,0.01082802,0.01589107,0.00142750,0.00000000,0.00000000,0.00000000,0.00418460,0.02388911,0.00921774,0.00357602,0.00606787,0.01393908,0.00000000,0.00000000,0.00000000,0.01079450,0.00450250,0.00331105,0.00000000,0.00000000,0.00000000,0.00000000,0.00000000,0.00000000,0.00235419,0.00000000,0.00000000,0.00000000,0.00000000,0.00000000,0.00000000
2025/12/31,0.00000000,0.00012466,0.00092000,0.00000000,0.00934268,0.00269773,0.00434134,0.00000000,0.00000000,0.00000000,0.00000000,0.00151204,0.01160312,0.04014947,0.06170159,0.00012466,0.00000000,0.00000000,0.00000000,0.00359660,0.00900546,0.02434773,0.01518228,0.01571904,0.00012466,0.00000000,0.00000000,0.00000000,0.00783026,0.00826032,0.01802427,0.03359622,0.03472355,0.00525277,0.00270928,0.00000000,0.00000000,0.00033204,0.00119157,0.00344379,0.03018650,0.00475138,0.03298089,0.02119285,0.00000000,0.00000000,0.00000000,0.00000000,0.00000000,0.00501716,0.00466904,0.01085522,0.02384404,0.00000000,0.00000000,0.00000000,0.00000000,0.00012466,0.00349324,0.00792907,0.00371531,0.01203321,0.00122412,0.00000000,0.00012466,0.00000000,0.00291970,0.00852458,0.00999194,0.01235380,0.01164066,0.00369900,0.00372957,0.00833602,0.00242030,0.00312152,0.00012466,0.00012466,0.00483405,0.00821101,0.00377303,0.00457218,0.00457092,0.02303893,0.00739821,0.00047150,0.00128698,0.00615678,0.04506332,0.00366396,0.01237208,0.03972743,0.03319475,0.01096252,0.00170840,0.00571927,0.02450399,0.00323356,0.00326689,0.00000000,0.00767008,0.00963529,0.01178655,0.00588904,0.01813634,0.02368024,0.00376176,0.00230679,0.00000000,0.00000000,0.01266619,0.02762437,0.00456306,0.01515140,0.01490972,0.00191929,0.00000000,0.00000000,0.00000000,0.00330421,0.04533136,0.01335828,0.00222773,0.00496775,0.00715643,0.00000000,0.00000000,0.00000000,0.00587535,0.01085955,0.00841834,0.00000000,0.00000000,0.00000000,0.00000000,0.00000000,0.00000000,0.00215737,0.00000000,0.00000000,0.00000000,0.00000000,0.00000000,0.00000000
