date,method,n_positive_cells,recall_at_20,precision_at_20,true_positive_cells,false_positive_cells,false_negative_cells,jaccard_20_vs_HierBayes,jaccard_20_vs_B1: Static prior,jaccard_20_vs_TTM,jaccard_20_vs_ET,jaccard_20_vs_B5: B2+B3,jaccard_20_vs_B4: B1+B3,jaccard_20_vs_B2: Recent MA,jaccard_20_vs_B3: DoY season,jaccard_20_vs_B0: Random,jaccard_20_vs_GLM-Logit
2025-01-01,GLM-Logit,1,0.000000,0.000000,,1_10 2_10 2_9 3_10 3_12 3_13 3_3 4_1 4_3 4_4 5_1 5_2 5_3 5_4 6_10 6_12 6_4 7_5 7_6 7_9,3_11,0.818182,0.818182,0.333333,0.739130,0.481481,0.818182,0.333333,0.250000,0.111111,
2025-01-01,HierBayes,1,0.000000,0.000000,,1_10 1_11 2_10 2_9 3_10 3_12 3_13 3_3 4_1 4_3 4_4 5_1 5_2 5_3 5_4 6_10 6_4 7_4 7_5 7_9,3_11,,0.666667,0.333333,0.666667,0.481481,0.666667,0.333333,0.250000,0.142857,0.818182
2025-01-01,B1: Static prior,1,1.000000,0.050000,3_11,1_10 2_10 2_9 3_10 3_12 3_13 3_3 4_1 4_2 4_3 4_4 5_1 5_2 5_3 6_12 6_4 7_5 7_6 7_9,,0.666667,,0.290323,0.666667,0.481481,1.000000,0.290323,0.290323,0.111111,0.818182
2025-01-01,TTM,1,0.000000,0.000000,,1_10 2_10 2_12 2_9 3_10 3_14 3_2 4_0 4_11 4_3 5_3 5_4 5_5 5_7 6_4 7_12 7_4 7_6 7_9 8_10,3_11,0.333333,0.290323,,0.333333,0.290323,0.290323,0.250000,0.142857,0.111111,0.333333
2025-01-01,ET,1,0.000000,0.000000,,1_10 2_10 2_12 2_9 3_10 3_12 3_13 3_3 4_1 4_13 4_3 4_4 5_1 5_3 6_10 6_4 7_5 7_6 7_9 8_7,3_11,0.666667,0.666667,0.333333,,0.538462,0.666667,0.379310,0.250000,0.052632,0.739130
2025-01-01,B5: B2+B3,1,1.000000,0.050000,3_11,0_0 1_10 2_10 2_12 2_9 3_10 3_3 4_0 4_1 4_3 4_4 5_1 6_1 6_10 6_4 7_1 7_5 7_9 8_1,,0.481481,0.481481,0.290323,0.538462,,0.481481,0.600000,0.538462,0.052632,0.481481
2025-01-01,B4: B1+B3,1,1.000000,0.050000,3_11,1_10 2_10 2_9 3_10 3_12 3_13 3_3 4_1 4_2 4_3 4_4 5_1 5_2 5_3 6_12 6_4 7_5 7_6 7_9,,0.666667,1.000000,0.290323,0.666667,0.481481,,0.290323,0.290323,0.111111,0.818182
2025-01-01,B2: Recent MA,1,0.000000,0.000000,,0_0 0_2 1_0 1_10 1_2 2_0 2_10 2_12 2_9 3_10 4_0 4_4 5_1 6_10 6_4 7_0 7_1 7_5 7_9 8_1,3_11,0.333333,0.290323,0.250000,0.379310,0.600000,0.290323,,0.379310,0.052632,0.333333
2025-01-01,B3: DoY season,1,1.000000,0.050000,3_11,0_0 0_1 1_0 1_1 1_10 2_1 2_9 3_10 3_3 4_0 4_3 4_4 5_0 5_1 6_1 7_1 7_5 8_0 8_1,,0.250000,0.290323,0.142857,0.250000,0.538462,0.290323,0.379310,,0.081081,0.250000
2025-01-01,B0: Random,1,0.000000,0.000000,,0_11 0_2 0_8 1_11 1_12 1_15 1_9 2_0 2_1 4_1 4_11 4_2 4_3 5_0 5_14 5_2 5_4 7_12 7_15 8_4,3_11,0.142857,0.111111,0.111111,0.052632,0.052632,0.111111,0.052632,0.081081,,0.111111
2025-01-02,GLM-Logit,3,1.000000,0.150000,2_10 3_10 3_11,1_10 2_9 3_12 3_13 3_3 4_1 4_3 4_4 5_1 5_3 5_4 6_10 6_12 6_4 7_5 7_6 7_9,,0.818182,0.818182,0.481481,0.739130,0.481481,0.818182,0.379310,0.212121,0.052632,
2025-01-02,HierBayes,3,1.000000,0.150000,2_10 3_10 3_11,1_10 1_11 2_9 3_12 3_13 3_3 4_1 4_3 4_4 5_1 5_2 5_3 5_4 6_10 6_4 7_5 7_9,,,0.739130,0.538462,0.666667,0.481481,0.739130,0.379310,0.212121,0.052632,0.818182
2025-01-02,B1: Static prior,3,1.000000,0.150000,2_10 3_10 3_11,1_10 2_9 3_12 3_13 3_3 4_1 4_2 4_3 4_4 5_1 5_2 5_3 6_12 6_4 7_5 7_6 7_9,,0.739130,,0.481481,0.666667,0.428571,1.000000,0.333333,0.212121,0.052632,0.818182
2025-01-02,TTM,3,0.666667,0.100000,2_10 3_10,1_10 2_12 2_9 3_12 3_13 4_3 4_5 4_7 5_1 5_10 5_2 5_3 5_4 5_5 6_4 7_4 7_5 7_9,3_11,0.538462,0.481481,,0.481481,0.379310,0.481481,0.290323,0.142857,0.052632,0.481481
2025-01-02,ET,3,0.666667,0.100000,2_10 3_10,1_10 2_12 2_9 3_12 3_13 3_3 4_1 4_13 4_3 4_4 5_1 5_3 6_10 6_4 7_5 7_6 7_9 8_7,3_11,0.666667,0.666667,0.481481,,0.481481,0.666667,0.379310,0.176471,0.052632,0.739130
2025-01-02,B5: B2+B3,3,1.000000,0.150000,2_10 3_10 3_11,0_0 0_2 1_10 2_0 2_12 2_9 4_3 4_4 5_1 5_3 6_1 6_10 6_4 7_1 7_5 7_9 8_1,,0.481481,0.428571,0.379310,0.481481,,0.428571,0.739130,0.481481,0.052632,0.481481
2025-01-02,B4: B1+B3,3,1.000000,0.150000,2_10 3_10 3_11,1_10 2_9 3_12 3_13 3_3 4_1 4_2 4_3 4_4 5_1 5_2 5_3 6_12 6_4 7_5 7_6 7_9,,0.739130,1.000000,0.481481,0.666667,0.428571,,0.333333,0.212121,0.052632,0.818182
2025-01-02,B2: Recent MA,3,1.000000,0.150000,2_10 3_10 3_11,0_0 0_2 1_0 1_10 1_2 2_0 2_12 2_9 4_0 4_4 5_1 6_10 6_4 7_1 7_5 7_9 8_1,,0.379310,0.333333,0.290323,0.379310,0.739130,0.333333,,0.428571,0.052632,0.379310
2025-01-02,B3: DoY season,3,0.666667,0.100000,3_10 3_11,0_0 0_1 0_2 1_0 1_1 1_10 2_0 2_1 3_1 4_0 4_3 4_4 5_3 6_1 7_1 7_5 8_0 8_1,2_10,0.212121,0.212121,0.142857,0.176471,0.481481,0.212121,0.428571,,0.025641,0.212121
2025-01-02,B0: Random,3,0.000000,0.000000,,0_10 0_4 0_9 1_4 1_5 2_11 2_3 2_8 3_13 3_6 6_3 7_0 7_2 7_3 7_8 7_9 8_1 8_11 8_14 8_5,2_10 3_10 3_11,0.052632,0.052632,0.052632,0.052632,0.052632,0.052632,0.052632,0.025641,,0.052632
2025-01-03,GLM-Logit,0,,0.000000,,1_10 2_10 2_9 3_10 3_11 3_12 3_13 3_3 4_1 4_3 4_4 5_1 5_3 5_4 6_10 6_12 6_4 7_5 7_6 7_9,,0.818182,0.818182,0.481481,0.739130,0.481481,0.818182,0.379310,0.176471,0.111111,
2025-01-03,HierBayes,0,,0.000000,,1_10 1_11 2_10 2_9 3_10 3_11 3_12 3_13 3_3 4_1 4_3 4_4 5_1 5_2 5_3 5_4 6_10 6_4 7_5 7_9,,,0.739130,0.538462,0.666667,0.481481,0.739130,0.379310,0.176471,0.111111,0.818182
2025-01-03,B1: Static prior,0,,0.000000,,1_10 2_10 2_9 3_10 3_11 3_12 3_13 3_3 4_1 4_2 4_3 4_4 5_1 5_2 5_3 6_12 6_4 7_5 7_6 7_9,,0.739130,,0.428571,0.666667,0.428571,1.000000,0.333333,0.176471,0.111111,0.818182
2025-01-03,TTM,0,,0.000000,,1_10 1_11 1_3 2_10 2_12 2_8 2_9 3_10 3_9 4_1 4_3 4_4 5_1 5_10 5_2 5_4 6_10 6_12 6_4 7_9,,0.538462,0.428571,,0.428571,0.379310,0.428571,0.333333,0.081081,0.081081,0.481481
2025-01-03,ET,0,,0.000000,,1_10 2_10 2_12 2_9 3_10 3_12 3_13 3_3 4_1 4_13 4_3 4_4 5_1 5_3 6_10 6_4 7_5 7_6 7_9 8_7,,0.666667,0.666667,0.428571,,0.481481,0.666667,0.379310,0.142857,0.142857,0.739130
2025-01-03,B5: B2+B3,0,,0.000000,,0_0 0_2 1_10 2_0 2_10 2_12 2_9 3_10 3_11 4_3 4_4 5_1 5_3 6_1 6_10 6_4 7_1 7_5 7_9 8_1,,0.481481,0.428571,0.379310,0.481481,,0.428571,0.739130,0.379310,0.111111,0.481481
2025-01-03,B4: B1+B3,0,,0.000000,,1_10 2_10 2_9 3_10 3_11 3_12 3_13 3_3 4_1 4_2 4_3 4_4 5_1 5_2 5_3 6_12 6_4 7_5 7_6 7_9,,0.739130,1.000000,0.428571,0.666667,0.428571,,0.333333,0.176471,0.111111,0.818182
2025-01-03,B2: Recent MA,0,,0.000000,,0_0 0_2 1_0 1_10 1_2 2_0 2_10 2_12 2_9 3_10 3_11 4_0 4_4 5_1 6_10 6_4 7_1 7_5 7_9 8_1,,0.379310,0.333333,0.333333,0.379310,0.739130,0.333333,,0.333333,0.081081,0.379310
2025-01-03,B3: DoY season,0,,0.000000,,0_0 0_1 0_2 1_0 1_1 1_10 2_0 2_1 3_1 3_11 4_0 4_1 4_3 5_0 5_3 6_1 7_1 7_5 8_0 8_1,,0.176471,0.176471,0.081081,0.142857,0.379310,0.176471,0.333333,,0.111111,0.176471
2025-01-03,B0: Random,0,,0.000000,,0_11 0_8 0_9 3_10 4_0 4_13 4_3 4_6 5_12 5_14 5_3 6_5 7_0 7_10 7_15 7_9 8_0 8_12 8_13 8_5,,0.111111,0.111111,0.081081,0.142857,0.111111,0.111111,0.081081,0.111111,,0.111111
2025-01-04,GLM-Logit,0,,0.000000,,1_10 2_10 2_9 3_10 3_11 3_12 3_13 3_3 4_1 4_3 4_4 5_1 5_3 5_4 6_10 6_12 6_4 7_5 7_6 7_9,,0.818182,0.818182,0.379310,0.739130,0.481481,0.818182,0.379310,0.142857,0.111111,
2025-01-04,HierBayes,0,,0.000000,,1_10 1_11 2_10 2_9 3_10 3_11 3_12 3_13 3_3 4_1 4_3 4_4 5_1 5_2 5_3 5_4 6_10 6_4 7_5 7_9,,,0.739130,0.481481,0.666667,0.481481,0.739130,0.379310,0.142857,0.111111,0.818182
2025-01-04,B1: Static prior,0,,0.000000,,1_10 2_10 2_9 3_10 3_11 3_12 3_13 3_3 4_1 4_2 4_3 4_4 5_1 5_2 5_3 6_12 6_4 7_5 7_6 7_9,,0.739130,,0.333333,0.666667,0.428571,1.000000,0.333333,0.142857,0.111111,0.818182
2025-01-04,TTM,0,,0.000000,,1_10 1_11 2_12 2_3 2_9 3_10 3_2 4_1 4_13 4_4 5_1 5_2 5_3 5_4 6_10 6_4 6_6 6_7 7_9 8_8,,0.481481,0.333333,,0.428571,0.333333,0.333333,0.290323,0.111111,0.142857,0.379310
2025-01-04,ET,0,,0.000000,,1_10 2_10 2_12 2_9 3_10 3_12 3_13 3_3 4_1 4_13 4_3 4_4 5_1 5_3 6_10 6_4 7_5 7_6 7_9 8_7,,0.666667,0.666667,0.428571,,0.481481,0.666667,0.379310,0.142857,0.176471,0.739130
2025-01-04,B5: B2+B3,0,,0.000000,,0_0 0_2 1_10 2_0 2_10 2_12 2_9 3_10 3_11 4_3 4_4 5_1 5_3 6_1 6_10 6_4 7_1 7_5 7_9 8_1,,0.481481,0.428571,0.333333,0.481481,,0.428571,0.739130,0.333333,0.081081,0.481481
2025-01-04,B4: B1+B3,0,,0.000000,,1_10 2_10 2_9 3_10 3_11 3_12 3_13 3_3 4_1 4_2 4_3 4_4 5_1 5_2 5_3 6_12 6_4 7_5 7_6 7_9,,0.739130,1.000000,0.333333,0.666667,0.428571,,0.333333,0.142857,0.111111,0.818182
2025-01-04,B2: Recent MA,0,,0.000000,,0_0 0_2 1_0 1_10 1_2 2_0 2_10 2_12 2_9 3_10 3_11 4_0 4_4 5_1 6_10 6_4 7_1 7_5 7_9 8_1,,0.379310,0.333333,0.290323,0.379310,0.739130,0.333333,,0.290323,0.142857,0.379310
2025-01-04,B3: DoY season,0,,0.000000,,0_0 0_1 0_2 1_0 1_1 1_10 2_0 2_1 3_1 4_0 4_1 4_3 5_0 5_1 5_3 6_0 6_1 7_1 8_0 8_1,,0.142857,0.142857,0.111111,0.142857,0.333333,0.142857,0.290323,,0.081081,0.142857
2025-01-04,B0: Random,0,,0.000000,,0_12 1_0 1_2 2_12 3_12 3_3 4_10 4_13 4_14 4_15 5_1 5_10 6_2 6_7 7_15 7_7 7_8 7_9 8_0 8_3,,0.111111,0.111111,0.142857,0.176471,0.081081,0.111111,0.142857,0.081081,,0.111111
2025-01-05,GLM-Logit,0,,0.000000,,1_10 2_10 2_9 3_10 3_11 3_12 3_13 3_3 4_1 4_3 4_4 5_1 5_3 5_4 6_10 6_12 6_4 7_5 7_6 7_9,,0.818182,0.818182,0.538462,0.739130,0.428571,0.818182,0.379310,0.111111,0.111111,
2025-01-05,HierBayes,0,,0.000000,,1_10 1_11 2_10 2_9 3_10 3_11 3_12 3_13 3_3 4_1 4_3 4_4 5_1 5_2 5_3 5_4 6_10 6_4 7_5 7_9,,,0.739130,0.538462,0.666667,0.428571,0.739130,0.379310,0.111111,0.142857,0.818182
2025-01-05,B1: Static prior,0,,0.000000,,1_10 2_10 2_9 3_10 3_11 3_12 3_13 3_3 4_1 4_2 4_3 4_4 5_1 5_2 5_3 6_12 6_4 7_5 7_6 7_9,,0.739130,,0.481481,0.666667,0.379310,1.000000,0.333333,0.111111,0.111111,0.818182
2025-01-05,TTM,0,,0.000000,,0_10 1_10 2_10 2_12 2_9 3_10 3_12 3_13 3_2 4_13 4_3 4_4 4_7 5_1 5_3 6_10 6_4 7_4 7_5 7_9,,0.538462,0.481481,,0.666667,0.428571,0.481481,0.379310,0.081081,0.111111,0.538462
2025-01-05,ET,0,,0.000000,,1_10 2_10 2_12 2_9 3_10 3_12 3_13 3_3 4_1 4_13 4_3 4_4 5_1 5_3 6_10 6_4 7_5 7_6 7_9 8_7,,0.666667,0.666667,0.666667,,0.428571,0.666667,0.379310,0.111111,0.111111,0.739130
2025-01-05,B5: B2+B3,0,,0.000000,,0_0 0_2 1_0 1_10 1_2 2_0 2_10 2_12 2_9 3_10 3_11 4_4 5_1 5_3 6_10 6_4 7_1 7_5 7_9 8_1,,0.428571,0.379310,0.428571,0.428571,,0.379310,0.904762,0.333333,0.111111,0.428571
2025-01-05,B4: B1+B3,0,,0.000000,,1_10 2_10 2_9 3_10 3_11 3_12 3_13 3_3 4_1 4_2 4_3 4_4 5_1 5_2 5_3 6_12 6_4 7_5 7_6 7_9,,0.739130,1.000000,0.481481,0.666667,0.379310,,0.333333,0.111111,0.111111,0.818182
2025-01-05,B2: Recent MA,0,,0.000000,,0_0 0_2 1_0 1_10 1_2 2_0 2_10 2_12 2_9 3_10 3_11 4_0 4_4 5_1 6_10 6_4 7_1 7_5 7_9 8_1,,0.379310,0.333333,0.379310,0.379310,0.904762,0.333333,,0.333333,0.111111,0.379310
2025-01-05,B3: DoY season,0,,0.000000,,0_0 0_1 0_2 1_0 1_1 1_10 1_2 2_0 2_1 3_0 3_1 4_0 4_1 5_0 5_1 5_3 6_0 7_1 8_0 8_1,,0.111111,0.111111,0.081081,0.111111,0.333333,0.111111,0.333333,,0.111111,0.111111
2025-01-05,B0: Random,0,,0.000000,,0_0 0_4 0_6 1_10 1_11 1_13 1_3 1_4 1_5 2_15 3_12 3_5 4_2 5_1 6_10 7_12 8_0 8_14 8_15 8_2,,0.142857,0.111111,0.111111,0.111111,0.111111,0.111111,0.111111,0.111111,,0.111111
2025-01-06,GLM-Logit,1,1.000000,0.050000,1_10,2_10 2_9 3_10 3_11 3_12 3_13 3_3 4_1 4_3 4_4 5_1 5_3 5_4 6_10 6_12 6_4 7_5 7_6 7_9,,0.818182,0.818182,0.481481,0.739130,0.379310,0.818182,0.333333,0.111111,0.081081,
2025-01-06,HierBayes,1,1.000000,0.050000,1_10,1_11 2_10 2_9 3_10 3_11 3_12 3_13 3_3 4_1 4_3 4_4 5_1 5_2 5_3 5_4 6_10 6_4 7_5 7_9,,,0.739130,0.379310,0.666667,0.379310,0.739130,0.333333,0.111111,0.052632,0.818182
2025-01-06,B1: Static prior,1,1.000000,0.050000,1_10,2_10 2_9 3_10 3_11 3_12 3_13 3_3 4_1 4_2 4_3 4_4 5_1 5_2 5_3 6_12 6_4 7_5 7_6 7_9,,0.739130,,0.428571,0.666667,0.333333,1.000000,0.290323,0.111111,0.081081,0.818182
2025-01-06,TTM,1,1.000000,0.050000,1_10,2_10 2_12 2_9 3_10 4_1 4_4 4_7 5_1 5_7 5_9 6_10 6_11 6_12 6_4 7_10 7_5 7_6 7_9 8_9,,0.379310,0.428571,,0.481481,0.333333,0.428571,0.333333,0.081081,0.111111,0.481481
2025-01-06,ET,1,1.000000,0.050000,1_10,2_10 2_12 2_9 3_10 3_12 3_13 3_3 4_1 4_13 4_3 4_4 5_1 5_3 6_10 6_4 7_5 7_6 7_9 8_7,,0.666667,0.666667,0.481481,,0.379310,0.666667,0.333333,0.111111,0.081081,0.739130
2025-01-06,B5: B2+B3,1,1.000000,0.050000,1_10,0_0 0_2 1_0 1_2 2_0 2_10 2_12 2_9 3_0 3_10 3_11 4_4 5_3 6_10 6_4 7_1 7_5 7_9 8_1,,0.379310,0.333333,0.333333,0.379310,,0.333333,0.904762,0.333333,0.081081,0.379310
2025-01-06,B4: B1+B3,1,1.000000,0.050000,1_10,2_10 2_9 3_10 3_11 3_12 3_13 3_3 4_1 4_2 4_3 4_4 5_1 5_2 5_3 6_12 6_4 7_5 7_6 7_9,,0.739130,1.000000,0.428571,0.666667,0.333333,,0.290323,0.111111,0.081081,0.818182
2025-01-06,B2: Recent MA,1,1.000000,0.050000,1_10,0_0 0_2 1_0 1_2 2_0 2_10 2_12 2_9 3_0 3_10 3_11 4_0 4_4 6_10 6_4 7_1 7_5 7_9 8_1,,0.333333,0.290323,0.333333,0.333333,0.904762,0.290323,,0.333333,0.081081,0.333333
2025-01-06,B3: DoY season,1,1.000000,0.050000,1_10,0_0 0_1 0_2 1_0 1_1 1_2 2_0 2_1 3_0 3_1 4_0 4_1 5_0 5_1 5_3 6_0 7_1 8_0 8_1,,0.111111,0.111111,0.081081,0.111111,0.333333,0.111111,0.333333,,0.025641,0.111111
2025-01-06,B0: Random,1,0.000000,0.000000,,0_12 0_13 1_4 1_6 1_7 1_9 2_10 2_15 3_0 3_14 4_2 5_10 5_6 6_10 6_14 7_14 7_6 8_13 8_4 8_9,1_10,0.052632,0.081081,0.111111,0.081081,0.081081,0.081081,0.081081,0.025641,,0.081081
2025-01-07,GLM-Logit,1,1.000000,0.050000,7_5,1_10 2_10 2_9 3_10 3_11 3_12 3_13 3_3 4_1 4_3 4_4 5_1 5_3 5_4 6_10 6_12 6_4 7_6 7_9,,0.818182,0.818182,0.379310,0.739130,0.379310,0.818182,0.333333,0.111111,0.052632,
2025-01-07,HierBayes,1,1.000000,0.050000,7_5,1_10 1_11 2_10 2_9 3_10 3_11 3_12 3_13 3_3 4_1 4_3 4_4 5_1 5_2 5_3 5_4 6_10 6_4 7_9,,,0.739130,0.333333,0.666667,0.379310,0.739130,0.333333,0.111111,0.081081,0.818182
2025-01-07,B1: Static prior,1,1.000000,0.050000,7_5,1_10 2_10 2_9 3_10 3_11 3_12 3_13 3_3 4_1 4_2 4_3 4_4 5_1 5_2 5_3 6_12 6_4 7_6 7_9,,0.739130,,0.379310,0.666667,0.333333,1.000000,0.290323,0.111111,0.052632,0.818182
2025-01-07,TTM,1,0.000000,0.000000,,0_8 0_9 1_10 2_10 2_2 2_9 3_10 3_13 4_3 4_4 4_5 4_7 5_1 5_3 6_12 7_13 7_3 7_4 7_9 8_9,7_5,0.333333,0.379310,,0.333333,0.212121,0.379310,0.176471,0.081081,0.081081,0.379310
2025-01-07,ET,1,1.000000,0.050000,7_5,1_10 2_10 2_12 2_9 3_10 3_12 3_13 3_3 4_1 4_13 4_3 4_4 5_1 5_3 6_10 6_4 7_6 7_9 8_7,,0.666667,0.666667,0.333333,,0.379310,0.666667,0.333333,0.111111,0.052632,0.739130
2025-01-07,B5: B2+B3,1,1.000000,0.050000,7_5,0_0 0_2 1_0 1_10 1_2 2_0 2_10 2_12 2_9 3_0 3_10 3_11 4_4 5_3 6_10 6_4 7_1 7_9 8_1,,0.379310,0.333333,0.212121,0.379310,,0.333333,0.904762,0.333333,0.111111,0.379310
2025-01-07,B4: B1+B3,1,1.000000,0.050000,7_5,1_10 2_10 2_9 3_10 3_11 3_12 3_13 3_3 4_1 4_2 4_3 4_4 5_1 5_2 5_3 6_12 6_4 7_6 7_9,,0.739130,1.000000,0.379310,0.666667,0.333333,,0.290323,0.111111,0.052632,0.818182
2025-01-07,B2: Recent MA,1,1.000000,0.050000,7_5,0_0 0_2 1_0 1_10 1_2 2_0 2_10 2_12 2_9 3_0 3_10 3_11 4_0 4_4 6_10 6_4 7_1 7_9 8_1,,0.333333,0.290323,0.176471,0.333333,0.904762,0.290323,,0.333333,0.111111,0.333333
2025-01-07,B3: DoY season,1,0.000000,0.000000,,0_0 0_1 0_2 1_0 1_1 1_10 1_2 2_0 2_1 3_0 3_1 4_0 4_1 5_0 5_1 5_3 6_0 7_1 8_0 8_1,7_5,0.111111,0.111111,0.081081,0.111111,0.333333,0.111111,0.333333,,0.081081,0.111111
2025-01-07,B0: Random,1,0.000000,0.000000,,0_10 0_2 0_3 0_8 1_0 1_11 1_12 2_8 3_11 3_5 4_13 4_14 4_4 4_5 5_5 6_5 7_15 8_0 8_12 8_14,7_5,0.081081,0.052632,0.081081,0.052632,0.111111,0.052632,0.111111,0.081081,,0.052632
2025-01-08,GLM-Logit,0,,0.000000,,1_10 2_10 2_9 3_10 3_11 3_12 3_13 3_3 4_1 4_3 4_4 5_1 5_3 5_4 6_10 6_12 6_4 7_5 7_6 7_9,,0.818182,0.818182,0.428571,0.739130,0.379310,0.818182,0.333333,0.111111,0.081081,
2025-01-08,HierBayes,0,,0.000000,,1_10 1_11 2_10 2_9 3_10 3_11 3_12 3_13 3_3 4_1 4_3 4_4 5_1 5_2 5_3 5_4 6_10 6_4 7_5 7_9,,,0.739130,0.428571,0.666667,0.379310,0.739130,0.333333,0.111111,0.111111,0.818182
2025-01-08,B1: Static prior,0,,0.000000,,1_10 2_10 2_9 3_10 3_11 3_12 3_13 3_3 4_1 4_2 4_3 4_4 5_1 5_2 5_3 6_12 6_4 7_5 7_6 7_9,,0.739130,,0.379310,0.666667,0.333333,1.000000,0.290323,0.111111,0.081081,0.818182
2025-01-08,TTM,0,,0.000000,,1_10 1_9 2_10 2_12 2_2 2_9 3_10 3_11 3_12 3_13 4_4 5_1 5_3 6_10 6_13 7_10 7_4 7_8 7_9 8_9,,0.428571,0.379310,,0.428571,0.333333,0.379310,0.290323,0.081081,0.052632,0.428571
2025-01-08,ET,0,,0.000000,,1_10 2_10 2_12 2_9 3_10 3_12 3_13 3_3 4_1 4_13 4_3 4_4 5_1 5_3 6_10 6_4 7_5 7_6 7_9 8_7,,0.666667,0.666667,0.428571,,0.379310,0.666667,0.333333,0.111111,0.111111,0.739130
2025-01-08,B5: B2+B3,0,,0.000000,,0_0 0_2 1_0 1_10 1_2 2_0 2_10 2_12 2_9 3_0 3_10 3_11 4_4 5_3 6_10 6_4 7_1 7_5 7_9 8_1,,0.379310,0.333333,0.333333,0.379310,,0.333333,0.904762,0.333333,0.052632,0.379310
2025-01-08,B4: B1+B3,0,,0.000000,,1_10 2_10 2_9 3_10 3_11 3_12 3_13 3_3 4_1 4_2 4_3 4_4 5_1 5_2 5_3 6_12 6_4 7_5 7_6 7_9,,0.739130,1.000000,0.379310,0.666667,0.333333,,0.290323,0.111111,0.081081,0.818182
2025-01-08,B2: Recent MA,0,,0.000000,,0_0 0_2 1_0 1_10 1_2 2_0 2_10 2_12 2_9 3_0 3_10 3_11 4_0 4_4 6_10 6_4 7_1 7_5 7_9 8_1,,0.333333,0.290323,0.290323,0.333333,0.904762,0.290323,,0.333333,0.052632,0.333333
2025-01-08,B3: DoY season,0,,0.000000,,0_0 0_1 0_2 1_0 1_1 1_10 1_2 2_0 2_1 3_0 3_1 4_0 4_1 5_0 5_1 5_3 6_0 7_1 8_0 8_1,,0.111111,0.111111,0.081081,0.111111,0.333333,0.111111,0.333333,,0.111111,0.111111
2025-01-08,B0: Random,0,,0.000000,,0_14 0_2 1_11 1_8 2_7 2_8 3_1 3_12 3_5 3_6 4_13 4_8 5_0 5_1 5_13 6_11 6_15 7_11 7_2 7_5,,0.111111,0.081081,0.052632,0.111111,0.052632,0.081081,0.052632,0.111111,,0.081081
2025-01-09,GLM-Logit,0,,0.000000,,1_10 2_10 2_9 3_10 3_11 3_12 3_13 3_3 4_1 4_3 4_4 5_1 5_3 5_4 6_10 6_12 6_4 7_5 7_6 7_9,,0.818182,0.818182,0.428571,0.739130,0.379310,0.818182,0.333333,0.111111,0.212121,
2025-01-09,HierBayes,0,,0.000000,,1_10 1_11 2_10 2_9 3_10 3_11 3_12 3_13 3_3 4_1 4_3 4_4 5_1 5_2 5_3 5_4 6_10 6_4 7_5 7_9,,,0.739130,0.428571,0.666667,0.379310,0.739130,0.333333,0.111111,0.212121,0.818182
2025-01-09,B1: Static prior,0,,0.000000,,1_10 2_10 2_9 3_10 3_11 3_12 3_13 3_3 4_1 4_2 4_3 4_4 5_1 5_2 5_3 6_12 6_4 7_5 7_6 7_9,,0.739130,,0.379310,0.666667,0.333333,1.000000,0.290323,0.111111,0.142857,0.818182
2025-01-09,TTM,0,,0.000000,,1_10 1_11 1_9 2_10 2_12 3_10 3_11 3_12 4_3 4_4 4_5 5_5 6_10 6_12 6_4 6_8 7_10 7_5 7_9 8_9,,0.428571,0.379310,,0.379310,0.333333,0.379310,0.333333,0.025641,0.212121,0.428571
2025-01-09,ET,0,,0.000000,,1_10 2_10 2_12 2_9 3_10 3_12 3_13 3_3 4_1 4_13 4_3 4_4 5_1 5_3 6_10 6_4 7_5 7_6 7_9 8_7,,0.666667,0.666667,0.379310,,0.379310,0.666667,0.333333,0.111111,0.176471,0.739130
2025-01-09,B5: B2+B3,0,,0.000000,,0_0 0_2 1_0 1_10 1_2 2_0 2_10 2_12 2_9 3_0 3_10 3_11 4_4 5_3 6_10 6_4 7_1 7_5 7_9 8_1,,0.379310,0.333333,0.333333,0.379310,,0.333333,0.904762,0.333333,0.111111,0.379310
2025-01-09,B4: B1+B3,0,,0.000000,,1_10 2_10 2_9 3_10 3_11 3_12 3_13 3_3 4_1 4_2 4_3 4_4 5_1 5_2 5_3 6_12 6_4 7_5 7_6 7_9,,0.739130,1.000000,0.379310,0.666667,0.333333,,0.290323,0.111111,0.142857,0.818182
2025-01-09,B2: Recent MA,0,,0.000000,,0_0 0_2 1_0 1_10 1_2 2_0 2_10 2_12 2_9 3_0 3_10 3_11 4_0 4_4 6_10 6_4 7_1 7_5 7_9 8_1,,0.333333,0.290323,0.333333,0.333333,0.904762,0.290323,,0.333333,0.111111,0.333333
2025-01-09,B3: DoY season,0,,0.000000,,0_0 0_1 0_2 1_0 1_1 1_10 1_2 2_0 2_1 3_0 3_1 4_0 4_1 5_0 5_1 5_3 6_0 7_1 8_0 8_1,,0.111111,0.111111,0.025641,0.111111,0.333333,0.111111,0.333333,,0.025641,0.111111
2025-01-09,B0: Random,0,,0.000000,,0_14 1_13 1_8 3_12 4_1 4_11 4_4 4_8 5_4 5_5 6_10 6_14 6_4 7_10 7_12 7_14 7_7 7_9 8_11 8_3,,0.212121,0.142857,0.212121,0.176471,0.111111,0.142857,0.111111,0.025641,,0.212121
2025-01-10,GLM-Logit,0,,0.000000,,1_10 2_10 2_9 3_10 3_11 3_12 3_13 3_3 4_1 4_3 4_4 5_1 5_3 5_4 6_10 6_12 6_4 7_5 7_6 7_9,,0.818182,0.818182,0.481481,0.739130,0.379310,0.818182,0.333333,0.111111,0.052632,
2025-01-10,HierBayes,0,,0.000000,,1_10 1_11 2_10 2_9 3_10 3_11 3_12 3_13 3_3 4_1 4_3 4_4 5_1 5_2 5_3 5_4 6_10 6_4 7_5 7_9,,,0.739130,0.481481,0.666667,0.379310,0.739130,0.333333,0.111111,0.052632,0.818182
2025-01-10,B1: Static prior,0,,0.000000,,1_10 2_10 2_9 3_10 3_11 3_12 3_13 3_3 4_1 4_2 4_3 4_4 5_1 5_2 5_3 6_12 6_4 7_5 7_6 7_9,,0.739130,,0.428571,0.666667,0.333333,1.000000,0.290323,0.111111,0.052632,0.818182
2025-01-10,TTM,0,,0.000000,,1_10 1_9 2_10 2_12 2_9 3_10 3_11 3_12 4_1 4_11 4_14 4_3 4_4 5_3 6_10 6_11 6_4 6_5 7_4 7_9,,0.481481,0.428571,,0.481481,0.379310,0.428571,0.333333,0.111111,0.081081,0.481481
2025-01-10,ET,0,,0.000000,,1_10 2_10 2_12 2_9 3_10 3_12 3_13 3_3 4_1 4_13 4_3 4_4 5_1 5_3 6_10 6_4 7_5 7_6 7_9 8_7,,0.666667,0.666667,0.481481,,0.379310,0.666667,0.333333,0.111111,0.081081,0.739130
2025-01-10,B5: B2+B3,0,,0.000000,,0_0 0_2 1_0 1_10 1_2 2_0 2_10 2_12 2_9 3_0 3_10 3_11 4_4 5_3 6_10 6_4 7_1 7_5 7_9 8_1,,0.379310,0.333333,0.379310,0.379310,,0.333333,0.904762,0.379310,0.052632,0.379310
2025-01-10,B4: B1+B3,0,,0.000000,,1_10 2_10 2_9 3_10 3_11 3_12 3_13 3_3 4_1 4_2 4_3 4_4 5_1 5_2 5_3 6_12 6_4 7_5 7_6 7_9,,0.739130,1.000000,0.428571,0.666667,0.333333,,0.290323,0.111111,0.052632,0.818182
2025-01-10,B2: Recent MA,0,,0.000000,,0_0 0_2 1_0 1_10 1_2 2_0 2_10 2_12 2_9 3_0 3_10 3_11 4_0 4_4 6_10 6_4 7_1 7_5 7_9 8_1,,0.333333,0.290323,0.333333,0.333333,0.904762,0.290323,,0.379310,0.052632,0.333333
2025-01-10,B3: DoY season,0,,0.000000,,0_0 0_1 0_2 1_0 1_1 1_10 1_2 2_0 2_1 3_0 3_1 4_0 4_1 4_4 5_0 5_3 6_0 7_1 8_0 8_1,,0.111111,0.111111,0.111111,0.111111,0.379310,0.111111,0.379310,,0.052632,0.111111
2025-01-10,B0: Random,0,,0.000000,,0_1 0_13 1_4 2_12 2_4 3_5 3_8 4_1 4_10 4_15 6_1 6_13 6_8 6_9 7_11 7_12 7_15 7_9 8_14 8_15,,0.052632,0.052632,0.081081,0.081081,0.052632,0.052632,0.052632,0.052632,,0.052632
2025-01-11,GLM-Logit,0,,0.000000,,1_10 2_10 2_9 3_10 3_11 3_12 3_13 3_3 4_1 4_3 4_4 5_1 5_2 5_3 5_4 6_12 6_4 7_5 7_6 7_9,,0.818182,0.904762,0.428571,0.666667,0.333333,0.904762,0.290323,0.111111,0.111111,
2025-01-11,HierBayes,0,,0.000000,,1_10 1_11 2_10 2_9 3_10 3_11 3_12 3_13 3_3 4_1 4_3 4_4 5_1 5_2 5_3 5_4 6_4 7_4 7_5 7_9,,,0.739130,0.428571,0.600000,0.333333,0.739130,0.290323,0.111111,0.081081,0.818182
2025-01-11,B1: Static prior,0,,0.000000,,1_10 2_10 2_9 3_10 3_11 3_12 3_13 3_3 4_1 4_2 4_3 4_4 5_1 5_2 5_3 6_12 6_4 7_5 7_6 7_9,,0.739130,,0.379310,0.666667,0.333333,1.000000,0.290323,0.111111,0.111111,0.904762
2025-01-11,TTM,0,,0.000000,,0_10 1_10 2_10 2_12 2_9 3_10 3_13 3_3 4_1 4_11 4_13 5_3 5_4 5_5 6_10 6_3 6_4 7_5 7_9 8_9,,0.428571,0.379310,,0.538462,0.290323,0.379310,0.250000,0.081081,0.081081,0.428571
2025-01-11,ET,0,,0.000000,,1_10 2_10 2_12 2_9 3_10 3_12 3_13 3_3 4_1 4_13 4_3 4_4 5_1 5_3 6_10 6_4 7_5 7_6 7_9 8_7,,0.600000,0.666667,0.538462,,0.333333,0.666667,0.290323,0.111111,0.111111,0.666667
2025-01-11,B5: B2+B3,0,,0.000000,,0_0 0_2 1_0 1_10 1_2 2_0 2_10 2_12 2_9 3_0 3_10 3_11 4_4 5_3 6_4 7_1 7_5 7_9 8_0 8_1,,0.333333,0.333333,0.290323,0.333333,,0.333333,0.904762,0.428571,0.025641,0.333333
2025-01-11,B4: B1+B3,0,,0.000000,,1_10 2_10 2_9 3_10 3_11 3_12 3_13 3_3 4_1 4_2 4_3 4_4 5_1 5_2 5_3 6_12 6_4 7_5 7_6 7_9,,0.739130,1.000000,0.379310,0.666667,0.333333,,0.290323,0.111111,0.111111,0.904762
2025-01-11,B2: Recent MA,0,,0.000000,,0_0 0_2 1_0 1_10 1_2 2_0 2_10 2_12 2_9 3_0 3_10 3_11 4_0 4_4 6_4 7_1 7_5 7_9 8_0 8_1,,0.290323,0.290323,0.250000,0.290323,0.904762,0.290323,,0.428571,0.025641,0.290323
2025-01-11,B3: DoY season,0,,0.000000,,0_0 0_1 0_2 1_0 1_1 1_10 1_2 2_0 2_1 3_0 3_1 4_0 4_1 4_4 5_0 5_3 6_0 7_1 8_0 8_1,,0.111111,0.111111,0.081081,0.111111,0.428571,0.111111,0.428571,,0.111111,0.111111
2025-01-11,B0: Random,0,,0.000000,,0_2 1_4 1_5 1_9 2_13 2_8 3_1 3_13 3_15 3_3 3_5 4_1 4_15 5_13 5_15 5_8 6_0 6_13 7_6 8_12,,0.081081,0.111111,0.081081,0.111111,0.025641,0.111111,0.025641,0.111111,,0.111111
2025-01-12,GLM-Logit,0,,0.000000,,1_10 2_10 2_9 3_10 3_11 3_12 3_13 3_3 4_1 4_3 4_4 5_1 5_2 5_3 5_4 6_12 6_4 7_5 7_6 7_9,,0.818182,0.904762,0.333333,0.666667,0.333333,0.904762,0.290323,0.142857,0.052632,
2025-01-12,HierBayes,0,,0.000000,,1_10 1_11 2_10 2_9 3_10 3_11 3_12 3_13 3_3 4_1 4_3 4_4 5_1 5_2 5_3 5_4 6_4 7_4 7_5 7_9,,,0.739130,0.379310,0.600000,0.333333,0.739130,0.290323,0.142857,0.025641,0.818182
2025-01-12,B1: Static prior,0,,0.000000,,1_10 2_10 2_9 3_10 3_11 3_12 3_13 3_3 4_1 4_2 4_3 4_4 5_1 5_2 5_3 6_12 6_4 7_5 7_6 7_9,,0.739130,,0.333333,0.666667,0.333333,1.000000,0.290323,0.142857,0.081081,0.904762
2025-01-12,TTM,0,,0.000000,,1_10 2_10 2_15 2_2 2_9 3_10 4_1 4_13 4_14 4_4 4_7 5_3 6_10 6_3 6_4 6_8 6_9 7_4 7_5 7_9,,0.379310,0.333333,,0.428571,0.290323,0.333333,0.250000,0.142857,0.052632,0.333333
2025-01-12,ET,0,,0.000000,,1_10 2_10 2_12 2_9 3_10 3_12 3_13 3_3 4_1 4_13 4_3 4_4 5_1 5_3 6_10 6_4 7_5 7_6 7_9 8_7,,0.600000,0.666667,0.428571,,0.333333,0.666667,0.290323,0.142857,0.052632,0.666667
2025-01-12,B5: B2+B3,0,,0.000000,,0_0 0_2 1_0 1_10 1_2 2_0 2_10 2_12 2_9 3_0 3_10 3_11 4_4 5_3 6_4 7_1 7_5 7_9 8_0 8_1,,0.333333,0.333333,0.290323,0.333333,,0.333333,0.904762,0.481481,0.111111,0.333333
2025-01-12,B4: B1+B3,0,,0.000000,,1_10 2_10 2_9 3_10 3_11 3_12 3_13 3_3 4_1 4_2 4_3 4_4 5_1 5_2 5_3 6_12 6_4 7_5 7_6 7_9,,0.739130,1.000000,0.333333,0.666667,0.333333,,0.290323,0.142857,0.081081,0.904762
2025-01-12,B2: Recent MA,0,,0.000000,,0_0 0_2 1_0 1_10 1_2 2_0 2_10 2_12 2_9 3_0 3_10 3_11 4_0 4_4 6_4 7_1 7_5 7_9 8_0 8_1,,0.290323,0.290323,0.250000,0.290323,0.904762,0.290323,,0.481481,0.111111,0.290323
2025-01-12,B3: DoY season,0,,0.000000,,0_0 0_1 0_2 1_0 1_1 1_10 1_2 2_0 2_1 2_10 3_0 3_1 4_0 4_1 4_4 5_0 5_3 7_1 8_0 8_1,,0.142857,0.142857,0.142857,0.142857,0.481481,0.142857,0.481481,,0.111111,0.142857
2025-01-12,B0: Random,0,,0.000000,,0_13 1_0 1_10 1_7 2_14 3_14 4_10 4_13 4_2 5_5 6_12 7_1 7_13 7_3 7_7 8_0 8_11 8_12 8_5 8_8,,0.025641,0.081081,0.052632,0.052632,0.111111,0.081081,0.111111,0.111111,,0.052632
2025-01-13,GLM-Logit,0,,0.000000,,1_10 2_10 2_9 3_10 3_11 3_12 3_13 3_3 4_1 4_3 4_4 5_1 5_2 5_3 5_4 6_12 6_4 7_5 7_6 7_9,,0.818182,0.904762,0.333333,0.666667,0.333333,0.904762,0.290323,0.142857,0.081081,
2025-01-13,HierBayes,0,,0.000000,,1_10 1_11 2_10 2_9 3_10 3_11 3_12 3_13 3_3 4_1 4_3 4_4 5_1 5_2 5_3 5_4 6_4 7_4 7_5 7_9,,,0.739130,0.379310,0.600000,0.333333,0.739130,0.290323,0.142857,0.111111,0.818182
2025-01-13,B1: Static prior,0,,0.000000,,1_10 2_10 2_9 3_10 3_11 3_12 3_13 3_3 4_1 4_2 4_3 4_4 5_1 5_2 5_3 6_12 6_4 7_5 7_6 7_9,,0.739130,,0.333333,0.666667,0.333333,1.000000,0.290323,0.142857,0.081081,0.904762
2025-01-13,TTM,0,,0.000000,,1_10 2_10 2_12 2_15 2_2 3_10 3_14 3_3 4_3 4_4 4_7 5_2 5_6 5_9 6_10 6_4 7_4 7_5 7_9 8_10,,0.379310,0.333333,,0.379310,0.250000,0.333333,0.250000,0.081081,0.081081,0.333333
2025-01-13,ET,0,,0.000000,,1_10 2_10 2_12 2_9 3_10 3_12 3_13 3_3 4_1 4_13 4_3 4_4 5_1 5_3 6_10 6_4 7_5 7_6 7_9 8_7,,0.600000,0.666667,0.379310,,0.333333,0.666667,0.290323,0.142857,0.081081,0.666667
2025-01-13,B5: B2+B3,0,,0.000000,,0_0 0_2 1_0 1_10 1_2 2_0 2_10 2_12 2_9 3_0 3_10 3_11 4_4 5_3 6_4 7_1 7_5 7_9 8_0 8_1,,0.333333,0.333333,0.250000,0.333333,,0.333333,0.904762,0.481481,0.081081,0.333333
2025-01-13,B4: B1+B3,0,,0.000000,,1_10 2_10 2_9 3_10 3_11 3_12 3_13 3_3 4_1 4_2 4_3 4_4 5_1 5_2 5_3 6_12 6_4 7_5 7_6 7_9,,0.739130,1.000000,0.333333,0.666667,0.333333,,0.290323,0.142857,0.081081,0.904762
2025-01-13,B2: Recent MA,0,,0.000000,,0_0 0_2 1_0 1_10 1_2 2_0 2_10 2_12 2_9 3_0 3_10 3_11 4_0 4_4 6_4 7_1 7_5 7_9 8_0 8_1,,0.290323,0.290323,0.250000,0.290323,0.904762,0.290323,,0.481481,0.081081,0.290323
2025-01-13,B3: DoY season,0,,0.000000,,0_0 0_1 0_2 1_0 1_1 1_10 1_2 2_0 2_1 2_10 3_0 3_1 4_0 4_1 4_4 5_0 5_3 7_1 8_0 8_1,,0.142857,0.142857,0.081081,0.142857,0.481481,0.142857,0.481481,,0.081081,0.142857
2025-01-13,B0: Random,0,,0.000000,,0_5 1_11 1_14 2_0 2_10 2_3 2_4 3_15 3_3 3_7 4_11 4_3 6_0 6_1 6_13 6_2 7_12 7_14 8_0 8_14,,0.111111,0.081081,0.081081,0.081081,0.081081,0.081081,0.081081,0.081081,,0.081081
2025-01-14,GLM-Logit,0,,0.000000,,1_10 2_10 2_9 3_10 3_11 3_12 3_13 3_3 4_1 4_3 4_4 5_1 5_2 5_3 5_4 6_12 6_4 7_5 7_6 7_9,,0.818182,0.904762,0.428571,0.666667,0.333333,0.904762,0.290323,0.142857,0.052632,
2025-01-14,HierBayes,0,,0.000000,,1_10 1_11 2_10 2_9 3_10 3_11 3_12 3_13 3_3 4_1 4_3 4_4 5_1 5_2 5_3 5_4 6_4 7_4 7_5 7_9,,,0.739130,0.481481,0.600000,0.333333,0.739130,0.290323,0.142857,0.052632,0.818182
2025-01-14,B1: Static prior,0,,0.000000,,1_10 2_10 2_9 3_10 3_11 3_12 3_13 3_3 4_1 4_2 4_3 4_4 5_1 5_2 5_3 6_12 6_4 7_5 7_6 7_9,,0.739130,,0.428571,0.666667,0.333333,1.000000,0.290323,0.142857,0.052632,0.904762
2025-01-14,TTM,0,,0.000000,,1_10 1_3 2_10 2_9 3_10 3_11 3_9 4_1 4_3 4_4 5_2 5_6 5_7 6_4 6_5 7_10 7_4 7_5 7_8 7_9,,0.481481,0.428571,,0.333333,0.290323,0.428571,0.290323,0.111111,0.052632,0.428571
2025-01-14,ET,0,,0.000000,,1_10 2_10 2_12 2_9 3_10 3_12 3_13 3_3 4_1 4_13 4_3 4_4 5_1 5_3 6_10 6_4 7_5 7_6 7_9 8_7,,0.600000,0.666667,0.333333,,0.333333,0.666667,0.290323,0.142857,0.052632,0.666667
2025-01-14,B5: B2+B3,0,,0.000000,,0_0 0_2 1_0 1_10 1_2 2_0 2_10 2_12 2_9 3_0 3_10 3_11 4_4 5_3 6_4 7_1 7_5 7_9 8_0 8_1,,0.333333,0.333333,0.290323,0.333333,,0.333333,0.904762,0.481481,0.142857,0.333333
2025-01-14,B4: B1+B3,0,,0.000000,,1_10 2_10 2_9 3_10 3_11 3_12 3_13 3_3 4_1 4_2 4_3 4_4 5_1 5_2 5_3 6_12 6_4 7_5 7_6 7_9,,0.739130,1.000000,0.428571,0.666667,0.333333,,0.290323,0.142857,0.052632,0.904762
2025-01-14,B2: Recent MA,0,,0.000000,,0_0 0_2 1_0 1_10 1_2 2_0 2_10 2_12 2_9 3_0 3_10 3_11 4_0 4_4 6_4 7_1 7_5 7_9 8_0 8_1,,0.290323,0.290323,0.290323,0.290323,0.904762,0.290323,,0.481481,0.142857,0.290323
2025-01-14,B3: DoY season,0,,0.000000,,0_0 0_1 0_2 1_0 1_1 1_10 1_2 2_0 2_1 2_10 3_0 3_1 4_0 4_1 4_4 5_0 5_3 7_1 8_0 8_1,,0.142857,0.142857,0.111111,0.142857,0.481481,0.142857,0.481481,,0.111111,0.142857
2025-01-14,B0: Random,0,,0.000000,,0_0 0_11 0_12 0_9 1_0 1_4 1_8 1_9 2_0 2_5 2_9 3_8 4_14 4_4 5_12 5_8 6_11 6_8 7_14 8_12,,0.052632,0.052632,0.052632,0.052632,0.142857,0.052632,0.142857,0.111111,,0.052632
2025-01-15,GLM-Logit,0,,0.000000,,1_10 2_10 2_9 3_10 3_11 3_12 3_13 3_3 4_1 4_3 4_4 5_1 5_2 5_3 5_4 6_12 6_4 7_5 7_6 7_9,,0.818182,0.904762,0.379310,0.666667,0.333333,0.904762,0.290323,0.142857,0.052632,
2025-01-15,HierBayes,0,,0.000000,,1_10 1_11 2_10 2_9 3_10 3_11 3_12 3_13 3_3 4_1 4_3 4_4 5_1 5_2 5_3 5_4 6_4 7_4 7_5 7_9,,,0.739130,0.379310,0.600000,0.333333,0.739130,0.290323,0.142857,0.052632,0.818182
2025-01-15,B1: Static prior,0,,0.000000,,1_10 2_10 2_9 3_10 3_11 3_12 3_13 3_3 4_1 4_2 4_3 4_4 5_1 5_2 5_3 6_12 6_4 7_5 7_6 7_9,,0.739130,,0.379310,0.666667,0.333333,1.000000,0.290323,0.142857,0.052632,0.904762
2025-01-15,TTM,0,,0.000000,,1_10 2_10 2_12 2_14 2_9 3_10 4_0 4_2 4_3 4_4 5_12 5_3 5_4 5_6 6_10 6_4 7_5 7_8 7_9 8_7,,0.379310,0.379310,,0.481481,0.333333,0.379310,0.333333,0.142857,0.052632,0.379310
2025-01-15,ET,0,,0.000000,,1_10 2_10 2_12 2_9 3_10 3_12 3_13 3_3 4_1 4_13 4_3 4_4 5_1 5_3 6_10 6_4 7_5 7_6 7_9 8_7,,0.600000,0.666667,0.481481,,0.333333,0.666667,0.290323,0.142857,0.052632,0.666667
2025-01-15,B5: B2+B3,0,,0.000000,,0_0 0_2 1_0 1_10 1_2 2_0 2_10 2_12 2_9 3_0 3_10 3_11 4_4 5_3 6_4 7_1 7_5 7_9 8_0 8_1,,0.333333,0.333333,0.333333,0.333333,,0.333333,0.904762,0.481481,0.052632,0.333333
2025-01-15,B4: B1+B3,0,,0.000000,,1_10 2_10 2_9 3_10 3_11 3_12 3_13 3_3 4_1 4_2 4_3 4_4 5_1 5_2 5_3 6_12 6_4 7_5 7_6 7_9,,0.739130,1.000000,0.379310,0.666667,0.333333,,0.290323,0.142857,0.052632,0.904762
2025-01-15,B2: Recent MA,0,,0.000000,,0_0 0_2 1_0 1_10 1_2 2_0 2_10 2_12 2_9 3_0 3_10 3_11 4_0 4_4 6_4 7_1 7_5 7_9 8_0 8_1,,0.290323,0.290323,0.333333,0.290323,0.904762,0.290323,,0.481481,0.052632,0.290323
2025-01-15,B3: DoY season,0,,0.000000,,0_0 0_1 0_2 1_0 1_1 1_10 1_2 2_0 2_1 2_10 3_0 3_1 4_0 4_1 4_4 5_0 5_3 7_1 8_0 8_1,,0.142857,0.142857,0.142857,0.142857,0.481481,0.142857,0.481481,,0.052632,0.142857
2025-01-15,B0: Random,0,,0.000000,,0_11 0_13 0_3 0_6 1_10 1_3 2_2 3_14 4_15 4_4 4_5 5_14 6_5 6_6 6_8 6_9 7_13 7_3 8_12 8_4,,0.052632,0.052632,0.052632,0.052632,0.052632,0.052632,0.052632,0.052632,,0.052632
2025-01-16,GLM-Logit,0,,0.000000,,1_10 2_10 2_9 3_10 3_11 3_12 3_13 3_3 4_1 4_3 4_4 5_1 5_2 5_3 5_4 6_12 6_4 7_5 7_6 7_9,,0.818182,0.904762,0.481481,0.666667,0.333333,0.904762,0.290323,0.142857,0.052632,
2025-01-16,HierBayes,0,,0.000000,,1_10 1_11 2_10 2_9 3_10 3_11 3_12 3_13 3_3 4_1 4_3 4_4 5_1 5_2 5_3 5_4 6_4 7_4 7_5 7_9,,,0.739130,0.481481,0.600000,0.333333,0.739130,0.290323,0.142857,0.052632,0.818182
2025-01-16,B1: Static prior,0,,0.000000,,1_10 2_10 2_9 3_10 3_11 3_12 3_13 3_3 4_1 4_2 4_3 4_4 5_1 5_2 5_3 6_12 6_4 7_5 7_6 7_9,,0.739130,,0.428571,0.666667,0.333333,1.000000,0.290323,0.142857,0.025641,0.904762
2025-01-16,TTM,0,,0.000000,,0_9 1_10 2_10 2_11 2_12 2_3 2_9 3_10 3_12 3_13 3_2 4_3 4_4 5_3 5_4 6_10 6_4 6_7 7_5 7_9,,0.481481,0.428571,,0.538462,0.333333,0.428571,0.290323,0.111111,0.176471,0.481481
2025-01-16,ET,0,,0.000000,,1_10 2_10 2_12 2_9 3_10 3_12 3_13 3_3 4_1 4_13 4_3 4_4 5_1 5_3 6_10 6_4 7_5 7_6 7_9 8_7,,0.600000,0.666667,0.538462,,0.333333,0.666667,0.290323,0.142857,0.052632,0.666667
2025-01-16,B5: B2+B3,0,,0.000000,,0_0 0_2 1_0 1_10 1_2 2_0 2_10 2_12 2_9 3_0 3_10 3_11 4_4 5_3 6_4 7_1 7_5 7_9 8_0 8_1,,0.333333,0.333333,0.333333,0.333333,,0.333333,0.904762,0.481481,0.052632,0.333333
2025-01-16,B4: B1+B3,0,,0.000000,,1_10 2_10 2_9 3_10 3_11 3_12 3_13 3_3 4_1 4_2 4_3 4_4 5_1 5_2 5_3 6_12 6_4 7_5 7_6 7_9,,0.739130,1.000000,0.428571,0.666667,0.333333,,0.290323,0.142857,0.025641,0.904762
2025-01-16,B2: Recent MA,0,,0.000000,,0_0 0_2 1_0 1_10 1_2 2_0 2_10 2_12 2_9 3_0 3_10 3_11 4_0 4_4 6_4 7_1 7_5 7_9 8_0 8_1,,0.290323,0.290323,0.290323,0.290323,0.904762,0.290323,,0.481481,0.081081,0.290323
2025-01-16,B3: DoY season,0,,0.000000,,0_0 0_1 0_2 1_0 1_1 1_10 1_2 2_0 2_1 2_10 3_0 3_1 4_0 4_1 4_4 5_0 5_3 7_1 8_0 8_1,,0.142857,0.142857,0.111111,0.142857,0.481481,0.142857,0.481481,,0.052632,0.142857
2025-01-16,B0: Random,0,,0.000000,,0_14 0_6 1_2 1_7 1_8 2_11 2_3 3_2 3_6 3_8 4_0 4_10 4_14 4_6 5_15 5_4 5_5 6_0 6_10 6_4,,0.052632,0.025641,0.176471,0.052632,0.052632,0.025641,0.081081,0.052632,,0.052632
2025-01-17,GLM-Logit,0,,0.000000,,1_10 2_10 2_9 3_10 3_11 3_12 3_13 3_3 4_1 4_3 4_4 5_1 5_2 5_3 5_4 6_12 6_4 7_5 7_6 7_9,,0.818182,0.904762,0.379310,0.666667,0.333333,0.904762,0.290323,0.142857,0.111111,
2025-01-17,HierBayes,0,,0.000000,,1_10 1_11 2_10 2_9 3_10 3_11 3_12 3_13 3_3 4_1 4_3 4_4 5_1 5_2 5_3 5_4 6_4 7_4 7_5 7_9,,,0.739130,0.428571,0.600000,0.333333,0.739130,0.290323,0.142857,0.111111,0.818182
2025-01-17,B1: Static prior,0,,0.000000,,1_10 2_10 2_9 3_10 3_11 3_12 3_13 3_3 4_1 4_2 4_3 4_4 5_1 5_2 5_3 6_12 6_4 7_5 7_6 7_9,,0.739130,,0.428571,0.666667,0.333333,1.000000,0.290323,0.142857,0.111111,0.904762
2025-01-17,TTM,0,,0.000000,,1_10 2_10 2_9 3_1 3_10 3_11 3_14 3_9 4_2 4_4 5_1 5_3 5_5 6_10 6_13 6_4 6_7 7_4 7_5 7_9,,0.428571,0.428571,,0.379310,0.333333,0.428571,0.290323,0.142857,0.081081,0.379310
2025-01-17,ET,0,,0.000000,,1_10 2_10 2_12 2_9 3_10 3_12 3_13 3_3 4_1 4_13 4_3 4_4 5_1 5_3 6_10 6_4 7_5 7_6 7_9 8_7,,0.600000,0.666667,0.379310,,0.290323,0.666667,0.250000,0.142857,0.111111,0.666667
2025-01-17,B5: B2+B3,0,,0.000000,,0_0 0_1 0_2 1_0 1_10 1_2 2_0 2_10 2_9 3_0 3_10 3_11 4_4 5_3 6_4 7_1 7_5 7_9 8_0 8_1,,0.333333,0.333333,0.333333,0.290323,,0.333333,0.904762,0.538462,0.081081,0.333333
2025-01-17,B4: B1+B3,0,,0.000000,,1_10 2_10 2_9 3_10 3_11 3_12 3_13 3_3 4_1 4_2 4_3 4_4 5_1 5_2 5_3 6_12 6_4 7_5 7_6 7_9,,0.739130,1.000000,0.428571,0.666667,0.333333,,0.290323,0.142857,0.111111,0.904762
2025-01-17,B2: Recent MA,0,,0.000000,,0_0 0_1 0_2 1_0 1_10 1_2 2_0 2_10 2_9 3_0 3_10 3_11 4_0 4_4 6_4 7_1 7_5 7_9 8_0 8_1,,0.290323,0.290323,0.290323,0.250000,0.904762,0.290323,,0.538462,0.052632,0.290323
2025-01-17,B3: DoY season,0,,0.000000,,0_0 0_1 0_2 1_0 1_1 1_10 1_2 2_0 2_1 2_10 3_0 3_1 4_0 4_1 4_4 5_0 5_3 7_1 8_0 8_1,,0.142857,0.142857,0.142857,0.142857,0.538462,0.142857,0.538462,,0.081081,0.142857
2025-01-17,B0: Random,0,,0.000000,,0_11 0_6 0_8 1_10 1_15 1_9 2_5 3_13 3_2 4_8 5_0 5_14 5_3 5_6 6_0 6_1 6_11 6_4 7_12 8_11,,0.111111,0.111111,0.081081,0.111111,0.081081,0.111111,0.052632,0.081081,,0.111111
2025-01-18,GLM-Logit,0,,0.000000,,1_10 2_10 2_9 3_10 3_11 3_12 3_13 3_3 4_1 4_3 4_4 5_1 5_2 5_3 5_4 6_12 6_4 7_5 7_6 7_9,,0.818182,0.904762,0.379310,0.666667,0.333333,0.904762,0.290323,0.142857,0.081081,
2025-01-18,HierBayes,0,,0.000000,,1_10 1_11 2_10 2_9 3_10 3_11 3_12 3_13 3_3 4_1 4_3 4_4 5_1 5_2 5_3 5_4 6_4 7_4 7_5 7_9,,,0.739130,0.481481,0.600000,0.333333,0.739130,0.290323,0.142857,0.081081,0.818182
2025-01-18,B1: Static prior,0,,0.000000,,1_10 2_10 2_9 3_10 3_11 3_12 3_13 3_3 4_1 4_2 4_3 4_4 5_1 5_2 5_3 6_12 6_4 7_5 7_6 7_9,,0.739130,,0.379310,0.666667,0.333333,1.000000,0.290323,0.142857,0.081081,0.904762
2025-01-18,TTM,0,,0.000000,,1_10 1_11 2_10 2_9 3_10 3_14 3_2 4_1 4_3 4_4 5_1 5_10 5_3 5_5 6_10 6_3 6_4 7_10 7_4 7_9,,0.481481,0.379310,,0.428571,0.250000,0.379310,0.212121,0.142857,0.081081,0.379310
2025-01-18,ET,0,,0.000000,,1_10 2_10 2_12 2_9 3_10 3_12 3_13 3_3 4_1 4_13 4_3 4_4 5_1 5_3 6_10 6_4 7_5 7_6 7_9 8_7,,0.600000,0.666667,0.428571,,0.290323,0.666667,0.250000,0.142857,0.081081,0.666667
2025-01-18,B5: B2+B3,0,,0.000000,,0_0 0_1 0_2 1_0 1_10 1_2 2_0 2_10 2_9 3_0 3_10 3_11 4_4 5_3 6_4 7_1 7_5 7_9 8_0 8_1,,0.333333,0.333333,0.250000,0.290323,,0.333333,0.904762,0.538462,0.025641,0.333333
2025-01-18,B4: B1+B3,0,,0.000000,,1_10 2_10 2_9 3_10 3_11 3_12 3_13 3_3 4_1 4_2 4_3 4_4 5_1 5_2 5_3 6_12 6_4 7_5 7_6 7_9,,0.739130,1.000000,0.379310,0.666667,0.333333,,0.290323,0.142857,0.081081,0.904762
2025-01-18,B2: Recent MA,0,,0.000000,,0_0 0_1 0_2 1_0 1_10 1_2 2_0 2_10 2_9 3_0 3_10 3_11 4_0 4_4 6_4 7_1 7_5 7_9 8_0 8_1,,0.290323,0.290323,0.212121,0.250000,0.904762,0.290323,,0.538462,0.025641,0.290323
2025-01-18,B3: DoY season,0,,0.000000,,0_0 0_1 0_2 1_0 1_1 1_10 1_2 2_0 2_1 2_10 3_0 3_1 4_0 4_1 4_4 5_0 5_3 7_1 8_0 8_1,,0.142857,0.142857,0.142857,0.142857,0.538462,0.142857,0.538462,,0.025641,0.142857
2025-01-18,B0: Random,0,,0.000000,,0_5 0_6 1_5 3_1 3_14 4_13 4_3 4_6 4_7 4_8 5_14 5_2 5_6 5_9 6_11 6_4 6_8 7_8 8_10 8_15,,0.081081,0.081081,0.081081,0.081081,0.025641,0.081081,0.025641,0.025641,,0.081081
2025-01-19,GLM-Logit,0,,0.000000,,1_10 2_10 2_9 3_10 3_11 3_12 3_13 3_3 4_1 4_3 4_4 5_1 5_2 5_3 5_4 6_12 6_4 7_5 7_6 7_9,,0.818182,0.904762,0.481481,0.666667,0.333333,0.904762,0.290323,0.142857,0.081081,
2025-01-19,HierBayes,0,,0.000000,,1_10 1_11 2_10 2_9 3_10 3_11 3_12 3_13 3_3 4_1 4_3 4_4 5_1 5_2 5_3 5_4 6_4 7_4 7_5 7_9,,,0.739130,0.481481,0.600000,0.333333,0.739130,0.290323,0.142857,0.081081,0.818182
2025-01-19,B1: Static prior,0,,0.000000,,1_10 2_10 2_9 3_10 3_11 3_12 3_13 3_3 4_1 4_2 4_3 4_4 5_1 5_2 5_3 6_12 6_4 7_5 7_6 7_9,,0.739130,,0.428571,0.666667,0.333333,1.000000,0.290323,0.142857,0.081081,0.904762
2025-01-19,TTM,0,,0.000000,,0_8 1_10 1_11 2_10 2_9 3_10 3_12 3_2 4_1 4_3 4_4 4_7 5_3 5_4 6_10 6_3 7_5 7_6 7_9 8_9,,0.481481,0.428571,,0.481481,0.250000,0.428571,0.212121,0.142857,0.081081,0.481481
2025-01-19,ET,0,,0.000000,,1_10 2_10 2_12 2_9 3_10 3_12 3_13 3_3 4_1 4_13 4_3 4_4 5_1 5_3 6_10 6_4 7_5 7_6 7_9 8_7,,0.600000,0.666667,0.481481,,0.290323,0.666667,0.250000,0.142857,0.052632,0.666667
2025-01-19,B5: B2+B3,0,,0.000000,,0_0 0_1 0_2 1_0 1_10 1_2 2_0 2_10 2_9 3_0 3_10 3_11 4_4 5_3 6_4 7_1 7_5 7_9 8_0 8_1,,0.333333,0.333333,0.250000,0.290323,,0.333333,0.904762,0.538462,0.081081,0.333333
2025-01-19,B4: B1+B3,0,,0.000000,,1_10 2_10 2_9 3_10 3_11 3_12 3_13 3_3 4_1 4_2 4_3 4_4 5_1 5_2 5_3 6_12 6_4 7_5 7_6 7_9,,0.739130,1.000000,0.428571,0.666667,0.333333,,0.290323,0.142857,0.081081,0.904762
2025-01-19,B2: Recent MA,0,,0.000000,,0_0 0_1 0_2 1_0 1_10 1_2 2_0 2_10 2_9 3_0 3_10 3_11 4_0 4_4 6_4 7_1 7_5 7_9 8_0 8_1,,0.290323,0.290323,0.212121,0.250000,0.904762,0.290323,,0.538462,0.081081,0.290323
2025-01-19,B3: DoY season,0,,0.000000,,0_0 0_1 0_2 1_0 1_1 1_10 1_2 2_0 2_1 2_10 3_0 3_1 4_0 4_1 4_4 5_0 5_3 7_1 8_0 8_1,,0.142857,0.142857,0.142857,0.142857,0.538462,0.142857,0.538462,,0.081081,0.142857
2025-01-19,B0: Random,0,,0.000000,,0_2 0_3 0_7 1_11 1_13 1_3 2_11 2_15 2_3 2_8 3_0 4_3 4_4 4_6 6_0 6_12 7_0 8_10 8_13 8_5,,0.081081,0.081081,0.081081,0.052632,0.081081,0.081081,0.081081,0.081081,,0.081081
2025-01-20,GLM-Logit,0,,0.000000,,1_10 2_10 2_9 3_10 3_11 3_12 3_13 3_3 4_1 4_3 4_4 5_1 5_2 5_3 5_4 6_12 6_4 7_5 7_6 7_9,,0.818182,0.904762,0.428571,0.666667,0.250000,0.904762,0.250000,0.111111,0.111111,
2025-01-20,HierBayes,0,,0.000000,,1_10 1_11 2_10 2_9 3_10 3_11 3_12 3_13 3_3 4_1 4_3 4_4 5_1 5_2 5_3 5_4 6_4 7_4 7_5 7_9,,,0.739130,0.481481,0.600000,0.250000,0.739130,0.250000,0.111111,0.111111,0.818182
2025-01-20,B1: Static prior,0,,0.000000,,1_10 2_10 2_9 3_10 3_11 3_12 3_13 3_3 4_1 4_2 4_3 4_4 5_1 5_2 5_3 6_12 6_4 7_5 7_6 7_9,,0.739130,,0.428571,0.666667,0.250000,1.000000,0.250000,0.111111,0.111111,0.904762
2025-01-20,TTM,0,,0.000000,,1_10 1_11 1_3 2_10 2_12 2_2 2_8 2_9 3_10 3_11 3_14 3_3 4_1 4_3 4_4 5_3 6_10 7_5 7_9 8_9,,0.481481,0.428571,,0.481481,0.212121,0.428571,0.212121,0.111111,0.142857,0.428571
2025-01-20,ET,0,,0.000000,,1_10 2_10 2_12 2_9 3_10 3_12 3_13 3_3 4_1 4_13 4_3 4_4 5_1 5_3 6_10 6_4 7_5 7_6 7_9 8_7,,0.600000,0.666667,0.481481,,0.212121,0.666667,0.212121,0.111111,0.111111,0.666667
2025-01-20,B5: B2+B3,0,,0.000000,,0_0 0_1 0_2 1_0 1_1 1_10 1_2 2_0 2_10 2_9 3_0 3_10 3_11 4_0 4_4 6_4 7_1 7_5 8_0 8_1,,0.250000,0.250000,0.212121,0.212121,,0.250000,1.000000,0.600000,0.111111,0.250000
2025-01-20,B4: B1+B3,0,,0.000000,,1_10 2_10 2_9 3_10 3_11 3_12 3_13 3_3 4_1 4_2 4_3 4_4 5_1 5_2 5_3 6_12 6_4 7_5 7_6 7_9,,0.739130,1.000000,0.428571,0.666667,0.250000,,0.250000,0.111111,0.111111,0.904762
2025-01-20,B2: Recent MA,0,,0.000000,,0_0 0_1 0_2 1_0 1_1 1_10 1_2 2_0 2_10 2_9 3_0 3_10 3_11 4_0 4_4 6_4 7_1 7_5 8_0 8_1,,0.250000,0.250000,0.212121,0.212121,1.000000,0.250000,,0.600000,0.111111,0.250000
2025-01-20,B3: DoY season,0,,0.000000,,0_0 0_1 0_2 1_0 1_1 1_10 1_2 2_0 2_1 2_10 3_0 3_1 4_0 4_1 4_4 5_0 6_0 7_1 8_0 8_1,,0.111111,0.111111,0.111111,0.111111,0.600000,0.111111,0.600000,,0.081081,0.111111
2025-01-20,B0: Random,0,,0.000000,,0_2 0_4 0_6 1_7 2_13 2_2 2_3 2_9 3_6 3_8 4_6 5_0 5_3 6_14 6_3 6_9 7_1 7_2 7_5 7_9,,0.111111,0.111111,0.142857,0.111111,0.111111,0.111111,0.111111,0.081081,,0.111111
2025-01-21,GLM-Logit,0,,0.000000,,1_10 2_10 2_9 3_10 3_11 3_12 3_13 3_3 4_1 4_3 4_4 5_1 5_2 5_3 5_4 6_12 6_4 7_5 7_6 7_9,,0.818182,0.904762,0.538462,0.666667,0.250000,0.904762,0.250000,0.111111,0.111111,
2025-01-21,HierBayes,0,,0.000000,,1_10 1_11 2_10 2_9 3_10 3_11 3_12 3_13 3_3 4_1 4_3 4_4 5_1 5_2 5_3 5_4 6_4 7_4 7_5 7_9,,,0.739130,0.481481,0.600000,0.250000,0.739130,0.250000,0.111111,0.111111,0.818182
2025-01-21,B1: Static prior,0,,0.000000,,1_10 2_10 2_9 3_10 3_11 3_12 3_13 3_3 4_1 4_2 4_3 4_4 5_1 5_2 5_3 6_12 6_4 7_5 7_6 7_9,,0.739130,,0.538462,0.666667,0.250000,1.000000,0.250000,0.111111,0.111111,0.904762
2025-01-21,TTM,0,,0.000000,,1_10 2_10 2_9 3_10 3_11 3_13 3_2 4_1 4_11 4_3 5_2 5_3 5_5 6_10 6_11 6_12 6_4 7_5 7_9 8_7,,0.481481,0.538462,,0.481481,0.212121,0.538462,0.212121,0.081081,0.081081,0.538462
2025-01-21,ET,0,,0.000000,,1_10 2_10 2_12 2_9 3_10 3_12 3_13 3_3 4_1 4_13 4_3 4_4 5_1 5_3 6_10 6_4 7_5 7_6 7_9 8_7,,0.600000,0.666667,0.481481,,0.212121,0.666667,0.212121,0.111111,0.081081,0.666667
2025-01-21,B5: B2+B3,0,,0.000000,,0_0 0_1 0_2 1_0 1_1 1_10 1_2 2_0 2_10 2_9 3_0 3_10 3_11 4_0 4_4 6_4 7_1 7_5 8_0 8_1,,0.250000,0.250000,0.212121,0.212121,,0.250000,1.000000,0.600000,0.081081,0.250000
2025-01-21,B4: B1+B3,0,,0.000000,,1_10 2_10 2_9 3_10 3_11 3_12 3_13 3_3 4_1 4_2 4_3 4_4 5_1 5_2 5_3 6_12 6_4 7_5 7_6 7_9,,0.739130,1.000000,0.538462,0.666667,0.250000,,0.250000,0.111111,0.111111,0.904762
2025-01-21,B2: Recent MA,0,,0.000000,,0_0 0_1 0_2 1_0 1_1 1_10 1_2 2_0 2_10 2_9 3_0 3_10 3_11 4_0 4_4 6_4 7_1 7_5 8_0 8_1,,0.250000,0.250000,0.212121,0.212121,1.000000,0.250000,,0.600000,0.081081,0.250000
2025-01-21,B3: DoY season,0,,0.000000,,0_0 0_1 0_2 1_0 1_1 1_10 1_2 2_0 2_1 2_10 3_0 3_1 4_0 4_1 4_4 5_0 6_0 7_1 8_0 8_1,,0.111111,0.111111,0.081081,0.111111,0.600000,0.111111,0.600000,,0.081081,0.111111
2025-01-21,B0: Random,0,,0.000000,,0_9 1_13 1_15 1_3 1_8 2_1 3_10 3_2 4_4 5_1 5_14 5_2 5_7 6_6 6_7 7_0 7_1 7_8 8_2 8_5,,0.111111,0.111111,0.081081,0.081081,0.081081,0.111111,0.081081,0.081081,,0.111111
2025-01-22,GLM-Logit,0,,0.000000,,1_10 2_10 2_9 3_10 3_11 3_12 3_13 3_3 4_1 4_3 4_4 5_1 5_2 5_3 5_4 6_12 6_4 7_5 7_6 7_9,,0.818182,0.904762,0.333333,0.666667,0.250000,0.904762,0.250000,0.111111,0.000000,
2025-01-22,HierBayes,0,,0.000000,,1_10 1_11 2_10 2_9 3_10 3_11 3_12 3_13 3_3 4_1 4_3 4_4 5_1 5_2 5_3 5_4 6_4 7_4 7_5 7_9,,,0.739130,0.379310,0.600000,0.250000,0.739130,0.250000,0.111111,0.000000,0.818182
2025-01-22,B1: Static prior,0,,0.000000,,1_10 2_10 2_9 3_10 3_11 3_12 3_13 3_3 4_1 4_2 4_3 4_4 5_1 5_2 5_3 6_12 6_4 7_5 7_6 7_9,,0.739130,,0.333333,0.666667,0.250000,1.000000,0.250000,0.111111,0.000000,0.904762
2025-01-22,TTM,0,,0.000000,,0_9 1_10 2_10 2_3 2_9 3_10 3_11 3_12 3_2 4_11 4_13 4_3 5_1 5_10 5_5 6_10 6_4 7_4 7_5 8_9,,0.379310,0.333333,,0.379310,0.212121,0.333333,0.212121,0.052632,0.025641,0.333333
2025-01-22,ET,0,,0.000000,,1_10 2_10 2_12 2_9 3_10 3_12 3_13 3_3 4_1 4_13 4_3 4_4 5_1 5_3 6_10 6_4 7_5 7_6 7_9 8_7,,0.600000,0.666667,0.379310,,0.212121,0.666667,0.212121,0.111111,0.000000,0.666667
2025-01-22,B5: B2+B3,0,,0.000000,,0_0 0_1 0_2 1_0 1_1 1_10 1_2 2_0 2_10 2_9 3_0 3_10 3_11 4_0 4_4 6_4 7_1 7_5 8_0 8_1,,0.250000,0.250000,0.212121,0.212121,,0.250000,1.000000,0.538462,0.052632,0.250000
2025-01-22,B4: B1+B3,0,,0.000000,,1_10 2_10 2_9 3_10 3_11 3_12 3_13 3_3 4_1 4_2 4_3 4_4 5_1 5_2 5_3 6_12 6_4 7_5 7_6 7_9,,0.739130,1.000000,0.333333,0.666667,0.250000,,0.250000,0.111111,0.000000,0.904762
2025-01-22,B2: Recent MA,0,,0.000000,,0_0 0_1 0_2 1_0 1_1 1_10 1_2 2_0 2_10 2_9 3_0 3_10 3_11 4_0 4_4 6_4 7_1 7_5 8_0 8_1,,0.250000,0.250000,0.212121,0.212121,1.000000,0.250000,,0.538462,0.052632,0.250000
2025-01-22,B3: DoY season,0,,0.000000,,0_0 0_1 0_2 1_0 1_1 1_2 2_0 2_1 2_10 3_0 3_1 4_0 4_1 4_4 5_0 5_1 6_0 7_1 8_0 8_1,,0.111111,0.111111,0.052632,0.111111,0.538462,0.111111,0.538462,,0.052632,0.111111
2025-01-22,B0: Random,0,,0.000000,,1_1 1_13 1_15 2_15 2_5 2_7 3_2 3_4 4_7 4_8 4_9 6_11 6_2 6_5 6_7 6_8 8_1 8_11 8_14 8_2,,0.000000,0.000000,0.025641,0.000000,0.052632,0.000000,0.052632,0.052632,,0.000000
2025-01-23,GLM-Logit,0,,0.000000,,1_10 2_10 2_9 3_10 3_11 3_12 3_13 3_3 4_1 4_3 4_4 5_1 5_2 5_3 5_4 6_12 6_4 7_5 7_6 7_9,,0.818182,0.904762,0.379310,0.666667,0.212121,0.904762,0.212121,0.111111,0.052632,
2025-01-23,HierBayes,0,,0.000000,,1_10 1_11 2_10 2_9 3_10 3_11 3_12 3_13 3_3 4_1 4_3 4_4 5_1 5_2 5_3 5_4 6_4 7_4 7_5 7_9,,,0.739130,0.428571,0.600000,0.212121,0.739130,0.212121,0.111111,0.081081,0.818182
2025-01-23,B1: Static prior,0,,0.000000,,1_10 2_10 2_9 3_10 3_11 3_12 3_13 3_3 4_1 4_2 4_3 4_4 5_1 5_2 5_3 6_12 6_4 7_5 7_6 7_9,,0.739130,,0.333333,0.666667,0.212121,1.000000,0.212121,0.111111,0.052632,0.904762
2025-01-23,TTM,0,,0.000000,,0_10 1_10 2_10 2_12 2_2 2_9 3_10 3_11 3_2 4_3 4_4 5_1 5_11 5_4 5_6 6_10 6_13 6_4 7_4 7_5,,0.428571,0.333333,,0.379310,0.212121,0.333333,0.212121,0.081081,0.052632,0.379310
2025-01-23,ET,0,,0.000000,,1_10 2_10 2_12 2_9 3_10 3_12 3_13 3_3 4_1 4_13 4_3 4_4 5_1 5_3 6_10 6_4 7_5 7_6 7_9 8_7,,0.600000,0.666667,0.379310,,0.176471,0.666667,0.176471,0.111111,0.025641,0.666667
2025-01-23,B5: B2+B3,0,,0.000000,,0_0 0_1 0_2 1_0 1_1 1_10 1_2 2_0 2_10 2_9 3_0 3_10 3_11 4_0 4_4 5_0 7_1 7_5 8_0 8_1,,0.212121,0.212121,0.212121,0.176471,,0.212121,1.000000,0.600000,0.111111,0.212121
2025-01-23,B4: B1+B3,0,,0.000000,,1_10 2_10 2_9 3_10 3_11 3_12 3_13 3_3 4_1 4_2 4_3 4_4 5_1 5_2 5_3 6_12 6_4 7_5 7_6 7_9,,0.739130,1.000000,0.333333,0.666667,0.212121,,0.212121,0.111111,0.052632,0.904762
2025-01-23,B2: Recent MA,0,,0.000000,,0_0 0_1 0_2 1_0 1_1 1_10 1_2 2_0 2_10 2_9 3_0 3_10 3_11 4_0 4_4 5_0 7_1 7_5 8_0 8_1,,0.212121,0.212121,0.212121,0.176471,1.000000,0.212121,,0.600000,0.111111,0.212121
2025-01-23,B3: DoY season,0,,0.000000,,0_0 0_1 0_2 1_0 1_1 1_2 2_0 2_1 2_10 3_0 3_1 4_0 4_1 4_4 5_0 5_1 6_0 7_1 8_0 8_1,,0.111111,0.111111,0.081081,0.111111,0.600000,0.111111,0.600000,,0.111111,0.111111
2025-01-23,B0: Random,0,,0.000000,,0_15 0_4 0_8 1_11 1_14 1_9 2_0 2_8 3_1 3_11 4_3 5_0 5_7 6_14 6_3 7_15 7_3 8_0 8_15 8_8,,0.081081,0.052632,0.052632,0.025641,0.111111,0.052632,0.111111,0.111111,,0.052632
2025-01-24,GLM-Logit,0,,0.000000,,1_10 2_10 2_9 3_10 3_11 3_12 3_13 3_3 4_1 4_3 4_4 5_1 5_2 5_3 5_4 6_12 6_4 7_5 7_6 7_9,,0.818182,0.904762,0.333333,0.666667,0.212121,0.904762,0.176471,0.111111,0.111111,
2025-01-24,HierBayes,0,,0.000000,,1_10 1_11 2_10 2_9 3_10 3_11 3_12 3_13 3_3 4_1 4_3 4_4 5_1 5_2 5_3 5_4 6_4 7_4 7_5 7_9,,,0.739130,0.333333,0.600000,0.212121,0.739130,0.176471,0.111111,0.111111,0.818182
2025-01-24,B1: Static prior,0,,0.000000,,1_10 2_10 2_9 3_10 3_11 3_12 3_13 3_3 4_1 4_2 4_3 4_4 5_1 5_2 5_3 6_12 6_4 7_5 7_6 7_9,,0.739130,,0.379310,0.666667,0.212121,1.000000,0.176471,0.111111,0.111111,0.904762
2025-01-24,TTM,0,,0.000000,,1_10 2_10 2_12 2_9 3_10 3_11 3_2 3_8 4_1 4_11 4_2 4_3 5_7 6_10 6_4 6_8 7_11 7_5 7_9 8_10,,0.333333,0.379310,,0.379310,0.142857,0.379310,0.142857,0.052632,0.111111,0.333333
2025-01-24,ET,0,,0.000000,,1_10 2_10 2_12 2_9 3_10 3_12 3_13 3_3 4_1 4_13 4_3 4_4 5_1 5_3 6_10 6_4 7_5 7_6 7_9 8_7,,0.600000,0.666667,0.379310,,0.176471,0.666667,0.142857,0.111111,0.111111,0.666667
2025-01-24,B5: B2+B3,0,,0.000000,,0_0 0_1 0_2 1_0 1_1 1_10 1_2 2_0 2_10 3_10 3_11 4_0 4_4 5_0 5_1 7_0 7_1 7_5 8_0 8_1,,0.212121,0.212121,0.142857,0.176471,,0.212121,0.818182,0.666667,0.081081,0.212121
2025-01-24,B4: B1+B3,0,,0.000000,,1_10 2_10 2_9 3_10 3_11 3_12 3_13 3_3 4_1 4_2 4_3 4_4 5_1 5_2 5_3 6_12 6_4 7_5 7_6 7_9,,0.739130,1.000000,0.379310,0.666667,0.212121,,0.176471,0.111111,0.111111,0.904762
2025-01-24,B2: Recent MA,0,,0.000000,,0_0 0_1 0_2 1_0 1_1 1_10 1_2 2_0 2_1 2_10 3_0 3_10 3_11 4_0 4_4 5_0 7_1 7_5 8_0 8_1,,0.176471,0.176471,0.142857,0.142857,0.818182,0.176471,,0.600000,0.081081,0.176471
2025-01-24,B3: DoY season,0,,0.000000,,0_0 0_1 0_2 1_0 1_1 1_2 2_0 2_1 2_10 3_1 4_0 4_1 4_4 5_0 5_1 6_0 7_0 7_1 8_0 8_1,,0.111111,0.111111,0.052632,0.111111,0.666667,0.111111,0.600000,,0.052632,0.111111
2025-01-24,B0: Random,0,,0.000000,,0_12 0_2 1_10 2_10 2_7 2_9 3_13 3_8 4_6 4_7 6_14 6_6 6_7 7_12 7_15 7_2 7_7 8_11 8_12 8_8,,0.111111,0.111111,0.111111,0.111111,0.081081,0.111111,0.081081,0.052632,,0.111111
2025-01-25,GLM-Logit,0,,0.000000,,1_10 2_10 2_9 3_10 3_11 3_12 3_13 3_3 4_1 4_3 4_4 5_1 5_2 5_3 5_4 6_12 6_4 7_5 7_6 7_9,,0.818182,0.904762,0.250000,0.666667,0.176471,0.904762,0.142857,0.081081,0.052632,
2025-01-25,HierBayes,0,,0.000000,,1_10 1_11 2_10 2_9 3_10 3_11 3_12 3_13 3_3 4_1 4_3 4_4 5_1 5_2 5_3 5_4 6_4 7_4 7_5 7_9,,,0.739130,0.250000,0.600000,0.176471,0.739130,0.142857,0.081081,0.052632,0.818182
2025-01-25,B1: Static prior,0,,0.000000,,1_10 2_10 2_9 3_10 3_11 3_12 3_13 3_3 4_1 4_2 4_3 4_4 5_1 5_2 5_3 6_12 6_4 7_5 7_6 7_9,,0.739130,,0.212121,0.666667,0.176471,1.000000,0.142857,0.081081,0.081081,0.904762
2025-01-25,TTM,0,,0.000000,,1_10 2_10 2_12 2_9 3_10 3_14 3_2 4_0 4_11 4_3 4_7 5_10 5_4 5_5 5_7 6_4 6_8 7_12 7_9 8_10,,0.250000,0.212121,,0.250000,0.111111,0.212121,0.111111,0.052632,0.052632,0.250000
2025-01-25,ET,0,,0.000000,,1_10 2_10 2_12 2_9 3_10 3_12 3_13 3_3 4_1 4_13 4_3 4_4 5_1 5_3 6_10 6_4 7_5 7_6 7_9 8_7,,0.600000,0.666667,0.250000,,0.142857,0.666667,0.111111,0.081081,0.052632,0.666667
2025-01-25,B5: B2+B3,0,,0.000000,,0_0 0_1 0_2 1_0 1_1 1_10 1_2 2_0 2_10 3_10 3_11 4_0 5_0 5_1 6_0 7_0 7_1 7_5 8_0 8_1,,0.176471,0.176471,0.111111,0.142857,,0.176471,0.818182,0.666667,0.081081,0.176471
2025-01-25,B4: B1+B3,0,,0.000000,,1_10 2_10 2_9 3_10 3_11 3_12 3_13 3_3 4_1 4_2 4_3 4_4 5_1 5_2 5_3 6_12 6_4 7_5 7_6 7_9,,0.739130,1.000000,0.212121,0.666667,0.176471,,0.142857,0.081081,0.081081,0.904762
2025-01-25,B2: Recent MA,0,,0.000000,,0_0 0_1 0_2 1_0 1_1 1_10 1_2 2_0 2_1 2_10 3_0 3_10 3_11 4_0 5_0 6_0 7_1 7_5 8_0 8_1,,0.142857,0.142857,0.111111,0.111111,0.818182,0.142857,,0.666667,0.081081,0.142857
2025-01-25,B3: DoY season,0,,0.000000,,0_0 0_1 0_2 1_0 1_1 1_2 2_0 2_1 2_10 3_0 3_1 4_0 4_1 5_0 5_1 6_0 7_0 7_1 8_0 8_1,,0.081081,0.081081,0.052632,0.081081,0.666667,0.081081,0.666667,,0.081081,0.081081
2025-01-25,B0: Random,0,,0.000000,,0_0 0_12 0_6 1_0 1_10 2_11 2_14 2_6 3_2 3_6 3_9 4_1 4_15 4_2 4_6 5_15 5_9 6_15 7_11 7_15,,0.052632,0.081081,0.052632,0.052632,0.081081,0.081081,0.081081,0.081081,,0.052632
2025-01-26,GLM-Logit,0,,0.000000,,1_10 2_10 2_9 3_10 3_11 3_12 3_13 3_3 4_1 4_3 4_4 5_1 5_2 5_3 5_4 6_12 6_4 7_5 7_6 7_9,,0.818182,0.904762,0.379310,0.666667,0.176471,0.904762,0.142857,0.081081,0.081081,
2025-01-26,HierBayes,0,,0.000000,,1_10 1_11 2_10 2_9 3_10 3_11 3_12 3_13 3_3 4_1 4_3 4_4 5_1 5_2 5_3 5_4 6_4 7_4 7_5 7_9,,,0.739130,0.428571,0.600000,0.176471,0.739130,0.142857,0.081081,0.081081,0.818182
2025-01-26,B1: Static prior,0,,0.000000,,1_10 2_10 2_9 3_10 3_11 3_12 3_13 3_3 4_1 4_2 4_3 4_4 5_1 5_2 5_3 6_12 6_4 7_5 7_6 7_9,,0.739130,,0.333333,0.666667,0.176471,1.000000,0.142857,0.081081,0.081081,0.904762
2025-01-26,TTM,0,,0.000000,,0_9 1_10 2_10 2_12 3_10 3_12 3_13 3_2 4_3 4_5 4_7 5_10 5_3 5_4 5_7 6_10 6_4 7_4 7_5 7_9,,0.428571,0.333333,,0.428571,0.111111,0.333333,0.111111,0.025641,0.081081,0.379310
2025-01-26,ET,0,,0.000000,,1_10 2_10 2_12 2_9 3_10 3_12 3_13 3_3 4_1 4_13 4_3 4_4 5_1 5_3 6_10 6_4 7_5 7_6 7_9 8_7,,0.600000,0.666667,0.428571,,0.142857,0.666667,0.111111,0.081081,0.111111,0.666667
2025-01-26,B5: B2+B3,0,,0.000000,,0_0 0_1 0_2 1_0 1_1 1_10 1_2 2_0 2_10 3_10 3_11 4_0 5_0 5_1 6_0 7_0 7_1 7_5 8_0 8_1,,0.176471,0.176471,0.111111,0.142857,,0.176471,0.818182,0.666667,0.052632,0.176471
2025-01-26,B4: B1+B3,0,,0.000000,,1_10 2_10 2_9 3_10 3_11 3_12 3_13 3_3 4_1 4_2 4_3 4_4 5_1 5_2 5_3 6_12 6_4 7_5 7_6 7_9,,0.739130,1.000000,0.333333,0.666667,0.176471,,0.142857,0.081081,0.081081,0.904762
2025-01-26,B2: Recent MA,0,,0.000000,,0_0 0_1 0_2 1_0 1_1 1_10 1_2 2_0 2_1 2_10 3_0 3_10 3_11 4_0 5_0 6_0 7_1 7_5 8_0 8_1,,0.142857,0.142857,0.111111,0.111111,0.818182,0.142857,,0.666667,0.052632,0.142857
2025-01-26,B3: DoY season,0,,0.000000,,0_0 0_1 0_2 1_0 1_1 1_2 2_0 2_1 2_10 3_0 3_1 4_0 4_1 5_0 5_1 6_0 7_0 7_1 8_0 8_1,,0.081081,0.081081,0.025641,0.081081,0.666667,0.081081,0.666667,,0.081081,0.081081
2025-01-26,B0: Random,0,,0.000000,,0_14 0_15 1_11 1_13 1_2 2_12 3_8 4_0 4_1 4_12 4_14 4_3 4_5 4_6 5_14 6_9 7_15 7_6 8_2 8_6,,0.081081,0.081081,0.081081,0.111111,0.052632,0.081081,0.052632,0.081081,,0.081081
2025-01-27,GLM-Logit,0,,0.000000,,1_10 2_10 2_9 3_10 3_11 3_12 3_13 3_3 4_1 4_3 4_4 5_1 5_2 5_3 5_4 6_12 6_4 7_5 7_6 7_9,,0.818182,0.904762,0.428571,0.666667,0.176471,0.904762,0.142857,0.052632,0.111111,
2025-01-27,HierBayes,0,,0.000000,,1_10 1_11 2_10 2_9 3_10 3_11 3_12 3_13 3_3 4_1 4_3 4_4 5_1 5_2 5_3 5_4 6_4 7_4 7_5 7_9,,,0.739130,0.428571,0.600000,0.176471,0.739130,0.142857,0.052632,0.142857,0.818182
2025-01-27,B1: Static prior,0,,0.000000,,1_10 2_10 2_9 3_10 3_11 3_12 3_13 3_3 4_1 4_2 4_3 4_4 5_1 5_2 5_3 6_12 6_4 7_5 7_6 7_9,,0.739130,,0.379310,0.666667,0.176471,1.000000,0.142857,0.052632,0.081081,0.904762
2025-01-27,TTM,0,,0.000000,,1_10 1_11 1_3 2_10 2_12 2_8 2_9 3_10 3_2 3_9 4_1 4_3 4_4 5_10 5_2 5_4 6_10 6_12 6_4 7_9,,0.428571,0.379310,,0.379310,0.081081,0.379310,0.081081,0.025641,0.111111,0.428571
2025-01-27,ET,0,,0.000000,,1_10 2_10 2_12 2_9 3_10 3_12 3_13 3_3 4_1 4_13 4_3 4_4 5_1 5_3 6_10 6_4 7_5 7_6 7_9 8_7,,0.600000,0.666667,0.379310,,0.142857,0.666667,0.111111,0.052632,0.081081,0.666667
2025-01-27,B5: B2+B3,0,,0.000000,,0_0 0_1 0_2 1_0 1_1 1_10 1_2 2_0 2_10 3_10 3_11 4_0 5_0 5_1 6_0 7_0 7_1 7_5 8_0 8_1,,0.176471,0.176471,0.081081,0.142857,,0.176471,0.818182,0.600000,0.052632,0.176471
2025-01-27,B4: B1+B3,0,,0.000000,,1_10 2_10 2_9 3_10 3_11 3_12 3_13 3_3 4_1 4_2 4_3 4_4 5_1 5_2 5_3 6_12 6_4 7_5 7_6 7_9,,0.739130,1.000000,0.379310,0.666667,0.176471,,0.142857,0.052632,0.081081,0.904762
2025-01-27,B2: Recent MA,0,,0.000000,,0_0 0_1 0_2 1_0 1_1 1_10 1_2 2_0 2_1 2_10 3_0 3_10 3_11 4_0 5_0 6_0 7_1 7_5 8_0 8_1,,0.142857,0.142857,0.081081,0.111111,0.818182,0.142857,,0.600000,0.052632,0.142857
2025-01-27,B3: DoY season,0,,0.000000,,0_0 0_1 0_2 1_0 1_1 1_2 2_0 2_1 3_0 3_1 4_0 4_1 5_0 5_1 6_0 6_1 7_0 7_1 8_0 8_1,,0.052632,0.052632,0.025641,0.052632,0.600000,0.052632,0.600000,,0.081081,0.052632
2025-01-27,B0: Random,0,,0.000000,,0_3 1_11 1_7 2_15 2_4 3_0 3_13 3_8 3_9 4_14 5_1 5_15 5_4 6_4 7_1 7_14 7_15 8_15 8_2 8_3,,0.142857,0.081081,0.111111,0.081081,0.052632,0.081081,0.052632,0.081081,,0.111111
2025-01-28,GLM-Logit,0,,0.000000,,1_10 2_10 2_9 3_10 3_11 3_12 3_13 3_3 4_1 4_3 4_4 5_1 5_2 5_3 5_4 6_12 6_4 7_5 7_6 7_9,,0.818182,0.904762,0.379310,0.666667,0.176471,0.904762,0.142857,0.052632,0.052632,
2025-01-28,HierBayes,0,,0.000000,,1_10 1_11 2_10 2_9 3_10 3_11 3_12 3_13 3_3 4_1 4_3 4_4 5_1 5_2 5_3 5_4 6_4 7_4 7_5 7_9,,,0.739130,0.428571,0.600000,0.176471,0.739130,0.142857,0.052632,0.081081,0.818182
2025-01-28,B1: Static prior,0,,0.000000,,1_10 2_10 2_9 3_10 3_11 3_12 3_13 3_3 4_1 4_2 4_3 4_4 5_1 5_2 5_3 6_12 6_4 7_5 7_6 7_9,,0.739130,,0.333333,0.666667,0.176471,1.000000,0.142857,0.052632,0.025641,0.904762
2025-01-28,TTM,0,,0.000000,,1_10 2_10 2_11 2_12 2_2 2_9 3_10 3_2 4_1 4_3 4_5 5_2 5_3 5_4 6_10 6_4 6_6 7_13 7_4 7_9,,0.428571,0.333333,,0.379310,0.081081,0.333333,0.081081,0.025641,0.111111,0.379310
2025-01-28,ET,0,,0.000000,,1_10 2_10 2_12 2_9 3_10 3_12 3_13 3_3 4_1 4_13 4_3 4_4 5_1 5_3 6_10 6_4 7_5 7_6 7_9 8_7,,0.600000,0.666667,0.379310,,0.142857,0.666667,0.111111,0.052632,0.000000,0.666667
2025-01-28,B5: B2+B3,0,,0.000000,,0_0 0_1 0_2 1_0 1_1 1_10 1_2 2_0 2_10 3_10 3_11 4_0 5_0 5_1 6_0 7_0 7_1 7_5 8_0 8_1,,0.176471,0.176471,0.081081,0.142857,,0.176471,0.818182,0.600000,0.111111,0.176471
2025-01-28,B4: B1+B3,0,,0.000000,,1_10 2_10 2_9 3_10 3_11 3_12 3_13 3_3 4_1 4_2 4_3 4_4 5_1 5_2 5_3 6_12 6_4 7_5 7_6 7_9,,0.739130,1.000000,0.333333,0.666667,0.176471,,0.142857,0.052632,0.025641,0.904762
2025-01-28,B2: Recent MA,0,,0.000000,,0_0 0_1 0_2 1_0 1_1 1_10 1_2 2_0 2_1 2_10 3_0 3_10 3_11 4_0 5_0 6_0 7_1 7_5 8_0 8_1,,0.142857,0.142857,0.081081,0.111111,0.818182,0.142857,,0.600000,0.111111,0.142857
2025-01-28,B3: DoY season,0,,0.000000,,0_0 0_1 0_2 1_0 1_1 1_2 2_0 2_1 3_0 3_1 4_0 4_1 5_0 5_1 6_0 6_1 7_0 7_1 8_0 8_1,,0.052632,0.052632,0.025641,0.052632,0.600000,0.052632,0.600000,,0.081081,0.052632
2025-01-28,B0: Random,0,,0.000000,,0_0 0_15 0_7 1_11 1_2 1_7 1_9 2_11 2_15 3_11 3_6 5_4 5_7 6_0 6_15 6_3 6_6 6_7 7_13 8_3,,0.081081,0.025641,0.111111,0.000000,0.111111,0.025641,0.111111,0.081081,,0.052632
2025-01-29,GLM-Logit,0,,0.000000,,1_10 2_10 2_9 3_10 3_11 3_12 3_13 3_3 4_1 4_3 4_4 5_1 5_2 5_3 5_4 6_12 6_4 7_5 7_6 7_9,,0.818182,0.904762,0.481481,0.666667,0.176471,0.904762,0.142857,0.081081,0.081081,
2025-01-29,HierBayes,0,,0.000000,,1_10 1_11 2_10 2_9 3_10 3_11 3_12 3_13 3_3 4_1 4_3 4_4 5_1 5_2 5_3 5_4 6_4 7_4 7_5 7_9,,,0.739130,0.538462,0.600000,0.176471,0.739130,0.142857,0.081081,0.081081,0.818182
2025-01-29,B1: Static prior,0,,0.000000,,1_10 2_10 2_9 3_10 3_11 3_12 3_13 3_3 4_1 4_2 4_3 4_4 5_1 5_2 5_3 6_12 6_4 7_5 7_6 7_9,,0.739130,,0.481481,0.666667,0.176471,1.000000,0.142857,0.081081,0.081081,0.904762
2025-01-29,TTM,0,,0.000000,,0_10 1_10 2_10 2_12 2_9 3_10 3_12 3_13 3_2 4_3 4_4 4_6 5_1 5_11 5_3 6_10 6_4 7_4 7_5 7_9,,0.538462,0.481481,,0.600000,0.142857,0.481481,0.111111,0.052632,0.081081,0.481481
2025-01-29,ET,0,,0.000000,,1_10 2_10 2_12 2_9 3_10 3_12 3_13 3_3 4_1 4_13 4_3 4_4 5_1 5_3 6_10 6_4 7_5 7_6 7_9 8_7,,0.600000,0.666667,0.600000,,0.142857,0.666667,0.111111,0.081081,0.052632,0.666667
2025-01-29,B5: B2+B3,0,,0.000000,,0_0 0_1 0_2 1_0 1_1 1_10 1_2 2_0 2_10 3_10 3_11 4_0 5_0 5_1 6_0 7_0 7_1 7_5 8_0 8_1,,0.176471,0.176471,0.142857,0.142857,,0.176471,0.818182,0.666667,0.052632,0.176471
2025-01-29,B4: B1+B3,0,,0.000000,,1_10 2_10 2_9 3_10 3_11 3_12 3_13 3_3 4_1 4_2 4_3 4_4 5_1 5_2 5_3 6_12 6_4 7_5 7_6 7_9,,0.739130,1.000000,0.481481,0.666667,0.176471,,0.142857,0.081081,0.081081,0.904762
2025-01-29,B2: Recent MA,0,,0.000000,,0_0 0_1 0_2 1_0 1_1 1_10 1_2 2_0 2_1 2_10 3_0 3_10 3_11 4_0 5_0 6_0 7_1 7_5 8_0 8_1,,0.142857,0.142857,0.111111,0.111111,0.818182,0.142857,,0.666667,0.081081,0.142857
2025-01-29,B3: DoY season,0,,0.000000,,0_0 0_1 0_2 1_0 1_1 1_10 1_2 2_0 2_1 3_0 3_1 4_0 4_1 5_0 5_1 6_0 7_0 7_1 8_0 8_1,,0.081081,0.081081,0.052632,0.081081,0.666667,0.081081,0.666667,,0.052632,0.081081
2025-01-29,B0: Random,0,,0.000000,,0_10 0_2 0_4 0_8 1_3 2_1 2_10 3_15 4_14 4_7 4_8 4_9 5_15 5_2 6_11 7_10 7_13 7_2 7_9 8_5,,0.081081,0.081081,0.081081,0.052632,0.052632,0.081081,0.081081,0.052632,,0.081081
2025-01-30,GLM-Logit,0,,0.000000,,1_10 2_10 2_9 3_10 3_11 3_12 3_13 3_3 4_1 4_3 4_4 5_1 5_2 5_3 5_4 6_12 6_4 7_5 7_6 7_9,,0.818182,0.904762,0.481481,0.666667,0.176471,0.904762,0.142857,0.081081,0.052632,
2025-01-30,HierBayes,0,,0.000000,,1_10 1_11 2_10 2_9 3_10 3_11 3_12 3_13 3_3 4_1 4_3 4_4 5_1 5_2 5_3 5_4 6_4 7_4 7_5 7_9,,,0.739130,0.428571,0.600000,0.176471,0.739130,0.142857,0.081081,0.025641,0.818182
2025-01-30,B1: Static prior,0,,0.000000,,1_10 2_10 2_9 3_10 3_11 3_12 3_13 3_3 4_1 4_2 4_3 4_4 5_1 5_2 5_3 6_12 6_4 7_5 7_6 7_9,,0.739130,,0.481481,0.666667,0.176471,1.000000,0.142857,0.081081,0.052632,0.904762
2025-01-30,TTM,0,,0.000000,,1_10 2_10 2_11 2_12 2_9 3_10 3_14 3_3 4_1 4_3 4_4 4_7 5_1 5_9 6_10 6_4 7_10 7_5 7_6 7_9,,0.428571,0.481481,,0.600000,0.142857,0.481481,0.111111,0.081081,0.142857,0.481481
2025-01-30,ET,0,,0.000000,,1_10 2_10 2_12 2_9 3_10 3_12 3_13 3_3 4_1 4_13 4_3 4_4 5_1 5_3 6_10 6_4 7_5 7_6 7_9 8_7,,0.600000,0.666667,0.600000,,0.142857,0.666667,0.111111,0.081081,0.081081,0.666667
2025-01-30,B5: B2+B3,0,,0.000000,,0_0 0_1 0_2 1_0 1_1 1_10 1_2 2_0 2_10 3_10 3_11 4_0 5_0 5_1 6_0 7_0 7_1 7_5 8_0 8_1,,0.176471,0.176471,0.142857,0.142857,,0.176471,0.818182,0.666667,0.052632,0.176471
2025-01-30,B4: B1+B3,0,,0.000000,,1_10 2_10 2_9 3_10 3_11 3_12 3_13 3_3 4_1 4_2 4_3 4_4 5_1 5_2 5_3 6_12 6_4 7_5 7_6 7_9,,0.739130,1.000000,0.481481,0.666667,0.176471,,0.142857,0.081081,0.052632,0.904762
2025-01-30,B2: Recent MA,0,,0.000000,,0_0 0_1 0_2 1_0 1_1 1_10 1_2 2_0 2_1 2_10 3_0 3_10 3_11 4_0 5_0 6_0 7_1 7_5 8_0 8_1,,0.142857,0.142857,0.111111,0.111111,0.818182,0.142857,,0.666667,0.081081,0.142857
2025-01-30,B3: DoY season,0,,0.000000,,0_0 0_1 0_2 1_0 1_1 1_10 1_2 2_0 2_1 3_0 3_1 4_0 4_1 5_0 5_1 6_0 7_0 7_1 8_0 8_1,,0.081081,0.081081,0.081081,0.081081,0.666667,0.081081,0.666667,,0.081081,0.081081
2025-01-30,B0: Random,0,,0.000000,,0_12 0_14 0_6 1_0 1_9 2_11 2_12 3_0 3_2 3_9 4_10 4_12 4_5 4_9 5_15 6_14 6_4 7_10 7_6 8_0,,0.025641,0.052632,0.142857,0.081081,0.052632,0.052632,0.081081,0.081081,,0.052632
2025-01-31,GLM-Logit,0,,0.000000,,1_10 2_10 2_9 3_10 3_11 3_12 3_13 3_3 4_1 4_3 4_4 5_1 5_2 5_3 5_4 6_12 6_4 7_5 7_6 7_9,,0.818182,0.904762,0.379310,0.666667,0.176471,0.904762,0.142857,0.081081,0.081081,
2025-01-31,HierBayes,0,,0.000000,,1_10 1_11 2_10 2_9 3_10 3_11 3_12 3_13 3_3 4_1 4_3 4_4 5_1 5_2 5_3 5_4 6_4 7_4 7_5 7_9,,,0.739130,0.428571,0.600000,0.176471,0.739130,0.142857,0.081081,0.111111,0.818182
2025-01-31,B1: Static prior,0,,0.000000,,1_10 2_10 2_9 3_10 3_11 3_12 3_13 3_3 4_1 4_2 4_3 4_4 5_1 5_2 5_3 6_12 6_4 7_5 7_6 7_9,,0.739130,,0.379310,0.666667,0.176471,1.000000,0.142857,0.081081,0.081081,0.904762
2025-01-31,TTM,0,,0.000000,,0_8 0_9 1_10 2_10 2_11 2_2 2_9 3_10 3_14 3_3 4_1 4_3 4_4 4_7 5_1 6_4 7_13 7_3 7_4 7_9,,0.428571,0.379310,,0.379310,0.111111,0.379310,0.081081,0.081081,0.111111,0.379310
2025-01-31,ET,0,,0.000000,,1_10 2_10 2_12 2_9 3_10 3_12 3_13 3_3 4_1 4_13 4_3 4_4 5_1 5_3 6_10 6_4 7_5 7_6 7_9 8_7,,0.600000,0.666667,0.379310,,0.142857,0.666667,0.111111,0.081081,0.081081,0.666667
2025-01-31,B5: B2+B3,0,,0.000000,,0_0 0_1 0_2 1_0 1_1 1_10 1_2 2_0 2_10 3_10 3_11 4_0 5_0 5_1 6_0 7_0 7_1 7_5 8_0 8_1,,0.176471,0.176471,0.111111,0.142857,,0.176471,0.818182,0.666667,0.081081,0.176471
2025-01-31,B4: B1+B3,0,,0.000000,,1_10 2_10 2_9 3_10 3_11 3_12 3_13 3_3 4_1 4_2 4_3 4_4 5_1 5_2 5_3 6_12 6_4 7_5 7_6 7_9,,0.739130,1.000000,0.379310,0.666667,0.176471,,0.142857,0.081081,0.081081,0.904762
2025-01-31,B2: Recent MA,0,,0.000000,,0_0 0_1 0_2 1_0 1_1 1_10 1_2 2_0 2_1 2_10 3_0 3_10 3_11 4_0 5_0 6_0 7_1 7_5 8_0 8_1,,0.142857,0.142857,0.081081,0.111111,0.818182,0.142857,,0.666667,0.081081,0.142857
2025-01-31,B3: DoY season,0,,0.000000,,0_0 0_1 0_2 1_0 1_1 1_10 1_2 2_0 2_1 3_0 3_1 4_0 4_1 5_0 5_1 6_0 7_0 7_1 8_0 8_1,,0.081081,0.081081,0.081081,0.081081,0.666667,0.081081,0.666667,,0.111111,0.081081
2025-01-31,B0: Random,0,,0.000000,,0_1 0_3 0_4 1_7 2_1 2_7 3_12 4_14 4_6 5_1 5_13 5_14 5_9 6_13 7_2 7_3 7_4 7_9 8_0 8_15,,0.111111,0.081081,0.111111,0.081081,0.081081,0.081081,0.081081,0.111111,,0.081081
2025-02-01,GLM-Logit,0,,0.000000,,1_10 2_10 2_9 3_10 3_11 3_12 3_13 3_3 4_1 4_3 4_4 5_1 5_2 5_3 5_4 6_12 6_4 7_5 7_6 7_9,,0.818182,0.904762,0.428571,0.666667,0.176471,0.904762,0.142857,0.081081,0.000000,
2025-02-01,HierBayes,0,,0.000000,,1_10 1_11 2_10 2_9 3_10 3_11 3_12 3_13 3_3 4_1 4_3 4_4 5_1 5_2 5_3 5_4 6_4 7_4 7_5 7_9,,,0.739130,0.379310,0.600000,0.176471,0.739130,0.142857,0.081081,0.000000,0.818182
2025-02-01,B1: Static prior,0,,0.000000,,1_10 2_10 2_9 3_10 3_11 3_12 3_13 3_3 4_1 4_2 4_3 4_4 5_1 5_2 5_3 6_12 6_4 7_5 7_6 7_9,,0.739130,,0.428571,0.666667,0.176471,1.000000,0.142857,0.081081,0.000000,0.904762
2025-02-01,TTM,0,,0.000000,,1_10 1_9 2_10 2_12 2_2 2_9 3_10 3_11 3_14 3_3 4_4 5_1 5_3 6_13 6_4 6_8 7_6 7_8 7_9 8_9,,0.379310,0.428571,,0.481481,0.142857,0.428571,0.111111,0.052632,0.111111,0.428571
2025-02-01,ET,0,,0.000000,,1_10 2_10 2_12 2_9 3_10 3_11 3_12 3_13 3_3 4_0 4_1 4_13 4_4 5_1 5_3 6_10 6_4 7_5 7_6 7_9,,0.600000,0.666667,0.481481,,0.212121,0.666667,0.176471,0.111111,0.052632,0.666667
2025-02-01,B5: B2+B3,0,,0.000000,,0_0 0_1 0_2 1_0 1_1 1_10 1_2 2_0 2_10 3_10 3_11 4_0 5_0 5_1 6_0 7_0 7_1 7_5 8_0 8_1,,0.176471,0.176471,0.142857,0.212121,,0.176471,0.818182,0.666667,0.052632,0.176471
2025-02-01,B4: B1+B3,0,,0.000000,,1_10 2_10 2_9 3_10 3_11 3_12 3_13 3_3 4_1 4_2 4_3 4_4 5_1 5_2 5_3 6_12 6_4 7_5 7_6 7_9,,0.739130,1.000000,0.428571,0.666667,0.176471,,0.142857,0.081081,0.000000,0.904762
2025-02-01,B2: Recent MA,0,,0.000000,,0_0 0_1 0_2 1_0 1_1 1_10 1_2 2_0 2_1 2_10 3_0 3_10 3_11 4_0 5_0 6_0 7_1 7_5 8_0 8_1,,0.142857,0.142857,0.111111,0.176471,0.818182,0.142857,,0.666667,0.052632,0.142857
2025-02-01,B3: DoY season,0,,0.000000,,0_0 0_1 0_2 1_0 1_1 1_10 1_2 2_0 2_1 3_0 3_1 4_0 4_1 5_0 5_1 6_0 7_0 7_1 8_0 8_1,,0.081081,0.081081,0.052632,0.111111,0.666667,0.081081,0.666667,,0.052632,0.081081
2025-02-01,B0: Random,0,,0.000000,,1_3 1_8 1_9 2_13 2_15 2_2 3_15 3_5 4_0 5_14 5_6 6_0 6_1 6_10 6_13 6_8 7_15 7_3 8_11 8_13,,0.000000,0.000000,0.111111,0.052632,0.052632,0.000000,0.052632,0.052632,,0.000000
2025-02-02,GLM-Logit,0,,0.000000,,1_10 2_10 2_9 3_10 3_11 3_12 3_13 3_3 4_1 4_3 4_4 5_1 5_2 5_3 5_4 6_12 6_4 7_5 7_6 7_9,,0.818182,0.904762,0.428571,0.666667,0.111111,0.904762,0.111111,0.081081,0.052632,
2025-02-02,HierBayes,0,,0.000000,,1_10 1_11 2_10 2_9 3_10 3_11 3_12 3_13 3_3 4_1 4_3 4_4 5_1 5_2 5_3 5_4 6_4 7_4 7_5 7_9,,,0.739130,0.379310,0.600000,0.111111,0.739130,0.111111,0.081081,0.052632,0.818182
2025-02-02,B1: Static prior,0,,0.000000,,1_10 2_10 2_9 3_10 3_11 3_12 3_13 3_3 4_1 4_2 4_3 4_4 5_1 5_2 5_3 6_12 6_4 7_5 7_6 7_9,,0.739130,,0.428571,0.666667,0.111111,1.000000,0.111111,0.081081,0.052632,0.904762
2025-02-02,TTM,0,,0.000000,,1_10 1_11 2_10 2_12 2_2 2_9 3_10 3_11 3_2 3_3 4_4 5_5 6_12 6_4 6_7 6_8 7_10 7_5 7_6 7_9,,0.379310,0.428571,,0.428571,0.052632,0.428571,0.052632,0.025641,0.025641,0.428571
2025-02-02,ET,0,,0.000000,,1_10 2_10 2_12 2_9 3_10 3_11 3_12 3_13 3_3 4_0 4_1 4_13 4_4 5_1 5_3 6_10 6_4 7_5 7_6 7_9,,0.600000,0.666667,0.428571,,0.142857,0.666667,0.142857,0.111111,0.052632,0.666667
2025-02-02,B5: B2+B3,0,,0.000000,,0_0 0_1 0_2 1_0 1_1 1_10 1_2 2_0 2_1 3_1 4_0 4_1 5_0 5_1 6_0 7_0 7_1 7_5 8_0 8_1,,0.111111,0.111111,0.052632,0.142857,,0.111111,0.904762,0.904762,0.081081,0.111111
2025-02-02,B4: B1+B3,0,,0.000000,,1_10 2_10 2_9 3_10 3_11 3_12 3_13 3_3 4_1 4_2 4_3 4_4 5_1 5_2 5_3 6_12 6_4 7_5 7_6 7_9,,0.739130,1.000000,0.428571,0.666667,0.111111,,0.111111,0.081081,0.052632,0.904762
2025-02-02,B2: Recent MA,0,,0.000000,,0_0 0_1 0_2 1_0 1_1 1_10 1_2 2_0 2_1 3_0 3_1 4_0 4_1 5_0 5_1 6_0 7_1 7_5 8_0 8_1,,0.111111,0.111111,0.052632,0.142857,0.904762,0.111111,,0.904762,0.081081,0.111111
2025-02-02,B3: DoY season,0,,0.000000,,0_0 0_1 0_2 1_0 1_1 1_10 1_2 2_0 2_1 3_0 3_1 4_0 4_1 5_0 5_1 6_0 7_0 7_1 8_0 8_1,,0.081081,0.081081,0.025641,0.111111,0.904762,0.081081,0.904762,,0.081081,0.081081
2025-02-02,B0: Random,0,,0.000000,,0_14 0_8 1_0 1_4 2_0 2_10 2_4 2_5 3_5 4_1 4_8 4_9 5_15 6_1 6_11 6_13 6_6 8_5 8_7 8_8,,0.052632,0.052632,0.025641,0.052632,0.081081,0.052632,0.081081,0.081081,,0.052632
2025-02-03,GLM-Logit,0,,0.000000,,1_10 2_10 2_9 3_10 3_11 3_12 3_13 3_3 4_1 4_3 4_4 5_1 5_2 5_3 5_4 6_12 6_4 7_5 7_6 7_9,,0.818182,0.904762,0.481481,0.666667,0.111111,0.904762,0.111111,0.081081,0.212121,
2025-02-03,HierBayes,0,,0.000000,,1_10 1_11 2_10 2_9 3_10 3_11 3_12 3_13 3_3 4_1 4_3 4_4 5_1 5_2 5_3 5_4 6_4 7_4 7_5 7_9,,,0.739130,0.428571,0.600000,0.111111,0.739130,0.111111,0.081081,0.176471,0.818182
2025-02-03,B1: Static prior,0,,0.000000,,1_10 2_10 2_9 3_10 3_11 3_12 3_13 3_3 4_1 4_2 4_3 4_4 5_1 5_2 5_3 6_12 6_4 7_5 7_6 7_9,,0.739130,,0.481481,0.666667,0.111111,1.000000,0.111111,0.081081,0.176471,0.904762
2025-02-03,TTM,0,,0.000000,,1_10 1_9 2_10 2_12 2_9 3_10 3_14 4_1 4_3 4_4 5_3 5_5 6_12 6_4 6_5 6_7 7_4 7_5 7_6 7_9,,0.428571,0.481481,,0.428571,0.081081,0.481481,0.081081,0.052632,0.142857,0.481481
2025-02-03,ET,0,,0.000000,,1_10 2_10 2_12 2_9 3_10 3_11 3_12 3_13 3_3 4_0 4_1 4_13 4_4 5_1 5_3 6_10 6_4 7_5 7_6 7_9,,0.600000,0.666667,0.428571,,0.142857,0.666667,0.142857,0.111111,0.176471,0.666667
2025-02-03,B5: B2+B3,0,,0.000000,,0_0 0_1 0_2 1_0 1_1 1_10 1_2 2_0 2_1 3_1 4_0 4_1 5_0 5_1 6_0 7_0 7_1 7_5 8_0 8_1,,0.111111,0.111111,0.081081,0.142857,,0.111111,0.904762,0.904762,0.142857,0.111111
2025-02-03,B4: B1+B3,0,,0.000000,,1_10 2_10 2_9 3_10 3_11 3_12 3_13 3_3 4_1 4_2 4_3 4_4 5_1 5_2 5_3 6_12 6_4 7_5 7_6 7_9,,0.739130,1.000000,0.481481,0.666667,0.111111,,0.111111,0.081081,0.176471,0.904762
2025-02-03,B2: Recent MA,0,,0.000000,,0_0 0_1 0_2 1_0 1_1 1_10 1_2 2_0 2_1 3_0 3_1 4_0 4_1 5_0 5_1 6_0 7_1 7_5 8_0 8_1,,0.111111,0.111111,0.081081,0.142857,0.904762,0.111111,,0.904762,0.111111,0.111111
2025-02-03,B3: DoY season,0,,0.000000,,0_0 0_1 0_2 1_0 1_1 1_10 1_2 2_0 2_1 3_0 3_1 4_0 4_1 5_0 5_1 6_0 7_0 7_1 8_0 8_1,,0.081081,0.081081,0.052632,0.111111,0.904762,0.081081,0.904762,,0.111111,0.081081
2025-02-03,B0: Random,0,,0.000000,,1_1 1_12 1_5 2_0 2_15 2_3 2_9 3_3 4_11 5_0 5_3 5_4 5_8 6_14 6_3 7_0 7_14 7_5 7_6 7_9,,0.176471,0.176471,0.142857,0.176471,0.142857,0.176471,0.111111,0.111111,,0.212121
2025-02-04,GLM-Logit,0,,0.000000,,1_10 2_10 2_9 3_10 3_11 3_12 3_13 3_3 4_1 4_3 4_4 5_1 5_2 5_3 5_4 6_12 6_4 7_5 7_6 7_9,,0.818182,0.904762,0.333333,0.666667,0.111111,0.904762,0.111111,0.081081,0.052632,
2025-02-04,HierBayes,0,,0.000000,,1_10 1_11 2_10 2_9 3_10 3_11 3_12 3_13 3_3 4_1 4_3 4_4 5_1 5_2 5_3 5_4 6_4 7_4 7_5 7_9,,,0.739130,0.333333,0.600000,0.111111,0.739130,0.111111,0.081081,0.052632,0.818182
2025-02-04,B1: Static prior,0,,0.000000,,1_10 2_10 2_9 3_10 3_11 3_12 3_13 3_3 4_1 4_2 4_3 4_4 5_1 5_2 5_3 6_12 6_4 7_5 7_6 7_9,,0.739130,,0.290323,0.666667,0.111111,1.000000,0.111111,0.081081,0.081081,0.904762
2025-02-04,TTM,0,,0.000000,,0_10 1_10 2_10 2_12 2_9 3_10 3_13 4_0 4_1 4_13 4_7 5_4 5_5 5_6 6_10 6_3 6_4 6_7 7_5 7_9,,0.333333,0.290323,,0.481481,0.111111,0.290323,0.111111,0.081081,0.052632,0.333333
2025-02-04,ET,0,,0.000000,,1_10 2_10 2_12 2_9 3_10 3_11 3_12 3_13 3_3 4_0 4_1 4_13 4_4 5_1 5_3 6_10 6_4 7_5 7_6 7_9,,0.600000,0.666667,0.481481,,0.142857,0.666667,0.142857,0.111111,0.052632,0.666667
2025-02-04,B5: B2+B3,0,,0.000000,,0_0 0_1 0_2 1_0 1_1 1_10 1_2 2_0 2_1 3_1 4_0 4_1 5_0 5_1 6_0 7_0 7_1 7_5 8_0 8_1,,0.111111,0.111111,0.111111,0.142857,,0.111111,0.904762,0.904762,0.111111,0.111111
2025-02-04,B4: B1+B3,0,,0.000000,,1_10 2_10 2_9 3_10 3_11 3_12 3_13 3_3 4_1 4_2 4_3 4_4 5_1 5_2 5_3 6_12 6_4 7_5 7_6 7_9,,0.739130,1.000000,0.290323,0.666667,0.111111,,0.111111,0.081081,0.081081,0.904762
2025-02-04,B2: Recent MA,0,,0.000000,,0_0 0_1 0_2 1_0 1_1 1_10 1_2 2_0 2_1 3_0 3_1 4_0 4_1 5_0 5_1 6_0 7_1 7_5 8_0 8_1,,0.111111,0.111111,0.111111,0.142857,0.904762,0.111111,,0.904762,0.081081,0.111111
2025-02-04,B3: DoY season,0,,0.000000,,0_0 0_1 0_2 1_0 1_1 1_10 1_2 2_0 2_1 3_0 3_1 4_0 4_1 5_0 5_1 6_0 7_0 7_1 8_0 8_1,,0.081081,0.081081,0.081081,0.111111,0.904762,0.081081,0.904762,,0.111111,0.081081
2025-02-04,B0: Random,0,,0.000000,,0_14 0_15 0_3 1_1 2_0 2_10 2_5 2_9 3_6 3_9 4_2 5_10 5_15 5_8 6_6 7_0 7_13 7_15 8_1 8_4,,0.052632,0.081081,0.052632,0.052632,0.111111,0.081081,0.081081,0.111111,,0.052632
2025-02-05,GLM-Logit,0,,0.000000,,1_10 2_10 2_9 3_10 3_11 3_12 3_13 3_3 4_1 4_3 4_4 5_1 5_2 5_3 5_4 6_12 6_4 7_5 7_6 7_9,,0.818182,0.904762,0.290323,0.666667,0.111111,0.904762,0.111111,0.081081,0.052632,
2025-02-05,HierBayes,0,,0.000000,,1_10 1_11 2_10 2_9 3_10 3_11 3_12 3_13 3_3 4_1 4_3 4_4 5_1 5_2 5_3 5_4 6_4 7_4 7_5 7_9,,,0.739130,0.290323,0.600000,0.111111,0.739130,0.111111,0.081081,0.052632,0.818182
2025-02-05,B1: Static prior,0,,0.000000,,1_10 2_10 2_9 3_10 3_11 3_12 3_13 3_3 4_1 4_2 4_3 4_4 5_1 5_2 5_3 6_12 6_4 7_5 7_6 7_9,,0.739130,,0.290323,0.666667,0.111111,1.000000,0.111111,0.081081,0.052632,0.904762
2025-02-05,TTM,0,,0.000000,,1_10 1_11 2_10 2_12 2_9 3_10 4_1 4_13 4_7 5_5 5_6 6_10 6_12 6_3 6_4 6_8 6_9 7_5 7_7 7_9,,0.290323,0.290323,,0.379310,0.081081,0.290323,0.081081,0.052632,0.081081,0.290323
2025-02-05,ET,0,,0.000000,,1_10 2_10 2_12 2_9 3_10 3_11 3_12 3_13 3_3 4_0 4_1 4_13 4_4 5_1 5_3 6_10 6_4 7_5 7_6 7_9,,0.600000,0.666667,0.379310,,0.142857,0.666667,0.142857,0.111111,0.081081,0.666667
2025-02-05,B5: B2+B3,0,,0.000000,,0_0 0_1 0_2 1_0 1_1 1_10 1_2 2_0 2_1 3_1 4_0 4_1 5_0 5_1 6_0 7_0 7_1 7_5 8_0 8_1,,0.111111,0.111111,0.081081,0.142857,,0.111111,0.904762,0.904762,0.052632,0.111111
2025-02-05,B4: B1+B3,0,,0.000000,,1_10 2_10 2_9 3_10 3_11 3_12 3_13 3_3 4_1 4_2 4_3 4_4 5_1 5_2 5_3 6_12 6_4 7_5 7_6 7_9,,0.739130,1.000000,0.290323,0.666667,0.111111,,0.111111,0.081081,0.052632,0.904762
2025-02-05,B2: Recent MA,0,,0.000000,,0_0 0_1 0_2 1_0 1_1 1_10 1_2 2_0 2_1 3_0 3_1 4_0 4_1 5_0 5_1 6_0 7_1 7_5 8_0 8_1,,0.111111,0.111111,0.081081,0.142857,0.904762,0.111111,,0.904762,0.052632,0.111111
2025-02-05,B3: DoY season,0,,0.000000,,0_0 0_1 0_2 1_0 1_1 1_10 1_2 2_0 2_1 3_0 3_1 4_0 4_1 5_0 5_1 6_0 7_0 7_1 8_0 8_1,,0.081081,0.081081,0.052632,0.111111,0.904762,0.081081,0.904762,,0.052632,0.081081
2025-02-05,B0: Random,0,,0.000000,,0_1 0_11 0_12 0_6 1_8 3_13 3_5 3_8 4_10 4_11 4_13 5_0 5_6 6_14 6_2 7_11 7_3 7_9 8_4 8_9,,0.052632,0.052632,0.081081,0.081081,0.052632,0.052632,0.052632,0.052632,,0.052632
2025-02-06,GLM-Logit,1,1.000000,0.050000,1_10,2_10 2_9 3_10 3_11 3_12 3_13 3_3 4_1 4_3 4_4 5_1 5_2 5_3 5_4 6_12 6_4 7_5 7_6 7_9,,0.818182,0.904762,0.333333,0.666667,0.111111,0.904762,0.081081,0.081081,0.052632,
2025-02-06,HierBayes,1,1.000000,0.050000,1_10,1_11 2_10 2_9 3_10 3_11 3_12 3_13 3_3 4_1 4_3 4_4 5_1 5_2 5_3 5_4 6_4 7_4 7_5 7_9,,,0.739130,0.379310,0.600000,0.111111,0.739130,0.081081,0.081081,0.052632,0.818182
2025-02-06,B1: Static prior,1,1.000000,0.050000,1_10,2_10 2_9 3_10 3_11 3_12 3_13 3_3 4_1 4_2 4_3 4_4 5_1 5_2 5_3 6_12 6_4 7_5 7_6 7_9,,0.739130,,0.290323,0.666667,0.111111,1.000000,0.081081,0.081081,0.052632,0.904762
2025-02-06,TTM,1,1.000000,0.050000,1_10,2_10 2_12 2_15 2_2 3_10 3_14 3_3 4_1 4_13 4_3 4_7 5_4 5_6 5_9 6_4 7_4 7_5 7_9 8_10,,0.379310,0.290323,,0.333333,0.081081,0.290323,0.052632,0.052632,0.052632,0.333333
2025-02-06,ET,1,1.000000,0.050000,1_10,2_10 2_12 2_9 3_10 3_11 3_12 3_13 3_3 4_0 4_1 4_13 4_4 5_1 5_3 6_10 6_4 7_5 7_6 7_9,,0.600000,0.666667,0.333333,,0.142857,0.666667,0.111111,0.111111,0.081081,0.666667
2025-02-06,B5: B2+B3,1,1.000000,0.050000,1_10,0_0 0_1 0_2 1_0 1_1 1_2 2_0 2_1 3_1 4_0 4_1 5_0 5_1 6_0 7_0 7_1 7_5 8_0 8_1,,0.111111,0.111111,0.081081,0.142857,,0.111111,0.904762,0.904762,0.111111,0.111111
2025-02-06,B4: B1+B3,1,1.000000,0.050000,1_10,2_10 2_9 3_10 3_11 3_12 3_13 3_3 4_1 4_2 4_3 4_4 5_1 5_2 5_3 6_12 6_4 7_5 7_6 7_9,,0.739130,1.000000,0.290323,0.666667,0.111111,,0.081081,0.081081,0.052632,0.904762
2025-02-06,B2: Recent MA,1,0.000000,0.000000,,0_0 0_1 0_2 1_0 1_1 1_2 2_0 2_1 3_0 3_1 4_0 4_1 5_0 5_1 6_0 7_0 7_1 7_5 8_0 8_1,1_10,0.081081,0.081081,0.052632,0.111111,0.904762,0.081081,,0.904762,0.111111,0.081081
2025-02-06,B3: DoY season,1,1.000000,0.050000,1_10,0_0 0_1 0_2 1_0 1_1 1_2 2_0 2_1 3_0 3_1 4_0 4_1 5_0 5_1 6_0 7_0 7_1 8_0 8_1,,0.081081,0.081081,0.052632,0.111111,0.904762,0.081081,0.904762,,0.111111,0.081081
2025-02-06,B0: Random,1,0.000000,0.000000,,1_0 1_1 1_3 2_1 2_3 2_5 2_9 3_9 4_0 4_12 5_13 5_2 5_9 6_10 6_9 7_14 7_8 8_10 8_15 8_7,1_10,0.052632,0.052632,0.052632,0.081081,0.111111,0.052632,0.111111,0.111111,,0.052632
2025-02-07,GLM-Logit,1,1.000000,0.050000,1_10,2_10 2_9 3_10 3_11 3_12 3_13 3_3 4_1 4_3 4_4 5_1 5_2 5_3 5_4 6_12 6_4 7_5 7_6 7_9,,0.818182,0.904762,0.428571,0.666667,0.081081,0.904762,0.081081,0.081081,0.052632,
2025-02-07,HierBayes,1,1.000000,0.050000,1_10,1_11 2_10 2_9 3_10 3_11 3_12 3_13 3_3 4_1 4_3 4_4 5_1 5_2 5_3 5_4 6_4 7_4 7_5 7_9,,,0.739130,0.428571,0.600000,0.081081,0.739130,0.081081,0.081081,0.081081,0.818182
2025-02-07,B1: Static prior,1,1.000000,0.050000,1_10,2_10 2_9 3_10 3_11 3_12 3_13 3_3 4_1 4_2 4_3 4_4 5_1 5_2 5_3 6_12 6_4 7_5 7_6 7_9,,0.739130,,0.379310,0.666667,0.081081,1.000000,0.081081,0.081081,0.081081,0.904762
2025-02-07,TTM,1,1.000000,0.050000,1_10,1_3 2_10 2_9 3_10 3_9 4_1 4_3 4_4 4_7 5_2 5_4 5_6 5_7 6_10 6_4 6_5 7_5 7_8 7_9,,0.428571,0.379310,,0.333333,0.052632,0.379310,0.052632,0.052632,0.052632,0.428571
2025-02-07,ET,1,1.000000,0.050000,1_10,2_10 2_12 2_9 3_10 3_11 3_12 3_13 3_3 4_0 4_1 4_13 4_4 5_1 5_3 6_10 6_4 7_5 7_6 7_9,,0.600000,0.666667,0.333333,,0.111111,0.666667,0.111111,0.111111,0.111111,0.666667
2025-02-07,B5: B2+B3,1,1.000000,0.050000,1_10,0_0 0_1 0_2 1_0 1_1 1_2 2_0 2_1 3_0 3_1 4_0 4_1 5_0 5_1 6_0 7_0 7_1 8_0 8_1,,0.081081,0.081081,0.052632,0.111111,,0.081081,1.000000,1.000000,0.052632,0.081081
2025-02-07,B4: B1+B3,1,1.000000,0.050000,1_10,2_10 2_9 3_10 3_11 3_12 3_13 3_3 4_1 4_2 4_3 4_4 5_1 5_2 5_3 6_12 6_4 7_5 7_6 7_9,,0.739130,1.000000,0.379310,0.666667,0.081081,,0.081081,0.081081,0.081081,0.904762
2025-02-07,B2: Recent MA,1,1.000000,0.050000,1_10,0_0 0_1 0_2 1_0 1_1 1_2 2_0 2_1 3_0 3_1 4_0 4_1 5_0 5_1 6_0 7_0 7_1 8_0 8_1,,0.081081,0.081081,0.052632,0.111111,1.000000,0.081081,,1.000000,0.052632,0.081081
2025-02-07,B3: DoY season,1,1.000000,0.050000,1_10,0_0 0_1 0_2 1_0 1_1 1_2 2_0 2_1 3_0 3_1 4_0 4_1 5_0 5_1 6_0 7_0 7_1 8_0 8_1,,0.081081,0.081081,0.052632,0.111111,1.000000,0.081081,1.000000,,0.052632,0.081081
2025-02-07,B0: Random,1,0.000000,0.000000,,0_12 0_14 0_3 0_4 1_1 1_11 1_4 1_7 2_12 4_2 5_1 6_10 6_5 7_4 7_6 8_10 8_12 8_2 8_3 8_9,1_10,0.081081,0.081081,0.052632,0.111111,0.052632,0.081081,0.052632,0.052632,,0.052632
2025-02-08,GLM-Logit,0,,0.000000,,1_10 2_10 2_9 3_10 3_11 3_12 3_13 3_3 4_1 4_3 4_4 5_1 5_2 5_3 5_4 6_12 6_4 7_5 7_6 7_9,,0.818182,0.904762,0.481481,0.666667,0.081081,0.904762,0.081081,0.081081,0.142857,
2025-02-08,HierBayes,0,,0.000000,,1_10 1_11 2_10 2_9 3_10 3_11 3_12 3_13 3_3 4_1 4_3 4_4 5_1 5_2 5_3 5_4 6_4 7_4 7_5 7_9,,,0.739130,0.481481,0.600000,0.081081,0.739130,0.081081,0.081081,0.176471,0.818182
2025-02-08,B1: Static prior,0,,0.000000,,1_10 2_10 2_9 3_10 3_11 3_12 3_13 3_3 4_1 4_2 4_3 4_4 5_1 5_2 5_3 6_12 6_4 7_5 7_6 7_9,,0.739130,,0.428571,0.666667,0.081081,1.000000,0.081081,0.081081,0.142857,0.904762
2025-02-08,TTM,0,,0.000000,,1_10 2_10 2_14 2_9 3_10 3_3 4_0 4_1 4_3 4_4 5_12 5_3 5_4 5_6 6_10 6_4 7_5 7_8 7_9 8_7,,0.481481,0.428571,,0.481481,0.081081,0.428571,0.081081,0.081081,0.142857,0.481481
2025-02-08,ET,0,,0.000000,,1_10 2_10 2_12 2_9 3_10 3_11 3_12 3_13 3_3 4_0 4_1 4_13 4_4 5_1 5_3 6_10 6_4 7_5 7_6 7_9,,0.600000,0.666667,0.481481,,0.111111,0.666667,0.111111,0.111111,0.142857,0.666667
2025-02-08,B5: B2+B3,0,,0.000000,,0_0 0_1 0_2 1_0 1_1 1_10 1_2 2_0 2_1 3_0 3_1 4_0 4_1 5_0 5_1 6_0 7_0 7_1 8_0 8_1,,0.081081,0.081081,0.081081,0.111111,,0.081081,1.000000,1.000000,0.142857,0.081081
2025-02-08,B4: B1+B3,0,,0.000000,,1_10 2_10 2_9 3_10 3_11 3_12 3_13 3_3 4_1 4_2 4_3 4_4 5_1 5_2 5_3 6_12 6_4 7_5 7_6 7_9,,0.739130,1.000000,0.428571,0.666667,0.081081,,0.081081,0.081081,0.142857,0.904762
2025-02-08,B2: Recent MA,0,,0.000000,,0_0 0_1 0_2 1_0 1_1 1_10 1_2 2_0 2_1 3_0 3_1 4_0 4_1 5_0 5_1 6_0 7_0 7_1 8_0 8_1,,0.081081,0.081081,0.081081,0.111111,1.000000,0.081081,,1.000000,0.142857,0.081081
2025-02-08,B3: DoY season,0,,0.000000,,0_0 0_1 0_2 1_0 1_1 1_10 1_2 2_0 2_1 3_0 3_1 4_0 4_1 5_0 5_1 6_0 7_0 7_1 8_0 8_1,,0.081081,0.081081,0.081081,0.111111,1.000000,0.081081,1.000000,,0.142857,0.081081
2025-02-08,B0: Random,0,,0.000000,,0_0 2_10 2_6 2_8 2_9 3_1 4_1 4_14 5_1 5_11 5_12 5_14 5_7 6_2 7_0 7_10 7_13 7_4 7_9 8_5,,0.176471,0.142857,0.142857,0.142857,0.142857,0.142857,0.142857,0.142857,,0.142857
2025-02-09,GLM-Logit,0,,0.000000,,1_10 2_10 2_9 3_10 3_11 3_12 3_13 3_3 4_1 4_3 4_4 5_1 5_2 5_3 5_4 6_12 6_4 7_5 7_6 7_9,,0.818182,0.904762,0.481481,0.666667,0.081081,0.904762,0.081081,0.081081,0.025641,
2025-02-09,HierBayes,0,,0.000000,,1_10 1_11 2_10 2_9 3_10 3_11 3_12 3_13 3_3 4_1 4_3 4_4 5_1 5_2 5_3 5_4 6_4 7_4 7_5 7_9,,,0.739130,0.481481,0.600000,0.081081,0.739130,0.081081,0.081081,0.025641,0.818182
2025-02-09,B1: Static prior,0,,0.000000,,1_10 2_10 2_9 3_10 3_11 3_12 3_13 3_3 4_1 4_2 4_3 4_4 5_1 5_2 5_3 6_12 6_4 7_5 7_6 7_9,,0.739130,,0.428571,0.666667,0.081081,1.000000,0.081081,0.081081,0.025641,0.904762
2025-02-09,TTM,0,,0.000000,,0_10 0_9 1_10 2_10 2_11 2_12 2_2 2_9 3_10 3_12 3_13 3_3 4_3 4_4 5_12 5_4 6_10 6_4 7_5 7_9,,0.481481,0.428571,,0.481481,0.025641,0.428571,0.025641,0.025641,0.142857,0.481481
2025-02-09,ET,0,,0.000000,,1_10 2_10 2_12 2_9 3_10 3_11 3_12 3_13 3_3 4_0 4_1 4_13 4_4 5_1 5_3 6_10 6_4 7_5 7_6 7_9,,0.600000,0.666667,0.481481,,0.111111,0.666667,0.111111,0.111111,0.052632,0.666667
2025-02-09,B5: B2+B3,0,,0.000000,,0_0 0_1 0_2 1_0 1_1 1_10 1_2 2_0 2_1 3_0 3_1 4_0 4_1 5_0 5_1 6_0 7_0 7_1 8_0 8_1,,0.081081,0.081081,0.025641,0.111111,,0.081081,1.000000,1.000000,0.000000,0.081081
2025-02-09,B4: B1+B3,0,,0.000000,,1_10 2_10 2_9 3_10 3_11 3_12 3_13 3_3 4_1 4_2 4_3 4_4 5_1 5_2 5_3 6_12 6_4 7_5 7_6 7_9,,0.739130,1.000000,0.428571,0.666667,0.081081,,0.081081,0.081081,0.025641,0.904762
2025-02-09,B2: Recent MA,0,,0.000000,,0_0 0_1 0_2 1_0 1_1 1_10 1_2 2_0 2_1 3_0 3_1 4_0 4_1 5_0 5_1 6_0 7_0 7_1 8_0 8_1,,0.081081,0.081081,0.025641,0.111111,1.000000,0.081081,,1.000000,0.000000,0.081081
2025-02-09,B3: DoY season,0,,0.000000,,0_0 0_1 0_2 1_0 1_1 1_10 1_2 2_0 2_1 3_0 3_1 4_0 4_1 5_0 5_1 6_0 7_0 7_1 8_0 8_1,,0.081081,0.081081,0.025641,0.111111,1.000000,0.081081,1.000000,,0.000000,0.081081
2025-02-09,B0: Random,0,,0.000000,,0_10 0_13 0_9 1_12 1_14 1_8 2_11 2_13 4_12 4_4 5_13 5_14 5_6 6_10 6_14 6_5 7_12 7_14 7_3 8_11,,0.025641,0.025641,0.142857,0.052632,0.000000,0.025641,0.000000,0.000000,,0.025641
2025-02-10,GLM-Logit,0,,0.000000,,1_10 2_10 2_9 3_10 3_11 3_12 3_13 3_3 4_1 4_3 4_4 5_1 5_2 5_3 5_4 6_12 6_4 7_5 7_6 7_9,,0.818182,0.904762,0.379310,0.666667,0.081081,0.904762,0.081081,0.081081,0.081081,
2025-02-10,HierBayes,0,,0.000000,,1_10 1_11 2_10 2_9 3_10 3_11 3_12 3_13 3_3 4_1 4_3 4_4 5_1 5_2 5_3 5_4 6_4 7_4 7_5 7_9,,,0.739130,0.379310,0.600000,0.081081,0.739130,0.081081,0.081081,0.052632,0.818182
2025-02-10,B1: Static prior,0,,0.000000,,1_10 2_10 2_9 3_10 3_11 3_12 3_13 3_3 4_1 4_2 4_3 4_4 5_1 5_2 5_3 6_12 6_4 7_5 7_6 7_9,,0.739130,,0.379310,0.666667,0.081081,1.000000,0.081081,0.081081,0.081081,0.904762
2025-02-10,TTM,0,,0.000000,,1_10 2_10 2_11 2_14 2_9 3_1 3_10 3_11 3_12 3_14 3_4 5_2 6_10 6_11 6_13 6_4 7_4 7_5 7_6 7_9,,0.379310,0.379310,,0.379310,0.052632,0.379310,0.052632,0.052632,0.142857,0.379310
2025-02-10,ET,0,,0.000000,,1_10 2_10 2_12 2_9 3_10 3_11 3_12 3_13 3_3 4_0 4_1 4_13 4_4 5_1 5_3 6_10 6_4 7_5 7_6 7_9,,0.600000,0.666667,0.379310,,0.111111,0.666667,0.111111,0.111111,0.052632,0.666667
2025-02-10,B5: B2+B3,0,,0.000000,,0_0 0_1 0_2 1_0 1_1 1_10 1_2 2_0 2_1 3_0 3_1 4_0 4_1 5_0 5_1 6_0 7_0 7_1 8_0 8_1,,0.081081,0.081081,0.052632,0.111111,,0.081081,1.000000,1.000000,0.111111,0.081081
2025-02-10,B4: B1+B3,0,,0.000000,,1_10 2_10 2_9 3_10 3_11 3_12 3_13 3_3 4_1 4_2 4_3 4_4 5_1 5_2 5_3 6_12 6_4 7_5 7_6 7_9,,0.739130,1.000000,0.379310,0.666667,0.081081,,0.081081,0.081081,0.081081,0.904762
2025-02-10,B2: Recent MA,0,,0.000000,,0_0 0_1 0_2 1_0 1_1 1_10 1_2 2_0 2_1 3_0 3_1 4_0 4_1 5_0 5_1 6_0 7_0 7_1 8_0 8_1,,0.081081,0.081081,0.052632,0.111111,1.000000,0.081081,,1.000000,0.111111,0.081081
2025-02-10,B3: DoY season,0,,0.000000,,0_0 0_1 0_2 1_0 1_1 1_10 1_2 2_0 2_1 3_0 3_1 4_0 4_1 5_0 5_1 6_0 7_0 7_1 8_0 8_1,,0.081081,0.081081,0.052632,0.111111,1.000000,0.081081,1.000000,,0.111111,0.081081
2025-02-10,B0: Random,0,,0.000000,,0_10 1_0 1_10 1_4 2_1 2_14 2_15 2_2 3_0 3_2 4_14 4_8 4_9 5_15 5_2 5_9 6_13 7_14 7_6 8_2,,0.052632,0.081081,0.142857,0.052632,0.111111,0.081081,0.111111,0.111111,,0.081081
2025-02-11,GLM-Logit,0,,0.000000,,1_10 2_10 2_9 3_10 3_11 3_12 3_13 3_3 4_1 4_3 4_4 5_1 5_2 5_3 5_4 6_12 6_4 7_5 7_6 7_9,,0.818182,0.904762,0.428571,0.666667,0.081081,0.904762,0.081081,0.081081,0.052632,
2025-02-11,HierBayes,0,,0.000000,,1_10 1_11 2_10 2_9 3_10 3_11 3_12 3_13 3_3 4_1 4_3 4_4 5_1 5_2 5_3 5_4 6_4 7_4 7_5 7_9,,,0.739130,0.538462,0.600000,0.081081,0.739130,0.081081,0.081081,0.052632,0.818182
2025-02-11,B1: Static prior,0,,0.000000,,1_10 2_10 2_9 3_10 3_11 3_12 3_13 3_3 4_1 4_2 4_3 4_4 5_1 5_2 5_3 6_12 6_4 7_5 7_6 7_9,,0.739130,,0.379310,0.666667,0.081081,1.000000,0.081081,0.081081,0.052632,0.904762
2025-02-11,TTM,0,,0.000000,,0_10 1_10 1_11 1_2 2_10 2_11 2_14 2_9 3_10 3_12 3_2 4_1 4_4 5_3 5_4 6_10 6_4 7_4 7_5 7_9,,0.538462,0.379310,,0.428571,0.081081,0.379310,0.081081,0.081081,0.025641,0.428571
2025-02-11,ET,0,,0.000000,,1_10 2_10 2_12 2_9 3_10 3_11 3_12 3_13 3_3 4_0 4_1 4_13 4_4 5_1 5_3 6_10 6_4 7_5 7_6 7_9,,0.600000,0.666667,0.428571,,0.111111,0.666667,0.111111,0.111111,0.081081,0.666667
2025-02-11,B5: B2+B3,0,,0.000000,,0_0 0_1 0_2 1_0 1_1 1_10 1_2 2_0 2_1 3_0 3_1 4_0 4_1 5_0 5_1 6_0 7_0 7_1 8_0 8_1,,0.081081,0.081081,0.081081,0.111111,,0.081081,1.000000,1.000000,0.081081,0.081081
2025-02-11,B4: B1+B3,0,,0.000000,,1_10 2_10 2_9 3_10 3_11 3_12 3_13 3_3 4_1 4_2 4_3 4_4 5_1 5_2 5_3 6_12 6_4 7_5 7_6 7_9,,0.739130,1.000000,0.379310,0.666667,0.081081,,0.081081,0.081081,0.052632,0.904762
2025-02-11,B2: Recent MA,0,,0.000000,,0_0 0_1 0_2 1_0 1_1 1_10 1_2 2_0 2_1 3_0 3_1 4_0 4_1 5_0 5_1 6_0 7_0 7_1 8_0 8_1,,0.081081,0.081081,0.081081,0.111111,1.000000,0.081081,,1.000000,0.081081,0.081081
2025-02-11,B3: DoY season,0,,0.000000,,0_0 0_1 0_2 1_0 1_1 1_10 1_2 2_0 2_1 3_0 3_1 4_0 4_1 5_0 5_1 6_0 7_0 7_1 8_0 8_1,,0.081081,0.081081,0.081081,0.111111,1.000000,0.081081,1.000000,,0.081081,0.081081
2025-02-11,B0: Random,0,,0.000000,,0_13 1_0 2_13 3_9 4_13 4_14 4_15 5_1 5_14 6_0 6_14 6_2 6_7 7_12 7_13 7_7 7_9 8_12 8_2 8_9,,0.052632,0.052632,0.025641,0.081081,0.081081,0.052632,0.081081,0.081081,,0.052632
2025-02-12,GLM-Logit,0,,0.000000,,1_10 2_10 2_9 3_10 3_11 3_12 3_13 3_3 4_1 4_3 4_4 5_1 5_2 5_3 5_4 6_12 6_4 7_5 7_6 7_9,,0.818182,0.904762,0.379310,0.666667,0.081081,0.904762,0.081081,0.081081,0.081081,
2025-02-12,HierBayes,0,,0.000000,,1_10 1_11 2_10 2_9 3_10 3_11 3_12 3_13 3_3 4_1 4_3 4_4 5_1 5_2 5_3 5_4 6_4 7_4 7_5 7_9,,,0.739130,0.333333,0.600000,0.081081,0.739130,0.081081,0.081081,0.111111,0.818182
2025-02-12,B1: Static prior,0,,0.000000,,1_10 2_10 2_9 3_10 3_11 3_12 3_13 3_3 4_1 4_2 4_3 4_4 5_1 5_2 5_3 6_12 6_4 7_5 7_6 7_9,,0.739130,,0.379310,0.666667,0.081081,1.000000,0.081081,0.081081,0.111111,0.904762
2025-02-12,TTM,0,,0.000000,,0_8 1_10 1_2 2_10 3_10 4_2 4_3 4_4 4_7 5_12 5_2 5_3 5_4 5_7 6_10 6_3 7_5 7_6 7_9 8_9,,0.333333,0.379310,,0.290323,0.052632,0.379310,0.052632,0.052632,0.081081,0.379310
2025-02-12,ET,0,,0.000000,,1_10 2_10 2_12 2_9 3_10 3_11 3_12 3_13 3_3 4_0 4_1 4_13 4_4 5_1 5_3 6_10 6_4 7_5 7_6 7_9,,0.600000,0.666667,0.290323,,0.111111,0.666667,0.111111,0.111111,0.081081,0.666667
2025-02-12,B5: B2+B3,0,,0.000000,,0_0 0_1 0_2 1_0 1_1 1_10 1_2 2_0 2_1 3_0 3_1 4_0 4_1 5_0 5_1 6_0 7_0 7_1 8_0 8_1,,0.081081,0.081081,0.052632,0.111111,,0.081081,1.000000,1.000000,0.081081,0.081081
2025-02-12,B4: B1+B3,0,,0.000000,,1_10 2_10 2_9 3_10 3_11 3_12 3_13 3_3 4_1 4_2 4_3 4_4 5_1 5_2 5_3 6_12 6_4 7_5 7_6 7_9,,0.739130,1.000000,0.379310,0.666667,0.081081,,0.081081,0.081081,0.111111,0.904762
2025-02-12,B2: Recent MA,0,,0.000000,,0_0 0_1 0_2 1_0 1_1 1_10 1_2 2_0 2_1 3_0 3_1 4_0 4_1 5_0 5_1 6_0 7_0 7_1 8_0 8_1,,0.081081,0.081081,0.052632,0.111111,1.000000,0.081081,,1.000000,0.081081,0.081081
2025-02-12,B3: DoY season,0,,0.000000,,0_0 0_1 0_2 1_0 1_1 1_10 1_2 2_0 2_1 3_0 3_1 4_0 4_1 5_0 5_1 6_0 7_0 7_1 8_0 8_1,,0.081081,0.081081,0.052632,0.111111,1.000000,0.081081,1.000000,,0.081081,0.081081
2025-02-12,B0: Random,0,,0.000000,,0_6 1_11 1_14 1_5 1_6 2_1 2_7 3_12 3_6 4_0 4_2 4_3 4_6 5_13 7_15 7_7 7_9 8_1 8_12 8_14,,0.111111,0.111111,0.081081,0.081081,0.081081,0.111111,0.081081,0.081081,,0.081081
2025-02-13,GLM-Logit,0,,0.000000,,1_10 2_10 2_9 3_10 3_11 3_12 3_13 3_3 4_1 4_3 4_4 5_1 5_2 5_3 5_4 6_12 6_4 7_5 7_6 7_9,,0.818182,0.904762,0.481481,0.666667,0.081081,0.904762,0.081081,0.052632,0.025641,
2025-02-13,HierBayes,0,,0.000000,,1_10 1_11 2_10 2_9 3_10 3_11 3_12 3_13 3_3 4_1 4_3 4_4 5_1 5_2 5_3 5_4 6_4 7_4 7_5 7_9,,,0.739130,0.428571,0.600000,0.081081,0.739130,0.081081,0.052632,0.052632,0.818182
2025-02-13,B1: Static prior,0,,0.000000,,1_10 2_10 2_9 3_10 3_11 3_12 3_13 3_3 4_1 4_2 4_3 4_4 5_1 5_2 5_3 6_12 6_4 7_5 7_6 7_9,,0.739130,,0.481481,0.666667,0.081081,1.000000,0.081081,0.052632,0.025641,0.904762
2025-02-13,TTM,0,,0.000000,,0_8 1_10 2_10 2_11 2_12 2_2 2_9 3_10 3_11 4_1 4_3 4_4 4_6 5_3 5_7 6_4 7_5 7_6 7_9 8_9,,0.428571,0.481481,,0.481481,0.052632,0.481481,0.052632,0.025641,0.052632,0.481481
2025-02-13,ET,0,,0.000000,,1_10 2_10 2_12 2_9 3_10 3_11 3_12 3_13 3_3 4_0 4_1 4_13 4_4 5_1 5_3 6_10 6_4 7_5 7_6 7_9,,0.600000,0.666667,0.481481,,0.111111,0.666667,0.111111,0.081081,0.025641,0.666667
2025-02-13,B5: B2+B3,0,,0.000000,,0_0 0_1 0_2 1_0 1_1 1_10 1_2 2_0 2_1 3_0 3_1 4_0 4_1 5_0 5_1 6_0 7_0 7_1 8_0 8_1,,0.081081,0.081081,0.052632,0.111111,,0.081081,1.000000,0.904762,0.052632,0.081081
2025-02-13,B4: B1+B3,0,,0.000000,,1_10 2_10 2_9 3_10 3_11 3_12 3_13 3_3 4_1 4_2 4_3 4_4 5_1 5_2 5_3 6_12 6_4 7_5 7_6 7_9,,0.739130,1.000000,0.481481,0.666667,0.081081,,0.081081,0.052632,0.025641,0.904762
2025-02-13,B2: Recent MA,0,,0.000000,,0_0 0_1 0_2 1_0 1_1 1_10 1_2 2_0 2_1 3_0 3_1 4_0 4_1 5_0 5_1 6_0 7_0 7_1 8_0 8_1,,0.081081,0.081081,0.052632,0.111111,1.000000,0.081081,,0.904762,0.052632,0.081081
2025-02-13,B3: DoY season,0,,0.000000,,0_0 0_1 0_2 1_0 1_1 1_2 2_0 2_1 3_0 3_1 4_0 4_1 5_0 5_1 6_0 6_1 7_0 7_1 8_0 8_1,,0.052632,0.052632,0.025641,0.081081,0.904762,0.052632,0.904762,,0.052632,0.052632
2025-02-13,B0: Random,0,,0.000000,,0_11 0_6 0_7 1_11 1_6 2_11 2_13 2_4 3_13 4_14 4_15 5_10 5_7 7_0 7_10 7_12 8_1 8_11 8_14 8_6,,0.052632,0.025641,0.052632,0.025641,0.052632,0.025641,0.052632,0.052632,,0.025641
2025-02-14,GLM-Logit,0,,0.000000,,1_10 2_10 2_9 3_10 3_11 3_12 3_13 3_3 4_1 4_3 4_4 5_1 5_2 5_3 5_4 6_12 6_4 7_5 7_6 7_9,,0.818182,0.904762,0.538462,0.666667,0.081081,0.904762,0.081081,0.052632,0.052632,
2025-02-14,HierBayes,0,,0.000000,,1_10 1_11 2_10 2_9 3_10 3_11 3_12 3_13 3_3 4_1 4_3 4_4 5_1 5_2 5_3 5_4 6_4 7_4 7_5 7_9,,,0.739130,0.481481,0.600000,0.081081,0.739130,0.081081,0.052632,0.052632,0.818182
2025-02-14,B1: Static prior,0,,0.000000,,1_10 2_10 2_9 3_10 3_11 3_12 3_13 3_3 4_1 4_2 4_3 4_4 5_1 5_2 5_3 6_12 6_4 7_5 7_6 7_9,,0.739130,,0.538462,0.666667,0.081081,1.000000,0.081081,0.052632,0.025641,0.904762
2025-02-14,TTM,0,,0.000000,,1_10 2_10 2_11 2_12 3_10 3_11 3_13 3_2 4_1 4_11 4_3 4_4 5_10 5_2 5_3 5_7 6_12 6_4 7_5 7_9,,0.481481,0.538462,,0.428571,0.052632,0.538462,0.052632,0.025641,0.052632,0.538462
2025-02-14,ET,0,,0.000000,,1_10 2_10 2_12 2_9 3_10 3_11 3_12 3_13 3_3 4_0 4_1 4_13 4_4 5_1 5_3 6_10 6_4 7_5 7_6 7_9,,0.600000,0.666667,0.428571,,0.111111,0.666667,0.111111,0.081081,0.052632,0.666667
2025-02-14,B5: B2+B3,0,,0.000000,,0_0 0_1 0_2 1_0 1_1 1_10 1_2 2_0 2_1 3_0 3_1 4_0 4_1 5_0 5_1 6_0 7_0 7_1 8_0 8_1,,0.081081,0.081081,0.052632,0.111111,,0.081081,1.000000,0.904762,0.111111,0.081081
2025-02-14,B4: B1+B3,0,,0.000000,,1_10 2_10 2_9 3_10 3_11 3_12 3_13 3_3 4_1 4_2 4_3 4_4 5_1 5_2 5_3 6_12 6_4 7_5 7_6 7_9,,0.739130,1.000000,0.538462,0.666667,0.081081,,0.081081,0.052632,0.025641,0.904762
2025-02-14,B2: Recent MA,0,,0.000000,,0_0 0_1 0_2 1_0 1_1 1_10 1_2 2_0 2_1 3_0 3_1 4_0 4_1 5_0 5_1 6_0 7_0 7_1 8_0 8_1,,0.081081,0.081081,0.052632,0.111111,1.000000,0.081081,,0.904762,0.111111,0.081081
2025-02-14,B3: DoY season,0,,0.000000,,0_0 0_1 0_2 1_0 1_1 1_2 2_0 2_1 3_0 3_1 4_0 4_1 5_0 5_1 6_0 6_1 7_0 7_1 8_0 8_1,,0.052632,0.052632,0.025641,0.081081,0.904762,0.052632,0.904762,,0.142857,0.052632
2025-02-14,B0: Random,0,,0.000000,,0_4 0_5 1_1 1_15 1_3 1_9 3_2 4_0 4_5 5_0 5_4 5_8 6_0 6_1 6_11 6_14 7_10 7_3 7_5 7_7,,0.052632,0.025641,0.052632,0.052632,0.111111,0.025641,0.111111,0.142857,,0.052632
2025-02-15,GLM-Logit,0,,0.000000,,1_10 2_10 2_9 3_10 3_11 3_12 3_13 3_3 4_1 4_3 4_4 5_1 5_2 5_3 5_4 6_12 6_4 7_5 7_6 7_9,,0.818182,0.904762,0.379310,0.666667,0.081081,0.904762,0.081081,0.052632,0.111111,
2025-02-15,HierBayes,0,,0.000000,,1_10 1_11 2_10 2_9 3_10 3_11 3_12 3_13 3_3 4_1 4_3 4_4 5_1 5_2 5_3 5_4 6_4 7_4 7_5 7_9,,,0.739130,0.379310,0.600000,0.081081,0.739130,0.081081,0.052632,0.081081,0.818182
2025-02-15,B1: Static prior,0,,0.000000,,1_10 2_10 2_9 3_10 3_11 3_12 3_13 3_3 4_1 4_2 4_3 4_4 5_1 5_2 5_3 6_12 6_4 7_5 7_6 7_9,,0.739130,,0.379310,0.666667,0.081081,1.000000,0.081081,0.052632,0.111111,0.904762
2025-02-15,TTM,0,,0.000000,,0_9 1_10 2_10 2_11 2_12 2_3 3_11 3_2 4_11 4_3 4_4 5_1 5_10 5_3 5_5 6_12 6_4 7_4 7_5 7_9,,0.379310,0.379310,,0.333333,0.052632,0.379310,0.052632,0.025641,0.052632,0.379310
2025-02-15,ET,0,,0.000000,,1_10 2_10 2_12 2_9 3_10 3_11 3_12 3_13 3_3 4_0 4_1 4_13 4_4 5_1 5_3 6_10 6_4 7_5 7_6 7_9,,0.600000,0.666667,0.333333,,0.111111,0.666667,0.111111,0.081081,0.081081,0.666667
2025-02-15,B5: B2+B3,0,,0.000000,,0_0 0_1 0_2 1_0 1_1 1_10 1_2 2_0 2_1 3_0 3_1 4_0 4_1 5_0 5_1 6_0 7_0 7_1 8_0 8_1,,0.081081,0.081081,0.052632,0.111111,,0.081081,1.000000,0.904762,0.111111,0.081081
2025-02-15,B4: B1+B3,0,,0.000000,,1_10 2_10 2_9 3_10 3_11 3_12 3_13 3_3 4_1 4_2 4_3 4_4 5_1 5_2 5_3 6_12 6_4 7_5 7_6 7_9,,0.739130,1.000000,0.379310,0.666667,0.081081,,0.081081,0.052632,0.111111,0.904762
2025-02-15,B2: Recent MA,0,,0.000000,,0_0 0_1 0_2 1_0 1_1 1_10 1_2 2_0 2_1 3_0 3_1 4_0 4_1 5_0 5_1 6_0 7_0 7_1 8_0 8_1,,0.081081,0.081081,0.052632,0.111111,1.000000,0.081081,,0.904762,0.111111,0.081081
2025-02-15,B3: DoY season,0,,0.000000,,0_0 0_1 0_2 1_0 1_1 1_2 2_0 2_1 3_0 3_1 4_0 4_1 5_0 5_1 6_0 6_1 7_0 7_1 8_0 8_1,,0.052632,0.052632,0.025641,0.081081,0.904762,0.052632,0.904762,,0.111111,0.052632
2025-02-15,B0: Random,0,,0.000000,,0_1 0_11 0_5 2_0 2_2 2_9 4_0 4_4 5_0 5_2 6_12 6_5 6_6 6_8 8_10 8_11 8_14 8_2 8_6 8_9,,0.081081,0.111111,0.052632,0.081081,0.111111,0.111111,0.111111,0.111111,,0.111111
2025-02-16,GLM-Logit,0,,0.000000,,1_10 2_10 2_9 3_10 3_11 3_12 3_13 3_3 4_1 4_3 4_4 5_1 5_2 5_3 5_4 6_12 6_4 7_5 7_6 7_9,,0.818182,0.904762,0.538462,0.666667,0.081081,0.904762,0.081081,0.081081,0.025641,
2025-02-16,HierBayes,0,,0.000000,,1_10 1_11 2_10 2_9 3_10 3_11 3_12 3_13 3_3 4_1 4_3 4_4 5_1 5_2 5_3 5_4 6_4 7_4 7_5 7_9,,,0.739130,0.481481,0.600000,0.081081,0.739130,0.081081,0.081081,0.025641,0.818182
2025-02-16,B1: Static prior,0,,0.000000,,1_10 2_10 2_9 3_10 3_11 3_12 3_13 3_3 4_1 4_2 4_3 4_4 5_1 5_2 5_3 6_12 6_4 7_5 7_6 7_9,,0.739130,,0.481481,0.666667,0.081081,1.000000,0.081081,0.081081,0.025641,0.904762
2025-02-16,TTM,0,,0.000000,,1_10 1_3 2_10 2_11 2_12 2_2 2_9 3_10 3_11 3_2 3_3 4_3 4_4 5_1 5_4 6_12 6_4 7_5 7_9 8_10,,0.481481,0.481481,,0.428571,0.081081,0.481481,0.052632,0.052632,0.000000,0.538462
2025-02-16,ET,0,,0.000000,,1_10 2_10 2_12 2_9 3_10 3_11 3_12 3_13 3_3 4_0 4_1 4_13 4_4 5_1 5_3 6_10 6_4 7_5 7_6 7_9,,0.600000,0.666667,0.428571,,0.111111,0.666667,0.111111,0.111111,0.025641,0.666667
2025-02-16,B5: B2+B3,0,,0.000000,,0_0 0_1 0_2 1_0 1_1 1_10 1_2 2_0 2_1 2_10 3_0 3_1 4_0 5_0 5_1 6_0 7_0 7_1 8_0 8_1,,0.081081,0.081081,0.081081,0.111111,,0.081081,0.904762,0.904762,0.052632,0.081081
2025-02-16,B4: B1+B3,0,,0.000000,,1_10 2_10 2_9 3_10 3_11 3_12 3_13 3_3 4_1 4_2 4_3 4_4 5_1 5_2 5_3 6_12 6_4 7_5 7_6 7_9,,0.739130,1.000000,0.481481,0.666667,0.081081,,0.081081,0.081081,0.025641,0.904762
2025-02-16,B2: Recent MA,0,,0.000000,,0_0 0_1 0_2 1_0 1_1 1_10 1_2 2_0 2_1 3_0 3_1 4_0 4_1 5_0 5_1 6_0 7_0 7_1 8_0 8_1,,0.081081,0.081081,0.052632,0.111111,0.904762,0.081081,,0.904762,0.052632,0.081081
2025-02-16,B3: DoY season,0,,0.000000,,0_0 0_1 0_2 1_0 1_1 1_2 2_0 2_1 2_10 3_0 3_1 4_0 4_1 5_0 5_1 6_0 7_0 7_1 8_0 8_1,,0.081081,0.081081,0.052632,0.111111,0.904762,0.081081,0.904762,,0.052632,0.081081
2025-02-16,B0: Random,0,,0.000000,,0_12 0_3 0_5 0_7 1_0 1_4 3_12 3_14 3_15 3_4 3_6 5_7 6_2 6_3 6_8 6_9 7_14 8_0 8_5 8_6,,0.025641,0.025641,0.000000,0.025641,0.052632,0.025641,0.052632,0.052632,,0.025641
2025-02-17,GLM-Logit,0,,0.000000,,1_10 2_10 2_9 3_10 3_11 3_12 3_13 3_3 4_1 4_3 4_4 5_1 5_2 5_3 5_4 6_12 6_4 7_5 7_6 7_9,,0.818182,0.904762,0.428571,0.666667,0.081081,0.904762,0.081081,0.081081,0.025641,
2025-02-17,HierBayes,0,,0.000000,,1_10 1_11 2_10 2_9 3_10 3_11 3_12 3_13 3_3 4_1 4_3 4_4 5_1 5_2 5_3 5_4 6_4 7_4 7_5 7_9,,,0.739130,0.428571,0.600000,0.081081,0.739130,0.081081,0.081081,0.025641,0.818182
2025-02-17,B1: Static prior,0,,0.000000,,1_10 2_10 2_9 3_10 3_11 3_12 3_13 3_3 4_1 4_2 4_3 4_4 5_1 5_2 5_3 6_12 6_4 7_5 7_6 7_9,,0.739130,,0.428571,0.666667,0.081081,1.000000,0.081081,0.081081,0.025641,0.904762
2025-02-17,TTM,0,,0.000000,,1_10 1_3 2_10 2_12 2_9 3_10 3_11 3_3 4_1 4_11 4_3 4_4 5_7 6_10 6_4 6_8 7_13 7_5 7_9 8_10,,0.428571,0.428571,,0.481481,0.052632,0.428571,0.052632,0.052632,0.025641,0.428571
2025-02-17,ET,0,,0.000000,,1_10 2_10 2_12 2_9 3_10 3_11 3_12 3_13 3_3 4_0 4_1 4_13 4_4 5_1 5_3 6_10 6_4 7_5 7_6 7_9,,0.600000,0.666667,0.481481,,0.111111,0.666667,0.111111,0.111111,0.025641,0.666667
2025-02-17,B5: B2+B3,0,,0.000000,,0_0 0_1 0_2 1_0 1_1 1_10 1_2 2_0 2_1 2_10 3_0 3_1 4_0 5_0 5_1 6_0 7_0 7_1 8_0 8_1,,0.081081,0.081081,0.052632,0.111111,,0.081081,0.904762,0.904762,0.052632,0.081081
2025-02-17,B4: B1+B3,0,,0.000000,,1_10 2_10 2_9 3_10 3_11 3_12 3_13 3_3 4_1 4_2 4_3 4_4 5_1 5_2 5_3 6_12 6_4 7_5 7_6 7_9,,0.739130,1.000000,0.428571,0.666667,0.081081,,0.081081,0.081081,0.025641,0.904762
2025-02-17,B2: Recent MA,0,,0.000000,,0_0 0_1 0_2 1_0 1_1 1_10 1_2 2_0 2_1 3_0 3_1 4_0 4_1 5_0 5_1 6_0 7_0 7_1 8_0 8_1,,0.081081,0.081081,0.052632,0.111111,0.904762,0.081081,,0.904762,0.052632,0.081081
2025-02-17,B3: DoY season,0,,0.000000,,0_0 0_1 0_2 1_0 1_1 1_2 2_0 2_1 2_10 3_0 3_1 4_0 4_1 5_0 5_1 6_0 7_0 7_1 8_0 8_1,,0.081081,0.081081,0.052632,0.111111,0.904762,0.081081,0.904762,,0.052632,0.081081
2025-02-17,B0: Random,0,,0.000000,,0_0 0_13 0_4 0_9 1_8 1_9 2_14 2_7 3_10 3_2 3_4 5_0 5_14 5_15 5_6 6_5 7_7 8_12 8_5 8_7,,0.025641,0.025641,0.025641,0.025641,0.052632,0.025641,0.052632,0.052632,,0.025641
2025-02-18,GLM-Logit,1,1.000000,0.050000,4_3,1_10 2_10 2_9 3_10 3_11 3_12 3_13 3_3 4_1 4_4 5_1 5_2 5_3 5_4 6_12 6_4 7_5 7_6 7_9,,0.818182,0.904762,0.428571,0.666667,0.081081,0.904762,0.081081,0.081081,0.025641,
2025-02-18,HierBayes,1,1.000000,0.050000,4_3,1_10 1_11 2_10 2_9 3_10 3_11 3_12 3_13 3_3 4_1 4_4 5_1 5_2 5_3 5_4 6_4 7_4 7_5 7_9,,,0.739130,0.428571,0.600000,0.081081,0.739130,0.081081,0.081081,0.000000,0.818182
2025-02-18,B1: Static prior,1,1.000000,0.050000,4_3,1_10 2_10 2_9 3_10 3_11 3_12 3_13 3_3 4_1 4_2 4_4 5_1 5_2 5_3 6_12 6_4 7_5 7_6 7_9,,0.739130,,0.379310,0.666667,0.081081,1.000000,0.081081,0.081081,0.025641,0.904762
2025-02-18,TTM,1,1.000000,0.050000,4_3,1_10 2_1 2_10 2_12 2_9 3_10 3_11 3_12 3_2 4_11 5_3 5_4 5_7 6_10 6_4 7_12 7_5 7_9 8_10,,0.428571,0.379310,,0.428571,0.081081,0.379310,0.052632,0.052632,0.052632,0.428571
2025-02-18,ET,1,0.000000,0.000000,,1_10 2_10 2_12 2_9 3_10 3_11 3_12 3_13 3_3 4_0 4_1 4_13 4_4 5_1 5_3 6_10 6_4 7_5 7_6 7_9,4_3,0.600000,0.666667,0.428571,,0.111111,0.666667,0.111111,0.111111,0.025641,0.666667
2025-02-18,B5: B2+B3,1,0.000000,0.000000,,0_0 0_1 0_2 1_0 1_1 1_10 1_2 2_0 2_1 2_10 3_0 3_1 4_0 5_0 5_1 6_0 7_0 7_1 8_0 8_1,4_3,0.081081,0.081081,0.081081,0.111111,,0.081081,0.904762,0.904762,0.025641,0.081081
2025-02-18,B4: B1+B3,1,1.000000,0.050000,4_3,1_10 2_10 2_9 3_10 3_11 3_12 3_13 3_3 4_1 4_2 4_4 5_1 5_2 5_3 6_12 6_4 7_5 7_6 7_9,,0.739130,1.000000,0.379310,0.666667,0.081081,,0.081081,0.081081,0.025641,0.904762
2025-02-18,B2: Recent MA,1,0.000000,0.000000,,0_0 0_1 0_2 1_0 1_1 1_10 1_2 2_0 2_1 3_0 3_1 4_0 4_1 5_0 5_1 6_0 7_0 7_1 8_0 8_1,4_3,0.081081,0.081081,0.052632,0.111111,0.904762,0.081081,,0.904762,0.025641,0.081081
2025-02-18,B3: DoY season,1,0.000000,0.000000,,0_0 0_1 0_2 1_0 1_1 1_2 2_0 2_1 2_10 3_0 3_1 4_0 4_1 5_0 5_1 6_0 7_0 7_1 8_0 8_1,4_3,0.081081,0.081081,0.052632,0.111111,0.904762,0.081081,0.904762,,0.025641,0.081081
2025-02-18,B0: Random,1,0.000000,0.000000,,0_11 0_12 0_13 1_12 1_14 1_4 2_5 3_15 3_4 4_11 5_7 6_1 6_14 6_2 6_7 7_14 7_6 8_1 8_8 8_9,4_3,0.000000,0.025641,0.052632,0.025641,0.025641,0.025641,0.025641,0.025641,,0.025641
2025-02-19,GLM-Logit,0,,0.000000,,1_10 2_10 2_9 3_10 3_11 3_12 3_13 3_3 4_1 4_3 4_4 5_1 5_2 5_3 5_4 6_12 6_4 7_5 7_6 7_9,,0.818182,0.904762,0.379310,0.666667,0.111111,0.904762,0.111111,0.081081,0.052632,
2025-02-19,HierBayes,0,,0.000000,,1_10 1_11 2_10 2_9 3_10 3_11 3_12 3_13 3_3 4_1 4_3 4_4 5_1 5_2 5_3 5_4 6_4 7_4 7_5 7_9,,,0.739130,0.379310,0.600000,0.111111,0.739130,0.111111,0.081081,0.081081,0.818182
2025-02-19,B1: Static prior,0,,0.000000,,1_10 2_10 2_9 3_10 3_11 3_12 3_13 3_3 4_1 4_2 4_3 4_4 5_1 5_2 5_3 6_12 6_4 7_5 7_6 7_9,,0.739130,,0.333333,0.666667,0.111111,1.000000,0.111111,0.081081,0.052632,0.904762
2025-02-19,TTM,0,,0.000000,,0_8 0_9 1_10 2_10 2_12 2_2 3_10 3_12 3_13 4_3 4_7 5_10 5_3 5_4 5_7 6_10 6_3 6_4 7_5 7_9,,0.379310,0.333333,,0.379310,0.081081,0.333333,0.052632,0.025641,0.111111,0.379310
2025-02-19,ET,0,,0.000000,,1_10 2_10 2_12 2_9 3_10 3_11 3_12 3_13 3_3 4_0 4_1 4_13 4_4 5_1 5_3 6_10 6_4 7_5 7_6 7_9,,0.600000,0.666667,0.379310,,0.111111,0.666667,0.111111,0.111111,0.081081,0.666667
2025-02-19,B5: B2+B3,0,,0.000000,,0_0 0_1 0_2 1_0 1_1 1_10 2_0 2_1 2_10 3_0 3_1 4_0 4_1 4_3 5_0 6_0 6_1 7_1 8_0 8_1,,0.111111,0.111111,0.081081,0.111111,,0.111111,0.904762,0.739130,0.052632,0.111111
2025-02-19,B4: B1+B3,0,,0.000000,,1_10 2_10 2_9 3_10 3_11 3_12 3_13 3_3 4_1 4_2 4_3 4_4 5_1 5_2 5_3 6_12 6_4 7_5 7_6 7_9,,0.739130,1.000000,0.333333,0.666667,0.111111,,0.111111,0.081081,0.052632,0.904762
2025-02-19,B2: Recent MA,0,,0.000000,,0_0 0_1 0_2 1_0 1_1 1_10 2_0 2_1 3_0 3_1 4_0 4_1 4_3 5_0 5_1 6_0 6_1 7_1 8_0 8_1,,0.111111,0.111111,0.052632,0.111111,0.904762,0.111111,,0.739130,0.052632,0.111111
2025-02-19,B3: DoY season,0,,0.000000,,0_0 0_1 0_2 1_0 1_1 1_2 2_0 2_1 2_10 3_0 3_1 4_0 4_1 5_0 5_1 6_0 7_0 7_1 8_0 8_1,,0.081081,0.081081,0.025641,0.111111,0.739130,0.081081,0.739130,,0.052632,0.081081
2025-02-19,B0: Random,0,,0.000000,,0_0 0_12 0_6 0_8 1_11 2_1 2_11 3_2 3_7 4_13 4_15 4_7 5_13 5_2 5_6 6_10 6_15 6_7 7_2 7_9,,0.081081,0.052632,0.111111,0.081081,0.052632,0.052632,0.052632,0.052632,,0.052632
2025-02-20,GLM-Logit,0,,0.000000,,1_10 2_10 2_9 3_10 3_11 3_12 3_13 3_3 4_1 4_3 4_4 5_1 5_2 5_3 5_4 6_12 6_4 7_5 7_6 7_9,,0.818182,0.904762,0.428571,0.666667,0.111111,0.904762,0.111111,0.081081,0.025641,
2025-02-20,HierBayes,0,,0.000000,,1_10 1_11 2_10 2_9 3_10 3_11 3_12 3_13 3_3 4_1 4_3 4_4 5_1 5_2 5_3 5_4 6_4 7_4 7_5 7_9,,,0.739130,0.428571,0.600000,0.111111,0.739130,0.111111,0.081081,0.025641,0.818182
2025-02-20,B1: Static prior,0,,0.000000,,1_10 2_10 2_9 3_10 3_11 3_12 3_13 3_3 4_1 4_2 4_3 4_4 5_1 5_2 5_3 6_12 6_4 7_5 7_6 7_9,,0.739130,,0.379310,0.666667,0.111111,1.000000,0.111111,0.081081,0.025641,0.904762
2025-02-20,TTM,0,,0.000000,,0_8 0_9 1_10 1_11 1_3 2_10 2_12 2_8 2_9 3_10 4_1 4_3 5_10 5_2 5_4 6_10 6_12 6_4 7_5 7_9,,0.428571,0.379310,,0.333333,0.111111,0.379310,0.081081,0.052632,0.025641,0.428571
2025-02-20,ET,0,,0.000000,,1_10 2_10 2_12 2_9 3_10 3_11 3_12 3_13 3_3 4_0 4_1 4_13 4_4 5_1 5_3 6_10 6_4 7_5 7_6 7_9,,0.600000,0.666667,0.333333,,0.111111,0.666667,0.111111,0.111111,0.025641,0.666667
2025-02-20,B5: B2+B3,0,,0.000000,,0_0 0_1 0_2 1_0 1_1 1_10 2_0 2_1 2_10 3_0 3_1 4_0 4_1 4_3 5_0 6_0 6_1 7_1 8_0 8_1,,0.111111,0.111111,0.111111,0.111111,,0.111111,0.904762,0.739130,0.025641,0.111111
2025-02-20,B4: B1+B3,0,,0.000000,,1_10 2_10 2_9 3_10 3_11 3_12 3_13 3_3 4_1 4_2 4_3 4_4 5_1 5_2 5_3 6_12 6_4 7_5 7_6 7_9,,0.739130,1.000000,0.379310,0.666667,0.111111,,0.111111,0.081081,0.025641,0.904762
2025-02-20,B2: Recent MA,0,,0.000000,,0_0 0_1 0_2 1_0 1_1 1_10 2_0 2_1 3_0 3_1 4_0 4_1 4_3 5_0 5_1 6_0 6_1 7_1 8_0 8_1,,0.111111,0.111111,0.081081,0.111111,0.904762,0.111111,,0.739130,0.025641,0.111111
2025-02-20,B3: DoY season,0,,0.000000,,0_0 0_1 0_2 1_0 1_1 1_2 2_0 2_1 2_10 3_0 3_1 4_0 4_1 5_0 5_1 6_0 7_0 7_1 8_0 8_1,,0.081081,0.081081,0.052632,0.111111,0.739130,0.081081,0.739130,,0.025641,0.081081
2025-02-20,B0: Random,0,,0.000000,,0_13 0_14 0_15 0_5 1_5 2_3 3_0 3_11 3_6 3_9 4_15 4_9 5_10 5_14 5_7 6_13 6_6 7_15 8_10 8_7,,0.025641,0.025641,0.025641,0.025641,0.025641,0.025641,0.025641,0.025641,,0.025641
2025-02-21,GLM-Logit,0,,0.000000,,1_10 2_10 2_9 3_10 3_11 3_12 3_13 3_3 4_1 4_3 4_4 5_1 5_2 5_3 5_4 6_12 6_4 7_5 7_6 7_9,,0.818182,0.904762,0.428571,0.666667,0.111111,0.904762,0.111111,0.081081,0.025641,
2025-02-21,HierBayes,0,,0.000000,,1_10 1_11 2_10 2_9 3_10 3_11 3_12 3_13 3_3 4_1 4_3 4_4 5_1 5_2 5_3 5_4 6_4 7_4 7_5 7_9,,,0.739130,0.481481,0.600000,0.111111,0.739130,0.111111,0.081081,0.025641,0.818182
2025-02-21,B1: Static prior,0,,0.000000,,1_10 2_10 2_9 3_10 3_11 3_12 3_13 3_3 4_1 4_2 4_3 4_4 5_1 5_2 5_3 6_12 6_4 7_5 7_6 7_9,,0.739130,,0.379310,0.666667,0.111111,1.000000,0.111111,0.081081,0.025641,0.904762
2025-02-21,TTM,0,,0.000000,,1_10 1_11 2_10 2_12 2_2 2_9 3_10 3_12 3_2 4_1 5_1 5_3 5_4 5_6 6_0 6_10 6_4 6_6 7_5 7_9,,0.481481,0.379310,,0.481481,0.111111,0.379310,0.111111,0.111111,0.052632,0.428571
2025-02-21,ET,0,,0.000000,,1_10 2_10 2_12 2_9 3_10 3_11 3_12 3_13 3_3 4_0 4_1 4_13 4_4 5_1 5_3 6_10 6_4 7_5 7_6 7_9,,0.600000,0.666667,0.481481,,0.111111,0.666667,0.111111,0.111111,0.081081,0.666667
2025-02-21,B5: B2+B3,0,,0.000000,,0_0 0_1 0_2 1_0 1_1 1_10 2_0 2_1 2_10 3_1 4_0 4_3 5_0 5_1 6_0 6_1 7_0 7_1 8_0 8_1,,0.111111,0.111111,0.111111,0.111111,,0.111111,0.818182,0.739130,0.052632,0.111111
2025-02-21,B4: B1+B3,0,,0.000000,,1_10 2_10 2_9 3_10 3_11 3_12 3_13 3_3 4_1 4_2 4_3 4_4 5_1 5_2 5_3 6_12 6_4 7_5 7_6 7_9,,0.739130,1.000000,0.379310,0.666667,0.111111,,0.111111,0.081081,0.025641,0.904762
2025-02-21,B2: Recent MA,0,,0.000000,,0_0 0_1 0_2 1_0 1_1 1_10 2_0 2_1 3_0 3_1 4_0 4_1 4_3 5_0 5_1 6_0 6_1 7_1 8_0 8_1,,0.111111,0.111111,0.111111,0.111111,0.818182,0.111111,,0.739130,0.052632,0.111111
2025-02-21,B3: DoY season,0,,0.000000,,0_0 0_1 0_2 1_0 1_1 1_2 2_0 2_1 2_10 3_0 3_1 4_0 4_1 5_0 5_1 6_0 7_0 7_1 8_0 8_1,,0.081081,0.081081,0.111111,0.111111,0.739130,0.081081,0.739130,,0.052632,0.081081
2025-02-21,B0: Random,0,,0.000000,,0_15 0_2 0_6 1_8 1_9 2_12 2_13 2_15 2_4 3_13 4_9 5_10 5_5 6_10 6_2 6_3 6_5 7_2 8_0 8_6,,0.025641,0.025641,0.052632,0.081081,0.052632,0.025641,0.052632,0.052632,,0.025641
2025-02-22,GLM-Logit,0,,0.000000,,1_10 2_10 2_9 3_10 3_11 3_12 3_13 3_3 4_1 4_3 4_4 5_1 5_2 5_3 5_4 6_12 6_4 7_5 7_6 7_9,,0.818182,0.904762,0.481481,0.666667,0.111111,0.904762,0.111111,0.081081,0.081081,
2025-02-22,HierBayes,0,,0.000000,,1_10 1_11 2_10 2_9 3_10 3_11 3_12 3_13 3_3 4_1 4_3 4_4 5_1 5_2 5_3 5_4 6_4 7_4 7_5 7_9,,,0.739130,0.428571,0.600000,0.111111,0.739130,0.111111,0.081081,0.081081,0.818182
2025-02-22,B1: Static prior,0,,0.000000,,1_10 2_10 2_9 3_10 3_11 3_12 3_13 3_3 4_1 4_2 4_3 4_4 5_1 5_2 5_3 6_12 6_4 7_5 7_6 7_9,,0.739130,,0.481481,0.666667,0.111111,1.000000,0.111111,0.081081,0.081081,0.904762
2025-02-22,TTM,0,,0.000000,,1_10 2_10 2_12 2_2 2_9 3_10 3_12 3_13 4_3 5_1 5_11 5_3 5_6 5_7 6_4 6_5 7_5 7_6 7_7 7_9,,0.428571,0.481481,,0.481481,0.111111,0.481481,0.081081,0.052632,0.081081,0.481481
2025-02-22,ET,0,,0.000000,,1_10 2_10 2_12 2_9 3_10 3_11 3_12 3_13 3_3 4_0 4_1 4_13 4_4 5_1 5_3 6_10 6_4 7_5 7_6 7_9,,0.600000,0.666667,0.481481,,0.111111,0.666667,0.111111,0.111111,0.081081,0.666667
2025-02-22,B5: B2+B3,0,,0.000000,,0_0 0_1 0_2 1_0 1_1 1_10 2_0 2_1 2_10 3_1 4_0 4_3 5_0 5_1 6_0 6_1 7_0 7_1 8_0 8_1,,0.111111,0.111111,0.111111,0.111111,,0.111111,0.818182,0.739130,0.052632,0.111111
2025-02-22,B4: B1+B3,0,,0.000000,,1_10 2_10 2_9 3_10 3_11 3_12 3_13 3_3 4_1 4_2 4_3 4_4 5_1 5_2 5_3 6_12 6_4 7_5 7_6 7_9,,0.739130,1.000000,0.481481,0.666667,0.111111,,0.111111,0.081081,0.081081,0.904762
2025-02-22,B2: Recent MA,0,,0.000000,,0_0 0_1 0_2 1_0 1_1 1_10 2_0 2_1 3_0 3_1 4_0 4_1 4_3 5_0 5_1 6_0 6_1 7_1 8_0 8_1,,0.111111,0.111111,0.081081,0.111111,0.818182,0.111111,,0.739130,0.081081,0.111111
2025-02-22,B3: DoY season,0,,0.000000,,0_0 0_1 0_2 1_0 1_1 1_2 2_0 2_1 2_10 3_0 3_1 4_0 4_1 5_0 5_1 6_0 7_0 7_1 8_0 8_1,,0.081081,0.081081,0.052632,0.111111,0.739130,0.081081,0.739130,,0.081081,0.081081
2025-02-22,B0: Random,0,,0.000000,,0_11 0_13 0_2 0_8 0_9 1_6 2_0 2_5 2_9 3_0 3_15 4_11 4_12 4_15 4_7 5_12 6_9 7_5 7_9 8_8,,0.081081,0.081081,0.081081,0.081081,0.052632,0.081081,0.081081,0.081081,,0.081081
2025-02-23,GLM-Logit,1,1.000000,0.050000,3_10,1_10 2_10 2_9 3_11 3_12 3_13 3_3 4_1 4_3 4_4 5_1 5_2 5_3 5_4 6_12 6_4 7_5 7_6 7_9,,0.818182,0.904762,0.428571,0.666667,0.111111,0.904762,0.111111,0.081081,0.142857,
2025-02-23,HierBayes,1,1.000000,0.050000,3_10,1_10 1_11 2_10 2_9 3_11 3_12 3_13 3_3 4_1 4_3 4_4 5_1 5_2 5_3 5_4 6_4 7_4 7_5 7_9,,,0.739130,0.379310,0.600000,0.111111,0.739130,0.111111,0.081081,0.142857,0.818182
2025-02-23,B1: Static prior,1,1.000000,0.050000,3_10,1_10 2_10 2_9 3_11 3_12 3_13 3_3 4_1 4_2 4_3 4_4 5_1 5_2 5_3 6_12 6_4 7_5 7_6 7_9,,0.739130,,0.481481,0.666667,0.111111,1.000000,0.111111,0.081081,0.142857,0.904762
2025-02-23,TTM,1,1.000000,0.050000,3_10,1_10 2_10 2_12 2_2 2_9 3_11 3_13 3_14 4_2 4_4 4_7 5_1 5_11 5_7 6_4 7_10 7_5 7_6 7_9,,0.379310,0.481481,,0.481481,0.081081,0.481481,0.052632,0.052632,0.111111,0.428571
2025-02-23,ET,1,1.000000,0.050000,3_10,1_10 2_10 2_12 2_9 3_11 3_12 3_13 3_3 4_0 4_1 4_13 4_4 5_1 5_3 6_10 6_4 7_5 7_6 7_9,,0.600000,0.666667,0.481481,,0.111111,0.666667,0.111111,0.111111,0.111111,0.666667
2025-02-23,B5: B2+B3,1,0.000000,0.000000,,0_0 0_1 0_2 1_0 1_1 1_10 2_0 2_1 2_10 3_1 4_0 4_3 5_0 5_1 6_0 6_1 7_0 7_1 8_0 8_1,3_10,0.111111,0.111111,0.081081,0.111111,,0.111111,0.818182,0.739130,0.142857,0.111111
2025-02-23,B4: B1+B3,1,1.000000,0.050000,3_10,1_10 2_10 2_9 3_11 3_12 3_13 3_3 4_1 4_2 4_3 4_4 5_1 5_2 5_3 6_12 6_4 7_5 7_6 7_9,,0.739130,1.000000,0.481481,0.666667,0.111111,,0.111111,0.081081,0.142857,0.904762
2025-02-23,B2: Recent MA,1,0.000000,0.000000,,0_0 0_1 0_2 1_0 1_1 1_10 2_0 2_1 3_0 3_1 4_0 4_1 4_3 5_0 5_1 6_0 6_1 7_1 8_0 8_1,3_10,0.111111,0.111111,0.052632,0.111111,0.818182,0.111111,,0.739130,0.111111,0.111111
2025-02-23,B3: DoY season,1,0.000000,0.000000,,0_0 0_1 0_2 1_0 1_1 1_2 2_0 2_1 2_10 3_0 3_1 4_0 4_1 5_0 5_1 6_0 7_0 7_1 8_0 8_1,3_10,0.081081,0.081081,0.052632,0.111111,0.739130,0.081081,0.739130,,0.111111,0.081081
2025-02-23,B0: Random,1,0.000000,0.000000,,0_0 0_1 0_5 1_13 1_15 1_5 2_10 2_3 2_4 2_5 3_12 3_13 3_14 3_5 4_3 4_4 5_0 6_13 6_15 8_9,3_10,0.142857,0.142857,0.111111,0.111111,0.142857,0.142857,0.111111,0.111111,,0.142857
2025-02-24,GLM-Logit,0,,0.000000,,1_10 2_10 2_9 3_10 3_11 3_12 3_13 3_3 4_1 4_3 4_4 5_1 5_2 5_3 5_4 6_12 6_4 7_5 7_6 7_9,,0.818182,0.904762,0.428571,0.666667,0.142857,0.904762,0.111111,0.081081,0.081081,
2025-02-24,HierBayes,0,,0.000000,,1_10 1_11 2_10 2_9 3_10 3_11 3_12 3_13 3_3 4_1 4_3 4_4 5_1 5_2 5_3 5_4 6_4 7_4 7_5 7_9,,,0.739130,0.428571,0.600000,0.142857,0.739130,0.111111,0.081081,0.081081,0.818182
2025-02-24,B1: Static prior,0,,0.000000,,1_10 2_10 2_9 3_10 3_11 3_12 3_13 3_3 4_1 4_2 4_3 4_4 5_1 5_2 5_3 6_12 6_4 7_5 7_6 7_9,,0.739130,,0.428571,0.666667,0.142857,1.000000,0.111111,0.081081,0.081081,0.904762
2025-02-24,TTM,0,,0.000000,,0_9 1_10 2_10 2_12 2_2 2_9 3_10 3_11 3_13 3_14 4_3 4_4 4_7 5_1 5_11 5_3 6_4 6_7 7_7 7_9,,0.428571,0.428571,,0.428571,0.142857,0.428571,0.081081,0.052632,0.081081,0.428571
2025-02-24,ET,0,,0.000000,,1_10 2_10 2_12 2_9 3_10 3_11 3_12 3_13 3_3 4_0 4_1 4_13 4_4 5_1 5_3 6_10 6_4 7_5 7_6 7_9,,0.600000,0.666667,0.428571,,0.142857,0.666667,0.111111,0.111111,0.081081,0.666667
2025-02-24,B5: B2+B3,0,,0.000000,,0_0 0_1 0_2 1_0 1_1 1_10 2_0 2_1 2_10 3_10 4_0 4_3 5_0 5_1 6_0 6_1 7_0 7_1 8_0 8_1,,0.142857,0.142857,0.142857,0.142857,,0.142857,0.739130,0.666667,0.052632,0.142857
2025-02-24,B4: B1+B3,0,,0.000000,,1_10 2_10 2_9 3_10 3_11 3_12 3_13 3_3 4_1 4_2 4_3 4_4 5_1 5_2 5_3 6_12 6_4 7_5 7_6 7_9,,0.739130,1.000000,0.428571,0.666667,0.142857,,0.111111,0.081081,0.081081,0.904762
2025-02-24,B2: Recent MA,0,,0.000000,,0_0 0_1 0_2 1_0 1_1 1_10 2_0 2_1 3_0 3_1 3_10 4_0 4_1 4_3 5_0 6_0 6_1 7_1 8_0 8_1,,0.111111,0.111111,0.081081,0.111111,0.739130,0.111111,,0.666667,0.052632,0.111111
2025-02-24,B3: DoY season,0,,0.000000,,0_0 0_1 0_2 1_0 1_1 1_2 2_0 2_1 2_10 3_0 3_1 4_0 4_1 5_0 5_1 6_0 7_0 7_1 8_0 8_1,,0.081081,0.081081,0.052632,0.111111,0.666667,0.081081,0.666667,,0.052632,0.081081
2025-02-24,B0: Random,0,,0.000000,,0_1 0_14 0_6 1_0 1_7 2_14 2_15 3_11 3_15 3_2 3_5 4_11 4_15 5_13 5_15 5_3 6_4 7_12 7_15 8_14,,0.081081,0.081081,0.081081,0.081081,0.052632,0.081081,0.052632,0.052632,,0.081081
2025-02-25,GLM-Logit,0,,0.000000,,1_10 2_10 2_9 3_10 3_11 3_12 3_13 3_3 4_1 4_3 4_4 5_1 5_2 5_3 5_4 6_12 6_4 7_5 7_6 7_9,,0.818182,0.904762,0.481481,0.666667,0.142857,0.904762,0.111111,0.081081,0.025641,
2025-02-25,HierBayes,0,,0.000000,,1_10 1_11 2_10 2_9 3_10 3_11 3_12 3_13 3_3 4_1 4_3 4_4 5_1 5_2 5_3 5_4 6_4 7_4 7_5 7_9,,,0.739130,0.428571,0.600000,0.142857,0.739130,0.111111,0.081081,0.025641,0.818182
2025-02-25,B1: Static prior,0,,0.000000,,1_10 2_10 2_9 3_10 3_11 3_12 3_13 3_3 4_1 4_2 4_3 4_4 5_1 5_2 5_3 6_12 6_4 7_5 7_6 7_9,,0.739130,,0.538462,0.666667,0.142857,1.000000,0.111111,0.081081,0.025641,0.904762
2025-02-25,TTM,0,,0.000000,,1_10 1_9 2_10 2_12 2_2 2_9 3_10 3_11 3_3 4_2 4_3 5_1 5_11 5_3 6_4 7_10 7_5 7_6 7_8 7_9,,0.428571,0.538462,,0.481481,0.142857,0.538462,0.081081,0.052632,0.052632,0.481481
2025-02-25,ET,0,,0.000000,,1_10 2_10 2_12 2_9 3_10 3_11 3_12 3_13 3_3 4_0 4_1 4_13 4_4 5_1 5_3 6_10 6_4 7_5 7_6 7_9,,0.600000,0.666667,0.481481,,0.142857,0.666667,0.111111,0.111111,0.025641,0.666667
2025-02-25,B5: B2+B3,0,,0.000000,,0_0 0_1 0_2 1_0 1_1 1_10 2_0 2_1 2_10 3_10 4_0 4_3 5_0 5_1 6_0 6_1 7_0 7_1 8_0 8_1,,0.142857,0.142857,0.142857,0.142857,,0.142857,0.739130,0.666667,0.000000,0.142857
2025-02-25,B4: B1+B3,0,,0.000000,,1_10 2_10 2_9 3_10 3_11 3_12 3_13 3_3 4_1 4_2 4_3 4_4 5_1 5_2 5_3 6_12 6_4 7_5 7_6 7_9,,0.739130,1.000000,0.538462,0.666667,0.142857,,0.111111,0.081081,0.025641,0.904762
2025-02-25,B2: Recent MA,0,,0.000000,,0_0 0_1 0_2 1_0 1_1 1_10 2_0 2_1 3_0 3_1 3_10 4_0 4_1 4_3 5_0 6_0 6_1 7_1 8_0 8_1,,0.111111,0.111111,0.081081,0.111111,0.739130,0.111111,,0.666667,0.000000,0.111111
2025-02-25,B3: DoY season,0,,0.000000,,0_0 0_1 0_2 1_0 1_1 1_2 2_0 2_1 2_10 3_0 3_1 4_0 4_1 5_0 5_1 6_0 7_0 7_1 8_0 8_1,,0.081081,0.081081,0.052632,0.111111,0.666667,0.081081,0.666667,,0.000000,0.081081
2025-02-25,B0: Random,0,,0.000000,,0_10 0_12 0_7 0_9 1_14 1_6 2_3 3_11 3_4 3_6 3_7 4_6 4_7 6_14 7_13 7_8 8_14 8_2 8_6 8_7,,0.025641,0.025641,0.052632,0.025641,0.000000,0.025641,0.000000,0.000000,,0.025641
2025-02-26,GLM-Logit,0,,0.000000,,1_10 2_10 2_9 3_10 3_11 3_12 3_13 3_3 4_1 4_3 4_4 5_1 5_2 5_3 5_4 6_12 6_4 7_5 7_6 7_9,,0.818182,0.904762,0.379310,0.666667,0.142857,0.904762,0.111111,0.081081,0.081081,
2025-02-26,HierBayes,0,,0.000000,,1_10 1_11 2_10 2_9 3_10 3_11 3_12 3_13 3_3 4_1 4_3 4_4 5_1 5_2 5_3 5_4 6_4 7_4 7_5 7_9,,,0.739130,0.333333,0.600000,0.142857,0.739130,0.111111,0.081081,0.081081,0.818182
2025-02-26,B1: Static prior,0,,0.000000,,1_10 2_10 2_9 3_10 3_11 3_12 3_13 3_3 4_1 4_2 4_3 4_4 5_1 5_2 5_3 6_12 6_4 7_5 7_6 7_9,,0.739130,,0.379310,0.666667,0.142857,1.000000,0.111111,0.081081,0.111111,0.904762
2025-02-26,TTM,0,,0.000000,,1_10 2_10 2_12 2_2 2_9 3_10 3_11 3_2 4_10 4_12 4_3 5_1 5_5 6_12 6_4 6_7 7_10 7_5 7_8 7_9,,0.333333,0.379310,,0.333333,0.142857,0.379310,0.081081,0.052632,0.052632,0.379310
2025-02-26,ET,0,,0.000000,,1_10 2_10 2_12 2_9 3_10 3_11 3_12 3_13 3_3 4_0 4_1 4_13 4_4 5_1 5_3 6_10 6_4 7_5 7_6 7_9,,0.600000,0.666667,0.333333,,0.142857,0.666667,0.111111,0.111111,0.111111,0.666667
2025-02-26,B5: B2+B3,0,,0.000000,,0_0 0_1 0_2 1_0 1_1 1_10 2_0 2_1 2_10 3_10 4_0 4_3 5_0 5_1 6_0 6_1 7_0 7_1 8_0 8_1,,0.142857,0.142857,0.142857,0.142857,,0.142857,0.739130,0.666667,0.176471,0.142857
2025-02-26,B4: B1+B3,0,,0.000000,,1_10 2_10 2_9 3_10 3_11 3_12 3_13 3_3 4_1 4_2 4_3 4_4 5_1 5_2 5_3 6_12 6_4 7_5 7_6 7_9,,0.739130,1.000000,0.379310,0.666667,0.142857,,0.111111,0.081081,0.111111,0.904762
2025-02-26,B2: Recent MA,0,,0.000000,,0_0 0_1 0_2 1_0 1_1 1_10 2_0 2_1 3_0 3_1 3_10 4_0 4_1 4_3 5_0 6_0 6_1 7_1 8_0 8_1,,0.111111,0.111111,0.081081,0.111111,0.739130,0.111111,,0.666667,0.142857,0.111111
2025-02-26,B3: DoY season,0,,0.000000,,0_0 0_1 0_2 1_0 1_1 1_2 2_0 2_1 2_10 3_0 3_1 4_0 4_1 5_0 5_1 6_0 7_0 7_1 8_0 8_1,,0.081081,0.081081,0.052632,0.111111,0.666667,0.081081,0.666667,,0.111111,0.081081
2025-02-26,B0: Random,0,,0.000000,,0_0 1_1 1_10 2_15 2_3 3_12 3_14 3_5 4_11 4_13 4_14 4_2 4_7 5_0 5_1 6_1 6_5 6_6 7_11 8_3,,0.081081,0.111111,0.052632,0.111111,0.176471,0.111111,0.142857,0.111111,,0.081081
2025-02-27,GLM-Logit,0,,0.000000,,1_10 2_10 2_9 3_10 3_11 3_12 3_13 3_3 4_1 4_3 4_4 5_1 5_2 5_3 5_4 6_12 6_4 7_5 7_6 7_9,,0.818182,0.904762,0.481481,0.666667,0.176471,0.904762,0.111111,0.111111,0.025641,
2025-02-27,HierBayes,0,,0.000000,,1_10 1_11 2_10 2_9 3_10 3_11 3_12 3_13 3_3 4_1 4_3 4_4 5_1 5_2 5_3 5_4 6_4 7_4 7_5 7_9,,,0.739130,0.379310,0.600000,0.142857,0.739130,0.111111,0.081081,0.025641,0.818182
2025-02-27,B1: Static prior,0,,0.000000,,1_10 2_10 2_9 3_10 3_11 3_12 3_13 3_3 4_1 4_2 4_3 4_4 5_1 5_2 5_3 6_12 6_4 7_5 7_6 7_9,,0.739130,,0.481481,0.666667,0.176471,1.000000,0.111111,0.111111,0.025641,0.904762
2025-02-27,TTM,0,,0.000000,,1_10 2_10 2_12 2_2 2_9 3_10 3_2 4_0 4_1 4_12 4_3 5_1 5_3 6_11 6_12 6_4 6_7 7_5 7_6 7_9,,0.379310,0.481481,,0.481481,0.212121,0.481481,0.142857,0.142857,0.052632,0.481481
2025-02-27,ET,0,,0.000000,,1_10 2_10 2_12 2_9 3_10 3_11 3_12 3_13 3_3 4_0 4_1 4_13 4_4 5_1 5_3 6_10 6_4 7_5 7_6 7_9,,0.600000,0.666667,0.481481,,0.176471,0.666667,0.111111,0.142857,0.025641,0.666667
2025-02-27,B5: B2+B3,0,,0.000000,,0_0 0_1 0_2 1_1 1_10 2_0 2_1 2_10 3_10 4_0 4_3 5_0 5_1 6_0 6_1 7_0 7_1 7_6 8_0 8_1,,0.142857,0.176471,0.212121,0.176471,,0.176471,0.666667,0.666667,0.025641,0.176471
2025-02-27,B4: B1+B3,0,,0.000000,,1_10 2_10 2_9 3_10 3_11 3_12 3_13 3_3 4_1 4_2 4_3 4_4 5_1 5_2 5_3 6_12 6_4 7_5 7_6 7_9,,0.739130,1.000000,0.481481,0.666667,0.176471,,0.111111,0.111111,0.025641,0.904762
2025-02-27,B2: Recent MA,0,,0.000000,,0_0 0_1 0_2 1_0 1_1 1_10 2_0 2_1 3_0 3_1 3_10 4_0 4_1 4_3 5_0 6_0 6_1 7_1 8_0 8_1,,0.111111,0.111111,0.142857,0.111111,0.666667,0.111111,,0.600000,0.081081,0.111111
2025-02-27,B3: DoY season,0,,0.000000,,0_0 0_1 0_2 1_0 1_1 1_2 2_0 2_1 2_10 3_1 4_0 4_1 5_0 5_1 6_0 7_0 7_1 7_6 8_0 8_1,,0.081081,0.111111,0.142857,0.142857,0.666667,0.111111,0.600000,,0.025641,0.111111
2025-02-27,B0: Random,0,,0.000000,,0_12 0_4 1_0 1_3 1_6 1_7 2_11 2_2 2_9 3_0 3_6 4_6 6_1 6_2 6_3 7_12 7_15 7_3 7_7 7_8,,0.025641,0.025641,0.052632,0.025641,0.025641,0.025641,0.081081,0.025641,,0.025641
2025-02-28,GLM-Logit,0,,0.000000,,1_10 2_10 2_9 3_10 3_11 3_12 3_13 3_3 4_1 4_3 4_4 5_1 5_2 5_3 5_4 6_12 6_4 7_5 7_6 7_9,,0.818182,0.904762,0.428571,0.666667,0.176471,0.904762,0.111111,0.111111,0.052632,
2025-02-28,HierBayes,0,,0.000000,,1_10 1_11 2_10 2_9 3_10 3_11 3_12 3_13 3_3 4_1 4_3 4_4 5_1 5_2 5_3 5_4 6_4 7_4 7_5 7_9,,,0.739130,0.428571,0.600000,0.142857,0.739130,0.111111,0.081081,0.052632,0.818182
2025-02-28,B1: Static prior,0,,0.000000,,1_10 2_10 2_9 3_10 3_11 3_12 3_13 3_3 4_1 4_2 4_3 4_4 5_1 5_2 5_3 6_12 6_4 7_5 7_6 7_9,,0.739130,,0.379310,0.666667,0.176471,1.000000,0.111111,0.111111,0.052632,0.904762
2025-02-28,TTM,0,,0.000000,,0_10 1_10 2_10 2_9 3_10 3_13 3_3 4_0 4_1 4_13 5_1 5_4 5_5 6_10 6_3 6_4 6_7 7_5 7_8 7_9,,0.428571,0.379310,,0.538462,0.142857,0.379310,0.111111,0.111111,0.052632,0.428571
2025-02-28,ET,0,,0.000000,,1_10 2_10 2_12 2_9 3_10 3_11 3_12 3_13 3_3 4_0 4_1 4_13 4_4 5_1 5_3 6_10 6_4 7_5 7_6 7_9,,0.600000,0.666667,0.538462,,0.176471,0.666667,0.111111,0.142857,0.052632,0.666667
2025-02-28,B5: B2+B3,0,,0.000000,,0_0 0_1 0_2 1_1 1_10 2_0 2_1 2_10 3_10 4_0 4_3 5_0 5_1 6_0 6_1 7_0 7_1 7_6 8_0 8_1,,0.142857,0.176471,0.142857,0.176471,,0.176471,0.666667,0.666667,0.052632,0.176471
2025-02-28,B4: B1+B3,0,,0.000000,,1_10 2_10 2_9 3_10 3_11 3_12 3_13 3_3 4_1 4_2 4_3 4_4 5_1 5_2 5_3 6_12 6_4 7_5 7_6 7_9,,0.739130,1.000000,0.379310,0.666667,0.176471,,0.111111,0.111111,0.052632,0.904762
2025-02-28,B2: Recent MA,0,,0.000000,,0_0 0_1 0_2 1_0 1_1 1_10 2_0 2_1 3_0 3_1 3_10 4_0 4_1 4_3 5_0 6_0 6_1 7_1 8_0 8_1,,0.111111,0.111111,0.111111,0.111111,0.666667,0.111111,,0.600000,0.081081,0.111111
2025-02-28,B3: DoY season,0,,0.000000,,0_0 0_1 0_2 1_0 1_1 1_2 2_0 2_1 2_10 3_1 4_0 4_1 5_0 5_1 6_0 7_0 7_1 7_6 8_0 8_1,,0.081081,0.111111,0.111111,0.142857,0.666667,0.111111,0.600000,,0.081081,0.111111
2025-02-28,B0: Random,0,,0.000000,,0_1 0_12 1_5 1_7 2_11 2_6 4_1 4_15 4_8 5_11 5_9 6_0 6_11 6_15 7_3 7_5 8_10 8_14 8_7 8_8,,0.052632,0.052632,0.052632,0.052632,0.052632,0.052632,0.081081,0.081081,,0.052632
2025-03-01,GLM-Logit,0,,0.000000,,1_10 2_10 2_9 3_10 3_11 3_12 3_13 3_3 4_1 4_3 4_4 5_1 5_2 5_3 5_4 6_12 6_4 7_5 7_6 7_9,,0.818182,0.904762,0.379310,0.666667,0.176471,0.904762,0.111111,0.111111,0.081081,
2025-03-01,HierBayes,0,,0.000000,,1_10 1_11 2_10 2_9 3_10 3_11 3_12 3_13 3_3 4_1 4_3 4_4 5_1 5_2 5_3 5_4 6_4 7_4 7_5 7_9,,,0.739130,0.428571,0.600000,0.142857,0.739130,0.111111,0.081081,0.081081,0.818182
2025-03-01,B1: Static prior,0,,0.000000,,1_10 2_10 2_9 3_10 3_11 3_12 3_13 3_3 4_1 4_2 4_3 4_4 5_1 5_2 5_3 6_12 6_4 7_5 7_6 7_9,,0.739130,,0.379310,0.666667,0.176471,1.000000,0.111111,0.111111,0.052632,0.904762
2025-03-01,TTM,0,,0.000000,,1_10 1_11 2_10 2_11 2_2 2_9 3_13 3_2 3_3 4_1 4_13 4_3 4_7 5_1 6_10 6_3 6_4 7_5 7_7 7_9,,0.428571,0.379310,,0.379310,0.111111,0.379310,0.081081,0.081081,0.142857,0.379310
2025-03-01,ET,0,,0.000000,,1_10 2_10 2_12 2_9 3_10 3_11 3_12 3_13 4_0 4_1 4_13 4_14 4_3 4_4 5_1 5_3 6_4 7_5 7_6 7_9,,0.600000,0.666667,0.379310,,0.212121,0.666667,0.142857,0.142857,0.052632,0.666667
2025-03-01,B5: B2+B3,0,,0.000000,,0_0 0_1 0_2 1_1 1_10 2_0 2_1 2_10 3_10 4_0 4_3 5_0 5_1 6_0 6_1 7_0 7_1 7_6 8_0 8_1,,0.142857,0.176471,0.111111,0.212121,,0.176471,0.666667,0.666667,0.025641,0.176471
2025-03-01,B4: B1+B3,0,,0.000000,,1_10 2_10 2_9 3_10 3_11 3_12 3_13 3_3 4_1 4_2 4_3 4_4 5_1 5_2 5_3 6_12 6_4 7_5 7_6 7_9,,0.739130,1.000000,0.379310,0.666667,0.176471,,0.111111,0.111111,0.052632,0.904762
2025-03-01,B2: Recent MA,0,,0.000000,,0_0 0_1 0_2 1_0 1_1 1_10 2_0 2_1 3_0 3_1 3_10 4_0 4_1 4_3 5_0 6_0 6_1 7_1 8_0 8_1,,0.111111,0.111111,0.081081,0.142857,0.666667,0.111111,,0.600000,0.111111,0.111111
2025-03-01,B3: DoY season,0,,0.000000,,0_0 0_1 0_2 1_0 1_1 1_2 2_0 2_1 2_10 3_1 4_0 4_1 5_0 5_1 6_0 7_0 7_1 7_6 8_0 8_1,,0.081081,0.111111,0.081081,0.142857,0.666667,0.111111,0.600000,,0.111111,0.111111
2025-03-01,B0: Random,0,,0.000000,,0_7 1_0 1_4 2_2 2_5 3_1 3_7 3_8 4_1 5_14 5_4 6_10 6_8 7_13 7_14 7_7 7_9 8_1 8_11 8_2,,0.081081,0.052632,0.142857,0.052632,0.025641,0.052632,0.111111,0.111111,,0.081081
2025-03-02,GLM-Logit,0,,0.000000,,1_10 2_10 2_9 3_10 3_11 3_12 3_13 3_3 4_1 4_3 4_4 5_1 5_2 5_3 5_4 6_12 6_4 7_5 7_6 7_9,,0.818182,0.904762,0.428571,0.666667,0.176471,0.904762,0.111111,0.111111,0.052632,
2025-03-02,HierBayes,0,,0.000000,,1_10 1_11 2_10 2_9 3_10 3_11 3_12 3_13 3_3 4_1 4_3 4_4 5_1 5_2 5_3 5_4 6_4 7_4 7_5 7_9,,,0.739130,0.481481,0.600000,0.142857,0.739130,0.111111,0.081081,0.081081,0.818182
2025-03-02,B1: Static prior,0,,0.000000,,1_10 2_10 2_9 3_10 3_11 3_12 3_13 3_3 4_1 4_2 4_3 4_4 5_1 5_2 5_3 6_12 6_4 7_5 7_6 7_9,,0.739130,,0.379310,0.666667,0.176471,1.000000,0.111111,0.111111,0.081081,0.904762
2025-03-02,TTM,0,,0.000000,,1_10 2_10 2_12 2_15 2_2 2_9 3_10 3_3 4_1 4_13 4_3 5_1 5_2 5_4 5_9 6_4 7_4 7_7 7_9 8_10,,0.481481,0.379310,,0.379310,0.142857,0.379310,0.111111,0.081081,0.111111,0.428571
2025-03-02,ET,0,,0.000000,,1_10 2_10 2_12 2_9 3_10 3_11 3_12 3_13 4_0 4_1 4_13 4_14 4_3 4_4 5_1 5_3 6_4 7_5 7_6 7_9,,0.600000,0.666667,0.379310,,0.212121,0.666667,0.142857,0.142857,0.025641,0.666667
2025-03-02,B5: B2+B3,0,,0.000000,,0_0 0_1 0_2 1_1 1_10 2_0 2_1 2_10 3_10 4_0 4_3 5_0 5_1 6_0 6_1 7_0 7_1 7_6 8_0 8_1,,0.142857,0.176471,0.142857,0.212121,,0.176471,0.666667,0.666667,0.025641,0.176471
2025-03-02,B4: B1+B3,0,,0.000000,,1_10 2_10 2_9 3_10 3_11 3_12 3_13 3_3 4_1 4_2 4_3 4_4 5_1 5_2 5_3 6_12 6_4 7_5 7_6 7_9,,0.739130,1.000000,0.379310,0.666667,0.176471,,0.111111,0.111111,0.081081,0.904762
2025-03-02,B2: Recent MA,0,,0.000000,,0_0 0_1 0_2 1_0 1_1 1_10 2_0 2_1 3_0 3_1 3_10 4_0 4_1 4_3 5_0 6_0 6_1 7_1 8_0 8_1,,0.111111,0.111111,0.111111,0.142857,0.666667,0.111111,,0.600000,0.081081,0.111111
2025-03-02,B3: DoY season,0,,0.000000,,0_0 0_1 0_2 1_0 1_1 1_2 2_0 2_1 2_10 3_1 4_0 4_1 5_0 5_1 6_0 7_0 7_1 7_6 8_0 8_1,,0.081081,0.111111,0.081081,0.142857,0.666667,0.111111,0.600000,,0.081081,0.111111
2025-03-02,B0: Random,0,,0.000000,,0_14 1_0 1_14 2_1 2_15 2_3 3_1 3_15 4_2 4_5 4_9 5_12 5_14 5_2 5_3 5_9 7_15 7_4 8_11 8_8,,0.081081,0.081081,0.111111,0.025641,0.025641,0.081081,0.081081,0.081081,,0.052632
2025-03-03,GLM-Logit,0,,0.000000,,1_10 2_10 2_9 3_10 3_11 3_12 3_13 3_3 4_1 4_3 4_4 5_1 5_2 5_3 5_4 6_12 6_4 7_5 7_6 7_9,,0.818182,0.904762,0.481481,0.666667,0.142857,0.904762,0.111111,0.081081,0.142857,
2025-03-03,HierBayes,0,,0.000000,,1_10 1_11 2_10 2_9 3_10 3_11 3_12 3_13 3_3 4_1 4_3 4_4 5_1 5_2 5_3 5_4 6_4 7_4 7_5 7_9,,,0.739130,0.428571,0.600000,0.111111,0.739130,0.111111,0.052632,0.176471,0.818182
2025-03-03,B1: Static prior,0,,0.000000,,1_10 2_10 2_9 3_10 3_11 3_12 3_13 3_3 4_1 4_2 4_3 4_4 5_1 5_2 5_3 6_12 6_4 7_5 7_6 7_9,,0.739130,,0.428571,0.666667,0.142857,1.000000,0.111111,0.081081,0.111111,0.904762
2025-03-03,TTM,0,,0.000000,,1_10 1_3 2_10 2_14 2_9 3_10 3_9 4_1 4_13 4_3 5_1 5_2 5_4 6_10 6_4 6_5 7_5 7_6 7_8 7_9,,0.428571,0.428571,,0.428571,0.142857,0.428571,0.111111,0.081081,0.052632,0.481481
2025-03-03,ET,0,,0.000000,,1_10 2_10 2_12 2_9 3_10 3_11 3_12 3_13 4_0 4_1 4_13 4_14 4_3 4_4 5_1 5_3 6_4 7_5 7_6 7_9,,0.600000,0.666667,0.428571,,0.176471,0.666667,0.142857,0.111111,0.081081,0.666667
2025-03-03,B5: B2+B3,0,,0.000000,,0_0 0_1 0_2 1_1 1_10 2_0 2_1 3_1 3_10 4_0 4_3 5_0 5_1 6_0 6_1 7_0 7_1 7_6 8_0 8_1,,0.111111,0.142857,0.142857,0.176471,,0.142857,0.739130,0.666667,0.025641,0.142857
2025-03-03,B4: B1+B3,0,,0.000000,,1_10 2_10 2_9 3_10 3_11 3_12 3_13 3_3 4_1 4_2 4_3 4_4 5_1 5_2 5_3 6_12 6_4 7_5 7_6 7_9,,0.739130,1.000000,0.428571,0.666667,0.142857,,0.111111,0.081081,0.111111,0.904762
2025-03-03,B2: Recent MA,0,,0.000000,,0_0 0_1 0_2 1_0 1_1 1_10 2_0 2_1 3_0 3_1 3_10 4_0 4_1 4_3 5_0 6_0 6_1 7_1 8_0 8_1,,0.111111,0.111111,0.111111,0.142857,0.739130,0.111111,,0.666667,0.025641,0.111111
2025-03-03,B3: DoY season,0,,0.000000,,0_0 0_1 0_2 1_0 1_1 1_2 2_0 2_1 3_0 3_1 4_0 4_1 5_0 5_1 6_0 7_0 7_1 7_6 8_0 8_1,,0.052632,0.081081,0.081081,0.111111,0.666667,0.081081,0.666667,,0.025641,0.081081
2025-03-03,B0: Random,0,,0.000000,,0_13 0_3 0_5 0_8 1_8 2_10 2_3 2_7 3_13 3_3 4_4 5_4 6_0 6_2 6_9 7_10 7_2 7_4 8_15 8_3,,0.176471,0.111111,0.052632,0.081081,0.025641,0.111111,0.025641,0.025641,,0.142857
2025-03-04,GLM-Logit,0,,0.000000,,1_10 2_10 2_9 3_10 3_11 3_12 3_13 3_3 4_1 4_3 4_4 5_1 5_2 5_3 5_4 6_12 6_4 7_5 7_6 7_9,,0.818182,0.904762,0.666667,0.666667,0.142857,0.904762,0.111111,0.081081,0.081081,
2025-03-04,HierBayes,0,,0.000000,,1_10 1_11 2_10 2_9 3_10 3_11 3_12 3_13 3_3 4_1 4_3 4_4 5_1 5_2 5_3 5_4 6_4 7_4 7_5 7_9,,,0.739130,0.600000,0.600000,0.111111,0.739130,0.111111,0.052632,0.081081,0.818182
2025-03-04,B1: Static prior,0,,0.000000,,1_10 2_10 2_9 3_10 3_11 3_12 3_13 3_3 4_1 4_2 4_3 4_4 5_1 5_2 5_3 6_12 6_4 7_5 7_6 7_9,,0.739130,,0.600000,0.666667,0.142857,1.000000,0.111111,0.081081,0.081081,0.904762
2025-03-04,TTM,0,,0.000000,,1_10 2_10 2_14 2_9 3_10 3_3 4_1 4_3 4_4 5_1 5_2 5_3 5_4 5_6 6_10 6_4 7_5 7_6 7_8 7_9,,0.600000,0.600000,,0.481481,0.142857,0.600000,0.111111,0.081081,0.081081,0.666667
2025-03-04,ET,0,,0.000000,,1_10 2_10 2_12 2_9 3_10 3_11 3_12 3_13 4_0 4_1 4_13 4_14 4_3 4_4 5_1 5_3 6_4 7_5 7_6 7_9,,0.600000,0.666667,0.481481,,0.176471,0.666667,0.142857,0.111111,0.081081,0.666667
2025-03-04,B5: B2+B3,0,,0.000000,,0_0 0_1 0_2 1_1 1_10 2_0 2_1 3_1 3_10 4_0 4_3 5_0 5_1 6_0 6_1 7_0 7_1 7_6 8_0 8_1,,0.111111,0.142857,0.142857,0.176471,,0.142857,0.739130,0.666667,0.111111,0.142857
2025-03-04,B4: B1+B3,0,,0.000000,,1_10 2_10 2_9 3_10 3_11 3_12 3_13 3_3 4_1 4_2 4_3 4_4 5_1 5_2 5_3 6_12 6_4 7_5 7_6 7_9,,0.739130,1.000000,0.600000,0.666667,0.142857,,0.111111,0.081081,0.081081,0.904762
2025-03-04,B2: Recent MA,0,,0.000000,,0_0 0_1 0_2 1_0 1_1 1_10 2_0 2_1 3_0 3_1 3_10 4_0 4_1 4_3 5_0 6_0 6_1 7_1 8_0 8_1,,0.111111,0.111111,0.111111,0.142857,0.739130,0.111111,,0.666667,0.081081,0.111111
2025-03-04,B3: DoY season,0,,0.000000,,0_0 0_1 0_2 1_0 1_1 1_2 2_0 2_1 3_0 3_1 4_0 4_1 5_0 5_1 6_0 7_0 7_1 7_6 8_0 8_1,,0.052632,0.081081,0.081081,0.111111,0.666667,0.081081,0.666667,,0.081081,0.081081
2025-03-04,B0: Random,0,,0.000000,,0_12 1_14 2_1 3_10 3_13 3_14 3_9 4_10 4_11 4_4 4_5 4_7 5_0 5_6 5_9 7_0 7_13 7_14 7_2 7_7,,0.081081,0.081081,0.081081,0.081081,0.111111,0.081081,0.081081,0.081081,,0.081081
2025-03-05,GLM-Logit,0,,0.000000,,1_10 2_10 2_9 3_10 3_11 3_12 3_13 3_3 4_1 4_3 4_4 5_1 5_2 5_3 5_4 6_12 6_4 7_5 7_6 7_9,,0.818182,0.904762,0.818182,0.666667,0.142857,0.904762,0.111111,0.081081,0.111111,
2025-03-05,HierBayes,0,,0.000000,,1_10 1_11 2_10 2_9 3_10 3_11 3_12 3_13 3_3 4_1 4_3 4_4 5_1 5_2 5_3 5_4 6_4 7_4 7_5 7_9,,,0.739130,0.739130,0.600000,0.111111,0.739130,0.111111,0.052632,0.142857,0.818182
2025-03-05,B1: Static prior,0,,0.000000,,1_10 2_10 2_9 3_10 3_11 3_12 3_13 3_3 4_1 4_2 4_3 4_4 5_1 5_2 5_3 6_12 6_4 7_5 7_6 7_9,,0.739130,,0.739130,0.666667,0.142857,1.000000,0.111111,0.081081,0.111111,0.904762
2025-03-05,TTM,0,,0.000000,,1_10 2_10 2_2 2_9 3_10 3_11 3_12 3_13 3_3 4_1 4_3 4_4 5_1 5_3 5_4 6_10 6_4 7_5 7_6 7_9,,0.739130,0.739130,,0.666667,0.142857,0.739130,0.111111,0.081081,0.111111,0.818182
2025-03-05,ET,0,,0.000000,,1_10 2_10 2_12 2_9 3_10 3_11 3_12 3_13 4_0 4_1 4_13 4_14 4_3 4_4 5_1 5_3 6_4 7_5 7_6 7_9,,0.600000,0.666667,0.666667,,0.176471,0.666667,0.142857,0.111111,0.111111,0.666667
2025-03-05,B5: B2+B3,0,,0.000000,,0_0 0_1 0_2 1_1 1_10 2_0 2_1 3_1 3_10 4_0 4_3 5_0 5_1 6_0 6_1 7_0 7_1 7_6 8_0 8_1,,0.111111,0.142857,0.142857,0.176471,,0.142857,0.739130,0.666667,0.025641,0.142857
2025-03-05,B4: B1+B3,0,,0.000000,,1_10 2_10 2_9 3_10 3_11 3_12 3_13 3_3 4_1 4_2 4_3 4_4 5_1 5_2 5_3 6_12 6_4 7_5 7_6 7_9,,0.739130,1.000000,0.739130,0.666667,0.142857,,0.111111,0.081081,0.111111,0.904762
2025-03-05,B2: Recent MA,0,,0.000000,,0_0 0_1 0_2 1_0 1_1 1_10 2_0 2_1 3_0 3_1 3_10 4_0 4_1 4_3 5_0 6_0 6_1 7_1 8_0 8_1,,0.111111,0.111111,0.111111,0.142857,0.739130,0.111111,,0.666667,0.025641,0.111111
2025-03-05,B3: DoY season,0,,0.000000,,0_0 0_1 0_2 1_0 1_1 1_2 2_0 2_1 3_0 3_1 4_0 4_1 5_0 5_1 6_0 7_0 7_1 7_6 8_0 8_1,,0.052632,0.081081,0.081081,0.111111,0.666667,0.081081,0.666667,,0.000000,0.081081
2025-03-05,B0: Random,0,,0.000000,,0_3 0_9 2_4 2_5 2_9 3_11 3_12 3_14 3_15 4_11 4_5 5_12 5_5 6_1 6_7 7_14 7_4 7_5 8_5 8_9,,0.142857,0.111111,0.111111,0.111111,0.025641,0.111111,0.025641,0.000000,,0.111111
2025-03-06,GLM-Logit,0,,0.000000,,1_10 2_10 2_9 3_10 3_11 3_12 3_13 3_3 4_1 4_3 4_4 5_1 5_2 5_3 5_4 6_12 6_4 7_5 7_6 7_9,,0.818182,0.904762,0.600000,0.666667,0.142857,0.904762,0.111111,0.081081,0.111111,
2025-03-06,HierBayes,0,,0.000000,,1_10 1_11 2_10 2_9 3_10 3_11 3_12 3_13 3_3 4_1 4_3 4_4 5_1 5_2 5_3 5_4 6_4 7_4 7_5 7_9,,,0.739130,0.538462,0.600000,0.111111,0.739130,0.111111,0.052632,0.142857,0.818182
2025-03-06,B1: Static prior,0,,0.000000,,1_10 2_10 2_9 3_10 3_11 3_12 3_13 3_3 4_1 4_2 4_3 4_4 5_1 5_2 5_3 6_12 6_4 7_5 7_6 7_9,,0.739130,,0.666667,0.666667,0.142857,1.000000,0.111111,0.081081,0.081081,0.904762
2025-03-06,TTM,0,,0.000000,,2_10 2_9 3_1 3_10 3_11 3_3 4_1 4_2 4_3 5_1 5_2 5_3 6_11 6_12 6_13 6_4 7_4 7_5 7_6 7_9,,0.538462,0.666667,,0.428571,0.142857,0.666667,0.111111,0.111111,0.052632,0.600000
2025-03-06,ET,0,,0.000000,,1_10 2_10 2_12 2_9 3_10 3_11 3_12 3_13 4_0 4_1 4_13 4_14 4_3 4_4 5_1 5_3 6_4 7_5 7_6 7_9,,0.600000,0.666667,0.428571,,0.176471,0.666667,0.142857,0.111111,0.081081,0.666667
2025-03-06,B5: B2+B3,0,,0.000000,,0_0 0_1 0_2 1_1 1_10 2_0 2_1 3_1 3_10 4_0 4_3 5_0 5_1 6_0 6_1 7_0 7_1 7_6 8_0 8_1,,0.111111,0.142857,0.142857,0.176471,,0.142857,0.739130,0.666667,0.142857,0.142857
2025-03-06,B4: B1+B3,0,,0.000000,,1_10 2_10 2_9 3_10 3_11 3_12 3_13 3_3 4_1 4_2 4_3 4_4 5_1 5_2 5_3 6_12 6_4 7_5 7_6 7_9,,0.739130,1.000000,0.666667,0.666667,0.142857,,0.111111,0.081081,0.081081,0.904762
2025-03-06,B2: Recent MA,0,,0.000000,,0_0 0_1 0_2 1_0 1_1 1_10 2_0 2_1 3_0 3_1 3_10 4_0 4_1 4_3 5_0 6_0 6_1 7_1 8_0 8_1,,0.111111,0.111111,0.111111,0.142857,0.739130,0.111111,,0.666667,0.176471,0.111111
2025-03-06,B3: DoY season,0,,0.000000,,0_0 0_1 0_2 1_0 1_1 1_2 2_0 2_1 3_0 3_1 4_0 4_1 5_0 5_1 6_0 7_0 7_1 7_6 8_0 8_1,,0.052632,0.081081,0.111111,0.111111,0.666667,0.081081,0.666667,,0.142857,0.081081
2025-03-06,B0: Random,0,,0.000000,,0_0 0_11 0_7 0_9 1_0 1_1 1_10 1_11 1_7 2_6 2_7 4_0 5_15 5_2 5_4 7_5 7_7 8_1 8_4 8_5,,0.142857,0.081081,0.052632,0.081081,0.142857,0.081081,0.176471,0.142857,,0.111111
2025-03-07,GLM-Logit,0,,0.000000,,1_10 2_10 2_9 3_10 3_11 3_12 3_13 3_3 4_1 4_3 4_4 5_1 5_2 5_3 5_4 6_12 6_4 7_5 7_6 7_9,,0.818182,0.904762,0.600000,0.666667,0.142857,0.904762,0.111111,0.081081,0.081081,
2025-03-07,HierBayes,0,,0.000000,,1_10 1_11 2_10 2_9 3_10 3_11 3_12 3_13 3_3 4_1 4_3 4_4 5_1 5_2 5_3 5_4 6_4 7_4 7_5 7_9,,,0.739130,0.600000,0.600000,0.111111,0.739130,0.111111,0.052632,0.111111,0.818182
2025-03-07,B1: Static prior,0,,0.000000,,1_10 2_10 2_9 3_10 3_11 3_12 3_13 3_3 4_1 4_2 4_3 4_4 5_1 5_2 5_3 6_12 6_4 7_5 7_6 7_9,,0.739130,,0.600000,0.666667,0.142857,1.000000,0.111111,0.081081,0.081081,0.904762
2025-03-07,TTM,0,,0.000000,,1_10 1_11 2_10 2_9 3_10 3_11 3_2 4_1 4_2 4_3 4_4 4_7 5_1 5_3 5_4 6_11 6_12 6_4 7_5 7_9,,0.600000,0.600000,,0.481481,0.111111,0.600000,0.111111,0.052632,0.052632,0.600000
2025-03-07,ET,0,,0.000000,,1_10 2_10 2_12 2_9 3_10 3_11 3_12 3_13 4_0 4_1 4_13 4_14 4_3 4_4 5_1 5_3 6_4 7_5 7_6 7_9,,0.600000,0.666667,0.481481,,0.176471,0.666667,0.142857,0.111111,0.052632,0.666667
2025-03-07,B5: B2+B3,0,,0.000000,,0_0 0_1 0_2 1_1 1_10 2_0 2_1 3_1 3_10 4_0 4_3 5_0 5_1 6_0 6_1 7_0 7_1 7_6 8_0 8_1,,0.111111,0.142857,0.111111,0.176471,,0.142857,0.739130,0.666667,0.052632,0.142857
2025-03-07,B4: B1+B3,0,,0.000000,,1_10 2_10 2_9 3_10 3_11 3_12 3_13 3_3 4_1 4_2 4_3 4_4 5_1 5_2 5_3 6_12 6_4 7_5 7_6 7_9,,0.739130,1.000000,0.600000,0.666667,0.142857,,0.111111,0.081081,0.081081,0.904762
2025-03-07,B2: Recent MA,0,,0.000000,,0_0 0_1 0_2 1_0 1_1 1_10 2_0 2_1 3_0 3_1 3_10 4_0 4_1 4_3 5_0 6_0 6_1 7_1 8_0 8_1,,0.111111,0.111111,0.111111,0.142857,0.739130,0.111111,,0.666667,0.081081,0.111111
2025-03-07,B3: DoY season,0,,0.000000,,0_0 0_1 0_2 1_0 1_1 1_2 2_0 2_1 3_0 3_1 4_0 4_1 5_0 5_1 6_0 7_0 7_1 7_6 8_0 8_1,,0.052632,0.081081,0.052632,0.111111,0.666667,0.081081,0.666667,,0.081081,0.081081
2025-03-07,B0: Random,0,,0.000000,,0_10 0_11 0_9 1_1 1_11 2_14 3_13 3_14 3_15 4_1 5_11 5_13 5_14 5_2 5_6 6_14 7_1 7_12 8_2 8_5,,0.111111,0.081081,0.052632,0.052632,0.052632,0.081081,0.081081,0.081081,,0.081081
2025-03-08,GLM-Logit,0,,0.000000,,1_10 2_10 2_9 3_10 3_11 3_12 3_13 3_3 4_1 4_3 4_4 5_1 5_2 5_3 5_4 6_12 6_4 7_5 7_6 7_9,,0.818182,0.904762,0.481481,0.666667,0.142857,0.904762,0.111111,0.081081,0.081081,
2025-03-08,HierBayes,0,,0.000000,,1_10 1_11 2_10 2_9 3_10 3_11 3_12 3_13 3_3 4_1 4_3 4_4 5_1 5_2 5_3 5_4 6_4 7_4 7_5 7_9,,,0.739130,0.481481,0.600000,0.111111,0.739130,0.111111,0.052632,0.081081,0.818182
2025-03-08,B1: Static prior,0,,0.000000,,1_10 2_10 2_9 3_10 3_11 3_12 3_13 3_3 4_1 4_2 4_3 4_4 5_1 5_2 5_3 6_12 6_4 7_5 7_6 7_9,,0.739130,,0.481481,0.666667,0.142857,1.000000,0.111111,0.081081,0.081081,0.904762
2025-03-08,TTM,0,,0.000000,,0_8 1_10 1_11 2_10 2_9 4_1 4_2 4_3 4_4 4_7 5_1 5_12 5_3 5_4 5_7 6_10 6_12 6_4 7_5 7_9,,0.481481,0.481481,,0.379310,0.081081,0.481481,0.081081,0.052632,0.052632,0.481481
2025-03-08,ET,0,,0.000000,,1_10 2_10 2_12 2_9 3_10 3_11 3_12 3_13 4_0 4_1 4_13 4_14 4_3 4_4 5_1 5_3 6_4 7_5 7_6 7_9,,0.600000,0.666667,0.379310,,0.176471,0.666667,0.142857,0.111111,0.052632,0.666667
2025-03-08,B5: B2+B3,0,,0.000000,,0_0 0_1 0_2 1_1 1_10 2_0 2_1 3_1 3_10 4_0 4_3 5_0 5_1 6_0 6_1 7_0 7_1 7_6 8_0 8_1,,0.111111,0.142857,0.081081,0.176471,,0.142857,0.739130,0.666667,0.081081,0.142857
2025-03-08,B4: B1+B3,0,,0.000000,,1_10 2_10 2_9 3_10 3_11 3_12 3_13 3_3 4_1 4_2 4_3 4_4 5_1 5_2 5_3 6_12 6_4 7_5 7_6 7_9,,0.739130,1.000000,0.481481,0.666667,0.142857,,0.111111,0.081081,0.081081,0.904762
2025-03-08,B2: Recent MA,0,,0.000000,,0_0 0_1 0_2 1_0 1_1 1_10 2_0 2_1 3_0 3_1 3_10 4_0 4_1 4_3 5_0 6_0 6_1 7_1 8_0 8_1,,0.111111,0.111111,0.081081,0.142857,0.739130,0.111111,,0.666667,0.081081,0.111111
2025-03-08,B3: DoY season,0,,0.000000,,0_0 0_1 0_2 1_0 1_1 1_2 2_0 2_1 3_0 3_1 4_0 4_1 5_0 5_1 6_0 7_0 7_1 7_6 8_0 8_1,,0.052632,0.081081,0.052632,0.111111,0.666667,0.081081,0.666667,,0.081081,0.081081
2025-03-08,B0: Random,0,,0.000000,,0_4 0_9 1_13 1_14 1_3 1_4 1_5 2_1 2_11 3_1 3_15 3_3 5_11 5_15 5_3 7_1 7_11 7_13 7_8 7_9,,0.081081,0.081081,0.052632,0.052632,0.081081,0.081081,0.081081,0.081081,,0.081081
2025-03-09,GLM-Logit,0,,0.000000,,1_10 2_10 2_9 3_10 3_11 3_12 3_13 3_3 4_1 4_3 4_4 5_1 5_2 5_3 5_4 6_12 6_4 7_5 7_6 7_9,,0.818182,0.904762,0.481481,0.666667,0.142857,0.904762,0.111111,0.081081,0.052632,
2025-03-09,HierBayes,0,,0.000000,,1_10 1_11 2_10 2_9 3_10 3_11 3_12 3_13 3_3 4_1 4_3 4_4 5_1 5_2 5_3 5_4 6_4 7_4 7_5 7_9,,,0.739130,0.600000,0.600000,0.111111,0.739130,0.111111,0.052632,0.052632,0.818182
2025-03-09,B1: Static prior,0,,0.000000,,1_10 2_10 2_9 3_10 3_11 3_12 3_13 3_3 4_1 4_2 4_3 4_4 5_1 5_2 5_3 6_12 6_4 7_5 7_6 7_9,,0.739130,,0.481481,0.666667,0.142857,1.000000,0.111111,0.081081,0.052632,0.904762
2025-03-09,TTM,0,,0.000000,,0_9 1_10 1_11 1_9 2_10 2_11 2_9 3_10 3_11 4_1 4_3 4_4 5_1 5_12 5_3 5_7 6_4 7_4 7_5 7_9,,0.600000,0.481481,,0.481481,0.111111,0.481481,0.111111,0.052632,0.052632,0.481481
2025-03-09,ET,0,,0.000000,,1_10 2_10 2_12 2_9 3_10 3_11 3_12 3_13 4_0 4_1 4_13 4_14 4_3 4_4 5_1 5_3 6_4 7_5 7_6 7_9,,0.600000,0.666667,0.481481,,0.176471,0.666667,0.142857,0.111111,0.025641,0.666667
2025-03-09,B5: B2+B3,0,,0.000000,,0_0 0_1 0_2 1_1 1_10 2_0 2_1 3_1 3_10 4_0 4_3 5_0 5_1 6_0 6_1 7_0 7_1 7_6 8_0 8_1,,0.111111,0.142857,0.111111,0.176471,,0.142857,0.739130,0.666667,0.052632,0.142857
2025-03-09,B4: B1+B3,0,,0.000000,,1_10 2_10 2_9 3_10 3_11 3_12 3_13 3_3 4_1 4_2 4_3 4_4 5_1 5_2 5_3 6_12 6_4 7_5 7_6 7_9,,0.739130,1.000000,0.481481,0.666667,0.142857,,0.111111,0.081081,0.052632,0.904762
2025-03-09,B2: Recent MA,0,,0.000000,,0_0 0_1 0_2 1_0 1_1 1_10 2_0 2_1 3_0 3_1 3_10 4_0 4_1 4_3 5_0 6_0 6_1 7_1 8_0 8_1,,0.111111,0.111111,0.111111,0.142857,0.739130,0.111111,,0.666667,0.052632,0.111111
2025-03-09,B3: DoY season,0,,0.000000,,0_0 0_1 0_2 1_0 1_1 1_2 2_0 2_1 3_0 3_1 4_0 4_1 5_0 5_1 6_0 7_0 7_1 7_6 8_0 8_1,,0.052632,0.081081,0.052632,0.111111,0.666667,0.081081,0.666667,,0.081081,0.081081
2025-03-09,B0: Random,0,,0.000000,,0_11 0_2 0_6 0_9 1_1 1_2 1_7 1_8 2_2 3_11 3_2 3_4 3_9 4_11 4_12 5_2 5_6 6_15 6_2 7_3,,0.052632,0.052632,0.052632,0.025641,0.052632,0.052632,0.052632,0.081081,,0.052632
2025-03-10,GLM-Logit,0,,0.000000,,1_10 2_10 2_9 3_10 3_11 3_12 3_13 3_3 4_1 4_3 4_4 5_1 5_2 5_3 5_4 6_12 6_4 7_5 7_6 7_9,,0.818182,0.904762,0.538462,0.666667,0.142857,0.904762,0.111111,0.081081,0.111111,
2025-03-10,HierBayes,0,,0.000000,,1_10 1_11 2_10 2_9 3_10 3_11 3_12 3_13 3_3 4_1 4_3 4_4 5_1 5_2 5_3 5_4 6_4 7_4 7_5 7_9,,,0.739130,0.538462,0.600000,0.111111,0.739130,0.111111,0.052632,0.111111,0.818182
2025-03-10,B1: Static prior,0,,0.000000,,1_10 2_10 2_9 3_10 3_11 3_12 3_13 3_3 4_1 4_2 4_3 4_4 5_1 5_2 5_3 6_12 6_4 7_5 7_6 7_9,,0.739130,,0.538462,0.666667,0.142857,1.000000,0.111111,0.081081,0.142857,0.904762
2025-03-10,TTM,0,,0.000000,,1_10 1_9 2_10 2_11 2_9 3_10 3_11 3_13 4_3 4_4 5_1 5_10 5_2 5_3 5_7 6_10 6_12 6_4 7_4 7_9,,0.538462,0.538462,,0.428571,0.111111,0.538462,0.081081,0.052632,0.111111,0.538462
2025-03-10,ET,0,,0.000000,,1_10 2_10 2_12 2_9 3_10 3_11 3_12 3_13 4_0 4_1 4_13 4_14 4_3 4_4 5_1 5_3 6_4 7_5 7_6 7_9,,0.600000,0.666667,0.428571,,0.176471,0.666667,0.142857,0.111111,0.111111,0.666667
2025-03-10,B5: B2+B3,0,,0.000000,,0_0 0_1 0_2 1_1 2_0 2_1 3_1 3_10 4_0 4_3 5_0 5_1 6_0 6_1 6_4 7_0 7_1 7_6 8_0 8_1,,0.111111,0.142857,0.111111,0.176471,,0.142857,0.739130,0.739130,0.052632,0.142857
2025-03-10,B4: B1+B3,0,,0.000000,,1_10 2_10 2_9 3_10 3_11 3_12 3_13 3_3 4_1 4_2 4_3 4_4 5_1 5_2 5_3 6_12 6_4 7_5 7_6 7_9,,0.739130,1.000000,0.538462,0.666667,0.142857,,0.111111,0.081081,0.142857,0.904762
2025-03-10,B2: Recent MA,0,,0.000000,,0_0 0_1 0_2 1_0 1_1 2_0 2_1 3_0 3_1 3_10 4_0 4_1 4_3 5_0 5_1 6_0 6_1 7_1 8_0 8_1,,0.111111,0.111111,0.081081,0.142857,0.739130,0.111111,,0.666667,0.052632,0.111111
2025-03-10,B3: DoY season,0,,0.000000,,0_0 0_1 0_2 1_0 1_1 1_2 2_0 2_1 3_0 3_1 4_0 5_0 5_1 6_0 6_4 7_0 7_1 7_6 8_0 8_1,,0.052632,0.081081,0.052632,0.111111,0.739130,0.081081,0.666667,,0.025641,0.081081
2025-03-10,B0: Random,0,,0.000000,,0_13 0_3 1_14 1_5 2_11 2_3 2_5 3_10 3_13 4_1 4_2 4_9 5_8 6_4 7_10 7_14 7_15 7_3 8_11 8_7,,0.111111,0.142857,0.111111,0.111111,0.052632,0.142857,0.052632,0.025641,,0.111111
2025-03-11,GLM-Logit,1,1.000000,0.050000,3_13,1_10 2_10 2_9 3_10 3_11 3_12 3_3 4_1 4_3 4_4 5_1 5_2 5_3 5_4 6_12 6_4 7_5 7_6 7_9,,0.818182,0.904762,0.428571,0.666667,0.142857,0.904762,0.111111,0.081081,0.025641,
2025-03-11,HierBayes,1,1.000000,0.050000,3_13,1_10 1_11 2_10 2_9 3_10 3_11 3_12 3_3 4_1 4_3 4_4 5_1 5_2 5_3 5_4 6_4 7_4 7_5 7_9,,,0.739130,0.428571,0.600000,0.111111,0.739130,0.111111,0.052632,0.052632,0.818182
2025-03-11,B1: Static prior,1,1.000000,0.050000,3_13,1_10 2_10 2_9 3_10 3_11 3_12 3_3 4_1 4_2 4_3 4_4 5_1 5_2 5_3 6_12 6_4 7_5 7_6 7_9,,0.739130,,0.428571,0.666667,0.142857,1.000000,0.111111,0.081081,0.025641,0.904762
2025-03-11,TTM,1,0.000000,0.000000,,0_9 1_10 2_10 2_11 3_10 3_11 3_2 4_3 4_4 5_1 5_10 5_3 5_5 6_10 6_12 6_4 7_4 7_5 7_8 7_9,3_13,0.428571,0.428571,,0.379310,0.111111,0.428571,0.081081,0.052632,0.025641,0.428571
2025-03-11,ET,1,1.000000,0.050000,3_13,1_10 2_10 2_12 2_9 3_10 3_11 3_12 4_0 4_1 4_13 4_14 4_3 4_4 5_1 5_3 6_4 7_5 7_6 7_9,,0.600000,0.666667,0.379310,,0.176471,0.666667,0.142857,0.111111,0.052632,0.666667
2025-03-11,B5: B2+B3,1,0.000000,0.000000,,0_0 0_1 0_2 1_1 2_0 2_1 3_1 3_10 4_0 4_3 5_0 5_1 6_0 6_1 6_4 7_0 7_1 7_6 8_0 8_1,3_13,0.111111,0.142857,0.111111,0.176471,,0.142857,0.739130,0.739130,0.052632,0.142857
2025-03-11,B4: B1+B3,1,1.000000,0.050000,3_13,1_10 2_10 2_9 3_10 3_11 3_12 3_3 4_1 4_2 4_3 4_4 5_1 5_2 5_3 6_12 6_4 7_5 7_6 7_9,,0.739130,1.000000,0.428571,0.666667,0.142857,,0.111111,0.081081,0.025641,0.904762
2025-03-11,B2: Recent MA,1,0.000000,0.000000,,0_0 0_1 0_2 1_0 1_1 2_0 2_1 3_0 3_1 3_10 4_0 4_1 4_3 5_0 5_1 6_0 6_1 7_1 8_0 8_1,3_13,0.111111,0.111111,0.081081,0.142857,0.739130,0.111111,,0.666667,0.052632,0.111111
2025-03-11,B3: DoY season,1,0.000000,0.000000,,0_0 0_1 0_2 1_0 1_1 1_2 2_0 2_1 3_0 3_1 4_0 5_0 5_1 6_0 6_4 7_0 7_1 7_6 8_0 8_1,3_13,0.052632,0.081081,0.052632,0.111111,0.739130,0.081081,0.666667,,0.025641,0.081081
2025-03-11,B0: Random,1,0.000000,0.000000,,0_10 0_11 0_15 0_3 0_4 1_11 1_5 2_10 3_14 4_0 4_12 4_5 5_14 6_1 6_13 6_8 6_9 7_13 8_10 8_7,3_13,0.052632,0.025641,0.025641,0.052632,0.052632,0.025641,0.052632,0.025641,,0.025641
2025-03-12,GLM-Logit,0,,0.000000,,1_10 2_10 2_9 3_10 3_11 3_12 3_13 3_3 4_1 4_3 4_4 5_1 5_2 5_3 5_4 6_12 6_4 7_5 7_6 7_9,,0.818182,0.904762,0.481481,0.666667,0.176471,0.904762,0.111111,0.081081,0.081081,
2025-03-12,HierBayes,0,,0.000000,,1_10 1_11 2_10 2_9 3_10 3_11 3_12 3_13 3_3 4_1 4_3 4_4 5_1 5_2 5_3 5_4 6_4 7_4 7_5 7_9,,,0.739130,0.538462,0.600000,0.142857,0.739130,0.111111,0.052632,0.111111,0.818182
2025-03-12,B1: Static prior,0,,0.000000,,1_10 2_10 2_9 3_10 3_11 3_12 3_13 3_3 4_1 4_2 4_3 4_4 5_1 5_2 5_3 6_12 6_4 7_5 7_6 7_9,,0.739130,,0.428571,0.666667,0.176471,1.000000,0.111111,0.081081,0.111111,0.904762
2025-03-12,TTM,0,,0.000000,,1_10 2_10 2_11 2_2 2_9 3_11 3_13 3_2 3_3 4_3 4_4 5_1 5_4 5_6 6_10 6_4 6_7 7_4 7_5 7_9,,0.538462,0.428571,,0.379310,0.111111,0.428571,0.052632,0.052632,0.111111,0.481481
2025-03-12,ET,0,,0.000000,,1_10 2_10 2_12 2_9 3_10 3_11 3_12 3_13 4_0 4_1 4_13 4_14 4_3 4_4 5_1 5_3 6_4 7_5 7_6 7_9,,0.600000,0.666667,0.379310,,0.212121,0.666667,0.142857,0.111111,0.111111,0.666667
2025-03-12,B5: B2+B3,0,,0.000000,,0_0 0_1 0_2 1_1 2_0 2_1 3_1 3_10 3_13 4_0 4_3 5_0 5_1 6_1 6_4 7_0 7_1 7_6 8_0 8_1,,0.142857,0.176471,0.111111,0.212121,,0.176471,0.666667,0.666667,0.052632,0.176471
2025-03-12,B4: B1+B3,0,,0.000000,,1_10 2_10 2_9 3_10 3_11 3_12 3_13 3_3 4_1 4_2 4_3 4_4 5_1 5_2 5_3 6_12 6_4 7_5 7_6 7_9,,0.739130,1.000000,0.428571,0.666667,0.176471,,0.111111,0.081081,0.111111,0.904762
2025-03-12,B2: Recent MA,0,,0.000000,,0_0 0_1 0_2 1_0 1_1 2_0 2_1 3_0 3_1 3_10 3_13 4_0 4_1 4_3 5_0 6_0 6_1 7_1 8_0 8_1,,0.111111,0.111111,0.052632,0.142857,0.666667,0.111111,,0.600000,0.052632,0.111111
2025-03-12,B3: DoY season,0,,0.000000,,0_0 0_1 0_2 1_0 1_1 1_2 2_0 2_1 3_0 3_1 4_0 5_0 5_1 6_0 6_4 7_0 7_1 7_6 8_0 8_1,,0.052632,0.081081,0.052632,0.111111,0.666667,0.081081,0.600000,,0.081081,0.081081
2025-03-12,B0: Random,0,,0.000000,,0_3 0_4 1_11 1_3 2_10 2_12 2_2 2_5 2_7 3_0 4_2 4_9 5_1 5_5 5_9 6_3 7_12 7_9 8_1 8_7,,0.111111,0.111111,0.111111,0.111111,0.052632,0.111111,0.052632,0.081081,,0.081081
2025-03-13,GLM-Logit,0,,0.000000,,1_10 2_10 2_9 3_10 3_11 3_12 3_13 3_3 4_1 4_3 4_4 5_1 5_2 5_3 5_4 6_12 6_4 7_5 7_6 7_9,,0.818182,0.904762,0.600000,0.666667,0.176471,0.904762,0.111111,0.111111,0.052632,
2025-03-13,HierBayes,0,,0.000000,,1_10 1_11 2_10 2_9 3_10 3_11 3_12 3_13 3_3 4_1 4_3 4_4 5_1 5_2 5_3 5_4 6_4 7_4 7_5 7_9,,,0.739130,0.600000,0.600000,0.142857,0.739130,0.111111,0.081081,0.052632,0.818182
2025-03-13,B1: Static prior,0,,0.000000,,1_10 2_10 2_9 3_10 3_11 3_12 3_13 3_3 4_1 4_2 4_3 4_4 5_1 5_2 5_3 6_12 6_4 7_5 7_6 7_9,,0.739130,,0.600000,0.666667,0.176471,1.000000,0.111111,0.111111,0.052632,0.904762
2025-03-13,TTM,0,,0.000000,,1_10 2_10 2_9 3_10 3_11 3_13 3_14 3_3 4_1 4_3 4_4 5_1 5_12 5_2 6_10 6_4 7_11 7_5 7_9 8_10,,0.600000,0.600000,,0.481481,0.142857,0.600000,0.111111,0.081081,0.025641,0.600000
2025-03-13,ET,0,,0.000000,,1_10 2_10 2_12 2_9 3_10 3_11 3_12 3_13 4_0 4_1 4_13 4_14 4_3 4_4 5_1 5_3 6_4 7_5 7_6 7_9,,0.600000,0.666667,0.481481,,0.212121,0.666667,0.142857,0.142857,0.052632,0.666667
2025-03-13,B5: B2+B3,0,,0.000000,,0_0 0_1 0_2 1_1 2_0 2_1 3_1 3_10 3_13 4_0 4_3 5_0 5_1 6_1 6_4 7_0 7_1 7_6 8_0 8_1,,0.142857,0.176471,0.142857,0.212121,,0.176471,0.666667,0.818182,0.000000,0.176471
2025-03-13,B4: B1+B3,0,,0.000000,,1_10 2_10 2_9 3_10 3_11 3_12 3_13 3_3 4_1 4_2 4_3 4_4 5_1 5_2 5_3 6_12 6_4 7_5 7_6 7_9,,0.739130,1.000000,0.600000,0.666667,0.176471,,0.111111,0.111111,0.052632,0.904762
2025-03-13,B2: Recent MA,0,,0.000000,,0_0 0_1 0_2 1_0 1_1 2_0 2_1 3_0 3_1 3_10 3_13 4_0 4_1 4_3 5_0 6_0 6_1 7_1 8_0 8_1,,0.111111,0.111111,0.111111,0.142857,0.666667,0.111111,,0.666667,0.000000,0.111111
2025-03-13,B3: DoY season,0,,0.000000,,0_0 0_1 0_2 1_0 1_1 2_0 2_1 3_1 4_0 4_3 5_0 5_1 6_0 6_1 6_4 7_0 7_1 7_6 8_0 8_1,,0.081081,0.111111,0.081081,0.142857,0.818182,0.111111,0.666667,,0.000000,0.111111
2025-03-13,B0: Random,0,,0.000000,,0_13 0_3 0_7 1_3 1_4 1_6 2_13 2_5 3_12 3_8 4_10 5_12 5_3 5_6 6_11 7_2 8_3 8_6 8_8 8_9,,0.052632,0.052632,0.025641,0.052632,0.000000,0.052632,0.000000,0.000000,,0.052632
2025-03-14,GLM-Logit,0,,0.000000,,1_10 2_10 2_9 3_10 3_11 3_12 3_13 3_3 4_1 4_3 4_4 5_1 5_2 5_3 5_4 6_12 6_4 7_5 7_6 7_9,,0.818182,0.904762,0.379310,0.666667,0.176471,0.904762,0.111111,0.111111,0.212121,
2025-03-14,HierBayes,0,,0.000000,,1_10 1_11 2_10 2_9 3_10 3_11 3_12 3_13 3_3 4_1 4_3 4_4 5_1 5_2 5_3 5_4 6_4 7_4 7_5 7_9,,,0.739130,0.333333,0.600000,0.142857,0.739130,0.111111,0.081081,0.212121,0.818182
2025-03-14,B1: Static prior,0,,0.000000,,1_10 2_10 2_9 3_10 3_11 3_12 3_13 3_3 4_1 4_2 4_3 4_4 5_1 5_2 5_3 6_12 6_4 7_5 7_6 7_9,,0.739130,,0.379310,0.666667,0.176471,1.000000,0.111111,0.111111,0.212121,0.904762
2025-03-14,TTM,0,,0.000000,,1_10 2_10 2_9 3_10 3_12 3_13 3_2 4_11 4_3 4_6 5_2 5_5 6_10 6_11 6_4 7_12 7_6 7_7 7_9 8_10,,0.333333,0.379310,,0.333333,0.142857,0.379310,0.081081,0.081081,0.212121,0.379310
2025-03-14,ET,0,,0.000000,,1_10 2_10 2_12 2_9 3_10 3_11 3_12 3_13 4_0 4_1 4_13 4_14 4_3 4_4 5_1 5_3 6_4 7_5 7_6 7_9,,0.600000,0.666667,0.333333,,0.212121,0.666667,0.142857,0.142857,0.142857,0.666667
2025-03-14,B5: B2+B3,0,,0.000000,,0_0 0_1 0_2 1_1 2_0 2_1 3_1 3_10 3_13 4_0 4_3 5_0 5_1 6_1 6_4 7_0 7_1 7_6 8_0 8_1,,0.142857,0.176471,0.142857,0.212121,,0.176471,0.666667,0.818182,0.025641,0.176471
2025-03-14,B4: B1+B3,0,,0.000000,,1_10 2_10 2_9 3_10 3_11 3_12 3_13 3_3 4_1 4_2 4_3 4_4 5_1 5_2 5_3 6_12 6_4 7_5 7_6 7_9,,0.739130,1.000000,0.379310,0.666667,0.176471,,0.111111,0.111111,0.212121,0.904762
2025-03-14,B2: Recent MA,0,,0.000000,,0_0 0_1 0_2 1_0 1_1 2_0 2_1 3_0 3_1 3_10 3_13 4_0 4_1 4_3 5_0 6_0 6_1 7_1 8_0 8_1,,0.111111,0.111111,0.081081,0.142857,0.666667,0.111111,,0.666667,0.052632,0.111111
2025-03-14,B3: DoY season,0,,0.000000,,0_0 0_1 0_2 1_0 1_1 2_0 2_1 3_1 4_0 4_3 5_0 5_1 6_0 6_1 6_4 7_0 7_1 7_6 8_0 8_1,,0.081081,0.111111,0.081081,0.142857,0.818182,0.111111,0.666667,,0.025641,0.111111
2025-03-14,B0: Random,0,,0.000000,,0_14 1_0 1_14 2_10 2_5 2_8 2_9 3_12 3_13 3_3 4_12 4_7 5_2 5_3 6_11 6_7 6_8 7_10 7_13 7_7,,0.212121,0.212121,0.212121,0.142857,0.025641,0.212121,0.052632,0.025641,,0.212121
2025-03-15,GLM-Logit,0,,0.000000,,1_10 2_10 2_9 3_10 3_11 3_12 3_13 3_3 4_1 4_3 4_4 5_1 5_2 5_3 5_4 6_12 6_4 7_5 7_6 7_9,,0.818182,0.904762,0.481481,0.666667,0.176471,0.904762,0.111111,0.111111,0.081081,
2025-03-15,HierBayes,0,,0.000000,,1_10 1_11 2_10 2_9 3_10 3_11 3_12 3_13 3_3 4_1 4_3 4_4 5_1 5_2 5_3 5_4 6_4 7_4 7_5 7_9,,,0.739130,0.428571,0.600000,0.142857,0.739130,0.111111,0.081081,0.111111,0.818182
2025-03-15,B1: Static prior,0,,0.000000,,1_10 2_10 2_9 3_10 3_11 3_12 3_13 3_3 4_1 4_2 4_3 4_4 5_1 5_2 5_3 6_12 6_4 7_5 7_6 7_9,,0.739130,,0.538462,0.666667,0.176471,1.000000,0.111111,0.111111,0.081081,0.904762
2025-03-15,TTM,0,,0.000000,,1_10 2_10 2_12 2_2 2_9 3_12 3_13 4_1 4_2 4_3 5_1 5_10 5_3 6_10 6_11 6_4 7_5 7_6 7_7 7_9,,0.428571,0.538462,,0.538462,0.142857,0.538462,0.081081,0.111111,0.142857,0.481481
2025-03-15,ET,0,,0.000000,,1_10 2_10 2_12 2_9 3_10 3_11 3_12 3_13 4_0 4_1 4_13 4_14 4_3 4_4 5_1 5_3 6_4 7_5 7_6 7_9,,0.600000,0.666667,0.538462,,0.212121,0.666667,0.142857,0.142857,0.111111,0.666667
2025-03-15,B5: B2+B3,0,,0.000000,,0_0 0_1 0_2 1_1 2_0 2_1 3_1 3_10 3_13 4_0 4_3 5_0 5_1 6_1 6_4 7_0 7_1 7_6 8_0 8_1,,0.142857,0.176471,0.142857,0.212121,,0.176471,0.666667,0.818182,0.176471,0.176471
2025-03-15,B4: B1+B3,0,,0.000000,,1_10 2_10 2_9 3_10 3_11 3_12 3_13 3_3 4_1 4_2 4_3 4_4 5_1 5_2 5_3 6_12 6_4 7_5 7_6 7_9,,0.739130,1.000000,0.538462,0.666667,0.176471,,0.111111,0.111111,0.081081,0.904762
2025-03-15,B2: Recent MA,0,,0.000000,,0_0 0_1 0_2 1_0 1_1 2_0 2_1 3_0 3_1 3_10 3_13 4_0 4_1 4_3 5_0 6_0 6_1 7_1 8_0 8_1,,0.111111,0.111111,0.081081,0.142857,0.666667,0.111111,,0.666667,0.111111,0.111111
2025-03-15,B3: DoY season,0,,0.000000,,0_0 0_1 0_2 1_0 1_1 2_0 2_1 3_1 4_0 4_3 5_0 5_1 6_0 6_1 6_4 7_0 7_1 7_6 8_0 8_1,,0.081081,0.111111,0.111111,0.142857,0.818182,0.111111,0.666667,,0.142857,0.111111
2025-03-15,B0: Random,0,,0.000000,,0_3 1_3 2_0 2_12 2_4 3_1 3_13 3_6 3_8 4_4 5_1 5_10 5_14 6_10 6_9 7_0 7_11 7_13 7_4 8_0,,0.111111,0.081081,0.142857,0.111111,0.176471,0.081081,0.111111,0.142857,,0.081081
2025-03-16,GLM-Logit,0,,0.000000,,1_10 2_10 2_9 3_10 3_11 3_12 3_13 3_3 4_1 4_3 4_4 5_1 5_2 5_3 5_4 6_12 6_4 7_5 7_6 7_9,,0.818182,0.904762,0.481481,0.666667,0.212121,0.904762,0.111111,0.142857,0.111111,
2025-03-16,HierBayes,0,,0.000000,,1_10 1_11 2_10 2_9 3_10 3_11 3_12 3_13 3_3 4_1 4_3 4_4 5_1 5_2 5_3 5_4 6_4 7_4 7_5 7_9,,,0.739130,0.481481,0.600000,0.176471,0.739130,0.111111,0.111111,0.111111,0.818182
2025-03-16,B1: Static prior,0,,0.000000,,1_10 2_10 2_9 3_10 3_11 3_12 3_13 3_3 4_1 4_2 4_3 4_4 5_1 5_2 5_3 6_12 6_4 7_5 7_6 7_9,,0.739130,,0.538462,0.666667,0.212121,1.000000,0.111111,0.142857,0.111111,0.904762
2025-03-16,TTM,0,,0.000000,,1_10 1_11 1_3 2_10 2_12 2_8 2_9 3_10 3_11 3_13 4_1 4_2 4_3 5_1 5_10 6_10 6_12 6_4 7_5 7_9,,0.481481,0.538462,,0.481481,0.176471,0.538462,0.111111,0.111111,0.111111,0.481481
2025-03-16,ET,0,,0.000000,,1_10 2_10 2_12 2_9 3_10 3_11 3_12 3_13 4_0 4_1 4_13 4_14 4_3 4_4 5_1 5_3 6_4 7_5 7_6 7_9,,0.600000,0.666667,0.481481,,0.250000,0.666667,0.142857,0.176471,0.111111,0.666667
2025-03-16,B5: B2+B3,0,,0.000000,,0_0 0_1 0_2 1_1 2_0 2_1 3_10 3_13 4_0 4_3 5_0 5_1 6_1 6_4 7_0 7_1 7_5 7_6 8_0 8_1,,0.176471,0.212121,0.176471,0.250000,,0.212121,0.600000,0.818182,0.111111,0.212121
2025-03-16,B4: B1+B3,0,,0.000000,,1_10 2_10 2_9 3_10 3_11 3_12 3_13 3_3 4_1 4_2 4_3 4_4 5_1 5_2 5_3 6_12 6_4 7_5 7_6 7_9,,0.739130,1.000000,0.538462,0.666667,0.212121,,0.111111,0.142857,0.111111,0.904762
2025-03-16,B2: Recent MA,0,,0.000000,,0_0 0_1 0_2 1_0 1_1 2_0 2_1 3_0 3_1 3_10 3_13 4_0 4_1 4_3 5_0 6_0 6_1 7_1 8_0 8_1,,0.111111,0.111111,0.111111,0.142857,0.600000,0.111111,,0.600000,0.111111,0.111111
2025-03-16,B3: DoY season,0,,0.000000,,0_0 0_1 0_2 1_0 1_1 2_0 2_1 4_0 4_3 5_0 5_1 6_0 6_1 6_4 7_0 7_1 7_5 7_6 8_0 8_1,,0.111111,0.142857,0.111111,0.176471,0.818182,0.142857,0.600000,,0.111111,0.142857
2025-03-16,B0: Random,0,,0.000000,,0_2 1_8 2_14 2_15 3_11 3_13 3_14 3_9 4_11 4_3 5_5 5_7 5_8 6_0 6_3 6_4 6_7 7_15 7_3 8_14,,0.111111,0.111111,0.111111,0.111111,0.111111,0.111111,0.111111,0.111111,,0.111111
2025-03-17,GLM-Logit,0,,0.000000,,1_10 2_10 2_9 3_10 3_11 3_12 3_13 3_3 4_1 4_3 4_4 5_1 5_2 5_3 5_4 6_12 6_4 7_5 7_6 7_9,,0.818182,0.904762,0.481481,0.666667,0.212121,0.904762,0.111111,0.142857,0.081081,
2025-03-17,HierBayes,0,,0.000000,,1_10 1_11 2_10 2_9 3_10 3_11 3_12 3_13 3_3 4_1 4_3 4_4 5_1 5_2 5_3 5_4 6_4 7_4 7_5 7_9,,,0.739130,0.481481,0.600000,0.176471,0.739130,0.111111,0.111111,0.052632,0.818182
2025-03-17,B1: Static prior,0,,0.000000,,1_10 2_10 2_9 3_10 3_11 3_12 3_13 3_3 4_1 4_2 4_3 4_4 5_1 5_2 5_3 6_12 6_4 7_5 7_6 7_9,,0.739130,,0.538462,0.666667,0.212121,1.000000,0.111111,0.142857,0.081081,0.904762
2025-03-17,TTM,0,,0.000000,,1_10 1_11 2_10 2_12 2_14 2_9 3_10 3_13 3_2 4_0 4_1 4_2 4_3 5_1 5_3 6_10 6_4 7_5 7_6 7_9,,0.481481,0.538462,,0.600000,0.250000,0.538462,0.142857,0.176471,0.081081,0.481481
2025-03-17,ET,0,,0.000000,,1_10 2_10 2_12 2_9 3_10 3_11 3_12 3_13 4_0 4_1 4_13 4_14 4_3 4_4 5_1 5_3 6_4 7_5 7_6 7_9,,0.600000,0.666667,0.600000,,0.250000,0.666667,0.142857,0.176471,0.052632,0.666667
2025-03-17,B5: B2+B3,0,,0.000000,,0_0 0_1 0_2 1_1 2_0 2_1 3_10 3_13 4_0 4_3 5_0 5_1 6_1 6_4 7_0 7_1 7_5 7_6 8_0 8_1,,0.176471,0.212121,0.250000,0.250000,,0.212121,0.600000,0.818182,0.025641,0.212121
2025-03-17,B4: B1+B3,0,,0.000000,,1_10 2_10 2_9 3_10 3_11 3_12 3_13 3_3 4_1 4_2 4_3 4_4 5_1 5_2 5_3 6_12 6_4 7_5 7_6 7_9,,0.739130,1.000000,0.538462,0.666667,0.212121,,0.111111,0.142857,0.081081,0.904762
2025-03-17,B2: Recent MA,0,,0.000000,,0_0 0_1 0_2 1_0 1_1 2_0 2_1 3_0 3_1 3_10 3_13 4_0 4_1 4_3 5_0 6_0 6_1 7_1 8_0 8_1,,0.111111,0.111111,0.142857,0.142857,0.600000,0.111111,,0.600000,0.025641,0.111111
2025-03-17,B3: DoY season,0,,0.000000,,0_0 0_1 0_2 1_0 1_1 2_0 2_1 4_0 4_3 5_0 5_1 6_0 6_1 6_4 7_0 7_1 7_5 7_6 8_0 8_1,,0.111111,0.142857,0.176471,0.176471,0.818182,0.142857,0.600000,,0.025641,0.142857
2025-03-17,B0: Random,0,,0.000000,,0_1 0_5 0_6 0_8 0_9 1_12 1_14 2_10 2_14 2_2 2_8 2_9 3_9 4_15 5_10 6_12 6_15 6_7 6_9 7_12,,0.052632,0.081081,0.081081,0.052632,0.025641,0.081081,0.025641,0.025641,,0.081081
2025-03-18,GLM-Logit,0,,0.000000,,1_10 2_10 2_9 3_10 3_11 3_12 3_13 3_3 4_1 4_3 4_4 5_1 5_2 5_3 5_4 6_12 6_4 7_5 7_6 7_9,,0.818182,0.904762,0.538462,0.666667,0.212121,0.904762,0.111111,0.142857,0.081081,
2025-03-18,HierBayes,0,,0.000000,,1_10 1_11 2_10 2_9 3_10 3_11 3_12 3_13 3_3 4_1 4_3 4_4 5_1 5_2 5_3 5_4 6_4 7_4 7_5 7_9,,,0.739130,0.538462,0.600000,0.176471,0.739130,0.111111,0.111111,0.081081,0.818182
2025-03-18,B1: Static prior,0,,0.000000,,1_10 2_10 2_9 3_10 3_11 3_12 3_13 3_3 4_1 4_2 4_3 4_4 5_1 5_2 5_3 6_12 6_4 7_5 7_6 7_9,,0.739130,,0.600000,0.666667,0.212121,1.000000,0.111111,0.142857,0.081081,0.904762
2025-03-18,TTM,0,,0.000000,,1_10 2_10 2_12 2_9 3_10 3_12 3_13 4_1 4_2 4_3 5_1 5_11 5_3 6_4 6_5 7_4 7_5 7_6 7_7 7_9,,0.538462,0.600000,,0.600000,0.212121,0.600000,0.111111,0.142857,0.081081,0.538462
2025-03-18,ET,0,,0.000000,,1_10 2_10 2_12 2_9 3_10 3_11 3_12 3_13 4_0 4_1 4_13 4_14 4_3 4_4 5_1 5_3 6_4 7_5 7_6 7_9,,0.600000,0.666667,0.600000,,0.250000,0.666667,0.142857,0.176471,0.052632,0.666667
2025-03-18,B5: B2+B3,0,,0.000000,,0_0 0_1 0_2 1_1 2_0 2_1 3_10 3_13 4_0 4_3 5_0 5_1 6_1 6_4 7_0 7_1 7_5 7_6 8_0 8_1,,0.176471,0.212121,0.212121,0.250000,,0.212121,0.600000,0.818182,0.176471,0.212121
2025-03-18,B4: B1+B3,0,,0.000000,,1_10 2_10 2_9 3_10 3_11 3_12 3_13 3_3 4_1 4_2 4_3 4_4 5_1 5_2 5_3 6_12 6_4 7_5 7_6 7_9,,0.739130,1.000000,0.600000,0.666667,0.212121,,0.111111,0.142857,0.081081,0.904762
2025-03-18,B2: Recent MA,0,,0.000000,,0_0 0_1 0_2 1_0 1_1 2_0 2_1 3_0 3_1 3_10 3_13 4_0 4_1 4_3 5_0 6_0 6_1 7_1 8_0 8_1,,0.111111,0.111111,0.111111,0.142857,0.600000,0.111111,,0.600000,0.212121,0.111111
2025-03-18,B3: DoY season,0,,0.000000,,0_0 0_1 0_2 1_0 1_1 2_0 2_1 4_0 4_3 5_0 5_1 6_0 6_1 6_4 7_0 7_1 7_5 7_6 8_0 8_1,,0.111111,0.142857,0.142857,0.176471,0.818182,0.142857,0.600000,,0.212121,0.142857
2025-03-18,B0: Random,0,,0.000000,,0_0 0_14 0_2 1_0 2_0 2_1 3_1 4_14 4_9 5_2 5_6 6_1 6_10 6_12 6_15 6_8 7_0 7_4 7_7 7_9,,0.081081,0.081081,0.081081,0.052632,0.176471,0.081081,0.212121,0.212121,,0.081081
2025-03-19,GLM-Logit,0,,0.000000,,1_10 2_10 2_9 3_10 3_11 3_12 3_13 3_3 4_1 4_3 4_4 5_1 5_2 5_3 5_4 6_12 6_4 7_5 7_6 7_9,,0.818182,0.904762,0.538462,0.666667,0.212121,0.904762,0.111111,0.142857,0.025641,
2025-03-19,HierBayes,0,,0.000000,,1_10 1_11 2_10 2_9 3_10 3_11 3_12 3_13 3_3 4_1 4_3 4_4 5_1 5_2 5_3 5_4 6_4 7_4 7_5 7_9,,,0.739130,0.481481,0.600000,0.176471,0.739130,0.111111,0.111111,0.025641,0.818182
2025-03-19,B1: Static prior,0,,0.000000,,1_10 2_10 2_9 3_10 3_11 3_12 3_13 3_3 4_1 4_2 4_3 4_4 5_1 5_2 5_3 6_12 6_4 7_5 7_6 7_9,,0.739130,,0.600000,0.666667,0.212121,1.000000,0.111111,0.142857,0.025641,0.904762
2025-03-19,TTM,0,,0.000000,,1_10 2_10 2_12 2_9 3_13 3_3 4_1 4_2 4_3 4_4 4_7 5_1 5_11 5_2 5_5 6_4 6_5 7_5 7_6 7_9,,0.481481,0.600000,,0.481481,0.176471,0.600000,0.081081,0.142857,0.000000,0.538462
2025-03-19,ET,0,,0.000000,,1_10 2_10 2_12 2_9 3_10 3_11 3_12 3_13 4_0 4_1 4_13 4_14 4_3 4_4 5_1 5_3 6_4 7_5 7_6 7_9,,0.600000,0.666667,0.481481,,0.250000,0.666667,0.142857,0.176471,0.025641,0.666667
2025-03-19,B5: B2+B3,0,,0.000000,,0_0 0_1 0_2 1_1 2_0 2_1 3_10 3_13 4_0 4_3 5_0 5_1 6_1 6_4 7_0 7_1 7_5 7_6 8_0 8_1,,0.176471,0.212121,0.176471,0.250000,,0.212121,0.600000,0.818182,0.052632,0.212121
2025-03-19,B4: B1+B3,0,,0.000000,,1_10 2_10 2_9 3_10 3_11 3_12 3_13 3_3 4_1 4_2 4_3 4_4 5_1 5_2 5_3 6_12 6_4 7_5 7_6 7_9,,0.739130,1.000000,0.600000,0.666667,0.212121,,0.111111,0.142857,0.025641,0.904762
2025-03-19,B2: Recent MA,0,,0.000000,,0_0 0_1 0_2 1_0 1_1 2_0 2_1 3_0 3_1 3_10 3_13 4_0 4_1 4_3 5_0 6_0 6_1 7_1 8_0 8_1,,0.111111,0.111111,0.081081,0.142857,0.600000,0.111111,,0.600000,0.081081,0.111111
2025-03-19,B3: DoY season,0,,0.000000,,0_0 0_1 0_2 1_0 1_1 2_0 2_1 4_0 4_3 5_0 5_1 6_0 6_1 6_4 7_0 7_1 7_5 7_6 8_0 8_1,,0.111111,0.142857,0.142857,0.176471,0.818182,0.142857,0.600000,,0.052632,0.142857
2025-03-19,B0: Random,0,,0.000000,,0_0 0_10 0_4 0_5 2_14 2_5 3_1 3_5 3_8 4_5 4_8 4_9 5_10 5_3 5_7 6_7 7_1 7_8 8_10 8_15,,0.025641,0.025641,0.000000,0.025641,0.052632,0.025641,0.081081,0.052632,,0.025641
2025-03-20,GLM-Logit,0,,0.000000,,1_10 2_10 2_9 3_10 3_11 3_12 3_13 3_3 4_1 4_3 4_4 5_1 5_2 5_3 5_4 6_12 6_4 7_5 7_6 7_9,,0.818182,0.904762,0.600000,0.666667,0.212121,0.904762,0.111111,0.142857,0.081081,
2025-03-20,HierBayes,0,,0.000000,,1_10 1_11 2_10 2_9 3_10 3_11 3_12 3_13 3_3 4_1 4_3 4_4 5_1 5_2 5_3 5_4 6_4 7_4 7_5 7_9,,,0.739130,0.600000,0.600000,0.176471,0.739130,0.111111,0.111111,0.081081,0.818182
2025-03-20,B1: Static prior,0,,0.000000,,1_10 2_10 2_9 3_10 3_11 3_12 3_13 3_3 4_1 4_2 4_3 4_4 5_1 5_2 5_3 6_12 6_4 7_5 7_6 7_9,,0.739130,,0.666667,0.666667,0.212121,1.000000,0.111111,0.142857,0.081081,0.904762
2025-03-20,TTM,0,,0.000000,,0_9 1_10 2_10 2_12 2_9 3_10 3_12 3_13 4_1 4_2 4_3 4_4 4_7 5_1 5_2 5_3 6_12 6_4 7_4 7_9,,0.600000,0.666667,,0.538462,0.142857,0.666667,0.111111,0.081081,0.052632,0.600000
2025-03-20,ET,0,,0.000000,,1_10 2_10 2_12 2_9 3_10 3_11 3_12 3_13 4_0 4_1 4_13 4_14 4_3 4_4 5_1 5_3 6_4 7_5 7_6 7_9,,0.600000,0.666667,0.538462,,0.250000,0.666667,0.142857,0.176471,0.111111,0.666667
2025-03-20,B5: B2+B3,0,,0.000000,,0_0 0_1 0_2 1_1 2_0 2_1 3_10 3_13 4_0 4_3 5_0 5_1 6_1 6_4 7_0 7_1 7_5 7_6 8_0 8_1,,0.176471,0.212121,0.142857,0.250000,,0.212121,0.600000,0.818182,0.025641,0.212121
2025-03-20,B4: B1+B3,0,,0.000000,,1_10 2_10 2_9 3_10 3_11 3_12 3_13 3_3 4_1 4_2 4_3 4_4 5_1 5_2 5_3 6_12 6_4 7_5 7_6 7_9,,0.739130,1.000000,0.666667,0.666667,0.212121,,0.111111,0.142857,0.081081,0.904762
2025-03-20,B2: Recent MA,0,,0.000000,,0_0 0_1 0_2 1_0 1_1 2_0 2_1 3_0 3_1 3_10 3_13 4_0 4_1 4_3 5_0 6_0 6_1 7_1 8_0 8_1,,0.111111,0.111111,0.111111,0.142857,0.600000,0.111111,,0.600000,0.000000,0.111111
2025-03-20,B3: DoY season,0,,0.000000,,0_0 0_1 0_2 1_0 1_1 2_0 2_1 4_0 4_3 5_0 5_1 6_0 6_1 6_4 7_0 7_1 7_5 7_6 8_0 8_1,,0.111111,0.142857,0.081081,0.176471,0.818182,0.142857,0.600000,,0.025641,0.142857
2025-03-20,B0: Random,0,,0.000000,,0_11 0_13 0_6 0_7 1_10 1_6 2_3 2_7 3_8 4_14 4_4 4_6 6_15 6_7 7_10 7_14 7_5 7_7 8_13 8_7,,0.081081,0.081081,0.052632,0.111111,0.025641,0.081081,0.000000,0.025641,,0.081081
2025-03-21,GLM-Logit,0,,0.000000,,1_10 2_10 2_9 3_10 3_11 3_12 3_13 3_3 4_1 4_3 4_4 5_1 5_2 5_3 5_4 6_12 6_4 7_5 7_6 7_9,,0.818182,0.904762,0.600000,0.666667,0.212121,0.904762,0.081081,0.142857,0.081081,
2025-03-21,HierBayes,0,,0.000000,,1_10 1_11 2_10 2_9 3_10 3_11 3_12 3_13 3_3 4_1 4_3 4_4 5_1 5_2 5_3 5_4 6_4 7_4 7_5 7_9,,,0.739130,0.600000,0.600000,0.176471,0.739130,0.081081,0.111111,0.111111,0.818182
2025-03-21,B1: Static prior,0,,0.000000,,1_10 2_10 2_9 3_10 3_11 3_12 3_13 3_3 4_1 4_2 4_3 4_4 5_1 5_2 5_3 6_12 6_4 7_5 7_6 7_9,,0.739130,,0.666667,0.666667,0.212121,1.000000,0.081081,0.142857,0.081081,0.904762
2025-03-21,TTM,0,,0.000000,,0_9 1_10 2_10 2_9 3_12 3_13 4_1 4_2 4_3 4_4 5_1 5_2 5_3 6_10 6_4 7_4 7_5 7_6 7_8 7_9,,0.600000,0.666667,,0.538462,0.176471,0.666667,0.052632,0.142857,0.111111,0.600000
2025-03-21,ET,0,,0.000000,,1_10 2_10 2_12 2_9 3_10 3_11 3_12 3_13 4_0 4_1 4_13 4_14 4_3 4_4 5_1 5_3 6_4 7_5 7_6 7_9,,0.600000,0.666667,0.538462,,0.250000,0.666667,0.111111,0.176471,0.111111,0.666667
2025-03-21,B5: B2+B3,0,,0.000000,,0_0 0_1 0_2 1_1 2_0 2_1 3_10 3_13 4_0 4_3 5_0 5_1 6_1 6_4 7_0 7_1 7_5 7_6 8_0 8_1,,0.176471,0.212121,0.176471,0.250000,,0.212121,0.538462,0.818182,0.052632,0.212121
2025-03-21,B4: B1+B3,0,,0.000000,,1_10 2_10 2_9 3_10 3_11 3_12 3_13 3_3 4_1 4_2 4_3 4_4 5_1 5_2 5_3 6_12 6_4 7_5 7_6 7_9,,0.739130,1.000000,0.666667,0.666667,0.212121,,0.081081,0.142857,0.081081,0.904762
2025-03-21,B2: Recent MA,0,,0.000000,,0_0 0_1 0_2 1_0 1_1 1_2 2_0 2_1 3_0 3_1 3_10 3_13 4_0 4_1 5_0 6_0 7_0 7_1 8_0 8_1,,0.081081,0.081081,0.052632,0.111111,0.538462,0.081081,,0.538462,0.052632,0.081081
2025-03-21,B3: DoY season,0,,0.000000,,0_0 0_1 0_2 1_0 1_1 2_0 2_1 4_0 4_3 5_0 5_1 6_0 6_1 6_4 7_0 7_1 7_5 7_6 8_0 8_1,,0.111111,0.142857,0.142857,0.176471,0.818182,0.142857,0.538462,,0.052632,0.142857
2025-03-21,B0: Random,0,,0.000000,,0_0 0_15 0_2 0_7 1_9 2_11 2_12 2_14 2_4 3_12 3_6 3_8 4_11 4_13 5_15 5_2 6_14 7_4 7_9 8_5,,0.111111,0.081081,0.111111,0.111111,0.052632,0.081081,0.052632,0.052632,,0.081081
2025-03-22,GLM-Logit,0,,0.000000,,1_10 2_10 2_9 3_10 3_11 3_12 3_13 3_3 4_1 4_3 4_4 5_1 5_2 5_3 5_4 6_12 6_4 7_5 7_6 7_9,,0.818182,0.904762,0.666667,0.666667,0.212121,0.904762,0.081081,0.142857,0.111111,
2025-03-22,HierBayes,0,,0.000000,,1_10 1_11 2_10 2_9 3_10 3_11 3_12 3_13 3_3 4_1 4_3 4_4 5_1 5_2 5_3 5_4 6_4 7_4 7_5 7_9,,,0.739130,0.600000,0.600000,0.176471,0.739130,0.081081,0.111111,0.111111,0.818182
2025-03-22,B1: Static prior,0,,0.000000,,1_10 2_10 2_9 3_10 3_11 3_12 3_13 3_3 4_1 4_2 4_3 4_4 5_1 5_2 5_3 6_12 6_4 7_5 7_6 7_9,,0.739130,,0.666667,0.666667,0.212121,1.000000,0.081081,0.142857,0.111111,0.904762
2025-03-22,TTM,0,,0.000000,,1_10 2_10 2_12 2_9 3_11 3_12 3_2 4_1 4_3 4_4 5_1 5_2 5_3 6_10 6_12 6_4 7_4 7_5 7_6 7_9,,0.600000,0.666667,,0.600000,0.142857,0.666667,0.025641,0.142857,0.111111,0.666667
2025-03-22,ET,0,,0.000000,,1_10 2_10 2_12 2_9 3_10 3_11 3_12 3_13 4_0 4_1 4_13 4_14 4_3 4_4 5_1 5_3 6_4 7_5 7_6 7_9,,0.600000,0.666667,0.600000,,0.250000,0.666667,0.111111,0.176471,0.111111,0.666667
2025-03-22,B5: B2+B3,0,,0.000000,,0_0 0_1 0_2 1_1 2_0 2_1 3_10 3_13 4_0 4_3 5_0 5_1 6_1 6_4 7_0 7_1 7_5 7_6 8_0 8_1,,0.176471,0.212121,0.142857,0.250000,,0.212121,0.538462,0.818182,0.081081,0.212121
2025-03-22,B4: B1+B3,0,,0.000000,,1_10 2_10 2_9 3_10 3_11 3_12 3_13 3_3 4_1 4_2 4_3 4_4 5_1 5_2 5_3 6_12 6_4 7_5 7_6 7_9,,0.739130,1.000000,0.666667,0.666667,0.212121,,0.081081,0.142857,0.111111,0.904762
2025-03-22,B2: Recent MA,0,,0.000000,,0_0 0_1 0_2 1_0 1_1 1_2 2_0 2_1 3_0 3_1 3_10 3_13 4_0 4_1 5_0 6_0 7_0 7_1 8_0 8_1,,0.081081,0.081081,0.025641,0.111111,0.538462,0.081081,,0.538462,0.052632,0.081081
2025-03-22,B3: DoY season,0,,0.000000,,0_0 0_1 0_2 1_0 1_1 2_0 2_1 4_0 4_3 5_0 5_1 6_0 6_1 6_4 7_0 7_1 7_5 7_6 8_0 8_1,,0.111111,0.142857,0.142857,0.176471,0.818182,0.142857,0.538462,,0.081081,0.142857
2025-03-22,B0: Random,0,,0.000000,,0_8 1_13 1_4 1_7 2_0 2_13 2_2 2_7 2_9 3_14 4_0 4_10 4_15 4_3 4_4 5_2 6_5 8_11 8_5 8_8,,0.111111,0.111111,0.111111,0.111111,0.081081,0.111111,0.052632,0.081081,,0.111111
2025-03-23,GLM-Logit,0,,0.000000,,1_10 2_10 2_9 3_10 3_11 3_12 3_13 3_3 4_1 4_3 4_4 5_1 5_2 5_3 5_4 6_12 6_4 7_5 7_6 7_9,,0.818182,0.904762,0.538462,0.666667,0.212121,0.904762,0.081081,0.142857,0.081081,
2025-03-23,HierBayes,0,,0.000000,,1_10 1_11 2_10 2_9 3_10 3_11 3_12 3_13 3_3 4_1 4_3 4_4 5_1 5_2 5_3 5_4 6_4 7_4 7_5 7_9,,,0.739130,0.481481,0.600000,0.176471,0.739130,0.081081,0.111111,0.111111,0.818182
2025-03-23,B1: Static prior,0,,0.000000,,1_10 2_10 2_9 3_10 3_11 3_12 3_13 3_3 4_1 4_2 4_3 4_4 5_1 5_2 5_3 6_12 6_4 7_5 7_6 7_9,,0.739130,,0.538462,0.666667,0.212121,1.000000,0.081081,0.142857,0.081081,0.904762
2025-03-23,TTM,0,,0.000000,,1_10 2_10 2_12 2_2 2_9 3_10 3_12 4_1 4_3 5_1 5_3 6_10 6_11 6_12 6_4 6_7 7_4 7_5 7_6 7_9,,0.481481,0.538462,,0.538462,0.176471,0.538462,0.052632,0.142857,0.111111,0.538462
2025-03-23,ET,0,,0.000000,,1_10 2_10 2_12 2_9 3_10 3_11 3_12 3_13 4_0 4_1 4_13 4_14 4_3 4_4 5_1 5_3 6_4 7_5 7_6 7_9,,0.600000,0.666667,0.538462,,0.250000,0.666667,0.111111,0.176471,0.081081,0.666667
2025-03-23,B5: B2+B3,0,,0.000000,,0_0 0_1 0_2 1_1 2_0 2_1 3_10 3_13 4_0 4_3 5_0 5_1 6_1 6_4 7_0 7_1 7_5 7_6 8_0 8_1,,0.176471,0.212121,0.176471,0.250000,,0.212121,0.538462,0.818182,0.052632,0.212121
2025-03-23,B4: B1+B3,0,,0.000000,,1_10 2_10 2_9 3_10 3_11 3_12 3_13 3_3 4_1 4_2 4_3 4_4 5_1 5_2 5_3 6_12 6_4 7_5 7_6 7_9,,0.739130,1.000000,0.538462,0.666667,0.212121,,0.081081,0.142857,0.081081,0.904762
2025-03-23,B2: Recent MA,0,,0.000000,,0_0 0_1 0_2 1_0 1_1 1_2 2_0 2_1 3_0 3_1 3_10 3_13 4_0 4_1 5_0 6_0 7_0 7_1 8_0 8_1,,0.081081,0.081081,0.052632,0.111111,0.538462,0.081081,,0.538462,0.111111,0.081081
2025-03-23,B3: DoY season,0,,0.000000,,0_0 0_1 0_2 1_0 1_1 2_0 2_1 4_0 4_3 5_0 5_1 6_0 6_1 6_4 7_0 7_1 7_5 7_6 8_0 8_1,,0.111111,0.142857,0.142857,0.176471,0.818182,0.142857,0.538462,,0.052632,0.142857
2025-03-23,B0: Random,0,,0.000000,,0_2 0_9 1_11 1_2 1_6 2_10 2_2 3_0 3_2 3_7 4_1 4_3 5_5 5_7 5_9 6_5 6_8 7_12 7_7 8_7,,0.111111,0.081081,0.111111,0.081081,0.052632,0.081081,0.111111,0.052632,,0.081081
2025-03-24,GLM-Logit,0,,0.000000,,1_10 2_10 2_9 3_10 3_11 3_12 3_13 3_3 4_1 4_3 4_4 5_1 5_2 5_3 5_4 6_12 6_4 7_5 7_6 7_9,,0.818182,0.904762,0.481481,0.666667,0.212121,0.904762,0.081081,0.142857,0.111111,
2025-03-24,HierBayes,0,,0.000000,,1_10 1_11 2_10 2_9 3_10 3_11 3_12 3_13 3_3 4_1 4_3 4_4 5_1 5_2 5_3 5_4 6_4 7_4 7_5 7_9,,,0.739130,0.481481,0.600000,0.176471,0.739130,0.081081,0.111111,0.111111,0.818182
2025-03-24,B1: Static prior,0,,0.000000,,1_10 2_10 2_9 3_10 3_11 3_12 3_13 3_3 4_1 4_2 4_3 4_4 5_1 5_2 5_3 6_12 6_4 7_5 7_6 7_9,,0.739130,,0.428571,0.666667,0.212121,1.000000,0.081081,0.142857,0.111111,0.904762
2025-03-24,TTM,0,,0.000000,,0_10 1_10 2_10 2_2 2_9 3_10 3_3 4_0 4_1 4_13 4_3 5_1 5_3 5_4 5_6 6_10 6_4 6_7 7_5 7_9,,0.481481,0.428571,,0.481481,0.176471,0.428571,0.081081,0.142857,0.111111,0.481481
2025-03-24,ET,0,,0.000000,,1_10 2_10 2_12 2_9 3_10 3_11 3_12 3_13 4_0 4_1 4_13 4_14 4_3 4_4 5_1 5_3 6_4 7_5 7_6 7_9,,0.600000,0.666667,0.481481,,0.250000,0.666667,0.111111,0.176471,0.176471,0.666667
2025-03-24,B5: B2+B3,0,,0.000000,,0_0 0_1 0_2 1_1 2_0 2_1 3_10 3_13 4_0 4_3 5_0 5_1 6_1 6_4 7_0 7_1 7_5 7_6 8_0 8_1,,0.176471,0.212121,0.176471,0.250000,,0.212121,0.538462,0.818182,0.111111,0.212121
2025-03-24,B4: B1+B3,0,,0.000000,,1_10 2_10 2_9 3_10 3_11 3_12 3_13 3_3 4_1 4_2 4_3 4_4 5_1 5_2 5_3 6_12 6_4 7_5 7_6 7_9,,0.739130,1.000000,0.428571,0.666667,0.212121,,0.081081,0.142857,0.111111,0.904762
2025-03-24,B2: Recent MA,0,,0.000000,,0_0 0_1 0_2 1_0 1_1 1_2 2_0 2_1 3_0 3_1 3_10 3_13 4_0 4_1 5_0 6_0 7_0 7_1 8_0 8_1,,0.081081,0.081081,0.081081,0.111111,0.538462,0.081081,,0.538462,0.081081,0.081081
2025-03-24,B3: DoY season,0,,0.000000,,0_0 0_1 0_2 1_0 1_1 2_0 2_1 4_0 4_3 5_0 5_1 6_0 6_1 6_4 7_0 7_1 7_5 7_6 8_0 8_1,,0.111111,0.142857,0.142857,0.176471,0.818182,0.142857,0.538462,,0.111111,0.142857
2025-03-24,B0: Random,0,,0.000000,,0_14 0_3 0_5 1_10 2_0 2_12 2_14 2_3 3_11 3_14 3_8 4_0 5_0 5_11 5_3 6_3 6_8 7_11 7_5 8_5,,0.111111,0.111111,0.111111,0.176471,0.111111,0.111111,0.081081,0.111111,,0.111111
2025-03-25,GLM-Logit,0,,0.000000,,1_10 2_10 2_9 3_10 3_11 3_12 3_13 3_3 4_1 4_3 4_4 5_1 5_2 5_3 5_4 6_12 6_4 7_5 7_6 7_9,,0.818182,0.904762,0.379310,0.666667,0.176471,0.904762,0.081081,0.111111,0.025641,
2025-03-25,HierBayes,0,,0.000000,,1_10 1_11 2_10 2_9 3_10 3_11 3_12 3_13 3_3 4_1 4_3 4_4 5_1 5_2 5_3 5_4 6_4 7_4 7_5 7_9,,,0.739130,0.428571,0.600000,0.142857,0.739130,0.081081,0.081081,0.025641,0.818182
2025-03-25,B1: Static prior,0,,0.000000,,1_10 2_10 2_9 3_10 3_11 3_12 3_13 3_3 4_1 4_2 4_3 4_4 5_1 5_2 5_3 6_12 6_4 7_5 7_6 7_9,,0.739130,,0.428571,0.666667,0.176471,1.000000,0.081081,0.111111,0.025641,0.904762
2025-03-25,TTM,0,,0.000000,,1_10 2_10 2_11 2_2 2_9 3_1 3_3 4_1 4_13 4_2 4_3 5_1 5_3 6_10 6_11 6_4 7_4 7_5 7_7 7_9,,0.428571,0.428571,,0.379310,0.111111,0.428571,0.052632,0.111111,0.052632,0.379310
2025-03-25,ET,0,,0.000000,,1_10 2_10 2_12 2_9 3_10 3_11 3_12 3_13 4_0 4_1 4_13 4_14 4_3 4_4 5_1 5_3 6_4 7_5 7_6 7_9,,0.600000,0.666667,0.379310,,0.212121,0.666667,0.111111,0.142857,0.025641,0.666667
2025-03-25,B5: B2+B3,0,,0.000000,,0_0 0_1 0_2 1_0 1_1 2_0 2_1 3_1 3_10 3_13 4_0 4_1 4_3 5_0 6_1 7_1 7_5 7_6 8_0 8_1,,0.142857,0.176471,0.111111,0.212121,,0.176471,0.666667,0.818182,0.025641,0.176471
2025-03-25,B4: B1+B3,0,,0.000000,,1_10 2_10 2_9 3_10 3_11 3_12 3_13 3_3 4_1 4_2 4_3 4_4 5_1 5_2 5_3 6_12 6_4 7_5 7_6 7_9,,0.739130,1.000000,0.428571,0.666667,0.176471,,0.081081,0.111111,0.025641,0.904762
2025-03-25,B2: Recent MA,0,,0.000000,,0_0 0_1 0_2 1_0 1_1 1_2 2_0 2_1 3_0 3_1 3_10 3_13 4_0 4_1 5_0 6_0 7_0 7_1 8_0 8_1,,0.081081,0.081081,0.052632,0.111111,0.666667,0.081081,,0.666667,0.025641,0.081081
2025-03-25,B3: DoY season,0,,0.000000,,0_0 0_1 0_2 1_0 1_1 2_0 2_1 3_0 3_1 4_0 4_1 4_3 5_0 6_0 6_1 7_1 7_5 7_6 8_0 8_1,,0.081081,0.111111,0.111111,0.142857,0.818182,0.111111,0.666667,,0.025641,0.111111
2025-03-25,B0: Random,0,,0.000000,,0_10 0_3 0_4 1_0 1_6 1_7 2_14 2_2 2_4 2_7 2_8 3_11 4_6 6_11 6_13 6_14 6_5 6_6 7_12 8_13,,0.025641,0.025641,0.052632,0.025641,0.025641,0.025641,0.025641,0.025641,,0.025641
2025-03-26,GLM-Logit,0,,0.000000,,1_10 2_10 2_9 3_10 3_11 3_12 3_13 3_3 4_1 4_3 4_4 5_1 5_2 5_3 5_4 6_12 6_4 7_5 7_6 7_9,,0.818182,0.904762,0.333333,0.666667,0.142857,0.904762,0.081081,0.111111,0.000000,
2025-03-26,HierBayes,0,,0.000000,,1_10 1_11 2_10 2_9 3_10 3_11 3_12 3_13 3_3 4_1 4_3 4_4 5_1 5_2 5_3 5_4 6_4 7_4 7_5 7_9,,,0.739130,0.379310,0.600000,0.111111,0.739130,0.081081,0.081081,0.000000,0.818182
2025-03-26,B1: Static prior,0,,0.000000,,1_10 2_10 2_9 3_10 3_11 3_12 3_13 3_3 4_1 4_2 4_3 4_4 5_1 5_2 5_3 6_12 6_4 7_5 7_6 7_9,,0.739130,,0.379310,0.666667,0.142857,1.000000,0.081081,0.111111,0.000000,0.904762
2025-03-26,TTM,0,,0.000000,,1_10 2_10 2_12 2_15 2_2 3_3 4_1 4_2 4_3 5_1 5_2 6_10 6_11 6_4 6_7 7_4 7_5 7_7 7_9 8_11,,0.379310,0.379310,,0.290323,0.081081,0.379310,0.052632,0.081081,0.025641,0.333333
2025-03-26,ET,0,,0.000000,,1_10 2_10 2_12 2_9 3_10 3_11 3_12 3_13 4_0 4_1 4_13 4_14 4_3 4_4 5_1 5_3 6_4 7_5 7_6 7_9,,0.600000,0.666667,0.290323,,0.176471,0.666667,0.111111,0.142857,0.000000,0.666667
2025-03-26,B5: B2+B3,0,,0.000000,,0_0 0_1 0_2 1_0 1_1 2_0 2_1 3_1 3_13 4_0 4_1 4_3 5_0 6_0 6_1 7_1 7_5 7_6 8_0 8_1,,0.111111,0.142857,0.081081,0.176471,,0.142857,0.666667,0.904762,0.025641,0.142857
2025-03-26,B4: B1+B3,0,,0.000000,,1_10 2_10 2_9 3_10 3_11 3_12 3_13 3_3 4_1 4_2 4_3 4_4 5_1 5_2 5_3 6_12 6_4 7_5 7_6 7_9,,0.739130,1.000000,0.379310,0.666667,0.142857,,0.081081,0.111111,0.000000,0.904762
2025-03-26,B2: Recent MA,0,,0.000000,,0_0 0_1 0_2 1_0 1_1 1_2 2_0 2_1 3_0 3_1 3_13 4_0 4_1 5_0 5_1 6_0 7_0 7_1 8_0 8_1,,0.081081,0.081081,0.052632,0.111111,0.666667,0.081081,,0.666667,0.025641,0.081081
2025-03-26,B3: DoY season,0,,0.000000,,0_0 0_1 0_2 1_0 1_1 2_0 2_1 3_0 3_1 4_0 4_1 4_3 5_0 6_0 6_1 7_1 7_5 7_6 8_0 8_1,,0.081081,0.111111,0.081081,0.142857,0.904762,0.111111,0.666667,,0.025641,0.111111
2025-03-26,B0: Random,0,,0.000000,,0_13 0_15 0_3 0_7 0_9 1_3 1_5 1_6 2_0 2_4 3_15 4_15 5_13 5_9 6_14 6_3 6_8 7_15 8_11 8_7,,0.000000,0.000000,0.025641,0.000000,0.025641,0.000000,0.025641,0.025641,,0.000000
2025-03-27,GLM-Logit,0,,0.000000,,1_10 2_10 2_9 3_10 3_11 3_12 3_13 3_3 4_1 4_3 4_4 5_1 5_2 5_3 5_4 6_12 6_4 7_5 7_6 7_9,,0.818182,0.904762,0.538462,0.666667,0.176471,0.904762,0.081081,0.142857,0.081081,
2025-03-27,HierBayes,0,,0.000000,,1_10 1_11 2_10 2_9 3_10 3_11 3_12 3_13 3_3 4_1 4_3 4_4 5_1 5_2 5_3 5_4 6_4 7_4 7_5 7_9,,,0.739130,0.481481,0.600000,0.142857,0.739130,0.081081,0.111111,0.081081,0.818182
2025-03-27,B1: Static prior,0,,0.000000,,1_10 2_10 2_9 3_10 3_11 3_12 3_13 3_3 4_1 4_2 4_3 4_4 5_1 5_2 5_3 6_12 6_4 7_5 7_6 7_9,,0.739130,,0.600000,0.666667,0.176471,1.000000,0.081081,0.142857,0.052632,0.904762
2025-03-27,TTM,0,,0.000000,,1_10 2_10 2_12 2_9 3_10 3_11 4_1 4_2 4_3 5_1 5_2 5_3 5_7 6_10 6_4 7_10 7_5 7_6 7_8 7_9,,0.481481,0.600000,,0.538462,0.142857,0.600000,0.052632,0.142857,0.052632,0.538462
2025-03-27,ET,0,,0.000000,,1_10 2_10 2_12 2_9 3_10 3_11 3_12 3_13 4_0 4_1 4_13 4_14 4_3 4_4 5_1 5_3 6_4 7_5 7_6 7_9,,0.600000,0.666667,0.538462,,0.212121,0.666667,0.111111,0.176471,0.081081,0.666667
2025-03-27,B5: B2+B3,0,,0.000000,,0_0 0_1 0_2 1_0 1_1 2_0 2_1 2_10 3_1 3_13 4_0 4_1 4_3 5_0 6_1 7_1 7_5 7_6 8_0 8_1,,0.142857,0.176471,0.142857,0.212121,,0.176471,0.600000,0.904762,0.025641,0.176471
2025-03-27,B4: B1+B3,0,,0.000000,,1_10 2_10 2_9 3_10 3_11 3_12 3_13 3_3 4_1 4_2 4_3 4_4 5_1 5_2 5_3 6_12 6_4 7_5 7_6 7_9,,0.739130,1.000000,0.600000,0.666667,0.176471,,0.081081,0.142857,0.052632,0.904762
2025-03-27,B2: Recent MA,0,,0.000000,,0_0 0_1 0_2 1_0 1_1 1_2 2_0 2_1 3_0 3_1 3_13 4_0 4_1 5_0 5_1 6_0 7_0 7_1 8_0 8_1,,0.081081,0.081081,0.052632,0.111111,0.600000,0.081081,,0.600000,0.000000,0.081081
2025-03-27,B3: DoY season,0,,0.000000,,0_0 0_1 0_2 1_0 1_1 2_0 2_1 2_10 3_1 4_0 4_1 4_3 5_0 6_0 6_1 7_1 7_5 7_6 8_0 8_1,,0.111111,0.142857,0.142857,0.176471,0.904762,0.142857,0.600000,,0.025641,0.142857
2025-03-27,B0: Random,0,,0.000000,,0_12 0_14 0_4 1_13 2_11 2_12 2_13 2_6 3_3 3_5 4_11 4_14 5_4 6_1 6_4 7_13 7_7 8_12 8_13 8_6,,0.081081,0.052632,0.052632,0.081081,0.025641,0.052632,0.000000,0.025641,,0.081081
2025-03-28,GLM-Logit,0,,0.000000,,1_10 2_10 2_9 3_10 3_11 3_12 3_13 3_3 4_1 4_3 4_4 5_1 5_2 5_3 5_4 6_12 6_4 7_5 7_6 7_9,,0.818182,0.904762,0.600000,0.666667,0.111111,0.904762,0.081081,0.111111,0.081081,
2025-03-28,HierBayes,0,,0.000000,,1_10 1_11 2_10 2_9 3_10 3_11 3_12 3_13 3_3 4_1 4_3 4_4 5_1 5_2 5_3 5_4 6_4 7_4 7_5 7_9,,,0.739130,0.538462,0.600000,0.111111,0.739130,0.081081,0.111111,0.111111,0.818182
2025-03-28,B1: Static prior,0,,0.000000,,1_10 2_10 2_9 3_10 3_11 3_12 3_13 3_3 4_1 4_2 4_3 4_4 5_1 5_2 5_3 6_12 6_4 7_5 7_6 7_9,,0.739130,,0.666667,0.666667,0.111111,1.000000,0.081081,0.111111,0.081081,0.904762
2025-03-28,TTM,0,,0.000000,,1_10 2_10 2_9 3_10 3_13 4_1 4_2 4_3 4_4 5_1 5_2 5_3 5_6 6_10 6_3 6_4 7_5 7_6 7_8 7_9,,0.538462,0.666667,,0.538462,0.111111,0.666667,0.081081,0.111111,0.081081,0.600000
2025-03-28,ET,0,,0.000000,,1_10 2_10 2_12 2_9 3_10 3_11 3_12 3_13 4_0 4_1 4_13 4_14 4_3 4_4 5_1 5_3 6_4 7_5 7_6 7_9,,0.600000,0.666667,0.538462,,0.142857,0.666667,0.111111,0.142857,0.081081,0.666667
2025-03-28,B5: B2+B3,0,,0.000000,,0_0 0_1 0_2 1_0 1_1 1_2 2_0 2_1 2_10 3_0 3_1 3_13 4_0 4_1 5_0 6_0 7_1 7_5 8_0 8_1,,0.111111,0.111111,0.111111,0.142857,,0.111111,0.818182,0.904762,0.000000,0.111111
2025-03-28,B4: B1+B3,0,,0.000000,,1_10 2_10 2_9 3_10 3_11 3_12 3_13 3_3 4_1 4_2 4_3 4_4 5_1 5_2 5_3 6_12 6_4 7_5 7_6 7_9,,0.739130,1.000000,0.666667,0.666667,0.111111,,0.081081,0.111111,0.081081,0.904762
2025-03-28,B2: Recent MA,0,,0.000000,,0_0 0_1 0_2 1_0 1_1 1_2 2_0 2_1 3_0 3_1 3_13 4_0 4_1 5_0 5_1 6_0 7_0 7_1 8_0 8_1,,0.081081,0.081081,0.081081,0.111111,0.818182,0.081081,,0.818182,0.000000,0.081081
2025-03-28,B3: DoY season,0,,0.000000,,0_0 0_1 0_2 1_0 1_1 1_2 2_0 2_1 2_10 3_0 3_1 4_0 4_1 5_0 5_1 6_0 7_1 7_5 8_0 8_1,,0.111111,0.111111,0.111111,0.142857,0.904762,0.111111,0.818182,,0.000000,0.111111
2025-03-28,B0: Random,0,,0.000000,,1_3 2_13 2_2 2_3 2_5 2_6 3_12 3_15 4_10 4_3 4_5 4_7 5_11 5_3 6_10 7_13 7_4 8_4 8_7 8_8,,0.111111,0.081081,0.081081,0.081081,0.000000,0.081081,0.000000,0.000000,,0.081081
2025-03-29,GLM-Logit,0,,0.000000,,1_10 2_10 2_9 3_10 3_11 3_12 3_13 3_3 4_1 4_3 4_4 5_1 5_2 5_3 5_4 6_12 6_4 7_5 7_6 7_9,,0.818182,0.904762,0.739130,0.666667,0.111111,0.904762,0.081081,0.111111,0.052632,
2025-03-29,HierBayes,0,,0.000000,,1_10 1_11 2_10 2_9 3_10 3_11 3_12 3_13 3_3 4_1 4_3 4_4 5_1 5_2 5_3 5_4 6_4 7_4 7_5 7_9,,,0.739130,0.666667,0.600000,0.111111,0.739130,0.081081,0.111111,0.081081,0.818182
2025-03-29,B1: Static prior,0,,0.000000,,1_10 2_10 2_9 3_10 3_11 3_12 3_13 3_3 4_1 4_2 4_3 4_4 5_1 5_2 5_3 6_12 6_4 7_5 7_6 7_9,,0.739130,,0.739130,0.666667,0.111111,1.000000,0.081081,0.111111,0.052632,0.904762
2025-03-29,TTM,0,,0.000000,,1_10 2_10 2_12 2_9 3_10 3_11 3_12 3_13 3_3 4_1 4_3 4_4 5_0 5_1 5_3 6_10 6_4 7_5 7_6 7_9,,0.666667,0.739130,,0.739130,0.142857,0.739130,0.111111,0.142857,0.081081,0.739130
2025-03-29,ET,0,,0.000000,,1_10 2_10 2_12 2_9 3_10 3_11 3_12 3_13 4_0 4_1 4_13 4_14 4_3 4_4 5_1 5_3 6_4 7_5 7_6 7_9,,0.600000,0.666667,0.739130,,0.142857,0.666667,0.111111,0.142857,0.081081,0.666667
2025-03-29,B5: B2+B3,0,,0.000000,,0_0 0_1 0_2 1_0 1_1 1_2 2_0 2_1 2_10 3_1 3_13 4_0 4_1 5_0 6_0 7_0 7_1 7_5 8_0 8_1,,0.111111,0.111111,0.142857,0.142857,,0.111111,0.818182,0.904762,0.052632,0.111111
2025-03-29,B4: B1+B3,0,,0.000000,,1_10 2_10 2_9 3_10 3_11 3_12 3_13 3_3 4_1 4_2 4_3 4_4 5_1 5_2 5_3 6_12 6_4 7_5 7_6 7_9,,0.739130,1.000000,0.739130,0.666667,0.111111,,0.081081,0.111111,0.052632,0.904762
2025-03-29,B2: Recent MA,0,,0.000000,,0_0 0_1 0_2 1_0 1_1 1_2 2_0 2_1 3_0 3_1 3_13 4_0 4_1 5_0 5_1 6_0 7_0 7_1 8_0 8_1,,0.081081,0.081081,0.111111,0.111111,0.818182,0.081081,,0.818182,0.052632,0.081081
2025-03-29,B3: DoY season,0,,0.000000,,0_0 0_1 0_2 1_0 1_1 1_2 2_0 2_1 2_10 3_1 4_0 4_1 5_0 5_1 6_0 7_0 7_1 7_5 8_0 8_1,,0.111111,0.111111,0.142857,0.142857,0.904762,0.111111,0.818182,,0.052632,0.111111
2025-03-29,B0: Random,0,,0.000000,,0_13 0_7 1_1 1_10 1_8 2_8 4_14 4_4 4_5 5_11 5_7 6_10 6_14 6_15 7_0 7_4 7_8 8_15 8_2 8_3,,0.081081,0.052632,0.081081,0.081081,0.052632,0.052632,0.052632,0.052632,,0.052632
2025-03-30,GLM-Logit,0,,0.000000,,1_10 2_10 2_9 3_10 3_11 3_12 3_13 3_3 4_1 4_3 4_4 5_1 5_2 5_3 5_4 6_12 6_4 7_5 7_6 7_9,,0.818182,0.904762,0.666667,0.666667,0.142857,0.904762,0.081081,0.111111,0.052632,
2025-03-30,HierBayes,0,,0.000000,,1_10 1_11 2_10 2_9 3_10 3_11 3_12 3_13 3_3 4_1 4_3 4_4 5_1 5_2 5_3 5_4 6_4 7_4 7_5 7_9,,,0.739130,0.600000,0.600000,0.142857,0.739130,0.081081,0.111111,0.025641,0.818182
2025-03-30,B1: Static prior,0,,0.000000,,1_10 2_10 2_9 3_10 3_11 3_12 3_13 3_3 4_1 4_2 4_3 4_4 5_1 5_2 5_3 6_12 6_4 7_5 7_6 7_9,,0.739130,,0.739130,0.666667,0.142857,1.000000,0.081081,0.111111,0.052632,0.904762
2025-03-30,TTM,0,,0.000000,,1_10 2_10 2_9 3_11 3_12 3_3 3_9 4_1 4_2 4_3 5_1 5_2 5_3 6_12 6_4 7_4 7_5 7_6 7_9 8_7,,0.600000,0.739130,,0.481481,0.111111,0.739130,0.052632,0.111111,0.052632,0.666667
2025-03-30,ET,0,,0.000000,,1_10 2_10 2_12 2_9 3_10 3_11 3_12 3_13 4_0 4_1 4_13 4_14 4_3 4_4 5_1 5_3 6_4 7_5 7_6 7_9,,0.600000,0.666667,0.481481,,0.176471,0.666667,0.111111,0.142857,0.052632,0.666667
2025-03-30,B5: B2+B3,0,,0.000000,,0_0 0_1 0_2 1_0 1_1 1_2 2_0 2_1 2_10 3_1 3_13 4_0 4_1 5_0 5_3 7_0 7_1 7_5 8_0 8_1,,0.142857,0.142857,0.111111,0.176471,,0.142857,0.739130,0.904762,0.025641,0.142857
2025-03-30,B4: B1+B3,0,,0.000000,,1_10 2_10 2_9 3_10 3_11 3_12 3_13 3_3 4_1 4_2 4_3 4_4 5_1 5_2 5_3 6_12 6_4 7_5 7_6 7_9,,0.739130,1.000000,0.739130,0.666667,0.142857,,0.081081,0.111111,0.052632,0.904762
2025-03-30,B2: Recent MA,0,,0.000000,,0_0 0_1 0_2 1_0 1_1 1_2 2_0 2_1 3_0 3_1 3_13 4_0 4_1 5_0 5_1 6_0 7_0 7_1 8_0 8_1,,0.081081,0.081081,0.052632,0.111111,0.739130,0.081081,,0.739130,0.025641,0.081081
2025-03-30,B3: DoY season,0,,0.000000,,0_0 0_1 0_2 1_0 1_1 1_2 2_0 2_1 2_10 3_1 4_0 4_1 5_0 5_3 6_0 7_0 7_1 7_5 8_0 8_1,,0.111111,0.111111,0.111111,0.142857,0.904762,0.111111,0.739130,,0.025641,0.111111
2025-03-30,B0: Random,0,,0.000000,,0_15 0_6 0_7 0_8 1_15 1_9 2_14 2_2 2_7 2_8 4_6 5_7 6_3 6_5 6_8 7_13 7_6 7_9 8_0 8_14,,0.025641,0.052632,0.052632,0.052632,0.025641,0.052632,0.025641,0.025641,,0.052632
2025-03-31,GLM-Logit,0,,0.000000,,1_10 2_10 2_9 3_10 3_11 3_12 3_13 3_3 4_1 4_3 4_4 5_1 5_2 5_3 5_4 6_12 6_4 7_5 7_6 7_9,,0.818182,0.904762,0.739130,0.666667,0.142857,0.904762,0.081081,0.111111,0.025641,
2025-03-31,HierBayes,0,,0.000000,,1_10 1_11 2_10 2_9 3_10 3_11 3_12 3_13 3_3 4_1 4_3 4_4 5_1 5_2 5_3 5_4 6_4 7_4 7_5 7_9,,,0.739130,0.739130,0.600000,0.142857,0.739130,0.081081,0.111111,0.025641,0.818182
2025-03-31,B1: Static prior,0,,0.000000,,1_10 2_10 2_9 3_10 3_11 3_12 3_13 3_3 4_1 4_2 4_3 4_4 5_1 5_2 5_3 6_12 6_4 7_5 7_6 7_9,,0.739130,,0.818182,0.666667,0.176471,1.000000,0.081081,0.142857,0.025641,0.904762
2025-03-31,TTM,0,,0.000000,,1_10 1_11 2_10 2_9 3_10 3_11 3_12 3_3 4_1 4_2 4_3 4_4 5_1 5_3 6_12 6_4 7_4 7_5 7_6 7_9,,0.739130,0.818182,,0.600000,0.142857,0.818182,0.052632,0.142857,0.000000,0.739130
2025-03-31,ET,0,,0.000000,,1_10 2_10 2_12 2_9 3_10 3_11 3_12 3_13 4_0 4_1 4_13 4_14 4_3 4_4 5_1 5_3 6_4 7_5 7_6 7_9,,0.600000,0.666667,0.600000,,0.176471,0.666667,0.111111,0.142857,0.000000,0.666667
2025-03-31,B5: B2+B3,0,,0.000000,,0_0 0_1 0_2 1_1 2_0 2_1 2_10 3_13 4_0 4_1 4_2 4_7 5_0 5_3 6_1 7_0 7_1 7_5 8_0 8_1,,0.142857,0.176471,0.142857,0.176471,,0.176471,0.538462,0.904762,0.025641,0.142857
2025-03-31,B4: B1+B3,0,,0.000000,,1_10 2_10 2_9 3_10 3_11 3_12 3_13 3_3 4_1 4_2 4_3 4_4 5_1 5_2 5_3 6_12 6_4 7_5 7_6 7_9,,0.739130,1.000000,0.818182,0.666667,0.176471,,0.081081,0.142857,0.025641,0.904762
2025-03-31,B2: Recent MA,0,,0.000000,,0_0 0_1 0_2 1_0 1_1 1_2 2_0 2_1 3_0 3_1 3_13 4_0 4_1 5_0 5_1 6_0 7_0 7_1 8_0 8_1,,0.081081,0.081081,0.052632,0.111111,0.538462,0.081081,,0.538462,0.025641,0.081081
2025-03-31,B3: DoY season,0,,0.000000,,0_0 0_1 0_2 1_1 2_0 2_1 2_10 3_1 4_0 4_1 4_2 4_7 5_0 5_3 6_1 7_0 7_1 7_5 8_0 8_1,,0.111111,0.142857,0.142857,0.142857,0.904762,0.142857,0.538462,,0.025641,0.111111
2025-03-31,B0: Random,0,,0.000000,,0_0 0_11 0_12 0_5 0_6 0_8 1_13 2_2 2_4 3_15 4_5 5_2 5_7 6_11 6_9 7_10 7_15 8_2 8_3 8_9,,0.025641,0.025641,0.000000,0.000000,0.025641,0.025641,0.025641,0.025641,,0.025641
2025-04-01,GLM-Logit,0,,0.000000,,1_10 2_10 2_9 3_10 3_11 3_12 3_13 3_3 4_1 4_3 4_4 5_1 5_2 5_3 5_4 6_12 6_4 7_5 7_6 7_9,,0.818182,0.904762,0.666667,0.481481,0.176471,0.904762,0.081081,0.142857,0.111111,
2025-04-01,HierBayes,0,,0.000000,,1_10 1_11 2_10 2_9 3_10 3_11 3_12 3_13 3_3 4_1 4_3 4_4 5_1 5_2 5_3 5_4 6_4 7_4 7_5 7_9,,,0.739130,0.600000,0.481481,0.176471,0.739130,0.081081,0.142857,0.111111,0.818182
2025-04-01,B1: Static prior,0,,0.000000,,1_10 2_10 2_9 3_10 3_11 3_12 3_13 3_3 4_1 4_2 4_3 4_4 5_1 5_2 5_3 6_12 6_4 7_5 7_6 7_9,,0.739130,,0.739130,0.481481,0.212121,1.000000,0.081081,0.176471,0.111111,0.904762
2025-04-01,TTM,0,,0.000000,,1_10 1_11 2_10 2_9 3_12 3_3 4_1 4_2 4_3 4_4 5_1 5_12 5_2 5_3 5_7 6_12 6_4 7_5 7_6 7_9,,0.600000,0.739130,,0.428571,0.176471,0.739130,0.052632,0.176471,0.111111,0.666667
2025-04-01,ET,0,,0.000000,,1_10 2_10 2_9 3_12 3_13 3_3 4_0 4_1 4_13 4_4 5_1 5_3 6_10 6_3 6_4 6_6 7_4 7_5 7_6 7_8,,0.481481,0.481481,0.428571,,0.212121,0.481481,0.111111,0.176471,0.142857,0.481481
2025-04-01,B5: B2+B3,0,,0.000000,,0_0 0_1 0_2 2_1 2_10 3_13 4_0 4_1 4_2 4_7 5_0 5_1 5_3 6_0 6_1 7_0 7_1 7_5 8_0 8_1,,0.176471,0.212121,0.176471,0.212121,,0.212121,0.538462,0.904762,0.052632,0.176471
2025-04-01,B4: B1+B3,0,,0.000000,,1_10 2_10 2_9 3_10 3_11 3_12 3_13 3_3 4_1 4_2 4_3 4_4 5_1 5_2 5_3 6_12 6_4 7_5 7_6 7_9,,0.739130,1.000000,0.739130,0.481481,0.212121,,0.081081,0.176471,0.111111,0.904762
2025-04-01,B2: Recent MA,0,,0.000000,,0_0 0_1 0_2 1_0 1_1 1_2 2_0 2_1 3_0 3_1 3_13 4_0 4_1 5_0 5_1 6_0 7_0 7_1 8_0 8_1,,0.081081,0.081081,0.052632,0.111111,0.538462,0.081081,,0.538462,0.052632,0.081081
2025-04-01,B3: DoY season,0,,0.000000,,0_0 0_1 0_2 1_1 2_1 2_10 4_0 4_1 4_2 4_7 5_0 5_1 5_3 6_0 6_1 7_0 7_1 7_5 8_0 8_1,,0.142857,0.176471,0.176471,0.176471,0.904762,0.176471,0.538462,,0.052632,0.142857
2025-04-01,B0: Random,0,,0.000000,,0_4 1_10 2_11 2_13 2_14 2_4 3_1 3_14 3_9 4_1 4_11 4_8 6_6 7_12 7_5 7_8 7_9 8_11 8_2 8_8,,0.111111,0.111111,0.111111,0.142857,0.052632,0.111111,0.052632,0.052632,,0.111111
2025-04-02,GLM-Logit,0,,0.000000,,1_10 2_10 2_9 3_10 3_11 3_12 3_13 3_3 4_1 4_3 4_4 5_1 5_2 5_3 5_4 6_12 6_4 7_5 7_6 7_9,,0.818182,0.904762,0.538462,0.481481,0.176471,0.904762,0.081081,0.142857,0.111111,
2025-04-02,HierBayes,0,,0.000000,,1_10 1_11 2_10 2_9 3_10 3_11 3_12 3_13 3_3 4_1 4_3 4_4 5_1 5_2 5_3 5_4 6_4 7_4 7_5 7_9,,,0.739130,0.538462,0.481481,0.176471,0.739130,0.081081,0.142857,0.111111,0.818182
2025-04-02,B1: Static prior,0,,0.000000,,1_10 2_10 2_9 3_10 3_11 3_12 3_13 3_3 4_1 4_2 4_3 4_4 5_1 5_2 5_3 6_12 6_4 7_5 7_6 7_9,,0.739130,,0.538462,0.481481,0.212121,1.000000,0.081081,0.176471,0.111111,0.904762
2025-04-02,TTM,0,,0.000000,,0_9 1_10 2_10 2_2 2_9 3_10 3_11 3_3 4_1 4_3 4_4 5_1 5_3 5_7 6_4 6_6 6_8 7_5 7_7 7_9,,0.538462,0.538462,,0.379310,0.142857,0.538462,0.052632,0.142857,0.176471,0.538462
2025-04-02,ET,0,,0.000000,,1_10 2_10 2_9 3_12 3_13 3_3 4_0 4_1 4_13 4_4 5_1 5_3 6_10 6_3 6_4 6_6 7_4 7_5 7_6 7_8,,0.481481,0.481481,0.379310,,0.212121,0.481481,0.111111,0.176471,0.081081,0.481481
2025-04-02,B5: B2+B3,0,,0.000000,,0_0 0_1 0_2 2_1 2_10 3_13 4_0 4_1 4_2 4_7 5_0 5_1 5_3 6_0 6_1 7_0 7_1 7_5 8_0 8_1,,0.176471,0.212121,0.142857,0.212121,,0.212121,0.538462,0.904762,0.052632,0.176471
2025-04-02,B4: B1+B3,0,,0.000000,,1_10 2_10 2_9 3_10 3_11 3_12 3_13 3_3 4_1 4_2 4_3 4_4 5_1 5_2 5_3 6_12 6_4 7_5 7_6 7_9,,0.739130,1.000000,0.538462,0.481481,0.212121,,0.081081,0.176471,0.111111,0.904762
2025-04-02,B2: Recent MA,0,,0.000000,,0_0 0_1 0_2 1_0 1_1 1_2 2_0 2_1 3_0 3_1 3_13 4_0 4_1 5_0 5_1 6_0 7_0 7_1 8_0 8_1,,0.081081,0.081081,0.052632,0.111111,0.538462,0.081081,,0.538462,0.081081,0.081081
2025-04-02,B3: DoY season,0,,0.000000,,0_0 0_1 0_2 1_1 2_1 2_10 4_0 4_1 4_2 4_7 5_0 5_1 5_3 6_0 6_1 7_0 7_1 7_5 8_0 8_1,,0.142857,0.176471,0.142857,0.176471,0.904762,0.176471,0.538462,,0.052632,0.142857
2025-04-02,B0: Random,0,,0.000000,,0_6 1_2 2_0 2_10 2_2 3_15 3_7 3_8 4_1 4_11 4_12 4_3 5_5 5_7 5_8 6_11 6_15 6_4 6_9 7_15,,0.111111,0.111111,0.176471,0.081081,0.052632,0.111111,0.081081,0.052632,,0.111111
2025-04-03,GLM-Logit,0,,0.000000,,1_10 2_10 2_9 3_10 3_11 3_12 3_13 3_3 4_1 4_3 4_4 5_1 5_2 5_3 5_4 6_12 6_4 7_5 7_6 7_9,,0.818182,0.904762,0.600000,0.481481,0.176471,0.904762,0.081081,0.142857,0.025641,
2025-04-03,HierBayes,0,,0.000000,,1_10 1_11 2_10 2_9 3_10 3_11 3_12 3_13 3_3 4_1 4_3 4_4 5_1 5_2 5_3 5_4 6_4 7_4 7_5 7_9,,,0.739130,0.600000,0.481481,0.176471,0.739130,0.081081,0.142857,0.025641,0.818182
2025-04-03,B1: Static prior,0,,0.000000,,1_10 2_10 2_9 3_10 3_11 3_12 3_13 3_3 4_1 4_2 4_3 4_4 5_1 5_2 5_3 6_12 6_4 7_5 7_6 7_9,,0.739130,,0.600000,0.481481,0.212121,1.000000,0.081081,0.176471,0.000000,0.904762
2025-04-03,TTM,0,,0.000000,,0_9 1_10 2_10 2_2 2_9 3_10 3_11 3_13 4_1 4_4 5_1 5_2 5_3 5_7 6_12 6_4 6_6 7_4 7_5 7_9,,0.600000,0.600000,,0.428571,0.176471,0.600000,0.081081,0.142857,0.000000,0.600000
2025-04-03,ET,0,,0.000000,,1_10 2_10 2_9 3_12 3_13 3_3 4_0 4_1 4_13 4_4 5_1 5_3 6_10 6_3 6_4 6_6 7_4 7_5 7_6 7_8,,0.481481,0.481481,0.428571,,0.212121,0.481481,0.111111,0.176471,0.000000,0.481481
2025-04-03,B5: B2+B3,0,,0.000000,,0_0 0_1 0_2 2_1 2_10 3_13 4_0 4_1 4_2 4_7 5_0 5_1 5_3 6_0 6_1 7_0 7_1 7_5 8_0 8_1,,0.176471,0.212121,0.176471,0.212121,,0.212121,0.538462,0.904762,0.025641,0.176471
2025-04-03,B4: B1+B3,0,,0.000000,,1_10 2_10 2_9 3_10 3_11 3_12 3_13 3_3 4_1 4_2 4_3 4_4 5_1 5_2 5_3 6_12 6_4 7_5 7_6 7_9,,0.739130,1.000000,0.600000,0.481481,0.212121,,0.081081,0.176471,0.000000,0.904762
2025-04-03,B2: Recent MA,0,,0.000000,,0_0 0_1 0_2 1_0 1_1 1_2 2_0 2_1 3_0 3_1 3_13 4_0 4_1 5_0 5_1 6_0 7_0 7_1 8_0 8_1,,0.081081,0.081081,0.081081,0.111111,0.538462,0.081081,,0.538462,0.025641,0.081081
2025-04-03,B3: DoY season,0,,0.000000,,0_0 0_1 0_2 1_1 2_1 2_10 4_0 4_1 4_2 4_7 5_0 5_1 5_3 6_0 6_1 7_0 7_1 7_5 8_0 8_1,,0.142857,0.176471,0.142857,0.176471,0.904762,0.176471,0.538462,,0.025641,0.142857
2025-04-03,B0: Random,0,,0.000000,,0_14 0_3 0_4 0_6 1_14 1_6 2_1 2_3 2_4 3_4 3_8 4_11 4_6 5_4 6_15 6_2 6_8 7_12 7_3 8_5,,0.025641,0.000000,0.000000,0.000000,0.025641,0.000000,0.025641,0.025641,,0.025641
2025-04-04,GLM-Logit,0,,0.000000,,1_10 2_10 2_9 3_10 3_11 3_12 3_13 3_3 4_1 4_3 4_4 5_1 5_2 5_3 5_4 6_12 6_4 7_5 7_6 7_9,,0.818182,0.904762,0.481481,0.481481,0.176471,0.904762,0.081081,0.142857,0.081081,
2025-04-04,HierBayes,0,,0.000000,,1_10 1_11 2_10 2_9 3_10 3_11 3_12 3_13 3_3 4_1 4_3 4_4 5_1 5_2 5_3 5_4 6_4 7_4 7_5 7_9,,,0.739130,0.538462,0.481481,0.176471,0.739130,0.081081,0.142857,0.111111,0.818182
2025-04-04,B1: Static prior,0,,0.000000,,1_10 2_10 2_9 3_10 3_11 3_12 3_13 3_3 4_1 4_2 4_3 4_4 5_1 5_2 5_3 6_12 6_4 7_5 7_6 7_9,,0.739130,,0.428571,0.481481,0.212121,1.000000,0.081081,0.176471,0.081081,0.904762
2025-04-04,TTM,0,,0.000000,,0_10 0_9 1_10 2_10 2_11 2_2 3_10 3_11 4_1 4_3 5_1 5_10 5_2 5_3 5_4 5_5 6_4 7_4 7_5 7_9,,0.538462,0.428571,,0.250000,0.142857,0.428571,0.052632,0.142857,0.052632,0.481481
2025-04-04,ET,0,,0.000000,,1_10 2_10 2_9 3_12 3_13 3_3 4_0 4_1 4_13 4_4 5_1 5_3 6_10 6_3 6_4 6_6 7_4 7_5 7_6 7_8,,0.481481,0.481481,0.250000,,0.212121,0.481481,0.111111,0.176471,0.052632,0.481481
2025-04-04,B5: B2+B3,0,,0.000000,,0_0 0_1 0_2 2_1 2_10 3_13 4_0 4_1 4_2 4_7 5_0 5_1 5_3 6_0 6_1 7_0 7_1 7_5 8_0 8_1,,0.176471,0.212121,0.142857,0.212121,,0.212121,0.538462,0.904762,0.025641,0.176471
2025-04-04,B4: B1+B3,0,,0.000000,,1_10 2_10 2_9 3_10 3_11 3_12 3_13 3_3 4_1 4_2 4_3 4_4 5_1 5_2 5_3 6_12 6_4 7_5 7_6 7_9,,0.739130,1.000000,0.428571,0.481481,0.212121,,0.081081,0.176471,0.081081,0.904762
2025-04-04,B2: Recent MA,0,,0.000000,,0_0 0_1 0_2 1_0 1_1 1_2 2_0 2_1 3_0 3_1 3_13 4_0 4_1 5_0 5_1 6_0 7_0 7_1 8_0 8_1,,0.081081,0.081081,0.052632,0.111111,0.538462,0.081081,,0.538462,0.052632,0.081081
2025-04-04,B3: DoY season,0,,0.000000,,0_0 0_1 0_2 1_1 2_1 2_10 4_0 4_1 4_2 4_7 5_0 5_1 5_3 6_0 6_1 7_0 7_1 7_5 8_0 8_1,,0.142857,0.176471,0.142857,0.176471,0.904762,0.176471,0.538462,,0.025641,0.142857
2025-04-04,B0: Random,0,,0.000000,,0_12 0_13 0_2 0_6 1_11 1_4 2_4 2_6 3_0 3_10 3_14 3_3 6_13 6_15 6_2 6_4 6_5 6_9 7_10 7_3,,0.111111,0.081081,0.052632,0.052632,0.025641,0.081081,0.052632,0.025641,,0.081081
2025-04-05,GLM-Logit,0,,0.000000,,1_10 2_10 2_9 3_10 3_11 3_12 3_13 3_3 4_1 4_3 4_4 5_1 5_2 5_3 5_4 6_12 6_4 7_5 7_6 7_9,,0.818182,0.904762,0.600000,0.481481,0.212121,0.904762,0.081081,0.176471,0.052632,
2025-04-05,HierBayes,0,,0.000000,,1_10 1_11 2_10 2_9 3_10 3_11 3_12 3_13 3_3 4_1 4_3 4_4 5_1 5_2 5_3 5_4 6_4 7_4 7_5 7_9,,,0.739130,0.600000,0.481481,0.212121,0.739130,0.081081,0.176471,0.052632,0.818182
2025-04-05,B1: Static prior,0,,0.000000,,1_10 2_10 2_9 3_10 3_11 3_12 3_13 3_3 4_1 4_2 4_3 4_4 5_1 5_2 5_3 6_12 6_4 7_5 7_6 7_9,,0.739130,,0.538462,0.481481,0.250000,1.000000,0.081081,0.212121,0.025641,0.904762
2025-04-05,TTM,0,,0.000000,,0_10 1_10 2_10 2_11 2_2 3_11 3_3 4_1 4_3 4_4 5_1 5_2 5_3 5_4 5_6 6_4 7_4 7_5 7_6 7_9,,0.600000,0.538462,,0.379310,0.176471,0.538462,0.052632,0.176471,0.025641,0.600000
2025-04-05,ET,0,,0.000000,,1_10 2_10 2_9 3_12 3_13 3_3 4_0 4_1 4_13 4_4 5_1 5_3 6_10 6_3 6_4 6_6 7_4 7_5 7_6 7_8,,0.481481,0.481481,0.379310,,0.212121,0.481481,0.111111,0.176471,0.052632,0.481481
2025-04-05,B5: B2+B3,0,,0.000000,,0_1 1_1 1_2 2_10 3_1 3_13 3_8 4_0 4_1 4_2 4_3 4_7 5_1 5_3 6_0 6_1 7_0 7_5 8_0 8_1,,0.212121,0.250000,0.176471,0.212121,,0.250000,0.428571,0.904762,0.081081,0.212121
2025-04-05,B4: B1+B3,0,,0.000000,,1_10 2_10 2_9 3_10 3_11 3_12 3_13 3_3 4_1 4_2 4_3 4_4 5_1 5_2 5_3 6_12 6_4 7_5 7_6 7_9,,0.739130,1.000000,0.538462,0.481481,0.250000,,0.081081,0.212121,0.025641,0.904762
2025-04-05,B2: Recent MA,0,,0.000000,,0_0 0_1 0_2 1_0 1_1 1_2 2_0 2_1 3_0 3_1 3_13 4_0 4_1 5_0 5_1 6_0 7_0 7_1 8_0 8_1,,0.081081,0.081081,0.052632,0.111111,0.428571,0.081081,,0.428571,0.212121,0.081081
2025-04-05,B3: DoY season,0,,0.000000,,0_1 1_1 1_2 2_1 2_10 3_1 3_8 4_0 4_1 4_2 4_3 4_7 5_1 5_3 6_0 6_1 7_0 7_5 8_0 8_1,,0.176471,0.212121,0.176471,0.176471,0.904762,0.212121,0.428571,,0.052632,0.176471
2025-04-05,B0: Random,0,,0.000000,,0_14 0_15 0_2 0_4 0_9 1_0 1_1 2_8 3_0 3_13 3_2 4_15 4_5 5_0 5_14 5_4 6_10 6_9 8_1 8_7,,0.052632,0.025641,0.025641,0.052632,0.081081,0.025641,0.212121,0.052632,,0.052632
2025-04-06,GLM-Logit,0,,0.000000,,1_10 2_10 2_9 3_10 3_11 3_12 3_13 3_3 4_1 4_3 4_4 5_1 5_2 5_3 5_4 6_12 6_4 7_5 7_6 7_9,,0.818182,0.904762,0.666667,0.481481,0.250000,0.818182,0.081081,0.212121,0.052632,
2025-04-06,HierBayes,0,,0.000000,,1_10 1_11 2_10 2_9 3_10 3_11 3_12 3_13 3_3 4_1 4_3 4_4 5_1 5_2 5_3 5_4 6_4 7_4 7_5 7_9,,,0.739130,0.600000,0.481481,0.250000,0.666667,0.081081,0.212121,0.052632,0.818182
2025-04-06,B1: Static prior,0,,0.000000,,1_10 2_10 2_9 3_10 3_11 3_12 3_13 3_3 4_1 4_2 4_3 4_4 5_1 5_2 5_3 6_12 6_4 7_5 7_6 7_9,,0.739130,,0.666667,0.481481,0.290323,0.904762,0.081081,0.250000,0.052632,0.904762
2025-04-06,TTM,0,,0.000000,,1_10 2_10 2_11 2_12 2_2 2_9 3_10 3_11 3_3 4_1 4_2 4_3 5_1 5_2 5_3 5_4 6_4 7_5 7_6 7_9,,0.600000,0.666667,,0.333333,0.250000,0.600000,0.052632,0.250000,0.081081,0.666667
2025-04-06,ET,0,,0.000000,,1_10 2_10 2_9 3_12 3_13 3_3 4_0 4_1 4_13 4_4 5_1 5_3 6_10 6_3 6_4 6_6 7_4 7_5 7_6 7_8,,0.481481,0.481481,0.333333,,0.250000,0.538462,0.111111,0.212121,0.052632,0.481481
2025-04-06,B5: B2+B3,0,,0.000000,,1_1 1_2 2_1 2_10 3_1 3_13 3_3 3_8 4_1 4_2 4_3 4_7 5_1 5_3 6_0 6_1 6_10 7_0 7_5 8_0,,0.250000,0.290323,0.250000,0.250000,,0.333333,0.333333,0.904762,0.052632,0.250000
2025-04-06,B4: B1+B3,0,,0.000000,,1_10 2_10 2_9 3_10 3_11 3_12 3_13 3_3 4_1 4_2 4_3 4_4 5_1 5_3 6_10 6_12 6_4 7_5 7_6 7_9,,0.666667,0.904762,0.600000,0.538462,0.333333,,0.081081,0.290323,0.052632,0.818182
2025-04-06,B2: Recent MA,0,,0.000000,,0_0 0_1 0_2 1_0 1_1 1_2 2_0 2_1 3_0 3_1 3_13 4_0 4_1 5_0 5_1 6_0 7_0 7_1 8_0 8_1,,0.081081,0.081081,0.052632,0.111111,0.333333,0.081081,,0.333333,0.000000,0.081081
2025-04-06,B3: DoY season,0,,0.000000,,0_1 1_1 1_2 2_1 2_10 3_1 3_3 3_8 4_1 4_2 4_3 4_7 5_1 5_3 6_0 6_1 6_10 7_0 7_5 8_0,,0.212121,0.250000,0.250000,0.212121,0.904762,0.290323,0.333333,,0.052632,0.212121
2025-04-06,B0: Random,0,,0.000000,,0_10 0_15 0_5 0_8 1_3 2_11 2_2 2_7 3_12 3_14 3_7 3_8 4_10 4_5 4_6 4_8 5_15 5_3 6_15 8_4,,0.052632,0.052632,0.081081,0.052632,0.052632,0.052632,0.000000,0.052632,,0.052632
2025-04-07,GLM-Logit,1,1.000000,0.050000,3_3,1_10 2_10 2_9 3_10 3_11 3_12 3_13 4_1 4_3 4_4 5_1 5_2 5_3 5_4 6_12 6_4 7_5 7_6 7_9,,0.818182,0.904762,0.538462,0.481481,0.250000,0.818182,0.081081,0.212121,0.025641,
2025-04-07,HierBayes,1,1.000000,0.050000,3_3,1_10 1_11 2_10 2_9 3_10 3_11 3_12 3_13 4_1 4_3 4_4 5_1 5_2 5_3 5_4 6_4 7_4 7_5 7_9,,,0.739130,0.481481,0.481481,0.250000,0.666667,0.081081,0.212121,0.025641,0.818182
2025-04-07,B1: Static prior,1,1.000000,0.050000,3_3,1_10 2_10 2_9 3_10 3_11 3_12 3_13 4_1 4_2 4_3 4_4 5_1 5_2 5_3 6_12 6_4 7_5 7_6 7_9,,0.739130,,0.538462,0.481481,0.290323,0.904762,0.081081,0.250000,0.025641,0.904762
2025-04-07,TTM,1,1.000000,0.050000,3_3,1_10 2_11 2_12 2_9 3_12 4_0 4_1 4_2 4_3 5_1 5_2 5_3 5_4 6_10 6_11 6_4 7_5 7_6 7_9,,0.481481,0.538462,,0.428571,0.250000,0.538462,0.081081,0.250000,0.025641,0.538462
2025-04-07,ET,1,1.000000,0.050000,3_3,1_10 2_10 2_9 3_12 3_13 4_0 4_1 4_13 4_4 5_1 5_3 6_10 6_3 6_4 6_6 7_4 7_5 7_6 7_8,,0.481481,0.481481,0.428571,,0.250000,0.538462,0.111111,0.212121,0.025641,0.481481
2025-04-07,B5: B2+B3,1,1.000000,0.050000,3_3,1_1 1_2 2_1 2_10 3_1 3_13 3_8 4_1 4_2 4_3 4_7 5_1 5_3 6_0 6_1 6_10 7_0 7_5 8_0,,0.250000,0.290323,0.250000,0.250000,,0.333333,0.333333,0.904762,0.052632,0.250000
2025-04-07,B4: B1+B3,1,1.000000,0.050000,3_3,1_10 2_10 2_9 3_10 3_11 3_12 3_13 4_1 4_2 4_3 4_4 5_1 5_3 6_10 6_12 6_4 7_5 7_6 7_9,,0.666667,0.904762,0.538462,0.538462,0.333333,,0.081081,0.290323,0.025641,0.818182
2025-04-07,B2: Recent MA,1,0.000000,0.000000,,0_0 0_1 0_2 1_0 1_1 1_2 2_0 2_1 3_0 3_1 3_13 4_0 4_1 5_0 5_1 6_0 7_0 7_1 8_0 8_1,3_3,0.081081,0.081081,0.081081,0.111111,0.333333,0.081081,,0.333333,0.000000,0.081081
2025-04-07,B3: DoY season,1,1.000000,0.050000,3_3,0_1 1_1 1_2 2_1 2_10 3_1 3_8 4_1 4_2 4_3 4_7 5_1 5_3 6_0 6_1 6_10 7_0 7_5 8_0,,0.212121,0.250000,0.250000,0.212121,0.904762,0.290323,0.333333,,0.052632,0.212121
2025-04-07,B0: Random,1,0.000000,0.000000,,0_10 0_11 0_14 0_5 0_7 0_9 1_15 2_14 3_5 3_7 4_14 4_5 4_7 5_10 5_3 5_7 6_15 7_12 7_13 8_6,3_3,0.025641,0.025641,0.025641,0.025641,0.052632,0.025641,0.000000,0.052632,,0.025641
2025-04-08,GLM-Logit,0,,0.000000,,1_10 2_10 2_9 3_10 3_11 3_12 3_13 3_3 4_1 4_3 4_4 5_1 5_2 5_3 5_4 6_12 6_4 7_5 7_6 7_9,,0.818182,0.904762,0.481481,0.481481,0.250000,0.818182,0.111111,0.212121,0.052632,
2025-04-08,HierBayes,0,,0.000000,,1_10 1_11 2_10 2_9 3_10 3_11 3_12 3_13 3_3 4_1 4_3 4_4 5_1 5_2 5_3 5_4 6_4 7_4 7_5 7_9,,,0.739130,0.538462,0.481481,0.250000,0.666667,0.111111,0.212121,0.052632,0.818182
2025-04-08,B1: Static prior,0,,0.000000,,1_10 2_10 2_9 3_10 3_11 3_12 3_13 3_3 4_1 4_2 4_3 4_4 5_1 5_2 5_3 6_12 6_4 7_5 7_6 7_9,,0.739130,,0.481481,0.481481,0.290323,0.904762,0.111111,0.250000,0.052632,0.904762
2025-04-08,TTM,0,,0.000000,,1_10 2_11 2_12 2_9 3_12 3_13 4_0 4_1 4_2 4_3 4_7 5_1 5_2 5_3 5_4 6_10 6_4 7_4 7_5 7_9,,0.538462,0.481481,,0.428571,0.290323,0.481481,0.111111,0.250000,0.025641,0.481481
2025-04-08,ET,0,,0.000000,,1_10 2_10 2_9 3_12 3_13 3_3 4_0 4_1 4_13 4_4 5_1 5_3 6_10 6_3 6_4 6_6 7_4 7_5 7_6 7_8,,0.481481,0.481481,0.428571,,0.250000,0.538462,0.142857,0.212121,0.081081,0.481481
2025-04-08,B5: B2+B3,0,,0.000000,,1_1 1_2 2_1 2_10 3_1 3_13 3_3 3_8 4_1 4_2 4_3 4_7 5_1 5_3 6_0 6_1 6_10 7_0 7_5 8_0,,0.250000,0.290323,0.290323,0.250000,,0.333333,0.333333,0.904762,0.081081,0.250000
2025-04-08,B4: B1+B3,0,,0.000000,,1_10 2_10 2_9 3_10 3_11 3_12 3_13 3_3 4_1 4_2 4_3 4_4 5_1 5_3 6_10 6_12 6_4 7_5 7_6 7_9,,0.666667,0.904762,0.481481,0.538462,0.333333,,0.111111,0.290323,0.052632,0.818182
2025-04-08,B2: Recent MA,0,,0.000000,,0_0 0_1 0_2 1_0 1_1 2_0 2_1 3_0 3_1 3_13 3_3 4_0 4_1 5_0 5_1 6_0 6_1 7_1 8_0 8_1,,0.111111,0.111111,0.111111,0.142857,0.333333,0.111111,,0.333333,0.111111,0.111111
2025-04-08,B3: DoY season,0,,0.000000,,0_1 1_1 1_2 2_1 2_10 3_1 3_3 3_8 4_1 4_2 4_3 4_7 5_1 5_3 6_0 6_1 6_10 7_0 7_5 8_0,,0.212121,0.250000,0.250000,0.212121,0.904762,0.290323,0.333333,,0.111111,0.212121
2025-04-08,B0: Random,0,,0.000000,,0_1 0_15 0_5 1_1 1_2 2_1 2_4 3_4 3_9 4_14 4_4 5_7 6_4 6_8 7_1 7_13 7_15 7_8 8_10 8_14,,0.052632,0.052632,0.025641,0.081081,0.081081,0.052632,0.111111,0.111111,,0.052632
2025-04-09,GLM-Logit,0,,0.000000,,1_10 2_10 2_9 3_10 3_11 3_12 3_13 3_3 4_1 4_3 4_4 5_1 5_2 5_3 5_4 6_12 6_4 7_5 7_6 7_9,,0.818182,0.904762,0.538462,0.481481,0.250000,0.818182,0.111111,0.212121,0.111111,
2025-04-09,HierBayes,0,,0.000000,,1_10 1_11 2_10 2_9 3_10 3_11 3_12 3_13 3_3 4_1 4_3 4_4 5_1 5_2 5_3 5_4 6_4 7_4 7_5 7_9,,,0.739130,0.538462,0.481481,0.250000,0.666667,0.111111,0.212121,0.111111,0.818182
2025-04-09,B1: Static prior,0,,0.000000,,1_10 2_10 2_9 3_10 3_11 3_12 3_13 3_3 4_1 4_2 4_3 4_4 5_1 5_2 5_3 6_12 6_4 7_5 7_6 7_9,,0.739130,,0.538462,0.481481,0.290323,0.904762,0.111111,0.250000,0.111111,0.904762
2025-04-09,TTM,0,,0.000000,,1_10 1_11 2_10 2_12 2_8 2_9 3_11 4_0 4_1 4_2 4_3 5_1 5_2 5_3 5_4 6_10 6_12 6_4 7_5 7_9,,0.538462,0.538462,,0.333333,0.250000,0.538462,0.081081,0.250000,0.052632,0.538462
2025-04-09,ET,0,,0.000000,,1_10 2_10 2_9 3_12 3_13 3_3 4_0 4_1 4_13 4_4 5_1 5_3 6_10 6_3 6_4 6_6 7_4 7_5 7_6 7_8,,0.481481,0.481481,0.333333,,0.250000,0.538462,0.142857,0.212121,0.111111,0.481481
2025-04-09,B5: B2+B3,0,,0.000000,,1_1 1_2 2_1 2_10 3_1 3_13 3_3 3_8 4_1 4_2 4_3 4_7 5_1 5_3 6_0 6_1 6_10 7_0 7_5 8_0,,0.250000,0.290323,0.250000,0.250000,,0.333333,0.333333,0.904762,0.081081,0.250000
2025-04-09,B4: B1+B3,0,,0.000000,,1_10 2_10 2_9 3_10 3_11 3_12 3_13 3_3 4_1 4_2 4_3 4_4 5_1 5_3 6_10 6_12 6_4 7_5 7_6 7_9,,0.666667,0.904762,0.538462,0.538462,0.333333,,0.111111,0.290323,0.111111,0.818182
2025-04-09,B2: Recent MA,0,,0.000000,,0_0 0_1 0_2 1_0 1_1 2_0 2_1 3_0 3_1 3_13 3_3 4_0 4_1 5_0 5_1 6_0 6_1 7_1 8_0 8_1,,0.111111,0.111111,0.081081,0.142857,0.333333,0.111111,,0.333333,0.052632,0.111111
2025-04-09,B3: DoY season,0,,0.000000,,0_1 1_1 1_2 2_1 2_10 3_1 3_3 3_8 4_1 4_2 4_3 4_7 5_1 5_3 6_0 6_1 6_10 7_0 7_5 8_0,,0.212121,0.250000,0.250000,0.212121,0.904762,0.290323,0.333333,,0.081081,0.212121
2025-04-09,B0: Random,0,,0.000000,,0_8 0_9 1_13 1_2 1_9 2_10 2_5 3_12 4_1 4_4 5_10 5_12 5_9 7_1 7_13 7_15 7_2 8_15 8_3 8_9,,0.111111,0.111111,0.052632,0.111111,0.081081,0.111111,0.052632,0.081081,,0.111111
2025-04-10,GLM-Logit,1,1.000000,0.050000,1_10,2_10 2_9 3_10 3_11 3_12 3_13 3_3 4_1 4_3 4_4 5_1 5_2 5_3 5_4 6_12 6_4 7_5 7_6 7_9,,0.818182,0.904762,0.481481,0.481481,0.333333,0.818182,0.111111,0.290323,0.111111,
2025-04-10,HierBayes,1,1.000000,0.050000,1_10,1_11 2_10 2_9 3_10 3_11 3_12 3_13 3_3 4_1 4_3 4_4 5_1 5_2 5_3 5_4 6_4 7_4 7_5 7_9,,,0.739130,0.481481,0.481481,0.333333,0.666667,0.111111,0.290323,0.111111,0.818182
2025-04-10,B1: Static prior,1,1.000000,0.050000,1_10,2_10 2_9 3_10 3_11 3_12 3_13 3_3 4_1 4_2 4_3 4_4 5_1 5_2 5_3 6_12 6_4 7_5 7_6 7_9,,0.739130,,0.481481,0.481481,0.379310,0.904762,0.111111,0.333333,0.111111,0.904762
2025-04-10,TTM,1,1.000000,0.050000,1_10,1_11 2_12 2_9 3_10 3_2 4_0 4_1 4_2 4_3 5_1 5_2 5_3 5_4 6_10 6_4 6_7 7_5 7_6 7_9,,0.481481,0.481481,,0.333333,0.290323,0.481481,0.081081,0.290323,0.052632,0.481481
2025-04-10,ET,1,1.000000,0.050000,1_10,2_10 2_9 3_12 3_13 3_3 4_0 4_1 4_13 4_4 5_1 5_3 6_10 6_3 6_4 6_6 7_4 7_5 7_6 7_8,,0.481481,0.481481,0.333333,,0.333333,0.538462,0.142857,0.290323,0.111111,0.481481
2025-04-10,B5: B2+B3,1,0.000000,0.000000,,1_1 1_2 2_1 2_10 2_9 3_1 3_13 3_3 3_8 4_1 4_2 4_3 4_7 5_1 5_3 6_1 6_10 6_4 7_0 7_5,1_10,0.333333,0.379310,0.290323,0.333333,,0.428571,0.250000,0.904762,0.052632,0.333333
2025-04-10,B4: B1+B3,1,1.000000,0.050000,1_10,2_10 2_9 3_10 3_11 3_12 3_13 3_3 4_1 4_2 4_3 4_4 5_1 5_3 6_10 6_12 6_4 7_5 7_6 7_9,,0.666667,0.904762,0.481481,0.538462,0.428571,,0.111111,0.379310,0.111111,0.818182
2025-04-10,B2: Recent MA,1,0.000000,0.000000,,0_0 0_1 0_2 1_0 1_1 2_0 2_1 3_0 3_1 3_13 3_3 4_0 4_1 5_0 5_1 6_0 6_1 7_1 8_0 8_1,1_10,0.111111,0.111111,0.081081,0.142857,0.250000,0.111111,,0.250000,0.052632,0.111111
2025-04-10,B3: DoY season,1,0.000000,0.000000,,1_1 1_2 2_1 2_10 2_9 3_1 3_3 3_8 4_1 4_2 4_3 4_7 5_1 5_3 6_1 6_10 6_4 7_0 7_5 8_0,1_10,0.290323,0.333333,0.290323,0.290323,0.904762,0.379310,0.250000,,0.052632,0.290323
2025-04-10,B0: Random,1,1.000000,0.050000,1_10,0_8 2_10 2_11 2_15 3_12 3_4 3_5 4_12 4_6 5_1 5_12 5_13 6_5 7_11 7_3 8_1 8_10 8_12 8_4,,0.111111,0.111111,0.052632,0.111111,0.052632,0.111111,0.052632,0.052632,,0.111111
2025-04-11,GLM-Logit,2,0.500000,0.050000,4_4,1_10 2_10 2_9 3_10 3_11 3_12 3_13 3_3 4_1 4_3 5_1 5_2 5_3 5_4 6_12 6_4 7_5 7_6 7_9,6_0,0.818182,0.904762,0.666667,0.481481,0.250000,0.818182,0.111111,0.250000,0.081081,
2025-04-11,HierBayes,2,0.500000,0.050000,4_4,1_10 1_11 2_10 2_9 3_10 3_11 3_12 3_13 3_3 4_1 4_3 5_1 5_2 5_3 5_4 6_4 7_4 7_5 7_9,6_0,,0.739130,0.666667,0.481481,0.250000,0.666667,0.111111,0.250000,0.081081,0.818182
2025-04-11,B1: Static prior,2,0.500000,0.050000,4_4,1_10 2_10 2_9 3_10 3_11 3_12 3_13 3_3 4_1 4_2 4_3 5_1 5_2 5_3 6_12 6_4 7_5 7_6 7_9,6_0,0.739130,,0.600000,0.481481,0.290323,0.904762,0.111111,0.290323,0.081081,0.904762
2025-04-11,TTM,2,0.500000,0.050000,4_4,1_10 2_10 2_12 2_9 3_12 3_13 4_0 4_1 4_3 4_7 5_1 5_2 5_3 5_4 6_4 7_4 7_5 7_6 7_9,6_0,0.666667,0.600000,,0.538462,0.250000,0.538462,0.111111,0.250000,0.111111,0.666667
2025-04-11,ET,2,0.500000,0.050000,4_4,1_10 2_10 2_9 3_12 3_13 3_3 4_0 4_1 4_13 5_1 5_3 6_10 6_3 6_4 6_6 7_4 7_5 7_6 7_8,6_0,0.481481,0.481481,0.538462,,0.250000,0.538462,0.142857,0.250000,0.081081,0.481481
2025-04-11,B5: B2+B3,2,0.500000,0.050000,6_0,1_1 1_10 1_2 2_1 2_9 3_1 3_3 3_8 4_1 4_2 4_3 4_7 5_1 5_3 6_1 6_10 6_4 7_0 8_0,4_4,0.250000,0.290323,0.250000,0.250000,,0.333333,0.333333,1.000000,0.025641,0.250000
2025-04-11,B4: B1+B3,2,0.500000,0.050000,4_4,1_10 2_10 2_9 3_10 3_11 3_12 3_13 3_3 4_1 4_2 4_3 5_1 5_3 6_10 6_12 6_4 7_5 7_6 7_9,6_0,0.666667,0.904762,0.538462,0.538462,0.333333,,0.111111,0.333333,0.081081,0.818182
2025-04-11,B2: Recent MA,2,0.500000,0.050000,6_0,0_0 0_1 0_2 1_0 1_1 1_10 2_0 2_1 3_0 3_1 3_3 4_0 4_1 5_0 5_1 6_1 7_1 8_0 8_1,4_4,0.111111,0.111111,0.111111,0.142857,0.333333,0.111111,,0.333333,0.052632,0.111111
2025-04-11,B3: DoY season,2,0.500000,0.050000,6_0,1_1 1_10 1_2 2_1 2_9 3_1 3_3 3_8 4_1 4_2 4_3 4_7 5_1 5_3 6_1 6_10 6_4 7_0 8_0,4_4,0.250000,0.290323,0.250000,0.250000,1.000000,0.333333,0.333333,,0.025641,0.250000
2025-04-11,B0: Random,2,0.000000,0.000000,,0_11 0_14 1_12 2_0 2_11 2_12 2_15 2_2 3_10 3_12 3_15 4_0 4_11 5_2 6_10 6_15 6_5 6_7 7_13 8_14,4_4 6_0,0.081081,0.081081,0.111111,0.081081,0.025641,0.081081,0.052632,0.025641,,0.081081
2025-04-12,GLM-Logit,0,,0.000000,,1_10 2_10 2_9 3_10 3_11 3_12 3_13 3_3 4_1 4_3 4_4 5_1 5_2 5_3 5_4 6_12 6_4 7_5 7_6 7_9,,0.818182,0.904762,0.600000,0.481481,0.333333,0.818182,0.142857,0.290323,0.000000,
2025-04-12,HierBayes,0,,0.000000,,1_10 1_11 2_10 2_9 3_10 3_11 3_12 3_13 3_3 4_1 4_3 4_4 5_1 5_2 5_3 5_4 6_4 7_4 7_5 7_9,,,0.739130,0.600000,0.481481,0.333333,0.666667,0.142857,0.290323,0.000000,0.818182
2025-04-12,B1: Static prior,0,,0.000000,,1_10 2_10 2_9 3_10 3_11 3_12 3_13 3_3 4_1 4_2 4_3 4_4 5_1 5_2 5_3 6_12 6_4 7_5 7_6 7_9,,0.739130,,0.666667,0.481481,0.379310,0.904762,0.142857,0.333333,0.000000,0.904762
2025-04-12,TTM,0,,0.000000,,1_10 2_10 2_12 2_9 3_13 3_3 4_1 4_2 4_3 4_4 4_7 5_1 5_2 5_3 6_4 7_10 7_4 7_5 7_6 7_9,,0.600000,0.666667,,0.481481,0.428571,0.600000,0.142857,0.379310,0.000000,0.600000
2025-04-12,ET,0,,0.000000,,1_10 2_10 2_9 3_12 3_13 3_3 4_0 4_1 4_13 4_4 5_1 5_3 6_10 6_3 6_4 6_6 7_4 7_5 7_6 7_8,,0.481481,0.481481,0.481481,,0.290323,0.538462,0.176471,0.250000,0.025641,0.481481
2025-04-12,B5: B2+B3,0,,0.000000,,1_1 1_10 1_2 2_1 2_9 3_1 3_3 3_8 4_1 4_2 4_3 4_4 4_7 5_1 5_3 6_0 6_1 6_10 6_4 7_9,,0.333333,0.379310,0.428571,0.290323,,0.428571,0.333333,0.904762,0.000000,0.333333
2025-04-12,B4: B1+B3,0,,0.000000,,1_10 2_10 2_9 3_10 3_11 3_12 3_13 3_3 4_1 4_2 4_3 4_4 5_1 5_3 6_10 6_12 6_4 7_5 7_6 7_9,,0.666667,0.904762,0.600000,0.538462,0.428571,,0.142857,0.379310,0.000000,0.818182
2025-04-12,B2: Recent MA,0,,0.000000,,0_0 0_1 0_2 1_1 1_10 2_0 2_1 3_0 3_1 3_3 4_0 4_1 4_4 5_0 5_1 6_0 6_1 7_1 8_0 8_1,,0.142857,0.142857,0.142857,0.176471,0.333333,0.142857,,0.290323,0.052632,0.142857
2025-04-12,B3: DoY season,0,,0.000000,,1_1 1_10 1_2 2_1 2_9 3_1 3_3 3_8 4_1 4_2 4_3 4_7 5_1 5_3 6_0 6_1 6_10 6_4 7_0 7_9,,0.290323,0.333333,0.379310,0.250000,0.904762,0.379310,0.290323,,0.000000,0.290323
2025-04-12,B0: Random,0,,0.000000,,0_2 1_5 2_11 2_5 2_7 3_15 3_6 4_12 4_14 4_5 5_10 5_11 5_6 6_15 6_6 6_8 7_2 8_1 8_2 8_8,,0.000000,0.000000,0.000000,0.025641,0.000000,0.000000,0.052632,0.000000,,0.000000
2025-04-13,GLM-Logit,2,0.500000,0.050000,2_9,1_10 2_10 3_10 3_11 3_12 3_13 3_3 4_1 4_3 4_4 5_1 5_2 5_3 5_4 6_12 6_4 7_5 7_6 7_9,1_11,0.818182,0.904762,0.538462,0.481481,0.379310,0.818182,0.142857,0.333333,0.081081,
2025-04-13,HierBayes,2,1.000000,0.100000,1_11 2_9,1_10 2_10 3_10 3_11 3_12 3_13 3_3 4_1 4_3 4_4 5_1 5_2 5_3 5_4 6_4 7_4 7_5 7_9,,,0.739130,0.600000,0.481481,0.333333,0.666667,0.142857,0.290323,0.052632,0.818182
2025-04-13,B1: Static prior,2,0.500000,0.050000,2_9,1_10 2_10 3_10 3_11 3_12 3_13 3_3 4_1 4_2 4_3 4_4 5_1 5_2 5_3 6_12 6_4 7_5 7_6 7_9,1_11,0.739130,,0.538462,0.481481,0.428571,0.904762,0.142857,0.379310,0.081081,0.904762
2025-04-13,TTM,2,0.500000,0.050000,2_9,0_9 1_10 2_10 2_12 2_2 3_10 3_13 4_1 4_3 4_4 4_7 5_1 5_2 5_3 6_4 7_13 7_4 7_5 7_9,1_11,0.600000,0.538462,,0.379310,0.333333,0.481481,0.111111,0.290323,0.081081,0.538462
2025-04-13,ET,2,0.500000,0.050000,2_9,1_10 2_10 3_12 3_13 3_3 4_0 4_1 4_13 4_4 5_1 5_3 6_10 6_3 6_4 6_6 7_4 7_5 7_6 7_8,1_11,0.481481,0.481481,0.379310,,0.333333,0.538462,0.176471,0.290323,0.111111,0.481481
2025-04-13,B5: B2+B3,2,0.500000,0.050000,2_9,1_10 1_2 2_1 3_1 3_3 3_8 4_1 4_2 4_3 4_4 4_7 5_1 5_3 6_0 6_1 6_10 6_4 7_6 7_9,1_11,0.333333,0.428571,0.333333,0.333333,,0.481481,0.290323,0.818182,0.111111,0.379310
2025-04-13,B4: B1+B3,2,0.500000,0.050000,2_9,1_10 2_10 3_10 3_11 3_12 3_13 3_3 4_1 4_2 4_3 4_4 5_1 5_3 6_10 6_12 6_4 7_5 7_6 7_9,1_11,0.666667,0.904762,0.481481,0.538462,0.481481,,0.142857,0.428571,0.081081,0.818182
2025-04-13,B2: Recent MA,2,0.000000,0.000000,,0_0 0_1 0_2 1_1 1_10 2_0 2_1 3_0 3_1 3_3 4_0 4_1 4_4 5_0 5_1 6_0 6_1 7_1 8_0 8_1,1_11 2_9,0.142857,0.142857,0.111111,0.176471,0.290323,0.142857,,0.250000,0.081081,0.142857
2025-04-13,B3: DoY season,2,0.500000,0.050000,2_9,1_1 1_10 1_2 2_1 3_1 3_3 3_8 4_1 4_2 4_3 4_7 5_1 5_3 6_1 6_10 6_4 7_0 7_6 7_9,1_11,0.290323,0.379310,0.290323,0.290323,0.818182,0.428571,0.250000,,0.081081,0.333333
2025-04-13,B0: Random,2,0.000000,0.000000,,0_10 0_11 0_15 1_0 2_0 2_6 2_7 3_1 3_14 3_7 4_4 5_11 5_13 5_3 6_15 6_2 6_6 6_7 7_13 7_6,1_11 2_9,0.052632,0.081081,0.081081,0.111111,0.111111,0.081081,0.081081,0.081081,,0.081081
2025-04-14,GLM-Logit,0,,0.000000,,1_10 2_10 2_9 3_10 3_11 3_12 3_13 3_3 4_1 4_3 4_4 5_1 5_2 5_3 5_4 6_12 6_4 7_5 7_6 7_9,,0.818182,0.904762,0.600000,0.481481,0.379310,0.818182,0.111111,0.333333,0.081081,
2025-04-14,HierBayes,0,,0.000000,,1_10 1_11 2_10 2_9 3_10 3_11 3_12 3_13 3_3 4_1 4_3 4_4 5_1 5_2 5_3 5_4 6_4 7_4 7_5 7_9,,,0.739130,0.600000,0.481481,0.379310,0.666667,0.142857,0.290323,0.081081,0.818182
2025-04-14,B1: Static prior,0,,0.000000,,1_10 2_10 2_9 3_10 3_11 3_12 3_13 3_3 4_1 4_2 4_3 4_4 5_1 5_2 5_3 6_12 6_4 7_5 7_6 7_9,,0.739130,,0.600000,0.481481,0.428571,0.904762,0.111111,0.379310,0.111111,0.904762
2025-04-14,TTM,0,,0.000000,,1_10 2_10 2_12 2_9 3_10 3_13 4_1 4_3 4_4 5_1 5_11 5_2 5_3 6_10 6_4 7_4 7_5 7_6 7_8 7_9,,0.600000,0.600000,,0.538462,0.379310,0.600000,0.081081,0.333333,0.052632,0.600000
2025-04-14,ET,0,,0.000000,,1_10 2_10 2_9 3_12 3_13 3_3 4_0 4_1 4_13 4_4 5_1 5_3 6_10 6_3 6_4 6_6 7_4 7_5 7_6 7_8,,0.481481,0.481481,0.538462,,0.333333,0.538462,0.142857,0.290323,0.052632,0.481481
2025-04-14,B5: B2+B3,0,,0.000000,,1_10 1_11 1_2 2_1 2_9 3_3 3_8 4_1 4_2 4_3 4_4 4_7 5_1 5_3 6_0 6_1 6_10 6_4 7_6 7_9,,0.379310,0.428571,0.379310,0.333333,,0.481481,0.250000,0.739130,0.111111,0.379310
2025-04-14,B4: B1+B3,0,,0.000000,,1_10 2_10 2_9 3_10 3_11 3_12 3_13 3_3 4_1 4_2 4_3 4_4 5_1 5_3 6_10 6_12 6_4 7_5 7_6 7_9,,0.666667,0.904762,0.600000,0.538462,0.481481,,0.111111,0.428571,0.111111,0.818182
2025-04-14,B2: Recent MA,0,,0.000000,,0_0 0_1 0_2 1_1 1_10 1_11 2_0 2_1 2_9 3_0 3_1 3_3 4_0 4_4 5_0 6_0 6_1 7_1 8_0 8_1,,0.142857,0.111111,0.081081,0.142857,0.250000,0.111111,,0.212121,0.111111,0.111111
2025-04-14,B3: DoY season,0,,0.000000,,1_1 1_10 1_2 2_1 2_9 3_1 3_3 3_8 4_1 4_2 4_3 4_7 5_1 5_3 6_1 6_10 6_4 7_0 7_6 7_9,,0.290323,0.379310,0.333333,0.290323,0.739130,0.428571,0.212121,,0.052632,0.333333
2025-04-14,B0: Random,0,,0.000000,,0_0 0_14 0_7 1_11 1_12 1_6 2_0 2_15 2_6 3_11 3_4 4_2 4_4 4_6 5_14 5_7 5_9 6_15 7_6 8_4,,0.081081,0.111111,0.052632,0.052632,0.111111,0.111111,0.111111,0.052632,,0.081081
2025-04-15,GLM-Logit,0,,0.000000,,1_10 2_10 2_9 3_10 3_11 3_12 3_13 3_3 4_1 4_3 4_4 5_1 5_2 5_3 5_4 6_12 6_4 7_5 7_6 7_9,,0.818182,0.904762,0.666667,0.481481,0.428571,0.904762,0.111111,0.428571,0.081081,
2025-04-15,HierBayes,0,,0.000000,,1_10 1_11 2_10 2_9 3_10 3_11 3_12 3_13 3_3 4_1 4_3 4_4 5_1 5_2 5_3 5_4 6_4 7_4 7_5 7_9,,,0.739130,0.666667,0.481481,0.428571,0.739130,0.142857,0.379310,0.081081,0.818182
2025-04-15,B1: Static prior,0,,0.000000,,1_10 2_10 2_9 3_10 3_11 3_12 3_13 3_3 4_1 4_2 4_3 4_4 5_1 5_2 5_3 6_12 6_4 7_5 7_6 7_9,,0.739130,,0.666667,0.481481,0.428571,0.904762,0.111111,0.428571,0.052632,0.904762
2025-04-15,TTM,0,,0.000000,,1_10 1_11 2_10 2_12 2_2 2_9 3_10 3_11 3_13 4_1 4_3 4_4 5_1 5_3 6_12 6_4 7_4 7_5 7_6 7_9,,0.666667,0.666667,,0.428571,0.428571,0.666667,0.111111,0.379310,0.052632,0.666667
2025-04-15,ET,0,,0.000000,,1_10 2_10 2_9 3_12 3_13 3_3 4_0 4_1 4_13 4_4 5_1 5_3 6_10 6_3 6_4 6_6 7_4 7_5 7_6 7_8,,0.481481,0.481481,0.428571,,0.379310,0.538462,0.142857,0.379310,0.081081,0.481481
2025-04-15,B5: B2+B3,0,,0.000000,,1_10 1_11 1_2 2_9 3_1 3_3 3_8 4_1 4_3 4_4 5_1 5_3 6_0 6_1 6_10 6_4 7_1 7_5 7_6 7_9,,0.428571,0.428571,0.428571,0.379310,,0.481481,0.290323,0.818182,0.111111,0.428571
2025-04-15,B4: B1+B3,0,,0.000000,,1_10 2_10 2_9 3_10 3_11 3_12 3_13 3_3 4_1 4_3 4_4 5_1 5_2 5_3 6_10 6_12 6_4 7_5 7_6 7_9,,0.739130,0.904762,0.666667,0.538462,0.481481,,0.111111,0.481481,0.052632,0.904762
2025-04-15,B2: Recent MA,0,,0.000000,,0_0 0_1 0_2 1_1 1_10 1_11 2_0 2_1 2_9 3_0 3_1 3_3 4_0 4_4 5_0 6_0 6_1 7_1 8_0 8_1,,0.142857,0.111111,0.111111,0.142857,0.290323,0.111111,,0.290323,0.052632,0.111111
2025-04-15,B3: DoY season,0,,0.000000,,1_1 1_10 1_2 2_9 3_1 3_3 3_8 4_1 4_3 4_4 5_1 5_3 6_1 6_10 6_4 7_1 7_5 7_6 7_9 8_0,,0.379310,0.428571,0.379310,0.379310,0.818182,0.481481,0.290323,,0.081081,0.428571
2025-04-15,B0: Random,0,,0.000000,,0_5 0_6 1_15 1_2 1_8 1_9 2_0 2_13 2_15 3_4 4_3 4_9 5_1 5_10 5_4 6_0 6_15 6_6 6_7 7_8,,0.081081,0.052632,0.052632,0.081081,0.111111,0.052632,0.052632,0.081081,,0.081081
2025-04-16,GLM-Logit,0,,0.000000,,1_10 2_10 2_9 3_10 3_11 3_12 3_13 3_3 4_1 4_3 4_4 5_1 5_2 5_3 5_4 6_12 6_4 7_5 7_6 7_9,,0.818182,0.904762,0.481481,0.481481,0.428571,0.904762,0.111111,0.428571,0.081081,
2025-04-16,HierBayes,0,,0.000000,,1_10 1_11 2_10 2_9 3_10 3_11 3_12 3_13 3_3 4_1 4_3 4_4 5_1 5_2 5_3 5_4 6_4 7_4 7_5 7_9,,,0.739130,0.481481,0.481481,0.428571,0.739130,0.142857,0.379310,0.081081,0.818182
2025-04-16,B1: Static prior,0,,0.000000,,1_10 2_10 2_9 3_10 3_11 3_12 3_13 3_3 4_1 4_2 4_3 4_4 5_1 5_2 5_3 6_12 6_4 7_5 7_6 7_9,,0.739130,,0.481481,0.481481,0.428571,0.904762,0.111111,0.428571,0.081081,0.904762
2025-04-16,TTM,0,,0.000000,,1_10 2_10 2_11 2_12 2_2 2_9 3_10 3_13 4_1 4_3 4_7 5_1 5_3 5_6 6_10 6_4 7_4 7_5 7_6 7_9,,0.481481,0.481481,,0.428571,0.379310,0.538462,0.052632,0.379310,0.081081,0.481481
2025-04-16,ET,0,,0.000000,,1_10 2_10 2_9 3_12 3_13 3_3 4_0 4_1 4_13 4_4 5_1 5_3 6_10 6_3 6_4 6_6 7_4 7_5 7_6 7_8,,0.481481,0.481481,0.428571,,0.379310,0.538462,0.142857,0.379310,0.052632,0.481481
2025-04-16,B5: B2+B3,0,,0.000000,,1_10 1_11 1_2 2_9 3_1 3_3 3_8 4_1 4_3 4_4 5_1 5_3 6_0 6_1 6_10 6_4 7_1 7_5 7_6 7_9,,0.428571,0.428571,0.379310,0.379310,,0.481481,0.290323,0.818182,0.081081,0.428571
2025-04-16,B4: B1+B3,0,,0.000000,,1_10 2_10 2_9 3_10 3_11 3_12 3_13 3_3 4_1 4_3 4_4 5_1 5_2 5_3 6_10 6_12 6_4 7_5 7_6 7_9,,0.739130,0.904762,0.538462,0.538462,0.481481,,0.111111,0.481481,0.081081,0.904762
2025-04-16,B2: Recent MA,0,,0.000000,,0_0 0_1 0_2 1_1 1_10 1_11 2_0 2_1 2_9 3_0 3_1 3_3 4_0 4_4 5_0 6_0 6_1 7_1 8_0 8_1,,0.142857,0.111111,0.052632,0.142857,0.290323,0.111111,,0.290323,0.025641,0.111111
2025-04-16,B3: DoY season,0,,0.000000,,1_1 1_10 1_2 2_9 3_1 3_3 3_8 4_1 4_3 4_4 5_1 5_3 6_1 6_10 6_4 7_1 7_5 7_6 7_9 8_0,,0.379310,0.428571,0.379310,0.379310,0.818182,0.481481,0.290323,,0.052632,0.428571
2025-04-16,B0: Random,0,,0.000000,,0_3 1_6 1_7 2_3 3_12 3_2 4_3 4_7 4_8 5_3 6_0 6_13 6_14 6_15 6_9 7_12 7_13 8_13 8_2 8_5,,0.081081,0.081081,0.081081,0.052632,0.081081,0.081081,0.025641,0.052632,,0.081081
2025-04-17,GLM-Logit,2,0.500000,0.050000,4_3,1_10 2_10 2_9 3_10 3_11 3_12 3_13 3_3 4_1 4_4 5_1 5_2 5_3 5_4 6_12 6_4 7_5 7_6 7_9,2_12,0.818182,0.904762,0.481481,0.481481,0.428571,0.904762,0.111111,0.428571,0.052632,
2025-04-17,HierBayes,2,0.500000,0.050000,4_3,1_10 1_11 2_10 2_9 3_10 3_11 3_12 3_13 3_3 4_1 4_4 5_1 5_2 5_3 5_4 6_4 7_4 7_5 7_9,2_12,,0.739130,0.538462,0.481481,0.428571,0.739130,0.142857,0.379310,0.052632,0.818182
2025-04-17,B1: Static prior,2,0.500000,0.050000,4_3,1_10 2_10 2_9 3_10 3_11 3_12 3_13 3_3 4_1 4_2 4_4 5_1 5_2 5_3 6_12 6_4 7_5 7_6 7_9,2_12,0.739130,,0.428571,0.481481,0.428571,0.904762,0.111111,0.428571,0.081081,0.904762
2025-04-17,TTM,2,0.000000,0.000000,,1_10 2_10 2_11 2_2 2_9 3_10 3_13 3_3 4_0 4_1 4_7 5_1 5_3 5_4 5_6 6_10 6_4 7_4 7_5 7_9,2_12 4_3,0.538462,0.428571,,0.481481,0.333333,0.481481,0.111111,0.333333,0.081081,0.481481
2025-04-17,ET,2,0.000000,0.000000,,1_10 2_10 2_9 3_12 3_13 3_3 4_0 4_1 4_13 4_4 5_1 5_3 6_10 6_3 6_4 6_6 7_4 7_5 7_6 7_8,2_12 4_3,0.481481,0.481481,0.481481,,0.481481,0.538462,0.142857,0.481481,0.052632,0.481481
2025-04-17,B5: B2+B3,2,0.500000,0.050000,4_3,1_10 1_11 1_2 2_9 3_1 3_3 3_8 4_1 4_4 5_1 5_3 6_0 6_10 6_3 6_4 6_6 7_5 7_6 7_9,2_12,0.428571,0.428571,0.333333,0.481481,,0.481481,0.212121,0.818182,0.081081,0.428571
2025-04-17,B4: B1+B3,2,0.500000,0.050000,4_3,1_10 2_10 2_9 3_10 3_11 3_12 3_13 3_3 4_1 4_4 5_1 5_2 5_3 6_10 6_12 6_4 7_5 7_6 7_9,2_12,0.739130,0.904762,0.481481,0.538462,0.481481,,0.111111,0.481481,0.052632,0.904762
2025-04-17,B2: Recent MA,2,0.000000,0.000000,,0_0 0_1 0_2 1_1 1_10 1_11 2_0 2_1 2_9 3_0 3_1 3_3 4_0 4_4 5_0 6_0 6_1 7_1 8_0 8_1,2_12 4_3,0.142857,0.111111,0.111111,0.142857,0.212121,0.111111,,0.212121,0.111111,0.111111
2025-04-17,B3: DoY season,2,0.500000,0.050000,4_3,1_1 1_10 1_2 2_9 3_1 3_3 3_8 4_1 4_4 5_1 5_3 6_1 6_10 6_3 6_4 6_6 7_5 7_6 7_9,2_12,0.379310,0.428571,0.333333,0.481481,0.818182,0.481481,0.212121,,0.111111,0.428571
2025-04-17,B0: Random,2,0.000000,0.000000,,0_11 0_12 0_2 0_9 1_13 2_1 2_11 2_8 3_3 4_12 4_2 5_14 5_8 6_1 6_15 6_6 7_11 7_9 8_14 8_3,2_12 4_3,0.052632,0.081081,0.081081,0.052632,0.081081,0.052632,0.111111,0.111111,,0.052632
2025-04-18,GLM-Logit,0,,0.000000,,1_10 2_10 2_9 3_10 3_11 3_12 3_13 3_3 4_1 4_3 4_4 5_1 5_2 5_3 5_4 6_12 6_4 7_5 7_6 7_9,,0.739130,0.904762,0.538462,0.481481,0.428571,0.904762,0.176471,0.428571,0.081081,
2025-04-18,HierBayes,0,,0.000000,,1_10 1_11 2_10 2_12 2_9 3_10 3_12 3_13 3_3 4_1 4_3 4_4 5_1 5_2 5_3 5_4 6_4 7_4 7_5 7_9,,,0.666667,0.538462,0.481481,0.481481,0.666667,0.250000,0.379310,0.081081,0.739130
2025-04-18,B1: Static prior,0,,0.000000,,1_10 2_10 2_9 3_10 3_11 3_12 3_13 3_3 4_1 4_2 4_3 4_4 5_1 5_2 5_3 6_12 6_4 7_5 7_6 7_9,,0.666667,,0.538462,0.481481,0.428571,0.904762,0.176471,0.428571,0.081081,0.904762
2025-04-18,TTM,0,,0.000000,,1_10 2_10 2_11 2_2 2_9 3_12 3_13 3_3 4_1 4_3 4_7 5_1 5_3 5_6 6_10 6_4 7_4 7_5 7_6 7_9,,0.538462,0.538462,,0.538462,0.428571,0.600000,0.142857,0.428571,0.025641,0.538462
2025-04-18,ET,0,,0.000000,,1_10 2_10 2_9 3_12 3_13 3_3 4_0 4_1 4_13 4_4 5_1 5_3 6_10 6_3 6_4 6_6 7_4 7_5 7_6 7_8,,0.481481,0.481481,0.538462,,0.481481,0.538462,0.176471,0.481481,0.081081,0.481481
2025-04-18,B5: B2+B3,0,,0.000000,,1_10 1_11 1_2 2_12 2_9 3_3 3_8 4_1 4_3 4_4 5_1 5_3 6_0 6_10 6_3 6_4 6_6 7_5 7_6 7_9,,0.481481,0.428571,0.428571,0.481481,,0.481481,0.290323,0.739130,0.081081,0.428571
2025-04-18,B4: B1+B3,0,,0.000000,,1_10 2_10 2_9 3_10 3_11 3_12 3_13 3_3 4_1 4_3 4_4 5_1 5_2 5_3 6_10 6_12 6_4 7_5 7_6 7_9,,0.666667,0.904762,0.600000,0.538462,0.481481,,0.176471,0.481481,0.081081,0.904762
2025-04-18,B2: Recent MA,0,,0.000000,,0_0 0_1 1_1 1_10 1_11 2_0 2_1 2_12 2_9 3_0 3_3 4_0 4_3 4_4 5_1 6_0 6_1 7_1 8_0 8_1,,0.250000,0.176471,0.142857,0.176471,0.290323,0.176471,,0.250000,0.081081,0.176471
2025-04-18,B3: DoY season,0,,0.000000,,1_1 1_10 1_2 2_9 3_1 3_3 3_8 4_1 4_3 4_4 5_1 5_3 6_1 6_10 6_3 6_4 6_6 7_5 7_6 7_9,,0.379310,0.428571,0.428571,0.481481,0.739130,0.481481,0.250000,,0.081081,0.428571
2025-04-18,B0: Random,0,,0.000000,,0_4 0_9 2_0 2_5 2_7 3_10 3_3 3_9 4_4 4_6 5_10 5_11 5_13 5_14 6_13 6_2 6_3 8_10 8_13 8_4,,0.081081,0.081081,0.025641,0.081081,0.081081,0.081081,0.081081,0.081081,,0.081081
2025-04-19,GLM-Logit,0,,0.000000,,1_10 2_10 2_9 3_10 3_11 3_12 3_13 3_3 4_1 4_3 4_4 5_1 5_2 5_3 5_4 6_12 6_4 7_5 7_6 7_9,,0.739130,0.904762,0.428571,0.481481,0.428571,0.904762,0.176471,0.428571,0.081081,
2025-04-19,HierBayes,0,,0.000000,,1_10 1_11 2_10 2_12 2_9 3_10 3_12 3_13 3_3 4_1 4_3 4_4 5_1 5_2 5_3 5_4 6_4 7_4 7_5 7_9,,,0.666667,0.428571,0.481481,0.481481,0.666667,0.250000,0.379310,0.142857,0.739130
2025-04-19,B1: Static prior,0,,0.000000,,1_10 2_10 2_9 3_10 3_11 3_12 3_13 3_3 4_1 4_2 4_3 4_4 5_1 5_2 5_3 6_12 6_4 7_5 7_6 7_9,,0.666667,,0.428571,0.481481,0.428571,0.904762,0.176471,0.428571,0.081081,0.904762
2025-04-19,TTM,0,,0.000000,,1_10 2_10 2_15 2_2 3_12 3_14 3_3 4_1 4_3 4_7 5_1 5_3 5_6 6_10 6_4 6_7 7_4 7_5 7_6 7_9,,0.428571,0.428571,,0.428571,0.379310,0.481481,0.111111,0.379310,0.081081,0.428571
2025-04-19,ET,0,,0.000000,,1_10 2_10 2_9 3_12 3_13 3_3 4_0 4_1 4_13 4_4 5_1 5_3 6_10 6_3 6_4 6_6 7_4 7_5 7_6 7_8,,0.481481,0.481481,0.428571,,0.481481,0.538462,0.176471,0.481481,0.111111,0.481481
2025-04-19,B5: B2+B3,0,,0.000000,,1_10 1_11 1_2 2_12 2_9 3_3 3_8 4_1 4_3 4_4 5_1 5_3 6_0 6_10 6_3 6_4 6_6 7_5 7_6 7_9,,0.481481,0.428571,0.379310,0.481481,,0.481481,0.290323,0.739130,0.142857,0.428571
2025-04-19,B4: B1+B3,0,,0.000000,,1_10 2_10 2_9 3_10 3_11 3_12 3_13 3_3 4_1 4_3 4_4 5_1 5_2 5_3 6_10 6_12 6_4 7_5 7_6 7_9,,0.666667,0.904762,0.481481,0.538462,0.481481,,0.176471,0.481481,0.081081,0.904762
2025-04-19,B2: Recent MA,0,,0.000000,,0_0 0_1 1_1 1_10 1_11 2_0 2_1 2_12 2_9 3_0 3_3 4_0 4_3 4_4 5_1 6_0 6_1 7_1 8_0 8_1,,0.250000,0.176471,0.111111,0.176471,0.290323,0.176471,,0.250000,0.176471,0.176471
2025-04-19,B3: DoY season,0,,0.000000,,1_1 1_10 1_2 2_9 3_1 3_3 3_8 4_1 4_3 4_4 5_1 5_3 6_1 6_10 6_3 6_4 6_6 7_5 7_6 7_9,,0.379310,0.428571,0.379310,0.481481,0.739130,0.481481,0.250000,,0.081081,0.428571
2025-04-19,B0: Random,0,,0.000000,,0_1 0_12 0_9 1_11 1_13 1_2 1_7 2_1 2_10 2_12 2_15 2_9 4_0 4_1 5_7 6_2 7_0 7_12 7_15 8_14,,0.142857,0.081081,0.081081,0.111111,0.142857,0.081081,0.176471,0.081081,,0.081081
2025-04-20,GLM-Logit,0,,0.000000,,1_10 2_10 2_9 3_10 3_11 3_12 3_13 3_3 4_1 4_3 4_4 5_1 5_2 5_3 5_4 6_12 6_4 7_5 7_6 7_9,,0.739130,0.904762,0.481481,0.481481,0.428571,0.904762,0.176471,0.428571,0.081081,
2025-04-20,HierBayes,0,,0.000000,,1_10 1_11 2_10 2_12 2_9 3_10 3_12 3_13 3_3 4_1 4_3 4_4 5_1 5_2 5_3 5_4 6_4 7_4 7_5 7_9,,,0.666667,0.379310,0.481481,0.481481,0.666667,0.250000,0.379310,0.081081,0.739130
2025-04-20,B1: Static prior,0,,0.000000,,1_10 2_10 2_9 3_10 3_11 3_12 3_13 3_3 4_1 4_2 4_3 4_4 5_1 5_2 5_3 6_12 6_4 7_5 7_6 7_9,,0.666667,,0.538462,0.481481,0.428571,0.904762,0.176471,0.428571,0.052632,0.904762
2025-04-20,TTM,0,,0.000000,,1_10 2_10 2_2 3_11 3_12 4_1 4_2 4_3 5_1 5_2 5_3 5_5 5_6 5_7 6_10 6_4 7_5 7_6 7_8 7_9,,0.379310,0.538462,,0.379310,0.333333,0.538462,0.081081,0.333333,0.081081,0.481481
2025-04-20,ET,0,,0.000000,,1_10 2_10 2_9 3_12 3_13 3_3 4_0 4_1 4_13 4_4 5_1 5_3 6_10 6_3 6_4 6_6 7_4 7_5 7_6 7_8,,0.481481,0.481481,0.379310,,0.481481,0.538462,0.176471,0.481481,0.142857,0.481481
2025-04-20,B5: B2+B3,0,,0.000000,,1_10 1_11 2_12 2_9 3_1 3_3 4_1 4_3 4_4 5_1 5_3 6_0 6_1 6_10 6_3 6_4 6_6 7_5 7_6 7_9,,0.481481,0.428571,0.333333,0.481481,,0.481481,0.333333,0.739130,0.111111,0.428571
2025-04-20,B4: B1+B3,0,,0.000000,,1_10 2_10 2_9 3_10 3_11 3_12 3_13 3_3 4_1 4_3 4_4 5_1 5_2 5_3 6_10 6_12 6_4 7_5 7_6 7_9,,0.666667,0.904762,0.538462,0.538462,0.481481,,0.176471,0.481481,0.081081,0.904762
2025-04-20,B2: Recent MA,0,,0.000000,,0_0 0_1 1_1 1_10 1_11 2_0 2_1 2_12 2_9 3_0 3_3 4_0 4_3 4_4 5_1 6_0 6_1 7_1 8_0 8_1,,0.250000,0.176471,0.081081,0.176471,0.333333,0.176471,,0.290323,0.111111,0.176471
2025-04-20,B3: DoY season,0,,0.000000,,1_10 2_9 3_1 3_3 4_1 4_3 4_4 5_1 5_3 6_1 6_10 6_3 6_4 6_6 7_0 7_1 7_5 7_6 7_9 8_1,,0.379310,0.428571,0.333333,0.481481,0.739130,0.481481,0.290323,,0.111111,0.428571
2025-04-20,B0: Random,0,,0.000000,,0_0 0_10 0_13 0_9 1_15 1_3 2_1 2_7 2_8 4_0 4_11 5_0 5_1 5_10 5_3 5_4 6_10 6_3 7_15 8_11,,0.081081,0.052632,0.081081,0.142857,0.111111,0.081081,0.111111,0.111111,,0.081081
2025-04-21,GLM-Logit,0,,0.000000,,1_10 2_10 2_9 3_10 3_11 3_12 3_13 3_3 4_1 4_3 4_4 5_1 5_2 5_3 5_4 6_12 6_4 7_5 7_6 7_9,,0.739130,0.904762,0.538462,0.481481,0.428571,0.904762,0.176471,0.379310,0.111111,
2025-04-21,HierBayes,0,,0.000000,,1_10 1_11 2_10 2_12 2_9 3_10 3_12 3_13 3_3 4_1 4_3 4_4 5_1 5_2 5_3 5_4 6_4 7_4 7_5 7_9,,,0.666667,0.481481,0.481481,0.481481,0.666667,0.250000,0.333333,0.111111,0.739130
2025-04-21,B1: Static prior,0,,0.000000,,1_10 2_10 2_9 3_10 3_11 3_12 3_13 3_3 4_1 4_2 4_3 4_4 5_1 5_2 5_3 6_12 6_4 7_5 7_6 7_9,,0.666667,,0.538462,0.481481,0.428571,0.904762,0.176471,0.379310,0.111111,0.904762
2025-04-21,TTM,0,,0.000000,,1_10 2_10 2_2 2_9 4_1 4_2 4_3 4_4 5_1 5_2 5_3 5_4 5_6 6_10 6_4 6_7 7_5 7_6 7_8 7_9,,0.481481,0.538462,,0.428571,0.428571,0.538462,0.142857,0.428571,0.111111,0.538462
2025-04-21,ET,0,,0.000000,,1_10 2_10 2_9 3_12 3_13 3_3 4_0 4_1 4_13 4_4 5_1 5_3 6_10 6_3 6_4 6_6 7_4 7_5 7_6 7_8,,0.481481,0.481481,0.428571,,0.481481,0.538462,0.176471,0.428571,0.081081,0.481481
2025-04-21,B5: B2+B3,0,,0.000000,,1_10 1_11 2_12 2_9 3_1 3_3 4_1 4_3 4_4 5_1 5_3 6_0 6_1 6_10 6_3 6_4 6_6 7_5 7_6 7_9,,0.481481,0.428571,0.428571,0.481481,,0.481481,0.333333,0.600000,0.111111,0.428571
2025-04-21,B4: B1+B3,0,,0.000000,,1_10 2_10 2_9 3_10 3_11 3_12 3_13 3_3 4_1 4_3 4_4 5_1 5_2 5_3 6_10 6_12 6_4 7_5 7_6 7_9,,0.666667,0.904762,0.538462,0.538462,0.481481,,0.176471,0.428571,0.142857,0.904762
2025-04-21,B2: Recent MA,0,,0.000000,,0_0 0_1 1_1 1_10 1_11 2_0 2_1 2_12 2_9 3_0 3_3 4_0 4_3 4_4 5_1 6_0 6_1 7_1 8_0 8_1,,0.250000,0.176471,0.142857,0.176471,0.333333,0.176471,,0.290323,0.176471,0.176471
2025-04-21,B3: DoY season,0,,0.000000,,0_0 0_2 1_10 2_9 4_1 4_3 4_4 5_1 5_3 6_1 6_10 6_3 6_4 6_6 7_0 7_1 7_5 7_6 7_9 8_1,,0.333333,0.379310,0.428571,0.428571,0.600000,0.428571,0.290323,,0.111111,0.379310
2025-04-21,B0: Random,0,,0.000000,,0_1 0_7 1_2 1_4 1_5 2_3 2_8 3_10 3_5 4_0 4_15 4_3 5_1 5_2 6_1 6_10 6_13 7_3 7_7 8_0,,0.111111,0.111111,0.111111,0.081081,0.111111,0.142857,0.176471,0.111111,,0.111111
2025-04-22,GLM-Logit,0,,0.000000,,1_10 2_10 2_9 3_10 3_11 3_12 3_13 3_3 4_1 4_3 4_4 5_1 5_2 5_3 5_4 6_12 6_4 7_5 7_6 7_9,,0.739130,0.904762,0.666667,0.481481,0.428571,0.904762,0.176471,0.333333,0.052632,
2025-04-22,HierBayes,0,,0.000000,,1_10 1_11 2_10 2_12 2_9 3_10 3_12 3_13 3_3 4_1 4_3 4_4 5_1 5_2 5_3 5_4 6_4 7_4 7_5 7_9,,,0.666667,0.600000,0.481481,0.481481,0.666667,0.250000,0.290323,0.111111,0.739130
2025-04-22,B1: Static prior,0,,0.000000,,1_10 2_10 2_9 3_10 3_11 3_12 3_13 3_3 4_1 4_2 4_3 4_4 5_1 5_2 5_3 6_12 6_4 7_5 7_6 7_9,,0.666667,,0.600000,0.481481,0.428571,0.904762,0.176471,0.333333,0.025641,0.904762
2025-04-22,TTM,0,,0.000000,,1_10 2_10 2_2 2_9 3_10 3_11 3_12 3_13 3_2 4_1 4_3 5_1 5_2 5_3 5_4 6_10 6_4 6_7 7_5 7_9,,0.600000,0.600000,,0.379310,0.333333,0.666667,0.111111,0.290323,0.052632,0.666667
2025-04-22,ET,0,,0.000000,,1_10 2_10 2_9 3_12 3_13 3_3 4_0 4_1 4_13 4_4 5_1 5_3 6_10 6_3 6_4 6_6 7_4 7_5 7_6 7_8,,0.481481,0.481481,0.379310,,0.538462,0.538462,0.176471,0.481481,0.052632,0.481481
2025-04-22,B5: B2+B3,0,,0.000000,,1_10 1_11 2_12 2_9 3_3 4_1 4_3 4_4 5_1 5_3 6_0 6_10 6_3 6_4 6_6 7_5 7_6 7_8 7_9 8_7,,0.481481,0.428571,0.333333,0.538462,,0.481481,0.290323,0.600000,0.081081,0.428571
2025-04-22,B4: B1+B3,0,,0.000000,,1_10 2_10 2_9 3_10 3_11 3_12 3_13 3_3 4_1 4_3 4_4 5_1 5_2 5_3 6_10 6_12 6_4 7_5 7_6 7_9,,0.666667,0.904762,0.666667,0.538462,0.481481,,0.176471,0.379310,0.025641,0.904762
2025-04-22,B2: Recent MA,0,,0.000000,,0_0 0_1 1_1 1_10 1_11 2_0 2_1 2_12 2_9 3_0 3_3 4_0 4_3 4_4 5_1 6_0 6_1 7_1 8_0 8_1,,0.250000,0.176471,0.111111,0.176471,0.290323,0.176471,,0.176471,0.052632,0.176471
2025-04-22,B3: DoY season,0,,0.000000,,0_2 1_10 1_2 2_9 4_1 4_4 5_1 5_3 6_10 6_3 6_4 6_6 7_0 7_1 7_5 7_6 7_8 7_9 8_1 8_7,,0.290323,0.333333,0.290323,0.481481,0.600000,0.379310,0.176471,,0.081081,0.333333
2025-04-22,B0: Random,0,,0.000000,,0_9 1_5 2_12 2_15 2_4 2_6 3_1 3_14 3_2 4_4 5_4 5_7 7_0 7_12 7_14 7_4 8_11 8_14 8_3 8_7,,0.111111,0.025641,0.052632,0.052632,0.081081,0.025641,0.052632,0.081081,,0.052632
2025-04-23,GLM-Logit,1,1.000000,0.050000,4_1,1_10 2_10 2_9 3_10 3_11 3_12 3_13 3_3 4_3 4_4 5_1 5_2 5_3 5_4 6_12 6_4 7_5 7_6 7_9,,0.739130,0.904762,0.600000,0.481481,0.481481,0.818182,0.176471,0.379310,0.142857,
2025-04-23,HierBayes,1,1.000000,0.050000,4_1,1_10 1_11 2_10 2_12 2_9 3_10 3_12 3_13 3_3 4_3 4_4 5_1 5_2 5_3 5_4 6_4 7_4 7_5 7_9,,,0.666667,0.600000,0.481481,0.600000,0.739130,0.250000,0.379310,0.142857,0.739130
2025-04-23,B1: Static prior,1,1.000000,0.050000,4_1,1_10 2_10 2_9 3_10 3_11 3_12 3_13 3_3 4_2 4_3 4_4 5_1 5_2 5_3 6_12 6_4 7_5 7_6 7_9,,0.666667,,0.538462,0.481481,0.428571,0.739130,0.176471,0.333333,0.111111,0.904762
2025-04-23,TTM,1,1.000000,0.050000,4_1,1_10 2_10 2_9 3_10 3_11 3_12 4_3 5_1 5_2 5_3 5_4 5_5 6_10 6_11 6_4 6_7 7_4 7_5 7_9,,0.600000,0.538462,,0.379310,0.428571,0.600000,0.111111,0.379310,0.111111,0.600000
2025-04-23,ET,1,1.000000,0.050000,4_1,1_10 2_10 2_9 3_12 3_13 3_3 4_0 4_13 4_4 5_1 5_3 6_10 6_3 6_4 6_6 7_4 7_5 7_6 7_8,,0.481481,0.481481,0.379310,,0.481481,0.600000,0.176471,0.538462,0.111111,0.481481
2025-04-23,B5: B2+B3,1,1.000000,0.050000,4_1,1_10 1_11 2_12 2_9 3_3 4_3 4_4 5_1 5_3 5_4 6_0 6_10 6_4 7_4 7_5 7_6 7_8 7_9 8_7,,0.600000,0.428571,0.428571,0.481481,,0.600000,0.290323,0.600000,0.111111,0.481481
2025-04-23,B4: B1+B3,1,1.000000,0.050000,4_1,1_10 2_10 2_9 3_10 3_12 3_13 3_3 4_3 4_4 5_1 5_3 5_4 6_10 6_12 6_4 7_4 7_5 7_6 7_9,,0.739130,0.739130,0.600000,0.600000,0.600000,,0.176471,0.481481,0.142857,0.818182
2025-04-23,B2: Recent MA,1,0.000000,0.000000,,0_0 0_1 1_1 1_10 1_11 2_0 2_1 2_12 2_9 3_0 3_3 4_0 4_3 4_4 5_1 6_0 6_1 7_1 8_0 8_1,4_1,0.250000,0.176471,0.111111,0.176471,0.290323,0.176471,,0.176471,0.111111,0.176471
2025-04-23,B3: DoY season,1,1.000000,0.050000,4_1,1_10 1_2 2_9 4_4 5_1 5_3 5_4 6_10 6_3 6_4 6_6 7_1 7_4 7_5 7_6 7_8 7_9 8_1 8_7,,0.379310,0.333333,0.379310,0.538462,0.600000,0.481481,0.176471,,0.081081,0.379310
2025-04-23,B0: Random,1,0.000000,0.000000,,0_11 1_15 1_5 1_7 2_1 2_11 3_12 3_3 4_3 5_4 6_1 6_5 6_6 6_8 7_11 7_15 7_5 8_10 8_14 8_15,4_1,0.142857,0.111111,0.111111,0.111111,0.111111,0.142857,0.111111,0.081081,,0.142857
2025-04-24,GLM-Logit,0,,0.000000,,1_10 2_10 2_9 3_10 3_11 3_12 3_13 3_3 4_1 4_3 4_4 5_1 5_2 5_3 5_4 6_12 6_4 7_5 7_6 7_9,,0.739130,0.904762,0.666667,0.481481,0.481481,0.818182,0.212121,0.379310,0.052632,
2025-04-24,HierBayes,0,,0.000000,,1_10 1_11 2_10 2_12 2_9 3_10 3_12 3_13 3_3 4_1 4_3 4_4 5_1 5_2 5_3 5_4 6_4 7_4 7_5 7_9,,,0.666667,0.739130,0.481481,0.600000,0.739130,0.290323,0.379310,0.111111,0.739130
2025-04-24,B1: Static prior,0,,0.000000,,1_10 2_10 2_9 3_10 3_11 3_12 3_13 3_3 4_1 4_2 4_3 4_4 5_1 5_2 5_3 6_12 6_4 7_5 7_6 7_9,,0.666667,,0.600000,0.481481,0.428571,0.739130,0.212121,0.333333,0.025641,0.904762
2025-04-24,TTM,0,,0.000000,,1_10 1_11 2_10 2_9 3_10 3_11 3_12 3_13 3_2 4_1 4_3 4_4 5_1 5_3 5_4 6_10 6_4 7_4 7_5 7_9,,0.739130,0.600000,,0.481481,0.538462,0.739130,0.212121,0.428571,0.111111,0.666667
2025-04-24,ET,0,,0.000000,,1_10 2_10 2_9 3_12 3_13 3_3 4_0 4_1 4_13 4_4 5_1 5_3 6_10 6_3 6_4 6_6 7_4 7_5 7_6 7_8,,0.481481,0.481481,0.481481,,0.481481,0.600000,0.212121,0.538462,0.111111,0.481481
2025-04-24,B5: B2+B3,0,,0.000000,,1_10 1_11 2_12 2_9 3_3 4_1 4_3 4_4 5_1 5_3 5_4 6_0 6_10 6_4 7_4 7_5 7_6 7_8 7_9 8_7,,0.600000,0.428571,0.538462,0.481481,,0.600000,0.333333,0.600000,0.111111,0.481481
2025-04-24,B4: B1+B3,0,,0.000000,,1_10 2_10 2_9 3_10 3_12 3_13 3_3 4_1 4_3 4_4 5_1 5_3 5_4 6_10 6_12 6_4 7_4 7_5 7_6 7_9,,0.739130,0.739130,0.739130,0.600000,0.600000,,0.212121,0.481481,0.081081,0.818182
2025-04-24,B2: Recent MA,0,,0.000000,,0_1 1_1 1_10 1_11 2_0 2_12 2_9 3_0 3_3 4_0 4_1 4_3 4_4 5_1 6_0 6_1 7_0 7_1 8_0 8_1,,0.290323,0.212121,0.212121,0.212121,0.333333,0.212121,,0.212121,0.081081,0.212121
2025-04-24,B3: DoY season,0,,0.000000,,1_10 1_2 2_9 4_1 4_4 5_1 5_3 5_4 6_10 6_3 6_4 6_6 7_1 7_4 7_5 7_6 7_8 7_9 8_1 8_7,,0.379310,0.333333,0.428571,0.538462,0.600000,0.481481,0.212121,,0.111111,0.379310
2025-04-24,B0: Random,0,,0.000000,,0_10 0_12 0_4 0_9 1_11 1_4 2_13 2_14 2_7 4_13 4_4 4_8 5_0 5_4 6_15 6_6 6_9 7_2 7_4 8_0,,0.111111,0.025641,0.111111,0.111111,0.111111,0.081081,0.081081,0.111111,,0.052632
2025-04-25,GLM-Logit,4,0.500000,0.100000,1_10 7_5,2_10 2_9 3_10 3_11 3_12 3_13 3_3 4_1 4_3 4_4 5_1 5_2 5_3 5_4 6_12 6_4 7_6 7_9,2_14 4_7,0.739130,0.904762,0.666667,0.481481,0.538462,0.818182,0.212121,0.379310,0.052632,
2025-04-25,HierBayes,4,0.500000,0.100000,1_10 7_5,1_11 2_10 2_12 2_9 3_10 3_12 3_13 3_3 4_1 4_3 4_4 5_1 5_2 5_3 5_4 6_4 7_4 7_9,2_14 4_7,,0.666667,0.666667,0.481481,0.666667,0.739130,0.290323,0.379310,0.052632,0.739130
2025-04-25,B1: Static prior,4,0.500000,0.100000,1_10 7_5,2_10 2_9 3_10 3_11 3_12 3_13 3_3 4_1 4_2 4_3 4_4 5_1 5_2 5_3 6_12 6_4 7_6 7_9,2_14 4_7,0.666667,,0.600000,0.481481,0.481481,0.739130,0.212121,0.333333,0.025641,0.904762
2025-04-25,TTM,4,0.500000,0.100000,1_10 7_5,1_11 2_10 3_12 3_13 3_2 3_3 4_1 4_3 4_4 5_1 5_2 5_3 5_4 5_7 6_10 6_4 7_6 7_9,2_14 4_7,0.666667,0.600000,,0.481481,0.538462,0.666667,0.212121,0.428571,0.111111,0.666667
2025-04-25,ET,4,0.500000,0.100000,1_10 7_5,2_10 2_9 3_12 3_13 3_3 4_0 4_1 4_13 4_4 5_1 5_3 6_10 6_3 6_4 6_6 7_4 7_6 7_8,2_14 4_7,0.481481,0.481481,0.481481,,0.481481,0.600000,0.212121,0.538462,0.081081,0.481481
2025-04-25,B5: B2+B3,4,0.500000,0.100000,1_10 7_5,1_11 2_10 2_12 2_9 3_3 4_1 4_3 4_4 5_1 5_3 5_4 6_0 6_4 7_4 7_6 7_8 7_9 8_7,2_14 4_7,0.666667,0.481481,0.538462,0.481481,,0.600000,0.333333,0.538462,0.081081,0.538462
2025-04-25,B4: B1+B3,4,0.500000,0.100000,1_10 7_5,2_10 2_9 3_10 3_12 3_13 3_3 4_1 4_3 4_4 5_1 5_3 5_4 6_10 6_12 6_4 7_4 7_6 7_9,2_14 4_7,0.739130,0.739130,0.666667,0.600000,0.600000,,0.212121,0.481481,0.052632,0.818182
2025-04-25,B2: Recent MA,4,0.250000,0.050000,1_10,0_1 1_1 1_11 2_0 2_12 2_9 3_0 3_3 4_0 4_1 4_3 4_4 5_1 6_0 6_1 7_0 7_1 8_0 8_1,2_14 4_7 7_5,0.290323,0.212121,0.212121,0.212121,0.333333,0.212121,,0.176471,0.052632,0.212121
2025-04-25,B3: DoY season,4,0.500000,0.100000,1_10 7_5,1_2 2_10 4_1 4_4 5_1 5_3 5_4 6_10 6_3 6_4 6_6 7_1 7_4 7_6 7_8 7_9 8_1 8_7,2_14 4_7,0.379310,0.333333,0.428571,0.538462,0.538462,0.481481,0.176471,,0.111111,0.379310
2025-04-25,B0: Random,4,0.250000,0.050000,2_14,0_13 0_5 1_14 1_9 2_15 3_2 3_6 4_0 4_13 5_11 5_4 5_7 6_4 6_5 6_7 7_13 7_2 8_1 8_7,1_10 4_7 7_5,0.052632,0.025641,0.111111,0.081081,0.081081,0.052632,0.052632,0.111111,,0.052632
2025-04-26,GLM-Logit,0,,0.000000,,1_10 2_10 2_9 3_10 3_11 3_12 3_13 3_3 4_1 4_3 4_4 5_1 5_2 5_3 5_4 6_12 6_4 7_5 7_6 7_9,,0.739130,0.904762,0.600000,0.481481,0.538462,0.818182,0.250000,0.428571,0.081081,
2025-04-26,HierBayes,0,,0.000000,,1_10 1_11 2_10 2_9 3_10 3_12 3_13 3_3 4_1 4_3 4_4 4_7 5_1 5_2 5_3 5_4 6_4 7_4 7_5 7_9,,,0.666667,0.666667,0.481481,0.600000,0.739130,0.333333,0.428571,0.081081,0.739130
2025-04-26,B1: Static prior,0,,0.000000,,1_10 2_10 2_9 3_10 3_11 3_12 3_13 3_3 4_1 4_2 4_3 4_4 5_1 5_2 5_3 6_12 6_4 7_5 7_6 7_9,,0.666667,,0.600000,0.481481,0.481481,0.739130,0.250000,0.379310,0.081081,0.904762
2025-04-26,TTM,0,,0.000000,,0_9 1_10 1_11 2_10 2_2 2_9 3_10 3_11 3_12 3_13 4_1 4_3 4_4 5_1 5_3 5_7 6_4 7_4 7_5 7_9,,0.666667,0.600000,,0.428571,0.428571,0.538462,0.250000,0.333333,0.052632,0.600000
2025-04-26,ET,0,,0.000000,,1_10 2_10 2_9 3_12 3_13 3_3 4_0 4_1 4_13 4_4 5_1 5_3 6_10 6_3 6_4 6_6 7_4 7_5 7_6 7_8,,0.481481,0.481481,0.428571,,0.379310,0.600000,0.212121,0.538462,0.111111,0.481481
2025-04-26,B5: B2+B3,0,,0.000000,,1_10 1_11 2_10 2_12 2_14 2_9 3_3 4_1 4_3 4_4 4_7 5_1 5_3 5_4 6_0 6_4 7_5 7_6 7_9 8_7,,0.600000,0.481481,0.428571,0.379310,,0.538462,0.481481,0.428571,0.081081,0.538462
2025-04-26,B4: B1+B3,0,,0.000000,,1_10 2_10 2_9 3_12 3_13 3_3 4_1 4_3 4_4 5_1 5_2 5_3 5_4 6_10 6_12 6_4 7_4 7_5 7_6 7_9,,0.739130,0.739130,0.538462,0.600000,0.538462,,0.250000,0.538462,0.081081,0.818182
2025-04-26,B2: Recent MA,0,,0.000000,,1_1 1_10 1_11 2_12 2_14 2_9 3_0 3_3 4_1 4_3 4_4 4_7 5_1 6_0 6_1 7_0 7_1 7_5 8_0 8_1,,0.333333,0.250000,0.250000,0.212121,0.481481,0.250000,,0.176471,0.111111,0.250000
2025-04-26,B3: DoY season,0,,0.000000,,1_10 2_10 4_1 4_4 5_1 5_2 5_3 5_4 5_5 6_10 6_3 6_4 6_6 7_1 7_4 7_5 7_6 7_8 7_9 8_7,,0.428571,0.379310,0.333333,0.538462,0.428571,0.538462,0.176471,,0.025641,0.428571
2025-04-26,B0: Random,0,,0.000000,,0_14 0_3 1_13 1_5 2_11 2_12 3_12 3_2 3_3 3_6 4_0 4_15 4_5 4_8 5_1 6_2 7_12 8_0 8_14 8_9,,0.081081,0.081081,0.052632,0.111111,0.081081,0.081081,0.111111,0.025641,,0.081081
2025-04-27,GLM-Logit,0,,0.000000,,1_10 2_10 2_9 3_10 3_11 3_12 3_13 3_3 4_1 4_3 4_4 5_1 5_2 5_3 5_4 6_12 6_4 7_5 7_6 7_9,,0.739130,0.904762,0.600000,0.481481,0.481481,0.904762,0.250000,0.428571,0.081081,
2025-04-27,HierBayes,0,,0.000000,,1_10 1_11 2_10 2_9 3_10 3_12 3_13 3_3 4_1 4_3 4_4 4_7 5_1 5_2 5_3 5_4 6_4 7_4 7_5 7_9,,,0.666667,0.538462,0.481481,0.538462,0.818182,0.333333,0.428571,0.081081,0.739130
2025-04-27,B1: Static prior,0,,0.000000,,1_10 2_10 2_9 3_10 3_11 3_12 3_13 3_3 4_1 4_2 4_3 4_4 5_1 5_2 5_3 6_12 6_4 7_5 7_6 7_9,,0.666667,,0.600000,0.481481,0.428571,0.818182,0.250000,0.379310,0.111111,0.904762
2025-04-27,TTM,0,,0.000000,,0_9 1_10 2_10 3_10 3_11 3_13 3_2 4_1 4_3 4_4 5_1 5_2 5_3 5_7 6_10 6_12 6_4 7_4 7_5 7_9,,0.538462,0.600000,,0.379310,0.290323,0.600000,0.176471,0.333333,0.111111,0.600000
2025-04-27,ET,0,,0.000000,,1_10 2_10 2_9 3_12 3_13 3_3 4_0 4_1 4_13 4_4 5_1 5_3 6_10 6_3 6_4 6_6 7_4 7_5 7_6 7_8,,0.481481,0.481481,0.379310,,0.428571,0.538462,0.212121,0.538462,0.111111,0.481481
2025-04-27,B5: B2+B3,0,,0.000000,,1_10 1_11 2_10 2_12 2_14 2_9 3_3 4_1 4_3 4_4 4_7 5_1 5_3 5_4 6_0 6_4 7_5 7_6 7_8 8_7,,0.538462,0.428571,0.290323,0.428571,,0.481481,0.481481,0.379310,0.142857,0.481481
2025-04-27,B4: B1+B3,0,,0.000000,,1_10 2_10 2_9 3_10 3_12 3_13 3_3 4_1 4_3 4_4 5_1 5_2 5_3 5_4 6_12 6_4 7_4 7_5 7_6 7_9,,0.818182,0.818182,0.600000,0.538462,0.481481,,0.250000,0.481481,0.111111,0.904762
2025-04-27,B2: Recent MA,0,,0.000000,,1_1 1_10 1_11 2_12 2_14 2_9 3_0 3_3 4_1 4_3 4_4 4_7 5_1 6_0 6_1 7_0 7_1 7_5 8_0 8_1,,0.333333,0.250000,0.176471,0.212121,0.481481,0.250000,,0.142857,0.081081,0.250000
2025-04-27,B3: DoY season,0,,0.000000,,1_10 2_10 3_12 4_1 4_4 5_1 5_2 5_3 5_4 5_5 6_13 6_3 6_4 6_6 6_8 7_4 7_5 7_6 7_7 7_8,,0.428571,0.379310,0.333333,0.538462,0.379310,0.481481,0.142857,,0.111111,0.428571
2025-04-27,B0: Random,0,,0.000000,,0_13 2_11 2_12 2_13 2_4 2_6 3_7 4_2 4_3 4_7 5_7 6_12 6_2 6_3 6_6 7_11 7_4 7_6 8_11 8_7,,0.081081,0.111111,0.111111,0.111111,0.142857,0.111111,0.081081,0.111111,,0.081081
2025-04-28,GLM-Logit,3,0.333333,0.050000,2_9,1_10 2_10 3_10 3_11 3_12 3_13 3_3 4_1 4_3 4_4 5_1 5_2 5_3 5_4 6_12 6_4 7_5 7_6 7_9,1_11 2_13,0.739130,0.904762,0.538462,0.481481,0.538462,0.904762,0.250000,0.538462,0.025641,
2025-04-28,HierBayes,3,0.666667,0.100000,1_11 2_9,1_10 2_10 3_10 3_12 3_13 3_3 4_1 4_3 4_4 4_7 5_1 5_2 5_3 5_4 6_4 7_4 7_5 7_9,2_13,,0.666667,0.481481,0.481481,0.600000,0.739130,0.333333,0.481481,0.025641,0.739130
2025-04-28,B1: Static prior,3,0.333333,0.050000,2_9,1_10 2_10 3_10 3_11 3_12 3_13 3_3 4_1 4_2 4_3 4_4 5_1 5_2 5_3 6_12 6_4 7_5 7_6 7_9,1_11 2_13,0.666667,,0.481481,0.481481,0.481481,0.818182,0.250000,0.481481,0.052632,0.904762
2025-04-28,TTM,3,0.000000,0.000000,,0_9 1_10 2_10 3_1 3_11 3_12 3_2 4_1 4_3 5_1 5_10 5_2 5_3 5_4 5_5 6_12 6_4 7_4 7_5 7_9,1_11 2_13 2_9,0.481481,0.481481,,0.290323,0.333333,0.600000,0.142857,0.481481,0.081081,0.538462
2025-04-28,ET,3,0.333333,0.050000,2_9,1_10 2_10 3_12 3_13 3_3 4_0 4_1 4_13 4_4 5_1 5_3 6_10 6_3 6_4 6_6 7_4 7_5 7_6 7_8,1_11 2_13,0.481481,0.481481,0.290323,,0.481481,0.538462,0.212121,0.538462,0.052632,0.481481
2025-04-28,B5: B2+B3,3,0.666667,0.100000,1_11 2_9,1_10 2_10 2_12 2_14 3_12 3_3 4_1 4_3 4_4 4_7 5_1 5_3 5_4 6_0 6_4 7_5 7_6 7_8,2_13,0.600000,0.481481,0.333333,0.481481,,0.538462,0.481481,0.481481,0.025641,0.538462
2025-04-28,B4: B1+B3,3,0.333333,0.050000,2_9,1_10 2_10 3_11 3_12 3_13 3_3 4_1 4_3 4_4 5_1 5_2 5_3 5_4 6_12 6_4 7_4 7_5 7_6 7_9,1_11 2_13,0.739130,0.818182,0.600000,0.538462,0.538462,,0.250000,0.600000,0.025641,0.904762
2025-04-28,B2: Recent MA,3,0.666667,0.100000,1_11 2_9,1_1 1_10 2_12 2_14 3_0 3_3 4_1 4_3 4_4 4_7 5_1 6_0 6_1 7_0 7_1 7_5 8_0 8_1,2_13,0.333333,0.250000,0.142857,0.212121,0.481481,0.250000,,0.176471,0.025641,0.250000
2025-04-28,B3: DoY season,3,0.000000,0.000000,,1_10 2_10 3_11 3_12 4_1 4_3 4_4 5_1 5_2 5_3 5_4 6_3 6_4 6_6 6_8 7_4 7_5 7_6 7_8 8_7,1_11 2_13 2_9,0.481481,0.481481,0.481481,0.538462,0.481481,0.600000,0.176471,,0.052632,0.538462
2025-04-28,B0: Random,3,0.000000,0.000000,,0_14 1_9 3_4 4_1 4_12 4_14 4_2 4_5 5_10 5_11 5_14 5_5 5_6 5_8 6_10 6_13 6_8 7_13 7_2 8_10,1_11 2_13 2_9,0.025641,0.052632,0.081081,0.052632,0.025641,0.025641,0.025641,0.052632,,0.025641
2025-04-29,GLM-Logit,0,,0.000000,,1_10 1_11 2_10 2_9 3_10 3_12 3_13 3_3 4_1 4_3 4_4 5_1 5_2 5_3 5_4 6_12 6_4 7_5 7_6 7_9,,0.818182,0.818182,0.600000,0.481481,0.600000,0.818182,0.290323,0.538462,0.081081,
2025-04-29,HierBayes,0,,0.000000,,1_10 1_11 2_10 2_9 3_10 3_12 3_13 3_3 4_1 4_3 4_4 4_7 5_1 5_2 5_3 5_4 6_4 7_4 7_5 7_9,,,0.666667,0.538462,0.481481,0.600000,0.739130,0.333333,0.538462,0.081081,0.818182
2025-04-29,B1: Static prior,0,,0.000000,,1_10 2_10 2_9 3_10 3_11 3_12 3_13 3_3 4_1 4_2 4_3 4_4 5_1 5_2 5_3 6_12 6_4 7_5 7_6 7_9,,0.666667,,0.600000,0.481481,0.481481,0.818182,0.250000,0.481481,0.081081,0.818182
2025-04-29,TTM,0,,0.000000,,1_10 2_10 2_2 3_11 3_13 4_1 4_3 4_4 5_1 5_2 5_3 5_4 6_12 6_13 6_4 6_7 7_4 7_5 7_6 7_9,,0.538462,0.600000,,0.379310,0.379310,0.739130,0.176471,0.481481,0.081081,0.600000
2025-04-29,ET,0,,0.000000,,1_10 2_10 2_9 3_12 3_13 3_3 4_0 4_1 4_13 4_4 5_1 5_3 6_10 6_3 6_4 6_6 7_4 7_5 7_6 7_8,,0.481481,0.481481,0.379310,,0.428571,0.538462,0.212121,0.600000,0.111111,0.481481
2025-04-29,B5: B2+B3,0,,0.000000,,1_10 1_11 2_10 2_12 2_13 2_14 2_9 3_12 3_3 4_1 4_3 4_4 4_7 5_1 5_3 5_4 6_0 6_4 7_5 7_6,,0.600000,0.481481,0.379310,0.428571,,0.538462,0.538462,0.481481,0.081081,0.600000
2025-04-29,B4: B1+B3,0,,0.000000,,1_10 2_10 2_9 3_11 3_12 3_13 3_3 4_1 4_3 4_4 5_1 5_2 5_3 5_4 6_12 6_4 7_4 7_5 7_6 7_9,,0.739130,0.818182,0.739130,0.538462,0.538462,,0.250000,0.600000,0.081081,0.818182
2025-04-29,B2: Recent MA,0,,0.000000,,1_10 1_11 2_12 2_13 2_14 2_9 3_0 3_3 4_1 4_3 4_4 4_7 5_1 6_0 6_1 7_0 7_1 7_5 8_0 8_1,,0.333333,0.250000,0.176471,0.212121,0.538462,0.250000,,0.212121,0.025641,0.290323
2025-04-29,B3: DoY season,0,,0.000000,,1_10 2_10 2_9 3_12 4_1 4_3 4_4 5_1 5_2 5_3 5_4 6_3 6_4 6_6 6_8 7_4 7_5 7_6 7_8 8_7,,0.538462,0.481481,0.481481,0.600000,0.481481,0.600000,0.212121,,0.111111,0.538462
2025-04-29,B0: Random,0,,0.000000,,0_11 0_14 1_10 2_1 2_10 2_2 2_7 3_12 3_15 4_0 5_14 5_15 5_7 6_8 7_14 7_3 8_11 8_15 8_4 8_5,,0.081081,0.081081,0.081081,0.111111,0.081081,0.081081,0.025641,0.111111,,0.081081
2025-04-30,GLM-Logit,2,0.000000,0.000000,,1_10 1_11 2_10 2_9 3_10 3_12 3_13 3_3 4_1 4_3 4_4 5_1 5_2 5_3 5_4 6_12 6_4 7_5 7_6 7_9,3_14 6_10,0.818182,0.818182,0.666667,0.481481,0.600000,0.818182,0.290323,0.538462,0.081081,
2025-04-30,HierBayes,2,0.000000,0.000000,,1_10 1_11 2_10 2_9 3_10 3_12 3_13 3_3 4_1 4_3 4_4 4_7 5_1 5_2 5_3 5_4 6_4 7_4 7_5 7_9,3_14 6_10,,0.666667,0.666667,0.481481,0.600000,0.739130,0.333333,0.538462,0.081081,0.818182
2025-04-30,B1: Static prior,2,0.000000,0.000000,,1_10 2_10 2_9 3_10 3_11 3_12 3_13 3_3 4_1 4_2 4_3 4_4 5_1 5_2 5_3 6_12 6_4 7_5 7_6 7_9,3_14 6_10,0.666667,,0.739130,0.481481,0.481481,0.818182,0.250000,0.481481,0.111111,0.818182
2025-04-30,TTM,2,0.500000,0.050000,6_10,1_10 2_10 2_12 2_9 3_10 3_11 3_12 3_3 4_1 4_3 4_4 5_1 5_2 5_3 6_4 7_4 7_5 7_6 7_9,3_14,0.666667,0.739130,,0.538462,0.538462,0.739130,0.290323,0.481481,0.081081,0.666667
2025-04-30,ET,2,0.500000,0.050000,6_10,1_10 2_10 2_9 3_12 3_13 3_3 4_0 4_1 4_13 4_4 5_1 5_3 6_3 6_4 6_6 7_4 7_5 7_6 7_8,3_14,0.481481,0.481481,0.538462,,0.428571,0.538462,0.212121,0.600000,0.111111,0.481481
2025-04-30,B5: B2+B3,2,0.000000,0.000000,,1_10 1_11 2_10 2_12 2_13 2_14 2_9 3_12 3_3 4_1 4_3 4_4 4_7 5_1 5_3 5_4 6_0 6_4 7_5 7_6,3_14 6_10,0.600000,0.481481,0.538462,0.428571,,0.538462,0.538462,0.428571,0.081081,0.600000
2025-04-30,B4: B1+B3,2,0.000000,0.000000,,1_10 2_10 2_9 3_11 3_12 3_13 3_3 4_1 4_3 4_4 5_1 5_2 5_3 5_4 6_12 6_4 7_4 7_5 7_6 7_9,3_14 6_10,0.739130,0.818182,0.739130,0.538462,0.538462,,0.250000,0.600000,0.081081,0.818182
2025-04-30,B2: Recent MA,2,0.000000,0.000000,,1_10 1_11 2_12 2_13 2_14 2_9 3_0 3_3 4_1 4_3 4_4 4_7 5_1 6_0 6_1 7_0 7_1 7_5 8_0 8_1,3_14 6_10,0.333333,0.250000,0.290323,0.212121,0.538462,0.250000,,0.176471,0.025641,0.290323
2025-04-30,B3: DoY season,2,0.000000,0.000000,,1_10 2_10 2_9 3_12 3_13 4_1 4_3 5_1 5_2 5_3 5_4 6_3 6_4 6_6 7_4 7_5 7_6 7_7 7_8 8_7,3_14 6_10,0.538462,0.481481,0.481481,0.600000,0.428571,0.600000,0.176471,,0.111111,0.538462
2025-04-30,B0: Random,2,0.000000,0.000000,,0_1 0_2 0_7 0_8 1_7 2_10 3_2 4_0 4_2 5_1 5_10 5_15 5_6 5_8 6_4 6_5 6_7 7_12 7_7 8_12,3_14 6_10,0.081081,0.111111,0.081081,0.111111,0.081081,0.081081,0.025641,0.111111,,0.081081
2025-05-01,GLM-Logit,4,0.250000,0.050000,3_12,1_10 1_11 2_10 2_9 3_10 3_13 3_3 4_1 4_3 4_4 5_1 5_3 5_4 6_10 6_12 6_4 7_5 7_6 7_9,2_12 3_11 4_7,0.818182,0.739130,0.481481,0.600000,0.600000,0.739130,0.333333,0.428571,0.052632,
2025-05-01,HierBayes,4,0.500000,0.100000,3_12 4_7,1_10 1_11 2_10 2_9 3_10 3_13 3_3 4_1 4_3 4_4 5_1 5_2 5_3 5_4 6_10 6_4 7_5 7_9,2_12 3_11,,0.666667,0.481481,0.666667,0.666667,0.739130,0.379310,0.428571,0.052632,0.818182
2025-05-01,B1: Static prior,4,0.500000,0.100000,3_11 3_12,1_10 2_10 2_9 3_10 3_13 3_3 4_1 4_2 4_3 4_4 5_1 5_2 5_3 6_12 6_4 7_5 7_6 7_9,2_12 4_7,0.666667,,0.600000,0.600000,0.428571,0.818182,0.250000,0.481481,0.052632,0.739130
2025-05-01,TTM,4,0.500000,0.100000,3_11 3_12,1_10 2_10 2_9 3_2 4_0 4_1 4_3 4_4 5_1 5_2 5_3 5_5 5_7 6_11 6_4 7_5 7_6 7_9,2_12 4_7,0.481481,0.600000,,0.481481,0.379310,0.600000,0.212121,0.428571,0.052632,0.481481
2025-05-01,ET,4,0.500000,0.100000,3_11 3_12,1_10 2_10 2_2 2_9 3_13 3_3 4_1 4_13 4_3 5_1 5_2 5_3 5_4 6_10 6_4 6_8 7_5 7_9,2_12 4_7,0.666667,0.600000,0.481481,,0.481481,0.666667,0.250000,0.481481,0.081081,0.600000
2025-05-01,B5: B2+B3,4,0.750000,0.150000,2_12 3_12 4_7,1_10 1_11 2_10 2_13 2_14 2_9 3_3 4_1 4_3 4_4 5_1 5_3 5_4 6_0 6_10 6_4 7_5,3_11,0.666667,0.428571,0.379310,0.481481,,0.481481,0.600000,0.333333,0.081081,0.600000
2025-05-01,B4: B1+B3,4,0.500000,0.100000,3_11 3_12,1_10 2_10 2_9 3_10 3_13 3_3 4_1 4_3 4_4 5_1 5_2 5_3 5_4 6_4 7_4 7_5 7_6 7_9,2_12 4_7,0.739130,0.818182,0.600000,0.666667,0.481481,,0.250000,0.600000,0.052632,0.739130
2025-05-01,B2: Recent MA,4,0.500000,0.100000,2_12 4_7,1_10 1_11 2_13 2_14 2_9 3_14 3_3 4_1 4_3 4_4 5_1 6_0 6_1 6_10 7_0 7_1 7_5 8_1,3_11 3_12,0.379310,0.250000,0.212121,0.250000,0.600000,0.250000,,0.142857,0.081081,0.333333
2025-05-01,B3: DoY season,4,0.500000,0.100000,3_11 3_12,1_10 2_10 3_13 4_1 4_3 5_1 5_2 5_3 5_4 6_13 6_3 6_4 6_6 7_4 7_5 7_6 7_7 8_7,2_12 4_7,0.428571,0.481481,0.428571,0.481481,0.333333,0.600000,0.142857,,0.081081,0.428571
2025-05-01,B0: Random,4,0.250000,0.050000,3_11,0_3 1_0 1_12 2_0 2_14 2_3 2_6 3_1 3_4 3_8 5_14 5_9 6_1 6_10 6_3 6_4 7_12 7_2 8_8,2_12 3_12 4_7,0.052632,0.052632,0.052632,0.081081,0.081081,0.052632,0.081081,0.081081,,0.052632
2025-05-02,GLM-Logit,4,0.500000,0.100000,4_4 6_4,1_10 1_11 2_10 2_9 3_10 3_11 3_12 3_13 3_3 4_1 4_3 5_1 5_3 6_10 6_12 7_5 7_6 7_9,2_12 2_14,0.739130,0.818182,0.600000,0.600000,0.600000,0.739130,0.428571,0.428571,0.081081,
2025-05-02,HierBayes,4,0.750000,0.150000,2_12 4_4 6_4,1_10 1_11 2_10 2_9 3_11 3_12 3_13 3_3 4_1 4_3 4_7 5_1 5_2 5_3 6_10 7_5 7_9,2_14,,0.666667,0.600000,0.666667,0.739130,0.666667,0.538462,0.428571,0.081081,0.739130
2025-05-02,B1: Static prior,4,0.500000,0.100000,4_4 6_4,1_10 2_10 2_9 3_10 3_11 3_12 3_13 3_3 4_1 4_2 4_3 5_1 5_2 5_3 6_12 7_5 7_6 7_9,2_12 2_14,0.666667,,0.600000,0.600000,0.481481,0.818182,0.333333,0.481481,0.052632,0.818182
2025-05-02,TTM,4,0.500000,0.100000,4_4 6_4,1_10 1_11 2_10 2_9 3_12 3_13 3_2 4_1 4_3 5_1 5_2 5_3 5_4 5_7 7_4 7_5 7_6 7_9,2_12 2_14,0.600000,0.600000,,0.538462,0.481481,0.739130,0.290323,0.538462,0.052632,0.600000
2025-05-02,ET,4,0.250000,0.050000,6_4,1_10 2_10 2_2 2_9 3_11 3_12 3_13 3_3 4_1 4_13 4_3 5_1 5_2 5_3 5_4 6_10 6_8 7_5 7_9,2_12 2_14 4_4,0.666667,0.600000,0.538462,,0.538462,0.666667,0.333333,0.538462,0.052632,0.600000
2025-05-02,B5: B2+B3,4,0.750000,0.150000,2_12 4_4 6_4,1_10 1_11 2_10 2_13 2_9 3_11 3_12 3_3 4_1 4_3 4_7 5_1 5_3 5_4 6_0 6_10 7_5,2_14,0.739130,0.481481,0.481481,0.538462,,0.538462,0.666667,0.379310,0.081081,0.600000
2025-05-02,B4: B1+B3,4,0.500000,0.100000,4_4 6_4,1_10 2_10 2_9 3_10 3_11 3_12 3_13 3_3 4_1 4_3 5_1 5_2 5_3 5_4 7_4 7_5 7_6 7_9,2_12 2_14,0.666667,0.818182,0.739130,0.666667,0.538462,,0.333333,0.600000,0.052632,0.739130
2025-05-02,B2: Recent MA,4,0.750000,0.150000,2_12 2_14 4_4,1_10 1_11 2_13 2_9 3_11 3_12 3_14 3_3 4_1 4_3 4_7 5_1 6_0 6_1 6_10 7_5 8_1,6_4,0.538462,0.333333,0.290323,0.333333,0.666667,0.333333,,0.212121,0.111111,0.428571
2025-05-02,B3: DoY season,4,0.250000,0.050000,6_4,0_10 1_10 2_10 2_11 3_11 3_12 3_13 4_1 4_3 5_1 5_2 5_3 5_4 5_5 6_8 7_4 7_5 7_6 8_7,2_12 2_14 4_4,0.428571,0.481481,0.538462,0.538462,0.379310,0.600000,0.212121,,0.052632,0.428571
2025-05-02,B0: Random,4,0.000000,0.000000,,0_0 0_8 1_0 1_11 1_3 1_5 2_1 2_4 3_11 3_15 4_11 4_3 5_10 5_8 5_9 6_1 6_14 6_6 7_14 8_12,2_12 2_14 4_4 6_4,0.081081,0.052632,0.052632,0.052632,0.081081,0.052632,0.111111,0.052632,,0.081081
2025-05-03,GLM-Logit,0,,0.000000,,1_10 1_11 2_10 2_12 2_9 3_10 3_11 3_12 3_13 3_3 4_1 4_3 4_4 5_1 5_3 6_10 6_4 7_5 7_6 7_9,,0.818182,0.739130,0.739130,0.600000,0.600000,0.739130,0.538462,0.481481,0.025641,
2025-05-03,HierBayes,0,,0.000000,,1_10 1_11 2_10 2_12 2_9 3_11 3_12 3_13 3_3 4_1 4_3 4_4 4_7 5_1 5_2 5_3 6_10 6_4 7_5 7_9,,,0.666667,0.818182,0.666667,0.666667,0.666667,0.600000,0.428571,0.025641,0.818182
2025-05-03,B1: Static prior,0,,0.000000,,1_10 2_10 2_9 3_10 3_11 3_12 3_13 3_3 4_1 4_2 4_3 4_4 5_1 5_2 5_3 6_12 6_4 7_5 7_6 7_9,,0.666667,,0.666667,0.600000,0.481481,0.818182,0.379310,0.481481,0.025641,0.739130
2025-05-03,TTM,0,,0.000000,,1_10 1_11 2_10 2_12 2_8 2_9 3_11 3_12 3_3 4_1 4_2 4_3 4_4 5_1 5_2 5_3 6_10 6_4 7_5 7_9,,0.818182,0.666667,,0.600000,0.538462,0.600000,0.538462,0.379310,0.025641,0.739130
2025-05-03,ET,0,,0.000000,,1_10 2_10 2_2 2_9 3_11 3_12 3_13 3_3 4_1 4_13 4_3 5_1 5_2 5_3 5_4 6_10 6_4 6_8 7_5 7_9,,0.666667,0.600000,0.600000,,0.481481,0.666667,0.379310,0.600000,0.025641,0.600000
2025-05-03,B5: B2+B3,0,,0.000000,,1_10 1_11 2_10 2_12 2_13 2_14 2_9 3_11 3_12 3_13 4_1 4_3 4_4 4_7 5_1 5_3 5_4 6_0 6_4 7_5,,0.666667,0.481481,0.538462,0.481481,,0.538462,0.666667,0.481481,0.025641,0.600000
2025-05-03,B4: B1+B3,0,,0.000000,,1_10 2_10 2_9 3_10 3_11 3_12 3_13 3_3 4_1 4_3 4_4 5_1 5_2 5_3 5_4 6_4 7_4 7_5 7_6 7_9,,0.666667,0.818182,0.600000,0.666667,0.538462,,0.379310,0.600000,0.025641,0.739130
2025-05-03,B2: Recent MA,0,,0.000000,,1_10 1_11 2_12 2_13 2_14 2_9 3_11 3_12 3_14 3_3 4_1 4_3 4_4 4_7 5_1 6_0 6_1 6_10 6_4 7_5,,0.600000,0.379310,0.538462,0.379310,0.666667,0.379310,,0.290323,0.025641,0.538462
2025-05-03,B3: DoY season,0,,0.000000,,1_10 2_10 2_11 2_2 2_9 3_11 3_12 3_13 4_1 4_3 5_1 5_3 5_4 5_5 6_4 6_8 7_4 7_5 7_6 7_7,,0.428571,0.481481,0.379310,0.600000,0.481481,0.600000,0.290323,,0.081081,0.481481
2025-05-03,B0: Random,0,,0.000000,,1_14 1_8 2_3 2_6 2_7 3_5 3_7 3_8 4_1 4_12 5_5 5_6 6_6 7_12 7_13 7_14 7_15 7_7 8_1 8_2,,0.025641,0.025641,0.025641,0.025641,0.025641,0.025641,0.025641,0.081081,,0.025641
2025-05-04,GLM-Logit,3,1.000000,0.150000,1_10 2_12 3_11,1_11 2_10 2_9 3_10 3_12 3_13 3_3 4_1 4_3 4_4 5_1 5_3 6_10 6_4 7_5 7_6 7_9,,0.818182,0.739130,0.739130,0.600000,0.666667,0.739130,0.538462,0.481481,0.081081,
2025-05-04,HierBayes,3,1.000000,0.150000,1_10 2_12 3_11,1_11 2_10 2_9 3_12 3_13 3_3 4_1 4_3 4_4 4_7 5_1 5_2 5_3 6_10 6_4 7_5 7_9,,,0.666667,0.666667,0.666667,0.739130,0.666667,0.600000,0.428571,0.081081,0.818182
2025-05-04,B1: Static prior,3,0.666667,0.100000,1_10 3_11,2_10 2_9 3_10 3_12 3_13 3_3 4_1 4_2 4_3 4_4 5_1 5_2 5_3 6_12 6_4 7_5 7_6 7_9,2_12,0.666667,,0.600000,0.600000,0.538462,0.818182,0.379310,0.481481,0.142857,0.739130
2025-05-04,TTM,3,1.000000,0.150000,1_10 2_12 3_11,1_11 2_10 2_2 2_9 3_10 3_12 3_2 3_3 4_1 4_2 4_3 5_1 5_3 6_10 6_4 7_5 7_9,,0.666667,0.600000,,0.600000,0.538462,0.538462,0.481481,0.428571,0.081081,0.739130
2025-05-04,ET,3,0.666667,0.100000,1_10 3_11,2_10 2_2 2_9 3_12 3_13 3_3 4_1 4_13 4_3 5_1 5_2 5_3 5_4 6_10 6_4 6_8 7_5 7_9,2_12,0.666667,0.600000,0.600000,,0.538462,0.666667,0.379310,0.600000,0.081081,0.600000
2025-05-04,B5: B2+B3,3,1.000000,0.150000,1_10 2_12 3_11,1_11 2_10 2_14 2_9 3_12 3_13 3_3 4_1 4_3 4_4 4_7 5_1 5_3 5_4 6_0 6_4 7_5,,0.739130,0.538462,0.538462,0.538462,,0.600000,0.666667,0.481481,0.052632,0.666667
2025-05-04,B4: B1+B3,3,0.666667,0.100000,1_10 3_11,2_10 2_9 3_10 3_12 3_13 3_3 4_1 4_3 4_4 5_1 5_2 5_3 5_4 6_4 7_4 7_5 7_6 7_9,2_12,0.666667,0.818182,0.538462,0.666667,0.600000,,0.379310,0.600000,0.111111,0.739130
2025-05-04,B2: Recent MA,3,1.000000,0.150000,1_10 2_12 3_11,1_11 2_13 2_14 2_9 3_12 3_14 3_3 4_1 4_3 4_4 4_7 5_1 6_0 6_1 6_10 6_4 7_5,,0.600000,0.379310,0.481481,0.379310,0.666667,0.379310,,0.290323,0.081081,0.538462
2025-05-04,B3: DoY season,3,0.666667,0.100000,1_10 3_11,2_10 2_11 2_2 2_9 3_12 3_13 4_1 4_3 5_1 5_3 5_4 5_5 6_4 6_8 7_4 7_5 7_6 7_8,2_12,0.428571,0.481481,0.428571,0.600000,0.481481,0.600000,0.290323,,0.081081,0.481481
2025-05-04,B0: Random,3,0.000000,0.000000,,0_0 0_11 0_5 3_10 3_9 4_2 4_3 4_4 4_6 5_12 5_2 5_5 6_1 6_7 6_8 7_1 7_3 8_10 8_14 8_7,1_10 2_12 3_11,0.081081,0.142857,0.081081,0.081081,0.052632,0.111111,0.081081,0.081081,,0.081081
2025-05-05,GLM-Logit,3,0.333333,0.050000,3_11,1_10 1_11 2_10 2_12 2_9 3_10 3_12 3_13 3_3 4_1 4_3 4_4 5_1 5_3 6_10 6_4 7_5 7_6 7_9,3_14 5_7,0.818182,0.739130,0.666667,0.600000,0.666667,0.739130,0.538462,0.481481,0.025641,
2025-05-05,HierBayes,3,0.333333,0.050000,3_11,1_10 1_11 2_10 2_12 2_9 3_12 3_13 3_3 4_1 4_3 4_4 4_7 5_1 5_2 5_3 6_10 6_4 7_5 7_9,3_14 5_7,,0.666667,0.600000,0.666667,0.739130,0.666667,0.600000,0.481481,0.025641,0.818182
2025-05-05,B1: Static prior,3,0.333333,0.050000,3_11,1_10 2_10 2_9 3_10 3_12 3_13 3_3 4_1 4_2 4_3 4_4 5_1 5_2 5_3 6_12 6_4 7_5 7_6 7_9,3_14 5_7,0.666667,,0.666667,0.600000,0.538462,0.818182,0.379310,0.538462,0.025641,0.739130
2025-05-05,TTM,3,0.000000,0.000000,,0_10 1_10 2_10 2_2 2_9 3_12 3_13 3_3 4_1 4_2 4_3 4_4 5_1 5_3 6_10 6_4 7_4 7_5 7_6 7_9,3_11 3_14 5_7,0.600000,0.666667,,0.600000,0.481481,0.666667,0.379310,0.481481,0.025641,0.666667
2025-05-05,ET,3,0.333333,0.050000,3_11,1_10 2_10 2_2 2_9 3_12 3_13 3_3 4_1 4_13 4_3 5_1 5_2 5_3 5_4 6_10 6_4 6_8 7_5 7_9,3_14 5_7,0.666667,0.600000,0.600000,,0.538462,0.666667,0.379310,0.538462,0.025641,0.600000
2025-05-05,B5: B2+B3,3,0.333333,0.050000,3_11,1_10 1_11 2_10 2_12 2_14 2_9 3_12 3_13 3_3 4_1 4_3 4_4 4_7 5_1 5_3 5_4 6_0 6_4 7_5,3_14 5_7,0.739130,0.538462,0.481481,0.538462,,0.600000,0.666667,0.428571,0.025641,0.666667
2025-05-05,B4: B1+B3,3,0.333333,0.050000,3_11,1_10 2_10 2_9 3_10 3_12 3_13 3_3 4_1 4_3 4_4 5_1 5_2 5_3 5_4 6_4 7_4 7_5 7_6 7_9,3_14 5_7,0.666667,0.818182,0.666667,0.666667,0.600000,,0.379310,0.666667,0.025641,0.739130
2025-05-05,B2: Recent MA,3,0.666667,0.100000,3_11 3_14,1_10 1_11 2_12 2_13 2_14 2_9 3_12 3_3 4_1 4_3 4_4 4_7 5_1 6_0 6_1 6_10 6_4 7_5,5_7,0.600000,0.379310,0.379310,0.379310,0.666667,0.379310,,0.250000,0.025641,0.538462
2025-05-05,B3: DoY season,3,0.333333,0.050000,3_11,0_8 1_10 2_10 2_11 2_9 3_12 3_13 4_1 5_1 5_2 5_3 5_4 5_5 6_4 7_4 7_5 7_6 7_8 7_9,3_14 5_7,0.481481,0.538462,0.481481,0.538462,0.428571,0.666667,0.250000,,0.025641,0.481481
2025-05-05,B0: Random,3,0.333333,0.050000,5_7,0_14 0_4 1_13 1_5 2_11 2_7 3_2 3_4 3_6 3_7 4_10 4_13 4_4 5_8 6_11 7_13 8_10 8_5 8_7,3_11 3_14,0.025641,0.025641,0.025641,0.025641,0.025641,0.025641,0.025641,0.025641,,0.025641
2025-05-06,GLM-Logit,2,0.500000,0.050000,6_4,1_10 1_11 2_10 2_12 2_9 3_10 3_11 3_12 3_13 3_3 4_1 4_3 4_4 5_1 5_3 6_10 7_5 7_6 7_9,8_11,0.739130,0.739130,0.666667,0.600000,0.666667,0.666667,0.538462,0.428571,0.081081,
2025-05-06,HierBayes,2,0.500000,0.050000,6_4,1_10 1_11 2_10 2_12 2_9 3_11 3_12 3_13 3_14 3_3 4_1 4_3 4_4 4_7 5_1 5_2 5_3 7_5 7_9,8_11,,0.666667,0.666667,0.600000,0.818182,0.600000,0.600000,0.481481,0.081081,0.739130
2025-05-06,B1: Static prior,2,0.500000,0.050000,6_4,1_10 2_10 2_9 3_10 3_11 3_12 3_13 3_3 4_1 4_2 4_3 4_4 5_1 5_2 5_3 6_12 7_5 7_6 7_9,8_11,0.666667,,0.739130,0.600000,0.538462,0.739130,0.379310,0.481481,0.081081,0.739130
2025-05-06,TTM,2,0.500000,0.050000,6_4,1_10 2_10 2_11 2_9 3_12 3_13 3_3 4_1 4_2 4_3 4_4 4_7 5_1 5_2 5_3 6_10 7_5 7_6 7_9,8_11,0.666667,0.739130,,0.600000,0.538462,0.600000,0.428571,0.481481,0.081081,0.666667
2025-05-06,ET,2,0.500000,0.050000,6_4,1_10 2_10 2_2 2_9 3_11 3_12 3_13 3_3 4_1 4_13 4_3 5_1 5_2 5_3 5_4 6_10 6_8 7_5 7_9,8_11,0.600000,0.600000,0.600000,,0.538462,0.666667,0.379310,0.600000,0.111111,0.600000
2025-05-06,B5: B2+B3,2,0.500000,0.050000,6_4,1_10 1_11 2_10 2_12 2_14 2_9 3_11 3_12 3_14 3_3 4_1 4_3 4_4 4_7 5_1 5_3 5_4 7_5 7_9,8_11,0.818182,0.538462,0.538462,0.538462,,0.538462,0.666667,0.428571,0.142857,0.666667
2025-05-06,B4: B1+B3,2,0.500000,0.050000,6_4,1_10 2_10 2_2 2_9 3_10 3_11 3_12 3_13 4_1 4_3 4_4 5_1 5_2 5_3 5_4 7_4 7_5 7_6 7_9,8_11,0.600000,0.739130,0.600000,0.666667,0.538462,,0.333333,0.666667,0.111111,0.666667
2025-05-06,B2: Recent MA,2,0.500000,0.050000,6_4,1_10 1_11 2_12 2_13 2_14 2_9 3_11 3_12 3_14 3_3 4_1 4_3 4_4 4_7 5_1 5_7 6_0 6_10 7_5,8_11,0.600000,0.379310,0.428571,0.379310,0.666667,0.333333,,0.250000,0.176471,0.538462
2025-05-06,B3: DoY season,2,0.500000,0.050000,6_4,0_8 1_10 2_10 2_11 2_2 2_9 3_11 3_12 3_13 4_1 5_1 5_2 5_3 5_4 7_4 7_5 7_8 7_9 8_7,8_11,0.481481,0.481481,0.481481,0.600000,0.428571,0.666667,0.250000,,0.142857,0.428571
2025-05-06,B0: Random,2,0.000000,0.000000,,1_9 2_0 2_14 2_15 3_12 3_9 4_3 5_4 5_5 5_7 6_0 6_3 7_1 7_15 7_2 7_5 7_8 8_14 8_4 8_7,6_4 8_11,0.081081,0.081081,0.081081,0.111111,0.142857,0.111111,0.176471,0.142857,,0.081081
2025-05-07,GLM-Logit,2,0.500000,0.050000,1_10,1_11 2_10 2_12 2_9 3_10 3_11 3_12 3_13 3_3 4_1 4_3 4_4 5_1 5_3 6_10 6_4 7_5 7_6 7_9,3_2,0.739130,0.739130,0.481481,0.600000,0.666667,0.666667,0.481481,0.538462,0.052632,
2025-05-07,HierBayes,2,0.500000,0.050000,1_10,1_11 2_10 2_12 2_9 3_11 3_12 3_13 3_14 3_3 4_1 4_3 4_4 4_7 5_1 5_2 5_3 6_4 7_5 7_9,3_2,,0.666667,0.481481,0.600000,0.818182,0.600000,0.538462,0.538462,0.052632,0.739130
2025-05-07,B1: Static prior,2,0.500000,0.050000,1_10,2_10 2_9 3_10 3_11 3_12 3_13 3_3 4_1 4_2 4_3 4_4 5_1 5_2 5_3 6_12 6_4 7_5 7_6 7_9,3_2,0.666667,,0.600000,0.600000,0.538462,0.739130,0.333333,0.600000,0.052632,0.739130
2025-05-07,TTM,2,0.500000,0.050000,1_10,0_9 2_10 2_11 2_2 3_10 3_12 3_13 4_1 4_2 4_3 4_4 5_1 5_2 5_3 6_4 6_7 7_4 7_5 7_9,3_2,0.481481,0.600000,,0.481481,0.428571,0.666667,0.212121,0.666667,0.052632,0.481481
2025-05-07,ET,2,0.500000,0.050000,1_10,2_10 2_2 2_9 3_11 3_12 3_13 3_3 4_1 4_13 4_3 5_1 5_2 5_3 5_4 6_10 6_4 6_8 7_5 7_9,3_2,0.600000,0.600000,0.481481,,0.538462,0.666667,0.333333,0.666667,0.025641,0.600000
2025-05-07,B5: B2+B3,2,0.500000,0.050000,1_10,1_11 2_10 2_12 2_14 2_9 3_11 3_12 3_13 3_14 4_1 4_3 4_4 4_7 5_1 5_3 5_4 6_4 7_5 7_9,3_2,0.818182,0.538462,0.428571,0.538462,,0.600000,0.538462,0.538462,0.052632,0.666667
2025-05-07,B4: B1+B3,2,0.500000,0.050000,1_10,2_10 2_2 2_9 3_10 3_11 3_12 3_13 4_1 4_3 4_4 5_1 5_2 5_3 5_4 6_4 7_4 7_5 7_6 7_9,3_2,0.600000,0.739130,0.666667,0.666667,0.600000,,0.290323,0.818182,0.025641,0.666667
2025-05-07,B2: Recent MA,2,0.500000,0.050000,1_10,1_11 2_12 2_13 2_14 2_9 3_11 3_12 3_14 3_3 4_1 4_3 4_4 4_7 5_7 6_0 6_10 6_4 7_5 8_11,3_2,0.538462,0.333333,0.212121,0.333333,0.538462,0.290323,,0.250000,0.025641,0.481481
2025-05-07,B3: DoY season,2,0.500000,0.050000,1_10,2_10 2_11 2_2 2_9 3_10 3_11 3_12 3_13 4_1 4_3 5_1 5_2 5_3 5_4 6_4 7_4 7_5 7_7 7_9,3_2,0.538462,0.600000,0.666667,0.666667,0.538462,0.818182,0.250000,,0.052632,0.538462
2025-05-07,B0: Random,2,0.000000,0.000000,,0_2 0_6 0_7 1_14 1_3 1_5 2_12 2_3 3_0 3_15 4_0 4_2 5_0 5_1 5_11 7_7 7_8 8_3 8_6 8_7,1_10 3_2,0.052632,0.052632,0.052632,0.025641,0.052632,0.025641,0.025641,0.052632,,0.052632
2025-05-08,GLM-Logit,0,,0.000000,,1_10 2_10 2_12 2_9 3_10 3_11 3_12 3_13 3_2 3_3 4_1 4_3 4_4 5_1 5_3 6_10 6_4 7_5 7_6 7_9,,0.666667,0.739130,0.666667,0.600000,0.600000,0.666667,0.428571,0.538462,0.081081,
2025-05-08,HierBayes,0,,0.000000,,1_10 1_11 2_10 2_12 2_9 3_11 3_12 3_13 3_14 3_2 4_1 4_3 4_4 4_7 5_1 5_2 5_3 6_4 7_5 7_9,,,0.600000,0.538462,0.538462,0.818182,0.600000,0.538462,0.538462,0.081081,0.666667
2025-05-08,B1: Static prior,0,,0.000000,,1_10 2_10 2_9 3_10 3_11 3_12 3_13 3_3 4_1 4_2 4_3 4_4 5_1 5_2 5_3 6_12 6_4 7_5 7_6 7_9,,0.600000,,0.666667,0.600000,0.481481,0.739130,0.290323,0.600000,0.052632,0.739130
2025-05-08,TTM,0,,0.000000,,1_10 1_9 2_10 2_12 3_12 3_13 3_3 4_1 4_2 4_3 4_4 5_1 5_2 5_3 6_10 6_4 7_4 7_5 7_6 7_9,,0.538462,0.666667,,0.538462,0.428571,0.538462,0.290323,0.428571,0.081081,0.666667
2025-05-08,ET,0,,0.000000,,1_10 2_10 2_2 2_9 3_11 3_12 3_13 3_3 4_1 4_13 4_3 5_1 5_2 5_3 5_4 6_10 6_4 6_8 7_5 7_9,,0.538462,0.600000,0.538462,,0.481481,0.739130,0.290323,0.739130,0.081081,0.600000
2025-05-08,B5: B2+B3,0,,0.000000,,1_10 1_11 2_10 2_12 2_14 2_9 3_11 3_12 3_14 3_2 4_1 4_3 4_4 4_7 5_1 5_3 5_4 6_4 7_5 7_9,,0.818182,0.481481,0.428571,0.481481,,0.538462,0.600000,0.481481,0.081081,0.600000
2025-05-08,B4: B1+B3,0,,0.000000,,1_10 2_10 2_11 2_2 2_9 3_10 3_11 3_12 3_13 3_3 4_1 4_3 4_4 5_1 5_2 5_3 5_4 6_4 7_5 7_9,,0.600000,0.739130,0.538462,0.739130,0.538462,,0.290323,0.818182,0.081081,0.666667
2025-05-08,B2: Recent MA,0,,0.000000,,1_10 1_11 2_12 2_13 2_14 2_9 3_11 3_12 3_14 3_2 4_1 4_3 4_4 4_7 5_7 6_0 6_10 6_4 7_5 8_11,,0.538462,0.290323,0.290323,0.290323,0.600000,0.290323,,0.250000,0.111111,0.428571
2025-05-08,B3: DoY season,0,,0.000000,,1_10 2_10 2_11 2_2 2_9 3_10 3_11 3_12 3_13 4_1 4_3 5_1 5_2 5_3 5_4 6_4 6_8 7_5 7_7 7_9,,0.538462,0.600000,0.428571,0.739130,0.481481,0.818182,0.250000,,0.111111,0.538462
2025-05-08,B0: Random,0,,0.000000,,0_10 0_5 1_0 1_10 2_11 2_12 2_3 3_15 3_9 4_0 4_15 5_3 6_0 6_11 6_14 6_8 7_0 7_13 8_10 8_11,,0.081081,0.052632,0.081081,0.081081,0.081081,0.081081,0.111111,0.111111,,0.081081
2025-05-09,GLM-Logit,0,,0.000000,,1_10 2_10 2_12 2_9 3_10 3_11 3_12 3_13 3_2 3_3 4_1 4_3 4_4 5_1 5_3 6_10 6_4 7_5 7_6 7_9,,0.666667,0.739130,0.600000,0.600000,0.600000,0.666667,0.428571,0.538462,0.052632,
2025-05-09,HierBayes,0,,0.000000,,1_10 1_11 2_10 2_12 2_9 3_11 3_12 3_13 3_14 3_2 4_1 4_3 4_4 4_7 5_1 5_2 5_3 6_4 7_5 7_9,,,0.600000,0.600000,0.538462,0.818182,0.600000,0.538462,0.538462,0.052632,0.666667
2025-05-09,B1: Static prior,0,,0.000000,,1_10 2_10 2_9 3_10 3_11 3_12 3_13 3_3 4_1 4_2 4_3 4_4 5_1 5_2 5_3 6_12 6_4 7_5 7_6 7_9,,0.600000,,0.538462,0.600000,0.481481,0.739130,0.290323,0.600000,0.111111,0.739130
2025-05-09,TTM,0,,0.000000,,1_10 1_11 2_10 2_12 3_10 3_11 3_12 3_2 4_1 4_3 4_4 5_1 5_3 5_5 6_12 6_4 6_7 7_4 7_5 7_9,,0.600000,0.538462,,0.379310,0.600000,0.481481,0.379310,0.428571,0.025641,0.600000
2025-05-09,ET,0,,0.000000,,1_10 2_10 2_2 2_9 3_11 3_12 3_13 3_3 4_1 4_13 4_3 5_1 5_2 5_3 5_4 6_10 6_4 6_8 7_5 7_9,,0.538462,0.600000,0.379310,,0.481481,0.739130,0.290323,0.739130,0.025641,0.600000
2025-05-09,B5: B2+B3,0,,0.000000,,1_10 1_11 2_10 2_12 2_14 2_9 3_11 3_12 3_14 3_2 4_1 4_3 4_4 4_7 5_1 5_3 5_4 6_4 7_5 7_9,,0.818182,0.481481,0.600000,0.481481,,0.538462,0.600000,0.481481,0.025641,0.600000
2025-05-09,B4: B1+B3,0,,0.000000,,1_10 2_10 2_11 2_2 2_9 3_10 3_11 3_12 3_13 3_3 4_1 4_3 4_4 5_1 5_2 5_3 5_4 6_4 7_5 7_9,,0.600000,0.739130,0.481481,0.739130,0.538462,,0.290323,0.818182,0.081081,0.666667
2025-05-09,B2: Recent MA,0,,0.000000,,1_10 1_11 2_12 2_13 2_14 2_9 3_11 3_12 3_14 3_2 4_1 4_3 4_4 4_7 5_7 6_0 6_10 6_4 7_5 8_11,,0.538462,0.290323,0.379310,0.290323,0.600000,0.290323,,0.250000,0.025641,0.428571
2025-05-09,B3: DoY season,0,,0.000000,,1_10 2_10 2_11 2_2 2_9 3_10 3_11 3_12 3_13 4_1 4_3 5_1 5_2 5_3 5_4 6_4 6_8 7_5 7_7 7_9,,0.538462,0.600000,0.428571,0.739130,0.481481,0.818182,0.250000,,0.052632,0.538462
2025-05-09,B0: Random,0,,0.000000,,0_10 0_11 0_4 0_6 1_2 2_0 2_11 3_7 4_2 4_4 4_9 5_0 5_2 5_6 5_8 7_6 8_0 8_10 8_4 8_8,,0.052632,0.111111,0.025641,0.025641,0.025641,0.081081,0.025641,0.052632,,0.052632
2025-05-10,GLM-Logit,1,1.000000,0.050000,3_10,1_10 2_10 2_12 2_9 3_11 3_12 3_13 3_2 3_3 4_1 4_3 4_4 5_1 5_3 6_10 6_4 7_5 7_6 7_9,,0.666667,0.739130,0.538462,0.600000,0.600000,0.666667,0.428571,0.538462,0.052632,
2025-05-10,HierBayes,1,0.000000,0.000000,,1_10 1_11 2_10 2_12 2_9 3_11 3_12 3_13 3_14 3_2 4_1 4_3 4_4 4_7 5_1 5_2 5_3 6_4 7_5 7_9,3_10,,0.600000,0.538462,0.538462,0.818182,0.600000,0.538462,0.538462,0.052632,0.666667
2025-05-10,B1: Static prior,1,1.000000,0.050000,3_10,1_10 2_10 2_9 3_11 3_12 3_13 3_3 4_1 4_2 4_3 4_4 5_1 5_2 5_3 6_12 6_4 7_5 7_6 7_9,,0.600000,,0.481481,0.600000,0.538462,0.739130,0.290323,0.600000,0.052632,0.739130
2025-05-10,TTM,1,1.000000,0.050000,3_10,1_10 2_10 2_12 2_9 3_12 3_2 4_1 4_13 4_3 5_1 5_2 5_3 5_4 5_6 6_4 6_7 7_4 7_5 7_9,,0.538462,0.481481,,0.538462,0.481481,0.538462,0.290323,0.538462,0.052632,0.538462
2025-05-10,ET,1,0.000000,0.000000,,1_10 2_10 2_2 2_9 3_11 3_12 3_13 3_3 4_1 4_13 4_3 5_1 5_2 5_3 5_4 6_10 6_4 6_8 7_5 7_9,3_10,0.538462,0.600000,0.538462,,0.538462,0.739130,0.290323,0.666667,0.081081,0.600000
2025-05-10,B5: B2+B3,1,0.000000,0.000000,,1_10 1_11 2_10 2_12 2_14 2_9 3_11 3_12 3_13 3_14 4_1 4_3 4_4 4_7 5_1 5_3 5_4 6_4 7_5 7_9,3_10,0.818182,0.538462,0.481481,0.538462,,0.600000,0.538462,0.538462,0.052632,0.600000
2025-05-10,B4: B1+B3,1,1.000000,0.050000,3_10,1_10 1_3 2_10 2_2 2_9 3_11 3_12 3_13 3_3 4_1 4_3 4_4 5_1 5_2 5_3 5_4 6_4 7_5 7_9,,0.600000,0.739130,0.538462,0.739130,0.600000,,0.290323,0.818182,0.052632,0.666667
2025-05-10,B2: Recent MA,1,0.000000,0.000000,,1_10 1_11 2_12 2_13 2_14 2_9 3_11 3_12 3_14 3_2 4_1 4_3 4_4 4_7 5_7 6_0 6_10 6_4 7_5 8_11,3_10,0.538462,0.290323,0.290323,0.290323,0.538462,0.290323,,0.250000,0.025641,0.428571
2025-05-10,B3: DoY season,1,1.000000,0.050000,3_10,1_10 1_3 2_10 2_11 2_2 2_9 3_11 3_12 3_13 4_1 4_3 5_1 5_2 5_3 5_4 6_4 7_5 7_7 7_9,,0.538462,0.600000,0.538462,0.666667,0.538462,0.818182,0.250000,,0.052632,0.538462
2025-05-10,B0: Random,1,0.000000,0.000000,,0_12 0_14 0_7 1_10 1_4 2_0 4_10 4_15 4_6 4_8 5_11 5_3 6_14 6_2 6_3 6_8 7_0 8_10 8_7 8_8,3_10,0.052632,0.052632,0.052632,0.081081,0.052632,0.052632,0.025641,0.052632,,0.052632
2025-05-11,GLM-Logit,3,0.000000,0.000000,,1_10 2_10 2_12 2_9 3_10 3_11 3_12 3_13 3_2 3_3 4_1 4_3 4_4 5_1 5_3 6_10 6_4 7_5 7_6 7_9,3_14 4_2 4_7,0.666667,0.739130,0.481481,0.600000,0.666667,0.666667,0.428571,0.538462,0.142857,
2025-05-11,HierBayes,3,0.666667,0.100000,3_14 4_7,1_10 1_11 2_10 2_12 2_9 3_10 3_11 3_12 3_13 4_1 4_3 4_4 5_1 5_2 5_3 6_4 7_5 7_9,4_2,,0.666667,0.379310,0.538462,0.904762,0.666667,0.538462,0.538462,0.142857,0.666667
2025-05-11,B1: Static prior,3,0.333333,0.050000,4_2,1_10 2_10 2_9 3_10 3_11 3_12 3_13 3_3 4_1 4_3 4_4 5_1 5_2 5_3 6_12 6_4 7_5 7_6 7_9,3_14 4_7,0.666667,,0.428571,0.600000,0.600000,0.739130,0.333333,0.538462,0.176471,0.739130
2025-05-11,TTM,3,0.000000,0.000000,,1_10 2_10 2_2 2_9 3_10 3_13 3_3 4_1 4_13 5_1 5_3 5_4 5_6 6_10 6_3 6_4 6_7 7_4 7_5 7_9,3_14 4_2 4_7,0.379310,0.428571,,0.600000,0.379310,0.538462,0.212121,0.481481,0.111111,0.481481
2025-05-11,ET,3,0.000000,0.000000,,1_10 2_10 2_2 2_9 3_11 3_12 3_13 3_3 4_1 4_13 4_3 5_1 5_2 5_3 5_4 6_10 6_4 6_8 7_5 7_9,3_14 4_2 4_7,0.538462,0.600000,0.600000,,0.481481,0.739130,0.290323,0.666667,0.176471,0.600000
2025-05-11,B5: B2+B3,3,0.666667,0.100000,3_14 4_7,1_10 1_11 2_10 2_12 2_14 2_9 3_10 3_11 3_12 3_13 4_1 4_3 4_4 5_1 5_3 6_4 7_5 7_9,4_2,0.904762,0.600000,0.379310,0.481481,,0.600000,0.600000,0.538462,0.142857,0.666667
2025-05-11,B4: B1+B3,3,0.000000,0.000000,,1_10 1_3 2_10 2_2 2_9 3_10 3_11 3_12 3_13 3_3 4_1 4_3 4_4 5_1 5_2 5_3 5_4 6_4 7_5 7_9,3_14 4_2 4_7,0.666667,0.739130,0.538462,0.739130,0.600000,,0.333333,0.739130,0.142857,0.666667
2025-05-11,B2: Recent MA,3,0.666667,0.100000,3_14 4_7,1_10 1_11 2_12 2_13 2_14 2_9 3_10 3_11 3_12 4_1 4_3 4_4 5_7 6_0 6_10 6_4 7_5 8_11,4_2,0.538462,0.333333,0.212121,0.290323,0.600000,0.333333,,0.290323,0.081081,0.428571
2025-05-11,B3: DoY season,3,0.000000,0.000000,,0_8 1_10 1_3 2_10 2_11 2_2 2_9 3_10 3_11 3_12 3_13 4_1 4_3 5_1 5_3 5_4 6_4 6_8 7_5 7_9,3_14 4_2 4_7,0.538462,0.538462,0.481481,0.666667,0.538462,0.739130,0.290323,,0.142857,0.538462
2025-05-11,B0: Random,3,0.000000,0.000000,,0_0 1_1 1_14 1_8 2_10 2_14 2_15 3_1 3_8 4_1 5_1 5_10 5_2 5_3 5_7 6_8 7_15 7_2 7_6 8_7,3_14 4_2 4_7,0.142857,0.176471,0.111111,0.176471,0.142857,0.142857,0.081081,0.142857,,0.142857
2025-05-12,GLM-Logit,0,,0.000000,,1_10 2_10 2_12 2_9 3_10 3_11 3_12 3_13 3_2 4_1 4_2 4_3 4_4 5_1 5_3 6_10 6_4 7_5 7_6 7_9,,0.666667,0.739130,0.481481,0.538462,0.666667,0.600000,0.481481,0.428571,0.025641,
2025-05-12,HierBayes,0,,0.000000,,1_10 1_11 2_10 2_12 2_9 3_10 3_11 3_12 3_13 3_14 4_1 4_3 4_4 4_7 5_1 5_2 5_3 6_4 7_5 7_9,,,0.666667,0.428571,0.538462,0.904762,0.666667,0.538462,0.481481,0.025641,0.666667
2025-05-12,B1: Static prior,0,,0.000000,,1_10 2_10 2_9 3_10 3_11 3_12 3_13 3_3 4_1 4_2 4_3 4_4 5_1 5_2 5_3 6_12 6_4 7_5 7_6 7_9,,0.666667,,0.538462,0.600000,0.600000,0.666667,0.333333,0.481481,0.052632,0.739130
2025-05-12,TTM,0,,0.000000,,1_10 2_10 2_2 2_9 3_12 3_13 3_3 4_1 4_13 4_3 5_1 5_3 5_6 6_10 6_12 6_4 6_9 7_5 7_7 7_9,,0.428571,0.538462,,0.666667,0.428571,0.481481,0.250000,0.428571,0.052632,0.481481
2025-05-12,ET,0,,0.000000,,1_10 2_10 2_2 2_9 3_11 3_12 3_13 3_3 4_1 4_13 4_3 5_1 5_2 5_3 5_4 6_10 6_4 6_8 7_5 7_9,,0.538462,0.600000,0.666667,,0.481481,0.666667,0.290323,0.600000,0.052632,0.538462
2025-05-12,B5: B2+B3,0,,0.000000,,1_10 1_11 2_10 2_12 2_14 2_9 3_10 3_11 3_12 3_13 3_14 4_1 4_3 4_4 4_7 5_1 5_3 6_4 7_5 7_9,,0.904762,0.600000,0.428571,0.481481,,0.600000,0.600000,0.428571,0.025641,0.666667
2025-05-12,B4: B1+B3,0,,0.000000,,0_9 1_10 2_10 2_2 2_9 3_10 3_11 3_12 3_13 4_1 4_3 4_4 5_1 5_2 5_3 5_4 6_4 7_4 7_5 7_9,,0.666667,0.666667,0.481481,0.666667,0.600000,,0.333333,0.739130,0.052632,0.600000
2025-05-12,B2: Recent MA,0,,0.000000,,1_10 1_11 2_12 2_13 2_14 2_9 3_10 3_11 3_12 3_14 3_2 4_1 4_3 4_4 4_7 5_7 6_10 6_4 7_5 8_11,,0.538462,0.333333,0.250000,0.290323,0.600000,0.333333,,0.212121,0.000000,0.481481
2025-05-12,B3: DoY season,0,,0.000000,,0_8 0_9 1_10 1_3 2_10 2_11 2_2 3_11 3_12 3_13 4_1 4_3 5_1 5_2 5_3 5_4 6_4 7_4 7_5 7_9,,0.481481,0.481481,0.428571,0.600000,0.428571,0.739130,0.212121,,0.081081,0.428571
2025-05-12,B0: Random,0,,0.000000,,0_9 1_8 2_11 2_15 2_6 3_15 3_3 3_4 3_5 3_7 3_8 4_6 5_12 5_14 5_9 6_3 7_15 7_3 7_9 8_6,,0.025641,0.052632,0.052632,0.052632,0.025641,0.052632,0.000000,0.081081,,0.025641
2025-05-13,GLM-Logit,3,0.666667,0.100000,1_10 5_3,2_10 2_12 2_9 3_10 3_11 3_12 3_13 3_2 4_1 4_2 4_3 4_4 5_1 6_10 6_4 7_5 7_6 7_9,6_7,0.666667,0.739130,0.600000,0.538462,0.666667,0.600000,0.481481,0.481481,0.000000,
2025-05-13,HierBayes,3,0.666667,0.100000,1_10 5_3,1_11 2_10 2_12 2_9 3_10 3_11 3_12 3_13 3_14 4_1 4_3 4_4 4_7 5_1 5_2 6_4 7_5 7_9,6_7,,0.666667,0.481481,0.538462,0.904762,0.666667,0.538462,0.481481,0.052632,0.666667
2025-05-13,B1: Static prior,3,0.666667,0.100000,1_10 5_3,2_10 2_9 3_10 3_11 3_12 3_13 3_3 4_1 4_2 4_3 4_4 5_1 5_2 6_12 6_4 7_5 7_6 7_9,6_7,0.666667,,0.538462,0.600000,0.600000,0.666667,0.333333,0.481481,0.025641,0.739130
2025-05-13,TTM,3,0.666667,0.100000,1_10 5_3,2_10 2_12 2_15 2_2 2_9 3_12 3_3 4_1 4_2 4_3 4_4 5_1 5_6 6_10 6_4 7_4 7_5 7_9,6_7,0.481481,0.538462,,0.538462,0.481481,0.538462,0.333333,0.481481,0.025641,0.600000
2025-05-13,ET,3,0.666667,0.100000,1_10 5_3,2_10 2_2 2_9 3_11 3_12 3_13 3_3 4_1 4_13 4_3 5_1 5_2 5_4 6_10 6_4 6_8 7_5 7_9,6_7,0.538462,0.600000,0.538462,,0.481481,0.666667,0.290323,0.600000,0.000000,0.538462
2025-05-13,B5: B2+B3,3,0.666667,0.100000,1_10 5_3,1_11 2_10 2_12 2_14 2_9 3_10 3_11 3_12 3_13 3_14 4_1 4_3 4_4 4_7 5_1 6_4 7_5 7_9,6_7,0.904762,0.600000,0.481481,0.481481,,0.600000,0.600000,0.481481,0.081081,0.666667
2025-05-13,B4: B1+B3,3,0.666667,0.100000,1_10 5_3,0_9 2_10 2_2 2_9 3_10 3_11 3_12 3_13 4_1 4_3 4_4 5_1 5_2 5_4 6_4 7_4 7_5 7_9,6_7,0.666667,0.666667,0.538462,0.666667,0.600000,,0.333333,0.739130,0.000000,0.600000
2025-05-13,B2: Recent MA,3,0.333333,0.050000,1_10,1_11 2_12 2_13 2_14 2_9 3_10 3_11 3_12 3_14 3_2 4_1 4_3 4_4 4_7 5_7 6_10 6_4 7_5 8_11,5_3 6_7,0.538462,0.333333,0.333333,0.290323,0.600000,0.333333,,0.250000,0.081081,0.481481
2025-05-13,B3: DoY season,3,0.666667,0.100000,1_10 5_3,0_8 0_9 1_3 2_10 2_2 2_9 3_11 3_12 3_13 4_1 4_3 5_1 5_4 6_4 7_4 7_5 7_9 8_9,6_7,0.481481,0.481481,0.481481,0.600000,0.481481,0.739130,0.250000,,0.000000,0.481481
2025-05-13,B0: Random,3,0.000000,0.000000,,0_13 0_7 1_11 1_4 1_6 1_7 1_9 2_14 2_15 2_7 3_1 3_14 4_15 4_8 6_12 6_13 6_6 7_1 7_14 8_2,1_10 5_3 6_7,0.052632,0.025641,0.025641,0.000000,0.081081,0.000000,0.081081,0.000000,,0.000000
2025-05-14,GLM-Logit,0,,0.000000,,1_10 2_10 2_12 2_9 3_10 3_11 3_12 3_13 3_2 4_1 4_2 4_3 4_4 5_1 5_3 6_10 6_4 7_5 7_6 7_9,,0.666667,0.739130,0.666667,0.538462,0.666667,0.600000,0.428571,0.481481,0.081081,
2025-05-14,HierBayes,0,,0.000000,,1_10 1_11 2_10 2_12 2_9 3_10 3_11 3_12 3_13 3_14 4_1 4_3 4_4 4_7 5_1 5_2 5_3 6_4 7_5 7_9,,,0.666667,0.538462,0.538462,0.818182,0.666667,0.538462,0.538462,0.052632,0.666667
2025-05-14,B1: Static prior,0,,0.000000,,1_10 2_10 2_9 3_10 3_11 3_12 3_13 3_3 4_1 4_2 4_3 4_4 5_1 5_2 5_3 6_12 6_4 7_5 7_6 7_9,,0.666667,,0.739130,0.600000,0.538462,0.739130,0.333333,0.538462,0.111111,0.739130
2025-05-14,TTM,0,,0.000000,,1_10 2_10 2_2 3_11 3_12 3_13 3_3 4_1 4_2 4_3 4_4 5_1 5_2 5_3 5_7 6_10 6_4 7_5 7_6 7_9,,0.538462,0.739130,,0.666667,0.538462,0.666667,0.290323,0.538462,0.081081,0.666667
2025-05-14,ET,0,,0.000000,,1_10 2_10 2_2 2_9 3_11 3_12 3_13 3_3 4_1 4_13 4_3 5_1 5_2 5_3 5_4 6_10 6_4 6_8 7_5 7_9,,0.538462,0.600000,0.666667,,0.481481,0.739130,0.250000,0.600000,0.052632,0.538462
2025-05-14,B5: B2+B3,0,,0.000000,,1_10 1_11 2_10 2_12 2_14 3_10 3_11 3_12 3_13 3_14 4_1 4_3 4_4 4_7 5_1 5_3 6_10 6_4 7_5 7_9,,0.818182,0.538462,0.538462,0.481481,,0.538462,0.538462,0.481481,0.052632,0.666667
2025-05-14,B4: B1+B3,0,,0.000000,,1_10 2_10 2_2 2_9 3_10 3_11 3_12 3_13 3_3 4_1 4_3 4_4 5_1 5_2 5_3 5_4 6_4 7_4 7_5 7_9,,0.666667,0.739130,0.666667,0.739130,0.538462,,0.333333,0.739130,0.052632,0.600000
2025-05-14,B2: Recent MA,0,,0.000000,,1_10 1_11 2_12 2_13 2_14 2_9 3_10 3_11 3_12 3_14 3_2 4_1 4_3 4_4 4_7 5_7 6_4 6_7 7_5 8_11,,0.538462,0.333333,0.290323,0.250000,0.538462,0.333333,,0.250000,0.025641,0.428571
2025-05-14,B3: DoY season,0,,0.000000,,0_8 0_9 1_10 1_3 2_10 2_2 3_10 3_11 3_12 3_13 4_1 4_3 5_1 5_2 5_3 5_4 6_4 7_4 7_5 7_9,,0.538462,0.538462,0.538462,0.600000,0.481481,0.739130,0.250000,,0.081081,0.481481
2025-05-14,B0: Random,0,,0.000000,,0_7 0_9 1_7 1_9 2_0 2_4 3_0 3_6 3_7 4_15 4_2 5_12 5_3 6_12 6_4 6_6 7_1 7_11 7_14 7_3,,0.052632,0.111111,0.081081,0.052632,0.052632,0.052632,0.025641,0.081081,,0.081081
2025-05-15,GLM-Logit,6,0.500000,0.150000,2_10 6_4 7_6,1_10 2_12 2_9 3_10 3_11 3_12 3_13 3_2 4_1 4_2 4_3 4_4 5_1 5_3 6_10 7_5 7_9,1_3 3_1 5_2,0.666667,0.739130,0.600000,0.538462,0.666667,0.600000,0.428571,0.538462,0.000000,
2025-05-15,HierBayes,6,0.500000,0.150000,2_10 5_2 6_4,1_10 1_11 2_12 2_9 3_10 3_11 3_12 3_13 3_14 4_1 4_3 4_4 4_7 5_1 5_3 7_5 7_9,1_3 3_1 7_6,,0.666667,0.481481,0.538462,0.818182,0.666667,0.538462,0.666667,0.000000,0.666667
2025-05-15,B1: Static prior,6,0.666667,0.200000,2_10 5_2 6_4 7_6,1_10 2_9 3_10 3_11 3_12 3_13 3_3 4_1 4_2 4_3 4_4 5_1 5_3 6_12 7_5 7_9,1_3 3_1,0.666667,,0.538462,0.600000,0.538462,0.739130,0.333333,0.600000,0.025641,0.739130
2025-05-15,TTM,6,0.500000,0.150000,2_10 6_4 7_6,1_10 1_11 2_2 3_11 3_13 4_0 4_1 4_2 4_3 4_4 5_1 5_3 5_6 6_10 7_4 7_5 7_9,1_3 3_1 5_2,0.481481,0.538462,,0.481481,0.481481,0.538462,0.250000,0.538462,0.000000,0.600000
2025-05-15,ET,6,0.500000,0.150000,2_10 5_2 6_4,1_10 2_2 2_9 3_11 3_12 3_13 3_3 4_1 4_13 4_3 5_1 5_3 5_4 6_10 6_8 7_5 7_9,1_3 3_1 7_6,0.538462,0.600000,0.481481,,0.481481,0.739130,0.250000,0.600000,0.052632,0.538462
2025-05-15,B5: B2+B3,6,0.333333,0.100000,2_10 6_4,1_10 1_11 2_12 2_14 2_9 3_10 3_11 3_12 3_14 4_1 4_3 4_4 4_7 5_1 5_3 6_10 7_5 7_9,1_3 3_1 5_2 7_6,0.818182,0.538462,0.481481,0.481481,,0.538462,0.600000,0.538462,0.000000,0.666667
2025-05-15,B4: B1+B3,6,0.500000,0.150000,2_10 5_2 6_4,1_10 2_2 2_9 3_10 3_11 3_12 3_13 3_3 4_1 4_3 4_4 5_1 5_3 5_4 7_4 7_5 7_9,1_3 3_1 7_6,0.666667,0.739130,0.538462,0.739130,0.538462,,0.333333,0.739130,0.052632,0.600000
2025-05-15,B2: Recent MA,6,0.166667,0.050000,6_4,1_10 1_11 2_12 2_13 2_14 2_9 3_10 3_11 3_12 3_14 3_2 4_1 4_3 4_4 4_7 5_7 6_7 7_5 8_11,1_3 2_10 3_1 5_2 7_6,0.538462,0.333333,0.250000,0.250000,0.600000,0.333333,,0.333333,0.000000,0.428571
2025-05-15,B3: DoY season,6,0.666667,0.200000,1_3 2_10 5_2 6_4,1_10 1_11 2_2 2_9 3_10 3_11 3_12 3_13 4_1 4_3 5_1 5_3 7_4 7_5 7_9 8_9,3_1 7_6,0.666667,0.600000,0.538462,0.600000,0.538462,0.739130,0.333333,,0.052632,0.538462
2025-05-15,B0: Random,6,0.166667,0.050000,1_3,0_14 0_15 0_8 0_9 1_14 2_7 3_0 3_3 3_8 4_6 5_0 5_4 6_11 6_3 7_0 7_14 8_0 8_7 8_9,2_10 3_1 5_2 6_4 7_6,0.000000,0.025641,0.000000,0.052632,0.000000,0.052632,0.000000,0.052632,,0.000000
2025-05-16,GLM-Logit,1,1.000000,0.050000,2_10,1_10 2_12 2_9 3_10 3_11 3_12 3_13 3_2 4_1 4_2 4_3 4_4 5_1 5_2 5_3 6_4 7_5 7_6 7_9,,0.739130,0.818182,0.600000,0.538462,0.538462,0.600000,0.481481,0.538462,0.025641,
2025-05-16,HierBayes,1,1.000000,0.050000,2_10,1_10 1_11 2_12 2_9 3_10 3_11 3_12 3_13 3_14 4_1 4_3 4_4 4_7 5_1 5_2 5_3 6_4 7_5 7_9,,,0.666667,0.600000,0.538462,0.739130,0.666667,0.538462,0.600000,0.025641,0.739130
2025-05-16,B1: Static prior,1,1.000000,0.050000,2_10,1_10 2_9 3_10 3_11 3_12 3_13 3_3 4_1 4_2 4_3 4_4 5_1 5_2 5_3 6_12 6_4 7_5 7_6 7_9,,0.666667,,0.666667,0.600000,0.481481,0.666667,0.379310,0.538462,0.025641,0.818182
2025-05-16,TTM,1,1.000000,0.050000,2_10,1_10 2_2 2_9 3_10 3_11 3_12 3_13 3_3 4_1 4_3 4_4 5_1 5_3 5_4 6_10 6_4 7_4 7_5 7_9,,0.600000,0.666667,,0.739130,0.481481,0.739130,0.290323,0.600000,0.025641,0.600000
2025-05-16,ET,1,1.000000,0.050000,2_10,1_10 2_2 2_9 3_11 3_12 3_13 3_3 4_1 4_13 4_3 5_1 5_2 5_3 5_4 6_10 6_4 6_8 7_5 7_9,,0.538462,0.600000,0.739130,,0.538462,0.666667,0.290323,0.600000,0.052632,0.538462
2025-05-16,B5: B2+B3,1,1.000000,0.050000,2_10,1_10 1_11 1_3 2_12 2_14 2_9 3_11 3_12 3_14 4_1 4_3 4_7 5_1 5_2 5_3 6_10 6_4 7_5 7_9,,0.739130,0.481481,0.481481,0.538462,,0.538462,0.538462,0.538462,0.052632,0.538462
2025-05-16,B4: B1+B3,1,1.000000,0.050000,2_10,1_10 1_11 2_11 2_2 2_9 3_11 3_12 3_13 3_3 4_1 4_3 4_4 5_1 5_2 5_3 6_4 7_4 7_5 7_9,,0.666667,0.666667,0.739130,0.666667,0.538462,,0.379310,0.818182,0.025641,0.600000
2025-05-16,B2: Recent MA,1,0.000000,0.000000,,1_10 1_11 2_12 2_14 2_9 3_1 3_11 3_14 3_2 4_1 4_3 4_4 4_7 5_2 5_3 5_7 6_4 6_7 7_5 7_6,2_10,0.538462,0.379310,0.290323,0.290323,0.538462,0.379310,,0.333333,0.052632,0.481481
2025-05-16,B3: DoY season,1,1.000000,0.050000,2_10,1_10 1_11 2_11 2_2 2_9 3_11 3_12 3_13 4_1 4_3 5_1 5_11 5_2 5_3 6_4 7_4 7_5 7_9 8_9,,0.600000,0.538462,0.600000,0.600000,0.538462,0.818182,0.333333,,0.025641,0.538462
2025-05-16,B0: Random,1,0.000000,0.000000,,0_1 0_13 0_14 0_3 0_6 0_7 0_9 1_7 2_14 4_10 4_14 4_5 5_6 6_1 6_4 6_6 6_8 7_2 8_0 8_1,2_10,0.025641,0.025641,0.025641,0.052632,0.052632,0.025641,0.052632,0.025641,,0.025641
2025-05-17,GLM-Logit,5,0.800000,0.200000,1_10 2_10 3_12 3_13,2_12 2_9 3_10 3_11 3_2 4_1 4_2 4_3 4_4 5_1 5_2 5_3 6_4 7_5 7_6 7_9,0_9,0.739130,0.818182,0.739130,0.538462,0.538462,0.666667,0.481481,0.481481,0.111111,
2025-05-17,HierBayes,5,0.800000,0.200000,1_10 2_10 3_12 3_13,1_11 2_12 2_9 3_10 3_11 3_14 4_1 4_3 4_4 4_7 5_1 5_2 5_3 6_4 7_5 7_9,0_9,,0.666667,0.600000,0.538462,0.739130,0.600000,0.600000,0.538462,0.081081,0.739130
2025-05-17,B1: Static prior,5,0.800000,0.200000,1_10 2_10 3_12 3_13,2_9 3_10 3_11 3_3 4_1 4_2 4_3 4_4 5_1 5_2 5_3 6_12 6_4 7_5 7_6 7_9,0_9,0.666667,,0.739130,0.600000,0.481481,0.739130,0.379310,0.481481,0.111111,0.818182
2025-05-17,TTM,5,0.800000,0.200000,1_10 2_10 3_12 3_13,2_9 3_10 3_11 4_1 4_2 4_3 4_6 5_1 5_2 5_3 6_11 6_4 7_4 7_5 7_6 7_9,0_9,0.600000,0.739130,,0.538462,0.481481,0.666667,0.333333,0.538462,0.142857,0.739130
2025-05-17,ET,5,0.800000,0.200000,1_10 2_10 3_12 3_13,2_2 2_9 3_11 3_3 4_1 4_13 4_3 5_1 5_2 5_3 5_4 6_10 6_4 6_8 7_5 7_9,0_9,0.538462,0.600000,0.538462,,0.538462,0.739130,0.290323,0.600000,0.081081,0.538462
2025-05-17,B5: B2+B3,5,0.800000,0.200000,1_10 2_10 3_12 3_13,1_11 1_3 2_12 2_14 3_11 3_14 4_1 4_3 4_7 5_1 5_2 5_3 6_10 6_4 7_5 7_9,0_9,0.739130,0.481481,0.481481,0.538462,,0.481481,0.538462,0.481481,0.081081,0.538462
2025-05-17,B4: B1+B3,5,0.800000,0.200000,1_10 2_10 3_12 3_13,2_2 2_9 3_11 3_3 4_1 4_2 4_3 4_4 5_1 5_2 5_3 5_4 6_4 7_4 7_5 7_9,0_9,0.600000,0.739130,0.666667,0.739130,0.481481,,0.333333,0.666667,0.142857,0.666667
2025-05-17,B2: Recent MA,5,0.400000,0.100000,1_10 2_10,1_11 2_12 2_14 3_1 3_10 3_11 3_14 3_2 4_1 4_3 4_4 4_7 5_2 5_3 5_7 6_4 6_7 7_5,0_9 3_12 3_13,0.600000,0.379310,0.333333,0.290323,0.538462,0.333333,,0.290323,0.081081,0.481481
2025-05-17,B3: DoY season,5,1.000000,0.250000,0_9 1_10 2_10 3_12 3_13,1_11 2_2 2_9 3_11 4_1 4_3 5_1 5_11 5_2 5_3 5_4 7_4 7_5 7_9 8_9,,0.538462,0.481481,0.538462,0.600000,0.481481,0.666667,0.290323,,0.111111,0.481481
2025-05-17,B0: Random,5,0.000000,0.000000,,0_2 1_9 2_1 2_5 4_2 5_2 5_3 5_8 6_7 7_0 7_10 7_14 7_4 7_9 8_1 8_11 8_13 8_14 8_5 8_6,0_9 1_10 2_10 3_12 3_13,0.081081,0.111111,0.142857,0.081081,0.081081,0.142857,0.081081,0.111111,,0.111111
2025-05-18,GLM-Logit,5,0.600000,0.150000,1_10 2_10 6_4,2_12 2_9 3_10 3_11 3_12 3_13 3_2 4_1 4_2 4_3 4_4 5_1 5_2 5_3 7_5 7_6 7_9,0_8 3_14,0.739130,0.818182,0.666667,0.538462,0.600000,0.538462,0.428571,0.428571,0.081081,
2025-05-18,HierBayes,5,0.800000,0.200000,1_10 2_10 3_14 6_4,1_11 2_12 2_9 3_10 3_11 3_12 3_13 4_1 4_3 4_4 4_7 5_1 5_2 5_3 7_5 7_9,0_8,,0.666667,0.666667,0.538462,0.739130,0.600000,0.481481,0.481481,0.081081,0.739130
2025-05-18,B1: Static prior,5,0.600000,0.150000,1_10 2_10 6_4,2_9 3_10 3_11 3_12 3_13 3_3 4_1 4_2 4_3 4_4 5_1 5_2 5_3 6_12 7_5 7_6 7_9,0_8 3_14,0.666667,,0.666667,0.600000,0.538462,0.600000,0.333333,0.428571,0.111111,0.818182
2025-05-18,TTM,5,0.600000,0.150000,1_10 2_10 6_4,0_10 1_11 2_9 3_10 3_11 3_12 4_1 4_3 4_4 5_1 5_2 5_3 6_10 7_4 7_5 7_6 7_9,0_8 3_14,0.666667,0.666667,,0.538462,0.538462,0.666667,0.379310,0.538462,0.081081,0.666667
2025-05-18,ET,5,0.600000,0.150000,1_10 2_10 6_4,2_2 2_9 3_11 3_12 3_13 3_3 4_1 4_13 4_3 5_1 5_2 5_3 5_4 6_10 6_8 7_5 7_9,0_8 3_14,0.538462,0.600000,0.538462,,0.538462,0.739130,0.290323,0.600000,0.081081,0.538462
2025-05-18,B5: B2+B3,5,0.800000,0.200000,1_10 2_10 3_14 6_4,1_11 2_12 2_14 3_11 3_12 3_13 4_1 4_2 4_3 4_7 5_1 5_2 5_3 6_10 7_5 7_9,0_8,0.739130,0.538462,0.538462,0.538462,,0.600000,0.481481,0.538462,0.052632,0.600000
2025-05-18,B4: B1+B3,5,0.600000,0.150000,1_10 2_10 6_4,1_11 2_2 3_11 3_12 3_13 3_3 4_1 4_3 4_4 5_1 5_2 5_3 5_4 6_10 7_4 7_5 7_9,0_8 3_14,0.600000,0.600000,0.666667,0.739130,0.600000,,0.333333,0.739130,0.052632,0.538462
2025-05-18,B2: Recent MA,5,0.800000,0.200000,1_10 2_10 3_14 6_4,0_9 1_3 2_12 2_14 3_1 3_10 3_11 3_12 3_2 4_1 4_4 4_7 5_2 6_10 6_7 7_5,0_8,0.481481,0.333333,0.379310,0.290323,0.481481,0.333333,,0.250000,0.052632,0.428571
2025-05-18,B3: DoY season,5,0.400000,0.100000,1_10 2_10,1_11 2_11 2_2 3_11 3_12 3_13 4_1 4_3 5_1 5_11 5_2 5_3 5_4 6_10 7_4 7_5 7_9 8_11,0_8 3_14 6_4,0.481481,0.428571,0.538462,0.600000,0.538462,0.739130,0.250000,,0.081081,0.428571
2025-05-18,B0: Random,5,0.400000,0.100000,1_10 2_10,0_1 0_12 0_15 1_4 1_7 2_11 2_9 4_11 4_14 5_0 5_12 5_15 5_6 6_12 7_2 8_10 8_12 8_14,0_8 3_14 6_4,0.081081,0.111111,0.081081,0.081081,0.052632,0.052632,0.052632,0.081081,,0.081081
2025-05-19,GLM-Logit,5,0.600000,0.150000,2_10 3_11 3_12,1_10 2_12 2_9 3_10 3_13 3_14 4_1 4_2 4_3 4_4 5_1 5_2 5_3 6_4 7_5 7_6 7_9,2_11 3_9,0.818182,0.818182,0.481481,0.538462,0.666667,0.538462,0.379310,0.428571,0.081081,
2025-05-19,HierBayes,5,0.600000,0.150000,2_10 3_11 3_12,1_10 1_11 2_12 2_9 3_10 3_13 3_14 4_1 4_3 4_4 4_7 5_1 5_2 5_3 6_4 7_5 7_9,2_11 3_9,,0.666667,0.481481,0.538462,0.739130,0.600000,0.428571,0.481481,0.111111,0.818182
2025-05-19,B1: Static prior,5,0.600000,0.150000,2_10 3_11 3_12,1_10 2_9 3_10 3_13 3_3 4_1 4_2 4_3 4_4 5_1 5_2 5_3 6_12 6_4 7_5 7_6 7_9,2_11 3_9,0.666667,,0.538462,0.600000,0.538462,0.600000,0.290323,0.428571,0.081081,0.818182
2025-05-19,TTM,5,0.400000,0.100000,2_10 3_12,1_10 1_11 3_2 3_3 4_1 4_3 4_4 5_1 5_2 5_3 5_4 6_10 6_3 6_4 7_4 7_5 7_6 7_9,2_11 3_11 3_9,0.481481,0.538462,,0.538462,0.481481,0.739130,0.333333,0.538462,0.111111,0.481481
2025-05-19,ET,5,0.600000,0.150000,2_10 3_11 3_12,1_10 2_2 2_9 3_13 3_3 4_1 4_13 4_3 5_1 5_2 5_3 5_4 6_10 6_4 6_8 7_5 7_9,2_11 3_9,0.538462,0.600000,0.538462,,0.538462,0.739130,0.290323,0.600000,0.081081,0.538462
2025-05-19,B5: B2+B3,5,0.600000,0.150000,2_10 3_11 3_12,1_10 1_11 2_12 2_14 3_13 3_14 4_1 4_2 4_3 4_7 5_1 5_2 5_3 6_10 6_4 7_5 7_9,2_11 3_9,0.739130,0.538462,0.481481,0.538462,,0.600000,0.481481,0.538462,0.081081,0.666667
2025-05-19,B4: B1+B3,5,0.600000,0.150000,2_10 3_11 3_12,1_10 1_11 2_2 3_13 3_3 4_1 4_3 4_4 5_1 5_2 5_3 5_4 6_10 6_4 7_4 7_5 7_9,2_11 3_9,0.600000,0.600000,0.739130,0.739130,0.600000,,0.333333,0.739130,0.081081,0.538462
2025-05-19,B2: Recent MA,5,0.600000,0.150000,2_10 3_11 3_12,0_8 0_9 1_10 1_3 2_12 2_14 3_1 3_14 3_2 4_1 4_4 4_7 5_2 6_10 6_4 6_7 7_5,2_11 3_9,0.428571,0.290323,0.333333,0.290323,0.481481,0.333333,,0.250000,0.081081,0.379310
2025-05-19,B3: DoY season,5,0.800000,0.200000,2_10 2_11 3_11 3_12,1_10 1_11 2_2 3_13 4_1 4_3 5_1 5_11 5_2 5_3 5_4 6_10 7_4 7_5 7_9 8_11,3_9,0.481481,0.428571,0.538462,0.600000,0.538462,0.739130,0.250000,,0.052632,0.428571
2025-05-19,B0: Random,5,0.000000,0.000000,,0_10 0_4 0_5 0_7 0_9 1_10 1_11 2_5 2_9 3_14 3_3 3_6 4_0 4_5 4_6 5_7 5_8 6_3 6_9 8_10,2_10 2_11 3_11 3_12 3_9,0.111111,0.081081,0.111111,0.081081,0.081081,0.081081,0.081081,0.052632,,0.081081
2025-05-20,GLM-Logit,0,,0.000000,,1_10 2_10 2_12 2_9 3_10 3_11 3_12 3_13 3_14 4_1 4_2 4_3 4_4 5_1 5_2 5_3 6_4 7_5 7_6 7_9,,0.818182,0.818182,0.538462,0.538462,0.538462,0.538462,0.379310,0.428571,0.025641,
2025-05-20,HierBayes,0,,0.000000,,1_10 1_11 2_10 2_12 2_9 3_10 3_11 3_12 3_13 3_14 4_1 4_3 4_4 4_7 5_1 5_2 5_3 6_4 7_5 7_9,,,0.666667,0.600000,0.538462,0.666667,0.538462,0.428571,0.481481,0.025641,0.818182
2025-05-20,B1: Static prior,0,,0.000000,,1_10 2_10 2_9 3_10 3_11 3_12 3_13 3_3 4_1 4_2 4_3 4_4 5_1 5_2 5_3 6_12 6_4 7_5 7_6 7_9,,0.666667,,0.600000,0.600000,0.428571,0.600000,0.290323,0.428571,0.025641,0.818182
2025-05-20,TTM,0,,0.000000,,1_10 1_11 2_10 2_11 2_2 2_9 3_10 3_12 3_3 4_1 4_3 4_4 5_1 5_2 5_3 5_7 6_4 7_4 7_5 7_9,,0.600000,0.600000,,0.538462,0.428571,0.600000,0.250000,0.538462,0.081081,0.538462
2025-05-20,ET,0,,0.000000,,1_10 2_10 2_2 2_9 3_11 3_12 3_13 3_3 4_1 4_13 4_3 5_1 5_2 5_3 5_4 6_10 6_4 6_8 7_5 7_9,,0.538462,0.600000,0.538462,,0.481481,0.739130,0.290323,0.600000,0.025641,0.538462
2025-05-20,B5: B2+B3,0,,0.000000,,1_10 1_11 1_3 2_10 2_11 2_12 2_14 3_11 3_12 3_13 3_14 4_1 4_3 4_7 5_1 5_3 6_10 6_4 7_5 7_9,,0.666667,0.428571,0.428571,0.481481,,0.538462,0.481481,0.600000,0.000000,0.538462
2025-05-20,B4: B1+B3,0,,0.000000,,1_10 1_11 2_10 2_2 2_9 3_11 3_12 3_13 3_3 4_1 4_13 4_2 4_3 5_1 5_3 6_10 6_4 7_4 7_5 7_9,,0.538462,0.600000,0.600000,0.739130,0.538462,,0.250000,0.739130,0.025641,0.538462
2025-05-20,B2: Recent MA,0,,0.000000,,0_8 0_9 1_10 1_3 2_10 2_12 2_14 3_1 3_11 3_12 3_14 3_2 4_1 4_4 4_7 5_2 6_10 6_4 6_7 7_5,,0.428571,0.290323,0.250000,0.290323,0.481481,0.250000,,0.250000,0.025641,0.379310
2025-05-20,B3: DoY season,0,,0.000000,,1_10 1_11 2_10 2_11 2_12 2_2 3_11 3_12 3_13 3_3 4_1 4_13 4_3 5_1 5_11 5_3 6_10 7_4 7_5 7_9,,0.481481,0.428571,0.538462,0.600000,0.600000,0.739130,0.250000,,0.052632,0.428571
2025-05-20,B0: Random,0,,0.000000,,1_12 1_15 1_6 4_0 4_10 4_4 4_9 5_0 5_11 5_4 5_6 5_7 6_2 6_9 7_11 7_14 7_4 7_7 8_15 8_2,,0.025641,0.025641,0.081081,0.025641,0.000000,0.025641,0.025641,0.052632,,0.025641
2025-05-21,GLM-Logit,5,0.400000,0.100000,3_12 4_1,1_10 2_10 2_12 2_9 3_10 3_11 3_13 3_14 4_2 4_3 4_4 5_1 5_2 5_3 6_4 7_5 7_6 7_9,1_11 3_2 7_4,0.818182,0.818182,0.600000,0.538462,0.538462,0.538462,0.379310,0.428571,0.111111,
2025-05-21,HierBayes,5,0.600000,0.150000,1_11 3_12 4_1,1_10 2_10 2_12 2_9 3_10 3_11 3_13 3_14 4_3 4_4 4_7 5_1 5_2 5_3 6_4 7_5 7_9,3_2 7_4,,0.666667,0.600000,0.538462,0.666667,0.538462,0.428571,0.481481,0.081081,0.818182
2025-05-21,B1: Static prior,5,0.400000,0.100000,3_12 4_1,1_10 2_10 2_9 3_10 3_11 3_13 3_3 4_2 4_3 4_4 5_1 5_2 5_3 6_12 6_4 7_5 7_6 7_9,1_11 3_2 7_4,0.666667,,0.666667,0.600000,0.428571,0.600000,0.290323,0.481481,0.111111,0.818182
2025-05-21,TTM,5,0.800000,0.200000,3_12 3_2 4_1 7_4,1_10 2_10 3_10 3_11 3_13 4_11 4_3 4_4 5_1 5_2 5_3 5_7 6_12 6_4 7_5 7_9,1_11,0.600000,0.666667,,0.481481,0.428571,0.481481,0.333333,0.481481,0.081081,0.600000
2025-05-21,ET,5,0.400000,0.100000,3_12 4_1,1_10 2_10 2_2 2_9 3_11 3_13 3_3 4_13 4_3 5_1 5_2 5_3 5_4 6_10 6_4 6_8 7_5 7_9,1_11 3_2 7_4,0.538462,0.600000,0.481481,,0.481481,0.666667,0.290323,0.600000,0.081081,0.538462
2025-05-21,B5: B2+B3,5,0.600000,0.150000,1_11 3_12 4_1,0_9 1_10 2_10 2_11 2_12 2_14 3_11 3_13 3_14 4_3 4_7 5_1 5_3 6_10 6_4 7_5 7_9,3_2 7_4,0.666667,0.428571,0.428571,0.481481,,0.600000,0.481481,0.666667,0.052632,0.538462
2025-05-21,B4: B1+B3,5,0.800000,0.200000,1_11 3_12 4_1 7_4,0_9 1_10 2_10 2_2 2_9 3_11 3_13 3_3 4_2 4_3 5_1 5_3 6_10 6_4 7_5 7_9,3_2,0.538462,0.600000,0.481481,0.666667,0.600000,,0.290323,0.818182,0.081081,0.538462
2025-05-21,B2: Recent MA,5,0.600000,0.150000,3_12 3_2 4_1,0_8 0_9 1_10 1_3 2_10 2_12 2_14 3_1 3_11 3_14 4_4 4_7 5_2 6_10 6_4 6_7 7_5,1_11 7_4,0.428571,0.290323,0.333333,0.290323,0.481481,0.290323,,0.290323,0.081081,0.379310
2025-05-21,B3: DoY season,5,0.800000,0.200000,1_11 3_12 4_1 7_4,0_9 1_10 2_10 2_11 2_2 3_11 3_13 3_3 4_3 5_1 5_11 5_3 6_10 6_4 7_5 7_9,3_2,0.481481,0.481481,0.481481,0.600000,0.666667,0.818182,0.290323,,0.052632,0.428571
2025-05-21,B0: Random,5,0.000000,0.000000,,0_11 0_7 1_10 1_5 1_7 2_1 2_15 2_6 3_15 4_2 5_15 5_2 5_5 5_6 5_8 6_1 6_11 6_4 8_15 8_5,1_11 3_12 3_2 4_1 7_4,0.081081,0.111111,0.081081,0.081081,0.052632,0.081081,0.081081,0.052632,,0.111111
2025-05-22,GLM-Logit,0,,0.000000,,1_10 2_10 2_9 3_10 3_11 3_12 3_13 3_14 3_2 4_1 4_2 4_3 4_4 5_1 5_2 5_3 6_4 7_5 7_6 7_9,,0.739130,0.818182,0.538462,0.538462,0.538462,0.600000,0.379310,0.481481,0.081081,
2025-05-22,HierBayes,0,,0.000000,,1_10 1_11 2_10 2_12 2_9 3_11 3_12 3_13 3_14 3_2 4_1 4_3 4_4 4_7 5_1 5_2 5_3 6_4 7_5 7_9,,,0.600000,0.538462,0.538462,0.739130,0.538462,0.481481,0.481481,0.052632,0.739130
2025-05-22,B1: Static prior,0,,0.000000,,1_10 2_10 2_9 3_10 3_11 3_12 3_13 3_3 4_1 4_2 4_3 4_4 5_1 5_2 5_3 6_12 6_4 7_5 7_6 7_9,,0.600000,,0.538462,0.600000,0.481481,0.666667,0.290323,0.538462,0.052632,0.818182
2025-05-22,TTM,0,,0.000000,,0_9 1_10 2_10 3_11 3_12 3_2 4_1 4_3 4_4 5_1 5_10 5_2 5_3 5_4 5_5 6_12 6_4 7_4 7_5 7_9,,0.538462,0.538462,,0.481481,0.481481,0.538462,0.333333,0.481481,0.111111,0.538462
2025-05-22,ET,0,,0.000000,,1_10 2_10 2_2 2_9 3_11 3_12 3_13 3_3 4_1 4_13 4_3 5_1 5_2 5_3 5_4 6_10 6_4 6_8 7_5 7_9,,0.538462,0.600000,0.481481,,0.538462,0.739130,0.250000,0.600000,0.081081,0.538462
2025-05-22,B5: B2+B3,0,,0.000000,,1_10 1_11 2_10 2_12 3_11 3_12 3_13 3_14 3_2 3_3 4_1 4_3 4_7 5_1 5_3 6_10 6_4 7_4 7_5 7_9,,0.739130,0.481481,0.481481,0.538462,,0.600000,0.428571,0.666667,0.081081,0.538462
2025-05-22,B4: B1+B3,0,,0.000000,,0_9 1_10 2_10 2_2 2_9 3_11 3_12 3_13 3_3 4_1 4_2 4_3 5_1 5_2 5_3 6_10 6_4 7_4 7_5 7_9,,0.538462,0.666667,0.538462,0.739130,0.600000,,0.379310,0.818182,0.111111,0.600000
2025-05-22,B2: Recent MA,0,,0.000000,,0_8 0_9 1_10 1_11 1_3 2_10 2_12 2_14 2_9 3_11 3_12 3_14 3_2 4_1 4_2 4_7 5_2 6_4 6_7 7_4,,0.481481,0.290323,0.333333,0.250000,0.428571,0.379310,,0.333333,0.111111,0.379310
2025-05-22,B3: DoY season,0,,0.000000,,0_9 1_10 1_11 2_10 2_11 2_2 3_11 3_12 3_13 3_3 4_1 4_2 4_3 5_1 5_3 6_10 6_4 7_4 7_5 7_9,,0.481481,0.538462,0.481481,0.600000,0.666667,0.818182,0.333333,,0.142857,0.481481
2025-05-22,B0: Random,0,,0.000000,,0_10 0_9 1_1 1_10 1_12 1_7 1_9 2_11 2_2 2_4 3_1 3_10 3_14 4_0 4_6 5_12 5_4 7_12 7_4 8_5,,0.052632,0.052632,0.111111,0.081081,0.081081,0.111111,0.111111,0.142857,,0.081081
2025-05-23,GLM-Logit,7,0.000000,0.000000,,1_10 2_10 2_9 3_10 3_11 3_12 3_13 3_14 3_2 4_1 4_2 4_3 4_4 5_1 5_2 5_3 6_4 7_5 7_6 7_9,2_12 2_14 2_2 5_6 6_12 7_8 8_8,0.739130,0.818182,0.600000,0.538462,0.538462,0.481481,0.379310,0.428571,0.052632,
2025-05-23,HierBayes,7,0.142857,0.050000,2_12,1_10 1_11 2_10 2_9 3_11 3_12 3_13 3_14 3_2 4_1 4_3 4_4 4_7 5_1 5_2 5_3 6_4 7_5 7_9,2_14 2_2 5_6 6_12 7_8 8_8,,0.600000,0.538462,0.538462,0.739130,0.481481,0.481481,0.428571,0.052632,0.739130
2025-05-23,B1: Static prior,7,0.142857,0.050000,6_12,1_10 2_10 2_9 3_10 3_11 3_12 3_13 3_3 4_1 4_2 4_3 4_4 5_1 5_2 5_3 6_4 7_5 7_6 7_9,2_12 2_14 2_2 5_6 7_8 8_8,0.600000,,0.666667,0.600000,0.481481,0.538462,0.290323,0.481481,0.052632,0.818182
2025-05-23,TTM,7,0.285714,0.100000,2_2 6_12,1_10 2_10 3_11 3_12 3_2 3_3 4_1 4_2 4_3 4_4 5_1 5_2 5_3 5_4 6_4 7_4 7_5 7_9,2_12 2_14 5_6 7_8 8_8,0.538462,0.666667,,0.600000,0.538462,0.600000,0.333333,0.538462,0.081081,0.600000
2025-05-23,ET,7,0.142857,0.050000,2_2,1_10 2_10 2_9 3_11 3_12 3_13 3_3 4_1 4_13 4_3 5_1 5_2 5_3 5_4 6_10 6_4 6_8 7_5 7_9,2_12 2_14 5_6 6_12 7_8 8_8,0.538462,0.600000,0.600000,,0.481481,0.666667,0.250000,0.600000,0.111111,0.538462
2025-05-23,B5: B2+B3,7,0.142857,0.050000,2_12,0_9 1_10 1_11 2_10 3_11 3_12 3_13 3_14 3_2 3_3 4_1 4_3 4_7 5_1 5_3 6_4 7_4 7_5 7_9,2_14 2_2 5_6 6_12 7_8 8_8,0.739130,0.481481,0.538462,0.481481,,0.666667,0.481481,0.600000,0.052632,0.538462
2025-05-23,B4: B1+B3,7,0.142857,0.050000,2_2,0_9 1_10 1_11 2_10 3_11 3_12 3_13 3_3 4_1 4_13 4_2 4_3 5_1 5_3 6_10 6_4 7_4 7_5 7_9,2_12 2_14 5_6 6_12 7_8 8_8,0.481481,0.538462,0.600000,0.666667,0.666667,,0.333333,0.904762,0.111111,0.481481
2025-05-23,B2: Recent MA,7,0.285714,0.100000,2_12 2_14,0_8 0_9 1_10 1_11 1_3 2_10 2_9 3_11 3_12 3_14 3_2 4_1 4_2 4_7 5_2 6_4 6_7 7_4,2_2 5_6 6_12 7_8 8_8,0.481481,0.290323,0.333333,0.250000,0.481481,0.333333,,0.290323,0.142857,0.379310
2025-05-23,B3: DoY season,7,0.142857,0.050000,2_2,0_9 1_10 1_11 2_10 3_12 3_13 3_3 4_1 4_13 4_2 4_3 5_1 5_10 5_3 6_10 6_4 7_4 7_5 7_9,2_12 2_14 5_6 6_12 7_8 8_8,0.428571,0.481481,0.538462,0.600000,0.600000,0.904762,0.290323,,0.111111,0.428571
2025-05-23,B0: Random,7,0.142857,0.050000,2_2,0_5 0_8 0_9 1_3 1_4 1_6 2_11 2_4 3_5 4_10 4_12 4_13 5_2 6_7 7_12 7_2 7_5 7_7 8_0,2_12 2_14 5_6 6_12 7_8 8_8,0.052632,0.052632,0.081081,0.111111,0.052632,0.111111,0.142857,0.111111,,0.052632
2025-05-24,GLM-Logit,5,0.800000,0.200000,2_12 4_1 5_1 7_9,1_10 2_10 2_9 3_10 3_11 3_12 3_13 3_14 3_2 4_3 4_4 5_3 6_12 6_4 7_5 7_6,0_9,0.739130,0.739130,0.666667,0.481481,0.600000,0.481481,0.250000,0.428571,0.000000,
2025-05-24,HierBayes,5,0.800000,0.200000,2_12 4_1 5_1 7_9,1_10 1_11 2_10 2_9 3_11 3_12 3_13 3_14 3_2 4_3 4_4 4_7 5_2 5_3 6_4 7_5,0_9,,0.600000,0.600000,0.538462,0.739130,0.538462,0.379310,0.481481,0.000000,0.739130
2025-05-24,B1: Static prior,5,0.600000,0.150000,4_1 5_1 7_9,1_10 2_10 2_9 3_10 3_11 3_12 3_13 3_3 4_2 4_3 4_4 5_2 5_3 6_12 6_4 7_5 7_6,0_9 2_12,0.600000,,0.818182,0.600000,0.481481,0.600000,0.212121,0.538462,0.000000,0.739130
2025-05-24,TTM,5,0.800000,0.200000,2_12 4_1 5_1 7_9,1_10 2_10 2_2 2_9 3_10 3_11 3_12 3_3 4_2 4_3 4_4 5_2 5_3 6_4 7_5 7_6,0_9,0.600000,0.818182,,0.600000,0.481481,0.600000,0.290323,0.538462,0.000000,0.666667
2025-05-24,ET,5,0.600000,0.150000,4_1 5_1 7_9,1_10 2_10 2_2 2_9 3_11 3_12 3_13 3_3 4_13 4_3 5_2 5_3 5_4 6_10 6_4 6_8 7_5,0_9 2_12,0.538462,0.600000,0.600000,,0.481481,0.666667,0.212121,0.600000,0.000000,0.481481
2025-05-24,B5: B2+B3,5,0.800000,0.200000,2_12 4_1 5_1 7_9,1_10 1_11 2_10 2_14 3_11 3_12 3_13 3_14 3_2 3_3 4_3 4_7 5_3 6_4 7_4 7_5,0_9,0.739130,0.481481,0.481481,0.481481,,0.600000,0.428571,0.600000,0.000000,0.600000
2025-05-24,B4: B1+B3,5,0.800000,0.200000,0_9 4_1 5_1 7_9,1_10 1_11 2_10 2_2 2_9 3_11 3_12 3_13 3_3 4_2 4_3 5_3 6_10 6_4 7_4 7_5,2_12,0.538462,0.600000,0.600000,0.666667,0.600000,,0.290323,0.904762,0.000000,0.481481
2025-05-24,B2: Recent MA,5,0.200000,0.050000,2_12,0_8 1_10 1_11 2_10 2_14 2_2 3_1 3_11 3_12 3_14 3_2 4_2 4_7 5_2 6_4 6_7 7_4 7_8 8_8,0_9 4_1 5_1 7_9,0.379310,0.212121,0.290323,0.212121,0.428571,0.290323,,0.290323,0.052632,0.250000
2025-05-24,B3: DoY season,5,0.800000,0.200000,0_9 4_1 5_1 7_9,1_10 1_11 2_10 2_2 3_11 3_12 3_13 3_3 4_2 4_3 5_3 6_10 6_4 6_5 7_4 7_5,2_12,0.481481,0.538462,0.538462,0.600000,0.600000,0.904762,0.290323,,0.000000,0.428571
2025-05-24,B0: Random,5,0.000000,0.000000,,0_1 0_12 0_14 0_8 1_0 1_12 1_15 1_4 2_8 3_8 4_10 4_5 6_6 7_11 7_2 8_1 8_10 8_12 8_3 8_8,0_9 2_12 4_1 5_1 7_9,0.000000,0.000000,0.000000,0.000000,0.000000,0.000000,0.052632,0.000000,,0.000000
2025-05-25,GLM-Logit,1,1.000000,0.050000,2_10,0_9 1_10 2_12 2_9 3_10 3_11 3_12 3_13 3_14 3_2 4_1 4_3 4_4 5_1 5_3 6_4 7_5 7_6 7_9,,0.739130,0.666667,0.538462,0.481481,0.600000,0.538462,0.379310,0.481481,0.081081,
2025-05-25,HierBayes,1,1.000000,0.050000,2_10,1_10 1_11 2_12 2_9 3_11 3_12 3_13 3_14 3_2 4_1 4_3 4_4 4_7 5_1 5_2 5_3 6_4 7_5 7_9,,,0.600000,0.481481,0.538462,0.666667,0.538462,0.428571,0.481481,0.025641,0.739130
2025-05-25,B1: Static prior,1,1.000000,0.050000,2_10,1_10 2_9 3_10 3_11 3_12 3_13 3_3 4_1 4_2 4_3 4_4 5_1 5_2 5_3 6_12 6_4 7_5 7_6 7_9,,0.600000,,0.739130,0.600000,0.428571,0.666667,0.250000,0.538462,0.052632,0.666667
2025-05-25,TTM,1,1.000000,0.050000,2_10,1_10 3_10 3_11 3_12 3_3 4_0 4_1 4_2 4_3 4_4 5_1 5_2 5_3 5_5 5_7 6_4 7_5 7_6 7_9,,0.481481,0.739130,,0.481481,0.379310,0.538462,0.290323,0.481481,0.052632,0.538462
2025-05-25,ET,1,1.000000,0.050000,2_10,1_10 2_2 2_9 3_11 3_12 3_13 3_3 4_1 4_13 4_3 5_1 5_2 5_3 5_4 6_10 6_4 6_8 7_5 7_9,,0.538462,0.600000,0.481481,,0.428571,0.739130,0.250000,0.666667,0.052632,0.481481
2025-05-25,B5: B2+B3,1,1.000000,0.050000,2_10,0_9 1_10 1_11 2_12 2_14 3_11 3_12 3_13 3_14 3_2 3_3 4_1 4_3 4_7 5_1 5_3 6_4 7_4 7_9,,0.666667,0.428571,0.379310,0.428571,,0.538462,0.538462,0.600000,0.025641,0.600000
2025-05-25,B4: B1+B3,1,1.000000,0.050000,2_10,0_9 1_10 2_2 2_9 3_11 3_12 3_13 3_3 4_1 4_13 4_2 4_3 5_1 5_2 5_3 6_4 7_4 7_5 7_9,,0.538462,0.666667,0.538462,0.739130,0.538462,,0.333333,0.818182,0.081081,0.538462
2025-05-25,B2: Recent MA,1,1.000000,0.050000,2_10,0_8 0_9 1_10 1_11 2_12 2_14 2_2 3_11 3_12 3_14 3_2 4_1 4_2 4_7 5_1 5_7 6_4 6_7 7_8,,0.428571,0.250000,0.290323,0.250000,0.538462,0.333333,,0.379310,0.111111,0.379310
2025-05-25,B3: DoY season,1,1.000000,0.050000,2_10,0_9 1_10 1_11 2_2 3_11 3_12 3_13 3_3 4_1 4_13 4_2 4_3 5_1 5_3 5_4 6_4 7_4 7_5 7_9,,0.481481,0.538462,0.481481,0.666667,0.600000,0.818182,0.379310,,0.081081,0.481481
2025-05-25,B0: Random,1,0.000000,0.000000,,0_1 0_3 0_9 1_4 1_5 2_2 2_3 2_7 3_10 3_7 3_8 4_11 5_0 6_1 6_15 6_7 7_14 7_5 7_8 8_7,2_10,0.025641,0.052632,0.052632,0.052632,0.025641,0.081081,0.111111,0.081081,,0.081081
2025-05-26,GLM-Logit,6,0.166667,0.050000,1_10,0_9 2_10 2_12 2_9 3_10 3_11 3_12 3_13 3_14 3_2 4_1 4_3 4_4 5_1 5_3 6_4 7_5 7_6 7_9,0_10 2_14 5_4 5_6 6_3,0.739130,0.666667,0.538462,0.481481,0.600000,0.538462,0.379310,0.481481,0.025641,
2025-05-26,HierBayes,6,0.166667,0.050000,1_10,1_11 2_10 2_12 2_9 3_11 3_12 3_13 3_14 3_2 4_1 4_3 4_4 4_7 5_1 5_2 5_3 6_4 7_5 7_9,0_10 2_14 5_4 5_6 6_3,,0.600000,0.600000,0.538462,0.600000,0.538462,0.428571,0.481481,0.052632,0.739130
2025-05-26,B1: Static prior,6,0.166667,0.050000,1_10,2_10 2_9 3_10 3_11 3_12 3_13 3_3 4_1 4_2 4_3 4_4 5_1 5_2 5_3 6_12 6_4 7_5 7_6 7_9,0_10 2_14 5_4 5_6 6_3,0.600000,,0.538462,0.600000,0.481481,0.600000,0.250000,0.538462,0.025641,0.666667
2025-05-26,TTM,6,0.333333,0.100000,1_10 5_4,0_9 1_11 2_10 2_12 2_2 3_12 3_13 3_3 4_1 4_3 4_4 5_1 5_2 5_3 6_4 7_4 7_5 7_9,0_10 2_14 5_6 6_3,0.600000,0.538462,,0.600000,0.666667,0.666667,0.333333,0.666667,0.052632,0.538462
2025-05-26,ET,6,0.333333,0.100000,1_10 5_4,2_10 2_2 2_9 3_11 3_12 3_13 3_3 4_1 4_13 4_3 5_1 5_2 5_3 6_10 6_4 6_8 7_5 7_9,0_10 2_14 5_6 6_3,0.538462,0.600000,0.600000,,0.481481,0.666667,0.250000,0.600000,0.025641,0.481481
2025-05-26,B5: B2+B3,6,0.166667,0.050000,1_10,0_9 1_11 2_10 2_12 2_2 3_11 3_12 3_13 3_14 3_2 3_3 4_1 4_2 4_3 5_1 5_3 6_4 7_4 7_9,0_10 2_14 5_4 5_6 6_3,0.600000,0.481481,0.666667,0.481481,,0.739130,0.538462,0.739130,0.052632,0.600000
2025-05-26,B4: B1+B3,6,0.166667,0.050000,1_10,0_9 1_11 2_10 2_2 2_9 3_11 3_12 3_13 3_3 4_1 4_13 4_2 4_3 5_1 5_3 6_4 7_4 7_5 7_9,0_10 2_14 5_4 5_6 6_3,0.538462,0.600000,0.666667,0.666667,0.739130,,0.379310,0.904762,0.052632,0.538462
2025-05-26,B2: Recent MA,6,0.333333,0.100000,1_10 2_14,0_8 0_9 1_11 2_10 2_12 2_2 3_11 3_12 3_14 3_2 4_1 4_2 4_7 5_1 5_7 6_4 6_7 7_8,0_10 5_4 5_6 6_3,0.428571,0.250000,0.333333,0.250000,0.538462,0.379310,,0.379310,0.111111,0.379310
2025-05-26,B3: DoY season,6,0.166667,0.050000,1_10,0_9 1_11 2_10 2_2 3_11 3_12 3_13 3_3 4_1 4_13 4_2 4_3 5_1 5_10 5_3 6_4 7_4 7_5 7_9,0_10 2_14 5_4 5_6 6_3,0.481481,0.538462,0.666667,0.600000,0.739130,0.904762,0.379310,,0.052632,0.481481
2025-05-26,B0: Random,6,0.166667,0.050000,0_10,0_5 0_8 1_11 1_14 1_7 3_12 3_6 3_8 4_10 5_14 6_15 6_5 7_7 7_8 8_12 8_14 8_5 8_6 8_7,1_10 2_14 5_4 5_6 6_3,0.052632,0.025641,0.052632,0.025641,0.052632,0.052632,0.111111,0.052632,,0.025641
2025-05-27,GLM-Logit,3,0.333333,0.050000,4_3,0_9 1_10 2_10 2_12 2_9 3_10 3_11 3_12 3_13 3_14 3_2 4_1 4_4 5_1 5_3 6_4 7_5 7_6 7_9,5_11 5_2,0.739130,0.666667,0.600000,0.481481,0.600000,0.538462,0.333333,0.481481,0.000000,
2025-05-27,HierBayes,3,0.666667,0.100000,4_3 5_2,1_10 1_11 2_10 2_12 2_9 3_11 3_12 3_13 3_14 3_2 4_1 4_4 4_7 5_1 5_3 6_4 7_5 7_9,5_11,,0.600000,0.666667,0.538462,0.600000,0.538462,0.379310,0.481481,0.052632,0.739130
2025-05-27,B1: Static prior,3,0.666667,0.100000,4_3 5_2,1_10 2_10 2_9 3_10 3_11 3_12 3_13 3_3 4_1 4_2 4_4 5_1 5_3 6_12 6_4 7_5 7_6 7_9,5_11,0.600000,,0.600000,0.600000,0.428571,0.600000,0.212121,0.481481,0.000000,0.666667
2025-05-27,TTM,3,0.666667,0.100000,4_3 5_2,0_9 1_10 1_11 2_10 2_12 2_8 2_9 3_12 3_13 3_3 4_1 4_4 5_1 5_3 6_10 6_4 7_5 7_9,5_11,0.666667,0.600000,,0.600000,0.538462,0.600000,0.250000,0.538462,0.052632,0.600000
2025-05-27,ET,3,0.666667,0.100000,4_3 5_2,1_10 2_10 2_2 2_9 3_11 3_12 3_13 3_3 4_1 4_13 5_1 5_3 5_4 6_10 6_4 6_8 7_5 7_9,5_11,0.538462,0.600000,0.600000,,0.481481,0.739130,0.212121,0.666667,0.000000,0.481481
2025-05-27,B5: B2+B3,3,0.333333,0.050000,4_3,0_9 1_10 1_11 2_10 2_12 2_14 2_2 3_11 3_12 3_13 3_14 3_2 3_3 4_1 5_1 5_3 5_6 6_4 7_9,5_11 5_2,0.600000,0.428571,0.538462,0.481481,,0.600000,0.538462,0.600000,0.081081,0.600000
2025-05-27,B4: B1+B3,3,0.333333,0.050000,4_3,0_9 1_10 1_11 2_10 2_2 2_9 3_11 3_12 3_13 3_3 4_1 4_13 4_2 5_1 5_3 5_4 6_4 7_5 7_9,5_11 5_2,0.538462,0.600000,0.600000,0.739130,0.600000,,0.333333,0.818182,0.025641,0.538462
2025-05-27,B2: Recent MA,3,0.000000,0.000000,,0_8 0_9 1_10 1_11 2_10 2_12 2_14 2_2 3_11 3_12 3_14 3_2 4_1 4_2 4_7 5_6 5_7 6_4 6_7 7_8,4_3 5_11 5_2,0.379310,0.212121,0.250000,0.212121,0.538462,0.333333,,0.290323,0.142857,0.333333
2025-05-27,B3: DoY season,3,0.333333,0.050000,4_3,0_10 0_9 1_10 1_11 2_10 2_2 3_11 3_12 3_13 3_3 4_1 4_13 5_1 5_10 5_3 5_4 6_4 7_5 7_9,5_11 5_2,0.481481,0.481481,0.538462,0.666667,0.600000,0.818182,0.290323,,0.025641,0.481481
2025-05-27,B0: Random,3,0.000000,0.000000,,0_13 0_2 0_4 0_8 1_11 1_13 1_14 1_5 1_7 1_9 2_14 2_8 3_7 4_7 5_12 5_6 6_0 7_12 7_14 8_14,4_3 5_11 5_2,0.052632,0.000000,0.052632,0.000000,0.081081,0.025641,0.142857,0.025641,,0.000000
2025-05-28,GLM-Logit,7,0.285714,0.100000,0_9 1_10,2_10 2_12 2_9 3_10 3_11 3_12 3_13 3_14 3_2 4_1 4_3 4_4 5_1 5_2 5_3 6_4 7_6 7_9,2_14 5_5 6_10 6_12 6_13,0.739130,0.666667,0.538462,0.481481,0.600000,0.481481,0.379310,0.428571,0.000000,
2025-05-28,HierBayes,7,0.142857,0.050000,1_10,1_11 2_10 2_12 2_9 3_11 3_12 3_13 3_14 3_2 4_1 4_3 4_4 4_7 5_1 5_2 5_3 6_4 7_5 7_9,0_9 2_14 5_5 6_10 6_12 6_13,,0.600000,0.600000,0.538462,0.600000,0.538462,0.428571,0.428571,0.025641,0.739130
2025-05-28,B1: Static prior,7,0.285714,0.100000,1_10 6_12,2_10 2_9 3_10 3_11 3_12 3_13 3_3 4_1 4_2 4_3 4_4 5_1 5_2 5_3 6_4 7_5 7_6 7_9,0_9 2_14 5_5 6_10 6_13,0.600000,,0.481481,0.600000,0.428571,0.600000,0.250000,0.481481,0.052632,0.666667
2025-05-28,TTM,7,0.285714,0.100000,1_10 6_10,1_11 2_12 2_9 3_10 3_12 3_2 4_0 4_1 4_3 4_4 5_1 5_2 5_3 5_6 6_4 6_6 7_5 7_9,0_9 2_14 5_5 6_12 6_13,0.600000,0.481481,,0.428571,0.428571,0.379310,0.290323,0.290323,0.025641,0.538462
2025-05-28,ET,7,0.285714,0.100000,1_10 6_10,2_10 2_2 2_9 3_11 3_12 3_13 3_3 4_1 4_13 4_3 5_1 5_2 5_3 5_4 6_4 6_8 7_5 7_9,0_9 2_14 5_5 6_12 6_13,0.538462,0.600000,0.428571,,0.481481,0.739130,0.212121,0.600000,0.025641,0.481481
2025-05-28,B5: B2+B3,7,0.428571,0.150000,0_9 1_10 2_14,1_11 2_10 2_12 3_11 3_12 3_13 3_14 3_2 3_3 4_1 4_3 5_1 5_3 5_4 5_6 6_4 7_9,5_5 6_10 6_12 6_13,0.600000,0.428571,0.428571,0.481481,,0.600000,0.481481,0.600000,0.025641,0.600000
2025-05-28,B4: B1+B3,7,0.285714,0.100000,0_9 1_10,1_11 2_10 2_2 2_9 3_11 3_12 3_13 3_3 4_1 4_13 4_2 4_3 5_1 5_3 5_4 6_4 7_5 7_9,2_14 5_5 6_10 6_12 6_13,0.538462,0.600000,0.379310,0.739130,0.600000,,0.290323,0.818182,0.052632,0.481481
2025-05-28,B2: Recent MA,7,0.428571,0.150000,0_9 1_10 2_14,1_11 2_10 2_12 3_11 3_12 3_14 3_2 4_1 4_2 4_7 5_2 5_6 5_7 6_3 6_4 6_7 7_8,5_5 6_10 6_12 6_13,0.428571,0.250000,0.290323,0.212121,0.481481,0.290323,,0.290323,0.052632,0.379310
2025-05-28,B3: DoY season,7,0.285714,0.100000,0_9 1_10,0_10 1_11 2_10 2_2 3_11 3_12 3_13 3_3 4_1 4_13 4_2 4_3 5_1 5_10 5_3 5_4 6_4 7_9,2_14 5_5 6_10 6_12 6_13,0.428571,0.481481,0.290323,0.600000,0.600000,0.818182,0.290323,,0.052632,0.428571
2025-05-28,B0: Random,7,0.142857,0.050000,6_12,0_15 0_4 1_11 1_2 1_6 3_9 4_11 4_2 5_0 5_11 5_13 5_15 6_8 7_0 7_15 8_11 8_15 8_7 8_9,0_9 1_10 2_14 5_5 6_10 6_13,0.025641,0.052632,0.025641,0.025641,0.025641,0.052632,0.052632,0.052632,,0.000000
2025-05-29,GLM-Logit,6,0.333333,0.100000,6_10 6_4,0_9 1_10 2_10 2_12 3_11 3_12 3_13 3_14 3_2 4_1 4_3 4_4 5_1 5_2 5_3 6_12 7_6 7_9,2_14 3_3 5_11 5_7,0.818182,0.600000,0.481481,0.481481,0.666667,0.428571,0.538462,0.428571,0.081081,
2025-05-29,HierBayes,6,0.333333,0.100000,2_14 6_4,0_9 1_10 2_10 2_12 3_11 3_12 3_13 3_14 3_2 4_1 4_3 4_4 5_1 5_2 5_3 6_12 7_5 7_9,3_3 5_11 5_7 6_10,,0.600000,0.481481,0.481481,0.666667,0.481481,0.481481,0.428571,0.081081,0.818182
2025-05-29,B1: Static prior,6,0.333333,0.100000,3_3 6_4,1_10 2_10 2_9 3_10 3_11 3_12 3_13 4_1 4_2 4_3 4_4 5_1 5_2 5_3 6_12 7_5 7_6 7_9,2_14 5_11 5_7 6_10,0.600000,,0.538462,0.600000,0.428571,0.538462,0.290323,0.481481,0.111111,0.600000
2025-05-29,TTM,6,0.166667,0.050000,6_4,1_10 2_10 2_12 2_2 2_9 3_12 3_13 4_0 4_1 4_3 4_7 5_1 5_2 5_3 5_6 7_4 7_5 7_6 7_9,2_14 3_3 5_11 5_7 6_10,0.481481,0.538462,,0.538462,0.379310,0.428571,0.333333,0.379310,0.081081,0.481481
2025-05-29,ET,6,0.500000,0.150000,3_3 6_10 6_4,1_10 2_10 2_2 2_9 3_11 3_12 3_13 4_1 4_13 4_3 5_1 5_2 5_3 5_4 6_8 7_5 7_9,2_14 5_11 5_7,0.481481,0.600000,0.538462,,0.538462,0.666667,0.250000,0.600000,0.111111,0.481481
2025-05-29,B5: B2+B3,6,0.666667,0.200000,2_14 3_3 6_10 6_4,0_9 1_10 1_11 2_10 2_12 3_11 3_12 3_13 3_14 3_2 4_1 4_3 5_1 5_3 5_4 7_9,5_11 5_7,0.666667,0.428571,0.379310,0.538462,,0.600000,0.428571,0.600000,0.081081,0.666667
2025-05-29,B4: B1+B3,6,0.333333,0.100000,3_3 6_4,0_9 1_10 1_11 2_10 2_11 2_2 3_11 3_12 3_13 4_1 4_13 4_2 4_3 5_1 5_3 5_4 7_5 7_9,2_14 5_11 5_7 6_10,0.481481,0.538462,0.428571,0.666667,0.600000,,0.212121,0.904762,0.111111,0.428571
2025-05-29,B2: Recent MA,6,0.666667,0.200000,2_14 5_7 6_10 6_4,0_9 1_10 2_10 2_12 3_11 3_12 3_14 3_2 4_1 4_7 5_2 5_6 6_12 6_3 7_6 7_8,3_3 5_11,0.481481,0.290323,0.333333,0.250000,0.428571,0.212121,,0.212121,0.111111,0.538462
2025-05-29,B3: DoY season,6,0.333333,0.100000,3_3 6_4,0_9 1_10 1_11 2_10 2_11 2_2 3_11 3_12 3_13 4_1 4_12 4_13 4_2 4_3 5_1 5_3 5_4 7_9,2_14 5_11 5_7 6_10,0.428571,0.481481,0.379310,0.600000,0.600000,0.904762,0.212121,,0.111111,0.428571
2025-05-29,B0: Random,6,0.166667,0.050000,3_3,0_12 1_7 2_2 3_11 3_2 3_6 4_2 4_7 5_10 5_2 5_9 7_0 7_14 7_15 8_10 8_11 8_12 8_3 8_4,2_14 5_11 5_7 6_10 6_4,0.081081,0.111111,0.081081,0.111111,0.081081,0.111111,0.111111,0.111111,,0.081081
2025-05-30,GLM-Logit,6,0.666667,0.200000,0_9 4_3 6_10 7_6,1_10 2_10 2_12 3_11 3_12 3_13 3_2 3_3 4_1 4_4 5_1 5_2 5_3 6_12 6_4 7_9,0_10 1_3,0.739130,0.666667,0.600000,0.538462,0.600000,0.481481,0.428571,0.481481,0.025641,
2025-05-30,HierBayes,6,0.500000,0.150000,0_9 4_3 6_10,1_10 2_10 2_12 2_14 3_11 3_12 3_13 3_14 3_2 4_1 4_4 5_1 5_2 5_3 6_4 7_5 7_9,0_10 1_3 7_6,,0.538462,0.600000,0.538462,0.666667,0.481481,0.481481,0.428571,0.025641,0.739130
2025-05-30,B1: Static prior,6,0.333333,0.100000,4_3 7_6,1_10 2_10 2_9 3_10 3_11 3_12 3_13 3_3 4_1 4_2 4_4 5_1 5_2 5_3 6_12 6_4 7_5 7_9,0_10 0_9 1_3 6_10,0.538462,,0.666667,0.600000,0.481481,0.538462,0.250000,0.481481,0.025641,0.666667
2025-05-30,TTM,6,0.333333,0.100000,4_3 7_6,1_10 2_10 2_12 2_2 2_9 3_11 3_12 3_13 4_1 4_4 4_7 5_1 5_2 5_3 6_4 7_10 7_5 7_9,0_10 0_9 1_3 6_10,0.600000,0.666667,,0.600000,0.428571,0.481481,0.290323,0.428571,0.025641,0.600000
2025-05-30,ET,6,0.333333,0.100000,4_3 6_10,1_10 2_10 2_2 2_9 3_11 3_12 3_13 3_3 4_1 4_13 5_1 5_2 5_3 5_4 6_4 6_8 7_5 7_9,0_10 0_9 1_3 7_6,0.538462,0.600000,0.600000,,0.538462,0.666667,0.250000,0.600000,0.025641,0.538462
2025-05-30,B5: B2+B3,6,0.500000,0.150000,0_9 4_3 6_10,1_10 2_10 2_11 2_12 2_14 3_11 3_12 3_13 3_14 3_3 4_1 4_2 5_1 5_3 5_4 6_4 7_9,0_10 1_3 7_6,0.666667,0.481481,0.428571,0.538462,,0.666667,0.379310,0.666667,0.052632,0.600000
2025-05-30,B4: B1+B3,6,0.333333,0.100000,0_9 4_3,1_10 1_11 2_10 2_11 2_2 3_11 3_12 3_13 3_3 4_1 4_13 4_2 5_1 5_3 5_4 6_4 7_5 7_9,0_10 1_3 6_10 7_6,0.481481,0.538462,0.481481,0.666667,0.666667,,0.212121,0.904762,0.025641,0.481481
2025-05-30,B2: Recent MA,6,0.333333,0.100000,0_9 6_10,1_10 2_10 2_12 2_14 3_11 3_12 3_14 3_2 4_1 4_7 5_11 5_2 5_5 5_6 5_7 6_12 6_3 6_4,0_10 1_3 4_3 7_6,0.481481,0.250000,0.290323,0.250000,0.379310,0.212121,,0.212121,0.081081,0.428571
2025-05-30,B3: DoY season,6,0.333333,0.100000,0_9 4_3,1_10 1_11 2_10 2_11 2_2 3_11 3_12 3_13 3_3 4_1 4_13 4_2 5_1 5_3 5_4 6_4 6_7 7_9,0_10 1_3 6_10 7_6,0.428571,0.481481,0.428571,0.600000,0.666667,0.904762,0.212121,,0.025641,0.481481
2025-05-30,B0: Random,6,0.333333,0.100000,0_10 6_10,0_14 0_4 0_6 0_7 1_0 1_4 1_7 2_6 2_7 2_8 4_2 4_7 5_12 6_3 7_0 7_1 8_15 8_5,0_9 1_3 4_3 7_6,0.025641,0.025641,0.025641,0.025641,0.052632,0.025641,0.081081,0.025641,,0.025641
2025-05-31,GLM-Logit,1,1.000000,0.050000,3_13,0_9 1_10 2_10 2_12 3_11 3_12 3_2 3_3 4_1 4_3 4_4 5_1 5_2 5_3 6_10 6_12 6_4 7_6 7_9,,0.739130,0.666667,0.538462,0.538462,0.666667,0.481481,0.428571,0.481481,0.111111,
2025-05-31,HierBayes,1,1.000000,0.050000,3_13,0_9 1_10 2_10 2_12 2_14 3_11 3_12 3_14 3_2 4_1 4_3 4_4 5_1 5_2 5_3 6_10 6_4 7_5 7_9,,,0.538462,0.600000,0.538462,0.739130,0.428571,0.481481,0.428571,0.081081,0.739130
2025-05-31,B1: Static prior,1,1.000000,0.050000,3_13,1_10 2_10 2_9 3_10 3_11 3_12 3_3 4_1 4_2 4_3 4_4 5_1 5_2 5_3 6_12 6_4 7_5 7_6 7_9,,0.538462,,0.666667,0.600000,0.481481,0.481481,0.250000,0.481481,0.176471,0.666667
2025-05-31,TTM,1,1.000000,0.050000,3_13,1_10 2_10 2_12 2_2 2_9 3_10 3_11 3_12 4_1 4_3 4_4 4_7 5_1 5_2 5_3 6_4 7_4 7_5 7_9,,0.600000,0.666667,,0.600000,0.428571,0.428571,0.290323,0.428571,0.142857,0.538462
2025-05-31,ET,1,1.000000,0.050000,3_13,1_10 2_10 2_2 2_9 3_11 3_12 3_3 4_1 4_13 4_3 5_1 5_2 5_3 5_4 6_10 6_4 6_8 7_5 7_9,,0.538462,0.600000,0.600000,,0.538462,0.600000,0.250000,0.600000,0.111111,0.538462
2025-05-31,B5: B2+B3,1,1.000000,0.050000,3_13,0_9 1_10 2_10 2_12 2_14 3_11 3_12 3_14 3_2 3_3 4_1 4_2 4_3 5_1 5_3 5_4 6_10 6_4 7_9,,0.739130,0.481481,0.428571,0.538462,,0.600000,0.481481,0.600000,0.052632,0.666667
2025-05-31,B4: B1+B3,1,1.000000,0.050000,3_13,0_9 1_10 1_11 2_10 2_11 2_2 3_11 3_12 3_3 4_1 4_13 4_2 4_3 5_1 5_3 5_4 6_4 6_7 7_9,,0.428571,0.481481,0.428571,0.600000,0.600000,,0.250000,1.000000,0.052632,0.481481
2025-05-31,B2: Recent MA,1,0.000000,0.000000,,0_10 0_9 1_10 1_3 2_10 2_12 2_14 3_11 3_12 3_14 3_2 4_1 4_3 4_7 5_11 5_6 5_7 6_10 6_12 6_4,3_13,0.481481,0.250000,0.290323,0.250000,0.481481,0.250000,,0.250000,0.000000,0.428571
2025-05-31,B3: DoY season,1,1.000000,0.050000,3_13,0_9 1_10 1_11 2_10 2_11 2_2 3_11 3_12 3_3 4_1 4_13 4_2 4_3 5_1 5_3 5_4 6_4 6_7 7_9,,0.428571,0.481481,0.428571,0.600000,0.600000,1.000000,0.250000,,0.052632,0.481481
2025-05-31,B0: Random,1,1.000000,0.050000,3_13,0_3 1_14 2_0 2_4 2_9 3_10 3_8 4_15 4_5 4_9 5_2 6_13 6_14 6_2 7_0 7_6 7_9 8_11 8_14,,0.081081,0.176471,0.142857,0.111111,0.052632,0.052632,0.000000,0.052632,,0.111111
2025-06-01,GLM-Logit,0,,0.000000,,0_9 1_10 2_10 2_12 3_11 3_12 3_13 3_2 3_3 4_1 4_3 4_4 5_1 5_2 5_3 6_10 6_12 6_4 7_6 7_9,,0.739130,0.666667,0.600000,0.538462,0.666667,0.481481,0.481481,0.538462,0.000000,
2025-06-01,HierBayes,0,,0.000000,,0_9 1_10 2_10 2_12 2_14 3_11 3_12 3_13 3_14 3_2 4_1 4_3 4_4 5_1 5_2 5_3 6_10 6_4 7_5 7_9,,,0.538462,0.600000,0.428571,0.739130,0.481481,0.538462,0.481481,0.000000,0.739130
2025-06-01,B1: Static prior,0,,0.000000,,1_10 2_10 2_9 3_10 3_11 3_12 3_13 3_3 4_1 4_2 4_3 4_4 5_1 5_2 5_3 6_12 6_4 7_5 7_6 7_9,,0.538462,,0.666667,0.666667,0.428571,0.538462,0.290323,0.481481,0.000000,0.666667
2025-06-01,TTM,0,,0.000000,,1_10 2_10 2_12 2_2 3_10 3_11 3_12 3_13 4_1 4_2 4_3 5_1 5_2 5_3 6_10 6_4 7_4 7_5 7_6 7_9,,0.600000,0.666667,,0.600000,0.481481,0.481481,0.333333,0.481481,0.000000,0.600000
2025-06-01,ET,0,,0.000000,,0_9 1_10 3_10 3_11 3_12 3_13 3_3 4_1 4_2 5_1 5_2 5_3 5_4 5_7 6_12 6_4 7_4 7_5 7_6 7_9,,0.428571,0.666667,0.600000,,0.379310,0.538462,0.290323,0.481481,0.000000,0.538462
2025-06-01,B5: B2+B3,0,,0.000000,,0_9 1_10 2_10 2_11 2_12 2_14 3_11 3_12 3_13 3_14 3_2 3_3 4_1 4_3 5_1 5_3 6_10 6_4 6_7 7_9,,0.739130,0.428571,0.481481,0.379310,,0.600000,0.538462,0.666667,0.000000,0.666667
2025-06-01,B4: B1+B3,0,,0.000000,,0_9 1_10 1_11 2_10 2_11 3_11 3_12 3_13 3_3 4_1 4_13 4_2 4_3 5_1 5_3 5_4 6_4 6_7 7_5 7_9,,0.481481,0.538462,0.481481,0.538462,0.600000,,0.290323,0.904762,0.000000,0.481481
2025-06-01,B2: Recent MA,0,,0.000000,,0_10 0_9 1_10 1_3 2_10 2_12 2_14 3_11 3_12 3_13 3_14 3_2 4_1 4_3 5_11 5_6 5_7 6_10 6_12 6_4,,0.538462,0.290323,0.333333,0.290323,0.538462,0.290323,,0.333333,0.000000,0.481481
2025-06-01,B3: DoY season,0,,0.000000,,0_9 1_10 1_11 2_10 2_11 2_12 3_11 3_12 3_13 3_3 4_1 4_13 4_2 4_3 5_1 5_3 5_4 6_4 6_7 7_9,,0.481481,0.481481,0.481481,0.481481,0.666667,0.904762,0.333333,,0.000000,0.538462
2025-06-01,B0: Random,0,,0.000000,,0_5 1_0 1_14 2_1 3_1 3_8 4_12 4_5 5_10 5_14 6_0 6_2 6_9 7_10 7_11 7_12 7_15 8_0 8_1 8_2,,0.000000,0.000000,0.000000,0.000000,0.000000,0.000000,0.000000,0.000000,,0.000000
2025-06-02,GLM-Logit,7,0.285714,0.100000,0_9 3_12,1_10 2_10 3_10 3_11 3_13 3_2 3_3 4_1 4_3 4_4 5_1 5_2 5_3 6_10 6_12 6_4 7_6 7_9,4_12 5_6 6_11 6_5 7_12,0.666667,0.739130,0.538462,0.600000,0.538462,0.481481,0.428571,0.481481,0.025641,
2025-06-02,HierBayes,7,0.285714,0.100000,0_9 3_12,1_10 2_10 2_12 2_14 3_11 3_13 3_14 3_2 4_1 4_3 5_1 5_2 5_3 6_10 6_12 6_4 7_5 7_9,4_12 5_6 6_11 6_5 7_12,,0.538462,0.600000,0.481481,0.600000,0.481481,0.600000,0.481481,0.025641,0.666667
2025-06-02,B1: Static prior,7,0.142857,0.050000,3_12,1_10 2_10 2_9 3_10 3_11 3_13 3_3 4_1 4_2 4_3 4_4 5_1 5_2 5_3 6_12 6_4 7_5 7_6 7_9,0_9 4_12 5_6 6_11 6_5 7_12,0.538462,,0.600000,0.666667,0.538462,0.600000,0.290323,0.481481,0.025641,0.739130
2025-06-02,TTM,7,0.142857,0.050000,3_12,1_10 1_11 2_10 2_12 3_10 3_11 3_13 4_1 4_3 5_1 5_2 5_3 5_5 6_12 6_4 6_7 7_4 7_5 7_9,0_9 4_12 5_6 6_11 6_5 7_12,0.600000,0.600000,,0.538462,0.481481,0.481481,0.333333,0.481481,0.025641,0.538462
2025-06-02,ET,7,0.285714,0.100000,0_9 3_12,1_10 3_10 3_11 3_13 3_3 4_1 4_2 5_1 5_2 5_3 5_4 5_7 6_12 6_4 7_4 7_5 7_6 7_9,4_12 5_6 6_11 6_5 7_12,0.481481,0.666667,0.538462,,0.538462,0.538462,0.290323,0.481481,0.000000,0.600000
2025-06-02,B5: B2+B3,7,0.285714,0.100000,0_9 3_12,1_10 2_10 2_12 2_14 3_11 3_13 3_14 3_3 4_1 4_2 4_3 5_1 5_3 5_4 6_4 6_7 7_6 7_9,4_12 5_6 6_11 6_5 7_12,0.600000,0.538462,0.481481,0.538462,,0.666667,0.428571,0.739130,0.025641,0.538462
2025-06-02,B4: B1+B3,7,0.285714,0.100000,0_9 3_12,1_10 2_10 2_11 2_9 3_11 3_13 3_3 4_1 4_13 4_2 4_3 5_1 5_3 5_4 6_4 6_7 7_5 7_9,4_12 5_6 6_11 6_5 7_12,0.481481,0.600000,0.481481,0.538462,0.666667,,0.290323,0.818182,0.052632,0.481481
2025-06-02,B2: Recent MA,7,0.428571,0.150000,0_9 3_12 5_6,0_10 1_10 1_3 2_10 2_12 2_14 3_11 3_13 3_14 3_2 4_1 4_3 5_11 5_7 6_10 6_12 6_4,4_12 6_11 6_5 7_12,0.600000,0.290323,0.333333,0.290323,0.428571,0.290323,,0.333333,0.025641,0.428571
2025-06-02,B3: DoY season,7,0.285714,0.100000,0_9 3_12,1_10 2_10 2_11 2_12 3_11 3_13 3_3 4_1 4_13 4_2 4_3 5_1 5_3 5_4 6_4 6_7 7_11 7_9,4_12 5_6 6_11 6_5 7_12,0.481481,0.481481,0.481481,0.481481,0.739130,0.818182,0.333333,,0.081081,0.481481
2025-06-02,B0: Random,7,0.000000,0.000000,,0_1 0_15 1_0 1_1 1_7 1_8 2_13 3_6 4_10 4_13 4_3 4_6 5_9 6_0 6_1 7_11 7_2 7_3 8_14 8_3,0_9 3_12 4_12 5_6 6_11 6_5 7_12,0.025641,0.025641,0.025641,0.000000,0.025641,0.052632,0.025641,0.081081,,0.025641
2025-06-03,GLM-Logit,7,0.571429,0.200000,1_10 2_10 4_3 6_10,0_9 3_10 3_11 3_12 3_13 3_2 3_3 4_1 4_4 5_1 5_2 5_3 6_12 6_4 7_6 7_9,2_12 6_5 7_8,0.666667,0.739130,0.600000,0.600000,0.600000,0.538462,0.428571,0.481481,0.000000,
2025-06-03,HierBayes,7,0.714286,0.250000,1_10 2_10 2_12 4_3 6_10,0_9 2_14 3_11 3_12 3_13 3_14 3_2 4_1 5_1 5_2 5_3 6_12 6_4 7_5 7_9,6_5 7_8,,0.538462,0.600000,0.481481,0.666667,0.481481,0.538462,0.428571,0.025641,0.666667
2025-06-03,B1: Static prior,7,0.428571,0.150000,1_10 2_10 4_3,2_9 3_10 3_11 3_12 3_13 3_3 4_1 4_2 4_4 5_1 5_2 5_3 6_12 6_4 7_5 7_6 7_9,2_12 6_10 6_5 7_8,0.538462,,0.600000,0.666667,0.538462,0.666667,0.333333,0.600000,0.025641,0.739130
2025-06-03,TTM,7,0.714286,0.250000,1_10 2_10 2_12 4_3 6_10,2_2 3_10 3_11 3_12 3_13 4_1 4_4 5_1 5_2 5_3 6_4 6_7 7_4 7_5 7_9,6_5 7_8,0.600000,0.600000,,0.481481,0.481481,0.481481,0.333333,0.428571,0.025641,0.600000
2025-06-03,ET,7,0.142857,0.050000,1_10,0_9 3_10 3_11 3_12 3_13 3_3 4_1 4_2 5_1 5_2 5_3 5_4 5_7 6_12 6_4 7_4 7_5 7_6 7_9,2_10 2_12 4_3 6_10 6_5 7_8,0.481481,0.666667,0.481481,,0.538462,0.600000,0.333333,0.600000,0.025641,0.600000
2025-06-03,B5: B2+B3,7,0.571429,0.200000,1_10 2_10 2_12 4_3,0_9 2_14 3_11 3_12 3_13 3_14 3_3 4_1 5_1 5_2 5_3 5_4 5_6 6_4 7_6 7_9,6_10 6_5 7_8,0.666667,0.538462,0.481481,0.538462,,0.600000,0.538462,0.538462,0.052632,0.600000
2025-06-03,B4: B1+B3,7,0.428571,0.150000,1_10 2_10 4_3,0_9 2_9 3_11 3_12 3_13 3_3 4_1 4_13 4_2 5_1 5_3 5_4 6_4 6_7 7_5 7_6 7_9,2_12 6_10 6_5 7_8,0.481481,0.666667,0.481481,0.600000,0.600000,,0.333333,0.904762,0.025641,0.538462
2025-06-03,B2: Recent MA,7,0.714286,0.250000,1_10 2_10 2_12 4_3 6_10,0_10 0_9 1_3 2_14 3_11 3_12 3_13 3_14 4_1 5_11 5_6 5_7 6_12 6_4 7_6,6_5 7_8,0.538462,0.333333,0.333333,0.333333,0.538462,0.333333,,0.290323,0.081081,0.428571
2025-06-03,B3: DoY season,7,0.285714,0.100000,1_10 4_3,0_9 2_11 2_9 3_11 3_12 3_13 3_3 4_1 4_13 4_2 5_1 5_3 5_4 6_4 6_7 7_5 7_6 7_9,2_10 2_12 6_10 6_5 7_8,0.428571,0.600000,0.428571,0.600000,0.538462,0.904762,0.290323,,0.025641,0.481481
2025-06-03,B0: Random,7,0.142857,0.050000,2_12,0_15 1_15 1_5 2_7 3_15 3_7 4_12 4_2 4_9 5_0 5_11 5_15 5_6 6_2 7_0 7_7 8_1 8_10 8_9,1_10 2_10 4_3 6_10 6_5 7_8,0.025641,0.025641,0.025641,0.025641,0.052632,0.025641,0.081081,0.025641,,0.000000
2025-06-04,GLM-Logit,7,0.428571,0.150000,1_10 6_10 7_6,0_9 2_10 3_10 3_11 3_12 3_13 3_2 3_3 4_1 4_3 4_4 5_1 5_2 5_3 6_12 6_4 7_9,2_11 2_12 5_6 6_8,0.666667,0.739130,0.481481,0.600000,0.600000,0.538462,0.428571,0.481481,0.000000,
2025-06-04,HierBayes,7,0.428571,0.150000,1_10 2_12 6_10,0_9 2_10 2_14 3_11 3_12 3_13 3_14 3_2 4_1 4_3 5_1 5_2 5_3 6_12 6_4 7_5 7_9,2_11 5_6 6_8 7_6,,0.538462,0.428571,0.481481,0.666667,0.481481,0.538462,0.428571,0.000000,0.666667
2025-06-04,B1: Static prior,7,0.285714,0.100000,1_10 7_6,2_10 2_9 3_10 3_11 3_12 3_13 3_3 4_1 4_2 4_3 4_4 5_1 5_2 5_3 6_12 6_4 7_5 7_9,2_11 2_12 5_6 6_10 6_8,0.538462,,0.538462,0.666667,0.481481,0.666667,0.290323,0.600000,0.000000,0.739130
2025-06-04,TTM,7,0.285714,0.100000,1_10 6_10,2_10 2_9 3_10 3_13 3_3 4_0 4_1 4_3 5_1 5_2 5_3 5_4 6_3 6_4 6_7 7_4 7_5 7_9,2_11 2_12 5_6 6_8 7_6,0.428571,0.538462,,0.481481,0.428571,0.600000,0.212121,0.538462,0.025641,0.481481
2025-06-04,ET,7,0.285714,0.100000,1_10 7_6,0_9 3_10 3_11 3_12 3_13 3_3 4_1 4_2 5_1 5_2 5_3 5_4 5_7 6_12 6_4 7_4 7_5 7_9,2_11 2_12 5_6 6_10 6_8,0.481481,0.666667,0.481481,,0.481481,0.600000,0.290323,0.600000,0.000000,0.600000
2025-06-04,B5: B2+B3,7,0.714286,0.250000,1_10 2_12 5_6 6_10 7_6,0_9 2_10 2_14 3_11 3_12 3_13 3_14 3_3 4_1 4_3 5_1 5_2 5_4 6_4 7_9,2_11 6_8,0.666667,0.481481,0.428571,0.481481,,0.538462,0.538462,0.481481,0.000000,0.600000
2025-06-04,B4: B1+B3,7,0.428571,0.150000,1_10 2_11 7_6,0_9 2_10 2_9 3_12 3_13 3_3 4_1 4_2 4_3 5_1 5_2 5_3 5_4 6_4 6_7 7_5 7_9,2_12 5_6 6_10 6_8,0.481481,0.666667,0.600000,0.600000,0.538462,,0.290323,0.904762,0.000000,0.538462
2025-06-04,B2: Recent MA,7,0.714286,0.250000,1_10 2_12 5_6 6_10 7_6,0_10 0_9 2_10 2_14 3_12 3_13 3_14 3_2 4_1 4_3 5_7 6_12 6_4 6_5 7_8,2_11 6_8,0.538462,0.290323,0.212121,0.290323,0.538462,0.290323,,0.250000,0.025641,0.428571
2025-06-04,B3: DoY season,7,0.428571,0.150000,1_10 2_11 7_6,0_9 2_9 3_12 3_13 3_3 4_1 4_13 4_2 4_3 5_1 5_2 5_3 5_4 6_4 6_7 7_5 7_9,2_12 5_6 6_10 6_8,0.428571,0.600000,0.538462,0.600000,0.481481,0.904762,0.250000,,0.025641,0.481481
2025-06-04,B0: Random,7,0.000000,0.000000,,0_11 0_15 0_8 1_2 2_6 3_8 4_0 4_11 4_13 4_9 5_12 5_14 6_11 6_14 7_2 7_8 8_0 8_3 8_5 8_9,1_10 2_11 2_12 5_6 6_10 6_8 7_6,0.000000,0.000000,0.025641,0.000000,0.000000,0.000000,0.025641,0.025641,,0.000000
2025-06-05,GLM-Logit,6,0.500000,0.150000,1_10 5_3 6_10,0_9 2_10 2_12 3_12 3_13 3_2 3_3 4_1 4_3 4_4 5_1 5_2 5_6 6_12 6_4 7_6 7_9,2_11 3_10 7_5,0.818182,0.600000,0.666667,0.481481,0.666667,0.481481,0.600000,0.428571,0.052632,
2025-06-05,HierBayes,6,0.666667,0.200000,1_10 5_3 6_10 7_5,0_9 2_10 2_12 2_14 3_12 3_13 3_2 4_1 4_3 5_1 5_2 5_6 6_12 6_4 7_6 7_9,2_11 3_10,,0.538462,0.600000,0.481481,0.666667,0.481481,0.666667,0.428571,0.052632,0.818182
2025-06-05,B1: Static prior,6,0.666667,0.200000,1_10 3_10 5_3 7_5,2_10 2_9 3_11 3_12 3_13 3_3 4_1 4_2 4_3 4_4 5_1 5_2 6_12 6_4 7_6 7_9,2_11 6_10,0.538462,,0.739130,0.666667,0.481481,0.666667,0.333333,0.600000,0.025641,0.600000
2025-06-05,TTM,6,0.666667,0.200000,1_10 5_3 6_10 7_5,2_10 2_2 2_9 3_12 3_13 3_3 4_1 4_3 4_4 5_1 5_2 6_12 6_4 7_4 7_6 7_9,2_11 3_10,0.600000,0.739130,,0.538462,0.481481,0.600000,0.379310,0.538462,0.025641,0.666667
2025-06-05,ET,6,0.666667,0.200000,1_10 3_10 5_3 7_5,0_9 3_11 3_12 3_13 3_3 4_1 4_2 5_1 5_2 5_4 5_7 6_12 6_4 7_4 7_6 7_9,2_11 6_10,0.481481,0.666667,0.538462,,0.481481,0.538462,0.290323,0.538462,0.052632,0.481481
2025-06-05,B5: B2+B3,6,0.500000,0.150000,1_10 2_11 6_10,0_9 2_10 2_12 2_14 3_12 3_13 3_3 4_1 4_2 4_3 5_1 5_2 5_4 5_6 6_4 7_6 7_9,3_10 5_3 7_5,0.666667,0.481481,0.481481,0.481481,,0.600000,0.600000,0.538462,0.052632,0.666667
2025-06-05,B4: B1+B3,6,0.666667,0.200000,1_10 2_11 5_3 7_5,2_10 2_9 3_12 3_13 3_3 4_1 4_13 4_2 4_3 5_1 5_2 5_4 6_4 6_7 7_6 7_9,3_10 6_10,0.481481,0.666667,0.600000,0.538462,0.600000,,0.333333,0.904762,0.052632,0.481481
2025-06-05,B2: Recent MA,6,0.500000,0.150000,1_10 2_11 6_10,0_10 0_9 2_10 2_12 2_14 3_12 3_13 3_2 4_1 4_3 5_2 5_6 6_12 6_4 6_5 7_6 7_8,3_10 5_3 7_5,0.666667,0.333333,0.379310,0.290323,0.600000,0.333333,,0.290323,0.052632,0.600000
2025-06-05,B3: DoY season,6,0.666667,0.200000,1_10 2_11 5_3 7_5,2_9 3_12 3_13 3_3 4_1 4_13 4_2 4_3 5_1 5_2 5_4 6_4 6_7 6_8 7_6 7_9,3_10 6_10,0.428571,0.600000,0.538462,0.538462,0.538462,0.904762,0.290323,,0.052632,0.428571
2025-06-05,B0: Random,6,0.333333,0.100000,3_10 6_10,0_15 0_3 1_3 1_7 3_2 4_12 4_13 4_15 4_5 5_0 5_4 6_0 6_3 7_0 7_3 8_11 8_15 8_7,1_10 2_11 5_3 7_5,0.052632,0.025641,0.025641,0.052632,0.052632,0.052632,0.052632,0.052632,,0.052632
2025-06-06,GLM-Logit,8,0.625000,0.250000,1_10 3_12 4_3 5_1 6_12,0_9 2_10 2_12 3_10 3_13 3_2 4_1 5_2 5_3 5_6 6_10 6_4 7_5 7_6 7_9,0_10 2_14 4_0,0.904762,0.600000,0.600000,0.538462,0.739130,0.481481,0.600000,0.481481,0.025641,
2025-06-06,HierBayes,8,0.500000,0.200000,1_10 3_12 4_3 5_1,0_9 2_10 2_11 2_12 3_10 3_13 3_2 4_1 5_2 5_3 5_6 6_10 6_4 7_5 7_6 7_9,0_10 2_14 4_0 6_12,,0.538462,0.600000,0.481481,0.739130,0.481481,0.666667,0.538462,0.025641,0.904762
2025-06-06,B1: Static prior,8,0.625000,0.250000,1_10 3_12 4_3 5_1 6_12,2_10 2_9 3_10 3_11 3_13 3_3 4_1 4_2 4_4 5_2 5_3 6_4 7_5 7_6 7_9,0_10 2_14 4_0,0.538462,,0.538462,0.666667,0.538462,0.666667,0.333333,0.600000,0.052632,0.600000
2025-06-06,TTM,8,0.500000,0.200000,1_10 3_12 4_3 5_1,2_10 2_12 2_15 2_2 3_3 4_1 4_4 5_2 5_3 5_6 6_10 6_4 7_4 7_5 7_6 7_9,0_10 2_14 4_0 6_12,0.600000,0.538462,,0.428571,0.600000,0.428571,0.428571,0.481481,0.052632,0.600000
2025-06-06,ET,8,0.500000,0.200000,1_10 3_12 5_1 6_12,0_9 3_10 3_11 3_13 3_3 4_1 4_2 5_2 5_3 5_4 5_7 6_4 7_4 7_5 7_6 7_9,0_10 2_14 4_0 4_3,0.481481,0.666667,0.428571,,0.481481,0.538462,0.290323,0.538462,0.081081,0.538462
2025-06-06,B5: B2+B3,8,0.750000,0.300000,1_10 2_14 3_12 4_3 5_1 6_12,0_9 2_10 2_11 2_12 3_13 3_3 4_1 5_2 5_3 5_6 6_10 6_4 7_6 7_9,0_10 4_0,0.739130,0.538462,0.600000,0.481481,,0.538462,0.666667,0.538462,0.025641,0.739130
2025-06-06,B4: B1+B3,8,0.625000,0.250000,1_10 3_12 4_3 5_1 6_12,2_10 2_11 2_9 3_13 3_3 4_1 4_13 4_2 5_3 5_4 6_4 6_7 7_5 7_6 7_9,0_10 2_14 4_0,0.481481,0.666667,0.428571,0.538462,0.538462,,0.333333,0.818182,0.025641,0.481481
2025-06-06,B2: Recent MA,8,0.625000,0.250000,0_10 1_10 2_14 3_12 4_3,0_9 2_10 2_11 2_12 3_13 3_2 4_1 5_2 5_3 5_6 6_10 6_4 6_5 7_6 7_8,4_0 5_1 6_12,0.666667,0.333333,0.428571,0.290323,0.666667,0.333333,,0.379310,0.000000,0.600000
2025-06-06,B3: DoY season,8,0.500000,0.200000,1_10 3_12 4_3 5_1,2_10 2_11 3_13 3_3 4_1 4_13 4_2 5_2 5_3 5_4 6_4 6_7 6_8 7_5 7_6 7_9,0_10 2_14 4_0 6_12,0.538462,0.600000,0.481481,0.538462,0.538462,0.818182,0.379310,,0.025641,0.481481
2025-06-06,B0: Random,8,0.000000,0.000000,,0_13 1_13 1_2 2_0 2_13 2_5 3_10 3_3 3_6 3_8 3_9 5_10 5_11 5_12 5_13 7_1 7_12 7_14 7_4 8_15,0_10 1_10 2_14 3_12 4_0 4_3 5_1 6_12,0.025641,0.052632,0.052632,0.081081,0.025641,0.025641,0.000000,0.025641,,0.025641
2025-06-07,GLM-Logit,2,1.000000,0.100000,1_10 5_1,0_9 2_10 2_12 3_10 3_12 3_13 4_1 4_3 4_4 5_2 5_3 5_6 6_10 6_12 6_4 7_5 7_6 7_9,,0.904762,0.666667,0.600000,0.538462,0.739130,0.538462,0.538462,0.481481,0.111111,
2025-06-07,HierBayes,2,1.000000,0.100000,1_10 5_1,0_9 2_10 2_12 2_14 3_10 3_12 3_13 4_1 4_3 5_2 5_3 5_6 6_10 6_12 6_4 7_5 7_6 7_9,,,0.600000,0.538462,0.538462,0.818182,0.538462,0.600000,0.481481,0.111111,0.904762
2025-06-07,B1: Static prior,2,1.000000,0.100000,1_10 5_1,2_10 2_9 3_10 3_11 3_12 3_13 3_3 4_1 4_2 4_3 4_4 5_2 5_3 6_12 6_4 7_5 7_6 7_9,,0.600000,,0.666667,0.666667,0.538462,0.818182,0.333333,0.739130,0.111111,0.666667
2025-06-07,TTM,2,1.000000,0.100000,1_10 5_1,2_10 2_9 3_11 3_12 3_9 4_1 4_2 4_3 4_4 5_2 5_3 5_6 6_10 6_4 7_4 7_5 7_6 7_9,,0.538462,0.666667,,0.481481,0.481481,0.600000,0.333333,0.600000,0.111111,0.600000
2025-06-07,ET,2,1.000000,0.100000,1_10 5_1,0_9 3_10 3_11 3_12 3_13 3_3 4_1 4_2 5_2 5_3 5_4 5_7 6_12 6_4 7_4 7_5 7_6 7_9,,0.538462,0.666667,0.481481,,0.481481,0.666667,0.290323,0.600000,0.081081,0.538462
2025-06-07,B5: B2+B3,2,1.000000,0.100000,1_10 5_1,0_9 2_10 2_11 2_12 2_14 3_12 3_13 3_3 4_1 4_3 5_2 5_3 5_6 6_10 6_12 6_4 7_6 7_9,,0.818182,0.538462,0.481481,0.481481,,0.600000,0.600000,0.538462,0.111111,0.739130
2025-06-07,B4: B1+B3,2,1.000000,0.100000,1_10 5_1,2_10 2_11 2_9 3_11 3_12 3_13 3_3 4_1 4_2 4_3 5_2 5_3 5_4 6_12 6_4 7_5 7_6 7_9,,0.538462,0.818182,0.600000,0.666667,0.600000,,0.333333,0.904762,0.111111,0.538462
2025-06-07,B2: Recent MA,2,0.500000,0.050000,1_10,0_10 0_9 1_3 2_10 2_11 2_12 2_14 3_10 3_12 4_3 5_2 5_3 5_6 6_10 6_12 6_4 6_5 7_6 7_8,5_1,0.600000,0.333333,0.333333,0.290323,0.600000,0.333333,,0.290323,0.142857,0.538462
2025-06-07,B3: DoY season,2,1.000000,0.100000,1_10 5_1,2_10 2_11 2_9 3_11 3_12 3_13 3_3 4_1 4_2 4_3 5_2 5_3 5_4 6_4 6_7 7_5 7_6 7_9,,0.481481,0.739130,0.600000,0.600000,0.538462,0.904762,0.290323,,0.111111,0.481481
2025-06-07,B0: Random,2,0.500000,0.050000,1_10,0_14 1_15 1_4 1_5 2_13 3_6 4_11 4_3 5_0 5_2 5_3 5_8 6_13 7_10 7_15 7_8 8_12 8_14 8_3,5_1,0.111111,0.111111,0.111111,0.081081,0.111111,0.111111,0.142857,0.111111,,0.111111
2025-06-08,GLM-Logit,5,0.400000,0.100000,3_12 6_10,0_9 1_10 2_10 2_12 3_10 3_13 4_1 4_3 4_4 5_1 5_2 5_3 5_6 6_12 6_4 7_5 7_6 7_9,1_11 2_13 3_11,0.904762,0.666667,0.600000,0.538462,0.666667,0.600000,0.600000,0.538462,0.025641,
2025-06-08,HierBayes,5,0.400000,0.100000,3_12 6_10,0_9 1_10 2_10 2_12 2_14 3_10 3_13 4_1 4_3 5_1 5_2 5_3 5_6 6_12 6_4 7_5 7_6 7_9,1_11 2_13 3_11,,0.600000,0.538462,0.538462,0.739130,0.600000,0.666667,0.538462,0.025641,0.904762
2025-06-08,B1: Static prior,5,0.400000,0.100000,3_11 3_12,1_10 2_10 2_9 3_10 3_13 3_3 4_1 4_2 4_3 4_4 5_1 5_2 5_3 6_12 6_4 7_5 7_6 7_9,1_11 2_13 6_10,0.600000,,0.600000,0.666667,0.538462,0.818182,0.379310,0.739130,0.052632,0.666667
2025-06-08,TTM,5,0.200000,0.050000,6_10,1_10 2_10 2_9 3_13 4_1 4_2 4_3 4_4 5_1 5_2 5_3 5_4 5_6 6_4 6_7 7_4 7_5 7_6 7_9,1_11 2_13 3_11 3_12,0.538462,0.600000,,0.481481,0.481481,0.538462,0.333333,0.600000,0.025641,0.600000
2025-06-08,ET,5,0.400000,0.100000,3_11 3_12,0_9 1_10 3_10 3_13 3_3 4_1 4_2 5_1 5_2 5_3 5_4 5_7 6_12 6_4 7_4 7_5 7_6 7_9,1_11 2_13 6_10,0.538462,0.666667,0.481481,,0.481481,0.739130,0.333333,0.666667,0.052632,0.538462
2025-06-08,B5: B2+B3,5,0.400000,0.100000,3_12 6_10,0_9 1_10 2_10 2_11 2_12 2_14 3_13 3_3 4_1 4_2 4_3 5_1 5_2 5_6 6_12 6_4 7_6 7_9,1_11 2_13 3_11,0.739130,0.538462,0.481481,0.481481,,0.600000,0.600000,0.538462,0.052632,0.666667
2025-06-08,B4: B1+B3,5,0.400000,0.100000,3_11 3_12,1_10 2_10 2_11 3_10 3_13 3_3 4_1 4_2 4_3 5_1 5_2 5_3 5_4 6_12 6_4 7_5 7_6 7_9,1_11 2_13 6_10,0.600000,0.818182,0.538462,0.739130,0.600000,,0.428571,0.904762,0.052632,0.600000
2025-06-08,B2: Recent MA,5,0.400000,0.100000,3_12 6_10,0_10 0_9 1_10 2_10 2_11 2_12 2_14 3_10 4_3 5_1 5_2 5_3 5_6 6_12 6_4 6_5 7_6 7_8,1_11 2_13 3_11,0.666667,0.379310,0.333333,0.333333,0.600000,0.428571,,0.379310,0.025641,0.600000
2025-06-08,B3: DoY season,5,0.400000,0.100000,3_11 3_12,1_10 2_10 2_11 3_10 3_13 3_3 4_1 4_2 4_3 5_1 5_2 5_3 5_4 6_4 6_7 7_5 7_6 7_9,1_11 2_13 6_10,0.538462,0.739130,0.600000,0.666667,0.538462,0.904762,0.379310,,0.052632,0.538462
2025-06-08,B0: Random,5,0.000000,0.000000,,0_1 0_12 0_14 0_6 1_12 1_13 1_6 1_9 3_13 3_14 3_3 3_4 3_9 4_6 6_1 6_5 8_4 8_6 8_7 8_9,1_11 2_13 3_11 3_12 6_10,0.025641,0.052632,0.025641,0.052632,0.052632,0.052632,0.025641,0.052632,,0.025641
2025-06-09,GLM-Logit,6,0.500000,0.150000,3_12 4_1 6_10,0_9 1_10 2_10 2_12 3_10 3_11 3_13 4_3 5_1 5_2 5_3 5_6 6_12 6_4 7_5 7_6 7_9,4_4 6_11 6_8,0.904762,0.666667,0.538462,0.600000,0.818182,0.600000,0.666667,0.600000,0.025641,
2025-06-09,HierBayes,6,0.500000,0.150000,3_12 4_1 6_10,0_9 1_10 2_10 2_12 2_14 3_10 3_13 4_3 5_1 5_2 5_3 5_6 6_12 6_4 7_5 7_6 7_9,4_4 6_11 6_8,,0.600000,0.538462,0.538462,0.818182,0.538462,0.739130,0.538462,0.025641,0.904762
2025-06-09,B1: Static prior,6,0.500000,0.150000,3_12 4_1 4_4,1_10 2_10 2_9 3_10 3_11 3_13 3_3 4_2 4_3 5_1 5_2 5_3 6_12 6_4 7_5 7_6 7_9,6_10 6_11 6_8,0.600000,,0.666667,0.666667,0.538462,0.818182,0.428571,0.818182,0.025641,0.666667
2025-06-09,TTM,6,0.666667,0.200000,3_12 4_1 4_4 6_10,1_10 2_10 2_2 2_9 3_10 3_13 4_2 4_3 5_1 5_2 5_3 5_4 6_4 7_4 7_5 7_9,6_11 6_8,0.538462,0.666667,,0.538462,0.428571,0.600000,0.379310,0.600000,0.052632,0.538462
2025-06-09,ET,6,0.333333,0.100000,3_12 4_1,0_9 1_10 3_10 3_11 3_13 3_3 4_2 5_1 5_2 5_3 5_4 5_7 6_12 6_4 7_4 7_5 7_6 7_9,4_4 6_10 6_11 6_8,0.538462,0.666667,0.538462,,0.481481,0.739130,0.379310,0.739130,0.025641,0.600000
2025-06-09,B5: B2+B3,6,0.500000,0.150000,3_12 4_1 6_10,0_9 1_10 2_10 2_11 2_12 2_14 3_11 3_13 4_3 5_1 5_2 5_3 5_6 6_12 6_4 7_6 7_9,4_4 6_11 6_8,0.818182,0.538462,0.428571,0.481481,,0.538462,0.739130,0.538462,0.052632,0.818182
2025-06-09,B4: B1+B3,6,0.333333,0.100000,3_12 4_1,1_10 2_10 2_11 2_9 3_10 3_11 3_13 3_3 4_2 5_1 5_2 5_3 5_4 6_12 6_4 7_5 7_6 7_9,4_4 6_10 6_11 6_8,0.538462,0.818182,0.600000,0.739130,0.538462,,0.428571,1.000000,0.052632,0.600000
2025-06-09,B2: Recent MA,6,0.333333,0.100000,3_12 6_10,0_10 0_9 1_10 2_10 2_11 2_12 2_14 3_10 3_13 4_3 5_1 5_2 5_3 5_6 6_12 6_4 7_6 7_8,4_1 4_4 6_11 6_8,0.739130,0.428571,0.379310,0.379310,0.739130,0.428571,,0.428571,0.025641,0.666667
2025-06-09,B3: DoY season,6,0.333333,0.100000,3_12 4_1,1_10 2_10 2_11 2_9 3_10 3_11 3_13 3_3 4_2 5_1 5_2 5_3 5_4 6_12 6_4 7_5 7_6 7_9,4_4 6_10 6_11 6_8,0.538462,0.818182,0.600000,0.739130,0.538462,1.000000,0.428571,,0.052632,0.600000
2025-06-09,B0: Random,6,0.166667,0.050000,6_8,0_6 0_7 1_12 1_6 2_11 2_2 2_6 3_6 3_9 5_11 5_12 5_15 6_2 7_9 8_1 8_12 8_14 8_5 8_9,3_12 4_1 4_4 6_10 6_11,0.025641,0.025641,0.052632,0.025641,0.052632,0.052632,0.025641,0.052632,,0.025641
2025-06-10,GLM-Logit,4,1.000000,0.200000,1_10 3_12 4_1 7_9,0_9 2_10 2_12 3_11 3_13 4_3 4_4 5_1 5_2 5_3 5_6 6_10 6_12 6_4 7_5 7_6,,0.904762,0.666667,0.600000,0.538462,0.818182,0.600000,0.600000,0.538462,0.081081,
2025-06-10,HierBayes,4,1.000000,0.200000,1_10 3_12 4_1 7_9,0_9 2_10 2_12 2_14 3_11 3_13 4_3 5_1 5_2 5_3 5_6 6_10 6_12 6_4 7_5 7_6,,,0.600000,0.600000,0.538462,0.904762,0.600000,0.666667,0.538462,0.081081,0.904762
2025-06-10,B1: Static prior,4,1.000000,0.200000,1_10 3_12 4_1 7_9,2_10 2_9 3_10 3_11 3_13 3_3 4_2 4_3 4_4 5_1 5_2 5_3 6_12 6_4 7_5 7_6,,0.600000,,0.739130,0.666667,0.538462,0.818182,0.379310,0.739130,0.111111,0.666667
2025-06-10,TTM,4,1.000000,0.200000,1_10 3_12 4_1 7_9,2_10 2_9 3_1 3_10 3_11 3_13 4_2 4_3 5_1 5_2 5_3 6_10 6_4 7_4 7_5 7_6,,0.600000,0.739130,,0.600000,0.538462,0.666667,0.379310,0.739130,0.111111,0.600000
2025-06-10,ET,4,1.000000,0.200000,1_10 3_12 4_1 7_9,0_9 3_10 3_11 3_13 3_3 4_2 5_1 5_2 5_3 5_4 5_7 6_12 6_4 7_4 7_5 7_6,,0.538462,0.666667,0.600000,,0.481481,0.666667,0.333333,0.666667,0.081081,0.538462
2025-06-10,B5: B2+B3,4,1.000000,0.200000,1_10 3_12 4_1 7_9,0_9 2_10 2_11 2_12 2_14 3_11 3_13 4_3 5_1 5_2 5_3 5_6 6_10 6_12 6_4 7_6,,0.904762,0.538462,0.538462,0.481481,,0.600000,0.739130,0.538462,0.081081,0.818182
2025-06-10,B4: B1+B3,4,1.000000,0.200000,1_10 3_12 4_1 7_9,2_10 2_11 2_9 3_11 3_13 3_3 4_2 4_3 5_1 5_2 5_3 5_4 6_12 6_4 7_5 7_6,,0.600000,0.818182,0.666667,0.666667,0.600000,,0.428571,0.904762,0.111111,0.600000
2025-06-10,B2: Recent MA,4,0.750000,0.150000,1_10 3_12 4_1,0_10 0_9 2_10 2_11 2_12 2_14 3_11 3_13 4_3 5_1 5_6 6_10 6_12 6_4 6_8 7_6 7_8,7_9,0.666667,0.379310,0.379310,0.333333,0.739130,0.428571,,0.379310,0.081081,0.600000
2025-06-10,B3: DoY season,4,1.000000,0.200000,1_10 3_12 4_1 7_9,2_10 2_11 2_9 3_11 3_13 3_3 4_2 4_3 5_1 5_2 5_3 5_4 6_4 7_4 7_5 7_6,,0.538462,0.739130,0.739130,0.666667,0.538462,0.904762,0.379310,,0.111111,0.538462
2025-06-10,B0: Random,4,0.500000,0.100000,3_12 4_1,0_15 0_4 1_2 1_4 1_5 1_6 2_1 3_15 3_8 4_2 4_3 4_8 5_0 5_12 7_12 8_15 8_3 8_8,1_10 7_9,0.081081,0.111111,0.111111,0.081081,0.081081,0.111111,0.081081,0.111111,,0.081081
2025-06-11,GLM-Logit,4,0.750000,0.150000,3_11 3_13 6_10,0_9 1_10 2_10 2_12 3_12 4_1 4_3 4_4 5_1 5_2 5_3 5_6 6_12 6_4 7_5 7_6 7_9,4_0,0.904762,0.666667,0.600000,0.538462,0.818182,0.538462,0.600000,0.481481,0.052632,
2025-06-11,HierBayes,4,0.750000,0.150000,3_11 3_13 6_10,0_9 1_10 2_10 2_12 2_14 3_12 4_1 4_3 5_1 5_2 5_3 5_6 6_12 6_4 7_5 7_6 7_9,4_0,,0.600000,0.538462,0.538462,0.904762,0.538462,0.666667,0.481481,0.052632,0.904762
2025-06-11,B1: Static prior,4,0.500000,0.100000,3_11 3_13,1_10 2_10 2_9 3_10 3_12 3_3 4_1 4_2 4_3 4_4 5_1 5_2 5_3 6_12 6_4 7_5 7_6 7_9,4_0 6_10,0.600000,,0.739130,0.666667,0.538462,0.818182,0.379310,0.739130,0.052632,0.666667
2025-06-11,TTM,4,0.500000,0.100000,3_13 6_10,1_10 1_11 2_10 2_9 3_10 4_1 4_2 4_3 4_4 5_1 5_2 5_3 6_12 6_4 7_4 7_5 7_6 7_9,3_11 4_0,0.538462,0.739130,,0.538462,0.481481,0.600000,0.379310,0.600000,0.052632,0.600000
2025-06-11,ET,4,0.500000,0.100000,3_11 3_13,0_9 1_10 3_10 3_12 3_3 4_1 4_2 5_1 5_2 5_3 5_4 5_7 6_12 6_4 7_4 7_5 7_6 7_9,4_0 6_10,0.538462,0.666667,0.538462,,0.481481,0.739130,0.333333,0.818182,0.025641,0.538462
2025-06-11,B5: B2+B3,4,0.750000,0.150000,3_11 3_13 6_10,0_9 1_10 2_10 2_11 2_12 2_14 3_12 4_1 4_3 5_1 5_2 5_3 5_6 6_12 6_4 7_6 7_9,4_0,0.904762,0.538462,0.481481,0.481481,,0.538462,0.739130,0.481481,0.052632,0.818182
2025-06-11,B4: B1+B3,4,0.500000,0.100000,3_11 3_13,1_10 2_11 2_9 3_10 3_12 3_3 4_1 4_2 4_3 5_1 5_2 5_3 5_4 6_12 6_4 7_5 7_6 7_9,4_0 6_10,0.538462,0.818182,0.600000,0.739130,0.538462,,0.379310,0.904762,0.025641,0.538462
2025-06-11,B2: Recent MA,4,0.500000,0.100000,3_13 6_10,0_10 0_9 1_10 2_10 2_11 2_12 2_14 3_12 4_1 4_3 5_1 5_6 6_12 6_4 6_8 7_6 7_8 7_9,3_11 4_0,0.666667,0.379310,0.379310,0.333333,0.739130,0.379310,,0.333333,0.052632,0.600000
2025-06-11,B3: DoY season,4,0.500000,0.100000,3_11 3_13,1_10 2_11 2_9 3_10 3_12 3_3 4_1 4_2 5_1 5_2 5_3 5_4 6_12 6_4 7_4 7_5 7_6 7_9,4_0 6_10,0.481481,0.739130,0.600000,0.818182,0.481481,0.904762,0.333333,,0.025641,0.481481
2025-06-11,B0: Random,4,0.000000,0.000000,,0_13 0_6 0_7 1_4 1_8 2_10 2_6 2_8 3_5 4_7 4_9 5_0 6_2 6_3 7_12 7_13 7_15 7_3 7_6 8_4,3_11 3_13 4_0 6_10,0.052632,0.052632,0.052632,0.025641,0.052632,0.025641,0.052632,0.025641,,0.052632
2025-06-12,GLM-Logit,6,0.500000,0.150000,4_1 4_4 5_1,0_9 1_10 2_10 2_12 3_11 3_12 3_13 4_3 5_2 5_3 5_6 6_10 6_12 6_4 7_5 7_6 7_9,4_7 6_11 6_7,0.904762,0.666667,0.739130,0.538462,0.818182,0.600000,0.600000,0.481481,0.111111,
2025-06-12,HierBayes,6,0.333333,0.100000,4_1 5_1,0_9 1_10 2_10 2_12 2_14 3_11 3_12 3_13 4_3 5_2 5_3 5_6 6_10 6_12 6_4 7_5 7_6 7_9,4_4 4_7 6_11 6_7,,0.600000,0.666667,0.538462,0.904762,0.600000,0.666667,0.481481,0.081081,0.904762
2025-06-12,B1: Static prior,6,0.500000,0.150000,4_1 4_4 5_1,1_10 2_10 2_9 3_10 3_11 3_12 3_13 3_3 4_2 4_3 5_2 5_3 6_12 6_4 7_5 7_6 7_9,4_7 6_11 6_7,0.600000,,0.666667,0.666667,0.538462,0.904762,0.379310,0.739130,0.052632,0.666667
2025-06-12,TTM,6,0.500000,0.150000,4_1 4_4 5_1,1_10 1_11 2_10 3_12 3_13 4_2 4_3 5_2 5_3 5_6 6_10 6_12 6_4 7_4 7_5 7_6 7_9,4_7 6_11 6_7,0.666667,0.666667,,0.538462,0.600000,0.600000,0.428571,0.538462,0.081081,0.739130
2025-06-12,ET,6,0.333333,0.100000,4_1 5_1,0_9 1_10 3_10 3_11 3_12 3_13 3_3 4_2 5_2 5_3 5_4 5_7 6_12 6_4 7_4 7_5 7_6 7_9,4_4 4_7 6_11 6_7,0.538462,0.666667,0.538462,,0.481481,0.666667,0.333333,0.739130,0.052632,0.538462
2025-06-12,B5: B2+B3,6,0.333333,0.100000,4_1 5_1,0_9 1_10 2_10 2_11 2_12 2_14 3_11 3_12 3_13 4_3 5_2 5_3 5_6 6_10 6_12 6_4 7_6 7_9,4_4 4_7 6_11 6_7,0.904762,0.538462,0.600000,0.481481,,0.600000,0.739130,0.481481,0.081081,0.818182
2025-06-12,B4: B1+B3,6,0.333333,0.100000,4_1 5_1,1_10 2_10 2_11 2_9 3_10 3_11 3_12 3_13 3_3 4_2 4_3 5_2 5_3 6_12 6_4 7_5 7_6 7_9,4_4 4_7 6_11 6_7,0.600000,0.904762,0.600000,0.666667,0.600000,,0.428571,0.818182,0.025641,0.600000
2025-06-12,B2: Recent MA,6,0.500000,0.150000,4_1 5_1 6_11,0_10 0_9 1_10 2_10 2_11 2_12 2_14 3_11 3_12 3_13 4_3 5_6 6_10 6_12 6_4 6_8 7_6,4_4 4_7 6_7,0.666667,0.379310,0.428571,0.333333,0.739130,0.428571,,0.333333,0.081081,0.600000
2025-06-12,B3: DoY season,6,0.500000,0.150000,4_1 5_1 6_7,1_10 2_11 2_9 3_10 3_11 3_12 3_13 3_3 4_2 5_2 5_3 6_12 6_4 7_4 7_5 7_6 7_9,4_4 4_7 6_11,0.481481,0.739130,0.538462,0.739130,0.481481,0.818182,0.333333,,0.025641,0.481481
2025-06-12,B0: Random,6,0.166667,0.050000,4_4,0_9 1_0 1_2 1_8 1_9 2_4 2_6 3_0 3_5 3_8 4_15 5_11 5_14 6_10 6_12 6_3 7_14 8_1 8_3,4_1 4_7 5_1 6_11 6_7,0.081081,0.052632,0.081081,0.052632,0.081081,0.025641,0.081081,0.025641,,0.111111
2025-06-13,GLM-Logit,7,0.428571,0.150000,3_11 3_13 4_3,0_9 1_10 2_10 2_12 3_12 4_1 4_4 5_1 5_2 5_3 5_6 6_10 6_12 6_4 7_5 7_6 7_9,4_2 4_6 5_5 7_8,0.818182,0.666667,0.600000,0.538462,0.739130,0.600000,0.600000,0.481481,0.081081,
2025-06-13,HierBayes,7,0.428571,0.150000,3_11 3_13 4_3,0_9 1_10 2_10 2_12 2_14 3_12 4_1 4_4 5_1 5_3 6_10 6_11 6_12 6_4 7_5 7_6 7_9,4_2 4_6 5_5 7_8,,0.600000,0.538462,0.481481,0.739130,0.538462,0.666667,0.428571,0.081081,0.818182
2025-06-13,B1: Static prior,7,0.571429,0.200000,3_11 3_13 4_2 4_3,1_10 2_10 2_9 3_10 3_12 3_3 4_1 4_4 5_1 5_2 5_3 6_12 6_4 7_5 7_6 7_9,4_6 5_5 7_8,0.600000,,0.600000,0.666667,0.481481,0.904762,0.379310,0.666667,0.081081,0.666667
2025-06-13,TTM,7,0.285714,0.100000,3_13 4_3,1_10 1_11 2_10 2_11 2_2 3_10 3_12 4_1 4_4 5_1 5_2 5_3 6_10 6_4 7_4 7_5 7_6 7_9,3_11 4_2 4_6 5_5 7_8,0.538462,0.600000,,0.481481,0.481481,0.600000,0.379310,0.538462,0.052632,0.600000
2025-06-13,ET,7,0.428571,0.150000,3_11 3_13 4_2,0_9 1_10 3_10 3_12 3_3 4_1 5_1 5_2 5_3 5_4 5_7 6_12 6_4 7_4 7_5 7_6 7_9,4_3 4_6 5_5 7_8,0.481481,0.666667,0.481481,,0.428571,0.739130,0.333333,0.739130,0.081081,0.538462
2025-06-13,B5: B2+B3,7,0.428571,0.150000,3_11 3_13 4_3,0_9 1_10 2_10 2_11 2_12 2_14 3_12 4_1 5_1 5_2 5_6 6_10 6_11 6_12 6_4 7_6 7_9,4_2 4_6 5_5 7_8,0.739130,0.481481,0.481481,0.428571,,0.481481,0.818182,0.428571,0.052632,0.739130
2025-06-13,B4: B1+B3,7,0.571429,0.200000,3_11 3_13 4_2 4_3,1_10 2_10 2_9 3_10 3_12 3_3 4_1 5_1 5_2 5_3 6_12 6_4 7_4 7_5 7_6 7_9,4_6 5_5 7_8,0.538462,0.904762,0.600000,0.739130,0.481481,,0.379310,0.739130,0.081081,0.600000
2025-06-13,B2: Recent MA,7,0.428571,0.150000,3_11 3_13 4_3,0_10 0_9 1_10 2_10 2_11 2_12 2_14 3_12 4_1 5_1 5_6 6_10 6_11 6_12 6_4 6_8 7_6,4_2 4_6 5_5 7_8,0.666667,0.379310,0.379310,0.333333,0.818182,0.379310,,0.333333,0.052632,0.600000
2025-06-13,B3: DoY season,7,0.428571,0.150000,3_11 3_13 4_2,1_10 2_11 2_9 3_10 3_12 3_2 4_1 5_1 5_2 5_3 5_4 6_12 6_4 7_4 7_5 7_6 7_9,4_3 4_6 5_5 7_8,0.428571,0.666667,0.538462,0.739130,0.428571,0.739130,0.333333,,0.111111,0.481481
2025-06-13,B0: Random,7,0.142857,0.050000,7_8,0_0 0_1 0_2 0_6 1_0 1_1 2_14 2_4 2_9 3_15 3_2 3_7 5_15 5_3 5_6 5_7 7_5 8_10 8_6,3_11 3_13 4_2 4_3 4_6 5_5,0.081081,0.081081,0.052632,0.081081,0.052632,0.081081,0.052632,0.111111,,0.081081
2025-06-14,GLM-Logit,10,0.500000,0.250000,1_10 3_11 4_3 6_4 7_9,0_9 2_10 2_12 3_12 3_13 4_1 4_4 5_1 5_2 5_3 5_6 6_10 6_12 7_5 7_6,6_3 6_5 7_8 8_6 8_9,0.818182,0.666667,0.600000,0.538462,0.818182,0.538462,0.600000,0.481481,0.052632,
2025-06-14,HierBayes,10,0.500000,0.250000,1_10 3_11 4_3 6_4 7_9,0_9 2_10 2_12 2_14 3_12 3_13 4_1 4_4 5_1 5_3 6_10 6_11 6_12 7_5 7_6,6_3 6_5 7_8 8_6 8_9,,0.600000,0.600000,0.481481,0.739130,0.481481,0.666667,0.428571,0.081081,0.818182
2025-06-14,B1: Static prior,10,0.500000,0.250000,1_10 3_11 4_3 6_4 7_9,2_10 2_9 3_10 3_12 3_13 3_3 4_1 4_2 4_4 5_1 5_2 5_3 6_12 7_5 7_6,6_3 6_5 7_8 8_6 8_9,0.600000,,0.600000,0.666667,0.538462,0.818182,0.379310,0.666667,0.052632,0.666667
2025-06-14,TTM,10,0.400000,0.200000,1_10 4_3 6_4 7_9,1_11 2_10 2_11 3_10 3_12 3_13 4_1 4_4 5_1 5_2 5_3 6_10 6_11 6_12 7_4 7_5,3_11 6_3 6_5 7_8 8_6 8_9,0.600000,0.600000,,0.481481,0.538462,0.538462,0.428571,0.481481,0.111111,0.600000
2025-06-14,ET,10,0.400000,0.200000,1_10 3_11 6_4 7_9,0_9 3_10 3_12 3_13 3_3 4_1 4_2 5_1 5_2 5_3 5_4 5_7 6_12 7_4 7_5 7_6,4_3 6_3 6_5 7_8 8_6 8_9,0.481481,0.666667,0.481481,,0.481481,0.818182,0.333333,0.739130,0.025641,0.538462
2025-06-14,B5: B2+B3,10,0.500000,0.250000,1_10 3_11 4_3 6_4 7_9,0_9 2_10 2_11 2_12 2_14 3_12 3_13 4_1 5_1 5_2 5_6 6_10 6_12 7_5 7_6,6_3 6_5 7_8 8_6 8_9,0.739130,0.538462,0.538462,0.481481,,0.481481,0.739130,0.428571,0.081081,0.818182
2025-06-14,B4: B1+B3,10,0.400000,0.200000,1_10 3_11 6_4 7_9,2_10 2_9 3_10 3_12 3_13 3_3 4_1 4_2 5_1 5_2 5_3 5_4 6_12 7_4 7_5 7_6,4_3 6_3 6_5 7_8 8_6 8_9,0.481481,0.818182,0.538462,0.818182,0.481481,,0.333333,0.818182,0.025641,0.538462
2025-06-14,B2: Recent MA,10,0.500000,0.250000,1_10 3_11 4_3 6_4 7_8,0_10 0_9 2_10 2_11 2_12 2_14 3_12 3_13 4_1 5_1 5_6 6_10 6_11 6_12 7_6,6_3 6_5 7_9 8_6 8_9,0.666667,0.379310,0.428571,0.333333,0.739130,0.333333,,0.290323,0.111111,0.600000
2025-06-14,B3: DoY season,10,0.400000,0.200000,1_10 3_11 6_4 7_9,2_9 3_10 3_12 3_13 3_2 4_1 4_2 5_1 5_2 5_3 5_4 5_5 6_12 7_4 7_5 7_6,4_3 6_3 6_5 7_8 8_6 8_9,0.428571,0.666667,0.481481,0.739130,0.428571,0.818182,0.290323,,0.025641,0.481481
2025-06-14,B0: Random,10,0.100000,0.050000,4_3,0_1 0_12 0_4 0_8 1_0 1_15 1_7 2_11 3_13 3_6 4_15 6_11 7_1 7_10 7_2 7_7 8_14 8_2 8_4,1_10 3_11 6_3 6_4 6_5 7_8 7_9 8_6 8_9,0.081081,0.052632,0.111111,0.025641,0.081081,0.025641,0.111111,0.025641,,0.052632
2025-06-15,GLM-Logit,6,0.333333,0.100000,4_4 7_9,0_9 1_10 2_10 2_12 3_11 3_12 3_13 4_1 4_3 5_1 5_3 5_6 6_10 6_11 6_12 6_4 7_5 7_6,4_2 5_12 5_5 8_10,0.818182,0.600000,0.481481,0.481481,0.666667,0.538462,0.666667,0.481481,0.025641,
2025-06-15,HierBayes,6,0.333333,0.100000,4_4 7_9,0_9 1_10 2_10 2_12 2_14 3_11 3_12 3_13 4_1 4_3 5_1 5_3 6_10 6_11 6_12 6_4 7_5 7_8,4_2 5_12 5_5 8_10,,0.538462,0.481481,0.428571,0.666667,0.481481,0.739130,0.428571,0.025641,0.818182
2025-06-15,B1: Static prior,6,0.500000,0.150000,4_2 4_4 7_9,1_10 2_10 2_9 3_10 3_11 3_12 3_13 3_3 4_1 4_3 5_1 5_2 5_3 6_12 6_4 7_5 7_6,5_12 5_5 8_10,0.538462,,0.600000,0.666667,0.481481,0.818182,0.379310,0.739130,0.111111,0.600000
2025-06-15,TTM,6,0.500000,0.150000,4_2 4_4 7_9,0_9 1_10 2_10 2_11 3_10 3_12 3_2 4_1 4_13 4_3 5_1 5_2 5_3 6_12 6_4 7_4 7_5,5_12 5_5 8_10,0.481481,0.600000,,0.538462,0.428571,0.600000,0.379310,0.600000,0.025641,0.481481
2025-06-15,ET,6,0.333333,0.100000,4_2 7_9,0_9 1_10 3_10 3_11 3_12 3_13 3_3 4_1 5_1 5_2 5_3 5_4 5_7 6_12 6_4 7_4 7_5 7_6,4_4 5_12 5_5 8_10,0.428571,0.666667,0.538462,,0.428571,0.739130,0.333333,0.739130,0.081081,0.481481
2025-06-15,B5: B2+B3,6,0.166667,0.050000,7_9,0_9 1_10 2_10 2_11 2_12 2_14 3_11 3_12 3_13 4_1 4_3 5_1 5_2 5_6 6_10 6_12 6_4 7_6 7_8,4_2 4_4 5_12 5_5 8_10,0.666667,0.481481,0.428571,0.428571,,0.428571,0.818182,0.428571,0.052632,0.666667
2025-06-15,B4: B1+B3,6,0.500000,0.150000,4_2 4_4 7_9,1_10 2_9 3_10 3_11 3_12 3_13 4_1 4_3 5_1 5_2 5_3 5_4 6_12 6_4 7_4 7_5 7_6,5_12 5_5 8_10,0.481481,0.818182,0.600000,0.739130,0.428571,,0.333333,0.904762,0.081081,0.538462
2025-06-15,B2: Recent MA,6,0.166667,0.050000,7_9,0_10 0_9 1_10 2_10 2_11 2_12 2_14 3_11 3_12 3_13 4_1 4_3 5_1 5_6 6_10 6_11 6_12 6_4 7_8,4_2 4_4 5_12 5_5 8_10,0.739130,0.379310,0.379310,0.333333,0.818182,0.333333,,0.333333,0.025641,0.666667
2025-06-15,B3: DoY season,6,0.333333,0.100000,4_2 7_9,1_10 2_9 3_10 3_11 3_12 3_13 3_2 4_1 4_3 5_1 5_2 5_3 5_4 6_12 6_4 7_4 7_5 7_6,4_4 5_12 5_5 8_10,0.428571,0.739130,0.600000,0.739130,0.428571,0.904762,0.333333,,0.081081,0.481481
2025-06-15,B0: Random,6,0.000000,0.000000,,0_1 0_11 0_13 0_3 1_15 1_7 2_13 2_15 2_9 3_11 3_3 4_12 4_5 5_0 5_11 5_2 7_12 7_13 8_12 8_15,4_2 4_4 5_12 5_5 7_9 8_10,0.025641,0.111111,0.025641,0.081081,0.052632,0.081081,0.025641,0.081081,,0.025641
2025-06-16,GLM-Logit,7,0.142857,0.050000,2_10,0_9 1_10 2_12 3_11 3_12 3_13 4_1 4_2 4_3 4_4 5_1 5_3 5_6 6_10 6_12 6_4 7_5 7_6 7_9,2_14 3_10 3_7 4_5 5_2 6_7,0.739130,0.666667,0.538462,0.538462,0.666667,0.600000,0.600000,0.538462,0.025641,
2025-06-16,HierBayes,7,0.285714,0.100000,2_10 2_14,0_9 1_10 2_12 3_11 3_12 3_13 4_1 4_3 4_4 5_1 5_3 6_10 6_11 6_12 6_4 7_5 7_8 7_9,3_10 3_7 4_5 5_2 6_7,,0.538462,0.481481,0.428571,0.666667,0.481481,0.739130,0.428571,0.052632,0.739130
2025-06-16,B1: Static prior,7,0.428571,0.150000,2_10 3_10 5_2,1_10 2_9 3_11 3_12 3_13 3_3 4_1 4_2 4_3 4_4 5_1 5_3 6_12 6_4 7_5 7_6 7_9,2_14 3_7 4_5 6_7,0.538462,,0.666667,0.666667,0.538462,0.818182,0.379310,0.739130,0.052632,0.666667
2025-06-16,TTM,7,0.285714,0.100000,2_10 5_2,1_10 2_2 3_12 3_13 3_2 3_3 4_1 4_2 4_3 4_4 5_1 5_3 5_4 6_12 6_4 7_4 7_5 7_9,2_14 3_10 3_7 4_5 6_7,0.481481,0.666667,,0.600000,0.428571,0.666667,0.333333,0.600000,0.052632,0.538462
2025-06-16,ET,7,0.285714,0.100000,3_10 5_2,0_9 1_10 3_11 3_12 3_13 3_3 4_1 4_2 5_1 5_3 5_4 5_7 6_12 6_4 7_4 7_5 7_6 7_9,2_10 2_14 3_7 4_5 6_7,0.428571,0.666667,0.600000,,0.481481,0.739130,0.290323,0.739130,0.052632,0.538462
2025-06-16,B5: B2+B3,7,0.428571,0.150000,2_10 2_14 5_2,0_9 1_10 2_12 3_11 3_12 3_13 4_1 4_2 4_3 5_1 5_5 6_10 6_12 6_4 7_6 7_8 7_9,3_10 3_7 4_5 6_7,0.666667,0.538462,0.428571,0.481481,,0.481481,0.600000,0.538462,0.081081,0.666667
2025-06-16,B4: B1+B3,7,0.285714,0.100000,3_10 5_2,1_10 2_9 3_11 3_12 3_13 4_1 4_2 4_3 4_4 5_1 5_3 5_4 6_12 6_4 7_4 7_5 7_6 7_9,2_10 2_14 3_7 4_5 6_7,0.481481,0.818182,0.666667,0.739130,0.481481,,0.333333,0.904762,0.052632,0.600000
2025-06-16,B2: Recent MA,7,0.285714,0.100000,2_10 2_14,0_10 0_9 1_10 2_11 2_12 3_11 3_12 3_13 4_1 4_3 4_4 5_1 5_6 6_10 6_11 6_12 7_8 7_9,3_10 3_7 4_5 5_2 6_7,0.739130,0.379310,0.333333,0.290323,0.600000,0.333333,,0.290323,0.081081,0.600000
2025-06-16,B3: DoY season,7,0.285714,0.100000,3_10 5_2,1_10 2_9 3_11 3_12 3_13 4_1 4_2 4_3 5_1 5_3 5_4 5_5 6_12 6_4 7_4 7_5 7_6 7_9,2_10 2_14 3_7 4_5 6_7,0.428571,0.739130,0.600000,0.739130,0.538462,0.904762,0.290323,,0.052632,0.538462
2025-06-16,B0: Random,7,0.428571,0.150000,3_7 4_5 5_2,0_0 0_10 0_12 0_8 2_1 3_12 3_8 5_0 5_15 6_0 7_0 7_11 7_15 7_7 7_8 8_12 8_14,2_10 2_14 3_10 6_7,0.052632,0.052632,0.052632,0.052632,0.081081,0.052632,0.081081,0.052632,,0.025641
2025-06-17,GLM-Logit,9,0.444444,0.200000,1_10 4_1 4_4 5_6,0_9 2_10 3_10 3_11 3_12 3_13 4_3 5_1 5_2 5_3 6_10 6_12 6_4 7_5 7_6 7_9,0_8 1_2 4_5 5_7 8_9,0.666667,0.739130,0.600000,0.600000,0.666667,0.739130,0.538462,0.538462,0.052632,
2025-06-17,HierBayes,9,0.333333,0.150000,1_10 4_1 4_4,0_9 2_10 2_12 2_14 3_10 3_11 3_12 3_13 4_3 5_1 5_3 6_10 6_11 6_12 6_4 7_8 7_9,0_8 1_2 4_5 5_6 5_7 8_9,,0.538462,0.428571,0.428571,0.666667,0.538462,0.739130,0.379310,0.052632,0.666667
2025-06-17,B1: Static prior,9,0.333333,0.150000,1_10 4_1 4_4,2_10 2_9 3_10 3_11 3_12 3_13 3_3 4_2 4_3 5_1 5_2 5_3 6_12 6_4 7_5 7_6 7_9,0_8 1_2 4_5 5_6 5_7 8_9,0.538462,,0.739130,0.666667,0.600000,0.904762,0.379310,0.666667,0.052632,0.739130
2025-06-17,TTM,9,0.333333,0.150000,1_10 4_1 4_4,2_10 3_10 3_12 3_13 3_2 3_3 4_0 4_2 4_3 5_1 5_2 5_3 6_4 7_4 7_5 7_6 7_9,0_8 1_2 4_5 5_6 5_7 8_9,0.428571,0.739130,,0.600000,0.481481,0.666667,0.290323,0.600000,0.081081,0.600000
2025-06-17,ET,9,0.333333,0.150000,1_10 4_1 5_7,0_9 3_10 3_11 3_12 3_13 3_3 4_2 5_1 5_2 5_3 5_4 6_12 6_4 7_4 7_5 7_6 7_9,0_8 1_2 4_4 4_5 5_6 8_9,0.428571,0.666667,0.600000,,0.428571,0.666667,0.290323,0.739130,0.081081,0.600000
2025-06-17,B5: B2+B3,9,0.444444,0.200000,1_10 4_1 4_4 5_6,2_10 2_12 2_14 3_11 3_12 3_13 4_2 4_3 5_1 5_2 6_10 6_12 6_4 7_6 7_8 7_9,0_8 1_2 4_5 5_7 8_9,0.666667,0.600000,0.481481,0.428571,,0.600000,0.666667,0.481481,0.025641,0.666667
2025-06-17,B4: B1+B3,9,0.333333,0.150000,1_10 4_1 4_4,2_10 2_9 3_10 3_11 3_12 3_13 4_2 4_3 5_1 5_2 5_3 5_4 6_12 6_4 7_5 7_6 7_9,0_8 1_2 4_5 5_6 5_7 8_9,0.538462,0.904762,0.666667,0.666667,0.600000,,0.379310,0.739130,0.052632,0.739130
2025-06-17,B2: Recent MA,9,0.444444,0.200000,1_10 4_1 4_4 5_6,0_10 0_9 2_10 2_11 2_12 2_14 3_11 3_12 4_3 5_1 6_10 6_11 6_12 6_4 7_8 7_9,0_8 1_2 4_5 5_7 8_9,0.739130,0.379310,0.290323,0.290323,0.666667,0.379310,,0.290323,0.025641,0.538462
2025-06-17,B3: DoY season,9,0.333333,0.150000,1_10 4_1 5_7,2_9 3_11 3_12 3_13 3_2 4_2 4_3 5_1 5_2 5_3 5_4 6_12 6_4 7_4 7_5 7_6 7_9,0_8 1_2 4_4 4_5 5_6 8_9,0.379310,0.666667,0.600000,0.739130,0.481481,0.739130,0.290323,,0.052632,0.538462
2025-06-17,B0: Random,9,0.111111,0.050000,1_10,0_15 1_13 1_9 2_1 2_5 3_0 3_10 3_15 3_5 3_8 3_9 4_14 5_11 5_15 6_0 6_14 6_3 6_5 7_4,0_8 1_2 4_1 4_4 4_5 5_6 5_7 8_9,0.052632,0.052632,0.081081,0.081081,0.025641,0.052632,0.025641,0.052632,,0.052632
2025-06-18,GLM-Logit,10,0.300000,0.150000,1_10 2_10 6_10,0_9 3_10 3_11 3_12 3_13 4_1 4_3 4_4 5_1 5_2 5_3 5_6 6_12 6_4 7_5 7_6 7_9,1_3 4_7 5_12 5_4 6_7 7_4 7_8,0.666667,0.739130,0.481481,0.600000,0.666667,0.666667,0.481481,0.600000,0.052632,
2025-06-18,HierBayes,10,0.400000,0.200000,1_10 2_10 6_10 7_8,0_9 2_12 2_14 3_11 3_12 3_13 4_1 4_3 4_4 5_1 5_3 5_6 6_11 6_12 6_4 7_9,1_3 4_7 5_12 5_4 6_7 7_4,,0.481481,0.333333,0.379310,0.739130,0.428571,0.739130,0.428571,0.052632,0.666667
2025-06-18,B1: Static prior,10,0.200000,0.100000,1_10 2_10,2_9 3_10 3_11 3_12 3_13 3_3 4_1 4_2 4_3 4_4 5_1 5_2 5_3 6_12 6_4 7_5 7_6 7_9,1_3 4_7 5_12 5_4 6_10 6_7 7_4 7_8,0.481481,,0.538462,0.666667,0.600000,0.818182,0.333333,0.739130,0.025641,0.739130
2025-06-18,TTM,10,0.400000,0.200000,1_10 2_10 5_4 7_4,3_12 3_13 3_2 4_0 4_1 4_2 4_3 5_1 5_2 5_3 5_5 6_4 7_12 7_5 7_6 7_9,1_3 4_7 5_12 6_10 6_7 7_8,0.333333,0.538462,,0.538462,0.428571,0.600000,0.250000,0.600000,0.081081,0.481481
2025-06-18,ET,10,0.300000,0.150000,1_10 5_4 7_4,0_9 3_10 3_11 3_12 3_13 3_3 4_1 4_2 5_1 5_2 5_3 5_7 6_12 6_4 7_5 7_6 7_9,1_3 2_10 4_7 5_12 6_10 6_7 7_8,0.379310,0.666667,0.538462,,0.428571,0.666667,0.250000,0.666667,0.025641,0.600000
2025-06-18,B5: B2+B3,10,0.400000,0.200000,1_10 2_10 6_10 7_8,2_12 2_14 3_11 3_12 3_13 4_1 4_2 4_3 4_4 5_1 5_2 5_6 6_12 6_4 7_6 7_9,1_3 4_7 5_12 5_4 6_7 7_4,0.739130,0.600000,0.428571,0.428571,,0.538462,0.600000,0.538462,0.052632,0.666667
2025-06-18,B4: B1+B3,10,0.200000,0.100000,1_10 5_4,2_9 3_10 3_11 3_12 3_13 3_2 4_1 4_2 4_3 4_4 5_1 5_2 5_3 6_12 6_4 7_5 7_6 7_9,1_3 2_10 4_7 5_12 6_10 6_7 7_4 7_8,0.428571,0.818182,0.600000,0.666667,0.538462,,0.290323,0.904762,0.025641,0.666667
2025-06-18,B2: Recent MA,10,0.400000,0.200000,1_10 2_10 6_10 7_8,0_10 0_9 2_11 2_12 2_14 3_11 3_12 4_1 4_3 4_4 5_1 5_5 5_6 6_11 6_12 7_9,1_3 4_7 5_12 5_4 6_7 7_4,0.739130,0.333333,0.250000,0.250000,0.600000,0.290323,,0.290323,0.052632,0.481481
2025-06-18,B3: DoY season,10,0.200000,0.100000,1_10 5_4,2_9 3_11 3_12 3_13 3_2 4_1 4_2 4_3 4_4 5_1 5_2 5_3 5_7 6_12 6_4 7_5 7_6 7_9,1_3 2_10 4_7 5_12 6_10 6_7 7_4 7_8,0.428571,0.739130,0.600000,0.666667,0.538462,0.904762,0.290323,,0.025641,0.600000
2025-06-18,B0: Random,10,0.100000,0.050000,6_10,0_15 0_5 0_8 1_0 1_2 2_13 2_7 3_9 4_0 4_1 4_15 5_0 5_15 5_9 6_13 6_8 7_12 8_0 8_12,1_10 1_3 2_10 4_7 5_12 5_4 6_7 7_4 7_8,0.052632,0.025641,0.081081,0.025641,0.052632,0.025641,0.052632,0.025641,,0.052632
2025-06-19,GLM-Logit,7,0.714286,0.250000,1_10 3_10 4_4 5_3 7_9,0_9 2_10 3_11 3_12 3_13 4_1 4_3 5_1 5_6 6_10 6_12 6_4 7_5 7_6 7_8,4_5 6_8,0.666667,0.666667,0.428571,0.538462,0.666667,0.538462,0.538462,0.538462,0.111111,
2025-06-19,HierBayes,7,0.428571,0.150000,1_10 4_4 7_9,0_9 2_10 2_12 2_14 3_11 3_12 3_13 4_1 4_3 5_1 5_6 6_10 6_11 6_12 6_4 6_7 7_8,3_10 4_5 5_3 6_8,,0.428571,0.333333,0.333333,0.739130,0.379310,0.818182,0.379310,0.081081,0.666667
2025-06-19,B1: Static prior,7,0.714286,0.250000,1_10 3_10 4_4 5_3 7_9,2_10 2_9 3_11 3_12 3_13 3_3 4_1 4_2 4_3 5_1 5_2 6_12 6_4 7_5 7_6,4_5 6_8,0.428571,,0.481481,0.666667,0.600000,0.739130,0.333333,0.739130,0.142857,0.666667
2025-06-19,TTM,7,0.714286,0.250000,1_10 4_4 4_5 5_3 7_9,1_11 2_10 3_12 3_13 3_2 4_1 4_3 5_1 5_10 5_2 5_4 5_5 6_4 7_4 7_5,3_10 6_8,0.333333,0.481481,,0.428571,0.379310,0.600000,0.290323,0.538462,0.081081,0.428571
2025-06-19,ET,7,0.571429,0.200000,1_10 3_10 5_3 7_9,0_9 3_11 3_12 3_13 3_3 4_1 4_2 5_1 5_2 5_4 5_7 6_12 6_4 7_4 7_5 7_6,4_4 4_5 6_8,0.333333,0.666667,0.428571,,0.428571,0.666667,0.250000,0.666667,0.111111,0.538462
2025-06-19,B5: B2+B3,7,0.428571,0.150000,1_10 4_4 7_9,2_10 2_12 2_14 3_11 3_12 3_13 4_1 4_2 4_3 5_1 5_2 5_6 6_10 6_12 6_4 7_6 7_8,3_10 4_5 5_3 6_8,0.739130,0.600000,0.379310,0.428571,,0.538462,0.600000,0.538462,0.111111,0.666667
2025-06-19,B4: B1+B3,7,0.571429,0.200000,1_10 4_4 5_3 7_9,2_9 3_11 3_12 3_13 3_2 4_1 4_2 4_3 5_1 5_2 5_4 6_12 6_4 7_4 7_5 7_6,3_10 4_5 6_8,0.379310,0.739130,0.600000,0.666667,0.538462,,0.290323,0.904762,0.111111,0.538462
2025-06-19,B2: Recent MA,7,0.428571,0.150000,1_10 4_4 7_9,0_10 0_9 2_10 2_12 2_14 3_11 3_12 4_1 4_3 5_1 5_5 5_6 6_10 6_11 6_12 6_7 7_8,3_10 4_5 5_3 6_8,0.818182,0.333333,0.290323,0.250000,0.600000,0.290323,,0.290323,0.081081,0.538462
2025-06-19,B3: DoY season,7,0.571429,0.200000,1_10 4_4 5_3 7_9,2_9 3_11 3_12 3_13 3_2 4_1 4_2 4_3 5_1 5_2 5_4 5_7 6_12 6_4 7_5 7_6,3_10 4_5 6_8,0.379310,0.739130,0.538462,0.666667,0.538462,0.904762,0.290323,,0.111111,0.538462
2025-06-19,B0: Random,7,0.142857,0.050000,5_3,0_11 0_2 1_7 1_8 2_1 2_10 2_2 3_12 3_6 3_9 4_0 4_2 4_9 5_12 5_14 6_0 6_12 7_0 8_8,1_10 3_10 4_4 4_5 6_8 7_9,0.081081,0.142857,0.081081,0.111111,0.111111,0.111111,0.081081,0.111111,,0.111111
2025-06-20,GLM-Logit,5,0.600000,0.150000,1_10 2_10 6_4,0_9 3_10 3_11 3_12 3_13 4_1 4_3 4_4 5_1 5_3 5_6 6_10 6_12 7_5 7_6 7_8 7_9,5_7 6_7,0.739130,0.666667,0.428571,0.538462,0.666667,0.600000,0.538462,0.538462,0.052632,
2025-06-20,HierBayes,5,0.800000,0.200000,1_10 2_10 6_4 6_7,0_9 2_12 2_14 3_10 3_11 3_12 3_13 4_1 4_3 4_4 5_1 5_3 5_6 6_10 7_8 7_9,5_7,,0.481481,0.428571,0.379310,0.739130,0.428571,0.739130,0.379310,0.081081,0.739130
2025-06-20,B1: Static prior,5,0.600000,0.150000,1_10 2_10 6_4,2_9 3_10 3_11 3_12 3_13 3_3 4_1 4_2 4_3 4_4 5_1 5_2 5_3 6_12 7_5 7_6 7_9,5_7 6_7,0.481481,,0.481481,0.666667,0.600000,0.818182,0.333333,0.739130,0.111111,0.666667
2025-06-20,TTM,5,0.600000,0.150000,1_10 2_10 6_4,1_11 2_12 2_8 2_9 3_12 3_13 3_2 4_1 4_3 5_1 5_2 5_3 5_4 6_10 7_4 7_5 7_9,5_7 6_7,0.428571,0.481481,,0.428571,0.481481,0.538462,0.290323,0.538462,0.176471,0.428571
2025-06-20,ET,5,0.600000,0.150000,1_10 5_7 6_4,0_9 3_10 3_11 3_12 3_13 3_3 4_1 4_2 5_1 5_2 5_3 5_4 6_12 7_4 7_5 7_6 7_9,2_10 6_7,0.379310,0.666667,0.428571,,0.428571,0.666667,0.250000,0.666667,0.081081,0.538462
2025-06-20,B5: B2+B3,5,0.600000,0.150000,1_10 2_10 6_4,2_12 2_14 3_11 3_12 3_13 4_1 4_2 4_3 4_4 5_1 5_2 5_3 5_6 6_10 6_12 7_8 7_9,5_7 6_7,0.739130,0.600000,0.481481,0.428571,,0.538462,0.538462,0.538462,0.081081,0.666667
2025-06-20,B4: B1+B3,5,0.400000,0.100000,1_10 6_4,2_9 3_10 3_11 3_12 3_13 3_2 4_1 4_2 4_3 4_4 5_1 5_2 5_3 5_4 6_12 7_5 7_6 7_9,2_10 5_7 6_7,0.428571,0.818182,0.538462,0.666667,0.538462,,0.290323,0.904762,0.081081,0.600000
2025-06-20,B2: Recent MA,5,0.600000,0.150000,1_10 2_10 6_7,0_10 0_9 2_12 2_14 3_10 3_11 3_12 4_1 4_3 4_4 5_1 5_6 6_10 6_5 6_8 7_8 7_9,5_7 6_4,0.739130,0.333333,0.290323,0.250000,0.538462,0.290323,,0.250000,0.081081,0.538462
2025-06-20,B3: DoY season,5,0.600000,0.150000,1_10 5_7 6_4,2_9 3_11 3_12 3_13 3_2 4_1 4_2 4_3 4_4 5_1 5_2 5_3 5_4 6_12 7_5 7_6 7_9,2_10 6_7,0.379310,0.739130,0.538462,0.666667,0.538462,0.904762,0.250000,,0.081081,0.538462
2025-06-20,B0: Random,5,0.400000,0.100000,2_10 6_7,0_0 0_4 0_8 2_8 2_9 3_4 4_5 5_12 5_2 5_3 6_0 6_11 6_8 7_2 7_4 8_0 8_14 8_5,1_10 5_7 6_4,0.081081,0.111111,0.176471,0.081081,0.081081,0.081081,0.081081,0.081081,,0.052632
2025-06-21,GLM-Logit,5,0.800000,0.200000,2_10 4_1 6_4 7_9,0_9 1_10 3_10 3_11 3_12 3_13 4_3 4_4 5_1 5_3 5_6 6_10 6_12 6_7 7_6 7_8,7_13,0.739130,0.600000,0.428571,0.481481,0.739130,0.538462,0.600000,0.481481,0.052632,
2025-06-21,HierBayes,5,0.800000,0.200000,2_10 4_1 6_4 7_9,1_10 2_12 2_14 3_10 3_11 3_12 3_13 4_3 4_4 5_1 5_3 5_6 5_7 6_10 6_7 7_8,7_13,,0.481481,0.428571,0.379310,0.739130,0.428571,0.739130,0.428571,0.052632,0.739130
2025-06-21,B1: Static prior,5,0.800000,0.200000,2_10 4_1 6_4 7_9,1_10 2_9 3_10 3_11 3_12 3_13 3_3 4_2 4_3 4_4 5_1 5_2 5_3 6_12 7_5 7_6,7_13,0.481481,,0.600000,0.666667,0.538462,0.818182,0.333333,0.739130,0.081081,0.600000
2025-06-21,TTM,5,0.600000,0.150000,4_1 6_4 7_9,1_10 1_11 2_9 3_10 3_11 3_12 3_13 3_2 3_3 4_3 5_1 5_2 5_3 5_4 6_10 7_4 7_5,2_10 7_13,0.428571,0.600000,,0.600000,0.379310,0.666667,0.290323,0.600000,0.111111,0.428571
2025-06-21,ET,5,0.600000,0.150000,4_1 6_4 7_9,0_9 1_10 3_10 3_11 3_12 3_13 3_3 4_2 5_1 5_2 5_3 5_4 5_7 6_12 7_4 7_5 7_6,2_10 7_13,0.379310,0.666667,0.600000,,0.428571,0.666667,0.290323,0.666667,0.081081,0.481481
2025-06-21,B5: B2+B3,5,0.800000,0.200000,2_10 4_1 6_4 7_9,1_10 2_14 3_11 3_12 3_13 4_3 4_4 5_1 5_2 5_6 5_7 6_10 6_12 6_7 7_6 7_8,7_13,0.739130,0.538462,0.379310,0.428571,,0.481481,0.600000,0.538462,0.025641,0.739130
2025-06-21,B4: B1+B3,5,0.600000,0.150000,4_1 6_4 7_9,1_10 2_9 3_10 3_11 3_12 3_13 3_2 4_2 4_3 4_4 5_1 5_2 5_3 5_4 6_12 7_5 7_6,2_10 7_13,0.428571,0.818182,0.666667,0.666667,0.481481,,0.290323,0.904762,0.081081,0.538462
2025-06-21,B2: Recent MA,5,0.600000,0.150000,2_10 4_1 7_9,0_10 0_9 1_10 2_12 2_14 3_10 3_11 3_12 4_3 4_4 5_1 5_6 5_7 6_10 6_7 6_8 7_8,6_4 7_13,0.739130,0.333333,0.290323,0.290323,0.600000,0.290323,,0.290323,0.025641,0.600000
2025-06-21,B3: DoY season,5,0.600000,0.150000,4_1 6_4 7_9,1_10 2_9 3_11 3_12 3_13 3_2 4_2 4_3 4_4 5_1 5_2 5_3 5_4 5_7 6_12 7_5 7_6,2_10 7_13,0.428571,0.739130,0.600000,0.666667,0.538462,0.904762,0.290323,,0.081081,0.481481
2025-06-21,B0: Random,5,0.000000,0.000000,,0_8 1_6 1_7 1_8 2_15 3_2 3_3 4_11 4_5 5_1 5_3 6_14 6_9 7_0 7_2 8_1 8_15 8_2 8_8 8_9,2_10 4_1 6_4 7_13 7_9,0.052632,0.081081,0.111111,0.081081,0.025641,0.081081,0.025641,0.081081,,0.052632
2025-06-22,GLM-Logit,8,0.375000,0.150000,5_1 5_6 6_7,0_9 1_10 2_10 3_10 3_11 3_12 3_13 4_1 4_3 4_4 5_3 6_10 6_12 6_4 7_6 7_8 7_9,4_0 4_13 5_13 6_8 7_7,0.739130,0.600000,0.428571,0.481481,0.818182,0.538462,0.600000,0.481481,0.052632,
2025-06-22,HierBayes,8,0.375000,0.150000,5_1 5_6 6_7,1_10 2_10 2_12 2_14 3_10 3_11 3_12 3_13 4_1 4_3 4_4 5_3 5_7 6_10 6_4 7_8 7_9,4_0 4_13 5_13 6_8 7_7,,0.481481,0.379310,0.379310,0.666667,0.428571,0.739130,0.428571,0.052632,0.739130
2025-06-22,B1: Static prior,8,0.125000,0.050000,5_1,1_10 2_10 2_9 3_10 3_11 3_12 3_13 3_3 4_1 4_2 4_3 4_4 5_2 5_3 6_12 6_4 7_5 7_6 7_9,4_0 4_13 5_13 5_6 6_7 6_8 7_7,0.481481,,0.600000,0.666667,0.600000,0.818182,0.333333,0.739130,0.052632,0.600000
2025-06-22,TTM,8,0.125000,0.050000,5_1,0_10 1_10 2_10 2_2 2_9 3_12 3_13 3_2 3_3 4_1 4_3 5_2 5_3 6_10 6_4 7_4 7_5 7_6 7_9,4_0 4_13 5_13 5_6 6_7 6_8 7_7,0.379310,0.600000,,0.481481,0.481481,0.538462,0.333333,0.538462,0.052632,0.428571
2025-06-22,ET,8,0.125000,0.050000,5_1,0_9 1_10 3_10 3_11 3_12 3_13 3_3 4_1 4_2 5_2 5_3 5_4 5_7 6_12 6_4 7_4 7_5 7_6 7_9,4_0 4_13 5_13 5_6 6_7 6_8 7_7,0.379310,0.666667,0.481481,,0.481481,0.666667,0.290323,0.666667,0.052632,0.481481
2025-06-22,B5: B2+B3,8,0.250000,0.100000,5_1 5_6,0_9 1_10 2_10 2_14 3_11 3_12 3_13 4_1 4_3 4_4 5_2 5_3 6_10 6_12 6_4 7_6 7_8 7_9,4_0 4_13 5_13 6_7 6_8 7_7,0.666667,0.600000,0.481481,0.481481,,0.538462,0.600000,0.538462,0.052632,0.818182
2025-06-22,B4: B1+B3,8,0.125000,0.050000,5_1,1_10 2_9 3_10 3_11 3_12 3_13 3_2 4_1 4_2 4_3 4_4 5_2 5_3 5_4 6_12 6_4 7_5 7_6 7_9,4_0 4_13 5_13 5_6 6_7 6_8 7_7,0.428571,0.818182,0.538462,0.666667,0.538462,,0.290323,0.904762,0.052632,0.538462
2025-06-22,B2: Recent MA,8,0.500000,0.200000,5_1 5_6 6_7 6_8,0_10 0_9 1_10 2_10 2_12 2_14 3_11 3_12 4_1 4_3 4_4 5_7 6_10 6_4 7_8 7_9,4_0 4_13 5_13 7_7,0.739130,0.333333,0.333333,0.290323,0.600000,0.290323,,0.333333,0.052632,0.600000
2025-06-22,B3: DoY season,8,0.125000,0.050000,5_1,1_10 2_9 3_11 3_12 3_13 3_2 4_1 4_2 4_3 4_4 5_2 5_3 5_4 5_7 6_12 6_4 7_5 7_6 7_9,4_0 4_13 5_13 5_6 6_7 6_8 7_7,0.428571,0.739130,0.538462,0.666667,0.538462,0.904762,0.333333,,0.052632,0.481481
2025-06-22,B0: Random,8,0.000000,0.000000,,0_1 1_4 1_9 2_0 2_12 2_6 3_14 5_12 5_9 6_2 6_4 6_5 7_11 7_6 8_11 8_12 8_13 8_2 8_4 8_8,4_0 4_13 5_1 5_13 5_6 6_7 6_8 7_7,0.052632,0.052632,0.052632,0.052632,0.052632,0.052632,0.052632,0.052632,,0.052632
2025-06-23,GLM-Logit,11,0.545455,0.300000,3_12 4_1 4_4 6_12 6_7 7_6,0_9 1_10 2_10 3_10 3_11 3_13 4_3 5_1 5_3 5_6 6_10 6_4 7_5 7_9,2_14 6_11 6_8 7_11 8_8,0.739130,0.666667,0.538462,0.538462,0.739130,0.538462,0.600000,0.538462,0.025641,
2025-06-23,HierBayes,11,0.545455,0.300000,2_14 3_12 4_1 4_4 6_11 6_7,0_9 1_10 2_10 3_10 3_11 3_13 4_3 5_1 5_3 5_6 5_7 6_10 6_4 7_9,6_12 6_8 7_11 7_6 8_8,,0.481481,0.428571,0.428571,0.666667,0.379310,0.739130,0.428571,0.025641,0.739130
2025-06-23,B1: Static prior,11,0.454545,0.250000,3_12 4_1 4_4 6_12 7_6,1_10 2_10 2_9 3_10 3_11 3_13 3_3 4_2 4_3 5_1 5_2 5_3 6_4 7_5 7_9,2_14 6_11 6_7 6_8 7_11 8_8,0.481481,,0.739130,0.666667,0.538462,0.739130,0.379310,0.666667,0.052632,0.666667
2025-06-23,TTM,11,0.363636,0.200000,3_12 4_1 4_4 7_6,1_10 2_10 2_9 3_13 3_3 4_2 4_3 4_7 5_1 5_2 5_3 6_10 6_4 7_4 7_5 7_9,2_14 6_11 6_12 6_7 6_8 7_11 8_8,0.428571,0.739130,,0.538462,0.538462,0.600000,0.379310,0.538462,0.052632,0.538462
2025-06-23,ET,11,0.363636,0.200000,3_12 4_1 6_12 7_6,0_9 1_10 3_10 3_11 3_13 3_3 4_2 5_1 5_2 5_3 5_4 5_7 6_4 7_4 7_5 7_9,2_14 4_4 6_11 6_7 6_8 7_11 8_8,0.428571,0.666667,0.538462,,0.428571,0.600000,0.333333,0.600000,0.052632,0.538462
2025-06-23,B5: B2+B3,11,0.454545,0.250000,3_12 4_1 4_4 6_7 7_6,0_9 1_10 2_10 3_11 3_13 4_0 4_3 5_1 5_2 5_3 5_6 6_10 6_4 7_8 7_9,2_14 6_11 6_12 6_8 7_11 8_8,0.666667,0.538462,0.538462,0.428571,,0.538462,0.666667,0.538462,0.025641,0.739130
2025-06-23,B4: B1+B3,11,0.454545,0.250000,3_12 4_1 4_4 6_12 7_6,1_10 2_9 3_11 3_13 3_2 4_0 4_2 4_3 5_1 5_2 5_3 5_4 6_4 7_5 7_9,2_14 6_11 6_7 6_8 7_11 8_8,0.379310,0.739130,0.600000,0.600000,0.538462,,0.333333,0.904762,0.081081,0.538462
2025-06-23,B2: Recent MA,11,0.545455,0.300000,2_14 3_12 4_1 4_4 6_7 6_8,0_10 0_9 1_10 2_10 3_11 3_13 4_3 5_1 5_6 5_7 6_10 6_4 7_8 7_9,6_11 6_12 7_11 7_6 8_8,0.739130,0.379310,0.379310,0.333333,0.666667,0.333333,,0.379310,0.052632,0.600000
2025-06-23,B3: DoY season,11,0.454545,0.250000,3_12 4_1 4_4 6_12 7_6,1_10 2_9 3_11 3_13 3_2 4_0 4_3 5_1 5_2 5_3 5_4 5_7 6_4 7_5 7_9,2_14 6_11 6_7 6_8 7_11 8_8,0.428571,0.666667,0.538462,0.600000,0.538462,0.904762,0.379310,,0.052632,0.538462
2025-06-23,B0: Random,11,0.090909,0.050000,6_8,0_12 0_2 0_4 0_7 0_8 1_11 1_15 1_6 3_1 3_2 4_15 4_2 5_10 6_6 7_14 7_9 8_13 8_15 8_9,2_14 3_12 4_1 4_4 6_11 6_12 6_7 7_11 7_6 8_8,0.025641,0.052632,0.052632,0.052632,0.025641,0.081081,0.052632,0.052632,,0.025641
2025-06-24,GLM-Logit,6,0.833333,0.250000,5_6 6_10 6_11 7_6 7_9,0_9 1_10 2_10 3_10 3_11 3_12 3_13 4_1 4_3 4_4 5_1 5_3 6_12 6_4 6_7,5_12,0.818182,0.600000,0.600000,0.481481,0.600000,0.481481,0.600000,0.428571,0.052632,
2025-06-24,HierBayes,6,0.666667,0.200000,5_6 6_10 6_11 7_9,1_10 2_10 2_14 3_10 3_11 3_12 3_13 4_1 4_3 4_4 5_1 5_3 5_7 6_12 6_4 6_7,5_12 7_6,,0.538462,0.481481,0.428571,0.600000,0.481481,0.666667,0.428571,0.111111,0.818182
2025-06-24,B1: Static prior,6,0.333333,0.100000,7_6 7_9,1_10 2_10 2_9 3_10 3_11 3_12 3_13 3_3 4_1 4_2 4_3 4_4 5_1 5_2 5_3 6_12 6_4 7_5,5_12 5_6 6_10 6_11,0.538462,,0.666667,0.666667,0.481481,0.739130,0.333333,0.666667,0.081081,0.600000
2025-06-24,TTM,6,0.500000,0.150000,6_10 7_6 7_9,0_9 1_10 2_10 2_2 2_9 3_10 3_12 3_13 4_1 4_3 4_4 5_1 5_2 5_3 6_4 7_4 7_5,5_12 5_6 6_11,0.481481,0.666667,,0.538462,0.481481,0.538462,0.379310,0.481481,0.081081,0.600000
2025-06-24,ET,6,0.333333,0.100000,7_6 7_9,0_9 1_10 3_10 3_11 3_12 3_13 3_3 4_1 4_2 5_1 5_2 5_3 5_4 5_7 6_12 6_4 7_4 7_5,5_12 5_6 6_10 6_11,0.428571,0.666667,0.538462,,0.333333,0.666667,0.290323,0.600000,0.081081,0.481481
2025-06-24,B5: B2+B3,6,0.666667,0.200000,5_6 6_10 7_6 7_9,1_10 2_10 2_14 3_11 3_12 3_13 4_0 4_1 4_3 4_4 5_1 5_2 6_4 6_7 6_8 7_8,5_12 6_11,0.600000,0.481481,0.481481,0.333333,,0.428571,0.666667,0.428571,0.142857,0.600000
2025-06-24,B4: B1+B3,6,0.333333,0.100000,7_6 7_9,1_10 2_9 3_11 3_12 3_13 3_2 4_1 4_2 4_3 4_4 5_1 5_2 5_3 5_4 5_7 6_12 6_4 7_5,5_12 5_6 6_10 6_11,0.481481,0.739130,0.538462,0.666667,0.428571,,0.333333,0.904762,0.081081,0.481481
2025-06-24,B2: Recent MA,6,0.666667,0.200000,5_6 6_10 6_11 7_9,0_10 0_9 1_10 2_10 2_14 3_11 3_12 4_1 4_3 4_4 5_1 5_7 6_4 6_7 6_8 7_8,5_12 7_6,0.666667,0.333333,0.379310,0.290323,0.666667,0.333333,,0.290323,0.142857,0.600000
2025-06-24,B3: DoY season,6,0.333333,0.100000,7_6 7_9,1_10 2_9 3_11 3_13 3_2 4_0 4_1 4_2 4_3 4_4 5_1 5_2 5_3 5_4 5_7 6_12 6_4 7_5,5_12 5_6 6_10 6_11,0.428571,0.666667,0.481481,0.600000,0.428571,0.904762,0.290323,,0.111111,0.428571
2025-06-24,B0: Random,6,0.000000,0.000000,,0_12 0_13 2_10 2_14 3_1 3_7 3_8 4_0 4_2 4_3 4_7 5_0 5_11 5_5 5_7 6_14 6_5 6_8 7_11 7_4,5_12 5_6 6_10 6_11 7_6 7_9,0.111111,0.081081,0.081081,0.081081,0.142857,0.081081,0.142857,0.111111,,0.052632
2025-06-25,GLM-Logit,12,0.500000,0.300000,1_10 3_12 3_13 4_1 5_6 6_7,0_9 2_10 3_10 3_11 4_3 4_4 5_1 5_3 6_10 6_11 6_12 6_4 7_6 7_9,0_10 2_2 5_2 5_7 6_13 7_7,0.818182,0.600000,0.481481,0.481481,0.666667,0.481481,0.666667,0.481481,0.052632,
2025-06-25,HierBayes,12,0.583333,0.350000,1_10 3_12 3_13 4_1 5_6 5_7 6_7,2_10 2_14 3_10 3_11 4_3 4_4 5_1 5_3 6_10 6_11 6_4 7_6 7_9,0_10 2_2 5_2 6_13 7_7,,0.538462,0.481481,0.428571,0.739130,0.481481,0.739130,0.481481,0.025641,0.818182
2025-06-25,B1: Static prior,12,0.416667,0.250000,1_10 3_12 3_13 4_1 5_2,2_10 2_9 3_10 3_11 3_3 4_2 4_3 4_4 5_1 5_3 6_12 6_4 7_5 7_6 7_9,0_10 2_2 5_6 5_7 6_13 6_7 7_7,0.538462,,0.666667,0.666667,0.481481,0.739130,0.379310,0.666667,0.052632,0.600000
2025-06-25,TTM,12,0.416667,0.250000,1_10 3_12 3_13 4_1 5_2,1_9 2_10 3_10 3_3 4_2 4_3 5_1 5_3 6_10 6_4 7_4 7_5 7_6 7_8 7_9,0_10 2_2 5_6 5_7 6_13 6_7 7_7,0.481481,0.666667,,0.600000,0.428571,0.481481,0.379310,0.481481,0.052632,0.481481
2025-06-25,ET,12,0.500000,0.300000,1_10 3_12 3_13 4_1 5_2 5_7,0_9 3_10 3_11 3_3 4_2 5_1 5_3 5_4 6_12 6_4 7_4 7_5 7_6 7_9,0_10 2_2 5_6 6_13 6_7 7_7,0.428571,0.666667,0.600000,,0.333333,0.666667,0.333333,0.666667,0.081081,0.481481
2025-06-25,B5: B2+B3,12,0.583333,0.350000,1_10 3_12 3_13 4_1 5_2 5_6 6_7,2_10 2_14 3_11 4_0 4_3 4_4 5_1 6_10 6_11 6_4 6_8 7_6 7_9,0_10 2_2 5_7 6_13 7_7,0.739130,0.481481,0.428571,0.333333,,0.428571,0.739130,0.481481,0.052632,0.666667
2025-06-25,B4: B1+B3,12,0.500000,0.300000,1_10 3_12 3_13 4_1 5_2 5_7,2_9 3_11 3_2 4_2 4_3 4_4 5_1 5_3 5_4 6_12 6_4 7_5 7_6 7_9,0_10 2_2 5_6 6_13 6_7 7_7,0.481481,0.739130,0.481481,0.666667,0.428571,,0.379310,0.904762,0.025641,0.481481
2025-06-25,B2: Recent MA,12,0.500000,0.300000,1_10 3_12 4_1 5_6 5_7 6_7,0_9 2_10 2_14 3_11 4_3 4_4 5_1 6_10 6_11 6_4 6_8 7_6 7_8 7_9,0_10 2_2 3_13 5_2 6_13 7_7,0.739130,0.379310,0.379310,0.333333,0.739130,0.379310,,0.379310,0.081081,0.666667
2025-06-25,B3: DoY season,12,0.500000,0.300000,1_10 3_12 3_13 4_1 5_2 5_7,3_11 3_2 4_0 4_2 4_3 4_4 5_1 5_3 5_4 6_12 6_4 7_5 7_6 7_9,0_10 2_2 5_6 6_13 6_7 7_7,0.481481,0.666667,0.481481,0.666667,0.481481,0.904762,0.379310,,0.025641,0.481481
2025-06-25,B0: Random,12,0.166667,0.100000,1_10 7_7,0_7 0_9 1_12 1_13 2_1 2_12 2_15 2_5 3_15 3_3 3_4 3_7 4_5 5_5 6_14 6_8 7_2 8_0,0_10 2_2 3_12 3_13 4_1 5_2 5_6 5_7 6_13 6_7,0.025641,0.052632,0.052632,0.081081,0.052632,0.025641,0.081081,0.025641,,0.052632
2025-06-26,GLM-Logit,11,0.636364,0.350000,3_12 4_3 4_4 5_1 5_2 6_12 7_6,1_10 2_10 3_10 3_11 3_13 4_1 5_3 5_6 6_10 6_11 6_4 6_7 7_9,0_10 6_8 7_7 7_8,0.904762,0.666667,0.600000,0.481481,0.739130,0.600000,0.666667,0.538462,0.052632,
2025-06-26,HierBayes,11,0.545455,0.300000,3_12 4_3 4_4 5_1 6_12 7_6,1_10 2_10 3_10 3_11 3_13 4_1 5_3 5_6 5_7 6_10 6_11 6_4 6_7 7_9,0_10 5_2 6_8 7_7 7_8,,0.600000,0.538462,0.481481,0.739130,0.600000,0.739130,0.538462,0.081081,0.904762
2025-06-26,B1: Static prior,11,0.636364,0.350000,3_12 4_3 4_4 5_1 5_2 6_12 7_6,1_10 2_10 2_9 3_10 3_11 3_13 3_3 4_1 4_2 5_3 6_4 7_5 7_9,0_10 6_8 7_7 7_8,0.600000,,0.600000,0.666667,0.481481,0.739130,0.428571,0.666667,0.081081,0.666667
2025-06-26,TTM,11,0.545455,0.300000,3_12 4_3 5_1 5_2 6_12 7_6,1_10 1_11 2_10 2_12 2_2 3_11 3_13 4_1 5_3 6_10 6_4 7_4 7_5 7_9,0_10 4_4 6_8 7_7 7_8,0.538462,0.600000,,0.538462,0.481481,0.538462,0.428571,0.481481,0.081081,0.600000
2025-06-26,ET,11,0.454545,0.250000,3_12 5_1 5_2 6_12 7_6,0_9 1_10 3_10 3_11 3_13 3_3 4_1 4_2 5_3 5_4 5_7 6_4 7_4 7_5 7_9,0_10 4_3 4_4 6_8 7_7 7_8,0.481481,0.666667,0.538462,,0.428571,0.666667,0.333333,0.600000,0.142857,0.481481
2025-06-26,B5: B2+B3,11,0.636364,0.350000,3_12 4_3 4_4 5_1 5_2 6_8 7_6,1_10 3_11 3_13 4_0 4_1 5_3 5_6 5_7 6_10 6_11 6_4 6_7 7_9,0_10 6_12 7_7 7_8,0.739130,0.481481,0.481481,0.428571,,0.600000,0.739130,0.538462,0.081081,0.739130
2025-06-26,B4: B1+B3,11,0.636364,0.350000,3_12 4_3 4_4 5_1 5_2 6_12 7_6,1_10 2_9 3_10 3_11 3_13 4_0 4_1 5_3 5_4 5_7 6_4 7_5 7_9,0_10 6_8 7_7 7_8,0.600000,0.739130,0.538462,0.666667,0.600000,,0.428571,0.904762,0.081081,0.600000
2025-06-26,B2: Recent MA,11,0.636364,0.350000,3_12 4_3 4_4 5_1 6_8 7_6 7_8,1_10 2_10 2_14 3_11 3_13 4_1 5_6 5_7 6_10 6_11 6_4 6_7 7_9,0_10 5_2 6_12 7_7,0.739130,0.428571,0.428571,0.333333,0.739130,0.428571,,0.379310,0.081081,0.666667
2025-06-26,B3: DoY season,11,0.545455,0.300000,4_3 4_4 5_1 5_2 6_12 7_6,1_10 2_9 3_10 3_11 3_13 3_2 4_0 4_1 5_3 5_4 5_7 6_4 7_5 7_9,0_10 3_12 6_8 7_7 7_8,0.538462,0.666667,0.481481,0.600000,0.538462,0.904762,0.379310,,0.081081,0.538462
2025-06-26,B0: Random,11,0.000000,0.000000,,0_14 0_4 0_5 0_7 1_10 2_1 2_13 2_7 3_0 3_11 3_6 4_14 4_2 4_7 5_13 5_7 6_3 7_12 7_2 7_4,0_10 3_12 4_3 4_4 5_1 5_2 6_12 6_8 7_6 7_7 7_8,0.081081,0.081081,0.081081,0.142857,0.081081,0.081081,0.081081,0.081081,,0.052632
2025-06-27,GLM-Logit,19,0.526316,0.500000,1_10 3_12 3_13 4_3 5_1 5_2 5_3 6_10 6_4 7_9,2_10 3_10 3_11 4_1 4_4 5_6 6_11 6_12 6_7 7_6,0_9 2_3 3_3 4_5 4_6 5_11 5_12 6_8 7_7,0.818182,0.666667,0.600000,0.481481,0.666667,0.538462,0.600000,0.538462,0.052632,
2025-06-27,HierBayes,19,0.421053,0.400000,1_10 3_12 3_13 4_3 5_1 6_10 6_4 7_9,2_10 3_10 3_11 4_1 4_4 5_6 5_7 6_11 6_12 6_7 7_6 7_8,0_9 2_3 3_3 4_5 4_6 5_11 5_12 5_2 5_3 6_8 7_7,,0.538462,0.481481,0.428571,0.666667,0.481481,0.739130,0.481481,0.052632,0.818182
2025-06-27,B1: Static prior,19,0.526316,0.500000,1_10 3_12 3_13 3_3 4_3 5_1 5_2 5_3 6_4 7_9,2_10 2_9 3_10 3_11 4_1 4_2 4_4 6_12 7_5 7_6,0_9 2_3 4_5 4_6 5_11 5_12 6_10 6_8 7_7,0.538462,,0.538462,0.666667,0.481481,0.666667,0.379310,0.600000,0.052632,0.666667
2025-06-27,TTM,19,0.473684,0.450000,1_10 3_12 4_3 5_1 5_2 5_3 6_10 6_4 7_9,2_10 2_12 2_2 2_9 3_10 4_1 5_6 6_11 7_4 7_5 7_6,0_9 2_3 3_13 3_3 4_5 4_6 5_11 5_12 6_8 7_7,0.481481,0.538462,,0.428571,0.428571,0.428571,0.379310,0.379310,0.025641,0.600000
2025-06-27,ET,19,0.526316,0.500000,0_9 1_10 3_12 3_13 3_3 5_1 5_2 5_3 6_4 7_9,3_10 3_11 4_1 4_2 5_4 5_7 6_12 7_4 7_5 7_6,2_3 4_3 4_5 4_6 5_11 5_12 6_10 6_8 7_7,0.428571,0.666667,0.428571,,0.428571,0.666667,0.290323,0.600000,0.052632,0.481481
2025-06-27,B5: B2+B3,19,0.578947,0.550000,1_10 3_12 3_13 4_3 5_1 5_2 5_3 6_10 6_4 6_8 7_9,3_11 4_0 4_1 4_4 5_6 5_7 6_7 7_6 7_8,0_9 2_3 3_3 4_5 4_6 5_11 5_12 7_7,0.666667,0.481481,0.428571,0.428571,,0.600000,0.600000,0.538462,0.081081,0.666667
2025-06-27,B4: B1+B3,19,0.526316,0.500000,1_10 3_12 3_13 3_3 4_3 5_1 5_2 5_3 6_4 7_9,3_10 3_11 3_2 4_0 4_1 4_4 5_4 5_7 7_5 7_6,0_9 2_3 4_5 4_6 5_11 5_12 6_10 6_8 7_7,0.481481,0.666667,0.428571,0.666667,0.600000,,0.333333,0.818182,0.081081,0.538462
2025-06-27,B2: Recent MA,19,0.421053,0.400000,1_10 3_12 3_13 4_3 5_1 6_10 6_8 7_9,0_10 2_10 2_14 4_1 4_4 5_6 5_7 6_11 6_12 6_7 7_6 7_8,0_9 2_3 3_3 4_5 4_6 5_11 5_12 5_2 5_3 6_4 7_7,0.739130,0.379310,0.379310,0.290323,0.600000,0.333333,,0.333333,0.081081,0.600000
2025-06-27,B3: DoY season,19,0.421053,0.400000,1_10 3_13 4_3 5_1 5_2 5_3 6_4 7_9,3_10 3_11 3_2 4_0 4_1 4_4 4_7 5_4 5_7 6_12 7_5 7_6,0_9 2_3 3_12 3_3 4_5 4_6 5_11 5_12 6_10 6_8 7_7,0.481481,0.600000,0.379310,0.600000,0.538462,0.818182,0.333333,,0.081081,0.538462
2025-06-27,B0: Random,19,0.157895,0.150000,1_10 2_3 3_13,0_1 0_10 0_11 0_14 1_12 1_14 1_2 1_3 2_13 2_4 3_1 3_14 4_0 6_1 6_5 7_10 7_13,0_9 3_12 3_3 4_3 4_5 4_6 5_1 5_11 5_12 5_2 5_3 6_10 6_4 6_8 7_7 7_9,0.052632,0.052632,0.025641,0.052632,0.081081,0.081081,0.081081,0.081081,,0.052632
2025-06-28,GLM-Logit,11,0.636364,0.350000,1_10 3_12 4_1 4_4 6_10 6_12 7_6,2_10 3_10 3_11 3_13 4_3 5_1 5_2 5_3 5_6 6_11 6_4 6_7 7_9,3_2 4_5 7_13 7_8,0.666667,0.666667,0.538462,0.481481,0.739130,0.600000,0.600000,0.538462,0.052632,
2025-06-28,HierBayes,11,0.636364,0.350000,1_10 3_12 4_1 4_4 6_10 7_6 7_8,2_10 3_11 3_13 4_3 5_1 5_12 5_6 5_7 6_11 6_4 6_7 6_8 7_9,3_2 4_5 6_12 7_13,,0.428571,0.379310,0.333333,0.739130,0.428571,0.739130,0.428571,0.052632,0.666667
2025-06-28,B1: Static prior,11,0.545455,0.300000,1_10 3_12 4_1 4_4 6_12 7_6,2_10 2_9 3_10 3_11 3_13 3_3 4_2 4_3 5_1 5_2 5_3 6_4 7_5 7_9,3_2 4_5 6_10 7_13 7_8,0.428571,,0.538462,0.666667,0.481481,0.739130,0.379310,0.666667,0.052632,0.666667
2025-06-28,TTM,11,0.363636,0.200000,1_10 4_1 6_10 7_6,2_10 2_2 2_9 3_10 3_13 4_3 5_1 5_2 5_3 5_4 5_6 6_3 6_4 7_4 7_5 7_9,3_12 3_2 4_4 4_5 6_12 7_13 7_8,0.379310,0.538462,,0.481481,0.428571,0.481481,0.379310,0.481481,0.081081,0.538462
2025-06-28,ET,11,0.454545,0.250000,1_10 3_12 4_1 6_12 7_6,0_9 3_10 3_11 3_13 3_3 4_2 5_1 5_2 5_3 5_4 5_7 6_4 7_4 7_5 7_9,3_2 4_4 4_5 6_10 7_13 7_8,0.333333,0.666667,0.481481,,0.428571,0.739130,0.250000,0.666667,0.081081,0.481481
2025-06-28,B5: B2+B3,11,0.545455,0.300000,1_10 3_12 4_1 4_4 6_10 7_6,3_11 3_13 4_0 4_3 5_1 5_2 5_3 5_6 5_7 6_11 6_4 6_7 6_8 7_9,3_2 4_5 6_12 7_13 7_8,0.739130,0.481481,0.428571,0.428571,,0.600000,0.600000,0.600000,0.081081,0.739130
2025-06-28,B4: B1+B3,11,0.545455,0.300000,1_10 3_12 4_1 4_4 6_12 7_6,3_10 3_11 3_13 3_3 4_0 4_3 5_1 5_2 5_3 5_4 5_7 6_4 7_5 7_9,3_2 4_5 6_10 7_13 7_8,0.428571,0.739130,0.481481,0.739130,0.600000,,0.333333,0.818182,0.081081,0.600000
2025-06-28,B2: Recent MA,11,0.727273,0.400000,1_10 3_12 4_1 4_4 4_5 6_10 7_6 7_8,0_10 2_10 3_13 4_3 5_1 5_6 6_11 6_4 6_7 6_8 7_7 7_9,3_2 6_12 7_13,0.739130,0.379310,0.379310,0.250000,0.600000,0.333333,,0.333333,0.052632,0.600000
2025-06-28,B3: DoY season,11,0.454545,0.250000,1_10 3_12 4_1 4_4 7_6,3_10 3_11 3_13 4_0 4_2 4_3 4_7 5_1 5_2 5_3 5_4 5_7 6_4 7_5 7_9,3_2 4_5 6_10 6_12 7_13 7_8,0.428571,0.666667,0.481481,0.666667,0.600000,0.818182,0.333333,,0.081081,0.538462
2025-06-28,B0: Random,11,0.090909,0.050000,7_6,0_4 0_6 1_14 1_15 1_6 1_7 1_8 3_0 3_4 3_6 4_11 5_3 5_4 5_8 6_8 7_10 7_12 8_13 8_4,1_10 3_12 3_2 4_1 4_4 4_5 6_10 6_12 7_13 7_8,0.052632,0.052632,0.081081,0.081081,0.081081,0.081081,0.052632,0.081081,,0.052632
2025-06-29,GLM-Logit,7,0.571429,0.200000,5_2 6_10 6_4 7_9,1_10 2_10 3_11 3_12 3_13 4_1 4_3 4_4 5_1 5_3 5_6 6_11 6_12 6_7 7_6 7_8,2_2 6_13 7_13,0.818182,0.600000,0.600000,0.428571,0.818182,0.538462,0.666667,0.538462,0.052632,
2025-06-29,HierBayes,7,0.428571,0.150000,6_10 6_4 7_9,1_10 2_10 3_11 3_12 3_13 4_1 4_3 4_4 5_1 5_12 5_6 6_11 6_12 6_7 6_8 7_6 7_8,2_2 5_2 6_13 7_13,,0.481481,0.481481,0.333333,0.739130,0.428571,0.739130,0.428571,0.052632,0.818182
2025-06-29,B1: Static prior,7,0.428571,0.150000,5_2 6_4 7_9,1_10 2_10 2_9 3_10 3_11 3_12 3_13 3_3 4_1 4_2 4_3 4_4 5_1 5_3 6_12 7_5 7_6,2_2 6_10 6_13 7_13,0.481481,,0.538462,0.666667,0.481481,0.739130,0.379310,0.600000,0.081081,0.600000
2025-06-29,TTM,7,0.714286,0.250000,2_2 5_2 6_10 6_4 7_9,1_10 1_11 2_10 2_9 3_12 3_13 4_1 4_3 4_4 5_1 5_3 5_6 6_11 7_4 7_5,6_13 7_13,0.481481,0.538462,,0.379310,0.538462,0.481481,0.481481,0.538462,0.081081,0.600000
2025-06-29,ET,7,0.428571,0.150000,5_2 6_4 7_9,0_9 1_10 3_10 3_11 3_12 3_13 3_3 4_1 4_2 5_1 5_3 5_4 5_7 6_12 7_4 7_5 7_6,2_2 6_10 6_13 7_13,0.333333,0.666667,0.379310,,0.379310,0.600000,0.250000,0.538462,0.081081,0.428571
2025-06-29,B5: B2+B3,7,0.571429,0.200000,5_2 6_10 6_4 7_9,1_10 3_11 3_12 3_13 4_1 4_3 4_4 4_5 5_1 5_3 5_6 6_11 6_7 6_8 7_6 7_8,2_2 6_13 7_13,0.739130,0.481481,0.538462,0.379310,,0.481481,0.739130,0.538462,0.025641,0.818182
2025-06-29,B4: B1+B3,7,0.428571,0.150000,5_2 6_4 7_9,1_10 2_9 3_11 3_12 3_13 3_2 3_3 4_0 4_1 4_3 4_4 5_1 5_3 5_4 6_12 7_5 7_6,2_2 6_10 6_13 7_13,0.428571,0.739130,0.481481,0.600000,0.481481,,0.333333,0.818182,0.111111,0.538462
2025-06-29,B2: Recent MA,7,0.428571,0.150000,6_10 6_4 7_9,0_10 1_10 2_10 3_12 3_13 4_1 4_3 4_4 4_5 5_1 5_6 6_11 6_7 6_8 7_6 7_7 7_8,2_2 5_2 6_13 7_13,0.739130,0.379310,0.481481,0.250000,0.739130,0.333333,,0.379310,0.025641,0.666667
2025-06-29,B3: DoY season,7,0.428571,0.150000,5_2 6_4 7_9,1_10 2_9 3_11 3_12 3_13 3_2 4_0 4_1 4_3 4_4 5_1 5_3 5_4 5_6 5_7 7_5 7_6,2_2 6_10 6_13 7_13,0.428571,0.600000,0.538462,0.538462,0.538462,0.818182,0.379310,,0.081081,0.538462
2025-06-29,B0: Random,7,0.000000,0.000000,,0_2 0_6 0_8 1_1 1_10 1_11 1_8 2_13 3_0 3_2 4_10 4_13 6_12 6_2 7_0 7_10 7_14 7_5 8_12 8_9,2_2 5_2 6_10 6_13 6_4 7_13 7_9,0.052632,0.081081,0.081081,0.081081,0.025641,0.111111,0.025641,0.081081,,0.052632
2025-06-30,GLM-Logit,11,0.363636,0.200000,3_13 4_1 6_12 7_9,1_10 2_10 3_11 3_12 4_3 4_4 5_1 5_2 5_3 5_6 6_10 6_11 6_4 6_7 7_6 7_8,2_9 3_1 3_2 4_13 4_5 6_13 7_5,0.818182,0.600000,0.600000,0.428571,0.739130,0.600000,0.818182,0.538462,0.111111,
2025-06-30,HierBayes,11,0.363636,0.200000,3_13 4_1 6_12 7_9,1_10 2_10 3_12 4_3 4_4 5_1 5_12 5_2 5_6 6_10 6_11 6_4 6_7 6_8 7_6 7_8,2_9 3_1 3_2 4_13 4_5 6_13 7_5,,0.481481,0.538462,0.333333,0.739130,0.481481,0.904762,0.428571,0.111111,0.818182
2025-06-30,B1: Static prior,11,0.545455,0.300000,2_9 3_13 4_1 6_12 7_5 7_9,1_10 2_10 3_10 3_11 3_12 3_3 4_2 4_3 4_4 5_1 5_2 5_3 6_4 7_6,3_1 3_2 4_13 4_5 6_13,0.481481,,0.600000,0.666667,0.428571,0.739130,0.481481,0.600000,0.111111,0.600000
2025-06-30,TTM,11,0.363636,0.200000,3_13 4_1 7_5 7_9,1_10 2_10 2_2 3_12 3_3 4_2 4_3 4_4 5_1 5_2 5_3 5_6 6_10 6_11 6_4 7_4,2_9 3_1 3_2 4_13 4_5 6_12 6_13,0.538462,0.600000,,0.481481,0.481481,0.481481,0.538462,0.481481,0.111111,0.600000
2025-06-30,ET,11,0.454545,0.250000,3_13 4_1 6_12 7_5 7_9,0_9 1_10 3_10 3_11 3_12 3_3 4_2 5_1 5_2 5_3 5_4 5_7 6_4 7_4 7_6,2_9 3_1 3_2 4_13 4_5 6_13,0.333333,0.666667,0.481481,,0.333333,0.600000,0.333333,0.538462,0.111111,0.428571
2025-06-30,B5: B2+B3,11,0.363636,0.200000,3_13 4_1 4_5 7_9,1_10 3_11 3_12 4_0 4_3 4_4 5_1 5_2 5_6 6_10 6_11 6_4 6_7 6_8 7_6 7_8,2_9 3_1 3_2 4_13 6_12 6_13 7_5,0.739130,0.428571,0.481481,0.333333,,0.538462,0.818182,0.538462,0.142857,0.739130
2025-06-30,B4: B1+B3,11,0.545455,0.300000,2_9 3_13 4_1 6_12 7_5 7_9,1_10 3_10 3_11 3_12 4_0 4_3 4_4 5_1 5_2 5_3 5_4 6_10 6_4 7_6,3_1 3_2 4_13 4_5 6_13,0.481481,0.739130,0.481481,0.600000,0.538462,,0.481481,0.818182,0.111111,0.600000
2025-06-30,B2: Recent MA,11,0.454545,0.250000,3_13 4_1 4_5 6_12 7_9,1_10 2_10 3_12 4_3 4_4 5_1 5_2 5_6 6_10 6_11 6_4 6_7 6_8 7_6 7_8,2_9 3_1 3_2 4_13 6_13 7_5,0.904762,0.481481,0.538462,0.333333,0.818182,0.481481,,0.428571,0.142857,0.818182
2025-06-30,B3: DoY season,11,0.454545,0.250000,2_9 3_13 4_1 7_5 7_9,1_10 3_10 3_11 3_12 4_0 4_3 4_4 5_1 5_2 5_3 5_4 5_6 5_7 6_10 7_6,3_1 3_2 4_13 4_5 6_12 6_13,0.428571,0.600000,0.481481,0.538462,0.538462,0.818182,0.428571,,0.111111,0.538462
2025-06-30,B0: Random,11,0.181818,0.100000,4_5 6_13,0_9 1_5 1_8 2_13 2_6 2_7 3_0 3_10 3_15 4_3 4_6 4_7 5_1 5_6 5_9 6_4 8_3 8_6,2_9 3_1 3_13 3_2 4_1 4_13 6_12 7_5 7_9,0.111111,0.111111,0.111111,0.111111,0.142857,0.111111,0.142857,0.111111,,0.111111
2025-07-01,GLM-Logit,11,0.727273,0.400000,1_10 3_13 4_1 4_4 5_1 5_2 6_12 6_4,2_10 3_11 3_12 4_3 5_3 5_6 6_10 6_11 6_7 7_6 7_8 7_9,5_10 5_11 5_9,0.818182,0.600000,0.600000,0.428571,0.818182,0.538462,0.818182,0.481481,0.025641,
2025-07-01,HierBayes,11,0.727273,0.400000,1_10 3_13 4_1 4_4 5_1 5_2 6_12 6_4,2_10 3_12 4_3 5_12 5_6 6_10 6_11 6_7 6_8 7_6 7_8 7_9,5_10 5_11 5_9,,0.481481,0.481481,0.333333,0.818182,0.428571,0.904762,0.379310,0.000000,0.818182
2025-07-01,B1: Static prior,11,0.727273,0.400000,1_10 3_13 4_1 4_4 5_1 5_2 6_12 6_4,2_10 2_9 3_10 3_11 3_12 3_3 4_2 4_3 5_3 7_5 7_6 7_9,5_10 5_11 5_9,0.481481,,0.666667,0.538462,0.481481,0.666667,0.481481,0.538462,0.052632,0.600000
2025-07-01,TTM,11,0.636364,0.350000,1_10 3_13 4_1 4_4 5_1 5_2 6_4,2_10 2_2 3_10 3_11 3_12 4_2 4_3 5_3 5_6 6_10 7_4 7_5 7_9,5_10 5_11 5_9 6_12,0.481481,0.666667,,0.481481,0.481481,0.666667,0.481481,0.600000,0.081081,0.600000
2025-07-01,ET,11,0.636364,0.350000,1_10 4_1 4_4 5_1 5_2 6_12 6_4,0_9 3_11 3_12 3_3 4_2 4_3 5_3 5_4 5_7 6_11 7_4 7_5 7_7,3_13 5_10 5_11 5_9,0.333333,0.538462,0.481481,,0.379310,0.481481,0.333333,0.428571,0.052632,0.428571
2025-07-01,B5: B2+B3,11,0.727273,0.400000,1_10 3_13 4_1 4_4 5_1 5_2 6_12 6_4,3_11 3_12 4_3 4_5 5_6 6_10 6_11 6_7 6_8 7_6 7_8 7_9,5_10 5_11 5_9,0.818182,0.481481,0.481481,0.379310,,0.481481,0.904762,0.428571,0.025641,0.818182
2025-07-01,B4: B1+B3,11,0.636364,0.350000,1_10 3_13 4_1 4_4 5_1 5_2 6_4,2_9 3_10 3_11 3_12 4_0 4_3 5_3 5_4 6_10 7_4 7_5 7_6 7_9,5_10 5_11 5_9 6_12,0.428571,0.666667,0.666667,0.481481,0.481481,,0.428571,0.818182,0.081081,0.538462
2025-07-01,B2: Recent MA,11,0.727273,0.400000,1_10 3_13 4_1 4_4 5_1 5_2 6_12 6_4,2_10 3_12 4_3 4_5 5_6 6_10 6_11 6_7 6_8 7_6 7_8 7_9,5_10 5_11 5_9,0.904762,0.481481,0.481481,0.333333,0.904762,0.428571,,0.379310,0.000000,0.818182
2025-07-01,B3: DoY season,11,0.545455,0.300000,1_10 3_13 4_1 4_4 5_1 5_2,2_9 3_10 3_11 4_0 4_3 5_3 5_4 5_6 5_7 6_10 7_4 7_5 7_6 7_9,5_10 5_11 5_9 6_12 6_4,0.379310,0.538462,0.600000,0.428571,0.428571,0.818182,0.379310,,0.081081,0.481481
2025-07-01,B0: Random,11,0.090909,0.050000,5_11,0_11 0_12 0_3 1_14 1_3 1_4 2_11 2_2 2_6 3_10 3_11 3_5 4_6 4_7 4_9 5_4 6_0 6_14 8_13,1_10 3_13 4_1 4_4 5_1 5_10 5_2 5_9 6_12 6_4,0.000000,0.052632,0.081081,0.052632,0.025641,0.081081,0.000000,0.081081,,0.025641
2025-07-02,GLM-Logit,10,0.500000,0.250000,1_10 3_12 4_1 6_10 7_8,2_10 3_11 3_13 4_3 4_4 5_1 5_2 5_3 5_6 6_11 6_12 6_4 6_7 7_6 7_9,0_9 1_11 5_10 6_13 8_10,0.818182,0.600000,0.538462,0.428571,0.818182,0.538462,0.818182,0.538462,0.025641,
2025-07-02,HierBayes,10,0.500000,0.250000,1_10 3_12 4_1 6_10 7_8,2_10 3_13 4_3 4_4 5_1 5_12 5_2 5_6 6_11 6_12 6_4 6_7 6_8 7_6 7_9,0_9 1_11 5_10 6_13 8_10,,0.481481,0.481481,0.333333,0.818182,0.428571,0.904762,0.428571,0.025641,0.818182
2025-07-02,B1: Static prior,10,0.300000,0.150000,1_10 3_12 4_1,2_10 2_9 3_10 3_11 3_13 3_3 4_2 4_3 4_4 5_1 5_2 5_3 6_12 6_4 7_5 7_6 7_9,0_9 1_11 5_10 6_10 6_13 7_8 8_10,0.481481,,0.666667,0.538462,0.481481,0.600000,0.481481,0.538462,0.025641,0.600000
2025-07-02,TTM,10,0.400000,0.200000,1_10 3_12 4_1 6_10,2_10 3_10 3_13 3_3 4_0 4_2 4_3 4_4 5_1 5_2 5_3 5_6 6_4 7_4 7_5 7_9,0_9 1_11 5_10 6_13 7_8 8_10,0.481481,0.666667,,0.481481,0.428571,0.600000,0.481481,0.666667,0.025641,0.538462
2025-07-02,ET,10,0.400000,0.200000,0_9 1_10 3_12 4_1,3_11 3_3 4_2 4_3 4_4 5_1 5_2 5_3 5_4 5_7 6_11 6_12 6_4 7_4 7_5 7_7,1_11 5_10 6_10 6_13 7_8 8_10,0.333333,0.538462,0.481481,,0.379310,0.428571,0.333333,0.428571,0.000000,0.428571
2025-07-02,B5: B2+B3,10,0.500000,0.250000,1_10 3_12 4_1 6_10 7_8,3_11 3_13 4_3 4_4 4_5 5_1 5_2 5_6 6_11 6_12 6_4 6_7 6_8 7_6 7_9,0_9 1_11 5_10 6_13 8_10,0.818182,0.481481,0.428571,0.379310,,0.481481,0.904762,0.481481,0.025641,0.818182
2025-07-02,B4: B1+B3,10,0.400000,0.200000,1_10 3_12 4_1 6_10,2_9 3_10 3_11 3_13 3_2 4_3 4_4 5_1 5_2 5_3 5_4 5_6 7_4 7_5 7_6 7_9,0_9 1_11 5_10 6_13 7_8 8_10,0.428571,0.600000,0.600000,0.428571,0.481481,,0.428571,0.818182,0.025641,0.538462
2025-07-02,B2: Recent MA,10,0.500000,0.250000,1_10 3_12 4_1 6_10 7_8,2_10 3_13 4_3 4_4 4_5 5_1 5_2 5_6 6_11 6_12 6_4 6_7 6_8 7_6 7_9,0_9 1_11 5_10 6_13 8_10,0.904762,0.481481,0.481481,0.333333,0.904762,0.428571,,0.428571,0.025641,0.818182
2025-07-02,B3: DoY season,10,0.400000,0.200000,1_10 3_12 4_1 6_10,3_10 3_11 3_13 4_0 4_3 4_4 4_7 5_1 5_2 5_3 5_4 5_6 7_4 7_5 7_6 7_9,0_9 1_11 5_10 6_13 7_8 8_10,0.428571,0.538462,0.666667,0.428571,0.481481,0.818182,0.428571,,0.052632,0.538462
2025-07-02,B0: Random,10,0.100000,0.050000,6_13,0_2 0_8 1_1 2_1 2_15 2_7 3_6 4_12 4_6 4_7 5_13 5_5 5_9 6_3 7_14 7_2 7_9 8_13 8_8,0_9 1_10 1_11 3_12 4_1 5_10 6_10 7_8 8_10,0.025641,0.025641,0.025641,0.000000,0.025641,0.025641,0.025641,0.052632,,0.025641
2025-07-03,GLM-Logit,14,0.428571,0.300000,1_10 3_12 3_13 4_4 7_5 7_9,2_10 3_10 3_11 4_1 4_3 5_1 5_2 5_3 6_10 6_12 6_4 6_7 7_6 7_8,1_9 5_10 5_11 6_13 6_8 7_4 7_7 8_10,0.739130,0.739130,0.600000,0.428571,0.666667,0.666667,0.666667,0.600000,0.176471,
2025-07-03,HierBayes,14,0.428571,0.300000,1_10 3_12 3_13 4_4 6_8 7_9,2_10 3_11 4_1 4_3 5_1 5_12 5_2 6_10 6_11 6_12 6_4 6_7 7_6 7_8,1_9 5_10 5_11 6_13 7_4 7_5 7_7 8_10,,0.538462,0.428571,0.379310,0.739130,0.481481,0.739130,0.428571,0.176471,0.739130
2025-07-03,B1: Static prior,14,0.428571,0.300000,1_10 3_12 3_13 4_4 7_5 7_9,2_10 2_9 3_10 3_11 3_3 4_1 4_2 4_3 5_1 5_2 5_3 6_12 6_4 7_6,1_9 5_10 5_11 6_13 6_8 7_4 7_7 8_10,0.538462,,0.666667,0.538462,0.481481,0.666667,0.481481,0.600000,0.111111,0.739130
2025-07-03,TTM,14,0.500000,0.350000,1_10 3_12 3_13 4_4 7_4 7_5 7_9,1_11 2_10 2_11 3_10 3_3 4_1 4_2 4_3 5_1 5_2 5_3 6_10 6_4,1_9 5_10 5_11 6_13 6_8 7_7 8_10,0.428571,0.666667,,0.481481,0.379310,0.538462,0.428571,0.538462,0.081081,0.600000
2025-07-03,ET,14,0.428571,0.300000,1_10 3_12 4_4 7_4 7_5 7_7,0_9 3_11 3_3 4_1 4_2 4_3 5_1 5_2 5_3 5_4 5_7 6_11 6_12 6_4,1_9 3_13 5_10 5_11 6_13 6_8 7_9 8_10,0.379310,0.538462,0.481481,,0.379310,0.481481,0.333333,0.428571,0.081081,0.428571
2025-07-03,B5: B2+B3,14,0.500000,0.350000,1_10 3_12 3_13 4_4 6_8 7_7 7_9,3_11 4_1 4_3 4_5 5_1 5_2 5_6 6_10 6_12 6_4 6_7 7_6 7_8,1_9 5_10 5_11 6_13 7_4 7_5 8_10,0.739130,0.481481,0.379310,0.379310,,0.538462,0.904762,0.481481,0.176471,0.666667
2025-07-03,B4: B1+B3,14,0.500000,0.350000,1_10 3_12 3_13 4_4 7_4 7_5 7_9,2_9 3_10 3_11 4_1 4_3 5_1 5_2 5_3 5_4 5_6 6_10 6_12 7_6,1_9 5_10 5_11 6_13 6_8 7_7 8_10,0.481481,0.666667,0.538462,0.481481,0.538462,,0.481481,0.904762,0.111111,0.666667
2025-07-03,B2: Recent MA,14,0.500000,0.350000,1_10 3_12 3_13 4_4 6_8 7_7 7_9,2_10 4_1 4_3 4_5 5_1 5_2 5_6 6_10 6_12 6_4 6_7 7_6 7_8,1_9 5_10 5_11 6_13 7_4 7_5 8_10,0.739130,0.481481,0.428571,0.333333,0.904762,0.481481,,0.428571,0.176471,0.666667
2025-07-03,B3: DoY season,14,0.500000,0.350000,1_10 3_12 3_13 4_4 7_4 7_5 7_9,2_9 3_10 3_11 4_0 4_1 4_3 5_1 5_2 5_3 5_4 5_6 6_10 7_6,1_9 5_10 5_11 6_13 6_8 7_7 8_10,0.428571,0.600000,0.538462,0.428571,0.481481,0.904762,0.428571,,0.111111,0.600000
2025-07-03,B0: Random,14,0.214286,0.150000,1_9 3_12 4_4,0_11 0_3 0_7 1_14 1_4 2_13 2_4 3_2 4_10 4_3 5_9 6_6 6_7 7_15 7_6 7_8 8_3,1_10 3_13 5_10 5_11 6_13 6_8 7_4 7_5 7_7 7_9 8_10,0.176471,0.111111,0.081081,0.081081,0.176471,0.111111,0.176471,0.111111,,0.176471
2025-07-04,GLM-Logit,11,0.727273,0.400000,3_13 4_4 5_1 5_3 6_10 7_6 7_8 7_9,1_10 2_10 3_11 3_12 4_1 4_3 5_2 6_12 6_4 6_7 6_8 7_5,2_12 3_10 7_13,0.818182,0.666667,0.600000,0.428571,0.666667,0.600000,0.666667,0.481481,0.081081,
2025-07-04,HierBayes,11,0.636364,0.350000,3_13 4_4 5_1 6_10 7_6 7_8 7_9,1_10 2_10 3_11 3_12 4_1 4_3 5_12 5_2 6_11 6_12 6_4 6_7 6_8,2_12 3_10 5_3 7_13,,0.538462,0.481481,0.379310,0.666667,0.481481,0.666667,0.379310,0.081081,0.818182
2025-07-04,B1: Static prior,11,0.636364,0.350000,3_10 3_13 4_4 5_1 5_3 7_6 7_9,1_10 2_10 2_9 3_11 3_12 3_3 4_1 4_2 4_3 5_2 6_12 6_4 7_5,2_12 6_10 7_13 7_8,0.538462,,0.739130,0.538462,0.481481,0.739130,0.428571,0.538462,0.111111,0.666667
2025-07-04,TTM,11,0.636364,0.350000,3_10 3_13 4_4 5_1 5_3 6_10 7_9,1_10 2_10 2_9 3_1 3_11 3_12 4_1 4_2 4_3 5_2 6_4 7_4 7_5,2_12 7_13 7_6 7_8,0.481481,0.739130,,0.481481,0.428571,0.739130,0.379310,0.600000,0.142857,0.600000
2025-07-04,ET,11,0.272727,0.150000,4_4 5_1 5_3,0_9 1_10 3_11 3_12 3_3 4_1 4_2 4_3 5_2 5_4 5_7 6_11 6_12 6_4 7_4 7_5 7_7,2_12 3_10 3_13 6_10 7_13 7_6 7_8 7_9,0.379310,0.538462,0.481481,,0.379310,0.481481,0.333333,0.379310,0.081081,0.428571
2025-07-04,B5: B2+B3,11,0.545455,0.300000,3_13 4_4 5_1 6_10 7_6 7_9,1_10 3_11 3_12 4_1 4_3 4_5 5_2 5_6 6_12 6_13 6_4 6_7 6_8 7_7,2_12 3_10 5_3 7_13 7_8,0.666667,0.481481,0.428571,0.379310,,0.538462,0.904762,0.428571,0.081081,0.666667
2025-07-04,B4: B1+B3,11,0.727273,0.400000,3_10 3_13 4_4 5_1 5_3 6_10 7_6 7_9,1_10 2_9 3_11 3_12 4_1 4_2 4_3 5_2 5_6 6_12 7_4 7_5,2_12 7_13 7_8,0.481481,0.739130,0.739130,0.481481,0.538462,,0.481481,0.739130,0.142857,0.600000
2025-07-04,B2: Recent MA,11,0.636364,0.350000,3_13 4_4 5_1 6_10 7_6 7_8 7_9,1_10 3_12 4_1 4_3 4_5 5_2 5_6 6_12 6_13 6_4 6_7 6_8 7_7,2_12 3_10 5_3 7_13,0.666667,0.428571,0.379310,0.333333,0.904762,0.481481,,0.379310,0.052632,0.666667
2025-07-04,B3: DoY season,11,0.727273,0.400000,3_10 3_13 4_4 5_1 5_3 6_10 7_6 7_9,1_10 2_11 2_2 2_9 3_11 4_1 4_3 5_2 5_4 5_6 7_4 7_5,2_12 7_13 7_8,0.379310,0.538462,0.600000,0.379310,0.428571,0.739130,0.379310,,0.111111,0.481481
2025-07-04,B0: Random,11,0.272727,0.150000,3_10 4_4 6_10,0_1 0_14 0_2 1_0 1_15 1_7 2_15 2_6 3_11 3_9 4_13 4_2 6_15 7_11 7_14 8_13 8_7,2_12 3_13 5_1 5_3 7_13 7_6 7_8 7_9,0.081081,0.111111,0.142857,0.081081,0.081081,0.142857,0.052632,0.111111,,0.081081
2025-07-05,GLM-Logit,9,0.444444,0.200000,3_12 3_13 5_2 7_8,1_10 2_10 3_10 3_11 4_1 4_3 4_4 5_1 5_3 6_10 6_12 6_4 6_7 7_5 7_6 7_9,5_4 6_11 6_6 6_8 7_13,0.818182,0.739130,0.600000,0.428571,0.666667,0.600000,0.666667,0.600000,0.081081,
2025-07-05,HierBayes,9,0.555556,0.250000,3_12 3_13 5_2 6_8 7_8,1_10 2_10 3_10 4_1 4_3 4_4 5_1 5_12 5_3 6_10 6_12 6_4 6_7 7_6 7_9,5_4 6_11 6_6 7_13,,0.600000,0.538462,0.333333,0.739130,0.481481,0.739130,0.481481,0.111111,0.818182
2025-07-05,B1: Static prior,9,0.333333,0.150000,3_12 3_13 5_2,1_10 2_10 2_9 3_10 3_11 3_3 4_1 4_2 4_3 4_4 5_1 5_3 6_12 6_4 7_5 7_6 7_9,5_4 6_11 6_6 6_8 7_13 7_8,0.600000,,0.666667,0.538462,0.481481,0.666667,0.481481,0.666667,0.081081,0.739130
2025-07-05,TTM,9,0.333333,0.150000,3_12 3_13 5_2,1_10 1_11 2_9 3_10 3_2 4_1 4_2 4_3 4_4 5_1 5_3 6_10 6_12 6_4 7_4 7_5 7_9,5_4 6_11 6_6 6_8 7_13 7_8,0.538462,0.666667,,0.481481,0.481481,0.666667,0.428571,0.666667,0.081081,0.600000
2025-07-05,ET,9,0.444444,0.200000,3_12 5_2 5_4 6_11,0_9 1_10 3_11 3_3 4_1 4_2 4_3 4_4 5_1 5_3 5_7 6_12 6_4 7_4 7_5 7_7,3_13 6_6 6_8 7_13 7_8,0.333333,0.538462,0.481481,,0.379310,0.481481,0.333333,0.481481,0.081081,0.428571
2025-07-05,B5: B2+B3,9,0.555556,0.250000,3_12 3_13 5_2 6_8 7_8,1_10 4_1 4_3 4_4 4_5 5_1 5_3 5_6 6_10 6_12 6_4 6_7 7_6 7_7 7_9,5_4 6_11 6_6 7_13,0.739130,0.481481,0.481481,0.379310,,0.481481,0.818182,0.481481,0.111111,0.666667
2025-07-05,B4: B1+B3,9,0.444444,0.200000,3_12 3_13 5_2 5_4,1_10 2_9 3_10 3_11 4_1 4_2 4_3 4_4 5_1 5_3 5_6 6_10 7_4 7_5 7_6 7_9,6_11 6_6 6_8 7_13 7_8,0.481481,0.666667,0.666667,0.481481,0.481481,,0.379310,1.000000,0.081081,0.600000
2025-07-05,B2: Recent MA,9,0.555556,0.250000,3_12 3_13 5_2 6_8 7_8,1_10 2_10 4_1 4_3 4_4 4_5 5_1 6_10 6_12 6_13 6_4 6_7 7_6 7_7 7_9,5_4 6_11 6_6 7_13,0.739130,0.481481,0.428571,0.333333,0.818182,0.379310,,0.379310,0.081081,0.666667
2025-07-05,B3: DoY season,9,0.444444,0.200000,3_12 3_13 5_2 5_4,1_10 2_9 3_10 3_11 4_1 4_2 4_3 4_4 5_1 5_3 5_6 6_10 7_4 7_5 7_6 7_9,6_11 6_6 6_8 7_13 7_8,0.481481,0.666667,0.666667,0.481481,0.481481,1.000000,0.379310,,0.081081,0.600000
2025-07-05,B0: Random,9,0.111111,0.050000,6_8,0_13 0_2 1_2 1_6 2_5 2_7 3_1 3_14 4_0 4_13 4_4 5_13 5_3 5_7 7_1 7_9 8_1 8_10 8_8,3_12 3_13 5_2 5_4 6_11 6_6 7_13 7_8,0.111111,0.081081,0.081081,0.081081,0.111111,0.081081,0.081081,0.081081,,0.081081
2025-07-06,GLM-Logit,5,0.400000,0.100000,3_12 4_4,1_10 2_10 3_11 3_13 4_1 4_3 5_1 5_2 5_3 6_10 6_11 6_12 6_4 6_7 6_8 7_6 7_8 7_9,4_9 5_10 5_5,0.904762,0.600000,0.538462,0.428571,0.666667,0.428571,0.666667,0.379310,0.025641,
2025-07-06,HierBayes,5,0.400000,0.100000,3_12 4_4,1_10 2_10 3_11 3_13 4_1 4_3 5_1 5_12 5_2 6_10 6_11 6_12 6_4 6_7 6_8 7_6 7_8 7_9,4_9 5_10 5_5,,0.538462,0.481481,0.379310,0.666667,0.379310,0.666667,0.333333,0.025641,0.904762
2025-07-06,B1: Static prior,5,0.400000,0.100000,3_12 4_4,1_10 2_10 2_9 3_10 3_11 3_13 3_3 4_1 4_2 4_3 5_1 5_2 5_3 6_12 6_4 7_5 7_6 7_9,4_9 5_10 5_5,0.538462,,0.666667,0.538462,0.428571,0.600000,0.379310,0.538462,0.025641,0.600000
2025-07-06,TTM,5,0.400000,0.100000,3_12 4_4,1_10 1_11 2_10 3_3 4_1 4_2 4_3 5_1 5_2 5_3 6_10 6_12 6_3 6_4 7_4 7_5 7_6 7_9,4_9 5_10 5_5,0.481481,0.666667,,0.538462,0.428571,0.481481,0.379310,0.481481,0.052632,0.538462
2025-07-06,ET,5,0.400000,0.100000,3_12 4_4,0_9 1_10 3_11 3_3 4_1 4_2 4_3 5_1 5_2 5_3 5_4 5_7 6_11 6_12 6_4 7_4 7_5 7_7,4_9 5_10 5_5,0.379310,0.538462,0.538462,,0.333333,0.428571,0.333333,0.379310,0.052632,0.428571
2025-07-06,B5: B2+B3,5,0.400000,0.100000,3_12 4_4,1_10 3_13 4_1 4_3 4_5 5_1 5_2 5_6 6_10 6_12 6_13 6_4 6_7 6_8 7_6 7_7 7_8 7_9,4_9 5_10 5_5,0.666667,0.428571,0.428571,0.333333,,0.379310,0.818182,0.379310,0.025641,0.666667
2025-07-06,B4: B1+B3,5,0.400000,0.100000,3_12 4_4,1_10 2_2 2_9 3_10 3_11 3_13 4_1 4_2 4_3 5_1 5_3 5_4 5_6 6_10 7_4 7_5 7_6 7_9,4_9 5_10 5_5,0.379310,0.600000,0.481481,0.428571,0.379310,,0.290323,0.904762,0.025641,0.428571
2025-07-06,B2: Recent MA,5,0.400000,0.100000,3_12 4_4,1_10 3_13 4_1 4_5 5_1 5_2 6_10 6_11 6_12 6_13 6_4 6_7 6_8 7_13 7_6 7_7 7_8 7_9,4_9 5_10 5_5,0.666667,0.379310,0.379310,0.333333,0.818182,0.290323,,0.290323,0.052632,0.666667
2025-07-06,B3: DoY season,5,0.400000,0.100000,3_12 4_4,1_10 2_11 2_2 2_9 3_10 3_13 4_1 4_2 4_3 5_1 5_3 5_4 5_6 6_10 7_4 7_5 7_6 7_9,4_9 5_10 5_5,0.333333,0.538462,0.481481,0.379310,0.379310,0.904762,0.290323,,0.052632,0.379310
2025-07-06,B0: Random,5,0.000000,0.000000,,0_15 0_7 1_14 2_1 2_11 2_12 2_14 2_8 3_3 4_14 4_15 4_8 5_8 6_1 6_7 7_1 7_13 7_4 8_13 8_5,3_12 4_4 4_9 5_10 5_5,0.025641,0.025641,0.052632,0.052632,0.025641,0.025641,0.052632,0.052632,,0.025641
2025-07-07,GLM-Logit,6,0.500000,0.150000,3_13 5_2 6_11,1_10 2_10 3_11 3_12 4_1 4_3 4_4 5_1 5_3 6_10 6_12 6_4 6_7 6_8 7_6 7_8 7_9,1_3 5_4 8_8,0.904762,0.600000,0.538462,0.428571,0.666667,0.428571,0.666667,0.379310,0.111111,
2025-07-07,HierBayes,6,0.500000,0.150000,3_13 5_2 6_11,1_10 2_10 3_11 3_12 4_1 4_3 4_4 5_1 5_12 6_10 6_12 6_4 6_7 6_8 7_6 7_8 7_9,1_3 5_4 8_8,,0.538462,0.481481,0.379310,0.666667,0.379310,0.666667,0.333333,0.111111,0.904762
2025-07-07,B1: Static prior,6,0.333333,0.100000,3_13 5_2,1_10 2_10 2_9 3_10 3_11 3_12 3_3 4_1 4_2 4_3 4_4 5_1 5_3 6_12 6_4 7_5 7_6 7_9,1_3 5_4 6_11 8_8,0.538462,,0.739130,0.538462,0.428571,0.538462,0.379310,0.481481,0.142857,0.600000
2025-07-07,TTM,6,0.333333,0.100000,3_13 5_2,1_10 1_11 2_10 2_2 2_9 3_11 3_12 3_3 4_1 4_3 4_4 5_1 5_3 6_4 7_4 7_5 7_6 7_9,1_3 5_4 6_11 8_8,0.481481,0.739130,,0.481481,0.379310,0.600000,0.333333,0.600000,0.081081,0.538462
2025-07-07,ET,6,0.500000,0.150000,5_2 5_4 6_11,0_9 1_10 3_11 3_12 3_3 4_1 4_2 4_3 4_4 5_1 5_3 5_7 6_12 6_4 7_4 7_5 7_7,1_3 3_13 8_8,0.379310,0.538462,0.481481,,0.333333,0.379310,0.333333,0.333333,0.081081,0.428571
2025-07-07,B5: B2+B3,6,0.333333,0.100000,3_13 5_2,1_10 3_12 4_1 4_3 4_4 4_5 5_1 5_6 6_10 6_12 6_13 6_4 6_7 6_8 7_6 7_7 7_8 7_9,1_3 5_4 6_11 8_8,0.666667,0.428571,0.379310,0.333333,,0.379310,0.818182,0.379310,0.081081,0.666667
2025-07-07,B4: B1+B3,6,0.333333,0.100000,3_13 5_4,1_10 2_11 2_2 2_9 3_10 3_11 3_12 4_1 4_3 4_4 5_1 5_3 5_6 6_10 7_4 7_5 7_6 7_9,1_3 5_2 6_11 8_8,0.379310,0.538462,0.600000,0.379310,0.379310,,0.290323,0.904762,0.111111,0.428571
2025-07-07,B2: Recent MA,6,0.500000,0.150000,3_13 5_2 6_11,1_10 3_12 4_1 4_4 4_5 5_1 6_10 6_12 6_13 6_4 6_7 6_8 7_13 7_6 7_7 7_8 7_9,1_3 5_4 8_8,0.666667,0.379310,0.333333,0.333333,0.818182,0.290323,,0.290323,0.111111,0.666667
2025-07-07,B3: DoY season,6,0.333333,0.100000,3_13 5_4,1_10 1_11 2_11 2_2 2_9 3_10 3_12 4_1 4_3 4_4 5_1 5_3 5_6 6_10 7_4 7_5 7_6 7_9,1_3 5_2 6_11 8_8,0.333333,0.481481,0.600000,0.333333,0.379310,0.904762,0.290323,,0.111111,0.379310
2025-07-07,B0: Random,6,0.333333,0.100000,3_13 6_11,0_0 0_15 1_0 1_15 2_6 3_10 3_3 4_10 4_12 4_2 4_7 6_10 6_6 7_10 7_9 8_15 8_4 8_7,1_3 5_2 5_4 8_8,0.111111,0.142857,0.081081,0.081081,0.081081,0.111111,0.111111,0.111111,,0.111111
2025-07-08,GLM-Logit,6,0.666667,0.200000,3_13 4_1 5_3 7_8,1_10 2_10 3_11 3_12 4_3 4_4 5_1 5_2 6_10 6_11 6_12 6_4 6_7 6_8 7_6 7_9,3_3 6_5,0.904762,0.600000,0.666667,0.428571,0.739130,0.379310,0.666667,0.333333,0.081081,
2025-07-08,HierBayes,6,0.500000,0.150000,3_13 4_1 7_8,1_10 2_10 3_11 3_12 4_3 4_4 5_1 5_12 5_2 6_10 6_11 6_12 6_4 6_7 6_8 7_6 7_9,3_3 5_3 6_5,,0.538462,0.600000,0.379310,0.739130,0.333333,0.666667,0.290323,0.081081,0.904762
2025-07-08,B1: Static prior,6,0.666667,0.200000,3_13 3_3 4_1 5_3,1_10 2_10 2_9 3_10 3_11 3_12 4_2 4_3 4_4 5_1 5_2 6_12 6_4 7_5 7_6 7_9,6_5 7_8,0.538462,,0.666667,0.538462,0.428571,0.538462,0.379310,0.481481,0.111111,0.600000
2025-07-08,TTM,6,0.500000,0.150000,3_13 4_1 5_3,1_10 2_10 3_11 3_12 3_2 4_3 4_4 5_1 5_2 5_5 6_10 6_12 6_4 7_4 7_5 7_6 7_9,3_3 6_5 7_8,0.600000,0.666667,,0.481481,0.481481,0.481481,0.428571,0.428571,0.081081,0.666667
2025-07-08,ET,6,0.500000,0.150000,3_3 4_1 5_3,0_9 1_10 3_11 3_12 4_2 4_3 4_4 5_1 5_2 5_4 5_7 6_11 6_12 6_4 7_4 7_5 7_7,3_13 6_5 7_8,0.379310,0.538462,0.481481,,0.379310,0.379310,0.333333,0.379310,0.081081,0.428571
2025-07-08,B5: B2+B3,6,0.500000,0.150000,3_13 4_1 7_8,1_10 3_12 4_3 4_4 4_5 5_1 5_2 5_6 6_10 6_11 6_12 6_4 6_7 6_8 7_6 7_7 7_9,3_3 5_3 6_5,0.739130,0.428571,0.481481,0.379310,,0.379310,0.818182,0.333333,0.081081,0.739130
2025-07-08,B4: B1+B3,6,0.666667,0.200000,3_13 3_3 4_1 5_3,1_10 2_11 2_2 2_9 3_10 3_12 4_3 4_4 5_1 5_4 5_6 6_10 7_4 7_5 7_6 7_9,6_5 7_8,0.333333,0.538462,0.481481,0.379310,0.379310,,0.290323,0.818182,0.111111,0.379310
2025-07-08,B2: Recent MA,6,0.500000,0.150000,3_13 4_1 7_8,1_10 3_12 4_4 4_5 5_1 5_2 6_10 6_11 6_12 6_13 6_4 6_7 6_8 7_13 7_6 7_7 7_9,3_3 5_3 6_5,0.666667,0.379310,0.428571,0.333333,0.818182,0.290323,,0.250000,0.111111,0.666667
2025-07-08,B3: DoY season,6,0.333333,0.100000,4_1 5_3,1_10 1_11 2_11 2_2 2_9 3_10 3_12 4_2 4_3 4_4 5_1 5_4 5_6 6_10 7_4 7_5 7_6 7_9,3_13 3_3 6_5 7_8,0.290323,0.481481,0.428571,0.379310,0.333333,0.818182,0.250000,,0.142857,0.333333
2025-07-08,B0: Random,6,0.000000,0.000000,,0_14 0_7 0_8 1_11 2_0 2_2 2_4 2_6 2_8 2_9 3_12 4_0 4_8 5_1 5_10 5_2 6_13 6_14 7_15 8_2,3_13 3_3 4_1 5_3 6_5 7_8,0.081081,0.111111,0.081081,0.081081,0.081081,0.111111,0.111111,0.142857,,0.081081
2025-07-09,GLM-Logit,10,0.700000,0.350000,1_10 3_13 4_4 5_2 5_3 6_12 7_9,2_10 3_10 3_12 4_1 4_3 5_1 6_10 6_11 6_4 6_7 6_8 7_6 7_8,3_11 4_10 5_10,0.904762,0.600000,0.481481,0.379310,0.739130,0.428571,0.666667,0.379310,0.025641,
2025-07-09,HierBayes,10,0.700000,0.350000,1_10 3_13 4_4 5_2 5_3 6_12 7_9,2_10 3_12 4_1 4_3 5_1 5_12 6_10 6_11 6_4 6_7 6_8 7_6 7_8,3_11 4_10 5_10,,0.538462,0.481481,0.379310,0.739130,0.379310,0.666667,0.333333,0.025641,0.904762
2025-07-09,B1: Static prior,10,0.800000,0.400000,1_10 3_11 3_13 4_4 5_2 5_3 6_12 7_9,2_10 2_9 3_10 3_12 3_3 4_1 4_2 4_3 5_1 6_4 7_5 7_6,4_10 5_10,0.538462,,0.600000,0.538462,0.428571,0.538462,0.379310,0.481481,0.025641,0.600000
2025-07-09,TTM,10,0.700000,0.350000,1_10 3_11 4_4 5_2 5_3 6_12 7_9,1_11 2_10 2_11 3_12 3_2 4_1 4_3 5_1 5_5 6_4 7_4 7_5 7_6,3_13 4_10 5_10,0.481481,0.600000,,0.481481,0.379310,0.428571,0.333333,0.481481,0.081081,0.481481
2025-07-09,ET,10,0.600000,0.300000,1_10 3_11 4_4 5_2 5_3 6_12,0_9 3_12 3_3 4_1 4_2 4_3 5_1 5_4 5_7 6_11 6_4 7_4 7_5 7_7,3_13 4_10 5_10 7_9,0.379310,0.538462,0.481481,,0.379310,0.379310,0.333333,0.379310,0.052632,0.379310
2025-07-09,B5: B2+B3,10,0.600000,0.300000,1_10 3_13 4_4 5_2 6_12 7_9,3_12 4_1 4_3 4_5 5_1 5_6 6_10 6_11 6_4 6_7 6_8 7_6 7_7 7_8,3_11 4_10 5_10 5_3,0.739130,0.428571,0.379310,0.379310,,0.379310,0.818182,0.333333,0.025641,0.739130
2025-07-09,B4: B1+B3,10,0.500000,0.250000,1_10 3_13 4_4 5_3 7_9,2_11 2_2 2_9 3_10 3_12 3_3 4_1 4_3 5_1 5_4 5_6 6_10 7_4 7_5 7_6,3_11 4_10 5_10 5_2 6_12,0.379310,0.538462,0.428571,0.379310,0.379310,,0.290323,0.818182,0.111111,0.428571
2025-07-09,B2: Recent MA,10,0.600000,0.300000,1_10 3_13 4_4 5_2 6_12 7_9,3_12 4_1 4_5 5_1 6_10 6_11 6_13 6_4 6_7 6_8 7_13 7_6 7_7 7_8,3_11 4_10 5_10 5_3,0.666667,0.379310,0.333333,0.333333,0.818182,0.290323,,0.250000,0.025641,0.666667
2025-07-09,B3: DoY season,10,0.400000,0.200000,1_10 4_4 5_3 7_9,1_11 2_11 2_2 2_9 3_10 3_12 4_1 4_2 4_3 5_1 5_4 5_6 6_10 7_4 7_5 7_6,3_11 3_13 4_10 5_10 5_2 6_12,0.333333,0.481481,0.481481,0.379310,0.333333,0.818182,0.250000,,0.111111,0.379310
2025-07-09,B0: Random,10,0.000000,0.000000,,0_12 0_13 1_13 1_14 1_4 2_11 2_14 3_14 4_14 5_11 6_10 6_14 7_1 7_10 7_14 7_4 7_5 8_10 8_11 8_3,1_10 3_11 3_13 4_10 4_4 5_10 5_2 5_3 6_12 7_9,0.025641,0.025641,0.081081,0.052632,0.025641,0.111111,0.025641,0.111111,,0.025641
2025-07-10,GLM-Logit,7,0.714286,0.250000,3_11 4_4 5_2 6_10 7_6,1_10 2_10 3_10 3_12 3_13 4_1 4_3 5_1 5_3 6_11 6_12 6_4 6_7 7_8 7_9,5_0 7_7,0.818182,0.666667,0.538462,0.428571,0.666667,0.428571,0.538462,0.428571,0.081081,
2025-07-10,HierBayes,7,0.571429,0.200000,4_4 5_2 6_10 7_6,1_10 2_10 3_12 3_13 4_1 4_3 5_1 5_12 5_3 6_11 6_12 6_4 6_7 6_8 7_8 7_9,3_11 5_0 7_7,,0.538462,0.481481,0.379310,0.739130,0.379310,0.600000,0.379310,0.081081,0.818182
2025-07-10,B1: Static prior,7,0.571429,0.200000,3_11 4_4 5_2 7_6,1_10 2_10 2_9 3_10 3_12 3_13 3_3 4_1 4_2 4_3 5_1 5_3 6_12 6_4 7_5 7_9,5_0 6_10 7_7,0.538462,,0.739130,0.538462,0.481481,0.600000,0.379310,0.481481,0.142857,0.666667
2025-07-10,TTM,7,0.571429,0.200000,3_11 4_4 5_2 7_6,1_10 2_10 3_13 3_2 3_3 4_1 4_2 4_3 5_1 5_3 5_4 6_12 6_4 7_4 7_5 7_9,5_0 6_10 7_7,0.481481,0.739130,,0.600000,0.428571,0.538462,0.333333,0.428571,0.111111,0.538462
2025-07-10,ET,7,0.571429,0.200000,3_11 4_4 5_2 7_7,0_9 1_10 3_12 3_3 4_1 4_2 4_3 5_1 5_3 5_4 5_7 6_11 6_12 6_4 7_4 7_5,5_0 6_10 7_6,0.379310,0.538462,0.600000,,0.379310,0.428571,0.333333,0.379310,0.081081,0.428571
2025-07-10,B5: B2+B3,7,0.714286,0.250000,4_4 5_2 6_10 7_6 7_7,1_10 3_12 3_13 4_1 4_3 4_5 5_1 5_3 5_6 6_12 6_4 6_7 6_8 7_8 7_9,3_11 5_0,0.739130,0.481481,0.428571,0.379310,,0.428571,0.739130,0.428571,0.111111,0.666667
2025-07-10,B4: B1+B3,7,0.285714,0.100000,4_4 7_6,1_10 2_11 2_2 2_9 3_10 3_12 3_13 3_3 4_1 4_3 5_1 5_3 5_4 5_6 6_4 7_4 7_5 7_9,3_11 5_0 5_2 6_10 7_7,0.379310,0.600000,0.538462,0.428571,0.428571,,0.290323,0.818182,0.111111,0.428571
2025-07-10,B2: Recent MA,7,0.571429,0.200000,4_4 5_2 6_10 7_7,1_10 3_12 3_13 4_1 4_5 5_1 5_10 5_3 6_12 6_13 6_4 6_7 6_8 7_13 7_8 7_9,3_11 5_0 7_6,0.600000,0.379310,0.333333,0.333333,0.739130,0.290323,,0.290323,0.111111,0.538462
2025-07-10,B3: DoY season,7,0.428571,0.150000,4_4 6_10 7_6,1_10 1_11 2_11 2_2 2_9 3_10 3_12 4_1 4_3 5_1 5_3 5_4 5_6 6_4 7_4 7_5 7_9,3_11 5_0 5_2 7_7,0.379310,0.481481,0.428571,0.379310,0.428571,0.818182,0.290323,,0.081081,0.428571
2025-07-10,B0: Random,7,0.142857,0.050000,5_2,0_1 0_2 0_6 1_3 1_6 1_8 2_0 2_9 3_13 3_14 3_4 4_5 4_9 5_1 5_11 6_3 7_5 8_13 8_2,3_11 4_4 5_0 6_10 7_6 7_7,0.081081,0.142857,0.111111,0.081081,0.111111,0.111111,0.111111,0.081081,,0.081081
2025-07-11,GLM-Logit,7,0.714286,0.250000,3_11 3_13 5_1 6_10 7_9,1_10 2_10 3_12 4_1 4_3 4_4 5_2 5_3 6_11 6_12 6_4 6_7 7_6 7_7 7_8,0_8 5_7,0.904762,0.600000,0.481481,0.481481,0.739130,0.428571,0.666667,0.333333,0.052632,
2025-07-11,HierBayes,7,0.714286,0.250000,3_11 3_13 5_1 6_10 7_9,1_10 2_10 3_12 4_1 4_4 5_2 5_3 6_11 6_12 6_4 6_7 6_8 7_6 7_7 7_8,0_8 5_7,,0.538462,0.428571,0.428571,0.739130,0.379310,0.739130,0.290323,0.052632,0.904762
2025-07-11,B1: Static prior,7,0.571429,0.200000,3_11 3_13 5_1 7_9,1_10 2_10 2_9 3_10 3_12 3_3 4_1 4_2 4_3 4_4 5_2 5_3 6_12 6_4 7_5 7_6,0_8 5_7 6_10,0.538462,,0.818182,0.538462,0.481481,0.600000,0.428571,0.481481,0.081081,0.600000
2025-07-11,TTM,7,0.714286,0.250000,3_11 3_13 5_1 5_7 7_9,1_10 2_10 2_9 3_10 3_12 3_3 4_1 4_2 4_3 4_4 5_2 5_3 6_4 7_4 7_5,0_8 6_10,0.428571,0.818182,,0.600000,0.379310,0.600000,0.333333,0.481481,0.081081,0.481481
2025-07-11,ET,7,0.428571,0.150000,3_11 5_1 5_7,0_9 1_10 3_12 3_3 4_1 4_2 4_3 4_4 5_2 5_3 5_4 6_11 6_12 6_4 7_4 7_5 7_7,0_8 3_13 6_10 7_9,0.428571,0.538462,0.600000,,0.379310,0.428571,0.333333,0.379310,0.081081,0.481481
2025-07-11,B5: B2+B3,7,0.571429,0.200000,3_13 5_1 6_10 7_9,1_10 3_12 4_1 4_3 4_4 4_5 5_2 5_3 5_6 6_12 6_4 6_7 6_8 7_6 7_7 7_8,0_8 3_11 5_7,0.739130,0.481481,0.379310,0.379310,,0.481481,0.739130,0.379310,0.052632,0.739130
2025-07-11,B4: B1+B3,7,0.571429,0.200000,3_13 5_1 6_10 7_9,1_10 2_11 2_9 3_10 3_12 3_3 4_1 4_3 4_4 5_3 5_4 5_6 6_4 7_4 7_5 7_6,0_8 3_11 5_7,0.379310,0.600000,0.600000,0.428571,0.481481,,0.333333,0.818182,0.081081,0.428571
2025-07-11,B2: Recent MA,7,0.714286,0.250000,3_11 3_13 5_1 6_10 7_9,1_10 3_12 4_1 4_4 4_5 5_10 5_2 6_12 6_4 6_7 6_8 7_13 7_6 7_7 7_8,0_8 5_7,0.739130,0.428571,0.333333,0.333333,0.739130,0.333333,,0.290323,0.081081,0.666667
2025-07-11,B3: DoY season,7,0.428571,0.150000,5_1 6_10 7_9,1_10 1_11 2_11 2_2 2_9 3_10 3_12 3_3 4_1 4_3 4_4 5_4 5_6 6_4 7_4 7_5 7_6,0_8 3_11 3_13 5_7,0.290323,0.481481,0.481481,0.379310,0.379310,0.818182,0.290323,,0.111111,0.333333
2025-07-11,B0: Random,7,0.142857,0.050000,5_1,0_10 0_15 1_0 2_2 3_10 3_14 3_7 4_15 4_8 5_10 5_14 5_2 5_4 6_0 6_1 7_2 8_0 8_8 8_9,0_8 3_11 3_13 5_7 6_10 7_9,0.052632,0.081081,0.081081,0.081081,0.052632,0.081081,0.081081,0.111111,,0.052632
2025-07-12,GLM-Logit,12,0.500000,0.300000,1_10 4_3 5_1 5_2 6_12 6_4,2_10 3_11 3_12 3_13 4_1 4_4 5_3 6_10 6_11 6_7 7_6 7_7 7_8 7_9,0_9 1_9 2_12 2_2 3_2 7_5,0.818182,0.600000,0.428571,0.481481,0.739130,0.481481,0.666667,0.333333,0.081081,
2025-07-12,HierBayes,12,0.416667,0.250000,1_10 5_1 5_2 6_12 6_4,2_10 3_11 3_12 3_13 4_1 4_4 5_3 5_7 6_10 6_11 6_7 6_8 7_6 7_8 7_9,0_9 1_9 2_12 2_2 3_2 4_3 7_5,,0.538462,0.428571,0.428571,0.739130,0.428571,0.666667,0.290323,0.142857,0.818182
2025-07-12,B1: Static prior,12,0.583333,0.350000,1_10 4_3 5_1 5_2 6_12 6_4 7_5,2_10 2_9 3_10 3_11 3_12 3_13 3_3 4_1 4_2 4_4 5_3 7_6 7_9,0_9 1_9 2_12 2_2 3_2,0.538462,,0.600000,0.538462,0.481481,0.739130,0.428571,0.538462,0.081081,0.600000
2025-07-12,TTM,12,0.583333,0.350000,1_10 3_2 4_3 5_1 5_2 6_4 7_5,2_10 3_11 3_12 3_13 3_3 4_1 4_2 5_3 5_4 5_7 7_4 7_9 8_10,0_9 1_9 2_12 2_2 6_12,0.428571,0.600000,,0.600000,0.333333,0.538462,0.290323,0.379310,0.081081,0.428571
2025-07-12,ET,12,0.666667,0.400000,0_9 1_10 4_3 5_1 5_2 6_12 6_4 7_5,3_11 3_12 3_3 4_1 4_2 4_4 5_3 5_4 5_7 6_11 7_4 7_7,1_9 2_12 2_2 3_2,0.428571,0.538462,0.600000,,0.379310,0.481481,0.333333,0.428571,0.142857,0.481481
2025-07-12,B5: B2+B3,12,0.416667,0.250000,1_10 5_1 5_2 6_12 6_4,3_11 3_12 3_13 4_1 4_4 4_5 5_3 5_6 6_10 6_7 6_8 7_6 7_7 7_8 7_9,0_9 1_9 2_12 2_2 3_2 4_3 7_5,0.739130,0.481481,0.333333,0.379310,,0.379310,0.818182,0.333333,0.111111,0.739130
2025-07-12,B4: B1+B3,12,0.583333,0.350000,1_10 2_2 4_3 5_1 6_12 6_4 7_5,2_10 2_9 3_10 3_12 3_13 3_3 4_1 4_4 5_3 5_4 7_4 7_6 7_9,0_9 1_9 2_12 3_2 5_2,0.428571,0.739130,0.538462,0.481481,0.379310,,0.333333,0.739130,0.111111,0.481481
2025-07-12,B2: Recent MA,12,0.416667,0.250000,1_10 5_1 5_2 6_12 6_4,3_11 3_12 3_13 4_1 4_4 4_5 5_10 6_10 6_7 6_8 7_13 7_6 7_7 7_8 7_9,0_9 1_9 2_12 2_2 3_2 4_3 7_5,0.666667,0.428571,0.290323,0.333333,0.818182,0.333333,,0.290323,0.111111,0.666667
2025-07-12,B3: DoY season,12,0.583333,0.350000,1_10 2_2 4_3 5_1 6_12 6_4 7_5,1_11 2_11 2_9 3_10 3_12 3_3 4_1 4_4 5_4 5_6 7_4 7_6 7_9,0_9 1_9 2_12 3_2 5_2,0.290323,0.538462,0.379310,0.428571,0.333333,0.739130,0.290323,,0.142857,0.333333
2025-07-12,B0: Random,12,0.166667,0.100000,5_1 6_12,0_0 0_10 0_5 1_12 1_2 2_11 2_14 2_3 2_5 3_0 4_4 5_7 5_9 6_8 7_15 7_4 8_1 8_6,0_9 1_10 1_9 2_12 2_2 3_2 4_3 5_2 6_4 7_5,0.142857,0.081081,0.081081,0.142857,0.111111,0.111111,0.111111,0.142857,,0.081081
2025-07-13,GLM-Logit,7,0.714286,0.250000,5_1 6_10 6_12 6_4 7_6,1_10 2_10 3_11 3_12 3_13 4_1 4_3 4_4 5_2 5_3 6_7 7_5 7_7 7_8 7_9,2_9 8_11,0.818182,0.666667,0.538462,0.481481,0.818182,0.481481,0.666667,0.379310,0.176471,
2025-07-13,HierBayes,7,0.714286,0.250000,5_1 6_10 6_12 6_4 7_6,1_10 2_10 3_11 3_12 3_13 4_1 4_4 5_2 5_3 5_7 6_7 6_8 7_7 7_8 7_9,2_9 8_11,,0.538462,0.481481,0.428571,0.818182,0.379310,0.739130,0.290323,0.142857,0.818182
2025-07-13,B1: Static prior,7,0.714286,0.250000,2_9 5_1 6_12 6_4 7_6,1_10 2_10 3_10 3_11 3_12 3_13 3_3 4_1 4_2 4_3 4_4 5_2 5_3 7_5 7_9,6_10 8_11,0.538462,,0.538462,0.538462,0.538462,0.666667,0.428571,0.538462,0.212121,0.666667
2025-07-13,TTM,7,0.428571,0.150000,5_1 6_10 6_4,1_10 2_10 3_12 3_13 3_3 4_1 4_3 4_4 4_7 5_10 5_2 5_3 5_4 5_7 7_4 7_5 7_9,2_9 6_12 7_6 8_11,0.481481,0.538462,,0.538462,0.428571,0.538462,0.428571,0.428571,0.176471,0.538462
2025-07-13,ET,7,0.428571,0.150000,5_1 6_12 6_4,0_9 1_10 3_11 3_12 3_3 4_1 4_2 4_3 4_4 5_2 5_3 5_4 5_7 6_11 7_4 7_5 7_7,2_9 6_10 7_6 8_11,0.428571,0.538462,0.538462,,0.428571,0.481481,0.333333,0.428571,0.176471,0.481481
2025-07-13,B5: B2+B3,7,0.714286,0.250000,5_1 6_10 6_12 6_4 7_6,1_10 3_11 3_12 3_13 4_1 4_3 4_4 4_5 5_2 5_3 6_7 6_8 7_7 7_8 7_9,2_9 8_11,0.818182,0.538462,0.428571,0.428571,,0.428571,0.818182,0.333333,0.176471,0.818182
2025-07-13,B4: B1+B3,7,0.714286,0.250000,2_9 5_1 6_12 6_4 7_6,1_10 1_11 2_2 3_10 3_12 3_13 3_3 4_1 4_3 4_4 5_3 5_4 7_4 7_5 7_9,6_10 8_11,0.379310,0.666667,0.538462,0.481481,0.428571,,0.379310,0.818182,0.212121,0.481481
2025-07-13,B2: Recent MA,7,0.714286,0.250000,5_1 6_10 6_12 6_4 7_6,1_10 3_12 3_13 4_1 4_4 4_5 5_10 5_2 5_3 6_13 6_7 6_8 7_7 7_8 7_9,2_9 8_11,0.739130,0.428571,0.428571,0.333333,0.818182,0.379310,,0.290323,0.142857,0.666667
2025-07-13,B3: DoY season,7,0.714286,0.250000,2_9 5_1 6_12 6_4 7_6,1_10 1_11 2_11 2_2 3_10 3_12 3_3 4_1 4_3 4_4 5_4 5_6 7_4 7_5 7_9,6_10 8_11,0.290323,0.538462,0.428571,0.428571,0.333333,0.818182,0.290323,,0.212121,0.379310
2025-07-13,B0: Random,7,0.142857,0.050000,6_12,2_3 2_4 2_6 3_0 3_12 3_3 3_8 4_3 4_4 4_8 4_9 5_14 5_3 5_6 6_5 7_13 7_9 8_4 8_5,2_9 5_1 6_10 6_4 7_6 8_11,0.142857,0.212121,0.176471,0.176471,0.176471,0.212121,0.142857,0.212121,,0.176471
2025-07-14,GLM-Logit,13,0.692308,0.450000,1_10 3_11 3_12 3_13 4_4 6_12 6_4 7_6 7_8,2_10 4_1 4_3 5_1 5_2 5_3 6_10 6_7 7_5 7_7 7_9,0_9 2_14 3_14 5_10,0.739130,0.666667,0.600000,0.481481,0.739130,0.481481,0.600000,0.481481,0.025641,
2025-07-14,HierBayes,13,0.615385,0.400000,1_10 3_12 3_13 4_4 6_12 6_4 7_6 7_8,2_10 4_1 5_1 5_12 5_2 5_3 5_7 6_10 6_7 6_8 7_7 7_9,0_9 2_14 3_11 3_14 5_10,,0.481481,0.481481,0.379310,0.739130,0.379310,0.666667,0.379310,0.081081,0.739130
2025-07-14,B1: Static prior,13,0.615385,0.400000,1_10 3_11 3_12 3_13 4_4 6_12 6_4 7_6,2_10 2_9 3_10 3_3 4_1 4_2 4_3 5_1 5_2 5_3 7_5 7_9,0_9 2_14 3_14 5_10 7_8,0.481481,,0.600000,0.538462,0.481481,0.666667,0.379310,0.600000,0.025641,0.666667
2025-07-14,TTM,13,0.461538,0.300000,1_10 3_12 3_13 4_4 6_12 6_4,1_11 2_10 2_12 2_9 4_1 4_3 5_1 5_2 5_3 5_4 6_10 7_4 7_5 7_9,0_9 2_14 3_11 3_14 5_10 7_6 7_8,0.481481,0.600000,,0.481481,0.481481,0.666667,0.379310,0.600000,0.052632,0.600000
2025-07-14,ET,13,0.538462,0.350000,0_9 1_10 3_11 3_12 4_4 6_12 6_4,3_3 4_1 4_2 4_3 5_1 5_2 5_3 5_4 5_7 6_11 7_4 7_5 7_7,2_14 3_13 3_14 5_10 7_6 7_8,0.379310,0.538462,0.481481,,0.379310,0.481481,0.290323,0.481481,0.111111,0.481481
2025-07-14,B5: B2+B3,13,0.615385,0.400000,1_10 3_12 3_13 4_4 6_12 6_4 7_6 7_8,2_2 4_1 4_3 4_5 5_1 5_2 5_3 6_10 6_7 6_8 7_7 7_9,0_9 2_14 3_11 3_14 5_10,0.739130,0.481481,0.481481,0.379310,,0.481481,0.739130,0.481481,0.052632,0.739130
2025-07-14,B4: B1+B3,13,0.538462,0.350000,1_10 3_12 3_13 4_4 6_12 6_4 7_6,1_11 2_2 2_9 3_10 3_3 4_1 4_3 5_1 5_3 5_4 7_4 7_5 7_9,0_9 2_14 3_11 3_14 5_10 7_8,0.379310,0.666667,0.666667,0.481481,0.481481,,0.333333,0.904762,0.025641,0.481481
2025-07-14,B2: Recent MA,13,0.692308,0.450000,1_10 3_12 3_13 4_4 5_10 6_12 6_4 7_6 7_8,4_1 4_5 5_1 5_2 6_10 6_13 6_7 6_8 7_13 7_7 7_9,0_9 2_14 3_11 3_14,0.666667,0.379310,0.379310,0.290323,0.739130,0.333333,,0.379310,0.052632,0.600000
2025-07-14,B3: DoY season,13,0.538462,0.350000,1_10 3_12 3_13 4_4 6_12 6_4 7_6,1_11 2_2 2_9 3_10 3_3 4_1 4_3 5_1 5_4 7_4 7_5 7_7 7_9,0_9 2_14 3_11 3_14 5_10 7_8,0.379310,0.600000,0.600000,0.481481,0.481481,0.904762,0.379310,,0.025641,0.481481
2025-07-14,B0: Random,13,0.230769,0.150000,2_14 3_11 3_14,0_1 0_4 2_12 2_5 2_7 3_6 4_5 5_12 5_7 6_11 6_8 7_10 7_14 7_2 7_4 8_14 8_15,0_9 1_10 3_12 3_13 4_4 5_10 6_12 6_4 7_6 7_8,0.081081,0.025641,0.052632,0.111111,0.052632,0.025641,0.052632,0.025641,,0.025641
2025-07-15,GLM-Logit,9,0.555556,0.250000,3_11 5_2 6_4 7_6 7_7,1_10 2_10 3_12 3_13 4_1 4_3 4_4 5_1 5_3 6_10 6_12 6_7 7_5 7_8 7_9,2_12 3_3 5_11 8_11,0.739130,0.666667,0.538462,0.481481,0.666667,0.538462,0.600000,0.538462,0.025641,
2025-07-15,HierBayes,9,0.444444,0.200000,5_2 6_4 7_6 7_7,1_10 2_10 3_12 3_13 4_1 4_4 5_1 5_10 5_3 5_7 6_10 6_12 6_7 6_8 7_8 7_9,2_12 3_11 3_3 5_11 8_11,,0.481481,0.428571,0.379310,0.818182,0.428571,0.739130,0.428571,0.025641,0.739130
2025-07-15,B1: Static prior,9,0.555556,0.250000,3_11 3_3 5_2 6_4 7_6,1_10 2_10 2_9 3_10 3_12 3_13 4_1 4_2 4_3 4_4 5_1 5_3 6_12 7_5 7_9,2_12 5_11 7_7 8_11,0.481481,,0.600000,0.538462,0.428571,0.739130,0.379310,0.666667,0.081081,0.666667
2025-07-15,TTM,9,0.222222,0.100000,5_2 6_4,1_10 1_11 2_10 2_11 2_9 3_10 3_12 3_13 3_2 4_1 4_3 4_4 5_1 5_3 6_10 7_4 7_5 7_9,2_12 3_11 3_3 5_11 7_6 7_7 8_11,0.428571,0.600000,,0.379310,0.379310,0.600000,0.333333,0.538462,0.025641,0.538462
2025-07-15,ET,9,0.555556,0.250000,3_11 3_3 5_2 6_4 7_7,0_9 1_10 3_12 4_1 4_2 4_3 4_4 5_1 5_3 5_4 5_7 6_11 6_12 7_4 7_5,2_12 5_11 7_6 8_11,0.379310,0.538462,0.379310,,0.333333,0.481481,0.290323,0.538462,0.052632,0.481481
2025-07-15,B5: B2+B3,9,0.444444,0.200000,5_2 6_4 7_6 7_7,1_10 2_2 3_12 3_13 4_1 4_4 4_5 5_1 5_10 5_3 6_10 6_12 6_7 6_8 7_8 7_9,2_12 3_11 3_3 5_11 8_11,0.818182,0.428571,0.379310,0.333333,,0.428571,0.818182,0.481481,0.025641,0.666667
2025-07-15,B4: B1+B3,9,0.333333,0.150000,3_3 6_4 7_6,1_10 2_10 2_2 2_9 3_10 3_12 3_13 4_1 4_3 4_4 5_1 5_3 5_4 6_12 7_4 7_5 7_9,2_12 3_11 5_11 5_2 7_7 8_11,0.428571,0.739130,0.600000,0.481481,0.428571,,0.333333,0.904762,0.052632,0.538462
2025-07-15,B2: Recent MA,9,0.444444,0.200000,5_2 6_4 7_6 7_7,1_10 3_12 3_13 4_1 4_4 4_5 5_1 5_10 6_10 6_12 6_13 6_7 6_8 7_13 7_8 7_9,2_12 3_11 3_3 5_11 8_11,0.739130,0.379310,0.333333,0.290323,0.818182,0.333333,,0.379310,0.025641,0.600000
2025-07-15,B3: DoY season,9,0.444444,0.200000,3_3 6_4 7_6 7_7,1_10 2_2 2_9 3_10 3_12 3_13 4_1 4_3 4_4 5_1 5_3 5_4 6_12 7_4 7_5 7_9,2_12 3_11 5_11 5_2 8_11,0.428571,0.666667,0.538462,0.538462,0.481481,0.904762,0.379310,,0.052632,0.538462
2025-07-15,B0: Random,9,0.000000,0.000000,,0_11 0_13 0_14 0_2 0_6 0_8 1_13 1_14 1_15 1_2 1_6 1_9 2_14 2_9 3_8 4_0 4_11 4_2 5_8 6_12,2_12 3_11 3_3 5_11 5_2 6_4 7_6 7_7 8_11,0.025641,0.081081,0.025641,0.052632,0.025641,0.052632,0.025641,0.052632,,0.025641
2025-07-16,GLM-Logit,12,0.583333,0.350000,3_12 4_4 5_1 5_2 6_10 6_12 7_6,1_10 2_10 3_11 3_13 4_1 4_3 5_3 6_4 6_7 7_5 7_7 7_8 7_9,0_8 2_12 5_4 6_11 8_11,0.818182,0.666667,0.600000,0.481481,0.666667,0.538462,0.600000,0.538462,0.111111,
2025-07-16,HierBayes,12,0.583333,0.350000,3_12 4_4 5_1 5_2 6_10 6_12 7_6,1_10 2_10 3_11 3_13 4_1 5_3 5_7 6_4 6_7 6_8 7_7 7_8 7_9,0_8 2_12 5_4 6_11 8_11,,0.538462,0.481481,0.428571,0.739130,0.428571,0.666667,0.428571,0.081081,0.818182
2025-07-16,B1: Static prior,12,0.500000,0.300000,3_12 4_4 5_1 5_2 6_12 7_6,1_10 2_10 2_9 3_10 3_11 3_13 3_3 4_1 4_2 4_3 5_3 6_4 7_5 7_9,0_8 2_12 5_4 6_10 6_11 8_11,0.538462,,0.600000,0.538462,0.481481,0.739130,0.379310,0.739130,0.142857,0.666667
2025-07-16,TTM,12,0.583333,0.350000,3_12 4_4 5_1 5_2 6_10 6_11 7_6,1_10 2_10 2_2 2_9 3_13 3_2 4_1 4_3 5_3 6_4 7_4 7_5 7_9,0_8 2_12 5_4 6_12 8_11,0.481481,0.600000,,0.428571,0.481481,0.666667,0.379310,0.666667,0.081081,0.600000
2025-07-16,ET,12,0.583333,0.350000,3_12 4_4 5_1 5_2 5_4 6_11 6_12,0_9 1_10 3_11 3_3 4_1 4_2 4_3 5_3 5_7 6_4 7_4 7_5 7_7,0_8 2_12 6_10 7_6 8_11,0.428571,0.538462,0.428571,,0.379310,0.481481,0.290323,0.481481,0.142857,0.481481
2025-07-16,B5: B2+B3,12,0.583333,0.350000,3_12 4_4 5_1 5_2 6_10 6_12 7_6,1_10 2_2 3_13 3_3 4_1 4_5 5_3 6_4 6_7 6_8 7_7 7_8 7_9,0_8 2_12 5_4 6_11 8_11,0.739130,0.481481,0.481481,0.379310,,0.481481,0.739130,0.481481,0.081081,0.666667
2025-07-16,B4: B1+B3,12,0.500000,0.300000,3_12 4_4 5_1 5_4 6_12 7_6,1_10 2_10 2_2 2_9 3_10 3_13 3_3 4_1 4_3 5_3 6_4 7_4 7_5 7_9,0_8 2_12 5_2 6_10 6_11 8_11,0.428571,0.739130,0.666667,0.481481,0.481481,,0.333333,1.000000,0.111111,0.538462
2025-07-16,B2: Recent MA,12,0.583333,0.350000,3_12 4_4 5_1 5_2 6_10 6_12 7_6,1_10 3_13 4_1 4_5 5_10 6_13 6_4 6_7 6_8 7_13 7_7 7_8 7_9,0_8 2_12 5_4 6_11 8_11,0.666667,0.379310,0.379310,0.290323,0.739130,0.333333,,0.333333,0.052632,0.600000
2025-07-16,B3: DoY season,12,0.500000,0.300000,3_12 4_4 5_1 5_4 6_12 7_6,1_10 2_10 2_2 2_9 3_10 3_13 3_3 4_1 4_3 5_3 6_4 7_4 7_5 7_9,0_8 2_12 5_2 6_10 6_11 8_11,0.428571,0.739130,0.666667,0.481481,0.481481,1.000000,0.333333,,0.111111,0.538462
2025-07-16,B0: Random,12,0.083333,0.050000,5_1,0_10 0_12 0_5 0_6 1_12 1_4 1_6 1_9 2_0 2_7 2_8 3_11 3_3 4_1 4_11 4_3 5_11 6_2 7_0,0_8 2_12 3_12 4_4 5_2 5_4 6_10 6_11 6_12 7_6 8_11,0.081081,0.142857,0.081081,0.142857,0.081081,0.111111,0.052632,0.111111,,0.111111
2025-07-17,GLM-Logit,14,0.428571,0.300000,3_13 4_1 4_3 5_1 6_10 7_6,1_10 2_10 3_11 3_12 4_4 5_2 5_3 5_4 6_12 6_4 7_5 7_7 7_8 7_9,2_2 3_14 3_2 5_10 5_9 6_0 6_8 8_11,0.666667,0.666667,0.600000,0.538462,0.739130,0.600000,0.600000,0.600000,0.142857,
2025-07-17,HierBayes,14,0.428571,0.300000,3_13 4_1 5_1 6_10 6_8 7_6,1_10 3_11 3_12 4_4 5_2 5_3 5_7 6_11 6_12 6_4 6_7 7_7 7_8 7_9,2_2 3_14 3_2 4_3 5_10 5_9 6_0 8_11,,0.481481,0.481481,0.481481,0.739130,0.379310,0.818182,0.379310,0.142857,0.666667
2025-07-17,B1: Static prior,14,0.357143,0.250000,3_13 4_1 4_3 5_1 7_6,1_10 2_10 2_9 3_10 3_11 3_12 3_3 4_2 4_4 5_2 5_3 6_12 6_4 7_5 7_9,2_2 3_14 3_2 5_10 5_9 6_0 6_10 6_8 8_11,0.481481,,0.818182,0.538462,0.600000,0.739130,0.428571,0.666667,0.142857,0.666667
2025-07-17,TTM,14,0.357143,0.250000,3_13 4_1 4_3 5_1 7_6,1_10 2_10 2_9 3_10 3_11 3_12 3_3 4_4 5_2 5_3 6_11 6_4 7_4 7_5 7_9,2_2 3_14 3_2 5_10 5_9 6_0 6_10 6_8 8_11,0.481481,0.818182,,0.538462,0.538462,0.739130,0.428571,0.666667,0.111111,0.600000
2025-07-17,ET,14,0.214286,0.150000,4_1 4_3 5_1,0_9 1_10 3_11 3_12 3_3 4_2 4_4 5_2 5_3 5_4 5_7 6_11 6_12 6_4 7_4 7_5 7_7,2_2 3_13 3_14 3_2 5_10 5_9 6_0 6_10 6_8 7_6 8_11,0.481481,0.538462,0.538462,,0.481481,0.481481,0.379310,0.481481,0.176471,0.538462
2025-07-17,B5: B2+B3,14,0.500000,0.350000,3_13 4_1 5_1 5_10 6_10 6_8 7_6,1_10 3_11 3_12 3_3 4_4 5_2 5_3 6_12 6_4 7_5 7_7 7_8 7_9,2_2 3_14 3_2 4_3 5_9 6_0 8_11,0.739130,0.600000,0.538462,0.481481,,0.481481,0.739130,0.481481,0.142857,0.739130
2025-07-17,B4: B1+B3,14,0.428571,0.300000,2_2 3_13 4_1 4_3 5_1 7_6,1_10 2_10 2_9 3_10 3_12 3_3 4_4 5_3 5_4 6_12 6_4 7_4 7_5 7_9,3_14 3_2 5_10 5_9 6_0 6_10 6_8 8_11,0.379310,0.739130,0.739130,0.481481,0.481481,,0.333333,0.904762,0.111111,0.600000
2025-07-17,B2: Recent MA,14,0.500000,0.350000,3_13 4_1 5_1 5_10 6_10 6_8 7_6,1_10 3_11 3_12 4_4 5_2 6_11 6_12 6_4 6_7 7_13 7_7 7_8 7_9,2_2 3_14 3_2 4_3 5_9 6_0 8_11,0.818182,0.428571,0.428571,0.379310,0.739130,0.333333,,0.333333,0.111111,0.600000
2025-07-17,B3: DoY season,14,0.357143,0.250000,2_2 4_1 4_3 5_1 7_6,1_10 2_10 2_9 3_10 3_12 3_3 4_4 5_3 5_4 6_12 6_4 7_4 7_5 7_8 7_9,3_13 3_14 3_2 5_10 5_9 6_0 6_10 6_8 8_11,0.379310,0.666667,0.666667,0.481481,0.481481,0.904762,0.333333,,0.111111,0.600000
2025-07-17,B0: Random,14,0.071429,0.050000,4_1,0_10 0_12 0_4 2_3 2_7 2_8 3_4 3_8 4_13 4_2 4_4 5_11 5_15 5_6 5_7 7_5 7_7 7_9 8_13,2_2 3_13 3_14 3_2 4_3 5_1 5_10 5_9 6_0 6_10 6_8 7_6 8_11,0.142857,0.142857,0.111111,0.176471,0.142857,0.111111,0.111111,0.111111,,0.142857
2025-07-18,GLM-Logit,8,0.875000,0.350000,2_10 3_12 4_1 5_1 5_2 7_6 7_8,1_10 3_11 3_13 4_3 4_4 5_10 5_3 6_10 6_12 6_4 7_5 7_7 7_9,8_9,0.739130,0.666667,0.538462,0.481481,0.739130,0.538462,0.666667,0.538462,0.081081,
2025-07-18,HierBayes,8,0.750000,0.300000,3_12 4_1 5_1 5_2 7_6 7_8,1_10 3_11 3_13 4_4 5_10 5_3 6_10 6_11 6_12 6_4 6_7 6_8 7_7 7_9,2_10 8_9,,0.481481,0.379310,0.428571,0.739130,0.379310,0.904762,0.379310,0.052632,0.739130
2025-07-18,B1: Static prior,8,0.750000,0.300000,2_10 3_12 4_1 5_1 5_2 7_6,1_10 2_9 3_10 3_11 3_13 3_3 4_2 4_3 4_4 5_3 6_12 6_4 7_5 7_9,7_8 8_9,0.481481,,0.739130,0.538462,0.538462,0.739130,0.428571,0.600000,0.111111,0.666667
2025-07-18,TTM,8,0.625000,0.250000,2_10 3_12 4_1 5_1 5_2,1_10 1_11 2_2 2_9 3_10 3_11 3_13 3_3 4_3 4_4 5_3 6_4 7_4 7_5 7_9,7_6 7_8 8_9,0.379310,0.739130,,0.481481,0.481481,0.739130,0.333333,0.600000,0.081081,0.538462
2025-07-18,ET,8,0.500000,0.200000,3_12 4_1 5_1 5_2,0_9 1_10 3_11 3_3 4_2 4_3 4_4 5_3 5_4 5_7 6_11 6_12 6_4 7_4 7_5 7_7,2_10 7_6 7_8 8_9,0.428571,0.538462,0.481481,,0.428571,0.481481,0.379310,0.538462,0.111111,0.481481
2025-07-18,B5: B2+B3,8,0.750000,0.300000,3_12 4_1 5_1 5_2 7_6 7_8,1_10 2_2 3_13 3_3 4_4 5_10 5_3 6_10 6_12 6_4 6_8 7_5 7_7 7_9,2_10 8_9,0.739130,0.538462,0.481481,0.428571,,0.538462,0.666667,0.538462,0.052632,0.739130
2025-07-18,B4: B1+B3,8,0.625000,0.250000,2_10 3_12 4_1 5_1 7_6,1_10 2_2 2_9 3_10 3_13 3_3 4_3 4_4 5_3 5_4 6_12 6_4 7_4 7_5 7_9,5_2 7_8 8_9,0.379310,0.739130,0.739130,0.481481,0.538462,,0.333333,0.818182,0.081081,0.538462
2025-07-18,B2: Recent MA,8,0.750000,0.300000,3_12 4_1 5_1 5_2 7_6 7_8,1_10 3_11 3_13 4_4 5_10 6_10 6_11 6_12 6_4 6_7 6_8 7_13 7_7 7_9,2_10 8_9,0.904762,0.428571,0.333333,0.379310,0.666667,0.333333,,0.333333,0.081081,0.666667
2025-07-18,B3: DoY season,8,0.750000,0.300000,2_10 3_12 4_1 5_1 7_6 7_8,0_9 1_10 2_2 3_10 3_3 4_3 4_4 5_3 5_4 6_12 6_4 7_4 7_5 7_9,5_2 8_9,0.379310,0.600000,0.600000,0.538462,0.538462,0.818182,0.333333,,0.081081,0.538462
2025-07-18,B0: Random,8,0.125000,0.050000,7_6,0_12 0_2 0_6 1_4 1_5 1_6 3_11 3_15 3_3 4_0 4_3 5_14 5_7 6_0 6_13 7_12 7_13 7_2 8_0,2_10 3_12 4_1 5_1 5_2 7_8 8_9,0.052632,0.111111,0.081081,0.111111,0.052632,0.081081,0.081081,0.081081,,0.081081
2025-07-19,GLM-Logit,10,0.600000,0.300000,3_12 3_13 4_3 5_1 5_2 7_6,1_10 2_10 3_11 4_1 4_4 5_10 5_3 6_10 6_12 6_4 7_5 7_7 7_8 7_9,1_2 3_2 3_3 4_11,0.739130,0.666667,0.600000,0.481481,0.739130,0.538462,0.666667,0.481481,0.052632,
2025-07-19,HierBayes,10,0.500000,0.250000,3_12 3_13 5_1 5_2 7_6,1_10 3_11 4_1 4_4 5_10 5_3 6_10 6_11 6_12 6_4 6_7 6_8 7_7 7_8 7_9,1_2 3_2 3_3 4_11 4_3,,0.481481,0.428571,0.428571,0.739130,0.379310,0.818182,0.333333,0.000000,0.739130
2025-07-19,B1: Static prior,10,0.700000,0.350000,3_12 3_13 3_3 4_3 5_1 5_2 7_6,1_10 2_10 2_9 3_10 3_11 4_1 4_2 4_4 5_3 6_12 6_4 7_5 7_9,1_2 3_2 4_11,0.481481,,0.666667,0.538462,0.538462,0.739130,0.428571,0.600000,0.052632,0.666667
2025-07-19,TTM,10,0.700000,0.350000,3_12 3_13 3_3 4_3 5_1 5_2 7_6,1_10 2_10 2_2 3_10 3_11 3_9 4_1 5_3 6_10 6_4 7_4 7_5 7_9,1_2 3_2 4_11,0.428571,0.666667,,0.428571,0.538462,0.666667,0.379310,0.600000,0.081081,0.600000
2025-07-19,ET,10,0.500000,0.250000,3_12 3_3 4_3 5_1 5_2,0_9 1_10 3_11 4_1 4_2 4_4 5_3 5_4 5_7 6_11 6_12 6_4 7_4 7_5 7_7,1_2 3_13 3_2 4_11 7_6,0.428571,0.538462,0.428571,,0.428571,0.481481,0.379310,0.538462,0.052632,0.481481
2025-07-19,B5: B2+B3,10,0.600000,0.300000,3_12 3_13 3_3 5_1 5_2 7_6,1_10 2_2 4_1 4_4 5_10 5_3 6_10 6_12 6_4 6_8 7_5 7_7 7_8 7_9,1_2 3_2 4_11 4_3,0.739130,0.538462,0.538462,0.428571,,0.538462,0.666667,0.481481,0.025641,0.739130
2025-07-19,B4: B1+B3,10,0.600000,0.300000,3_12 3_13 3_3 4_3 5_1 7_6,1_10 2_10 2_2 2_9 3_10 4_1 4_4 5_3 5_4 6_12 6_4 7_4 7_5 7_9,1_2 3_2 4_11 5_2,0.379310,0.739130,0.666667,0.481481,0.538462,,0.333333,0.818182,0.111111,0.538462
2025-07-19,B2: Recent MA,10,0.500000,0.250000,3_12 3_13 5_1 5_2 7_6,1_10 3_11 4_1 4_4 5_10 6_10 6_11 6_12 6_13 6_4 6_8 7_13 7_7 7_8 7_9,1_2 3_2 3_3 4_11 4_3,0.818182,0.428571,0.379310,0.379310,0.666667,0.333333,,0.290323,0.000000,0.666667
2025-07-19,B3: DoY season,10,0.500000,0.250000,3_12 3_3 4_3 5_1 7_6,0_9 1_10 2_10 2_2 3_10 4_1 4_12 4_4 5_3 5_4 6_12 6_4 7_4 7_5 7_9,1_2 3_13 3_2 4_11 5_2,0.333333,0.600000,0.600000,0.538462,0.481481,0.818182,0.290323,,0.111111,0.481481
2025-07-19,B0: Random,10,0.200000,0.100000,1_2 4_3,0_0 0_10 1_11 1_9 2_0 2_10 2_15 2_2 2_4 4_0 4_7 5_4 6_2 7_12 8_1 8_11 8_12 8_15,3_12 3_13 3_2 3_3 4_11 5_1 5_2 7_6,0.000000,0.052632,0.081081,0.052632,0.025641,0.111111,0.000000,0.111111,,0.052632
2025-07-20,GLM-Logit,3,0.666667,0.100000,5_1 6_12,1_10 3_11 3_12 3_13 3_2 3_3 4_1 4_3 4_4 5_10 5_2 5_3 6_10 6_4 7_6 7_7 7_8 7_9,2_9,0.818182,0.600000,0.600000,0.481481,0.818182,0.481481,0.666667,0.379310,0.081081,
2025-07-20,HierBayes,3,0.666667,0.100000,5_1 6_12,1_10 3_11 3_12 3_13 3_2 3_3 4_1 4_4 5_10 5_2 6_10 6_11 6_4 6_8 7_6 7_7 7_8 7_9,2_9,,0.481481,0.481481,0.428571,0.904762,0.379310,0.818182,0.333333,0.081081,0.818182
2025-07-20,B1: Static prior,3,1.000000,0.150000,2_9 5_1 6_12,1_10 2_10 3_10 3_11 3_12 3_13 3_3 4_1 4_2 4_3 4_4 5_2 5_3 6_4 7_5 7_6 7_9,,0.481481,,0.666667,0.538462,0.538462,0.739130,0.428571,0.600000,0.111111,0.600000
2025-07-20,TTM,3,0.666667,0.100000,5_1 6_12,1_10 1_11 2_10 2_2 3_11 3_12 3_13 3_2 4_1 4_3 4_4 5_2 5_3 6_4 7_4 7_5 7_6 7_9,2_9,0.481481,0.666667,,0.481481,0.481481,0.666667,0.428571,0.538462,0.081081,0.600000
2025-07-20,ET,3,0.666667,0.100000,5_1 6_12,0_9 1_10 3_11 3_12 3_3 4_1 4_2 4_3 4_4 5_2 5_3 5_4 5_7 6_11 6_4 7_4 7_5 7_7,2_9,0.428571,0.538462,0.481481,,0.481481,0.538462,0.379310,0.481481,0.111111,0.481481
2025-07-20,B5: B2+B3,3,0.666667,0.100000,5_1 6_12,1_10 3_11 3_12 3_13 3_3 4_1 4_3 4_4 5_10 5_2 6_10 6_11 6_4 6_8 7_6 7_7 7_8 7_9,2_9,0.904762,0.538462,0.481481,0.481481,,0.428571,0.818182,0.333333,0.081081,0.818182
2025-07-20,B4: B1+B3,3,1.000000,0.150000,2_9 5_1 6_12,1_10 2_10 2_2 3_10 3_11 3_12 3_3 4_1 4_3 4_4 5_3 5_4 6_4 7_4 7_5 7_6 7_9,,0.379310,0.739130,0.666667,0.538462,0.428571,,0.333333,0.818182,0.052632,0.481481
2025-07-20,B2: Recent MA,3,0.666667,0.100000,5_1 6_12,1_10 3_11 3_12 3_13 4_1 4_4 5_10 5_2 6_10 6_11 6_13 6_4 6_8 7_13 7_6 7_7 7_8 7_9,2_9,0.818182,0.428571,0.428571,0.379310,0.818182,0.333333,,0.290323,0.052632,0.666667
2025-07-20,B3: DoY season,3,1.000000,0.150000,2_9 5_1 6_12,0_9 1_10 2_10 2_2 3_10 3_12 3_3 4_0 4_1 4_4 5_3 5_4 6_4 7_4 7_5 7_6 7_9,,0.333333,0.600000,0.538462,0.481481,0.333333,0.818182,0.290323,,0.052632,0.379310
2025-07-20,B0: Random,3,0.000000,0.000000,,0_3 0_5 0_7 0_8 1_11 1_2 1_7 2_5 3_0 3_3 3_7 4_2 4_4 5_0 5_14 5_2 6_2 6_5 7_3 8_14,2_9 5_1 6_12,0.081081,0.111111,0.081081,0.111111,0.081081,0.052632,0.052632,0.052632,,0.081081
2025-07-21,GLM-Logit,5,0.400000,0.100000,3_2 4_3,1_10 3_11 3_12 3_13 3_3 4_1 4_4 5_1 5_10 5_2 5_3 6_10 6_12 6_4 7_6 7_7 7_8 7_9,4_0 7_11 8_11,0.818182,0.600000,0.481481,0.481481,0.818182,0.481481,0.666667,0.428571,0.111111,
2025-07-21,HierBayes,5,0.200000,0.050000,3_2,1_10 3_11 3_12 3_13 3_3 4_1 4_4 5_1 5_10 5_2 6_10 6_11 6_12 6_4 6_8 7_6 7_7 7_8 7_9,4_0 4_3 7_11 8_11,,0.481481,0.379310,0.428571,0.904762,0.428571,0.818182,0.428571,0.081081,0.818182
2025-07-21,B1: Static prior,5,0.200000,0.050000,4_3,1_10 2_10 2_9 3_10 3_11 3_12 3_13 3_3 4_1 4_2 4_4 5_1 5_2 5_3 6_12 6_4 7_5 7_6 7_9,3_2 4_0 7_11 8_11,0.481481,,0.538462,0.538462,0.538462,0.666667,0.428571,0.600000,0.081081,0.600000
2025-07-21,TTM,5,0.400000,0.100000,3_2 4_3,1_10 2_10 2_12 2_2 3_12 3_13 4_1 4_4 5_1 5_2 5_3 5_4 6_12 6_4 6_7 7_4 7_5 7_9,4_0 7_11 8_11,0.379310,0.538462,,0.481481,0.379310,0.600000,0.333333,0.538462,0.081081,0.481481
2025-07-21,ET,5,0.200000,0.050000,4_3,0_9 1_10 3_11 3_12 3_3 4_1 4_2 4_4 5_1 5_2 5_3 5_4 5_7 6_11 6_12 6_4 7_4 7_5 7_7,3_2 4_0 7_11 8_11,0.428571,0.538462,0.481481,,0.481481,0.600000,0.379310,0.538462,0.025641,0.481481
2025-07-21,B5: B2+B3,5,0.200000,0.050000,4_3,1_10 3_11 3_12 3_13 3_3 4_1 4_4 5_1 5_10 5_2 6_10 6_11 6_12 6_4 6_8 7_6 7_7 7_8 7_9,3_2 4_0 7_11 8_11,0.904762,0.538462,0.379310,0.481481,,0.481481,0.818182,0.428571,0.052632,0.818182
2025-07-21,B4: B1+B3,5,0.200000,0.050000,4_3,1_10 2_10 2_2 2_9 3_11 3_12 3_3 4_1 4_4 5_1 5_3 5_4 6_11 6_12 6_4 7_4 7_5 7_6 7_9,3_2 4_0 7_11 8_11,0.428571,0.666667,0.600000,0.600000,0.481481,,0.379310,0.904762,0.081081,0.481481
2025-07-21,B2: Recent MA,5,0.000000,0.000000,,1_10 3_11 3_12 3_13 4_1 4_4 5_1 5_10 5_2 6_10 6_11 6_12 6_13 6_4 6_8 7_13 7_6 7_7 7_8 7_9,3_2 4_0 4_3 7_11 8_11,0.818182,0.428571,0.333333,0.379310,0.818182,0.379310,,0.379310,0.081081,0.666667
2025-07-21,B3: DoY season,5,0.200000,0.050000,4_0,1_10 2_10 2_2 2_9 3_11 3_12 3_3 4_1 4_4 5_1 5_3 5_4 6_11 6_12 6_4 7_4 7_5 7_6 7_9,3_2 4_3 7_11 8_11,0.428571,0.600000,0.538462,0.538462,0.428571,0.904762,0.379310,,0.081081,0.428571
2025-07-21,B0: Random,5,0.200000,0.050000,3_2,0_14 0_3 0_7 1_12 1_8 1_9 2_10 2_11 2_14 4_12 4_15 5_3 6_10 6_2 6_6 7_13 7_6 8_12 8_6,4_0 4_3 7_11 8_11,0.081081,0.081081,0.081081,0.025641,0.052632,0.081081,0.081081,0.081081,,0.111111
2025-07-22,GLM-Logit,6,0.333333,0.100000,1_10 7_9,3_11 3_12 3_13 3_2 3_3 4_1 4_3 4_4 5_1 5_10 5_2 5_3 6_10 6_12 6_4 7_6 7_7 7_8,2_9 6_8 7_4 8_9,0.904762,0.600000,0.428571,0.481481,0.904762,0.481481,0.739130,0.428571,0.081081,
2025-07-22,HierBayes,6,0.333333,0.100000,1_10 7_9,3_11 3_12 3_13 3_2 3_3 4_1 4_3 4_4 5_1 5_10 5_2 6_10 6_11 6_12 6_4 7_6 7_7 7_8,2_9 6_8 7_4 8_9,,0.538462,0.379310,0.481481,1.000000,0.481481,0.739130,0.428571,0.081081,0.904762
2025-07-22,B1: Static prior,6,0.500000,0.150000,1_10 2_9 7_9,2_10 3_10 3_11 3_12 3_13 3_3 4_1 4_2 4_3 4_4 5_1 5_2 5_3 6_12 6_4 7_5 7_6,6_8 7_4 8_9,0.538462,,0.538462,0.538462,0.538462,0.666667,0.428571,0.600000,0.081081,0.600000
2025-07-22,TTM,6,0.666667,0.200000,1_10 2_9 7_4 7_9,2_10 3_13 3_3 4_1 4_3 4_4 5_1 5_2 5_3 5_4 5_5 6_10 6_3 6_4 6_7 7_5,6_8 8_9,0.379310,0.538462,,0.428571,0.379310,0.538462,0.333333,0.481481,0.111111,0.428571
2025-07-22,ET,6,0.333333,0.100000,1_10 7_4,0_9 3_11 3_12 3_3 4_1 4_2 4_3 4_4 5_1 5_2 5_3 5_4 5_7 6_11 6_12 6_4 7_5 7_7,2_9 6_8 7_9 8_9,0.481481,0.538462,0.428571,,0.481481,0.600000,0.333333,0.538462,0.142857,0.481481
2025-07-22,B5: B2+B3,6,0.333333,0.100000,1_10 7_9,3_11 3_12 3_13 3_2 3_3 4_1 4_3 4_4 5_1 5_10 5_2 6_10 6_11 6_12 6_4 7_6 7_7 7_8,2_9 6_8 7_4 8_9,1.000000,0.538462,0.379310,0.481481,,0.481481,0.739130,0.428571,0.081081,0.904762
2025-07-22,B4: B1+B3,6,0.666667,0.200000,1_10 2_9 7_4 7_9,2_10 2_2 3_11 3_12 3_3 4_1 4_3 4_4 5_1 5_3 5_4 6_11 6_12 6_4 7_5 7_6,6_8 8_9,0.481481,0.666667,0.538462,0.600000,0.481481,,0.333333,0.904762,0.052632,0.481481
2025-07-22,B2: Recent MA,6,0.500000,0.150000,1_10 6_8 7_9,3_12 3_13 3_2 4_1 4_3 4_4 5_1 5_10 5_2 6_10 6_12 6_13 6_4 7_6 7_7 7_8 8_11,2_9 7_4 8_9,0.739130,0.428571,0.333333,0.333333,0.739130,0.333333,,0.290323,0.081081,0.739130
2025-07-22,B3: DoY season,6,0.666667,0.200000,1_10 2_9 7_4 7_9,2_10 2_2 3_11 3_12 3_3 4_0 4_1 4_4 5_1 5_3 5_4 6_11 6_12 6_4 7_5 7_6,6_8 8_9,0.428571,0.600000,0.481481,0.538462,0.428571,0.904762,0.290323,,0.025641,0.428571
2025-07-22,B0: Random,6,0.000000,0.000000,,0_9 1_0 1_1 1_13 2_0 2_15 4_2 4_3 5_12 5_14 5_9 6_3 6_7 7_1 7_14 7_5 7_7 7_8 8_6 8_7,1_10 2_9 6_8 7_4 7_9 8_9,0.081081,0.081081,0.111111,0.142857,0.081081,0.052632,0.081081,0.025641,,0.081081
2025-07-23,GLM-Logit,6,0.666667,0.200000,2_9 3_13 6_12 7_9,1_10 3_11 3_12 3_2 3_3 4_1 4_3 4_4 5_1 5_10 5_2 5_3 6_10 6_4 7_6 7_8,4_12 6_5,0.818182,0.666667,0.600000,0.428571,0.818182,0.538462,0.666667,0.428571,0.052632,
2025-07-23,HierBayes,6,0.500000,0.150000,3_13 6_12 7_9,1_10 3_11 3_12 3_2 3_3 4_1 4_3 4_4 5_1 5_10 5_2 6_10 6_11 6_4 6_8 7_6 7_8,2_9 4_12 6_5,,0.538462,0.481481,0.428571,1.000000,0.481481,0.739130,0.428571,0.052632,0.818182
2025-07-23,B1: Static prior,6,0.666667,0.200000,2_9 3_13 6_12 7_9,1_10 2_10 3_10 3_11 3_12 3_3 4_1 4_2 4_3 4_4 5_1 5_2 5_3 6_4 7_5 7_6,4_12 6_5,0.538462,,0.666667,0.538462,0.538462,0.666667,0.428571,0.538462,0.081081,0.666667
2025-07-23,TTM,6,0.666667,0.200000,2_9 3_13 6_12 7_9,1_10 1_11 2_10 3_12 3_3 4_1 4_3 4_4 4_7 5_1 5_2 5_3 6_10 6_4 7_4 7_5,4_12 6_5,0.481481,0.666667,,0.481481,0.481481,0.538462,0.428571,0.481481,0.081081,0.600000
2025-07-23,ET,6,0.166667,0.050000,6_12,0_9 1_10 3_11 3_12 3_3 4_1 4_2 4_3 4_4 5_1 5_2 5_3 5_4 5_7 6_11 6_4 7_4 7_5 7_7,2_9 3_13 4_12 6_5 7_9,0.428571,0.538462,0.481481,,0.428571,0.600000,0.333333,0.538462,0.052632,0.428571
2025-07-23,B5: B2+B3,6,0.500000,0.150000,3_13 6_12 7_9,1_10 3_11 3_12 3_2 3_3 4_1 4_3 4_4 5_1 5_10 5_2 6_10 6_11 6_4 6_8 7_6 7_8,2_9 4_12 6_5,1.000000,0.538462,0.481481,0.428571,,0.481481,0.739130,0.428571,0.052632,0.818182
2025-07-23,B4: B1+B3,6,0.500000,0.150000,2_9 6_12 7_9,0_9 1_10 2_10 2_2 3_11 3_12 3_3 4_1 4_3 4_4 5_1 5_3 5_4 6_11 6_4 7_5 7_6,3_13 4_12 6_5,0.481481,0.666667,0.538462,0.600000,0.481481,,0.333333,0.739130,0.111111,0.538462
2025-07-23,B2: Recent MA,6,0.500000,0.150000,3_13 6_12 7_9,1_10 3_12 3_2 4_1 4_3 4_4 5_1 5_10 5_2 6_10 6_13 6_4 6_8 7_6 7_7 7_8 8_11,2_9 4_12 6_5,0.739130,0.428571,0.428571,0.333333,0.739130,0.333333,,0.290323,0.025641,0.666667
2025-07-23,B3: DoY season,6,0.333333,0.100000,6_12 7_9,1_10 2_10 2_2 3_11 3_12 3_3 4_0 4_1 4_4 5_1 5_3 5_4 6_11 6_4 6_7 7_4 7_5 7_6,2_9 3_13 4_12 6_5,0.428571,0.538462,0.481481,0.538462,0.428571,0.739130,0.290323,,0.111111,0.428571
2025-07-23,B0: Random,6,0.166667,0.050000,7_9,0_1 1_12 1_14 1_4 1_8 1_9 2_10 3_3 3_4 3_7 4_13 5_14 5_4 6_6 7_13 8_2 8_3 8_6 8_9,2_9 3_13 4_12 6_12 6_5,0.052632,0.081081,0.081081,0.052632,0.052632,0.111111,0.025641,0.111111,,0.052632
2025-07-24,GLM-Logit,6,0.166667,0.050000,6_10,1_10 2_9 3_11 3_12 3_13 3_2 3_3 4_1 4_3 4_4 5_1 5_10 5_2 5_3 6_12 6_4 7_6 7_8 7_9,0_9 1_11 2_10 2_11 7_7,0.904762,0.666667,0.481481,0.428571,0.904762,0.538462,0.666667,0.538462,0.025641,
2025-07-24,HierBayes,6,0.333333,0.100000,6_10 7_7,1_10 2_9 3_11 3_12 3_13 3_2 3_3 4_1 4_3 4_4 5_1 5_10 5_2 6_12 6_4 7_6 7_8 7_9,0_9 1_11 2_10 2_11,,0.600000,0.428571,0.428571,1.000000,0.481481,0.739130,0.481481,0.025641,0.904762
2025-07-24,B1: Static prior,6,0.166667,0.050000,2_10,1_10 2_9 3_10 3_11 3_12 3_13 3_3 4_1 4_2 4_3 4_4 5_1 5_2 5_3 6_12 6_4 7_5 7_6 7_9,0_9 1_11 2_11 6_10 7_7,0.600000,,0.538462,0.538462,0.600000,0.666667,0.428571,0.666667,0.052632,0.666667
2025-07-24,TTM,6,0.333333,0.100000,2_10 6_10,1_10 2_2 3_12 3_13 3_3 4_1 4_3 4_4 4_7 5_1 5_2 5_3 5_4 5_6 6_4 7_4 7_5 7_9,0_9 1_11 2_11 7_7,0.428571,0.538462,,0.481481,0.428571,0.481481,0.379310,0.481481,0.111111,0.481481
2025-07-24,ET,6,0.333333,0.100000,0_9 7_7,1_10 3_11 3_12 3_3 4_1 4_2 4_3 4_4 5_1 5_2 5_3 5_4 5_7 6_11 6_12 6_4 7_4 7_5,1_11 2_10 2_11 6_10,0.428571,0.538462,0.481481,,0.428571,0.600000,0.333333,0.600000,0.111111,0.428571
2025-07-24,B5: B2+B3,6,0.333333,0.100000,6_10 7_7,1_10 2_9 3_11 3_12 3_13 3_2 3_3 4_1 4_3 4_4 5_1 5_10 5_2 6_12 6_4 7_6 7_8 7_9,0_9 1_11 2_10 2_11,1.000000,0.600000,0.428571,0.428571,,0.481481,0.739130,0.481481,0.025641,0.904762
2025-07-24,B4: B1+B3,6,0.333333,0.100000,0_9 2_10,1_10 2_9 3_11 3_12 3_3 4_1 4_3 4_4 5_1 5_3 5_4 6_11 6_12 6_4 6_7 7_5 7_6 7_9,1_11 2_11 6_10 7_7,0.481481,0.666667,0.481481,0.600000,0.481481,,0.333333,1.000000,0.111111,0.538462
2025-07-24,B2: Recent MA,6,0.333333,0.100000,6_10 7_7,1_10 3_12 3_13 3_2 4_1 4_3 4_4 5_1 5_10 5_2 6_12 6_13 6_4 6_8 7_6 7_8 7_9 8_11,0_9 1_11 2_10 2_11,0.739130,0.428571,0.379310,0.333333,0.739130,0.333333,,0.333333,0.025641,0.666667
2025-07-24,B3: DoY season,6,0.333333,0.100000,0_9 2_10,1_10 2_9 3_11 3_12 3_3 4_1 4_3 4_4 5_1 5_3 5_4 6_11 6_12 6_4 6_7 7_5 7_6 7_9,1_11 2_11 6_10 7_7,0.481481,0.666667,0.481481,0.600000,0.481481,1.000000,0.333333,,0.111111,0.538462
2025-07-24,B0: Random,6,0.166667,0.050000,0_9,0_13 0_3 1_3 2_0 2_2 2_6 2_8 3_12 3_5 4_10 4_9 5_0 5_6 6_1 6_11 7_1 7_5 8_15 8_6,1_11 2_10 2_11 6_10 7_7,0.025641,0.052632,0.111111,0.111111,0.025641,0.111111,0.025641,0.111111,,0.025641
2025-07-25,GLM-Logit,8,0.500000,0.200000,3_2 4_1 6_10 7_9,1_10 2_9 3_11 3_12 3_13 4_3 4_4 5_1 5_10 5_2 5_3 6_12 6_4 7_6 7_7 7_8,0_8 1_3 2_10 3_14,0.904762,0.600000,0.428571,0.428571,0.818182,0.481481,0.818182,0.379310,0.052632,
2025-07-25,HierBayes,8,0.500000,0.200000,3_2 4_1 6_10 7_9,1_10 2_9 3_11 3_12 3_13 3_3 4_3 4_4 5_1 5_10 5_2 6_12 6_4 7_6 7_7 7_8,0_8 1_3 2_10 3_14,,0.600000,0.379310,0.428571,0.904762,0.481481,0.818182,0.379310,0.052632,0.904762
2025-07-25,B1: Static prior,8,0.375000,0.150000,2_10 4_1 7_9,1_10 2_9 3_10 3_11 3_12 3_13 3_3 4_2 4_3 4_4 5_1 5_2 5_3 6_12 6_4 7_5 7_6,0_8 1_3 3_14 3_2 6_10,0.600000,,0.538462,0.538462,0.538462,0.666667,0.481481,0.538462,0.052632,0.600000
2025-07-25,TTM,8,0.500000,0.200000,2_10 4_1 6_10 7_9,1_10 3_10 3_12 3_13 3_9 4_3 4_4 4_7 5_1 5_2 5_3 5_4 5_6 6_4 7_4 7_5,0_8 1_3 3_14 3_2,0.379310,0.538462,,0.428571,0.379310,0.428571,0.379310,0.481481,0.052632,0.428571
2025-07-25,ET,8,0.125000,0.050000,4_1,0_9 1_10 3_11 3_12 3_3 4_2 4_3 4_4 5_1 5_2 5_3 5_4 5_7 6_11 6_12 6_4 7_4 7_5 7_7,0_8 1_3 2_10 3_14 3_2 6_10 7_9,0.428571,0.538462,0.428571,,0.481481,0.600000,0.333333,0.600000,0.052632,0.428571
2025-07-25,B5: B2+B3,8,0.500000,0.200000,3_2 4_1 6_10 7_9,0_9 1_10 3_11 3_12 3_13 3_3 4_3 4_4 5_1 5_10 5_2 6_12 6_4 7_6 7_7 7_8,0_8 1_3 2_10 3_14,0.904762,0.538462,0.379310,0.481481,,0.481481,0.739130,0.428571,0.052632,0.818182
2025-07-25,B4: B1+B3,8,0.375000,0.150000,2_10 4_1 7_9,0_9 1_10 2_9 3_11 3_12 3_3 4_3 4_4 5_1 5_3 5_4 6_11 6_12 6_4 6_7 7_5 7_6,0_8 1_3 3_14 3_2 6_10,0.481481,0.666667,0.428571,0.600000,0.481481,,0.379310,0.818182,0.052632,0.481481
2025-07-25,B2: Recent MA,8,0.500000,0.200000,3_2 4_1 6_10 7_9,1_10 2_9 3_12 3_13 4_3 4_4 5_1 5_10 5_2 6_12 6_4 6_8 7_6 7_7 7_8 8_11,0_8 1_3 2_10 3_14,0.818182,0.481481,0.379310,0.333333,0.739130,0.379310,,0.290323,0.052632,0.818182
2025-07-25,B3: DoY season,8,0.375000,0.150000,2_10 4_1 7_9,0_9 1_10 3_11 3_12 3_3 4_0 4_3 4_4 5_1 5_3 5_4 5_6 6_11 6_12 6_4 6_7 7_5,0_8 1_3 3_14 3_2 6_10,0.379310,0.538462,0.481481,0.600000,0.428571,0.818182,0.290323,,0.052632,0.379310
2025-07-25,B0: Random,8,0.000000,0.000000,,0_4 0_5 0_7 1_1 1_6 1_8 2_0 2_5 2_6 3_4 3_6 5_1 5_8 6_14 6_2 6_4 8_0 8_13 8_14 8_6,0_8 1_3 2_10 3_14 3_2 4_1 6_10 7_9,0.052632,0.052632,0.052632,0.052632,0.052632,0.052632,0.052632,0.052632,,0.052632
2025-07-26,GLM-Logit,6,0.500000,0.150000,1_10 3_13 5_1,0_9 2_9 3_11 3_12 3_2 4_1 4_3 4_4 5_10 5_2 5_3 6_10 6_12 6_4 7_6 7_8 7_9,2_10 3_3 4_7,0.818182,0.600000,0.481481,0.428571,0.904762,0.538462,0.739130,0.538462,0.111111,
2025-07-26,HierBayes,6,0.666667,0.200000,1_10 3_13 3_3 5_1,2_9 3_11 3_12 3_2 4_1 4_3 4_4 5_10 5_2 6_10 6_12 6_4 7_6 7_7 7_8 7_9,2_10 4_7,,0.600000,0.428571,0.428571,0.904762,0.481481,0.818182,0.481481,0.111111,0.818182
2025-07-26,B1: Static prior,6,0.833333,0.250000,1_10 2_10 3_13 3_3 5_1,2_9 3_10 3_11 3_12 4_1 4_2 4_3 4_4 5_2 5_3 6_12 6_4 7_5 7_6 7_9,4_7,0.600000,,0.600000,0.538462,0.600000,0.666667,0.481481,0.538462,0.052632,0.600000
2025-07-26,TTM,6,0.666667,0.200000,1_10 2_10 3_13 5_1,2_9 3_10 3_12 4_1 4_3 4_4 5_12 5_2 5_3 5_4 5_6 6_10 6_4 7_4 7_5 7_9,3_3 4_7,0.428571,0.600000,,0.428571,0.428571,0.481481,0.379310,0.428571,0.052632,0.481481
2025-07-26,ET,6,0.500000,0.150000,1_10 3_3 5_1,0_9 3_11 3_12 4_1 4_2 4_3 4_4 5_2 5_3 5_4 5_7 6_11 6_12 6_4 7_4 7_5 7_7,2_10 3_13 4_7,0.428571,0.538462,0.428571,,0.428571,0.538462,0.379310,0.428571,0.052632,0.428571
2025-07-26,B5: B2+B3,6,0.666667,0.200000,1_10 3_13 3_3 5_1,0_9 2_9 3_11 3_12 3_2 4_1 4_3 4_4 5_10 5_2 6_10 6_12 6_4 7_6 7_8 7_9,2_10 4_7,0.904762,0.600000,0.428571,0.428571,,0.538462,0.739130,0.538462,0.111111,0.904762
2025-07-26,B4: B1+B3,6,0.833333,0.250000,1_10 2_10 3_13 3_3 5_1,0_9 2_9 3_11 3_12 4_1 4_3 4_4 5_3 6_11 6_12 6_4 6_7 7_5 7_9 8_9,4_7,0.481481,0.666667,0.481481,0.538462,0.538462,,0.379310,0.818182,0.052632,0.538462
2025-07-26,B2: Recent MA,6,0.500000,0.150000,1_10 3_13 5_1,3_11 3_12 3_2 4_1 4_3 4_4 5_10 5_2 6_10 6_12 6_4 6_8 7_6 7_7 7_8 7_9 8_11,2_10 3_3 4_7,0.818182,0.481481,0.379310,0.379310,0.739130,0.379310,,0.379310,0.111111,0.739130
2025-07-26,B3: DoY season,6,0.833333,0.250000,1_10 2_10 3_13 3_3 5_1,0_9 1_9 2_9 3_11 3_12 4_1 4_4 5_3 6_10 6_11 6_12 6_4 6_7 7_9 8_9,4_7,0.481481,0.538462,0.428571,0.428571,0.538462,0.818182,0.379310,,0.081081,0.538462
2025-07-26,B0: Random,6,0.000000,0.000000,,0_4 0_5 0_8 1_13 1_9 2_0 2_5 3_6 3_9 4_10 4_9 5_0 5_10 5_14 5_2 5_9 6_4 6_7 7_8 8_0,1_10 2_10 3_13 3_3 4_7 5_1,0.111111,0.052632,0.052632,0.052632,0.111111,0.052632,0.111111,0.081081,,0.111111
2025-07-27,GLM-Logit,11,0.636364,0.350000,1_10 3_12 4_1 4_3 4_4 5_2 6_12,2_10 2_9 3_11 3_13 3_2 3_3 5_1 5_10 5_3 6_10 6_4 7_6 7_9,1_11 5_6 6_3 7_12,0.904762,0.739130,0.600000,0.428571,0.818182,0.600000,0.818182,0.538462,0.111111,
2025-07-27,HierBayes,11,0.636364,0.350000,1_10 3_12 4_1 4_3 4_4 5_2 6_12,2_10 2_9 3_11 3_13 3_2 3_3 5_1 5_10 6_10 6_4 7_6 7_8 7_9,1_11 5_6 6_3 7_12,,0.666667,0.538462,0.379310,0.904762,0.538462,0.904762,0.481481,0.111111,0.904762
2025-07-27,B1: Static prior,11,0.636364,0.350000,1_10 3_12 4_1 4_3 4_4 5_2 6_12,2_10 2_9 3_10 3_11 3_13 3_3 4_2 5_1 5_3 6_4 7_5 7_6 7_9,1_11 5_6 6_3 7_12,0.666667,,0.600000,0.538462,0.600000,0.666667,0.600000,0.538462,0.111111,0.739130
2025-07-27,TTM,11,0.545455,0.300000,1_10 3_12 4_1 4_3 4_4 5_2,2_10 2_11 2_9 3_10 3_13 3_2 5_1 5_3 5_4 6_10 6_4 7_4 7_5 7_9,1_11 5_6 6_12 6_3 7_12,0.538462,0.600000,,0.428571,0.481481,0.481481,0.481481,0.379310,0.052632,0.600000
2025-07-27,ET,11,0.636364,0.350000,1_10 3_12 4_1 4_3 4_4 5_2 6_12,0_9 3_11 3_3 4_2 5_1 5_3 5_4 5_7 6_11 6_4 7_4 7_5 7_7,1_11 5_6 6_3 7_12,0.379310,0.538462,0.428571,,0.428571,0.538462,0.379310,0.481481,0.081081,0.428571
2025-07-27,B5: B2+B3,11,0.636364,0.350000,1_10 3_12 4_1 4_3 4_4 5_2 6_12,0_9 2_9 3_11 3_13 3_2 3_3 5_1 5_10 6_10 6_4 7_6 7_8 7_9,1_11 5_6 6_3 7_12,0.904762,0.600000,0.481481,0.428571,,0.538462,0.904762,0.481481,0.142857,0.818182
2025-07-27,B4: B1+B3,11,0.545455,0.300000,1_10 3_12 4_1 4_3 4_4 6_12,0_9 2_10 2_9 3_11 3_13 3_3 5_1 5_3 6_11 6_4 6_7 7_5 7_9 8_9,1_11 5_2 5_6 6_3 7_12,0.538462,0.666667,0.481481,0.538462,0.538462,,0.481481,0.818182,0.081081,0.600000
2025-07-27,B2: Recent MA,11,0.636364,0.350000,1_10 3_12 4_1 4_3 4_4 5_2 6_12,2_9 3_11 3_13 3_2 3_3 5_1 5_10 6_10 6_4 6_8 7_6 7_8 7_9,1_11 5_6 6_3 7_12,0.904762,0.600000,0.481481,0.379310,0.904762,0.481481,,0.428571,0.111111,0.818182
2025-07-27,B3: DoY season,11,0.545455,0.300000,1_10 3_12 4_1 4_3 4_4 6_12,0_9 1_9 2_10 2_9 3_11 3_3 4_12 5_1 5_3 6_11 6_4 6_7 7_9 8_9,1_11 5_2 5_6 6_3 7_12,0.481481,0.538462,0.379310,0.481481,0.481481,0.818182,0.428571,,0.081081,0.538462
2025-07-27,B0: Random,11,0.181818,0.100000,5_2 7_12,0_5 0_9 1_2 2_6 2_9 3_3 3_5 3_7 4_0 4_14 5_8 6_15 6_6 7_3 7_6 8_10 8_14 8_3,1_10 1_11 3_12 4_1 4_3 4_4 5_6 6_12 6_3,0.111111,0.111111,0.052632,0.081081,0.142857,0.081081,0.111111,0.081081,,0.111111
2025-07-28,GLM-Logit,12,0.500000,0.300000,2_9 5_1 5_2 6_12 7_6 7_9,1_10 2_10 3_11 3_12 3_13 3_2 3_3 4_1 4_3 4_4 5_10 5_3 6_10 6_4,1_11 3_14 5_6 7_12 7_13 7_7,0.904762,0.739130,0.739130,0.428571,0.818182,0.666667,0.818182,0.481481,0.081081,
2025-07-28,HierBayes,12,0.500000,0.300000,2_9 5_1 5_2 6_12 7_6 7_9,1_10 2_10 3_11 3_12 3_13 3_2 3_3 4_1 4_3 4_4 5_10 6_10 6_4 7_8,1_11 3_14 5_6 7_12 7_13 7_7,,0.666667,0.666667,0.379310,0.904762,0.600000,0.904762,0.428571,0.081081,0.904762
2025-07-28,B1: Static prior,12,0.500000,0.300000,2_9 5_1 5_2 6_12 7_6 7_9,1_10 2_10 3_10 3_11 3_12 3_13 3_3 4_1 4_2 4_3 4_4 5_3 6_4 7_5,1_11 3_14 5_6 7_12 7_13 7_7,0.666667,,0.739130,0.538462,0.600000,0.739130,0.600000,0.538462,0.081081,0.739130
2025-07-28,TTM,12,0.416667,0.250000,2_9 5_1 5_2 6_12 7_9,1_10 2_10 3_10 3_11 3_12 3_13 3_2 4_1 4_3 4_4 5_3 6_10 6_4 7_4 7_5,1_11 3_14 5_6 7_12 7_13 7_6 7_7,0.666667,0.739130,,0.481481,0.600000,0.538462,0.666667,0.428571,0.081081,0.739130
2025-07-28,ET,12,0.333333,0.200000,5_1 5_2 6_12 7_7,0_9 1_10 3_11 3_12 3_3 4_1 4_2 4_3 4_4 5_3 5_4 5_7 6_11 6_4 7_4 7_5,1_11 2_9 3_14 5_6 7_12 7_13 7_6 7_9,0.379310,0.538462,0.481481,,0.428571,0.481481,0.333333,0.428571,0.025641,0.428571
2025-07-28,B5: B2+B3,12,0.500000,0.300000,2_9 5_1 5_2 6_12 7_6 7_9,0_9 1_10 3_11 3_12 3_13 3_2 3_3 4_1 4_3 4_4 5_10 6_10 6_4 7_8,1_11 3_14 5_6 7_12 7_13 7_7,0.904762,0.600000,0.600000,0.428571,,0.600000,0.818182,0.428571,0.081081,0.818182
2025-07-28,B4: B1+B3,12,0.416667,0.250000,2_9 5_1 6_12 7_6 7_9,0_9 1_10 2_10 3_11 3_12 3_13 3_3 4_1 4_2 4_3 4_4 5_3 6_4 6_7 8_9,1_11 3_14 5_2 5_6 7_12 7_13 7_7,0.600000,0.739130,0.538462,0.481481,0.600000,,0.538462,0.739130,0.052632,0.666667
2025-07-28,B2: Recent MA,12,0.500000,0.300000,2_9 5_1 5_2 6_12 7_6 7_9,1_10 2_10 3_11 3_12 3_13 3_2 4_1 4_3 4_4 5_10 6_10 6_4 7_8 8_11,1_11 3_14 5_6 7_12 7_13 7_7,0.904762,0.600000,0.666667,0.333333,0.818182,0.538462,,0.379310,0.081081,0.818182
2025-07-28,B3: DoY season,12,0.250000,0.150000,2_9 5_1 7_9,0_9 1_9 2_10 3_1 3_11 3_12 3_13 3_3 4_1 4_2 4_3 4_4 5_3 6_11 6_4 6_7 8_9,1_11 3_14 5_2 5_6 6_12 7_12 7_13 7_6 7_7,0.428571,0.538462,0.428571,0.428571,0.428571,0.739130,0.379310,,0.052632,0.481481
2025-07-28,B0: Random,12,0.083333,0.050000,2_9,0_4 1_12 1_5 1_8 2_0 3_10 3_4 3_6 5_10 5_11 5_5 5_8 6_13 6_4 6_8 7_0 7_10 8_13 8_7,1_11 3_14 5_1 5_2 5_6 6_12 7_12 7_13 7_6 7_7 7_9,0.081081,0.081081,0.081081,0.025641,0.081081,0.052632,0.081081,0.052632,,0.081081
2025-07-29,GLM-Logit,6,0.833333,0.250000,3_12 4_1 4_4 6_12 6_4,1_10 2_10 2_9 3_11 3_13 3_2 3_3 4_3 5_1 5_10 5_2 5_3 6_10 7_6 7_9,3_14,0.904762,0.739130,0.666667,0.428571,0.818182,0.666667,0.739130,0.481481,0.052632,
2025-07-29,HierBayes,6,0.833333,0.250000,3_12 4_1 4_4 6_12 6_4,1_10 2_10 2_9 3_11 3_13 3_2 3_3 4_3 5_1 5_10 5_2 6_10 7_6 7_8 7_9,3_14,,0.666667,0.600000,0.379310,0.904762,0.600000,0.818182,0.428571,0.052632,0.904762
2025-07-29,B1: Static prior,6,0.833333,0.250000,3_12 4_1 4_4 6_12 6_4,1_10 2_10 2_9 3_10 3_11 3_13 3_3 4_2 4_3 5_1 5_2 5_3 7_5 7_6 7_9,3_14,0.666667,,0.666667,0.538462,0.600000,0.739130,0.538462,0.481481,0.081081,0.739130
2025-07-29,TTM,6,0.833333,0.250000,3_12 4_1 4_4 6_12 6_4,1_10 1_11 2_10 3_10 3_11 3_13 3_2 4_3 5_1 5_2 5_3 6_10 7_4 7_5 7_9,3_14,0.600000,0.666667,,0.481481,0.600000,0.538462,0.538462,0.379310,0.081081,0.666667
2025-07-29,ET,6,0.833333,0.250000,3_12 4_1 4_4 6_12 6_4,0_9 1_10 3_11 3_3 4_2 4_3 5_1 5_2 5_3 5_4 5_7 6_11 7_4 7_5 7_7,3_14,0.379310,0.538462,0.481481,,0.379310,0.481481,0.379310,0.379310,0.052632,0.428571
2025-07-29,B5: B2+B3,6,0.833333,0.250000,3_12 4_1 4_4 6_12 6_4,0_9 1_10 2_10 2_9 3_11 3_13 3_2 4_3 5_1 5_10 5_2 6_10 7_6 7_8 7_9,3_14,0.904762,0.600000,0.600000,0.379310,,0.600000,0.818182,0.428571,0.052632,0.818182
2025-07-29,B4: B1+B3,6,0.666667,0.200000,3_12 4_1 4_4 6_4,0_9 1_10 2_10 2_9 3_11 3_13 3_3 4_2 4_3 5_1 5_3 6_10 7_5 7_6 7_9 8_9,3_14 6_12,0.600000,0.739130,0.538462,0.481481,0.600000,,0.481481,0.666667,0.025641,0.666667
2025-07-29,B2: Recent MA,6,0.833333,0.250000,3_12 4_1 4_4 6_12 6_4,1_10 2_9 3_11 3_13 3_2 4_3 5_1 5_10 5_2 6_10 7_6 7_7 7_8 7_9 8_11,3_14,0.818182,0.538462,0.538462,0.379310,0.818182,0.481481,,0.333333,0.052632,0.739130
2025-07-29,B3: DoY season,6,0.666667,0.200000,3_12 4_1 4_4 6_4,0_9 2_10 2_9 3_1 3_11 3_3 4_0 4_12 4_2 4_3 5_1 5_3 6_10 6_7 7_9 8_9,3_14 6_12,0.428571,0.481481,0.379310,0.379310,0.428571,0.666667,0.333333,,0.025641,0.481481
2025-07-29,B0: Random,6,0.166667,0.050000,4_1,0_11 0_14 0_5 1_3 2_1 2_5 2_7 3_10 3_15 3_8 5_15 5_2 6_1 6_15 6_2 6_9 7_11 8_14 8_2,3_12 3_14 4_4 6_12 6_4,0.052632,0.081081,0.081081,0.052632,0.052632,0.025641,0.052632,0.025641,,0.052632
2025-07-30,GLM-Logit,11,0.363636,0.200000,4_4 5_1 6_4 7_9,1_10 2_10 2_9 3_11 3_12 3_13 3_2 3_3 4_1 4_3 5_10 5_2 5_3 6_10 6_12 7_6,4_13 5_5 5_7 5_9 6_11 6_5 6_7,0.818182,0.739130,0.600000,0.428571,0.818182,0.666667,0.739130,0.481481,0.052632,
2025-07-30,HierBayes,11,0.363636,0.200000,4_4 5_1 6_4 7_9,1_10 2_10 2_9 3_11 3_12 3_13 3_14 3_2 3_3 4_1 5_10 5_2 6_10 6_12 7_6 7_8,4_13 5_5 5_7 5_9 6_11 6_5 6_7,,0.600000,0.481481,0.333333,0.818182,0.538462,0.739130,0.379310,0.052632,0.818182
2025-07-30,B1: Static prior,11,0.363636,0.200000,4_4 5_1 6_4 7_9,1_10 2_10 2_9 3_10 3_11 3_12 3_13 3_3 4_1 4_2 4_3 5_2 5_3 6_12 7_5 7_6,4_13 5_5 5_7 5_9 6_11 6_5 6_7,0.600000,,0.600000,0.538462,0.600000,0.739130,0.538462,0.481481,0.052632,0.739130
2025-07-30,TTM,11,0.454545,0.250000,4_4 5_1 5_7 6_4 7_9,1_10 1_11 2_10 3_12 3_13 4_1 4_3 5_2 5_3 5_4 6_10 6_12 7_4 7_5 7_6,4_13 5_5 5_9 6_11 6_5 6_7,0.481481,0.600000,,0.538462,0.481481,0.538462,0.481481,0.333333,0.052632,0.600000
2025-07-30,ET,11,0.454545,0.250000,4_4 5_1 5_7 6_11 6_4,0_9 1_10 3_11 3_12 3_3 4_1 4_2 4_3 5_2 5_3 5_4 6_12 7_4 7_5 7_7,4_13 5_5 5_9 6_5 6_7 7_9,0.333333,0.538462,0.538462,,0.428571,0.481481,0.379310,0.379310,0.081081,0.428571
2025-07-30,B5: B2+B3,11,0.363636,0.200000,4_4 5_1 6_4 7_9,0_9 1_10 2_9 3_11 3_12 3_13 3_2 3_3 4_1 4_3 5_10 5_2 6_10 6_12 7_6 7_8,4_13 5_5 5_7 5_9 6_11 6_5 6_7,0.818182,0.600000,0.481481,0.428571,,0.600000,0.818182,0.428571,0.081081,0.818182
2025-07-30,B4: B1+B3,11,0.363636,0.200000,4_4 5_1 6_4 7_9,0_9 1_10 2_10 2_9 3_11 3_12 3_13 3_3 4_1 4_2 4_3 5_3 6_10 7_5 7_6 8_9,4_13 5_5 5_7 5_9 6_11 6_5 6_7,0.538462,0.739130,0.538462,0.481481,0.600000,,0.481481,0.666667,0.081081,0.666667
2025-07-30,B2: Recent MA,11,0.363636,0.200000,4_4 5_1 6_4 7_9,1_10 2_9 3_11 3_12 3_13 3_2 4_1 4_3 5_10 5_2 6_10 6_12 7_6 7_7 7_8 8_11,4_13 5_5 5_7 5_9 6_11 6_5 6_7,0.739130,0.538462,0.481481,0.379310,0.818182,0.481481,,0.333333,0.081081,0.739130
2025-07-30,B3: DoY season,11,0.454545,0.250000,4_4 5_1 6_4 6_7 7_9,0_9 2_10 2_9 3_1 3_11 3_12 3_3 4_0 4_1 4_12 4_2 4_3 5_3 6_10 8_9,4_13 5_5 5_7 5_9 6_11 6_5,0.379310,0.481481,0.333333,0.379310,0.428571,0.666667,0.333333,,0.111111,0.481481
2025-07-30,B0: Random,11,0.090909,0.050000,6_4,0_6 0_9 1_1 1_11 2_14 2_15 3_7 3_8 4_0 4_15 4_2 5_10 6_1 6_6 6_8 7_1 7_14 7_15 8_11,4_13 4_4 5_1 5_5 5_7 5_9 6_11 6_5 6_7 7_9,0.052632,0.052632,0.052632,0.081081,0.081081,0.081081,0.081081,0.111111,,0.052632
2025-07-31,GLM-Logit,9,0.666667,0.300000,3_2 3_3 5_1 5_2 6_12 7_9,1_10 2_10 2_9 3_11 3_12 3_13 4_1 4_3 4_4 5_10 5_3 6_10 6_4 7_6,6_11 6_2 8_11,0.818182,0.739130,0.538462,0.428571,0.739130,0.739130,0.739130,0.538462,0.052632,
2025-07-31,HierBayes,9,0.666667,0.300000,3_2 3_3 5_1 5_2 6_12 7_9,1_10 2_10 2_9 3_11 3_12 3_13 3_14 4_1 4_4 5_10 6_10 6_4 7_6 7_8,6_11 6_2 8_11,,0.600000,0.428571,0.333333,0.739130,0.600000,0.739130,0.428571,0.081081,0.818182
2025-07-31,B1: Static prior,9,0.555556,0.250000,3_3 5_1 5_2 6_12 7_9,1_10 2_10 2_9 3_10 3_11 3_12 3_13 4_1 4_2 4_3 4_4 5_3 6_4 7_5 7_6,3_2 6_11 6_2 8_11,0.600000,,0.600000,0.538462,0.538462,0.739130,0.538462,0.538462,0.081081,0.739130
2025-07-31,TTM,9,0.333333,0.150000,5_1 5_2 7_9,1_10 2_10 2_11 2_2 3_10 3_11 3_13 4_1 4_3 4_4 5_3 5_7 6_10 6_4 7_4 7_5 7_6,3_2 3_3 6_11 6_12 6_2 8_11,0.428571,0.600000,,0.428571,0.428571,0.428571,0.428571,0.333333,0.081081,0.538462
2025-07-31,ET,9,0.555556,0.250000,3_3 5_1 5_2 6_11 6_12,0_9 1_10 3_11 3_12 4_1 4_2 4_3 4_4 5_3 5_4 5_7 6_4 7_4 7_5 7_7,3_2 6_2 7_9 8_11,0.333333,0.538462,0.428571,,0.428571,0.481481,0.379310,0.428571,0.081081,0.428571
2025-07-31,B5: B2+B3,9,0.555556,0.250000,3_2 5_1 5_2 6_12 7_9,0_9 1_10 2_9 3_11 3_12 3_13 4_1 4_3 4_4 5_10 6_10 6_4 7_6 7_7 7_8,3_3 6_11 6_2 8_11,0.739130,0.538462,0.428571,0.428571,,0.600000,0.904762,0.428571,0.081081,0.739130
2025-07-31,B4: B1+B3,9,0.555556,0.250000,3_2 3_3 5_1 6_12 7_9,0_9 1_10 2_10 2_9 3_11 3_12 3_13 4_1 4_2 4_3 4_4 5_3 6_4 7_6 8_9,5_2 6_11 6_2 8_11,0.600000,0.739130,0.428571,0.481481,0.600000,,0.538462,0.739130,0.052632,0.739130
2025-07-31,B2: Recent MA,9,0.666667,0.300000,3_2 5_1 5_2 6_12 7_9 8_11,1_10 2_9 3_11 3_12 3_13 4_1 4_3 4_4 5_10 6_10 6_4 7_6 7_7 7_8,3_3 6_11 6_2,0.739130,0.538462,0.428571,0.379310,0.904762,0.538462,,0.379310,0.081081,0.739130
2025-07-31,B3: DoY season,9,0.444444,0.200000,3_2 3_3 5_1 7_9,0_9 1_10 1_9 2_10 2_9 3_1 3_11 3_12 4_1 4_2 4_3 4_4 5_3 6_4 6_7 8_9,5_2 6_11 6_12 6_2 8_11,0.428571,0.538462,0.333333,0.428571,0.428571,0.739130,0.379310,,0.025641,0.538462
2025-07-31,B0: Random,9,0.000000,0.000000,,0_0 0_1 0_12 0_7 0_8 1_0 1_12 1_6 2_0 2_14 3_14 4_11 4_15 6_4 6_6 6_9 7_5 7_6 7_7 8_15,3_2 3_3 5_1 5_2 6_11 6_12 6_2 7_9 8_11,0.081081,0.081081,0.081081,0.081081,0.081081,0.052632,0.081081,0.025641,,0.052632
2025-08-01,GLM-Logit,7,0.571429,0.200000,2_10 2_9 3_2 4_4,1_10 3_11 3_12 3_13 3_3 4_1 4_3 5_1 5_10 5_2 5_3 6_10 6_12 6_4 7_6 7_9,5_11 6_11 7_13,0.739130,0.739130,0.666667,0.600000,0.904762,0.739130,0.739130,0.666667,0.111111,
2025-08-01,HierBayes,7,0.714286,0.250000,2_10 2_9 3_2 4_4 6_11,1_10 3_11 3_12 3_13 3_14 3_3 4_1 5_1 5_2 6_10 6_12 6_4 7_6 7_8 7_9,5_11 7_13,,0.600000,0.538462,0.481481,0.739130,0.600000,0.666667,0.538462,0.111111,0.739130
2025-08-01,B1: Static prior,7,0.428571,0.150000,2_10 2_9 4_4,1_10 3_10 3_11 3_12 3_13 3_3 4_1 4_2 4_3 5_1 5_2 5_3 6_12 6_4 7_5 7_6 7_9,3_2 5_11 6_11 7_13,0.600000,,0.666667,0.666667,0.666667,0.739130,0.538462,0.666667,0.111111,0.739130
2025-08-01,TTM,7,0.428571,0.150000,2_10 3_2 4_4,1_10 2_11 3_10 3_11 3_13 4_1 4_3 5_1 5_2 5_3 6_10 6_12 6_4 7_4 7_5 7_6 7_9,2_9 5_11 6_11 7_13,0.538462,0.666667,,0.481481,0.600000,0.538462,0.538462,0.481481,0.081081,0.666667
2025-08-01,ET,7,0.428571,0.150000,2_9 3_2 4_4,0_9 3_11 3_12 3_13 3_3 4_0 4_1 4_13 4_2 4_3 5_1 5_3 6_12 6_4 7_5 7_6 7_9,2_10 5_11 6_11 7_13,0.481481,0.666667,0.481481,,0.600000,0.739130,0.481481,0.600000,0.142857,0.600000
2025-08-01,B5: B2+B3,7,0.571429,0.200000,2_10 2_9 3_2 4_4,0_9 1_10 3_11 3_12 3_13 3_3 4_1 4_3 5_1 5_10 5_2 6_10 6_12 6_4 7_6 7_9,5_11 6_11 7_13,0.739130,0.666667,0.600000,0.600000,,0.739130,0.739130,0.666667,0.111111,0.904762
2025-08-01,B4: B1+B3,7,0.571429,0.200000,2_10 2_9 3_2 4_4,0_9 1_10 3_11 3_12 3_13 3_3 4_1 4_2 4_3 5_1 5_3 6_12 6_4 7_6 7_9 8_9,5_11 6_11 7_13,0.600000,0.739130,0.538462,0.739130,0.739130,,0.538462,0.818182,0.111111,0.739130
2025-08-01,B2: Recent MA,7,0.428571,0.150000,2_9 3_2 4_4,1_10 3_11 3_12 3_13 4_1 4_3 5_1 5_10 5_2 6_10 6_12 6_4 7_6 7_7 7_8 7_9 8_11,2_10 5_11 6_11 7_13,0.666667,0.538462,0.538462,0.481481,0.739130,0.538462,,0.481481,0.111111,0.739130
2025-08-01,B3: DoY season,7,0.571429,0.200000,2_10 2_9 3_2 4_4,0_9 1_10 1_9 3_11 3_12 3_13 3_3 4_1 4_2 4_3 5_1 5_2 5_3 6_4 7_9 8_9,5_11 6_11 7_13,0.538462,0.666667,0.481481,0.600000,0.666667,0.818182,0.481481,,0.081081,0.666667
2025-08-01,B0: Random,7,0.000000,0.000000,,0_10 0_13 1_13 2_0 2_1 2_6 3_0 3_12 3_4 3_9 4_0 4_11 4_12 4_8 6_12 6_4 7_9 8_14 8_6 8_7,2_10 2_9 3_2 4_4 5_11 6_11 7_13,0.111111,0.111111,0.081081,0.142857,0.111111,0.111111,0.111111,0.081081,,0.111111
2025-08-02,GLM-Logit,13,0.538462,0.350000,1_10 3_13 4_3 4_4 5_1 6_12 6_4,2_10 2_9 3_11 3_12 3_2 3_3 4_1 5_2 5_3 6_10 6_11 7_6 7_9,3_10 3_14 4_0 4_11 6_13 7_12,0.904762,0.739130,0.600000,0.600000,0.904762,0.739130,0.739130,0.666667,0.000000,
2025-08-02,HierBayes,13,0.615385,0.400000,1_10 3_13 3_14 4_3 4_4 5_1 6_12 6_4,2_10 2_9 3_11 3_12 3_2 3_3 4_1 5_2 6_10 6_11 7_6 7_9,3_10 4_0 4_11 6_13 7_12,,0.666667,0.538462,0.538462,1.000000,0.666667,0.739130,0.600000,0.000000,0.904762
2025-08-02,B1: Static prior,13,0.615385,0.400000,1_10 3_10 3_13 4_3 4_4 5_1 6_12 6_4,2_10 2_9 3_11 3_12 3_3 4_1 4_2 5_2 5_3 7_5 7_6 7_9,3_14 4_0 4_11 6_13 7_12,0.666667,,0.600000,0.666667,0.666667,0.666667,0.538462,0.666667,0.000000,0.739130
2025-08-02,TTM,13,0.538462,0.350000,1_10 3_13 4_3 4_4 5_1 6_12 6_4,2_10 2_11 3_11 3_12 3_2 4_1 5_2 5_3 5_4 5_5 7_4 7_5 7_9,3_10 3_14 4_0 4_11 6_13 7_12,0.538462,0.600000,,0.481481,0.538462,0.481481,0.481481,0.481481,0.000000,0.600000
2025-08-02,ET,13,0.538462,0.350000,3_13 4_0 4_3 4_4 5_1 6_12 6_4,0_9 2_9 3_11 3_12 3_2 3_3 4_1 4_13 4_2 5_3 7_5 7_6 7_9,1_10 3_10 3_14 4_11 6_13 7_12,0.538462,0.666667,0.481481,,0.538462,0.666667,0.428571,0.739130,0.000000,0.600000
2025-08-02,B5: B2+B3,13,0.615385,0.400000,1_10 3_13 3_14 4_3 4_4 5_1 6_12 6_4,2_10 2_9 3_11 3_12 3_2 3_3 4_1 5_2 6_10 6_11 7_6 7_9,3_10 4_0 4_11 6_13 7_12,1.000000,0.666667,0.538462,0.538462,,0.666667,0.739130,0.600000,0.000000,0.904762
2025-08-02,B4: B1+B3,13,0.461538,0.300000,1_10 3_13 4_3 4_4 5_1 6_4,0_9 2_10 2_9 3_11 3_12 3_2 3_3 4_1 4_2 5_3 6_10 7_6 7_9 8_9,3_10 3_14 4_0 4_11 6_12 6_13 7_12,0.666667,0.666667,0.481481,0.666667,0.666667,,0.538462,0.904762,0.000000,0.739130
2025-08-02,B2: Recent MA,13,0.538462,0.350000,1_10 3_13 4_3 4_4 5_1 6_12 6_4,2_10 2_9 3_12 3_2 4_1 5_10 5_2 6_10 6_11 7_6 7_8 7_9 8_11,3_10 3_14 4_0 4_11 6_13 7_12,0.739130,0.538462,0.481481,0.428571,0.739130,0.538462,,0.481481,0.025641,0.739130
2025-08-02,B3: DoY season,13,0.538462,0.350000,1_10 3_13 4_0 4_3 4_4 5_1 6_4,0_9 2_10 2_9 3_11 3_12 3_2 3_3 4_1 4_2 5_3 7_6 7_9 8_9,3_10 3_14 4_11 6_12 6_13 7_12,0.600000,0.666667,0.481481,0.739130,0.600000,0.904762,0.481481,,0.000000,0.666667
2025-08-02,B0: Random,13,0.076923,0.050000,7_12,0_11 0_4 1_1 1_13 1_15 3_8 4_10 4_8 5_0 5_10 5_12 6_2 6_3 6_9 7_13 7_15 8_1 8_12 8_13,1_10 3_10 3_13 3_14 4_0 4_11 4_3 4_4 5_1 6_12 6_13 6_4,0.000000,0.000000,0.000000,0.000000,0.000000,0.000000,0.025641,0.000000,,0.000000
2025-08-03,GLM-Logit,12,0.583333,0.350000,1_10 2_9 3_12 4_1 4_3 5_1 7_9,2_10 3_11 3_13 3_2 3_3 4_4 5_2 5_3 6_10 6_11 6_12 6_4 7_6,1_11 3_10 5_12 6_5 8_6,0.904762,0.739130,0.600000,0.600000,0.904762,0.739130,0.818182,0.739130,0.081081,
2025-08-03,HierBayes,12,0.583333,0.350000,1_10 2_9 3_12 4_1 4_3 5_1 7_9,2_10 3_11 3_13 3_14 3_2 3_3 4_4 5_2 6_10 6_11 6_12 6_4 7_6,1_11 3_10 5_12 6_5 8_6,,0.666667,0.538462,0.538462,1.000000,0.666667,0.904762,0.666667,0.081081,0.904762
2025-08-03,B1: Static prior,12,0.666667,0.400000,1_10 2_9 3_10 3_12 4_1 4_3 5_1 7_9,2_10 3_11 3_13 3_3 4_2 4_4 5_2 5_3 6_12 6_4 7_5 7_6,1_11 5_12 6_5 8_6,0.666667,,0.600000,0.666667,0.666667,0.666667,0.600000,0.666667,0.081081,0.739130
2025-08-03,TTM,12,0.500000,0.300000,1_10 1_11 4_1 4_3 5_1 7_9,2_10 2_11 3_11 3_13 3_2 3_3 4_4 5_2 5_3 5_4 6_12 6_4 7_4 7_5,2_9 3_10 3_12 5_12 6_5 8_6,0.538462,0.600000,,0.481481,0.538462,0.481481,0.481481,0.481481,0.081081,0.600000
2025-08-03,ET,12,0.500000,0.300000,2_9 3_12 4_1 4_3 5_1 7_9,0_9 3_11 3_13 3_2 3_3 4_0 4_13 4_2 4_4 5_3 6_12 6_4 7_5 7_6,1_10 1_11 3_10 5_12 6_5 8_6,0.538462,0.666667,0.481481,,0.538462,0.666667,0.538462,0.666667,0.081081,0.600000
2025-08-03,B5: B2+B3,12,0.583333,0.350000,1_10 2_9 3_12 4_1 4_3 5_1 7_9,2_10 3_11 3_13 3_14 3_2 3_3 4_4 5_2 6_10 6_11 6_12 6_4 7_6,1_11 3_10 5_12 6_5 8_6,1.000000,0.666667,0.538462,0.538462,,0.666667,0.904762,0.666667,0.081081,0.904762
2025-08-03,B4: B1+B3,12,0.583333,0.350000,1_10 2_9 3_12 4_1 4_3 5_1 7_9,0_9 2_10 3_11 3_13 3_2 3_3 4_2 4_4 5_3 6_10 6_4 7_6 8_9,1_11 3_10 5_12 6_5 8_6,0.666667,0.666667,0.481481,0.666667,0.666667,,0.600000,1.000000,0.052632,0.739130
2025-08-03,B2: Recent MA,12,0.583333,0.350000,1_10 2_9 3_12 4_1 4_3 5_1 7_9,3_11 3_13 3_14 3_2 3_3 4_4 5_2 6_10 6_11 6_12 6_4 7_6 8_11,1_11 3_10 5_12 6_5 8_6,0.904762,0.600000,0.481481,0.538462,0.904762,0.600000,,0.600000,0.081081,0.818182
2025-08-03,B3: DoY season,12,0.583333,0.350000,1_10 2_9 3_12 4_1 4_3 5_1 7_9,0_9 2_10 3_11 3_13 3_2 3_3 4_2 4_4 5_3 6_10 6_4 7_6 8_9,1_11 3_10 5_12 6_5 8_6,0.666667,0.666667,0.481481,0.666667,0.666667,1.000000,0.600000,,0.052632,0.739130
2025-08-03,B0: Random,12,0.083333,0.050000,4_1,0_4 0_8 1_13 1_15 1_3 1_9 2_1 2_15 2_7 3_11 4_0 4_11 5_0 5_2 5_9 6_14 7_11 7_7 8_10,1_10 1_11 2_9 3_10 3_12 4_3 5_1 5_12 6_5 7_9 8_6,0.081081,0.081081,0.081081,0.081081,0.081081,0.052632,0.081081,0.052632,,0.081081
2025-08-04,GLM-Logit,11,0.272727,0.150000,1_10 2_9 3_3,2_10 3_11 3_12 3_13 3_2 4_1 4_3 4_4 5_1 5_2 5_3 6_10 6_11 6_12 6_4 7_6 7_9,1_11 3_4 4_11 4_2 5_6 6_5 7_12 8_9,0.904762,0.739130,0.600000,0.600000,0.904762,0.739130,0.818182,0.666667,0.081081,
2025-08-04,HierBayes,11,0.272727,0.150000,1_10 2_9 3_3,2_10 3_11 3_12 3_13 3_14 3_2 4_1 4_3 4_4 5_1 5_2 6_10 6_11 6_12 6_4 7_6 7_9,1_11 3_4 4_11 4_2 5_6 6_5 7_12 8_9,,0.666667,0.538462,0.538462,1.000000,0.666667,0.904762,0.666667,0.081081,0.904762
2025-08-04,B1: Static prior,11,0.363636,0.200000,1_10 2_9 3_3 4_2,2_10 3_10 3_11 3_12 3_13 4_1 4_3 4_4 5_1 5_2 5_3 6_12 6_4 7_5 7_6 7_9,1_11 3_4 4_11 5_6 6_5 7_12 8_9,0.666667,,0.739130,0.666667,0.666667,0.666667,0.600000,0.600000,0.081081,0.739130
2025-08-04,TTM,11,0.272727,0.150000,1_10 2_9 3_3,2_10 3_10 3_11 3_12 3_13 4_1 4_3 4_4 5_1 5_2 5_3 5_7 6_4 7_4 7_5 7_9 8_10,1_11 3_4 4_11 4_2 5_6 6_5 7_12 8_9,0.538462,0.739130,,0.481481,0.538462,0.600000,0.481481,0.481481,0.081081,0.600000
2025-08-04,ET,11,0.272727,0.150000,2_9 3_3 4_2,0_9 3_11 3_12 3_13 3_2 4_0 4_1 4_13 4_3 4_4 5_1 5_3 6_12 6_4 7_5 7_6 7_9,1_10 1_11 3_4 4_11 5_6 6_5 7_12 8_9,0.538462,0.666667,0.481481,,0.538462,0.666667,0.538462,0.666667,0.081081,0.600000
2025-08-04,B5: B2+B3,11,0.272727,0.150000,1_10 2_9 3_3,2_10 3_11 3_12 3_13 3_14 3_2 4_1 4_3 4_4 5_1 5_2 6_10 6_11 6_12 6_4 7_6 7_9,1_11 3_4 4_11 4_2 5_6 6_5 7_12 8_9,1.000000,0.666667,0.538462,0.538462,,0.666667,0.904762,0.666667,0.081081,0.904762
2025-08-04,B4: B1+B3,11,0.363636,0.200000,1_10 2_9 3_3 8_9,0_9 2_10 3_11 3_12 3_13 3_2 4_1 4_3 4_4 5_1 5_3 6_10 6_4 7_5 7_6 7_9,1_11 3_4 4_11 4_2 5_6 6_5 7_12,0.666667,0.666667,0.600000,0.666667,0.666667,,0.600000,0.818182,0.081081,0.739130
2025-08-04,B2: Recent MA,11,0.272727,0.150000,1_10 2_9 3_3,3_11 3_12 3_13 3_14 3_2 4_1 4_3 4_4 5_1 5_2 6_10 6_11 6_12 6_4 7_6 7_9 8_11,1_11 3_4 4_11 4_2 5_6 6_5 7_12 8_9,0.904762,0.600000,0.481481,0.538462,0.904762,0.600000,,0.600000,0.111111,0.818182
2025-08-04,B3: DoY season,11,0.454545,0.250000,1_10 2_9 3_3 4_2 8_9,0_9 2_10 3_11 3_12 3_13 3_2 4_0 4_1 4_3 4_4 5_1 6_10 6_4 7_6 7_9,1_11 3_4 4_11 5_6 6_5 7_12,0.666667,0.600000,0.481481,0.666667,0.666667,0.818182,0.600000,,0.081081,0.666667
2025-08-04,B0: Random,11,0.000000,0.000000,,0_11 0_8 1_8 2_12 2_15 2_7 3_1 3_5 3_7 3_9 4_4 5_15 5_5 6_4 7_10 7_11 7_7 7_9 8_11 8_14,1_10 1_11 2_9 3_3 3_4 4_11 4_2 5_6 6_5 7_12 8_9,0.081081,0.081081,0.081081,0.081081,0.081081,0.081081,0.111111,0.081081,,0.081081
2025-08-05,GLM-Logit,5,0.000000,0.000000,,1_10 2_10 2_9 3_11 3_12 3_13 3_2 3_3 4_1 4_3 4_4 5_1 5_2 5_3 6_10 6_11 6_12 6_4 7_6 7_9,1_11 1_4 3_10 6_5 7_12,0.904762,0.739130,0.538462,0.600000,0.818182,0.739130,0.739130,0.739130,0.081081,
2025-08-05,HierBayes,5,0.000000,0.000000,,1_10 2_10 2_9 3_11 3_12 3_13 3_14 3_2 3_3 4_1 4_3 4_4 5_1 5_2 6_10 6_11 6_12 6_4 7_6 7_9,1_11 1_4 3_10 6_5 7_12,,0.666667,0.481481,0.538462,0.904762,0.666667,0.818182,0.666667,0.111111,0.904762
2025-08-05,B1: Static prior,5,0.200000,0.050000,3_10,1_10 2_10 2_9 3_11 3_12 3_13 3_3 4_1 4_2 4_3 4_4 5_1 5_2 5_3 6_12 6_4 7_5 7_6 7_9,1_11 1_4 6_5 7_12,0.666667,,0.600000,0.666667,0.666667,0.666667,0.600000,0.666667,0.081081,0.739130
2025-08-05,TTM,5,0.200000,0.050000,3_10,1_10 2_10 3_12 3_13 3_2 4_1 4_3 4_4 5_1 5_2 5_3 5_4 5_7 6_4 7_4 7_5 7_6 7_9 8_10,1_11 1_4 6_5 7_12,0.481481,0.600000,,0.428571,0.481481,0.538462,0.428571,0.481481,0.081081,0.538462
2025-08-05,ET,5,0.000000,0.000000,,0_9 2_9 3_11 3_12 3_13 3_2 3_3 4_0 4_1 4_13 4_2 4_3 4_4 5_1 5_3 6_12 6_4 7_5 7_6 7_9,1_11 1_4 3_10 6_5 7_12,0.538462,0.666667,0.428571,,0.538462,0.666667,0.538462,0.666667,0.052632,0.600000
2025-08-05,B5: B2+B3,5,0.000000,0.000000,,1_10 2_10 2_9 3_11 3_12 3_13 3_14 3_2 3_3 4_1 4_3 4_4 5_1 5_2 6_10 6_12 6_4 7_6 7_9 8_11,1_11 1_4 3_10 6_5 7_12,0.904762,0.666667,0.481481,0.538462,,0.666667,0.904762,0.666667,0.111111,0.818182
2025-08-05,B4: B1+B3,5,0.000000,0.000000,,0_9 1_10 2_10 2_9 3_11 3_12 3_13 3_2 3_3 4_1 4_3 4_4 5_1 5_3 6_10 6_4 7_5 7_6 7_9 8_9,1_11 1_4 3_10 6_5 7_12,0.666667,0.666667,0.538462,0.666667,0.666667,,0.600000,0.904762,0.052632,0.739130
2025-08-05,B2: Recent MA,5,0.200000,0.050000,6_5,1_10 2_9 3_11 3_12 3_13 3_14 3_2 3_3 4_1 4_3 4_4 5_1 5_2 6_10 6_12 6_4 7_6 7_9 8_11,1_11 1_4 3_10 7_12,0.818182,0.600000,0.428571,0.538462,0.904762,0.600000,,0.600000,0.111111,0.739130
2025-08-05,B3: DoY season,5,0.000000,0.000000,,0_9 1_10 2_10 2_9 3_11 3_12 3_13 3_2 3_3 4_1 4_2 4_3 4_4 5_1 5_3 6_10 6_4 7_6 7_9 8_9,1_11 1_4 3_10 6_5 7_12,0.666667,0.666667,0.481481,0.666667,0.666667,0.904762,0.600000,,0.052632,0.739130
2025-08-05,B0: Random,5,0.200000,0.050000,7_12,0_0 0_14 1_1 1_15 1_8 2_8 3_12 3_14 4_6 5_2 6_12 6_15 6_3 7_11 7_8 8_0 8_1 8_10 8_9,1_11 1_4 3_10 6_5,0.111111,0.081081,0.081081,0.052632,0.111111,0.052632,0.111111,0.052632,,0.081081
2025-08-06,GLM-Logit,4,0.500000,0.100000,5_1 7_9,1_10 1_11 2_10 2_9 3_11 3_12 3_13 3_2 3_3 4_1 4_3 4_4 5_2 6_10 6_11 6_12 6_4 7_6,2_11 4_11,0.904762,0.666667,0.538462,0.538462,0.904762,0.666667,0.739130,0.666667,0.081081,
2025-08-06,HierBayes,4,0.500000,0.100000,5_1 7_9,1_10 2_10 2_9 3_11 3_12 3_13 3_14 3_2 3_3 4_1 4_3 4_4 5_2 6_10 6_11 6_12 6_4 7_6,2_11 4_11,,0.666667,0.538462,0.538462,0.904762,0.666667,0.739130,0.666667,0.052632,0.904762
2025-08-06,B1: Static prior,4,0.500000,0.100000,5_1 7_9,1_10 2_10 2_9 3_10 3_11 3_12 3_13 3_3 4_1 4_2 4_3 4_4 5_2 5_3 6_12 6_4 7_5 7_6,2_11 4_11,0.666667,,0.538462,0.666667,0.666667,0.666667,0.538462,0.666667,0.052632,0.666667
2025-08-06,TTM,4,0.500000,0.100000,5_1 7_9,1_10 2_10 3_12 3_13 3_2 4_1 4_3 4_4 5_10 5_2 5_3 5_4 5_7 6_10 6_12 6_4 7_4 7_5,2_11 4_11,0.538462,0.538462,,0.428571,0.538462,0.538462,0.481481,0.481481,0.081081,0.538462
2025-08-06,ET,4,0.500000,0.100000,5_1 7_9,0_9 2_9 3_11 3_12 3_13 3_2 3_3 4_0 4_1 4_13 4_2 4_3 4_4 5_3 6_12 6_4 7_5 7_6,2_11 4_11,0.538462,0.666667,0.428571,,0.538462,0.666667,0.481481,0.666667,0.052632,0.538462
2025-08-06,B5: B2+B3,4,0.500000,0.100000,5_1 7_9,1_10 1_11 2_10 2_9 3_11 3_12 3_13 3_14 3_2 3_3 4_1 4_3 4_4 5_2 6_10 6_12 6_4 7_6,2_11 4_11,0.904762,0.666667,0.538462,0.538462,,0.666667,0.818182,0.666667,0.081081,0.904762
2025-08-06,B4: B1+B3,4,0.500000,0.100000,5_1 7_9,0_9 1_10 2_10 2_9 3_11 3_12 3_13 3_2 3_3 4_1 4_3 4_4 5_3 6_10 6_4 7_5 7_6 8_9,2_11 4_11,0.666667,0.666667,0.538462,0.666667,0.666667,,0.538462,0.904762,0.052632,0.666667
2025-08-06,B2: Recent MA,4,0.500000,0.100000,5_1 7_9,1_10 1_11 2_9 3_12 3_13 3_14 3_2 3_3 4_1 4_3 4_4 5_2 6_10 6_12 6_4 6_5 7_6 8_11,2_11 4_11,0.739130,0.538462,0.481481,0.481481,0.818182,0.538462,,0.538462,0.081081,0.739130
2025-08-06,B3: DoY season,4,0.500000,0.100000,5_1 7_9,0_9 1_10 2_10 2_9 3_11 3_12 3_13 3_2 3_3 4_1 4_2 4_3 4_4 5_3 6_10 6_4 7_6 8_9,2_11 4_11,0.666667,0.666667,0.481481,0.666667,0.666667,0.904762,0.538462,,0.052632,0.666667
2025-08-06,B0: Random,4,0.000000,0.000000,,0_13 0_4 1_11 1_14 1_2 2_14 2_6 2_9 3_8 3_9 5_4 5_7 5_8 6_2 7_11 7_14 7_4 7_6 7_8 8_12,2_11 4_11 5_1 7_9,0.052632,0.052632,0.081081,0.052632,0.081081,0.052632,0.081081,0.052632,,0.081081
2025-08-07,GLM-Logit,6,0.500000,0.150000,1_10 4_4 5_1,1_11 2_10 2_9 3_11 3_12 3_13 3_2 3_3 4_1 4_3 5_2 5_3 6_10 6_12 6_4 7_6 7_9,1_4 7_13 8_7,0.904762,0.739130,0.739130,0.600000,0.904762,0.739130,0.739130,0.666667,0.111111,
2025-08-07,HierBayes,6,0.500000,0.150000,1_10 4_4 5_1,1_11 2_10 2_9 3_11 3_12 3_13 3_14 3_2 3_3 4_1 4_3 5_2 6_10 6_12 6_4 7_6 7_9,1_4 7_13 8_7,,0.666667,0.666667,0.538462,1.000000,0.666667,0.818182,0.600000,0.111111,0.904762
2025-08-07,B1: Static prior,6,0.500000,0.150000,1_10 4_4 5_1,2_10 2_9 3_10 3_11 3_12 3_13 3_3 4_1 4_2 4_3 5_2 5_3 6_12 6_4 7_5 7_6 7_9,1_4 7_13 8_7,0.666667,,0.600000,0.666667,0.666667,0.739130,0.538462,0.600000,0.081081,0.739130
2025-08-07,TTM,6,0.500000,0.150000,1_10 4_4 5_1,1_11 2_10 2_9 3_12 3_13 3_2 4_1 4_3 5_2 5_3 5_4 6_10 6_12 6_4 7_4 7_5 7_9,1_4 7_13 8_7,0.666667,0.600000,,0.481481,0.666667,0.600000,0.600000,0.600000,0.081081,0.739130
2025-08-07,ET,6,0.333333,0.100000,4_4 5_1,0_9 2_9 3_11 3_12 3_13 3_2 3_3 4_0 4_1 4_13 4_2 4_3 5_3 6_12 6_4 7_5 7_6 7_9,1_10 1_4 7_13 8_7,0.538462,0.666667,0.481481,,0.538462,0.666667,0.481481,0.600000,0.052632,0.600000
2025-08-07,B5: B2+B3,6,0.500000,0.150000,1_10 4_4 5_1,1_11 2_10 2_9 3_11 3_12 3_13 3_14 3_2 3_3 4_1 4_3 5_2 6_10 6_12 6_4 7_6 7_9,1_4 7_13 8_7,1.000000,0.666667,0.666667,0.538462,,0.666667,0.818182,0.600000,0.111111,0.904762
2025-08-07,B4: B1+B3,6,0.500000,0.150000,1_10 4_4 5_1,2_10 2_9 3_11 3_12 3_13 3_2 3_3 4_1 4_2 4_3 5_3 6_10 6_4 7_5 7_6 7_9 8_9,1_4 7_13 8_7,0.666667,0.739130,0.600000,0.666667,0.666667,,0.538462,0.818182,0.081081,0.739130
2025-08-07,B2: Recent MA,6,0.500000,0.150000,1_10 4_4 5_1,1_11 2_9 3_12 3_13 3_14 3_2 3_3 4_1 4_3 5_2 6_10 6_12 6_4 6_5 7_6 7_9 8_11,1_4 7_13 8_7,0.818182,0.538462,0.600000,0.481481,0.818182,0.538462,,0.538462,0.081081,0.739130
2025-08-07,B3: DoY season,6,0.500000,0.150000,1_10 4_4 5_1,2_10 2_9 3_12 3_13 3_2 3_3 4_0 4_1 4_3 5_10 5_3 6_10 6_4 7_5 7_6 7_9 8_9,1_4 7_13 8_7,0.600000,0.600000,0.600000,0.600000,0.600000,0.818182,0.538462,,0.081081,0.666667
2025-08-07,B0: Random,6,0.166667,0.050000,4_4,0_10 0_4 0_7 1_11 1_7 2_10 2_15 2_5 2_7 3_1 3_8 4_14 4_5 5_9 6_2 7_10 7_3 7_6 7_8,1_10 1_4 5_1 7_13 8_7,0.111111,0.081081,0.081081,0.052632,0.111111,0.081081,0.081081,0.081081,,0.111111
2025-08-08,GLM-Logit,10,0.600000,0.300000,1_11 3_14 3_2 4_4 5_2 6_4,1_10 2_10 2_9 3_11 3_12 3_13 3_3 4_1 4_3 5_1 6_10 6_12 7_6 7_9,4_5 6_5 7_8 8_6,1.000000,0.666667,0.600000,0.538462,1.000000,0.666667,0.818182,0.538462,0.025641,
2025-08-08,HierBayes,10,0.600000,0.300000,1_11 3_14 3_2 4_4 5_2 6_4,1_10 2_10 2_9 3_11 3_12 3_13 3_3 4_1 4_3 5_1 6_10 6_12 7_6 7_9,4_5 6_5 7_8 8_6,,0.666667,0.600000,0.538462,1.000000,0.666667,0.818182,0.538462,0.025641,1.000000
2025-08-08,B1: Static prior,10,0.300000,0.150000,4_4 5_2 6_4,1_10 2_10 2_9 3_10 3_11 3_12 3_13 3_3 4_1 4_2 4_3 5_1 5_3 6_12 7_5 7_6 7_9,1_11 3_14 3_2 4_5 6_5 7_8 8_6,0.666667,,0.600000,0.666667,0.666667,0.739130,0.538462,0.600000,0.052632,0.666667
2025-08-08,TTM,10,0.400000,0.200000,1_11 3_2 5_2 6_4,1_10 2_10 2_11 2_9 3_12 3_13 4_1 4_2 4_3 5_1 5_3 6_10 6_12 7_4 7_5 7_9,3_14 4_4 4_5 6_5 7_8 8_6,0.600000,0.600000,,0.481481,0.600000,0.666667,0.538462,0.600000,0.052632,0.600000
2025-08-08,ET,10,0.300000,0.150000,3_2 4_4 6_4,0_9 2_9 3_11 3_12 3_13 3_3 4_0 4_1 4_13 4_2 4_3 5_1 5_3 6_12 7_5 7_6 7_9,1_11 3_14 4_5 5_2 6_5 7_8 8_6,0.538462,0.666667,0.481481,,0.538462,0.600000,0.481481,0.600000,0.025641,0.538462
2025-08-08,B5: B2+B3,10,0.600000,0.300000,1_11 3_14 3_2 4_4 5_2 6_4,1_10 2_10 2_9 3_11 3_12 3_13 3_3 4_1 4_3 5_1 6_10 6_12 7_6 7_9,4_5 6_5 7_8 8_6,1.000000,0.666667,0.600000,0.538462,,0.666667,0.818182,0.538462,0.025641,1.000000
2025-08-08,B4: B1+B3,10,0.400000,0.200000,3_2 4_4 5_2 6_4,1_10 2_10 2_9 3_12 3_13 3_3 4_1 4_2 4_3 5_1 5_3 6_10 7_5 7_6 7_9 8_9,1_11 3_14 4_5 6_5 7_8 8_6,0.666667,0.739130,0.666667,0.600000,0.666667,,0.538462,0.818182,0.025641,0.666667
2025-08-08,B2: Recent MA,10,0.700000,0.350000,1_11 3_14 3_2 4_4 5_2 6_4 6_5,1_10 2_9 3_11 3_12 3_13 4_1 4_3 5_1 6_10 6_12 7_6 7_9 8_11,4_5 7_8 8_6,0.818182,0.538462,0.538462,0.481481,0.818182,0.538462,,0.538462,0.025641,0.818182
2025-08-08,B3: DoY season,10,0.400000,0.200000,3_2 4_4 5_2 6_4,1_10 2_9 3_12 3_13 4_0 4_1 4_2 4_3 5_1 5_10 5_3 6_10 7_5 7_6 7_9 8_9,1_11 3_14 4_5 6_5 7_8 8_6,0.538462,0.600000,0.600000,0.600000,0.538462,0.818182,0.538462,,0.025641,0.538462
2025-08-08,B0: Random,10,0.100000,0.050000,6_4,0_0 0_10 0_7 1_13 1_2 2_11 2_3 3_10 3_4 3_6 5_14 5_5 6_3 7_0 7_1 7_11 7_14 8_1 8_13,1_11 3_14 3_2 4_4 4_5 5_2 6_5 7_8 8_6,0.025641,0.052632,0.052632,0.025641,0.025641,0.025641,0.025641,0.025641,,0.025641
2025-08-09,GLM-Logit,4,0.500000,0.100000,1_11 4_1,1_10 2_10 2_9 3_11 3_12 3_13 3_14 3_2 3_3 4_3 4_4 5_1 5_2 6_10 6_12 6_4 7_6 7_9,7_10 7_5,0.904762,0.666667,0.538462,0.538462,0.904762,0.600000,0.739130,0.600000,0.111111,
2025-08-09,HierBayes,4,0.500000,0.100000,1_11 4_1,1_10 2_10 2_9 3_12 3_13 3_14 3_2 3_3 4_3 4_4 5_1 5_2 6_10 6_11 6_12 6_4 7_6 7_9,7_10 7_5,,0.600000,0.538462,0.481481,0.904762,0.600000,0.739130,0.600000,0.111111,0.904762
2025-08-09,B1: Static prior,4,0.500000,0.100000,4_1 7_5,1_10 2_10 2_9 3_10 3_11 3_12 3_13 3_3 4_2 4_3 4_4 5_1 5_2 5_3 6_12 6_4 7_6 7_9,1_11 7_10,0.600000,,0.600000,0.666667,0.600000,0.666667,0.481481,0.666667,0.081081,0.666667
2025-08-09,TTM,4,0.500000,0.100000,4_1 7_5,1_10 2_10 3_12 3_13 3_2 4_2 4_3 4_4 5_1 5_11 5_2 5_3 6_10 6_4 6_7 7_4 7_6 7_9,1_11 7_10,0.538462,0.600000,,0.481481,0.538462,0.666667,0.481481,0.666667,0.111111,0.538462
2025-08-09,ET,4,0.500000,0.100000,4_1 7_5,0_9 2_9 3_11 3_12 3_13 3_2 3_3 4_0 4_13 4_2 4_3 4_4 5_1 5_3 6_12 6_4 7_6 7_9,1_11 7_10,0.481481,0.666667,0.481481,,0.481481,0.600000,0.428571,0.600000,0.081081,0.538462
2025-08-09,B5: B2+B3,4,0.500000,0.100000,1_11 4_1,1_10 2_10 2_9 3_12 3_13 3_14 3_2 3_3 4_3 4_4 5_1 5_2 6_10 6_12 6_4 7_6 7_9 8_11,7_10 7_5,0.904762,0.600000,0.538462,0.481481,,0.600000,0.818182,0.600000,0.111111,0.904762
2025-08-09,B4: B1+B3,4,0.500000,0.100000,4_1 7_5,1_10 2_10 2_9 3_12 3_13 3_2 3_3 4_2 4_3 4_4 5_1 5_10 5_3 6_10 6_4 7_6 7_9 8_9,1_11 7_10,0.600000,0.666667,0.666667,0.600000,0.600000,,0.481481,1.000000,0.111111,0.600000
2025-08-09,B2: Recent MA,4,0.500000,0.100000,1_11 4_1,1_10 2_9 3_12 3_13 3_14 3_2 4_3 4_4 5_1 5_2 6_10 6_12 6_4 6_5 7_12 7_6 7_9 8_11,7_10 7_5,0.739130,0.481481,0.481481,0.428571,0.818182,0.481481,,0.481481,0.176471,0.739130
2025-08-09,B3: DoY season,4,0.500000,0.100000,4_1 7_5,1_10 2_10 2_9 3_12 3_13 3_2 3_3 4_2 4_3 4_4 5_1 5_10 5_3 6_10 6_4 7_6 7_9 8_9,1_11 7_10,0.600000,0.666667,0.666667,0.600000,0.600000,1.000000,0.481481,,0.111111,0.600000
2025-08-09,B0: Random,4,0.000000,0.000000,,0_0 0_14 2_1 2_7 3_14 3_15 3_9 4_6 5_1 5_10 5_11 5_13 6_0 6_4 6_5 7_0 7_12 7_6 7_7 7_8,1_11 4_1 7_10 7_5,0.111111,0.081081,0.111111,0.081081,0.111111,0.111111,0.176471,0.111111,,0.111111
2025-08-10,GLM-Logit,3,0.666667,0.100000,4_1 4_4,1_10 1_11 2_10 2_9 3_10 3_12 3_13 3_14 3_2 3_3 4_3 5_1 5_2 6_10 6_12 6_4 7_6 7_9,5_10,0.904762,0.666667,0.538462,0.481481,0.904762,0.739130,0.739130,0.481481,0.111111,
2025-08-10,HierBayes,3,0.666667,0.100000,4_1 4_4,1_10 1_11 2_10 2_9 3_12 3_13 3_14 3_2 3_3 4_3 5_1 5_2 6_10 6_11 6_12 6_4 7_6 7_9,5_10,,0.600000,0.538462,0.481481,0.904762,0.739130,0.739130,0.481481,0.111111,0.904762
2025-08-10,B1: Static prior,3,0.666667,0.100000,4_1 4_4,1_10 2_10 2_9 3_10 3_11 3_12 3_13 3_3 4_2 4_3 5_1 5_2 5_3 6_12 6_4 7_5 7_6 7_9,5_10,0.600000,,0.739130,0.666667,0.600000,0.739130,0.481481,0.538462,0.142857,0.666667
2025-08-10,TTM,3,0.666667,0.100000,4_1 4_4,1_10 2_10 2_9 3_12 3_13 3_3 4_2 4_3 5_1 5_11 5_2 5_3 6_4 6_7 7_4 7_5 7_6 7_9,5_10,0.538462,0.739130,,0.538462,0.538462,0.666667,0.428571,0.538462,0.081081,0.538462
2025-08-10,ET,3,0.666667,0.100000,4_1 4_4,0_9 2_9 3_11 3_12 3_13 3_2 3_3 4_0 4_13 4_2 4_3 5_1 5_3 6_12 6_4 7_5 7_6 7_9,5_10,0.481481,0.666667,0.538462,,0.481481,0.600000,0.428571,0.538462,0.142857,0.481481
2025-08-10,B5: B2+B3,3,0.666667,0.100000,4_1 4_4,1_10 1_11 2_10 2_9 3_12 3_13 3_14 3_2 3_3 4_3 5_1 5_2 6_10 6_12 6_4 6_5 7_6 7_9,5_10,0.904762,0.600000,0.538462,0.481481,,0.739130,0.818182,0.481481,0.081081,0.904762
2025-08-10,B4: B1+B3,3,1.000000,0.150000,4_1 4_4 5_10,1_10 2_10 2_9 3_12 3_13 3_2 3_3 4_3 5_1 5_2 5_3 6_10 6_12 6_4 7_5 7_6 7_9,,0.739130,0.739130,0.666667,0.600000,0.739130,,0.600000,0.666667,0.111111,0.739130
2025-08-10,B2: Recent MA,3,0.666667,0.100000,4_1 4_4,1_10 1_11 2_9 3_12 3_13 3_14 3_2 4_3 5_1 5_2 6_10 6_12 6_4 6_5 7_12 7_6 7_9 8_11,5_10,0.739130,0.481481,0.428571,0.428571,0.818182,0.600000,,0.481481,0.111111,0.739130
2025-08-10,B3: DoY season,3,1.000000,0.150000,4_1 4_4 5_10,1_10 2_9 3_12 3_13 3_2 3_4 4_2 4_3 5_1 5_3 5_5 5_7 6_10 6_4 7_5 7_6 7_9,,0.481481,0.538462,0.538462,0.538462,0.481481,0.666667,0.481481,,0.081081,0.481481
2025-08-10,B0: Random,3,0.333333,0.050000,4_1,0_10 1_15 2_7 2_9 3_10 4_0 4_14 5_15 6_11 6_12 6_2 6_6 7_0 7_12 7_5 8_10 8_13 8_3 8_5,4_4 5_10,0.111111,0.142857,0.081081,0.142857,0.081081,0.111111,0.111111,0.081081,,0.111111
2025-08-11,GLM-Logit,4,0.750000,0.150000,3_13 3_14 5_1,1_10 1_11 2_10 2_9 3_10 3_12 3_2 3_3 4_1 4_3 4_4 5_2 6_10 6_12 6_4 7_6 7_9,5_3,0.904762,0.666667,0.538462,0.481481,0.904762,0.739130,0.818182,0.538462,0.025641,
2025-08-11,HierBayes,4,0.750000,0.150000,3_13 3_14 5_1,1_10 1_11 2_10 2_9 3_12 3_2 3_3 4_1 4_3 4_4 5_2 6_10 6_11 6_12 6_4 7_6 7_9,5_3,,0.600000,0.481481,0.481481,0.904762,0.666667,0.818182,0.538462,0.025641,0.904762
2025-08-11,B1: Static prior,4,0.750000,0.150000,3_13 5_1 5_3,1_10 2_10 2_9 3_10 3_11 3_12 3_3 4_1 4_2 4_3 4_4 5_2 6_12 6_4 7_5 7_6 7_9,3_14,0.600000,,0.739130,0.666667,0.600000,0.739130,0.538462,0.538462,0.052632,0.666667
2025-08-11,TTM,4,0.750000,0.150000,3_13 5_1 5_3,1_10 2_10 2_2 2_9 3_10 3_12 3_3 4_1 4_2 4_3 4_4 5_2 6_4 6_7 7_4 7_5 7_9,3_14,0.481481,0.739130,,0.481481,0.481481,0.666667,0.428571,0.481481,0.052632,0.538462
2025-08-11,ET,4,0.750000,0.150000,3_13 5_1 5_3,0_9 2_9 3_11 3_12 3_2 3_3 4_0 4_1 4_13 4_2 4_3 4_4 6_12 6_4 7_5 7_6 7_9,3_14,0.481481,0.666667,0.481481,,0.481481,0.538462,0.481481,0.481481,0.052632,0.481481
2025-08-11,B5: B2+B3,4,0.750000,0.150000,3_13 3_14 5_1,1_10 1_11 2_10 2_9 3_12 3_2 3_3 4_1 4_3 4_4 5_2 6_10 6_12 6_4 6_5 7_6 7_9,5_3,0.904762,0.600000,0.481481,0.481481,,0.666667,0.904762,0.538462,0.052632,0.904762
2025-08-11,B4: B1+B3,4,0.750000,0.150000,3_13 5_1 5_3,1_10 2_10 2_9 3_10 3_12 3_2 3_3 4_1 4_3 4_4 5_10 5_2 6_10 6_4 7_5 7_6 7_9,3_14,0.666667,0.739130,0.666667,0.538462,0.666667,,0.600000,0.739130,0.025641,0.739130
2025-08-11,B2: Recent MA,4,0.750000,0.150000,3_13 3_14 5_1,1_10 1_11 2_9 3_12 3_2 3_3 4_1 4_3 4_4 5_2 6_10 6_12 6_4 6_5 7_6 7_9 8_11,5_3,0.818182,0.538462,0.428571,0.481481,0.904762,0.600000,,0.538462,0.052632,0.818182
2025-08-11,B3: DoY season,4,0.750000,0.150000,3_13 5_1 5_3,1_10 2_9 3_12 3_2 3_4 4_1 4_3 4_4 5_10 5_2 5_5 5_7 6_10 6_4 7_5 7_6 7_9,3_14,0.538462,0.538462,0.481481,0.481481,0.538462,0.739130,0.538462,,0.052632,0.538462
2025-08-11,B0: Random,4,0.000000,0.000000,,0_1 0_6 1_3 1_9 2_3 2_4 2_8 3_12 3_8 4_2 4_9 5_11 5_13 5_5 6_5 7_12 7_13 8_15 8_3 8_7,3_13 3_14 5_1 5_3,0.025641,0.052632,0.052632,0.052632,0.052632,0.025641,0.052632,0.052632,,0.025641
2025-08-12,GLM-Logit,5,0.200000,0.050000,4_4,1_10 1_11 2_10 2_9 3_10 3_12 3_13 3_14 3_2 3_3 4_1 4_3 5_1 5_2 6_10 6_12 6_4 7_6 7_9,3_7 4_6 5_5 7_4,0.904762,0.666667,0.600000,0.481481,0.904762,0.739130,0.818182,0.666667,0.052632,
2025-08-12,HierBayes,5,0.200000,0.050000,4_4,1_10 1_11 2_10 2_9 3_12 3_13 3_14 3_2 3_3 4_1 4_3 5_1 5_2 6_10 6_11 6_12 6_4 7_6 7_9,3_7 4_6 5_5 7_4,,0.600000,0.538462,0.481481,0.904762,0.666667,0.818182,0.600000,0.052632,0.904762
2025-08-12,B1: Static prior,5,0.200000,0.050000,4_4,1_10 2_10 2_9 3_10 3_11 3_12 3_13 3_3 4_1 4_2 4_3 5_1 5_2 5_3 6_12 6_4 7_5 7_6 7_9,3_7 4_6 5_5 7_4,0.600000,,0.818182,0.666667,0.600000,0.739130,0.538462,0.666667,0.052632,0.666667
2025-08-12,TTM,5,0.400000,0.100000,4_4 7_4,1_10 2_10 3_10 3_12 3_13 3_3 4_1 4_2 4_3 5_1 5_2 5_3 6_12 6_4 7_5 7_6 7_8 7_9,3_7 4_6 5_5,0.538462,0.818182,,0.538462,0.538462,0.666667,0.481481,0.600000,0.081081,0.600000
2025-08-12,ET,5,0.200000,0.050000,4_4,0_9 2_9 3_11 3_12 3_13 3_2 3_3 4_0 4_1 4_13 4_2 4_3 5_1 5_3 6_12 6_4 7_5 7_6 7_9,3_7 4_6 5_5 7_4,0.481481,0.666667,0.538462,,0.481481,0.538462,0.481481,0.538462,0.052632,0.481481
2025-08-12,B5: B2+B3,5,0.200000,0.050000,4_4,1_10 1_11 2_10 2_9 3_12 3_13 3_14 3_2 3_3 4_1 4_3 5_1 5_2 6_10 6_12 6_4 6_5 7_6 7_9,3_7 4_6 5_5 7_4,0.904762,0.600000,0.538462,0.481481,,0.666667,0.904762,0.600000,0.052632,0.904762
2025-08-12,B4: B1+B3,5,0.200000,0.050000,4_4,1_10 2_10 2_9 3_10 3_12 3_13 3_2 3_3 4_1 4_3 5_1 5_10 5_2 5_3 6_10 6_4 7_5 7_6 7_9,3_7 4_6 5_5 7_4,0.666667,0.739130,0.666667,0.538462,0.666667,,0.600000,0.904762,0.052632,0.739130
2025-08-12,B2: Recent MA,5,0.200000,0.050000,4_4,1_10 1_11 2_9 3_12 3_13 3_14 3_2 3_3 4_1 4_3 5_1 5_2 6_10 6_12 6_4 6_5 7_6 7_9 8_11,3_7 4_6 5_5 7_4,0.818182,0.538462,0.481481,0.481481,0.904762,0.600000,,0.600000,0.052632,0.818182
2025-08-12,B3: DoY season,5,0.200000,0.050000,4_4,1_10 1_8 2_9 3_10 3_12 3_13 3_2 3_3 4_1 4_3 5_1 5_10 5_2 5_3 6_10 6_4 7_5 7_6 7_9,3_7 4_6 5_5 7_4,0.600000,0.666667,0.600000,0.538462,0.600000,0.904762,0.600000,,0.081081,0.666667
2025-08-12,B0: Random,5,0.000000,0.000000,,0_12 1_4 1_5 1_7 1_8 2_1 3_0 3_1 3_12 3_5 4_1 4_7 5_0 6_8 7_14 7_3 7_8 8_10 8_13 8_9,3_7 4_4 4_6 5_5 7_4,0.052632,0.052632,0.081081,0.052632,0.052632,0.052632,0.052632,0.081081,,0.052632
2025-08-13,GLM-Logit,7,0.428571,0.150000,6_12 6_4 7_9,1_10 1_11 2_10 2_9 3_10 3_12 3_13 3_14 3_2 3_3 4_1 4_3 4_4 5_1 5_2 6_10 7_6,4_14 4_7 5_10 5_5,0.904762,0.666667,0.666667,0.481481,0.904762,0.818182,0.818182,0.666667,0.081081,
2025-08-13,HierBayes,7,0.428571,0.150000,6_12 6_4 7_9,1_10 1_11 2_10 2_9 3_10 3_12 3_13 3_14 3_2 3_3 4_1 4_3 4_4 5_1 5_2 6_11 7_6,4_14 4_7 5_10 5_5,,0.666667,0.666667,0.481481,0.818182,0.739130,0.818182,0.600000,0.052632,0.904762
2025-08-13,B1: Static prior,7,0.428571,0.150000,6_12 6_4 7_9,1_10 2_10 2_9 3_10 3_11 3_12 3_13 3_3 4_1 4_2 4_3 4_4 5_1 5_2 5_3 7_5 7_6,4_14 4_7 5_10 5_5,0.666667,,0.666667,0.666667,0.600000,0.818182,0.600000,0.666667,0.111111,0.666667
2025-08-13,TTM,7,0.428571,0.150000,6_12 6_4 7_9,1_10 1_11 2_10 3_12 3_13 3_2 3_3 4_1 4_3 4_4 5_1 5_2 5_3 6_7 7_4 7_5 7_6,4_14 4_7 5_10 5_5,0.666667,0.666667,,0.538462,0.666667,0.739130,0.666667,0.600000,0.111111,0.666667
2025-08-13,ET,7,0.428571,0.150000,6_12 6_4 7_9,0_9 2_9 3_11 3_12 3_13 3_2 3_3 4_0 4_1 4_13 4_2 4_3 4_4 5_1 5_3 7_5 7_6,4_14 4_7 5_10 5_5,0.481481,0.666667,0.538462,,0.481481,0.600000,0.481481,0.538462,0.081081,0.481481
2025-08-13,B5: B2+B3,7,0.428571,0.150000,6_12 6_4 7_9,1_10 1_11 2_10 2_9 3_12 3_13 3_14 3_2 3_3 4_1 4_3 4_4 5_1 5_2 6_10 6_5 7_6,4_14 4_7 5_10 5_5,0.818182,0.600000,0.666667,0.481481,,0.739130,0.904762,0.600000,0.081081,0.904762
2025-08-13,B4: B1+B3,7,0.428571,0.150000,6_12 6_4 7_9,1_10 2_10 2_9 3_10 3_12 3_13 3_2 3_3 4_1 4_3 4_4 5_1 5_2 5_3 6_10 7_5 7_6,4_14 4_7 5_10 5_5,0.739130,0.818182,0.739130,0.600000,0.739130,,0.666667,0.818182,0.111111,0.818182
2025-08-13,B2: Recent MA,7,0.428571,0.150000,6_12 6_4 7_9,1_10 1_11 2_10 2_9 3_12 3_13 3_14 3_2 3_3 4_1 4_3 4_4 5_1 5_2 6_5 7_6 8_11,4_14 4_7 5_10 5_5,0.818182,0.600000,0.666667,0.481481,0.904762,0.666667,,0.538462,0.081081,0.818182
2025-08-13,B3: DoY season,7,0.571429,0.200000,5_10 5_5 6_4 7_9,1_10 2_9 3_10 3_12 3_13 3_2 3_3 4_1 4_3 4_4 5_1 5_2 5_3 6_10 7_5 7_6,4_14 4_7 6_12,0.600000,0.666667,0.600000,0.538462,0.600000,0.818182,0.538462,,0.111111,0.666667
2025-08-13,B0: Random,7,0.142857,0.050000,5_5,0_11 1_6 2_10 2_14 3_0 3_15 4_2 5_1 5_11 6_10 6_3 6_7 6_9 7_10 7_15 7_5 8_1 8_11 8_6,4_14 4_7 5_10 6_12 6_4 7_9,0.052632,0.111111,0.111111,0.081081,0.081081,0.111111,0.081081,0.111111,,0.081081
2025-08-14,GLM-Logit,8,0.875000,0.350000,1_11 2_10 3_12 3_14 3_2 6_10 6_4,1_10 2_9 3_10 3_13 3_3 4_1 4_3 4_4 5_1 5_2 6_12 7_6 7_9,7_13,0.904762,0.666667,0.600000,0.481481,0.904762,0.818182,0.818182,0.600000,0.081081,
2025-08-14,HierBayes,8,0.750000,0.300000,1_11 2_10 3_12 3_14 3_2 6_4,1_10 2_9 3_10 3_13 3_3 4_1 4_3 4_4 5_1 5_2 6_11 6_12 7_6 7_9,6_10 7_13,,0.666667,0.666667,0.481481,0.818182,0.739130,0.818182,0.538462,0.081081,0.904762
2025-08-14,B1: Static prior,8,0.375000,0.150000,2_10 3_12 6_4,1_10 2_9 3_10 3_11 3_13 3_3 4_1 4_2 4_3 4_4 5_1 5_2 5_3 6_12 7_5 7_6 7_9,1_11 3_14 3_2 6_10 7_13,0.666667,,0.666667,0.666667,0.600000,0.818182,0.600000,0.666667,0.081081,0.666667
2025-08-14,TTM,8,0.500000,0.200000,2_10 3_12 3_2 6_4,1_10 2_9 3_10 3_13 4_1 4_3 4_4 5_1 5_2 5_3 6_11 6_12 6_7 7_4 7_5 7_9,1_11 3_14 6_10 7_13,0.666667,0.666667,,0.481481,0.538462,0.739130,0.538462,0.600000,0.081081,0.600000
2025-08-14,ET,8,0.375000,0.150000,3_12 3_2 6_4,0_9 2_9 3_11 3_13 3_3 4_0 4_1 4_13 4_2 4_3 4_4 5_1 5_3 6_12 7_5 7_6 7_9,1_11 2_10 3_14 6_10 7_13,0.481481,0.666667,0.481481,,0.481481,0.600000,0.481481,0.538462,0.081081,0.481481
2025-08-14,B5: B2+B3,8,0.875000,0.350000,1_11 2_10 3_12 3_14 3_2 6_10 6_4,1_10 2_9 3_13 3_3 4_1 4_3 4_4 5_1 5_2 6_12 6_5 7_6 7_9,7_13,0.818182,0.600000,0.538462,0.481481,,0.739130,0.904762,0.538462,0.081081,0.904762
2025-08-14,B4: B1+B3,8,0.625000,0.250000,2_10 3_12 3_2 6_10 6_4,1_10 2_9 3_10 3_13 3_3 4_1 4_3 4_4 5_1 5_2 5_3 6_12 7_5 7_6 7_9,1_11 3_14 7_13,0.739130,0.818182,0.739130,0.600000,0.739130,,0.666667,0.739130,0.081081,0.818182
2025-08-14,B2: Recent MA,8,0.750000,0.300000,1_11 2_10 3_12 3_14 3_2 6_4,1_10 2_9 3_13 3_3 4_1 4_3 4_4 5_1 5_2 6_12 6_5 7_6 7_9 8_11,6_10 7_13,0.818182,0.600000,0.538462,0.481481,0.904762,0.666667,,0.481481,0.081081,0.818182
2025-08-14,B3: DoY season,8,0.500000,0.200000,3_12 3_2 6_10 6_4,1_10 1_8 2_9 3_10 3_13 4_1 4_2 4_3 4_4 5_1 5_2 5_3 5_5 7_5 7_6 7_9,1_11 2_10 3_14 7_13,0.538462,0.666667,0.600000,0.538462,0.538462,0.739130,0.481481,,0.081081,0.600000
2025-08-14,B0: Random,8,0.125000,0.050000,3_12,0_13 0_2 0_8 1_1 1_15 1_2 1_4 2_0 2_11 2_13 2_3 4_15 4_4 5_0 5_1 5_12 6_9 7_11 8_12,1_11 2_10 3_14 3_2 6_10 6_4 7_13,0.081081,0.081081,0.081081,0.081081,0.081081,0.081081,0.081081,0.081081,,0.081081
2025-08-15,GLM-Logit,7,0.714286,0.250000,2_9 3_12 3_13 5_1 7_9,1_10 1_11 2_10 3_10 3_14 3_2 3_3 4_1 4_3 4_4 5_2 6_10 6_12 6_4 7_6,2_12 8_10,0.904762,0.666667,0.538462,0.481481,0.818182,0.739130,0.818182,0.666667,0.025641,
2025-08-15,HierBayes,7,0.714286,0.250000,2_9 3_12 3_13 5_1 7_9,1_10 1_11 2_10 3_14 3_2 3_3 4_1 4_3 4_4 5_2 6_10 6_11 6_12 6_4 7_6,2_12 8_10,,0.600000,0.481481,0.481481,0.818182,0.666667,0.818182,0.600000,0.025641,0.904762
2025-08-15,B1: Static prior,7,0.714286,0.250000,2_9 3_12 3_13 5_1 7_9,1_10 2_10 3_10 3_11 3_3 4_1 4_2 4_3 4_4 5_2 5_3 6_12 6_4 7_5 7_6,2_12 8_10,0.600000,,0.600000,0.666667,0.538462,0.818182,0.538462,0.739130,0.025641,0.666667
2025-08-15,TTM,7,0.571429,0.200000,2_9 3_13 5_1 7_9,1_10 2_10 3_10 3_3 4_0 4_1 4_3 4_4 5_2 5_3 5_4 6_10 6_4 6_7 7_4 7_5,2_12 3_12 8_10,0.481481,0.600000,,0.428571,0.428571,0.666667,0.428571,0.600000,0.025641,0.538462
2025-08-15,ET,7,0.714286,0.250000,2_9 3_12 3_13 5_1 7_9,0_9 3_11 3_2 3_3 4_0 4_1 4_13 4_2 4_3 4_4 5_3 6_12 6_4 7_5 7_6,2_12 8_10,0.481481,0.666667,0.428571,,0.428571,0.600000,0.428571,0.600000,0.025641,0.481481
2025-08-15,B5: B2+B3,7,0.714286,0.250000,2_9 3_12 3_13 5_1 7_9,1_10 1_11 2_10 3_14 3_2 4_1 4_3 4_4 5_2 6_10 6_12 6_4 6_5 7_13 7_6,2_12 8_10,0.818182,0.538462,0.428571,0.428571,,0.600000,0.904762,0.600000,0.025641,0.818182
2025-08-15,B4: B1+B3,7,0.714286,0.250000,2_9 3_12 3_13 5_1 7_9,1_10 2_10 3_10 3_2 3_3 4_1 4_2 4_3 4_4 5_2 5_3 6_10 6_12 6_4 7_5,2_12 8_10,0.666667,0.818182,0.666667,0.600000,0.600000,,0.600000,0.904762,0.025641,0.739130
2025-08-15,B2: Recent MA,7,0.714286,0.250000,2_9 3_12 3_13 5_1 7_9,1_10 1_11 2_10 3_14 3_2 4_1 4_3 4_4 5_2 6_10 6_12 6_4 6_5 7_12 7_6,2_12 8_10,0.818182,0.538462,0.428571,0.428571,0.904762,0.600000,,0.538462,0.025641,0.818182
2025-08-15,B3: DoY season,7,0.714286,0.250000,2_9 3_12 3_13 5_1 7_9,1_10 3_10 3_2 3_3 4_1 4_2 4_3 4_4 5_2 5_3 6_10 6_12 6_4 7_13 7_5,2_12 8_10,0.600000,0.739130,0.600000,0.600000,0.600000,0.904762,0.538462,,0.025641,0.666667
2025-08-15,B0: Random,7,0.142857,0.050000,3_13,0_7 1_13 1_3 1_6 2_1 2_11 2_15 2_2 2_3 2_4 3_0 4_11 4_9 5_0 5_10 5_5 6_6 7_10 8_8,2_12 2_9 3_12 5_1 7_9 8_10,0.025641,0.025641,0.025641,0.025641,0.025641,0.025641,0.025641,0.025641,,0.025641
2025-08-16,GLM-Logit,7,0.857143,0.300000,2_10 3_10 3_13 3_14 5_1 6_12,1_10 1_11 2_9 3_12 3_2 3_3 4_1 4_3 4_4 5_2 6_10 6_4 7_6 7_9,2_11,1.000000,0.666667,0.600000,0.481481,0.818182,0.666667,0.818182,0.600000,0.081081,
2025-08-16,HierBayes,7,0.857143,0.300000,2_10 3_10 3_13 3_14 5_1 6_12,1_10 1_11 2_9 3_12 3_2 3_3 4_1 4_3 4_4 5_2 6_10 6_4 7_6 7_9,2_11,,0.666667,0.600000,0.481481,0.818182,0.666667,0.818182,0.600000,0.081081,1.000000
2025-08-16,B1: Static prior,7,0.714286,0.250000,2_10 3_10 3_13 5_1 6_12,1_10 2_9 3_11 3_12 3_3 4_1 4_2 4_3 4_4 5_2 5_3 6_4 7_5 7_6 7_9,2_11 3_14,0.666667,,0.538462,0.666667,0.538462,0.904762,0.538462,0.666667,0.081081,0.666667
2025-08-16,TTM,7,0.428571,0.150000,2_10 3_13 5_1,1_10 1_11 2_9 3_12 3_2 3_3 4_1 4_13 4_3 5_2 5_3 6_10 6_4 7_4 7_5 7_7 7_9,2_11 3_10 3_14 6_12,0.600000,0.538462,,0.481481,0.538462,0.538462,0.538462,0.600000,0.052632,0.600000
2025-08-16,ET,7,0.428571,0.150000,3_13 5_1 6_12,0_9 2_9 3_11 3_12 3_2 3_3 4_0 4_1 4_13 4_2 4_3 4_4 5_3 6_4 7_5 7_6 7_9,2_10 2_11 3_10 3_14,0.481481,0.666667,0.481481,,0.428571,0.666667,0.428571,0.538462,0.052632,0.481481
2025-08-16,B5: B2+B3,7,0.714286,0.250000,2_10 3_13 3_14 5_1 6_12,1_10 1_11 2_9 3_12 3_2 4_1 4_3 4_4 5_2 6_10 6_4 6_5 7_13 7_6 7_9,2_11 3_10,0.818182,0.538462,0.538462,0.428571,,0.538462,0.904762,0.538462,0.111111,0.818182
2025-08-16,B4: B1+B3,7,0.571429,0.200000,3_10 3_13 5_1 6_12,1_10 2_9 3_11 3_12 3_3 4_1 4_2 4_3 4_4 5_2 5_3 6_10 6_4 7_5 7_6 7_9,2_10 2_11 3_14,0.666667,0.904762,0.538462,0.666667,0.538462,,0.538462,0.739130,0.081081,0.666667
2025-08-16,B2: Recent MA,7,0.714286,0.250000,2_10 3_13 3_14 5_1 6_12,1_10 1_11 2_9 3_12 3_2 4_1 4_3 4_4 5_2 6_10 6_4 6_5 7_12 7_6 7_9,2_11 3_10,0.818182,0.538462,0.538462,0.428571,0.904762,0.538462,,0.481481,0.111111,0.818182
2025-08-16,B3: DoY season,7,0.571429,0.200000,3_10 3_13 5_1 6_12,1_10 2_9 3_12 3_2 3_3 4_1 4_2 4_4 5_2 5_3 6_10 6_4 7_13 7_4 7_5 7_9,2_10 2_11 3_14,0.600000,0.666667,0.600000,0.538462,0.538462,0.739130,0.481481,,0.025641,0.600000
2025-08-16,B0: Random,7,0.142857,0.050000,2_11,0_10 0_7 1_10 1_13 1_3 1_6 2_2 2_3 4_3 5_10 5_4 5_5 6_5 6_6 7_6 8_15 8_5 8_7 8_8,2_10 3_10 3_13 3_14 5_1 6_12,0.081081,0.081081,0.052632,0.052632,0.111111,0.081081,0.111111,0.025641,,0.081081
2025-08-17,GLM-Logit,7,0.428571,0.150000,2_10 3_10 3_14,1_10 1_11 2_9 3_12 3_13 3_2 3_3 4_1 4_3 4_4 5_1 5_2 6_10 6_12 6_4 7_6 7_9,2_11 2_12 4_0 5_9,0.818182,0.666667,0.538462,0.481481,0.818182,0.666667,0.818182,0.600000,0.142857,
2025-08-17,HierBayes,7,0.428571,0.150000,2_10 3_10 3_14,1_10 1_11 2_9 3_12 3_13 3_2 3_3 4_1 4_3 4_4 5_1 5_2 6_11 6_12 6_4 6_5 7_9,2_11 2_12 4_0 5_9,,0.600000,0.481481,0.428571,0.904762,0.600000,0.904762,0.538462,0.142857,0.818182
2025-08-17,B1: Static prior,7,0.285714,0.100000,2_10 3_10,1_10 2_9 3_11 3_12 3_13 3_3 4_1 4_2 4_3 4_4 5_1 5_2 5_3 6_12 6_4 7_5 7_6 7_9,2_11 2_12 3_14 4_0 5_9,0.600000,,0.666667,0.666667,0.600000,0.818182,0.600000,0.666667,0.142857,0.666667
2025-08-17,TTM,7,0.142857,0.050000,2_10,1_10 2_2 2_9 3_12 3_13 3_3 4_1 4_2 4_3 4_4 5_1 5_2 5_3 6_10 6_4 7_4 7_5 7_7 7_9,2_11 2_12 3_10 3_14 4_0 5_9,0.481481,0.666667,,0.481481,0.481481,0.666667,0.481481,0.666667,0.111111,0.538462
2025-08-17,ET,7,0.142857,0.050000,4_0,0_9 2_9 3_11 3_12 3_13 3_2 3_3 4_1 4_13 4_2 4_3 4_4 5_1 5_3 6_12 6_4 7_5 7_6 7_9,2_10 2_11 2_12 3_10 3_14 5_9,0.428571,0.666667,0.481481,,0.428571,0.666667,0.428571,0.538462,0.111111,0.481481
2025-08-17,B5: B2+B3,7,0.428571,0.150000,2_10 3_10 3_14,1_10 1_11 2_9 3_12 3_13 3_2 3_3 4_1 4_3 4_4 5_1 5_2 6_12 6_4 6_5 7_12 7_9,2_11 2_12 4_0 5_9,0.904762,0.600000,0.481481,0.428571,,0.600000,1.000000,0.538462,0.142857,0.818182
2025-08-17,B4: B1+B3,7,0.142857,0.050000,3_10,1_10 2_9 3_11 3_12 3_13 3_2 3_3 4_1 4_2 4_3 4_4 5_1 5_2 5_3 6_10 6_12 6_4 7_5 7_9,2_10 2_11 2_12 3_14 4_0 5_9,0.600000,0.818182,0.666667,0.666667,0.600000,,0.600000,0.818182,0.111111,0.666667
2025-08-17,B2: Recent MA,7,0.428571,0.150000,2_10 3_10 3_14,1_10 1_11 2_9 3_12 3_13 3_2 3_3 4_1 4_3 4_4 5_1 5_2 6_12 6_4 6_5 7_12 7_9,2_11 2_12 4_0 5_9,0.904762,0.600000,0.481481,0.428571,1.000000,0.600000,,0.538462,0.142857,0.818182
2025-08-17,B3: DoY season,7,0.142857,0.050000,3_10,1_10 1_8 2_9 3_12 3_13 3_2 3_3 4_1 4_2 4_3 4_4 5_1 5_2 5_3 6_10 6_12 6_4 7_4 7_5,2_10 2_11 2_12 3_14 4_0 5_9,0.538462,0.666667,0.666667,0.538462,0.538462,0.818182,0.538462,,0.111111,0.600000
2025-08-17,B0: Random,7,0.285714,0.100000,2_10 2_11,0_12 0_13 0_3 0_9 1_12 1_14 2_5 3_0 3_6 4_1 4_11 4_4 5_2 5_6 5_8 6_12 7_2 8_9,2_12 3_10 3_14 4_0 5_9,0.142857,0.142857,0.111111,0.111111,0.142857,0.111111,0.142857,0.111111,,0.142857
2025-08-18,GLM-Logit,7,0.285714,0.100000,2_10 5_1,1_10 1_11 2_9 3_10 3_12 3_13 3_14 3_2 3_3 4_1 4_3 4_4 5_2 6_10 6_12 6_4 7_6 7_9,2_12 4_2 4_5 5_4 5_9,0.818182,0.666667,0.600000,0.481481,0.818182,0.600000,0.818182,0.538462,0.142857,
2025-08-18,HierBayes,7,0.285714,0.100000,2_10 5_1,1_10 1_11 2_11 2_9 3_10 3_12 3_13 3_14 3_2 3_3 4_1 4_3 4_4 5_2 6_12 6_4 6_5 7_9,2_12 4_2 4_5 5_4 5_9,,0.600000,0.481481,0.428571,0.904762,0.538462,0.904762,0.481481,0.176471,0.818182
2025-08-18,B1: Static prior,7,0.428571,0.150000,2_10 4_2 5_1,1_10 2_9 3_10 3_11 3_12 3_13 3_3 4_1 4_3 4_4 5_2 5_3 6_12 6_4 7_5 7_6 7_9,2_12 4_5 5_4 5_9,0.600000,,0.739130,0.666667,0.600000,0.739130,0.600000,0.666667,0.176471,0.666667
2025-08-18,TTM,7,0.428571,0.150000,2_10 4_2 5_1,1_10 2_9 3_12 3_13 3_3 4_1 4_3 4_4 5_2 5_3 6_10 6_4 7_4 7_5 7_6 7_8 7_9,2_12 4_5 5_4 5_9,0.481481,0.739130,,0.538462,0.481481,0.666667,0.481481,0.666667,0.176471,0.600000
2025-08-18,ET,7,0.285714,0.100000,4_2 5_1,0_9 2_9 3_11 3_12 3_13 3_2 3_3 4_0 4_1 4_13 4_3 4_4 5_3 6_12 6_4 7_5 7_6 7_9,2_10 2_12 4_5 5_4 5_9,0.428571,0.666667,0.538462,,0.428571,0.600000,0.428571,0.538462,0.142857,0.481481
2025-08-18,B5: B2+B3,7,0.285714,0.100000,2_10 5_1,1_10 1_11 2_9 3_10 3_12 3_13 3_14 3_2 3_3 4_1 4_3 4_4 5_2 6_12 6_4 6_5 7_12 7_9,2_12 4_2 4_5 5_4 5_9,0.904762,0.600000,0.481481,0.428571,,0.538462,1.000000,0.481481,0.142857,0.818182
2025-08-18,B4: B1+B3,7,0.285714,0.100000,4_2 5_1,1_10 2_9 3_10 3_11 3_12 3_13 3_2 3_3 4_1 4_4 5_2 5_3 6_10 6_12 6_4 7_4 7_5 7_9,2_10 2_12 4_5 5_4 5_9,0.538462,0.739130,0.666667,0.600000,0.538462,,0.538462,0.904762,0.176471,0.600000
2025-08-18,B2: Recent MA,7,0.285714,0.100000,2_10 5_1,1_10 1_11 2_9 3_10 3_12 3_13 3_14 3_2 3_3 4_1 4_3 4_4 5_2 6_12 6_4 6_5 7_12 7_9,2_12 4_2 4_5 5_4 5_9,0.904762,0.600000,0.481481,0.428571,1.000000,0.538462,,0.481481,0.142857,0.818182
2025-08-18,B3: DoY season,7,0.285714,0.100000,4_2 5_1,1_10 2_9 3_10 3_11 3_12 3_13 3_2 3_3 4_1 4_4 5_2 5_3 6_10 6_4 7_13 7_4 7_5 7_9,2_10 2_12 4_5 5_4 5_9,0.481481,0.666667,0.666667,0.538462,0.481481,0.904762,0.481481,,0.176471,0.538462
2025-08-18,B0: Random,7,0.000000,0.000000,,0_13 0_15 1_1 1_3 2_11 2_9 3_12 3_3 4_12 4_4 5_2 6_6 7_10 7_3 7_5 8_1 8_10 8_14 8_5 8_8,2_10 2_12 4_2 4_5 5_1 5_4 5_9,0.176471,0.176471,0.176471,0.142857,0.142857,0.176471,0.142857,0.176471,,0.142857
2025-08-19,GLM-Logit,10,0.500000,0.250000,2_10 3_12 4_4 5_1 5_3,1_10 1_11 2_9 3_10 3_13 3_14 3_2 3_3 4_1 4_3 5_2 6_10 6_12 6_4 7_9,3_11 5_10 7_6 8_10 8_9,0.818182,0.666667,0.600000,0.481481,0.739130,0.739130,0.666667,0.666667,0.142857,
2025-08-19,HierBayes,10,0.400000,0.200000,2_10 3_12 4_4 5_1,1_10 1_11 2_11 2_9 3_10 3_13 3_14 3_2 3_3 4_1 4_3 5_2 6_12 6_4 6_5 7_9,3_11 5_10 5_3 7_6 8_10 8_9,,0.600000,0.481481,0.428571,0.739130,0.600000,0.818182,0.538462,0.176471,0.818182
2025-08-19,B1: Static prior,10,0.700000,0.350000,2_10 3_11 3_12 4_4 5_1 5_3 7_6,1_10 2_9 3_10 3_13 3_3 4_1 4_2 4_3 5_2 6_12 6_4 7_5 7_9,5_10 8_10 8_9,0.600000,,0.666667,0.666667,0.481481,0.739130,0.481481,0.666667,0.081081,0.666667
2025-08-19,TTM,10,0.600000,0.300000,2_10 3_12 4_4 5_1 5_3 7_6,1_10 3_10 3_13 3_3 4_1 4_3 5_2 5_6 6_10 6_4 7_4 7_5 7_8 7_9,3_11 5_10 8_10 8_9,0.481481,0.666667,,0.428571,0.428571,0.666667,0.379310,0.600000,0.081081,0.600000
2025-08-19,ET,10,0.600000,0.300000,3_11 3_12 4_4 5_1 5_3 7_6,0_9 2_9 3_13 3_2 3_3 4_0 4_1 4_13 4_2 4_3 6_12 6_4 7_5 7_9,2_10 5_10 8_10 8_9,0.428571,0.666667,0.428571,,0.333333,0.600000,0.379310,0.538462,0.081081,0.481481
2025-08-19,B5: B2+B3,10,0.400000,0.200000,2_10 3_12 4_4 5_1,1_10 1_11 2_9 3_10 3_13 3_14 3_2 4_1 5_2 6_10 6_12 6_4 6_5 7_12 7_13 7_9,3_11 5_10 5_3 7_6 8_10 8_9,0.739130,0.481481,0.428571,0.333333,,0.538462,0.818182,0.600000,0.142857,0.739130
2025-08-19,B4: B1+B3,10,0.400000,0.200000,3_12 4_4 5_1 5_3,1_10 2_9 3_10 3_13 3_2 3_3 4_1 4_2 4_3 5_2 6_10 6_12 6_4 7_4 7_5 7_9,2_10 3_11 5_10 7_6 8_10 8_9,0.600000,0.739130,0.666667,0.600000,0.538462,,0.481481,0.904762,0.081081,0.739130
2025-08-19,B2: Recent MA,10,0.400000,0.200000,2_10 3_12 4_4 5_1,1_10 1_11 2_11 2_9 3_10 3_13 3_14 3_2 4_1 4_3 6_12 6_4 6_5 7_12 7_13 7_9,3_11 5_10 5_3 7_6 8_10 8_9,0.818182,0.481481,0.379310,0.379310,0.818182,0.481481,,0.481481,0.176471,0.666667
2025-08-19,B3: DoY season,10,0.400000,0.200000,3_12 4_4 5_1 5_3,1_10 2_9 3_10 3_13 3_2 3_3 4_1 4_2 5_2 6_10 6_12 6_4 7_13 7_4 7_5 7_9,2_10 3_11 5_10 7_6 8_10 8_9,0.538462,0.666667,0.600000,0.538462,0.600000,0.904762,0.481481,,0.081081,0.666667
2025-08-19,B0: Random,10,0.100000,0.050000,3_12,0_15 1_11 1_13 1_14 2_1 2_11 2_8 3_14 4_1 4_12 4_5 4_7 5_8 6_0 6_2 7_11 7_9 8_11 8_5,2_10 3_11 4_4 5_1 5_10 5_3 7_6 8_10 8_9,0.176471,0.081081,0.081081,0.081081,0.142857,0.081081,0.176471,0.081081,,0.142857
2025-08-20,GLM-Logit,9,0.444444,0.200000,2_10 3_13 4_1 6_10,1_10 1_11 2_9 3_10 3_12 3_14 3_2 3_3 4_3 4_4 5_1 5_2 5_3 6_12 6_4 7_9,2_12 3_11 4_0 5_11 7_5,0.904762,0.666667,0.600000,0.481481,0.739130,0.739130,0.666667,0.666667,0.111111,
2025-08-20,HierBayes,9,0.333333,0.150000,2_10 3_13 4_1,1_10 1_11 2_11 2_9 3_10 3_12 3_14 3_2 3_3 4_3 4_4 5_1 5_2 5_3 6_12 6_4 7_9,2_12 3_11 4_0 5_11 6_10 7_5,,0.666667,0.600000,0.481481,0.739130,0.666667,0.739130,0.600000,0.111111,0.904762
2025-08-20,B1: Static prior,9,0.555556,0.250000,2_10 3_11 3_13 4_1 7_5,1_10 2_9 3_10 3_12 3_3 4_2 4_3 4_4 5_1 5_2 5_3 6_12 6_4 7_6 7_9,2_12 4_0 5_11 6_10,0.666667,,0.666667,0.666667,0.538462,0.739130,0.481481,0.666667,0.142857,0.666667
2025-08-20,TTM,9,0.555556,0.250000,2_10 3_13 4_1 6_10 7_5,1_10 2_11 3_10 3_12 3_3 4_3 4_4 5_1 5_2 5_3 5_4 6_4 7_4 7_6 7_9,2_12 3_11 4_0 5_11,0.600000,0.666667,,0.428571,0.428571,0.666667,0.428571,0.600000,0.142857,0.600000
2025-08-20,ET,9,0.555556,0.250000,3_11 3_13 4_0 4_1 7_5,0_9 2_9 3_12 3_2 3_3 4_13 4_2 4_3 4_4 5_1 5_3 6_12 6_4 7_6 7_9,2_10 2_12 5_11 6_10,0.481481,0.666667,0.428571,,0.379310,0.600000,0.379310,0.538462,0.052632,0.481481
2025-08-20,B5: B2+B3,9,0.333333,0.150000,2_10 3_13 4_1,1_10 1_11 2_9 3_10 3_12 3_14 3_2 4_3 4_4 5_1 5_2 6_12 6_4 6_5 7_12 7_13 7_9,2_12 3_11 4_0 5_11 6_10 7_5,0.739130,0.538462,0.428571,0.379310,,0.538462,0.904762,0.538462,0.111111,0.739130
2025-08-20,B4: B1+B3,9,0.444444,0.200000,3_13 4_1 6_10 7_5,1_10 2_9 3_10 3_12 3_2 3_3 4_2 4_3 4_4 5_1 5_2 5_3 6_12 6_4 7_4 7_9,2_10 2_12 3_11 4_0 5_11,0.666667,0.739130,0.666667,0.600000,0.538462,,0.481481,0.904762,0.111111,0.739130
2025-08-20,B2: Recent MA,9,0.333333,0.150000,2_10 3_13 4_1,1_10 1_11 2_11 2_9 3_10 3_12 3_14 3_2 4_3 4_4 5_1 6_12 6_4 6_5 7_12 7_13 7_9,2_12 3_11 4_0 5_11 6_10 7_5,0.739130,0.481481,0.428571,0.379310,0.904762,0.481481,,0.481481,0.111111,0.666667
2025-08-20,B3: DoY season,9,0.333333,0.150000,4_1 6_10 7_5,1_10 2_9 3_10 3_12 3_2 3_3 4_2 4_3 4_4 5_1 5_2 5_3 6_12 6_4 7_13 7_4 7_9,2_10 2_12 3_11 3_13 4_0 5_11,0.600000,0.666667,0.600000,0.538462,0.538462,0.904762,0.481481,,0.111111,0.666667
2025-08-20,B0: Random,9,0.333333,0.150000,2_10 4_1 7_5,0_12 0_4 0_5 0_7 0_8 1_10 1_8 2_6 3_10 3_4 3_8 4_11 6_0 6_13 7_15 8_13 8_4,2_12 3_11 3_13 4_0 5_11 6_10,0.111111,0.142857,0.142857,0.052632,0.111111,0.111111,0.111111,0.111111,,0.111111
2025-08-21,GLM-Logit,8,0.625000,0.250000,1_11 4_1 4_3 5_1 6_10,1_10 2_10 2_9 3_10 3_12 3_13 3_14 3_2 3_3 4_4 5_2 5_3 6_12 6_4 7_9,2_4 3_4 7_4,0.904762,0.666667,0.600000,0.481481,0.739130,0.739130,0.600000,0.600000,0.052632,
2025-08-21,HierBayes,8,0.500000,0.200000,1_11 4_1 4_3 5_1,1_10 2_10 2_12 2_9 3_10 3_12 3_13 3_14 3_2 3_3 4_4 5_2 5_3 6_12 6_4 7_9,2_4 3_4 6_10 7_4,,0.666667,0.600000,0.481481,0.666667,0.666667,0.666667,0.538462,0.052632,0.904762
2025-08-21,B1: Static prior,8,0.375000,0.150000,4_1 4_3 5_1,1_10 2_10 2_9 3_10 3_11 3_12 3_13 3_3 4_2 4_4 5_2 5_3 6_12 6_4 7_5 7_6 7_9,1_11 2_4 3_4 6_10 7_4,0.666667,,0.818182,0.666667,0.481481,0.739130,0.428571,0.600000,0.081081,0.666667
2025-08-21,TTM,8,0.500000,0.200000,4_1 4_3 5_1 7_4,1_10 2_10 2_9 3_11 3_12 3_13 3_3 4_4 5_2 5_3 6_11 6_12 6_4 7_5 7_6 7_9,1_11 2_4 3_4 6_10,0.600000,0.818182,,0.600000,0.428571,0.666667,0.379310,0.538462,0.081081,0.600000
2025-08-21,ET,8,0.375000,0.150000,4_1 4_3 5_1,0_9 2_9 3_11 3_12 3_13 3_2 3_3 4_0 4_13 4_2 4_4 5_3 6_12 6_4 7_5 7_6 7_9,1_11 2_4 3_4 6_10 7_4,0.481481,0.666667,0.600000,,0.333333,0.600000,0.333333,0.481481,0.111111,0.481481
2025-08-21,B5: B2+B3,8,0.500000,0.200000,1_11 4_1 5_1 6_10,1_10 2_10 2_9 3_10 3_12 3_13 3_14 3_2 4_4 5_2 6_12 6_4 6_5 7_12 7_13 7_9,2_4 3_4 4_3 7_4,0.666667,0.481481,0.428571,0.333333,,0.538462,0.818182,0.481481,0.052632,0.739130
2025-08-21,B4: B1+B3,8,0.625000,0.250000,4_1 4_3 5_1 6_10 7_4,1_10 2_9 3_10 3_12 3_13 3_2 3_3 4_2 4_4 5_2 5_3 6_12 6_4 7_5 7_9,1_11 2_4 3_4,0.666667,0.739130,0.666667,0.600000,0.538462,,0.428571,0.818182,0.081081,0.739130
2025-08-21,B2: Recent MA,8,0.375000,0.150000,1_11 4_1 5_1,1_10 2_10 2_11 2_12 2_9 3_10 3_12 3_13 3_14 3_2 4_4 6_12 6_4 6_5 7_12 7_13 7_9,2_4 3_4 4_3 6_10 7_4,0.666667,0.428571,0.379310,0.333333,0.818182,0.428571,,0.379310,0.052632,0.600000
2025-08-21,B3: DoY season,8,0.625000,0.250000,4_1 4_3 5_1 6_10 7_4,1_10 2_9 3_10 3_12 3_2 3_3 4_2 4_4 5_2 5_3 5_7 6_4 7_13 7_5 7_9,1_11 2_4 3_4,0.538462,0.600000,0.538462,0.481481,0.481481,0.818182,0.379310,,0.052632,0.600000
2025-08-21,B0: Random,8,0.125000,0.050000,4_3,0_0 1_0 1_3 1_8 2_15 3_1 3_13 3_8 4_13 4_14 6_0 6_1 6_14 6_15 6_3 6_5 6_6 7_5 8_1,1_11 2_4 3_4 4_1 5_1 6_10 7_4,0.052632,0.081081,0.081081,0.111111,0.052632,0.081081,0.052632,0.052632,,0.052632
2025-08-22,GLM-Logit,13,0.615385,0.400000,1_11 3_10 3_3 4_1 4_3 5_1 6_10 6_12,1_10 2_10 2_9 3_12 3_13 3_14 3_2 4_4 5_2 5_3 6_4 7_9,3_1 3_11 5_6 7_12 7_7,0.904762,0.666667,0.600000,0.481481,0.739130,0.666667,0.666667,0.481481,0.052632,
2025-08-22,HierBayes,13,0.615385,0.400000,1_11 3_10 3_3 4_1 4_3 5_1 6_10 6_12,1_10 2_10 2_12 2_9 3_12 3_13 3_14 3_2 4_4 5_2 6_4 7_9,3_1 3_11 5_6 7_12 7_7,,0.600000,0.538462,0.428571,0.739130,0.600000,0.739130,0.428571,0.052632,0.904762
2025-08-22,B1: Static prior,13,0.538462,0.350000,3_10 3_11 3_3 4_1 4_3 5_1 6_12,1_10 2_10 2_9 3_12 3_13 4_2 4_4 5_2 5_3 6_4 7_5 7_6 7_9,1_11 3_1 5_6 6_10 7_12 7_7,0.600000,,0.739130,0.666667,0.481481,0.739130,0.428571,0.538462,0.081081,0.666667
2025-08-22,TTM,13,0.461538,0.300000,1_11 3_10 4_1 4_3 5_1 6_12,1_10 2_10 2_9 3_12 4_2 4_4 5_2 5_3 6_11 6_4 7_4 7_5 7_6 7_9,3_1 3_11 3_3 5_6 6_10 7_12 7_7,0.538462,0.739130,,0.481481,0.481481,0.600000,0.428571,0.481481,0.081081,0.600000
2025-08-22,ET,13,0.461538,0.300000,3_11 3_3 4_1 4_3 5_1 6_12,0_9 2_9 3_12 3_13 3_2 4_0 4_13 4_2 4_4 5_3 6_4 7_5 7_6 7_9,1_11 3_1 3_10 5_6 6_10 7_12 7_7,0.428571,0.666667,0.481481,,0.333333,0.600000,0.333333,0.481481,0.052632,0.481481
2025-08-22,B5: B2+B3,13,0.538462,0.350000,1_11 3_10 4_1 5_1 6_10 6_12 7_12,1_10 2_10 2_9 3_12 3_13 3_14 3_2 4_4 5_2 6_4 6_5 7_13 7_9,3_1 3_11 3_3 4_3 5_6 7_7,0.739130,0.481481,0.481481,0.333333,,0.481481,0.904762,0.428571,0.081081,0.739130
2025-08-22,B4: B1+B3,13,0.538462,0.350000,3_10 3_11 3_3 4_1 4_3 5_1 6_10,1_10 2_9 3_12 3_13 3_2 4_2 4_4 5_2 5_3 6_4 7_4 7_5 7_9,1_11 3_1 5_6 6_12 7_12 7_7,0.600000,0.739130,0.600000,0.600000,0.481481,,0.428571,0.739130,0.052632,0.666667
2025-08-22,B2: Recent MA,13,0.538462,0.350000,1_11 3_10 4_1 5_1 6_10 6_12 7_12,1_10 2_10 2_12 2_9 3_12 3_13 3_14 3_2 4_4 6_4 6_5 7_13 7_9,3_1 3_11 3_3 4_3 5_6 7_7,0.739130,0.428571,0.428571,0.333333,0.904762,0.428571,,0.379310,0.052632,0.666667
2025-08-22,B3: DoY season,13,0.461538,0.300000,3_10 3_11 3_3 4_1 5_1 6_10,2_9 3_12 3_2 4_2 4_4 5_2 5_3 5_4 5_7 6_4 7_13 7_4 7_5 7_9,1_11 3_1 4_3 5_6 6_12 7_12 7_7,0.428571,0.538462,0.481481,0.481481,0.428571,0.739130,0.379310,,0.081081,0.481481
2025-08-22,B0: Random,13,0.153846,0.100000,3_1 3_10,0_11 0_14 0_2 0_6 1_9 2_0 2_13 2_14 2_6 3_8 4_13 4_5 5_2 6_8 7_13 7_3 7_6 8_4,1_11 3_11 3_3 4_1 4_3 5_1 5_6 6_10 6_12 7_12 7_7,0.052632,0.081081,0.081081,0.052632,0.081081,0.052632,0.052632,0.081081,,0.052632
2025-08-23,GLM-Logit,7,0.714286,0.250000,1_11 3_13 4_1 5_1 6_12,1_10 2_10 2_9 3_10 3_12 3_14 3_2 3_3 4_3 4_4 5_2 5_3 6_10 6_4 7_9,4_2 6_7,0.904762,0.666667,0.428571,0.481481,0.904762,0.666667,0.739130,0.481481,0.081081,
2025-08-23,HierBayes,7,0.714286,0.250000,1_11 3_13 4_1 5_1 6_12,1_10 2_10 2_12 2_9 3_10 3_12 3_14 3_2 3_3 4_3 4_4 5_2 6_10 6_4 7_9,4_2 6_7,,0.600000,0.379310,0.428571,0.904762,0.600000,0.739130,0.428571,0.081081,0.904762
2025-08-23,B1: Static prior,7,0.714286,0.250000,3_13 4_1 4_2 5_1 6_12,1_10 2_10 2_9 3_10 3_11 3_12 3_3 4_3 4_4 5_2 5_3 6_4 7_5 7_6 7_9,1_11 6_7,0.600000,,0.538462,0.666667,0.600000,0.739130,0.481481,0.481481,0.052632,0.666667
2025-08-23,TTM,7,0.714286,0.250000,1_11 4_1 4_2 5_1 6_12,1_10 2_10 4_3 4_4 4_7 5_12 5_2 5_3 5_4 5_7 6_4 7_4 7_5 7_6 7_9,3_13 6_7,0.379310,0.538462,,0.379310,0.379310,0.428571,0.333333,0.379310,0.025641,0.428571
2025-08-23,ET,7,0.714286,0.250000,3_13 4_1 4_2 5_1 6_12,0_9 2_9 3_11 3_12 3_2 3_3 4_0 4_13 4_3 4_4 5_3 6_4 7_5 7_6 7_9,1_11 6_7,0.428571,0.666667,0.379310,,0.428571,0.600000,0.379310,0.428571,0.081081,0.481481
2025-08-23,B5: B2+B3,7,0.714286,0.250000,1_11 3_13 4_1 5_1 6_12,1_10 2_10 2_9 3_10 3_12 3_14 3_2 3_3 4_3 4_4 5_2 6_10 6_4 7_12 7_9,4_2 6_7,0.904762,0.600000,0.379310,0.428571,,0.600000,0.818182,0.428571,0.081081,0.904762
2025-08-23,B4: B1+B3,7,0.571429,0.200000,3_13 4_1 4_2 5_1,1_10 2_9 3_10 3_11 3_12 3_2 3_3 4_3 4_4 5_2 5_3 6_10 6_4 7_4 7_5 7_9,1_11 6_12 6_7,0.600000,0.739130,0.428571,0.600000,0.600000,,0.481481,0.666667,0.111111,0.666667
2025-08-23,B2: Recent MA,7,0.714286,0.250000,1_11 3_13 4_1 5_1 6_12,1_10 2_10 2_9 3_10 3_12 3_14 3_2 4_3 4_4 5_6 6_10 6_4 6_5 7_12 7_9,4_2 6_7,0.739130,0.481481,0.333333,0.379310,0.818182,0.481481,,0.333333,0.081081,0.739130
2025-08-23,B3: DoY season,7,0.428571,0.150000,4_1 4_2 5_1,2_9 3_10 3_11 3_12 3_2 3_3 4_4 4_5 5_2 5_3 5_4 5_7 6_10 6_4 7_13 7_4 7_9,1_11 3_13 6_12 6_7,0.428571,0.481481,0.379310,0.428571,0.428571,0.666667,0.333333,,0.081081,0.481481
2025-08-23,B0: Random,7,0.285714,0.100000,3_13 4_2,0_14 0_7 1_13 2_11 2_2 2_5 3_2 3_6 3_8 4_8 5_0 5_5 6_10 6_3 8_12 8_13 8_14 8_2,1_11 4_1 5_1 6_12 6_7,0.081081,0.052632,0.025641,0.081081,0.081081,0.111111,0.081081,0.081081,,0.081081
2025-08-24,GLM-Logit,4,0.250000,0.050000,4_3,1_10 1_11 2_10 2_9 3_10 3_12 3_13 3_14 3_2 3_3 4_1 4_4 5_1 5_2 5_3 6_10 6_12 6_4 7_9,1_3 2_2 5_11,0.904762,0.666667,0.481481,0.481481,0.904762,0.666667,0.739130,0.538462,0.025641,
2025-08-24,HierBayes,4,0.250000,0.050000,4_3,1_10 1_11 2_10 2_12 2_9 3_10 3_12 3_13 3_14 3_2 3_3 4_1 4_4 5_1 5_2 6_10 6_12 6_4 7_9,1_3 2_2 5_11,,0.600000,0.428571,0.428571,0.904762,0.600000,0.739130,0.481481,0.025641,0.904762
2025-08-24,B1: Static prior,4,0.250000,0.050000,4_3,1_10 2_10 2_9 3_10 3_11 3_12 3_13 3_3 4_1 4_2 4_4 5_1 5_2 5_3 6_12 6_4 7_5 7_6 7_9,1_3 2_2 5_11,0.600000,,0.600000,0.666667,0.600000,0.739130,0.481481,0.600000,0.025641,0.666667
2025-08-24,TTM,4,0.500000,0.100000,2_2 4_3,1_10 2_10 2_11 2_9 3_10 3_11 3_13 4_1 4_4 5_1 5_12 5_2 5_3 5_7 6_4 7_4 7_5 7_9,1_3 5_11,0.428571,0.600000,,0.379310,0.428571,0.538462,0.379310,0.428571,0.025641,0.481481
2025-08-24,ET,4,0.250000,0.050000,4_3,0_9 2_9 3_11 3_12 3_13 3_2 3_3 4_0 4_1 4_13 4_2 4_4 5_1 5_3 6_12 6_4 7_5 7_6 7_9,1_3 2_2 5_11,0.428571,0.666667,0.379310,,0.428571,0.600000,0.379310,0.600000,0.025641,0.481481
2025-08-24,B5: B2+B3,4,0.250000,0.050000,4_3,1_10 1_11 2_10 2_9 3_10 3_12 3_13 3_14 3_2 3_3 4_1 4_4 5_1 5_2 6_10 6_12 6_4 7_12 7_9,1_3 2_2 5_11,0.904762,0.600000,0.428571,0.428571,,0.600000,0.818182,0.481481,0.025641,0.904762
2025-08-24,B4: B1+B3,4,0.250000,0.050000,4_3,1_10 3_10 3_11 3_12 3_13 3_2 3_3 4_1 4_2 4_4 5_1 5_2 5_3 6_10 6_12 6_4 7_4 7_5 7_9,1_3 2_2 5_11,0.600000,0.739130,0.538462,0.600000,0.600000,,0.481481,0.818182,0.025641,0.666667
2025-08-24,B2: Recent MA,4,0.250000,0.050000,4_3,1_10 1_11 2_10 2_9 3_10 3_12 3_13 3_14 3_2 4_1 4_4 5_1 5_6 6_10 6_12 6_4 6_5 7_12 7_9,1_3 2_2 5_11,0.739130,0.481481,0.379310,0.379310,0.818182,0.481481,,0.379310,0.025641,0.739130
2025-08-24,B3: DoY season,4,0.000000,0.000000,,3_10 3_11 3_12 3_13 3_2 3_3 4_1 4_13 4_2 4_4 5_1 5_2 5_3 5_4 6_10 6_12 6_4 7_4 7_5 7_9,1_3 2_2 4_3 5_11,0.481481,0.600000,0.428571,0.600000,0.481481,0.818182,0.379310,,0.025641,0.538462
2025-08-24,B0: Random,4,0.000000,0.000000,,0_0 0_11 0_13 0_15 0_5 0_9 1_1 1_12 1_5 1_8 3_6 4_12 5_2 5_6 6_11 7_15 8_13 8_14 8_15 8_5,1_3 2_2 4_3 5_11,0.025641,0.025641,0.025641,0.025641,0.025641,0.025641,0.025641,0.025641,,0.025641
2025-08-25,GLM-Logit,4,0.500000,0.100000,3_12 5_1,1_10 1_11 2_10 2_9 3_10 3_13 3_14 3_2 3_3 4_1 4_3 4_4 5_2 5_3 6_10 6_12 6_4 7_9,3_11 6_7,0.904762,0.666667,0.538462,0.481481,0.818182,0.666667,0.739130,0.481481,0.081081,
2025-08-25,HierBayes,4,0.500000,0.100000,3_12 5_1,1_10 1_11 2_10 2_12 2_9 3_10 3_13 3_14 3_2 3_3 4_1 4_3 4_4 5_2 5_3 6_12 6_4 7_9,3_11 6_7,,0.666667,0.538462,0.481481,0.739130,0.600000,0.739130,0.428571,0.081081,0.904762
2025-08-25,B1: Static prior,4,0.750000,0.150000,3_11 3_12 5_1,1_10 2_10 2_9 3_10 3_13 3_3 4_1 4_2 4_3 4_4 5_2 5_3 6_12 6_4 7_5 7_6 7_9,6_7,0.666667,,0.600000,0.666667,0.600000,0.739130,0.538462,0.538462,0.081081,0.666667
2025-08-25,TTM,4,0.500000,0.100000,3_11 5_1,1_10 2_10 2_11 3_10 3_13 3_2 4_1 4_3 4_4 5_10 5_2 5_3 5_7 6_12 6_4 7_4 7_5 7_9,3_12 6_7,0.538462,0.600000,,0.428571,0.428571,0.600000,0.428571,0.481481,0.081081,0.538462
2025-08-25,ET,4,0.750000,0.150000,3_11 3_12 5_1,0_9 2_9 3_13 3_2 3_3 4_0 4_1 4_13 4_2 4_3 4_4 5_3 6_12 6_4 7_5 7_6 7_9,6_7,0.481481,0.666667,0.428571,,0.379310,0.600000,0.428571,0.538462,0.111111,0.481481
2025-08-25,B5: B2+B3,4,0.500000,0.100000,3_12 5_1,1_10 1_11 2_10 2_9 3_10 3_13 3_14 3_3 4_1 4_3 4_4 5_2 6_10 6_12 6_4 6_5 7_12 7_9,3_11 6_7,0.739130,0.600000,0.428571,0.379310,,0.538462,0.818182,0.379310,0.081081,0.818182
2025-08-25,B4: B1+B3,4,0.750000,0.150000,3_11 3_12 5_1,1_10 2_9 3_10 3_2 3_3 4_1 4_2 4_3 4_4 5_2 5_3 6_10 6_12 6_4 7_4 7_5 7_9,6_7,0.600000,0.739130,0.600000,0.600000,0.538462,,0.481481,0.739130,0.081081,0.666667
2025-08-25,B2: Recent MA,4,0.500000,0.100000,3_12 5_1,1_10 1_11 2_10 2_9 3_10 3_13 3_14 3_2 3_3 4_1 4_3 4_4 5_6 6_12 6_4 6_5 7_12 7_9,3_11 6_7,0.739130,0.538462,0.428571,0.428571,0.818182,0.481481,,0.333333,0.081081,0.739130
2025-08-25,B3: DoY season,4,0.750000,0.150000,3_11 3_12 5_1,3_10 3_2 3_3 4_1 4_13 4_2 4_4 5_2 5_3 5_4 6_10 6_12 6_4 7_13 7_4 7_5 7_9,6_7,0.428571,0.538462,0.481481,0.538462,0.379310,0.739130,0.333333,,0.111111,0.481481
2025-08-25,B0: Random,4,0.500000,0.100000,5_1 6_7,0_10 1_13 1_4 3_6 3_7 4_1 4_11 4_13 4_14 4_8 4_9 5_12 5_3 6_5 6_8 7_10 8_4 8_7,3_11 3_12,0.081081,0.081081,0.081081,0.111111,0.081081,0.081081,0.081081,0.111111,,0.081081
2025-08-26,GLM-Logit,10,0.600000,0.300000,1_11 2_10 3_11 3_12 4_4 5_1,1_10 2_9 3_10 3_13 3_14 3_2 4_1 4_3 5_2 5_3 6_10 6_12 6_4 7_9,3_3 5_10 5_7 7_4,0.818182,0.666667,0.666667,0.481481,0.904762,0.600000,0.600000,0.538462,0.081081,
2025-08-26,HierBayes,10,0.700000,0.350000,1_11 2_10 3_11 3_12 3_3 4_4 5_1,1_10 2_12 2_9 3_10 3_13 3_14 3_2 4_1 4_3 5_2 6_12 6_4 7_9,5_10 5_7 7_4,,0.666667,0.600000,0.481481,0.818182,0.538462,0.666667,0.481481,0.052632,0.818182
2025-08-26,B1: Static prior,10,0.600000,0.300000,2_10 3_11 3_12 3_3 4_4 5_1,1_10 2_9 3_10 3_13 4_1 4_2 4_3 5_2 5_3 6_12 6_4 7_5 7_6 7_9,1_11 5_10 5_7 7_4,0.666667,,0.666667,0.666667,0.600000,0.666667,0.481481,0.600000,0.052632,0.666667
2025-08-26,TTM,10,0.700000,0.350000,2_10 3_11 3_12 4_4 5_1 5_10 7_4,1_10 2_11 3_10 3_13 3_2 4_1 4_3 5_2 5_3 6_12 6_4 7_5 7_9,1_11 3_3 5_7,0.600000,0.666667,,0.481481,0.600000,0.666667,0.428571,0.600000,0.052632,0.666667
2025-08-26,ET,10,0.500000,0.250000,3_11 3_12 3_3 4_4 5_1,0_9 2_9 3_13 3_2 4_0 4_1 4_13 4_2 4_3 5_3 6_12 6_4 7_5 7_6 7_9,1_11 2_10 5_10 5_7 7_4,0.481481,0.666667,0.481481,,0.428571,0.538462,0.333333,0.538462,0.025641,0.481481
2025-08-26,B5: B2+B3,10,0.600000,0.300000,1_11 2_10 3_11 3_12 4_4 5_1,1_10 2_9 3_10 3_13 3_14 3_2 4_1 4_3 5_2 6_10 6_12 6_4 7_12 7_9,3_3 5_10 5_7 7_4,0.818182,0.600000,0.600000,0.428571,,0.538462,0.666667,0.481481,0.081081,0.904762
2025-08-26,B4: B1+B3,10,0.600000,0.300000,3_11 3_12 3_3 4_4 5_1 7_4,1_10 3_10 3_2 4_1 4_2 4_3 5_2 5_3 5_4 6_10 6_12 6_4 7_5 7_9,1_11 2_10 5_10 5_7,0.538462,0.666667,0.666667,0.538462,0.538462,,0.333333,0.904762,0.052632,0.600000
2025-08-26,B2: Recent MA,10,0.500000,0.250000,1_11 2_10 3_12 4_4 5_1,1_10 2_12 2_9 3_10 3_13 3_14 4_1 4_3 5_6 6_12 6_4 6_5 7_12 7_13 7_9,3_11 3_3 5_10 5_7 7_4,0.666667,0.481481,0.428571,0.333333,0.666667,0.333333,,0.290323,0.081081,0.600000
2025-08-26,B3: DoY season,10,0.600000,0.300000,3_11 3_12 3_3 4_4 5_1 7_4,1_10 3_10 3_2 4_1 4_13 4_2 5_2 5_3 5_4 6_10 6_12 6_4 7_5 7_9,1_11 2_10 5_10 5_7,0.481481,0.600000,0.600000,0.538462,0.481481,0.904762,0.290323,,0.052632,0.538462
2025-08-26,B0: Random,10,0.100000,0.050000,2_10,0_10 0_4 0_6 1_2 1_3 1_5 1_6 2_7 4_12 4_7 5_5 6_10 6_14 6_15 6_2 6_5 7_14 7_9 8_2,1_11 3_11 3_12 3_3 4_4 5_1 5_10 5_7 7_4,0.052632,0.052632,0.052632,0.025641,0.081081,0.052632,0.081081,0.052632,,0.081081
2025-08-27,GLM-Logit,7,0.714286,0.250000,3_10 3_12 3_14 3_2 4_4,1_10 1_11 2_10 2_9 3_11 3_13 3_3 4_1 4_3 5_1 5_3 6_10 6_12 6_4 7_9,2_11 5_6,0.904762,0.666667,0.538462,0.538462,0.904762,0.600000,0.666667,0.538462,0.081081,
2025-08-27,HierBayes,7,0.714286,0.250000,3_10 3_12 3_14 3_2 4_4,1_10 1_11 2_10 2_12 2_9 3_11 3_13 3_3 4_1 4_3 5_1 5_3 6_12 6_4 7_9,2_11 5_6,,0.666667,0.538462,0.538462,0.818182,0.538462,0.739130,0.481481,0.081081,0.904762
2025-08-27,B1: Static prior,7,0.428571,0.150000,3_10 3_12 4_4,1_10 2_10 2_9 3_11 3_13 3_3 4_1 4_2 4_3 5_1 5_2 5_3 6_12 6_4 7_5 7_6 7_9,2_11 3_14 3_2 5_6,0.666667,,0.600000,0.666667,0.600000,0.666667,0.538462,0.600000,0.111111,0.666667
2025-08-27,TTM,7,0.428571,0.150000,2_11 3_2 4_4,1_10 2_10 2_2 3_11 3_13 3_3 4_1 4_3 5_1 5_2 5_3 5_4 6_12 6_4 7_4 7_5 7_9,3_10 3_12 3_14 5_6,0.538462,0.600000,,0.481481,0.481481,0.600000,0.379310,0.600000,0.081081,0.538462
2025-08-27,ET,7,0.428571,0.150000,3_12 3_2 4_4,0_9 2_9 3_11 3_13 3_3 4_0 4_1 4_13 4_2 4_3 5_1 5_3 6_12 6_4 7_5 7_6 7_9,2_11 3_10 3_14 5_6,0.538462,0.666667,0.481481,,0.481481,0.538462,0.379310,0.538462,0.081081,0.538462
2025-08-27,B5: B2+B3,7,0.714286,0.250000,3_10 3_12 3_14 3_2 4_4,1_10 1_11 2_10 2_9 3_11 3_13 3_3 4_1 4_3 5_1 6_10 6_12 6_4 7_12 7_9,2_11 5_6,0.818182,0.600000,0.481481,0.481481,,0.538462,0.739130,0.481481,0.081081,0.904762
2025-08-27,B4: B1+B3,7,0.571429,0.200000,3_10 3_12 3_2 4_4,1_10 2_9 3_11 3_3 4_1 4_2 4_3 5_1 5_2 5_3 5_4 6_10 6_4 7_4 7_5 7_9,2_11 3_14 5_6,0.538462,0.666667,0.600000,0.538462,0.538462,,0.379310,0.904762,0.111111,0.600000
2025-08-27,B2: Recent MA,7,0.571429,0.200000,3_10 3_12 3_14 4_4,1_10 1_11 2_10 2_12 2_9 3_11 3_13 4_1 4_3 5_1 6_12 6_4 6_5 7_12 7_13 7_9,2_11 3_2 5_6,0.739130,0.538462,0.379310,0.379310,0.739130,0.379310,,0.333333,0.052632,0.666667
2025-08-27,B3: DoY season,7,0.571429,0.200000,3_10 3_12 3_2 4_4,1_10 3_11 3_3 4_1 4_13 4_2 4_3 5_1 5_2 5_3 5_4 6_10 6_4 7_4 7_5 7_9,2_11 3_14 5_6,0.481481,0.600000,0.600000,0.538462,0.481481,0.904762,0.333333,,0.111111,0.538462
2025-08-27,B0: Random,7,0.428571,0.150000,2_11 3_10 5_6,0_0 1_12 1_7 1_9 2_3 3_3 4_1 4_2 4_6 4_9 5_12 5_14 6_13 7_15 7_2 8_0 8_4,3_12 3_14 3_2 4_4,0.081081,0.111111,0.081081,0.081081,0.081081,0.111111,0.052632,0.111111,,0.081081
2025-08-28,GLM-Logit,2,1.000000,0.100000,3_13 4_4,1_10 1_11 2_10 2_9 3_10 3_11 3_12 3_14 3_2 3_3 4_1 4_3 5_1 5_3 6_10 6_12 6_4 7_9,,0.904762,0.666667,0.666667,0.538462,0.904762,0.600000,0.739130,0.481481,0.052632,
2025-08-28,HierBayes,2,1.000000,0.100000,3_13 4_4,1_10 1_11 2_10 2_12 2_9 3_10 3_11 3_12 3_14 3_2 3_3 4_1 4_3 5_1 5_3 6_12 6_4 7_9,,,0.666667,0.600000,0.538462,0.818182,0.538462,0.739130,0.428571,0.052632,0.904762
2025-08-28,B1: Static prior,2,1.000000,0.100000,3_13 4_4,1_10 2_10 2_9 3_10 3_11 3_12 3_3 4_1 4_2 4_3 5_1 5_2 5_3 6_12 6_4 7_5 7_6 7_9,,0.666667,,0.739130,0.666667,0.600000,0.666667,0.538462,0.600000,0.052632,0.666667
2025-08-28,TTM,2,1.000000,0.100000,3_13 4_4,1_10 2_10 2_9 3_10 3_11 3_12 3_3 4_1 4_3 5_1 5_2 5_3 5_7 6_10 6_4 7_4 7_5 7_9,,0.600000,0.739130,,0.481481,0.600000,0.666667,0.481481,0.666667,0.052632,0.666667
2025-08-28,ET,2,1.000000,0.100000,3_13 4_4,0_9 2_9 3_11 3_12 3_2 3_3 4_0 4_1 4_13 4_2 4_3 5_1 5_3 6_12 6_4 7_5 7_6 7_9,,0.538462,0.666667,0.481481,,0.481481,0.600000,0.428571,0.481481,0.081081,0.538462
2025-08-28,B5: B2+B3,2,1.000000,0.100000,3_13 4_4,1_10 1_11 2_10 2_9 3_10 3_11 3_12 3_14 3_2 3_3 4_1 4_3 5_1 6_10 6_12 6_4 6_5 7_9,,0.818182,0.600000,0.600000,0.481481,,0.538462,0.818182,0.428571,0.081081,0.904762
2025-08-28,B4: B1+B3,2,0.500000,0.050000,4_4,1_10 2_9 3_10 3_11 3_12 3_3 4_1 4_13 4_2 4_3 5_1 5_3 5_4 6_10 6_12 6_4 7_4 7_5 7_9,3_13,0.538462,0.666667,0.666667,0.600000,0.538462,,0.428571,0.818182,0.081081,0.600000
2025-08-28,B2: Recent MA,2,1.000000,0.100000,3_13 4_4,1_10 1_11 2_10 2_9 3_10 3_11 3_12 3_14 3_2 4_1 4_3 5_1 5_10 6_12 6_4 6_5 7_12 7_9,,0.739130,0.538462,0.481481,0.428571,0.818182,0.428571,,0.333333,0.081081,0.739130
2025-08-28,B3: DoY season,2,0.500000,0.050000,4_4,1_10 2_3 2_9 3_10 3_11 3_12 3_3 4_1 4_13 4_2 4_3 5_1 5_2 5_3 5_4 6_10 7_4 7_5 7_9,3_13,0.428571,0.600000,0.666667,0.481481,0.428571,0.818182,0.333333,,0.081081,0.481481
2025-08-28,B0: Random,2,0.000000,0.000000,,0_13 0_14 0_5 1_11 1_13 1_5 3_12 4_10 4_13 4_7 4_9 5_14 5_15 6_11 6_5 7_10 7_2 7_5 8_14 8_15,3_13 4_4,0.052632,0.052632,0.052632,0.081081,0.081081,0.081081,0.081081,0.081081,,0.052632
2025-08-29,GLM-Logit,5,0.400000,0.100000,3_13 4_1,1_10 1_11 2_10 2_9 3_10 3_11 3_12 3_14 3_2 3_3 4_3 4_4 5_1 5_3 6_10 6_12 6_4 7_9,4_2 5_4 7_5,0.904762,0.666667,0.538462,0.538462,0.818182,0.600000,0.739130,0.481481,0.081081,
2025-08-29,HierBayes,5,0.400000,0.100000,3_13 4_1,1_10 1_11 2_10 2_12 2_9 3_10 3_11 3_12 3_14 3_2 3_3 4_3 4_4 5_1 5_3 6_12 6_4 7_9,4_2 5_4 7_5,,0.666667,0.538462,0.538462,0.739130,0.538462,0.739130,0.428571,0.081081,0.904762
2025-08-29,B1: Static prior,5,0.800000,0.200000,3_13 4_1 4_2 7_5,1_10 2_10 2_9 3_10 3_11 3_12 3_3 4_3 4_4 5_1 5_2 5_3 6_12 6_4 7_6 7_9,5_4,0.666667,,0.666667,0.666667,0.538462,0.739130,0.538462,0.538462,0.052632,0.666667
2025-08-29,TTM,5,0.800000,0.200000,3_13 4_1 5_4 7_5,1_10 2_9 3_11 3_12 3_2 3_3 4_11 4_3 4_4 5_1 5_2 5_3 6_4 7_4 7_6 7_9,4_2,0.538462,0.666667,,0.600000,0.481481,0.600000,0.428571,0.538462,0.142857,0.538462
2025-08-29,ET,5,0.800000,0.200000,3_13 4_1 4_2 7_5,0_9 2_9 3_11 3_12 3_2 3_3 4_0 4_13 4_3 4_4 5_1 5_3 6_12 6_4 7_6 7_9,5_4,0.538462,0.666667,0.600000,,0.481481,0.600000,0.428571,0.538462,0.111111,0.538462
2025-08-29,B5: B2+B3,5,0.400000,0.100000,3_13 4_1,1_11 2_10 2_9 3_10 3_11 3_12 3_14 3_2 3_3 4_3 4_4 5_1 6_10 6_12 6_4 6_5 7_4 7_9,4_2 5_4 7_5,0.739130,0.538462,0.481481,0.481481,,0.538462,0.739130,0.481481,0.081081,0.818182
2025-08-29,B4: B1+B3,5,0.600000,0.150000,4_1 4_2 7_5,1_10 2_9 3_10 3_11 3_12 3_3 4_13 4_3 4_4 5_1 5_2 5_3 6_10 6_12 6_4 7_4 7_9,3_13 5_4,0.538462,0.739130,0.600000,0.600000,0.538462,,0.428571,0.739130,0.052632,0.600000
2025-08-29,B2: Recent MA,5,0.400000,0.100000,3_13 4_1,1_10 1_11 2_10 2_9 3_10 3_11 3_12 3_14 3_2 4_3 4_4 5_1 5_10 6_12 6_4 6_5 7_12 7_9,4_2 5_4 7_5,0.739130,0.538462,0.428571,0.428571,0.739130,0.428571,,0.333333,0.081081,0.739130
2025-08-29,B3: DoY season,5,0.600000,0.150000,4_1 4_2 7_5,2_3 2_9 3_1 3_10 3_11 3_12 3_3 4_11 4_13 4_3 4_4 5_1 5_3 6_10 6_4 7_4 7_9,3_13 5_4,0.428571,0.538462,0.538462,0.538462,0.481481,0.739130,0.333333,,0.081081,0.481481
2025-08-29,B0: Random,5,0.200000,0.050000,5_4,0_10 0_8 0_9 1_6 3_15 3_2 3_7 3_9 4_11 4_3 5_14 5_15 6_0 6_15 6_8 7_10 7_13 7_9 8_12,3_13 4_1 4_2 7_5,0.081081,0.052632,0.142857,0.111111,0.081081,0.052632,0.081081,0.081081,,0.081081
2025-08-30,GLM-Logit,4,0.000000,0.000000,,1_10 1_11 2_10 2_9 3_10 3_11 3_12 3_13 3_14 3_2 3_3 4_1 4_3 4_4 5_1 6_10 6_12 6_4 7_5 7_9,4_13 7_6 7_8 8_9,0.818182,0.666667,0.666667,0.538462,0.904762,0.600000,0.666667,0.428571,0.081081,
2025-08-30,HierBayes,4,0.000000,0.000000,,1_10 1_11 2_10 2_12 2_9 3_10 3_11 3_12 3_13 3_14 3_2 3_3 4_1 4_2 4_3 4_4 5_1 6_12 6_4 7_9,4_13 7_6 7_8 8_9,,0.666667,0.538462,0.538462,0.739130,0.538462,0.739130,0.333333,0.052632,0.818182
2025-08-30,B1: Static prior,4,0.250000,0.050000,7_6,1_10 2_10 2_9 3_10 3_11 3_12 3_13 3_3 4_1 4_2 4_3 4_4 5_1 5_2 5_3 6_12 6_4 7_5 7_9,4_13 7_8 8_9,0.666667,,0.600000,0.666667,0.600000,0.739130,0.538462,0.428571,0.052632,0.666667
2025-08-30,TTM,4,0.000000,0.000000,,1_10 1_11 2_10 2_9 3_12 3_13 3_2 3_3 4_1 4_3 4_4 5_1 5_2 5_3 5_4 6_10 6_4 7_4 7_5 7_9,4_13 7_6 7_8 8_9,0.538462,0.600000,,0.481481,0.666667,0.666667,0.428571,0.538462,0.081081,0.666667
2025-08-30,ET,4,0.500000,0.100000,4_13 7_6,0_9 2_9 3_11 3_12 3_13 3_2 3_3 4_0 4_1 4_2 4_3 4_4 5_1 5_3 6_12 6_4 7_5 7_9,7_8 8_9,0.538462,0.666667,0.481481,,0.538462,0.600000,0.428571,0.428571,0.052632,0.538462
2025-08-30,B5: B2+B3,4,0.000000,0.000000,,1_11 2_10 2_9 3_10 3_11 3_12 3_13 3_14 3_2 3_3 4_1 4_3 4_4 5_1 6_10 6_12 6_4 7_4 7_5 7_9,4_13 7_6 7_8 8_9,0.739130,0.600000,0.666667,0.538462,,0.600000,0.600000,0.481481,0.081081,0.904762
2025-08-30,B4: B1+B3,4,0.250000,0.050000,4_13,1_10 2_9 3_10 3_11 3_12 3_13 3_3 4_1 4_2 4_3 4_4 5_1 5_2 5_3 6_10 6_4 7_4 7_5 7_9,7_6 7_8 8_9,0.538462,0.739130,0.666667,0.600000,0.600000,,0.428571,0.600000,0.081081,0.600000
2025-08-30,B2: Recent MA,4,0.000000,0.000000,,1_10 1_11 2_10 3_10 3_11 3_12 3_13 3_14 3_2 4_1 4_2 4_3 4_4 5_1 5_10 6_12 6_4 6_5 7_12 7_9,4_13 7_6 7_8 8_9,0.739130,0.538462,0.428571,0.428571,0.600000,0.428571,,0.250000,0.025641,0.666667
2025-08-30,B3: DoY season,4,0.250000,0.050000,4_13,2_3 2_9 3_1 3_10 3_12 3_3 4_1 4_11 4_3 4_4 5_1 5_3 5_4 5_5 6_10 6_4 7_4 7_5 7_9,7_6 7_8 8_9,0.333333,0.428571,0.538462,0.428571,0.481481,0.600000,0.250000,,0.142857,0.428571
2025-08-30,B0: Random,4,0.250000,0.050000,7_8,0_11 0_15 0_4 0_7 1_5 2_11 3_1 3_3 4_14 5_0 5_5 5_8 6_10 6_8 7_0 7_15 7_7 7_9 8_7,4_13 7_6 8_9,0.052632,0.052632,0.081081,0.052632,0.081081,0.081081,0.025641,0.142857,,0.081081
2025-08-31,GLM-Logit,7,0.571429,0.200000,3_10 3_12 3_13 7_9,1_10 1_11 2_10 2_9 3_11 3_14 3_2 4_1 4_2 4_3 4_4 5_1 6_10 6_12 6_4 7_5,4_7 5_10 7_6,0.818182,0.666667,0.666667,0.538462,1.000000,0.600000,0.739130,0.379310,0.176471,
2025-08-31,HierBayes,7,0.571429,0.200000,3_10 3_12 3_13 7_9,1_10 1_11 2_10 2_12 2_9 3_11 3_14 3_2 3_3 4_1 4_2 4_3 4_4 5_1 6_12 6_4,4_7 5_10 7_6,,0.666667,0.600000,0.538462,0.818182,0.600000,0.739130,0.379310,0.142857,0.818182
2025-08-31,B1: Static prior,7,0.714286,0.250000,3_10 3_12 3_13 7_6 7_9,1_10 2_10 2_9 3_11 3_3 4_1 4_2 4_3 4_4 5_1 5_2 5_3 6_12 6_4 7_5,4_7 5_10,0.666667,,0.666667,0.666667,0.666667,0.739130,0.538462,0.428571,0.142857,0.666667
2025-08-31,TTM,7,0.428571,0.150000,3_12 3_13 7_9,1_10 1_11 2_10 2_12 2_9 4_1 4_2 4_3 4_4 5_1 5_2 5_3 5_4 6_10 6_12 6_4 7_5,3_10 4_7 5_10 7_6,0.600000,0.666667,,0.481481,0.666667,0.538462,0.481481,0.333333,0.176471,0.666667
2025-08-31,ET,7,0.571429,0.200000,3_12 3_13 7_6 7_9,0_9 2_9 3_11 3_2 3_3 4_0 4_1 4_13 4_2 4_3 4_4 5_1 5_3 6_12 6_4 7_5,3_10 4_7 5_10,0.538462,0.666667,0.481481,,0.538462,0.666667,0.428571,0.481481,0.142857,0.538462
2025-08-31,B5: B2+B3,7,0.571429,0.200000,3_10 3_12 3_13 7_9,1_10 1_11 2_10 2_9 3_11 3_14 3_2 4_1 4_2 4_3 4_4 5_1 6_10 6_12 6_4 7_5,4_7 5_10 7_6,0.818182,0.666667,0.666667,0.538462,,0.600000,0.739130,0.379310,0.176471,1.000000
2025-08-31,B4: B1+B3,7,0.571429,0.200000,3_10 3_12 3_13 7_9,1_10 2_9 3_11 3_2 3_3 4_1 4_13 4_2 4_3 4_4 5_1 5_2 5_3 6_4 7_4 7_5,4_7 5_10 7_6,0.600000,0.739130,0.538462,0.666667,0.600000,,0.481481,0.600000,0.111111,0.600000
2025-08-31,B2: Recent MA,7,0.714286,0.250000,3_10 3_12 3_13 5_10 7_9,1_10 1_11 2_10 2_9 3_11 3_14 3_2 4_1 4_3 4_4 5_1 6_12 6_4 6_5 7_12,4_7 7_6,0.739130,0.538462,0.481481,0.428571,0.739130,0.481481,,0.333333,0.111111,0.739130
2025-08-31,B3: DoY season,7,0.428571,0.150000,3_10 3_12 7_9,2_3 2_9 3_1 3_2 3_3 4_1 4_11 4_13 4_3 4_4 4_6 5_1 5_3 5_5 6_4 7_4 7_5,3_13 4_7 5_10 7_6,0.379310,0.428571,0.333333,0.481481,0.379310,0.600000,0.333333,,0.111111,0.379310
2025-08-31,B0: Random,7,0.142857,0.050000,7_9,1_13 1_15 1_2 1_4 3_4 4_1 4_11 4_2 4_4 5_12 5_13 6_0 6_10 6_12 6_13 6_15 6_8 7_0 8_14,3_10 3_12 3_13 4_7 5_10 7_6,0.142857,0.142857,0.176471,0.142857,0.176471,0.111111,0.111111,0.111111,,0.176471
2025-09-01,GLM-Logit,7,0.571429,0.200000,1_10 1_11 4_1 7_6,2_10 3_10 3_11 3_12 3_13 3_14 4_2 4_3 4_4 5_1 5_3 6_10 6_12 6_4 7_5 7_9,1_2 1_9 2_2,0.739130,0.739130,0.600000,0.538462,0.818182,0.538462,0.666667,0.428571,0.142857,
2025-09-01,HierBayes,7,0.428571,0.150000,1_10 1_11 4_1,2_10 2_12 3_10 3_11 3_12 3_13 3_14 3_3 4_2 4_3 4_4 5_1 5_10 6_12 6_4 7_5 7_9,1_2 1_9 2_2 7_6,,0.666667,0.481481,0.481481,0.818182,0.481481,0.818182,0.428571,0.176471,0.739130
2025-09-01,B1: Static prior,7,0.428571,0.150000,1_10 4_1 7_6,2_10 2_9 3_10 3_11 3_12 3_13 3_3 4_2 4_3 4_4 5_1 5_2 5_3 6_12 6_4 7_5 7_9,1_11 1_2 1_9 2_2,0.666667,,0.600000,0.666667,0.600000,0.600000,0.538462,0.538462,0.111111,0.739130
2025-09-01,TTM,7,0.571429,0.200000,1_10 1_11 4_1 7_6,2_10 2_11 2_12 2_9 3_10 3_12 3_13 3_2 4_3 5_1 5_2 5_3 6_10 6_4 7_5 7_9,1_2 1_9 2_2,0.481481,0.600000,,0.481481,0.538462,0.481481,0.481481,0.428571,0.111111,0.600000
2025-09-01,ET,7,0.428571,0.150000,1_10 4_1 7_6,2_9 3_11 3_12 3_13 3_2 3_3 4_11 4_13 4_2 4_3 5_1 5_3 6_12 6_4 7_4 7_5 7_9,1_11 1_2 1_9 2_2,0.481481,0.666667,0.481481,,0.428571,0.666667,0.379310,0.600000,0.111111,0.538462
2025-09-01,B5: B2+B3,7,0.428571,0.150000,1_10 1_11 4_1,2_10 2_11 3_10 3_11 3_12 3_13 3_14 4_2 4_3 4_4 5_1 5_10 6_10 6_12 6_4 7_5 7_9,1_2 1_9 2_2 7_6,0.818182,0.600000,0.538462,0.428571,,0.481481,0.818182,0.379310,0.176471,0.818182
2025-09-01,B4: B1+B3,7,0.285714,0.100000,1_10 4_1,2_9 3_10 3_11 3_12 3_2 3_3 4_11 4_2 4_3 4_4 5_1 5_3 5_4 6_10 6_4 7_4 7_5 7_9,1_11 1_2 1_9 2_2 7_6,0.481481,0.600000,0.481481,0.666667,0.481481,,0.379310,0.818182,0.111111,0.538462
2025-09-01,B2: Recent MA,7,0.428571,0.150000,1_10 1_11 4_1,2_10 2_11 2_12 3_10 3_11 3_12 3_13 3_14 4_2 4_3 4_4 5_1 5_10 6_12 6_4 7_12 7_9,1_2 1_9 2_2 7_6,0.818182,0.538462,0.481481,0.379310,0.818182,0.379310,,0.333333,0.176471,0.666667
2025-09-01,B3: DoY season,7,0.285714,0.100000,1_10 4_1,2_9 3_1 3_10 3_12 3_2 3_3 4_11 4_2 4_3 4_4 5_1 5_3 5_4 5_5 6_4 7_4 7_5 7_9,1_11 1_2 1_9 2_2 7_6,0.428571,0.538462,0.428571,0.600000,0.379310,0.818182,0.333333,,0.142857,0.428571
2025-09-01,B0: Random,7,0.142857,0.050000,4_1,0_12 0_3 2_6 3_12 3_14 4_0 5_1 5_10 5_5 6_13 6_3 6_4 6_8 7_10 7_3 7_8 8_3 8_5 8_7,1_10 1_11 1_2 1_9 2_2 7_6,0.176471,0.111111,0.111111,0.111111,0.176471,0.111111,0.176471,0.142857,,0.142857
2025-09-02,GLM-Logit,0,,0.000000,,1_10 1_11 2_10 3_10 3_11 3_12 3_13 3_3 4_1 4_2 4_3 4_4 5_1 5_3 6_10 6_12 6_4 7_5 7_6 7_9,,0.818182,0.818182,0.481481,0.600000,0.666667,0.600000,0.600000,0.481481,0.081081,
2025-09-02,HierBayes,0,,0.000000,,1_10 1_11 2_10 2_12 3_10 3_11 3_12 3_13 3_14 3_3 4_1 4_2 4_3 4_4 5_1 6_12 6_4 7_5 7_6 7_9,,,0.739130,0.481481,0.538462,0.666667,0.538462,0.739130,0.428571,0.081081,0.818182
2025-09-02,B1: Static prior,0,,0.000000,,1_10 2_10 2_9 3_10 3_11 3_12 3_13 3_3 4_1 4_2 4_3 4_4 5_1 5_2 5_3 6_12 6_4 7_5 7_6 7_9,,0.739130,,0.538462,0.666667,0.600000,0.666667,0.538462,0.538462,0.111111,0.818182
2025-09-02,TTM,0,,0.000000,,1_10 2_10 2_12 2_2 2_9 3_12 3_13 3_2 4_1 4_3 4_4 5_1 5_3 5_4 6_11 6_4 7_4 7_5 7_6 7_9,,0.481481,0.538462,,0.538462,0.379310,0.538462,0.379310,0.428571,0.052632,0.481481
2025-09-02,ET,0,,0.000000,,1_10 2_9 3_11 3_12 3_13 3_2 3_3 4_1 4_11 4_13 4_2 4_3 5_1 5_3 6_12 6_4 7_4 7_5 7_6 7_9,,0.538462,0.666667,0.538462,,0.428571,0.600000,0.379310,0.538462,0.052632,0.600000
2025-09-02,B5: B2+B3,0,,0.000000,,1_10 1_11 2_10 2_11 2_9 3_10 3_11 3_12 3_13 3_14 4_1 4_2 4_3 4_4 5_1 5_10 6_10 6_12 7_5 7_9,,0.666667,0.600000,0.379310,0.428571,,0.481481,0.739130,0.379310,0.111111,0.666667
2025-09-02,B4: B1+B3,0,,0.000000,,1_10 2_10 2_9 3_10 3_11 3_12 3_2 3_3 4_1 4_11 4_2 4_3 4_4 5_1 5_3 5_4 5_7 6_4 7_5 7_9,,0.538462,0.666667,0.538462,0.600000,0.481481,,0.379310,0.666667,0.081081,0.600000
2025-09-02,B2: Recent MA,0,,0.000000,,1_10 1_11 2_10 2_11 2_12 3_10 3_11 3_12 3_13 3_14 4_1 4_2 4_3 4_4 5_1 5_10 6_12 6_5 7_6 7_9,,0.739130,0.538462,0.379310,0.379310,0.739130,0.379310,,0.290323,0.111111,0.600000
2025-09-02,B3: DoY season,0,,0.000000,,1_10 2_9 3_1 3_10 3_12 3_3 4_1 4_11 4_2 4_3 4_4 4_6 5_1 5_3 5_5 5_7 6_4 7_4 7_5 7_9,,0.428571,0.538462,0.428571,0.538462,0.379310,0.666667,0.290323,,0.025641,0.481481
2025-09-02,B0: Random,0,,0.000000,,0_15 0_4 0_5 2_0 2_10 3_11 3_12 3_5 3_7 5_10 5_11 5_2 5_6 5_9 6_0 7_1 7_2 8_13 8_6 8_8,,0.081081,0.111111,0.052632,0.052632,0.111111,0.081081,0.111111,0.025641,,0.081081
2025-09-03,GLM-Logit,4,0.500000,0.100000,3_3 4_1,1_10 1_11 2_10 3_10 3_11 3_12 3_13 4_2 4_3 4_4 5_1 5_3 6_10 6_12 6_4 7_5 7_6 7_9,1_3 2_2,0.818182,0.818182,0.666667,0.600000,0.666667,0.600000,0.600000,0.481481,0.081081,
2025-09-03,HierBayes,4,0.500000,0.100000,3_3 4_1,1_10 1_11 2_10 2_12 3_10 3_11 3_12 3_13 3_14 4_2 4_3 4_4 5_1 6_12 6_4 7_5 7_6 7_9,1_3 2_2,,0.739130,0.666667,0.538462,0.666667,0.538462,0.666667,0.428571,0.052632,0.818182
2025-09-03,B1: Static prior,4,0.500000,0.100000,3_3 4_1,1_10 2_10 2_9 3_10 3_11 3_12 3_13 4_2 4_3 4_4 5_1 5_2 5_3 6_12 6_4 7_5 7_6 7_9,1_3 2_2,0.739130,,0.818182,0.666667,0.538462,0.666667,0.481481,0.538462,0.052632,0.818182
2025-09-03,TTM,4,0.500000,0.100000,3_3 4_1,1_10 2_10 2_12 2_9 3_12 3_13 4_2 4_3 4_4 5_1 5_2 5_3 6_12 6_4 7_4 7_5 7_6 7_9,1_3 2_2,0.666667,0.818182,,0.666667,0.481481,0.600000,0.428571,0.538462,0.052632,0.666667
2025-09-03,ET,4,0.500000,0.100000,3_3 4_1,1_10 2_9 3_11 3_12 3_13 3_2 4_11 4_13 4_2 4_3 5_1 5_3 6_12 6_4 7_4 7_5 7_6 7_9,1_3 2_2,0.538462,0.666667,0.666667,,0.428571,0.600000,0.333333,0.538462,0.081081,0.600000
2025-09-03,B5: B2+B3,4,0.250000,0.050000,4_1,1_10 1_11 2_10 2_11 3_10 3_11 3_12 3_13 3_14 4_2 4_3 4_4 5_1 5_10 6_10 6_12 7_4 7_5 7_9,1_3 2_2 3_3,0.666667,0.538462,0.481481,0.428571,,0.481481,0.739130,0.379310,0.081081,0.666667
2025-09-03,B4: B1+B3,4,0.500000,0.100000,3_3 4_1,1_10 2_10 2_9 3_10 3_11 3_12 4_11 4_2 4_3 4_4 5_1 5_3 5_4 5_7 6_4 7_4 7_5 7_9,1_3 2_2,0.538462,0.666667,0.600000,0.600000,0.481481,,0.333333,0.818182,0.081081,0.600000
2025-09-03,B2: Recent MA,4,0.250000,0.050000,4_1,1_10 1_11 2_10 2_11 2_12 3_10 3_11 3_12 3_13 3_14 4_2 4_4 5_1 5_10 6_10 6_12 7_12 7_6 7_9,1_3 2_2 3_3,0.666667,0.481481,0.428571,0.333333,0.739130,0.333333,,0.250000,0.081081,0.600000
2025-09-03,B3: DoY season,4,0.500000,0.100000,3_3 4_1,1_10 2_9 3_1 3_10 3_12 4_11 4_2 4_3 4_4 4_6 5_1 5_3 5_4 5_7 6_4 7_4 7_5 7_9,1_3 2_2,0.428571,0.538462,0.538462,0.538462,0.379310,0.818182,0.250000,,0.111111,0.481481
2025-09-03,B0: Random,4,0.000000,0.000000,,0_2 1_14 1_6 1_8 2_4 3_1 3_15 3_7 4_11 4_15 5_1 5_11 5_4 5_8 6_10 6_12 7_0 7_13 8_5 8_9,1_3 2_2 3_3 4_1,0.052632,0.052632,0.052632,0.081081,0.081081,0.081081,0.081081,0.111111,,0.081081
2025-09-04,GLM-Logit,14,0.428571,0.300000,1_11 3_12 5_1 6_12 7_6 7_9,1_10 2_10 3_10 3_11 3_13 3_14 3_3 4_1 4_3 4_4 5_3 6_10 6_4 7_5,2_11 2_2 5_2 5_5 5_7 6_6 7_11 7_4,0.818182,0.739130,0.538462,0.538462,0.739130,0.600000,0.600000,0.379310,0.025641,
2025-09-04,HierBayes,14,0.428571,0.300000,1_11 3_12 5_1 6_12 7_6 7_9,1_10 2_10 2_12 3_10 3_11 3_13 3_14 3_3 4_1 4_3 4_4 5_10 6_4 7_5,2_11 2_2 5_2 5_5 5_7 6_6 7_11 7_4,,0.666667,0.538462,0.481481,0.739130,0.538462,0.666667,0.333333,0.025641,0.818182
2025-09-04,B1: Static prior,14,0.428571,0.300000,3_12 5_1 5_2 6_12 7_6 7_9,1_10 2_10 2_9 3_10 3_11 3_13 3_3 4_1 4_2 4_3 4_4 5_3 6_4 7_5,1_11 2_11 2_2 5_5 5_7 6_6 7_11 7_4,0.666667,,0.666667,0.666667,0.600000,0.739130,0.428571,0.481481,0.025641,0.739130
2025-09-04,TTM,14,0.500000,0.350000,2_2 3_12 5_1 5_2 6_12 7_4 7_9,0_9 1_10 2_10 2_12 2_9 3_10 3_13 4_1 4_3 4_4 5_3 6_4 7_5,1_11 2_11 5_5 5_7 6_6 7_11 7_6,0.538462,0.666667,,0.481481,0.379310,0.538462,0.428571,0.428571,0.025641,0.538462
2025-09-04,ET,14,0.428571,0.300000,3_12 5_1 6_12 7_4 7_6 7_9,1_10 2_9 3_11 3_13 3_2 3_3 4_1 4_11 4_13 4_2 4_3 5_3 6_4 7_5,1_11 2_11 2_2 5_2 5_5 5_7 6_6 7_11,0.481481,0.666667,0.481481,,0.428571,0.666667,0.379310,0.538462,0.025641,0.538462
2025-09-04,B5: B2+B3,14,0.500000,0.350000,1_11 2_11 3_12 5_1 6_12 7_6 7_9,2_10 3_10 3_11 3_13 3_14 3_3 4_1 4_2 4_4 5_10 6_10 6_4 7_5,2_2 5_2 5_5 5_7 6_6 7_11 7_4,0.739130,0.600000,0.379310,0.428571,,0.481481,0.739130,0.333333,0.025641,0.739130
2025-09-04,B4: B1+B3,14,0.214286,0.150000,3_12 5_1 7_9,1_10 2_10 2_9 3_10 3_11 3_13 3_2 3_3 4_1 4_11 4_2 4_3 4_4 5_3 5_4 6_4 7_5,1_11 2_11 2_2 5_2 5_5 5_7 6_12 6_6 7_11 7_4 7_6,0.538462,0.739130,0.538462,0.666667,0.481481,,0.379310,0.666667,0.025641,0.600000
2025-09-04,B2: Recent MA,14,0.571429,0.400000,1_11 2_11 3_12 5_1 6_12 7_4 7_6 7_9,2_10 2_12 3_10 3_11 3_13 3_14 3_2 4_1 4_4 5_10 6_10 6_4,2_2 5_2 5_5 5_7 6_6 7_11,0.666667,0.428571,0.428571,0.379310,0.739130,0.379310,,0.290323,0.025641,0.600000
2025-09-04,B3: DoY season,14,0.357143,0.250000,3_12 5_1 5_7 7_4 7_9,1_10 2_9 3_1 3_10 3_2 3_3 4_1 4_11 4_2 4_4 4_6 5_3 5_4 6_4 7_5,1_11 2_11 2_2 5_2 5_5 6_12 6_6 7_11 7_6,0.333333,0.481481,0.428571,0.538462,0.333333,0.666667,0.290323,,0.025641,0.379310
2025-09-04,B0: Random,14,0.142857,0.100000,5_1 7_11,0_12 0_15 0_2 0_7 2_14 2_3 2_6 3_6 3_9 4_10 4_14 5_0 5_8 6_14 6_7 7_14 8_10 8_9,1_11 2_11 2_2 3_12 5_2 5_5 5_7 6_12 6_6 7_4 7_6 7_9,0.025641,0.025641,0.025641,0.025641,0.025641,0.025641,0.025641,0.025641,,0.025641
2025-09-05,GLM-Logit,7,0.428571,0.150000,1_11 3_13 4_3,1_10 2_10 3_10 3_11 3_12 3_3 4_1 4_4 5_1 5_3 6_10 6_12 6_4 7_4 7_5 7_6 7_9,1_3 1_9 2_11 3_1,0.739130,0.739130,0.600000,0.600000,0.600000,0.600000,0.600000,0.428571,0.025641,
2025-09-05,HierBayes,7,0.571429,0.200000,1_11 2_11 3_13 4_3,1_10 2_10 2_12 3_10 3_11 3_12 3_14 3_3 4_1 4_4 5_1 6_12 6_4 7_4 7_6 7_9,1_3 1_9 3_1,,0.600000,0.538462,0.481481,0.666667,0.481481,0.666667,0.333333,0.025641,0.739130
2025-09-05,B1: Static prior,7,0.285714,0.100000,3_13 4_3,1_10 2_10 2_9 3_10 3_11 3_12 3_3 4_1 4_2 4_4 5_1 5_2 5_3 6_12 6_4 7_5 7_6 7_9,1_11 1_3 1_9 2_11 3_1,0.600000,,0.666667,0.666667,0.481481,0.739130,0.428571,0.481481,0.025641,0.739130
2025-09-05,TTM,7,0.428571,0.150000,1_9 3_13 4_3,1_10 2_10 2_12 2_2 3_12 4_1 4_2 4_4 5_1 5_2 5_3 6_12 6_4 7_4 7_5 7_6 7_9,1_11 1_3 2_11 3_1,0.538462,0.666667,,0.538462,0.428571,0.481481,0.481481,0.379310,0.052632,0.600000
2025-09-05,ET,7,0.285714,0.100000,3_13 4_3,1_10 2_9 3_11 3_12 3_2 3_3 4_1 4_11 4_13 4_2 5_1 5_3 6_12 6_4 7_4 7_5 7_6 7_9,1_11 1_3 1_9 2_11 3_1,0.481481,0.666667,0.538462,,0.428571,0.666667,0.333333,0.538462,0.052632,0.600000
2025-09-05,B5: B2+B3,7,0.428571,0.150000,1_11 2_11 3_13,2_10 2_2 3_10 3_11 3_12 3_14 3_2 3_3 4_1 4_4 5_1 5_10 6_12 7_4 7_5 7_6 7_9,1_3 1_9 3_1 4_3,0.666667,0.481481,0.428571,0.428571,,0.428571,0.818182,0.333333,0.052632,0.600000
2025-09-05,B4: B1+B3,7,0.285714,0.100000,3_13 4_3,1_10 2_10 2_9 3_10 3_11 3_12 3_2 3_3 4_1 4_11 4_2 4_4 5_1 5_3 5_4 6_4 7_5 7_9,1_11 1_3 1_9 2_11 3_1,0.481481,0.739130,0.481481,0.666667,0.428571,,0.333333,0.666667,0.025641,0.600000
2025-09-05,B2: Recent MA,7,0.428571,0.150000,1_11 2_11 3_13,2_10 2_12 2_2 3_10 3_11 3_12 3_14 4_1 4_4 5_1 5_10 6_10 6_12 7_4 7_5 7_6 7_9,1_3 1_9 3_1 4_3,0.666667,0.428571,0.481481,0.333333,0.818182,0.333333,,0.250000,0.052632,0.600000
2025-09-05,B3: DoY season,7,0.142857,0.050000,3_1,1_10 2_9 3_10 3_12 3_2 3_3 4_1 4_11 4_2 4_4 4_6 5_1 5_3 5_4 5_7 6_4 7_4 7_5 7_9,1_11 1_3 1_9 2_11 3_13 4_3,0.333333,0.481481,0.379310,0.538462,0.333333,0.666667,0.250000,,0.025641,0.428571
2025-09-05,B0: Random,7,0.000000,0.000000,,0_7 0_8 1_0 1_14 1_15 1_4 1_8 2_1 2_2 2_3 2_8 3_7 4_0 4_1 4_13 7_14 8_1 8_5 8_6 8_8,1_11 1_3 1_9 2_11 3_1 3_13 4_3,0.025641,0.025641,0.052632,0.052632,0.052632,0.025641,0.052632,0.025641,,0.025641
2025-09-06,GLM-Logit,5,0.600000,0.150000,3_10 4_1 7_9,1_10 1_11 2_10 3_11 3_12 3_13 3_3 4_3 4_4 5_1 5_3 6_10 6_12 6_4 7_4 7_5 7_6,2_2 3_1,0.739130,0.739130,0.666667,0.600000,0.600000,0.538462,0.600000,0.379310,0.081081,
2025-09-06,HierBayes,5,0.600000,0.150000,3_10 4_1 7_9,1_10 1_11 2_10 2_11 2_12 3_11 3_12 3_13 3_14 3_3 4_3 4_4 5_1 6_12 6_4 7_4 7_6,2_2 3_1,,0.600000,0.538462,0.481481,0.666667,0.428571,0.739130,0.333333,0.081081,0.739130
2025-09-06,B1: Static prior,5,0.600000,0.150000,3_10 4_1 7_9,1_10 2_10 2_9 3_11 3_12 3_13 3_3 4_2 4_3 4_4 5_1 5_2 5_3 6_12 6_4 7_5 7_6,2_2 3_1,0.600000,,0.600000,0.666667,0.481481,0.739130,0.428571,0.481481,0.081081,0.739130
2025-09-06,TTM,5,0.400000,0.100000,4_1 7_9,1_10 1_11 2_10 3_11 3_12 3_13 3_2 4_3 4_4 5_1 5_2 5_3 6_12 6_4 6_7 7_10 7_4 7_5,2_2 3_1 3_10,0.538462,0.600000,,0.538462,0.538462,0.538462,0.428571,0.333333,0.025641,0.666667
2025-09-06,ET,5,0.400000,0.100000,4_1 7_9,1_10 2_9 3_11 3_12 3_13 3_2 3_3 4_11 4_13 4_2 4_3 5_1 5_3 6_12 6_4 7_4 7_5 7_6,2_2 3_1 3_10,0.481481,0.666667,0.538462,,0.428571,0.600000,0.333333,0.481481,0.052632,0.600000
2025-09-06,B5: B2+B3,5,0.800000,0.200000,2_2 3_10 4_1 7_9,1_11 2_10 2_11 3_11 3_12 3_13 3_14 3_2 4_3 4_4 5_1 5_10 6_12 7_4 7_5 7_6,3_1,0.666667,0.481481,0.538462,0.428571,,0.379310,0.818182,0.290323,0.081081,0.600000
2025-09-06,B4: B1+B3,5,0.600000,0.150000,3_10 4_1 7_9,1_10 2_10 2_9 3_12 3_13 3_2 3_3 4_11 4_2 4_3 4_4 5_1 5_2 5_3 5_4 6_4 7_5,2_2 3_1,0.428571,0.739130,0.538462,0.600000,0.379310,,0.290323,0.666667,0.052632,0.538462
2025-09-06,B2: Recent MA,5,0.800000,0.200000,2_2 3_10 4_1 7_9,1_11 2_10 2_11 2_12 3_11 3_12 3_13 3_14 4_3 4_4 5_1 5_10 6_10 6_12 7_4 7_6,3_1,0.739130,0.428571,0.428571,0.333333,0.818182,0.290323,,0.212121,0.081081,0.600000
2025-09-06,B3: DoY season,5,0.800000,0.200000,3_1 3_10 4_1 7_9,1_10 2_9 3_12 3_14 3_2 3_3 4_11 4_2 4_4 4_6 5_0 5_1 5_3 5_4 6_4 7_5,2_2,0.333333,0.481481,0.333333,0.481481,0.290323,0.666667,0.212121,,0.052632,0.379310
2025-09-06,B0: Random,5,0.200000,0.050000,3_10,0_10 0_14 0_8 1_13 1_7 1_8 2_1 2_15 3_8 4_0 4_9 5_13 5_15 5_4 6_11 6_12 7_6 8_2 8_4,2_2 3_1 4_1 7_9,0.081081,0.081081,0.025641,0.052632,0.081081,0.052632,0.081081,0.052632,,0.081081
2025-09-07,GLM-Logit,6,0.166667,0.050000,5_1,1_10 1_11 2_10 2_2 3_10 3_11 3_12 3_13 3_3 4_1 4_3 4_4 5_3 6_10 6_12 6_4 7_5 7_6 7_9,3_2 6_11 7_11 8_10 8_11,0.739130,0.739130,0.666667,0.538462,0.600000,0.538462,0.600000,0.428571,0.176471,
2025-09-07,HierBayes,6,0.166667,0.050000,5_1,1_10 1_11 2_10 2_11 2_12 2_2 3_10 3_11 3_12 3_13 3_14 3_3 4_1 4_3 4_4 6_12 6_4 7_6 7_9,3_2 6_11 7_11 8_10 8_11,,0.600000,0.538462,0.428571,0.666667,0.428571,0.739130,0.379310,0.111111,0.739130
2025-09-07,B1: Static prior,6,0.166667,0.050000,5_1,1_10 2_10 2_9 3_10 3_11 3_12 3_13 3_3 4_1 4_2 4_3 4_4 5_2 5_3 6_12 6_4 7_5 7_6 7_9,3_2 6_11 7_11 8_10 8_11,0.600000,,0.600000,0.666667,0.481481,0.739130,0.428571,0.481481,0.176471,0.739130
2025-09-07,TTM,6,0.166667,0.050000,5_1,1_10 2_10 2_11 2_2 3_10 3_12 3_13 4_1 4_3 4_4 5_2 5_3 6_10 6_12 6_4 6_7 7_4 7_5 7_9,3_2 6_11 7_11 8_10 8_11,0.538462,0.600000,,0.428571,0.538462,0.538462,0.538462,0.428571,0.176471,0.666667
2025-09-07,ET,6,0.333333,0.100000,3_2 5_1,1_10 2_9 3_11 3_12 3_13 3_3 4_1 4_11 4_13 4_2 4_3 5_3 6_12 6_4 7_4 7_5 7_6 7_9,6_11 7_11 8_10 8_11,0.428571,0.666667,0.428571,,0.428571,0.600000,0.333333,0.538462,0.176471,0.538462
2025-09-07,B5: B2+B3,6,0.333333,0.100000,3_2 5_1,1_11 2_10 2_11 2_2 3_10 3_11 3_12 3_13 3_14 4_1 4_3 4_4 5_10 6_12 7_4 7_5 7_6 7_9,6_11 7_11 8_10 8_11,0.666667,0.481481,0.538462,0.428571,,0.379310,0.818182,0.379310,0.142857,0.600000
2025-09-07,B4: B1+B3,6,0.333333,0.100000,3_2 5_1,1_10 2_10 2_9 3_10 3_12 3_13 3_3 4_1 4_11 4_2 4_3 4_4 5_2 5_3 5_4 6_4 7_5 7_9,6_11 7_11 8_10 8_11,0.428571,0.739130,0.538462,0.600000,0.379310,,0.290323,0.666667,0.142857,0.538462
2025-09-07,B2: Recent MA,6,0.166667,0.050000,5_1,1_11 2_10 2_11 2_12 2_2 3_10 3_11 3_12 3_13 3_14 4_1 4_3 4_4 5_10 6_10 6_12 7_4 7_6 7_9,3_2 6_11 7_11 8_10 8_11,0.739130,0.428571,0.538462,0.333333,0.818182,0.290323,,0.290323,0.142857,0.600000
2025-09-07,B3: DoY season,6,0.333333,0.100000,3_2 5_1,1_10 2_9 3_1 3_10 3_12 3_14 3_3 4_1 4_11 4_3 4_4 5_0 5_3 5_4 6_4 7_4 7_5 7_9,6_11 7_11 8_10 8_11,0.379310,0.481481,0.428571,0.538462,0.379310,0.666667,0.290323,,0.081081,0.428571
2025-09-07,B0: Random,6,0.166667,0.050000,5_1,0_11 0_3 1_6 1_7 1_8 2_1 2_14 3_0 3_13 4_2 4_7 4_8 6_10 6_12 7_0 7_15 7_3 7_5 7_9,3_2 6_11 7_11 8_10 8_11,0.111111,0.176471,0.176471,0.176471,0.142857,0.142857,0.142857,0.081081,,0.176471
2025-09-08,GLM-Logit,10,0.400000,0.200000,3_12 4_1 4_4 7_9,1_10 1_11 2_10 2_2 3_10 3_11 3_13 3_3 4_3 5_1 5_3 6_10 6_12 7_4 7_5 7_6,1_2 3_14 5_6 5_9 6_11 7_12,0.739130,0.666667,0.481481,0.538462,0.666667,0.481481,0.666667,0.428571,0.081081,
2025-09-08,HierBayes,10,0.500000,0.250000,3_12 3_14 4_1 4_4 7_9,1_10 1_11 2_10 2_11 2_12 2_2 3_10 3_11 3_13 3_3 4_3 5_1 6_12 7_4 7_6,1_2 5_6 5_9 6_11 7_12,,0.538462,0.379310,0.428571,0.739130,0.379310,0.818182,0.379310,0.081081,0.739130
2025-09-08,B1: Static prior,10,0.400000,0.200000,3_12 4_1 4_4 7_9,1_10 2_10 2_9 3_10 3_11 3_13 3_3 4_2 4_3 5_1 5_2 5_3 6_12 6_4 7_5 7_6,1_2 3_14 5_6 5_9 6_11 7_12,0.538462,,0.538462,0.666667,0.481481,0.739130,0.428571,0.538462,0.111111,0.666667
2025-09-08,TTM,10,0.300000,0.150000,4_1 4_4 7_9,1_10 2_11 2_9 3_13 3_3 4_0 4_3 5_1 5_2 5_3 5_4 6_10 6_12 6_4 6_7 7_4 7_5,1_2 3_12 3_14 5_6 5_9 6_11 7_12,0.379310,0.538462,,0.481481,0.333333,0.538462,0.333333,0.481481,0.025641,0.481481
2025-09-08,ET,10,0.300000,0.150000,3_12 4_1 7_9,1_10 2_9 3_11 3_13 3_2 3_3 4_11 4_13 4_2 4_3 5_1 5_3 6_12 6_4 7_4 7_5 7_6,1_2 3_14 4_4 5_6 5_9 6_11 7_12,0.428571,0.666667,0.481481,,0.428571,0.600000,0.333333,0.538462,0.081081,0.538462
2025-09-08,B5: B2+B3,10,0.500000,0.250000,3_12 3_14 4_1 4_4 7_9,1_11 2_10 2_11 2_2 3_10 3_11 3_13 3_2 4_3 5_1 5_10 6_12 7_4 7_5 7_6,1_2 5_6 5_9 6_11 7_12,0.739130,0.481481,0.333333,0.428571,,0.379310,0.818182,0.379310,0.081081,0.666667
2025-09-08,B4: B1+B3,10,0.400000,0.200000,3_12 4_1 4_4 7_9,1_10 2_10 2_9 3_10 3_13 3_2 3_3 4_11 4_2 4_3 5_1 5_2 5_3 5_4 6_4 7_5,1_2 3_14 5_6 5_9 6_11 7_12,0.379310,0.739130,0.538462,0.600000,0.379310,,0.290323,0.739130,0.081081,0.481481
2025-09-08,B2: Recent MA,10,0.500000,0.250000,3_12 3_14 4_1 4_4 7_9,1_11 2_10 2_11 2_12 2_2 3_10 3_11 3_13 4_3 5_1 5_10 6_10 6_12 7_4 7_6,1_2 5_6 5_9 6_11 7_12,0.818182,0.428571,0.333333,0.333333,0.818182,0.290323,,0.290323,0.081081,0.666667
2025-09-08,B3: DoY season,10,0.500000,0.250000,3_12 3_14 4_1 4_4 7_9,1_10 2_9 3_1 3_10 3_13 3_2 3_3 4_11 4_3 5_0 5_1 5_3 5_4 6_4 7_5,1_2 5_6 5_9 6_11 7_12,0.379310,0.538462,0.481481,0.538462,0.379310,0.739130,0.290323,,0.081081,0.428571
2025-09-08,B0: Random,10,0.100000,0.050000,3_12,0_11 0_5 0_8 1_12 1_4 2_13 2_5 3_10 3_15 4_8 5_13 5_7 6_0 6_15 6_3 6_4 7_13 7_6 8_6,1_2 3_14 4_1 4_4 5_6 5_9 6_11 7_12 7_9,0.081081,0.111111,0.025641,0.081081,0.081081,0.081081,0.081081,0.081081,,0.081081
2025-09-09,GLM-Logit,8,0.250000,0.100000,5_1 6_12,1_10 1_11 2_10 2_2 3_10 3_11 3_12 3_13 3_3 4_1 4_3 4_4 5_3 6_10 6_4 7_4 7_6 7_9,1_3 2_11 3_4 4_7 5_12 6_5,0.739130,0.666667,0.666667,0.538462,0.600000,0.538462,0.666667,0.428571,0.111111,
2025-09-09,HierBayes,8,0.375000,0.150000,2_11 5_1 6_12,1_10 1_11 2_10 2_12 2_2 3_10 3_11 3_12 3_13 3_14 3_3 4_1 4_3 4_4 7_4 7_6 7_9,1_3 3_4 4_7 5_12 6_5,,0.538462,0.538462,0.428571,0.739130,0.428571,0.818182,0.333333,0.081081,0.739130
2025-09-09,B1: Static prior,8,0.250000,0.100000,5_1 6_12,1_10 2_10 2_9 3_10 3_11 3_12 3_13 3_3 4_1 4_2 4_3 4_4 5_2 5_3 6_4 7_5 7_6 7_9,1_3 2_11 3_4 4_7 5_12 6_5,0.538462,,0.600000,0.666667,0.481481,0.600000,0.428571,0.538462,0.111111,0.666667
2025-09-09,TTM,8,0.375000,0.150000,2_11 5_1 6_12,1_10 1_11 2_2 2_9 3_12 3_13 3_3 4_1 4_3 4_4 5_2 5_3 6_10 6_4 7_4 7_5 7_9,1_3 3_4 4_7 5_12 6_5,0.538462,0.600000,,0.538462,0.481481,0.538462,0.481481,0.481481,0.111111,0.666667
2025-09-09,ET,8,0.250000,0.100000,5_1 6_12,1_10 2_9 3_11 3_12 3_13 3_2 3_3 4_1 4_11 4_13 4_2 4_3 5_3 6_4 7_4 7_5 7_6 7_9,1_3 2_11 3_4 4_7 5_12 6_5,0.428571,0.666667,0.538462,,0.428571,0.538462,0.333333,0.538462,0.111111,0.538462
2025-09-09,B5: B2+B3,8,0.375000,0.150000,2_11 5_1 6_12,1_11 2_10 2_2 3_10 3_11 3_12 3_13 3_14 3_2 4_1 4_3 4_4 5_10 7_4 7_5 7_6 7_9,1_3 3_4 4_7 5_12 6_5,0.739130,0.481481,0.481481,0.428571,,0.428571,0.818182,0.333333,0.111111,0.600000
2025-09-09,B4: B1+B3,8,0.250000,0.100000,1_3 5_1,1_10 2_10 2_2 2_9 3_10 3_12 3_13 3_2 3_3 4_1 4_11 4_3 4_4 5_3 5_4 6_4 7_5 7_9,2_11 3_4 4_7 5_12 6_12 6_5,0.428571,0.600000,0.538462,0.538462,0.428571,,0.333333,0.818182,0.142857,0.538462
2025-09-09,B2: Recent MA,8,0.375000,0.150000,2_11 5_1 6_12,1_11 2_10 2_12 2_2 3_10 3_11 3_12 3_13 3_14 4_1 4_3 4_4 5_10 6_10 7_4 7_6 7_9,1_3 3_4 4_7 5_12 6_5,0.818182,0.428571,0.481481,0.333333,0.818182,0.333333,,0.250000,0.081081,0.666667
2025-09-09,B3: DoY season,8,0.250000,0.100000,1_3 5_1,1_10 2_9 3_10 3_12 3_13 3_2 3_3 4_1 4_11 4_3 4_4 5_0 5_3 5_4 6_4 7_10 7_5 7_9,2_11 3_4 4_7 5_12 6_12 6_5,0.333333,0.538462,0.481481,0.538462,0.333333,0.818182,0.250000,,0.111111,0.428571
2025-09-09,B0: Random,8,0.375000,0.150000,1_3 4_7 5_12,1_4 2_14 2_2 2_6 3_0 3_11 4_1 5_14 5_9 6_4 6_9 7_11 7_5 7_8 8_1 8_13 8_5,2_11 3_4 5_1 6_12 6_5,0.081081,0.111111,0.111111,0.111111,0.111111,0.142857,0.081081,0.111111,,0.111111
2025-09-10,GLM-Logit,13,0.230769,0.150000,1_10 6_12 7_9,1_11 2_10 2_11 2_2 3_10 3_11 3_12 3_13 3_3 4_1 4_3 4_4 5_1 5_3 6_10 7_4 7_6,1_4 4_2 5_12 5_6 5_7 6_6 7_11 7_12 7_13 8_11,0.739130,0.600000,0.600000,0.481481,0.739130,0.481481,0.666667,0.428571,0.111111,
2025-09-10,HierBayes,13,0.230769,0.150000,1_10 6_12 7_9,1_11 1_3 2_10 2_11 2_12 2_2 3_10 3_11 3_12 3_13 3_14 3_3 4_1 4_3 4_4 5_1 7_6,1_4 4_2 5_12 5_6 5_7 6_6 7_11 7_12 7_13 8_11,,0.538462,0.428571,0.379310,0.818182,0.481481,0.818182,0.428571,0.081081,0.739130
2025-09-10,B1: Static prior,13,0.307692,0.200000,1_10 4_2 6_12 7_9,2_10 2_9 3_10 3_11 3_12 3_13 3_3 4_1 4_3 4_4 5_1 5_2 5_3 6_4 7_5 7_6,1_4 5_12 5_6 5_7 6_6 7_11 7_12 7_13 8_11,0.538462,,0.600000,0.666667,0.538462,0.666667,0.428571,0.538462,0.052632,0.600000
2025-09-10,TTM,13,0.153846,0.100000,1_10 7_9,2_10 2_2 3_12 3_13 3_3 4_1 4_3 4_4 5_1 5_2 5_3 5_4 6_10 6_11 6_4 7_4 7_5 7_6,1_4 4_2 5_12 5_6 5_7 6_12 6_6 7_11 7_12 7_13 8_11,0.428571,0.600000,,0.481481,0.481481,0.538462,0.379310,0.481481,0.081081,0.600000
2025-09-10,ET,13,0.307692,0.200000,1_10 4_2 6_12 7_9,2_9 3_11 3_12 3_13 3_2 3_3 4_1 4_11 4_13 4_3 5_1 5_3 6_4 7_4 7_5 7_6,1_4 5_12 5_6 5_7 6_6 7_11 7_12 7_13 8_11,0.379310,0.666667,0.481481,,0.428571,0.600000,0.290323,0.538462,0.081081,0.481481
2025-09-10,B5: B2+B3,13,0.153846,0.100000,6_12 7_9,1_11 1_3 2_10 2_11 2_2 3_10 3_11 3_12 3_13 3_14 3_3 4_1 4_3 4_4 5_1 7_4 7_5 7_6,1_10 1_4 4_2 5_12 5_6 5_7 6_6 7_11 7_12 7_13 8_11,0.818182,0.538462,0.481481,0.428571,,0.481481,0.739130,0.428571,0.081081,0.739130
2025-09-10,B4: B1+B3,13,0.230769,0.150000,1_10 6_12 7_9,1_3 2_10 2_9 3_10 3_12 3_13 3_2 3_3 4_1 4_11 4_3 4_4 5_1 5_3 5_4 6_4 7_5,1_4 4_2 5_12 5_6 5_7 6_6 7_11 7_12 7_13 8_11,0.481481,0.666667,0.538462,0.600000,0.481481,,0.379310,0.818182,0.052632,0.481481
2025-09-10,B2: Recent MA,13,0.153846,0.100000,6_12 7_9,1_11 1_3 2_10 2_11 2_12 2_2 3_10 3_11 3_12 3_13 3_14 4_1 4_3 4_4 5_1 5_10 6_10 7_6,1_10 1_4 4_2 5_12 5_6 5_7 6_6 7_11 7_12 7_13 8_11,0.818182,0.428571,0.379310,0.290323,0.739130,0.379310,,0.333333,0.052632,0.666667
2025-09-10,B3: DoY season,13,0.230769,0.150000,1_10 6_12 7_9,1_3 2_2 2_9 3_10 3_12 3_13 3_2 3_3 4_1 4_11 4_4 5_0 5_1 5_3 5_4 6_4 7_5,1_4 4_2 5_12 5_6 5_7 6_6 7_11 7_12 7_13 8_11,0.428571,0.538462,0.481481,0.538462,0.428571,0.818182,0.333333,,0.052632,0.428571
2025-09-10,B0: Random,13,0.153846,0.100000,1_10 6_6,0_15 1_11 1_2 1_8 2_8 3_13 4_0 4_14 4_5 5_14 6_13 6_2 7_0 7_14 7_4 8_15 8_8 8_9,1_4 4_2 5_12 5_6 5_7 6_12 7_11 7_12 7_13 7_9 8_11,0.081081,0.052632,0.081081,0.081081,0.081081,0.052632,0.052632,0.052632,,0.111111
2025-09-11,GLM-Logit,4,0.250000,0.050000,3_12,1_10 1_11 2_10 2_11 2_2 3_10 3_11 3_13 3_3 4_1 4_2 4_3 4_4 5_1 6_10 6_12 7_4 7_6 7_9,1_3 4_5 7_10,0.739130,0.600000,0.428571,0.481481,0.739130,0.481481,0.739130,0.379310,0.025641,
2025-09-11,HierBayes,4,0.500000,0.100000,1_3 3_12,1_10 1_11 2_10 2_11 2_12 2_2 3_10 3_11 3_13 3_14 3_3 4_1 4_3 4_4 5_1 6_12 7_6 7_9,4_5 7_10,,0.538462,0.333333,0.379310,0.818182,0.538462,0.739130,0.428571,0.081081,0.739130
2025-09-11,B1: Static prior,4,0.250000,0.050000,3_12,1_10 2_10 2_9 3_10 3_11 3_13 3_3 4_1 4_2 4_3 4_4 5_1 5_2 5_3 6_12 6_4 7_5 7_6 7_9,1_3 4_5 7_10,0.538462,,0.538462,0.666667,0.538462,0.739130,0.481481,0.538462,0.081081,0.600000
2025-09-11,TTM,4,0.250000,0.050000,3_12,1_10 2_10 3_13 3_9 4_1 4_3 4_4 5_1 5_2 5_3 5_4 5_6 5_7 6_10 6_4 7_4 7_5 7_6 7_9,1_3 4_5 7_10,0.333333,0.538462,,0.428571,0.379310,0.428571,0.379310,0.379310,0.111111,0.428571
2025-09-11,ET,4,0.250000,0.050000,3_12,1_10 2_9 3_11 3_13 3_2 3_3 4_1 4_11 4_13 4_2 4_3 5_1 5_3 6_12 6_4 7_4 7_5 7_6 7_9,1_3 4_5 7_10,0.379310,0.666667,0.428571,,0.428571,0.666667,0.379310,0.538462,0.081081,0.481481
2025-09-11,B5: B2+B3,4,0.500000,0.100000,1_3 3_12,1_11 2_10 2_11 2_2 3_10 3_11 3_13 3_14 3_3 4_1 4_3 4_4 5_1 6_12 7_4 7_5 7_6 7_9,4_5 7_10,0.818182,0.538462,0.379310,0.428571,,0.538462,0.739130,0.428571,0.081081,0.739130
2025-09-11,B4: B1+B3,4,0.500000,0.100000,1_3 3_12,1_10 2_10 2_9 3_10 3_11 3_13 3_2 3_3 4_1 4_11 4_3 4_4 5_1 5_3 6_12 6_4 7_5 7_9,4_5 7_10,0.538462,0.739130,0.428571,0.666667,0.538462,,0.379310,0.739130,0.111111,0.481481
2025-09-11,B2: Recent MA,4,0.250000,0.050000,3_12,1_11 2_10 2_11 2_12 2_2 3_10 3_11 3_13 3_14 4_1 4_2 4_3 4_4 5_1 5_6 6_12 7_4 7_6 7_9,1_3 4_5 7_10,0.739130,0.481481,0.379310,0.379310,0.739130,0.379310,,0.290323,0.052632,0.739130
2025-09-11,B3: DoY season,4,0.500000,0.100000,1_3 3_12,0_9 1_10 2_2 2_9 3_10 3_11 3_2 3_3 4_1 4_11 4_3 4_4 5_1 5_3 5_4 6_4 7_5 7_9,4_5 7_10,0.428571,0.538462,0.379310,0.538462,0.428571,0.739130,0.290323,,0.142857,0.379310
2025-09-11,B0: Random,4,0.250000,0.050000,1_3,0_3 1_14 1_4 1_8 2_0 2_12 2_13 2_7 3_15 3_5 3_6 4_10 5_4 5_8 6_4 7_5 7_9 8_1 8_5,3_12 4_5 7_10,0.081081,0.081081,0.111111,0.081081,0.081081,0.111111,0.052632,0.142857,,0.025641
2025-09-12,GLM-Logit,7,0.571429,0.200000,4_1 4_4 5_1 6_12,1_10 1_11 1_3 2_10 2_11 2_2 3_10 3_11 3_12 3_13 3_3 4_2 4_3 6_10 7_6 7_9,6_7 6_8 7_7,0.818182,0.600000,0.379310,0.428571,0.739130,0.481481,0.739130,0.379310,0.000000,
2025-09-12,HierBayes,7,0.571429,0.200000,4_1 4_4 5_1 6_12,1_10 1_11 1_3 2_10 2_11 2_12 2_2 3_10 3_11 3_12 3_13 3_14 3_3 4_3 7_6 7_9,6_7 6_8 7_7,,0.538462,0.333333,0.379310,0.818182,0.481481,0.818182,0.379310,0.000000,0.818182
2025-09-12,B1: Static prior,7,0.571429,0.200000,4_1 4_4 5_1 6_12,1_10 2_10 2_9 3_10 3_11 3_12 3_13 3_3 4_2 4_3 5_2 5_3 6_4 7_5 7_6 7_9,6_7 6_8 7_7,0.538462,,0.600000,0.666667,0.538462,0.666667,0.428571,0.481481,0.052632,0.600000
2025-09-12,TTM,7,0.428571,0.150000,4_1 4_4 5_1,1_10 2_10 2_9 3_12 3_13 4_3 5_2 5_3 5_4 5_6 6_10 6_4 7_4 7_5 7_6 7_8 7_9,6_12 6_7 6_8 7_7,0.333333,0.600000,,0.481481,0.333333,0.538462,0.379310,0.428571,0.081081,0.379310
2025-09-12,ET,7,0.428571,0.150000,4_1 5_1 6_12,1_10 2_9 3_11 3_12 3_13 3_2 3_3 4_11 4_13 4_2 4_3 5_3 6_4 7_4 7_5 7_6 7_9,4_4 6_7 6_8 7_7,0.379310,0.666667,0.481481,,0.428571,0.600000,0.290323,0.481481,0.081081,0.428571
2025-09-12,B5: B2+B3,7,0.571429,0.200000,4_1 4_4 5_1 6_12,1_11 1_3 2_10 2_11 2_2 3_10 3_11 3_12 3_13 3_14 3_2 3_3 4_3 7_5 7_6 7_9,6_7 6_8 7_7,0.818182,0.538462,0.333333,0.428571,,0.538462,0.739130,0.428571,0.025641,0.739130
2025-09-12,B4: B1+B3,7,0.428571,0.150000,4_1 4_4 5_1,1_10 1_3 2_10 2_9 3_10 3_11 3_12 3_13 3_2 3_3 4_11 4_3 5_3 5_4 6_4 7_5 7_9,6_12 6_7 6_8 7_7,0.481481,0.666667,0.538462,0.600000,0.538462,,0.379310,0.739130,0.052632,0.481481
2025-09-12,B2: Recent MA,7,0.571429,0.200000,4_1 4_4 5_1 6_12,1_11 1_3 2_10 2_11 2_12 2_2 3_10 3_11 3_12 3_13 3_14 4_3 5_6 6_10 7_6 7_9,6_7 6_8 7_7,0.818182,0.428571,0.379310,0.290323,0.739130,0.379310,,0.290323,0.000000,0.739130
2025-09-12,B3: DoY season,7,0.428571,0.150000,4_1 4_4 5_1,0_9 1_10 1_3 2_2 2_9 3_10 3_12 3_13 3_2 3_3 4_11 4_7 5_3 5_4 6_4 7_5 7_9,6_12 6_7 6_8 7_7,0.379310,0.481481,0.428571,0.481481,0.428571,0.739130,0.290323,,0.052632,0.379310
2025-09-12,B0: Random,7,0.000000,0.000000,,0_13 0_14 0_6 0_7 1_12 2_4 2_5 2_6 3_2 3_8 5_2 5_3 6_15 6_3 7_12 7_13 7_14 7_4 8_4 8_5,4_1 4_4 5_1 6_12 6_7 6_8 7_7,0.000000,0.052632,0.081081,0.081081,0.025641,0.052632,0.000000,0.052632,,0.000000
2025-09-13,GLM-Logit,8,0.375000,0.150000,5_1 6_10 6_12,1_10 1_11 1_3 2_10 2_11 2_2 3_10 3_11 3_12 3_13 3_3 4_1 4_2 4_3 4_4 7_6 7_9,2_9 4_11 4_6 5_12 6_11,0.818182,0.600000,0.538462,0.428571,0.818182,0.538462,0.739130,0.428571,0.052632,
2025-09-13,HierBayes,8,0.250000,0.100000,5_1 6_12,1_10 1_11 1_3 2_10 2_11 2_12 2_2 3_10 3_11 3_12 3_13 3_14 3_3 4_1 4_3 4_4 7_6 7_9,2_9 4_11 4_6 5_12 6_10 6_11,,0.538462,0.481481,0.379310,0.818182,0.538462,0.818182,0.428571,0.025641,0.818182
2025-09-13,B1: Static prior,8,0.375000,0.150000,2_9 5_1 6_12,1_10 2_10 3_10 3_11 3_12 3_13 3_3 4_1 4_2 4_3 4_4 5_2 5_3 6_4 7_5 7_6 7_9,4_11 4_6 5_12 6_10 6_11,0.538462,,0.739130,0.666667,0.600000,0.739130,0.428571,0.600000,0.025641,0.600000
2025-09-13,TTM,8,0.250000,0.100000,5_1 6_10,1_10 2_10 3_10 3_11 3_12 3_13 3_2 3_3 4_1 4_3 4_4 5_2 5_3 5_4 6_4 7_5 7_6 7_9,2_9 4_11 4_6 5_12 6_11 6_12,0.481481,0.739130,,0.538462,0.481481,0.739130,0.428571,0.600000,0.025641,0.538462
2025-09-13,ET,8,0.500000,0.200000,2_9 4_11 5_1 6_12,1_10 3_11 3_12 3_13 3_2 3_3 4_1 4_13 4_2 4_3 5_3 6_4 7_4 7_5 7_6 7_9,4_6 5_12 6_10 6_11,0.379310,0.666667,0.538462,,0.428571,0.600000,0.290323,0.600000,0.025641,0.428571
2025-09-13,B5: B2+B3,8,0.250000,0.100000,5_1 6_12,1_11 1_3 2_10 2_11 2_2 3_10 3_11 3_12 3_13 3_14 3_3 4_1 4_2 4_3 4_4 7_5 7_6 7_9,2_9 4_11 4_6 5_12 6_10 6_11,0.818182,0.600000,0.481481,0.428571,,0.538462,0.739130,0.428571,0.025641,0.818182
2025-09-13,B4: B1+B3,8,0.375000,0.150000,2_9 5_1 6_12,1_10 1_3 2_10 3_10 3_11 3_12 3_13 3_2 3_3 4_1 4_3 4_4 5_3 5_4 6_4 7_5 7_9,4_11 4_6 5_12 6_10 6_11,0.538462,0.739130,0.739130,0.600000,0.538462,,0.428571,0.818182,0.025641,0.538462
2025-09-13,B2: Recent MA,8,0.375000,0.150000,5_1 6_10 6_12,1_11 1_3 2_10 2_11 2_12 2_2 3_10 3_11 3_12 3_13 3_14 4_1 4_3 4_4 5_6 7_6 7_9,2_9 4_11 4_6 5_12 6_11,0.818182,0.428571,0.428571,0.290323,0.739130,0.428571,,0.333333,0.052632,0.739130
2025-09-13,B3: DoY season,8,0.500000,0.200000,2_9 4_11 5_1 6_12,1_10 1_3 3_10 3_11 3_12 3_13 3_2 3_3 4_1 4_4 4_7 5_3 5_4 6_4 7_5 7_9,4_6 5_12 6_10 6_11,0.428571,0.600000,0.600000,0.600000,0.428571,0.818182,0.333333,,0.025641,0.428571
2025-09-13,B0: Random,8,0.375000,0.150000,6_10 6_11 6_12,0_12 0_2 1_0 1_2 2_14 2_6 3_0 3_6 3_8 4_0 4_12 5_8 7_0 7_10 7_8 8_8 8_9,2_9 4_11 4_6 5_1 5_12,0.025641,0.025641,0.025641,0.025641,0.025641,0.025641,0.052632,0.025641,,0.052632
2025-09-14,GLM-Logit,8,0.625000,0.250000,1_3 3_10 4_1 4_4 5_1,1_10 1_11 2_10 2_11 2_2 3_11 3_12 3_13 3_3 4_2 4_3 6_10 6_12 7_6 7_9,1_2 2_12 6_5,0.818182,0.600000,0.538462,0.428571,0.818182,0.538462,0.818182,0.379310,0.025641,
2025-09-14,HierBayes,8,0.750000,0.300000,1_3 2_12 3_10 4_1 4_4 5_1,1_10 1_11 2_10 2_11 2_2 3_11 3_12 3_13 3_14 3_3 4_3 6_12 7_6 7_9,1_2 6_5,,0.538462,0.481481,0.379310,0.818182,0.538462,0.739130,0.379310,0.025641,0.818182
2025-09-14,B1: Static prior,8,0.500000,0.200000,3_10 4_1 4_4 5_1,1_10 2_10 2_9 3_11 3_12 3_13 3_3 4_2 4_3 5_2 5_3 6_12 6_4 7_5 7_6 7_9,1_2 1_3 2_12 6_5,0.538462,,0.739130,0.666667,0.600000,0.739130,0.481481,0.538462,0.000000,0.600000
2025-09-14,TTM,8,0.250000,0.100000,4_1 5_1,1_10 1_11 2_10 2_9 3_11 3_12 3_13 3_3 4_3 5_2 5_3 6_10 6_12 6_4 7_4 7_5 7_6 7_9,1_2 1_3 2_12 3_10 4_4 6_5,0.481481,0.739130,,0.666667,0.481481,0.600000,0.428571,0.428571,0.000000,0.538462
2025-09-14,ET,8,0.250000,0.100000,4_1 5_1,1_10 2_9 3_11 3_12 3_13 3_2 3_3 4_11 4_13 4_2 4_3 5_3 6_12 6_4 7_4 7_5 7_6 7_9,1_2 1_3 2_12 3_10 4_4 6_5,0.379310,0.666667,0.666667,,0.428571,0.600000,0.333333,0.538462,0.025641,0.428571
2025-09-14,B5: B2+B3,8,0.625000,0.250000,1_3 3_10 4_1 4_4 5_1,1_11 2_10 2_11 2_2 2_9 3_11 3_12 3_13 3_14 3_3 4_2 4_3 6_12 7_6 7_9,1_2 2_12 6_5,0.818182,0.600000,0.481481,0.428571,,0.538462,0.739130,0.379310,0.025641,0.818182
2025-09-14,B4: B1+B3,8,0.625000,0.250000,1_3 3_10 4_1 4_4 5_1,1_10 2_10 2_9 3_11 3_12 3_13 3_2 3_3 4_3 4_7 5_3 6_12 6_4 7_5 7_9,1_2 2_12 6_5,0.538462,0.739130,0.600000,0.600000,0.538462,,0.428571,0.739130,0.025641,0.538462
2025-09-14,B2: Recent MA,8,0.750000,0.300000,1_3 2_12 3_10 4_1 4_4 5_1,1_11 2_10 2_11 2_2 3_11 3_12 3_13 4_2 4_3 5_6 6_10 6_12 7_6 7_9,1_2 6_5,0.739130,0.481481,0.428571,0.333333,0.739130,0.428571,,0.290323,0.052632,0.818182
2025-09-14,B3: DoY season,8,0.625000,0.250000,1_3 3_10 4_1 4_4 5_1,1_10 2_9 3_11 3_12 3_2 3_3 4_11 4_3 4_7 5_3 5_4 6_4 7_10 7_5 7_9,1_2 2_12 6_5,0.379310,0.538462,0.428571,0.538462,0.379310,0.739130,0.290323,,0.025641,0.379310
2025-09-14,B0: Random,8,0.000000,0.000000,,0_0 1_12 1_8 2_2 2_4 2_7 3_15 3_2 3_7 5_6 5_7 6_13 6_14 6_7 6_9 7_3 7_7 8_1 8_13 8_3,1_2 1_3 2_12 3_10 4_1 4_4 5_1 6_5,0.025641,0.000000,0.000000,0.025641,0.025641,0.025641,0.052632,0.025641,,0.025641
2025-09-15,GLM-Logit,8,0.625000,0.250000,2_11 3_10 3_13 4_1 4_4,1_10 1_11 1_3 2_10 2_2 3_11 3_12 3_3 4_2 4_3 5_1 6_10 6_12 7_6 7_9,2_3 6_4 8_9,0.818182,0.600000,0.538462,0.428571,0.739130,0.538462,0.818182,0.379310,0.025641,
2025-09-15,HierBayes,8,0.625000,0.250000,2_11 3_10 3_13 4_1 4_4,1_10 1_11 1_3 2_10 2_12 2_2 3_11 3_12 3_14 3_3 4_3 5_1 6_12 7_6 7_9,2_3 6_4 8_9,,0.538462,0.538462,0.379310,0.818182,0.538462,0.739130,0.379310,0.052632,0.818182
2025-09-15,B1: Static prior,8,0.625000,0.250000,3_10 3_13 4_1 4_4 6_4,1_10 2_10 2_9 3_11 3_12 3_3 4_2 4_3 5_1 5_2 5_3 6_12 7_5 7_6 7_9,2_11 2_3 8_9,0.538462,,0.739130,0.666667,0.481481,0.739130,0.481481,0.481481,0.052632,0.600000
2025-09-15,TTM,8,0.625000,0.250000,3_10 3_13 4_1 4_4 6_4,1_10 1_11 2_10 2_9 3_11 3_12 3_2 3_3 4_3 5_1 5_3 6_12 7_4 7_5 7_9,2_11 2_3 8_9,0.538462,0.739130,,0.666667,0.428571,0.739130,0.428571,0.481481,0.052632,0.538462
2025-09-15,ET,8,0.375000,0.150000,3_13 4_1 6_4,1_10 2_9 3_11 3_12 3_2 3_3 4_11 4_13 4_2 4_3 5_1 5_3 6_12 7_4 7_5 7_6 7_9,2_11 2_3 3_10 4_4 8_9,0.379310,0.666667,0.666667,,0.333333,0.666667,0.333333,0.481481,0.052632,0.428571
2025-09-15,B5: B2+B3,8,0.625000,0.250000,2_11 3_10 3_13 4_1 4_4,1_11 1_3 2_10 2_12 2_2 3_11 3_12 3_14 4_2 4_3 5_1 5_6 6_12 7_6 7_9,2_3 6_4 8_9,0.818182,0.481481,0.428571,0.333333,,0.428571,0.904762,0.290323,0.052632,0.739130
2025-09-15,B4: B1+B3,8,0.625000,0.250000,3_10 3_13 4_1 4_4 6_4,1_10 1_3 2_9 3_11 3_12 3_2 3_3 4_3 4_7 5_1 5_3 6_12 7_5 7_6 7_9,2_11 2_3 8_9,0.538462,0.739130,0.739130,0.666667,0.428571,,0.428571,0.666667,0.081081,0.538462
2025-09-15,B2: Recent MA,8,0.625000,0.250000,2_11 3_10 3_13 4_1 4_4,1_11 1_3 2_10 2_12 2_2 3_11 3_12 4_2 4_3 5_1 5_6 6_10 6_12 7_6 7_9,2_3 6_4 8_9,0.739130,0.481481,0.428571,0.333333,0.904762,0.428571,,0.290323,0.025641,0.818182
2025-09-15,B3: DoY season,8,0.500000,0.200000,3_10 4_1 4_4 6_4,0_9 1_10 1_3 2_9 3_12 3_2 3_3 4_11 4_3 4_7 5_1 5_4 7_10 7_5 7_6 7_9,2_11 2_3 3_13 8_9,0.379310,0.481481,0.481481,0.481481,0.290323,0.666667,0.290323,,0.052632,0.379310
2025-09-15,B0: Random,8,0.000000,0.000000,,0_1 0_13 1_8 2_13 2_8 3_11 3_14 3_15 3_2 3_6 4_5 4_7 5_15 5_2 5_7 6_6 7_0 7_15 8_14 8_5,2_11 2_3 3_10 3_13 4_1 4_4 6_4 8_9,0.052632,0.052632,0.052632,0.052632,0.052632,0.081081,0.025641,0.052632,,0.025641
2025-09-16,GLM-Logit,10,0.300000,0.150000,2_10 3_11 3_12,1_10 1_11 1_3 2_11 2_2 3_10 3_13 3_3 4_1 4_2 4_3 4_4 5_1 6_10 6_12 7_6 7_9,1_2 1_4 2_3 3_14 4_13 5_6 7_5,0.904762,0.600000,0.538462,0.428571,0.739130,0.538462,0.818182,0.333333,0.052632,
2025-09-16,HierBayes,10,0.300000,0.150000,2_10 3_11 3_12,1_10 1_11 1_3 2_11 2_12 2_2 3_10 3_13 3_3 4_1 4_2 4_3 4_4 5_1 6_12 7_6 7_9,1_2 1_4 2_3 3_14 4_13 5_6 7_5,,0.600000,0.481481,0.428571,0.739130,0.538462,0.818182,0.333333,0.052632,0.904762
2025-09-16,B1: Static prior,10,0.400000,0.200000,2_10 3_11 3_12 7_5,1_10 2_9 3_10 3_13 3_3 4_1 4_2 4_3 4_4 5_1 5_2 5_3 6_12 6_4 7_6 7_9,1_2 1_4 2_3 3_14 4_13 5_6,0.600000,,0.600000,0.666667,0.600000,0.739130,0.481481,0.481481,0.025641,0.600000
2025-09-16,TTM,10,0.300000,0.150000,2_10 3_12 7_5,0_9 1_10 1_11 3_13 3_3 4_1 4_3 4_4 5_1 5_12 5_3 5_7 6_10 6_12 6_4 7_6 7_9,1_2 1_4 2_3 3_11 3_14 4_13 5_6,0.481481,0.600000,,0.481481,0.428571,0.538462,0.428571,0.379310,0.000000,0.538462
2025-09-16,ET,10,0.400000,0.200000,3_11 3_12 4_13 7_5,1_10 2_9 3_13 3_2 3_3 4_1 4_11 4_2 4_3 5_1 5_3 6_12 6_4 7_4 7_6 7_9,1_2 1_4 2_10 2_3 3_14 5_6,0.428571,0.666667,0.481481,,0.428571,0.666667,0.333333,0.481481,0.025641,0.428571
2025-09-16,B5: B2+B3,10,0.500000,0.250000,2_10 3_11 3_12 5_6 7_5,1_11 1_3 2_11 2_2 2_9 3_10 3_13 4_1 4_2 4_3 4_4 5_1 6_12 7_6 7_9,1_2 1_4 2_3 3_14 4_13,0.739130,0.600000,0.428571,0.428571,,0.538462,0.818182,0.333333,0.081081,0.739130
2025-09-16,B4: B1+B3,10,0.300000,0.150000,3_11 3_12 7_5,1_10 1_3 2_9 3_10 3_13 3_2 3_3 4_1 4_3 4_4 4_7 5_1 5_3 6_12 6_4 7_6 7_9,1_2 1_4 2_10 2_3 3_14 4_13 5_6,0.538462,0.739130,0.538462,0.666667,0.538462,,0.428571,0.666667,0.000000,0.538462
2025-09-16,B2: Recent MA,10,0.400000,0.200000,2_10 3_11 3_12 5_6,1_11 1_3 2_11 2_12 2_2 3_10 3_13 4_1 4_2 4_3 4_4 5_1 6_10 6_12 7_6 7_9,1_2 1_4 2_3 3_14 4_13 7_5,0.818182,0.481481,0.428571,0.333333,0.818182,0.428571,,0.250000,0.081081,0.818182
2025-09-16,B3: DoY season,10,0.200000,0.100000,3_11 7_5,0_9 1_10 1_3 2_9 3_10 3_2 3_3 4_1 4_11 4_3 4_4 4_7 5_1 5_3 5_4 6_4 7_10 7_9,1_2 1_4 2_10 2_3 3_12 3_14 4_13 5_6,0.333333,0.481481,0.379310,0.481481,0.333333,0.666667,0.250000,,0.000000,0.333333
2025-09-16,B0: Random,10,0.200000,0.100000,3_14 5_6,0_0 0_15 0_5 0_6 0_8 1_9 2_2 2_4 2_5 2_7 3_15 3_4 4_2 4_6 5_14 6_8 7_0 7_11,1_2 1_4 2_10 2_3 3_11 3_12 4_13 7_5,0.052632,0.025641,0.000000,0.025641,0.081081,0.000000,0.081081,0.000000,,0.052632
2025-09-17,GLM-Logit,9,0.222222,0.100000,3_12 3_3,1_10 1_11 1_3 2_10 2_2 3_10 3_11 3_13 4_1 4_2 4_3 4_4 5_1 6_10 6_12 7_5 7_6 7_9,3_14 3_2 5_10 5_3 6_5 6_7 7_12,0.904762,0.666667,0.538462,0.481481,0.739130,0.538462,0.739130,0.428571,0.025641,
2025-09-17,HierBayes,9,0.222222,0.100000,3_12 3_3,1_10 1_11 1_3 2_10 2_11 2_2 3_10 3_11 3_13 4_1 4_2 4_3 4_4 5_1 6_12 7_5 7_6 7_9,3_14 3_2 5_10 5_3 6_5 6_7 7_12,,0.666667,0.538462,0.481481,0.818182,0.538462,0.739130,0.428571,0.025641,0.904762
2025-09-17,B1: Static prior,9,0.333333,0.150000,3_12 3_3 5_3,1_10 2_10 2_9 3_10 3_11 3_13 4_1 4_2 4_3 4_4 5_1 5_2 6_12 6_4 7_5 7_6 7_9,3_14 3_2 5_10 6_5 6_7 7_12,0.666667,,0.666667,0.666667,0.600000,0.666667,0.481481,0.481481,0.025641,0.666667
2025-09-17,TTM,9,0.222222,0.100000,3_3 5_3,0_9 1_10 1_11 2_10 2_9 3_10 3_11 3_13 4_1 4_3 4_4 5_1 5_7 6_12 6_4 7_4 7_5 7_9,3_12 3_14 3_2 5_10 6_5 6_7 7_12,0.538462,0.666667,,0.538462,0.481481,0.600000,0.379310,0.481481,0.000000,0.538462
2025-09-17,ET,9,0.444444,0.200000,3_12 3_2 3_3 5_3,1_10 2_9 3_11 3_13 4_1 4_11 4_13 4_2 4_3 5_1 6_12 6_4 7_4 7_5 7_6 7_9,3_14 5_10 6_5 6_7 7_12,0.481481,0.666667,0.538462,,0.428571,0.600000,0.333333,0.428571,0.000000,0.481481
2025-09-17,B5: B2+B3,9,0.111111,0.050000,3_12,1_11 1_3 2_10 2_11 2_2 2_9 3_10 3_11 3_13 4_1 4_2 4_3 4_4 5_1 5_6 6_12 7_5 7_6 7_9,3_14 3_2 3_3 5_10 5_3 6_5 6_7 7_12,0.818182,0.600000,0.481481,0.428571,,0.481481,0.818182,0.428571,0.025641,0.739130
2025-09-17,B4: B1+B3,9,0.444444,0.200000,3_12 3_2 3_3 5_3,0_9 1_10 1_3 2_9 3_10 3_13 4_1 4_3 4_4 4_7 5_1 6_12 6_4 7_5 7_6 7_9,3_14 5_10 6_5 6_7 7_12,0.538462,0.666667,0.600000,0.600000,0.481481,,0.379310,0.739130,0.025641,0.538462
2025-09-17,B2: Recent MA,9,0.111111,0.050000,3_12,1_11 1_2 1_3 2_10 2_11 2_2 3_10 3_11 3_13 4_1 4_2 4_3 4_4 5_1 5_6 6_10 6_12 7_6 7_9,3_14 3_2 3_3 5_10 5_3 6_5 6_7 7_12,0.739130,0.481481,0.379310,0.333333,0.818182,0.379310,,0.333333,0.025641,0.739130
2025-09-17,B3: DoY season,9,0.333333,0.150000,3_12 3_2 5_3,0_9 1_10 1_3 2_2 2_9 3_10 3_13 4_1 4_3 4_4 4_7 5_1 6_4 7_10 7_5 7_9 8_11,3_14 3_3 5_10 6_5 6_7 7_12,0.428571,0.481481,0.481481,0.428571,0.428571,0.739130,0.333333,,0.025641,0.428571
2025-09-17,B0: Random,9,0.000000,0.000000,,0_10 0_5 1_13 1_14 1_3 1_5 1_6 1_9 2_0 2_7 4_9 5_14 5_2 5_8 6_0 6_2 6_8 7_1 7_3 8_14,3_12 3_14 3_2 3_3 5_10 5_3 6_5 6_7 7_12,0.025641,0.025641,0.000000,0.000000,0.025641,0.025641,0.025641,0.025641,,0.025641
2025-09-18,GLM-Logit,16,0.437500,0.350000,1_3 3_10 3_12 3_13 4_4 5_1 7_6,1_10 1_11 2_10 2_2 3_11 3_3 4_1 4_3 5_3 6_10 6_12 7_5 7_9,1_2 2_12 3_2 4_12 4_2 5_2 5_5 5_6 6_7,0.739130,0.666667,0.538462,0.481481,0.739130,0.600000,0.739130,0.538462,0.000000,
2025-09-18,HierBayes,16,0.500000,0.400000,1_3 3_10 3_12 3_13 4_4 5_1 6_7 7_6,1_10 1_11 2_10 2_11 2_2 3_11 3_14 3_3 4_1 4_3 6_12 7_9,1_2 2_12 3_2 4_12 4_2 5_2 5_5 5_6,,0.538462,0.428571,0.379310,0.739130,0.481481,0.739130,0.428571,0.025641,0.739130
2025-09-18,B1: Static prior,16,0.500000,0.400000,3_10 3_12 3_13 4_2 4_4 5_1 5_2 7_6,1_10 2_10 2_9 3_11 3_3 4_1 4_3 5_3 6_12 6_4 7_5 7_9,1_2 1_3 2_12 3_2 4_12 5_5 5_6 6_7,0.538462,,0.600000,0.666667,0.600000,0.666667,0.481481,0.538462,0.025641,0.666667
2025-09-18,TTM,16,0.312500,0.250000,3_10 3_13 4_4 5_1 5_2,0_9 1_10 2_10 2_11 3_11 4_1 4_3 5_3 5_7 6_10 6_12 6_4 7_4 7_5 7_9,1_2 1_3 2_12 3_12 3_2 4_12 4_2 5_5 5_6 6_7 7_6,0.428571,0.600000,,0.428571,0.428571,0.481481,0.428571,0.428571,0.052632,0.538462
2025-09-18,ET,16,0.375000,0.300000,3_12 3_13 3_2 4_2 5_1 7_6,1_10 2_9 3_11 3_3 4_1 4_11 4_13 4_3 5_3 6_12 6_4 7_4 7_5 7_9,1_2 1_3 2_12 3_10 4_12 4_4 5_2 5_5 5_6 6_7,0.379310,0.666667,0.428571,,0.428571,0.538462,0.333333,0.428571,0.000000,0.481481
2025-09-18,B5: B2+B3,16,0.500000,0.400000,1_3 3_10 3_12 3_13 4_4 5_1 5_6 7_6,1_11 2_10 2_11 2_2 2_9 3_11 3_3 4_1 4_3 6_12 7_5 7_9,1_2 2_12 3_2 4_12 4_2 5_2 5_5 6_7,0.739130,0.600000,0.428571,0.428571,,0.538462,0.818182,0.481481,0.025641,0.739130
2025-09-18,B4: B1+B3,16,0.500000,0.400000,1_3 3_10 3_12 3_13 3_2 4_4 5_1 7_6,0_9 1_10 2_10 2_9 3_3 4_1 4_3 4_7 5_3 6_4 7_5 7_9,1_2 2_12 4_12 4_2 5_2 5_5 5_6 6_7,0.481481,0.666667,0.481481,0.538462,0.538462,,0.428571,0.739130,0.000000,0.600000
2025-09-18,B2: Recent MA,16,0.562500,0.450000,1_2 1_3 3_10 3_12 3_13 4_4 5_1 5_6 7_6,1_11 2_10 2_11 2_2 3_11 3_3 4_1 4_3 6_10 6_12 7_9,2_12 3_2 4_12 4_2 5_2 5_5 6_7,0.739130,0.481481,0.428571,0.333333,0.818182,0.428571,,0.379310,0.025641,0.739130
2025-09-18,B3: DoY season,16,0.375000,0.300000,1_3 3_10 3_12 3_2 4_4 5_1,0_9 1_10 2_10 2_2 2_9 3_11 3_3 4_1 4_7 5_3 6_4 7_10 7_5 7_9,1_2 2_12 3_13 4_12 4_2 5_2 5_5 5_6 6_7 7_6,0.428571,0.538462,0.428571,0.428571,0.481481,0.739130,0.379310,,0.000000,0.538462
2025-09-18,B0: Random,16,0.062500,0.050000,5_2,0_15 0_4 0_8 1_14 1_6 2_11 2_5 2_7 3_5 4_8 5_10 5_12 6_11 6_13 7_1 7_11 7_15 8_0 8_9,1_2 1_3 2_12 3_10 3_12 3_13 3_2 4_12 4_2 4_4 5_1 5_5 5_6 6_7 7_6,0.025641,0.025641,0.052632,0.000000,0.025641,0.000000,0.025641,0.000000,,0.000000
2025-09-19,GLM-Logit,13,0.615385,0.400000,1_3 3_12 3_13 3_3 5_1 5_6 6_12 7_9,1_10 1_11 2_10 2_2 3_10 3_11 4_1 4_3 4_4 6_7 7_5 7_6,2_14 4_2 5_10 5_3 7_12,0.739130,0.600000,0.481481,0.428571,0.739130,0.538462,0.666667,0.481481,0.052632,
2025-09-19,HierBayes,13,0.615385,0.400000,1_3 3_12 3_13 3_3 5_1 5_6 6_12 7_9,1_10 1_11 2_11 2_2 3_10 3_11 3_14 3_2 4_1 4_4 6_7 7_6,2_14 4_2 5_10 5_3 7_12,,0.428571,0.379310,0.379310,0.739130,0.428571,0.739130,0.379310,0.025641,0.739130
2025-09-19,B1: Static prior,13,0.615385,0.400000,3_12 3_13 3_3 4_2 5_1 5_3 6_12 7_9,1_10 2_10 2_9 3_10 3_11 4_1 4_3 4_4 5_2 6_4 7_5 7_6,1_3 2_14 5_10 5_6 7_12,0.428571,,0.600000,0.666667,0.481481,0.666667,0.428571,0.666667,0.052632,0.600000
2025-09-19,TTM,13,0.538462,0.350000,3_12 3_13 5_1 5_10 5_3 6_12 7_9,0_9 1_10 2_10 2_11 3_10 4_1 4_3 4_4 5_2 6_4 6_7 7_4 7_5,1_3 2_14 3_3 4_2 5_6 7_12,0.379310,0.600000,,0.428571,0.333333,0.600000,0.379310,0.538462,0.081081,0.481481
2025-09-19,ET,13,0.615385,0.400000,3_12 3_13 3_3 4_2 5_1 5_3 6_12 7_9,1_10 2_9 3_11 3_2 4_1 4_11 4_13 4_3 6_4 7_4 7_5 7_6,1_3 2_14 5_10 5_6 7_12,0.379310,0.666667,0.428571,,0.428571,0.538462,0.379310,0.538462,0.081081,0.428571
2025-09-19,B5: B2+B3,13,0.692308,0.450000,1_3 3_12 3_13 3_3 4_2 5_1 5_6 6_12 7_9,1_11 1_2 2_2 3_10 3_11 3_2 4_1 4_3 4_4 6_7 7_6,2_14 5_10 5_3 7_12,0.739130,0.481481,0.333333,0.428571,,0.428571,0.904762,0.428571,0.025641,0.739130
2025-09-19,B4: B1+B3,13,0.615385,0.400000,1_3 3_12 3_13 3_3 5_1 5_3 6_12 7_9,0_9 1_10 2_10 2_9 3_10 3_2 4_1 4_3 4_4 4_7 6_4 7_5,2_14 4_2 5_10 5_6 7_12,0.428571,0.666667,0.600000,0.538462,0.428571,,0.379310,0.818182,0.052632,0.538462
2025-09-19,B2: Recent MA,13,0.615385,0.400000,1_3 3_12 3_13 4_2 5_1 5_6 6_12 7_9,1_11 1_2 2_11 2_2 3_10 3_11 3_2 4_1 4_3 4_4 6_7 7_6,2_14 3_3 5_10 5_3 7_12,0.739130,0.428571,0.379310,0.379310,0.904762,0.379310,,0.428571,0.025641,0.666667
2025-09-19,B3: DoY season,13,0.538462,0.350000,1_3 3_12 3_13 4_2 5_1 5_3 7_9,0_9 1_10 2_10 2_9 3_10 3_11 3_2 4_1 4_3 4_4 4_7 6_4 7_5,2_14 3_3 5_10 5_6 6_12 7_12,0.379310,0.666667,0.538462,0.538462,0.428571,0.818182,0.428571,,0.052632,0.481481
2025-09-19,B0: Random,13,0.076923,0.050000,3_13,0_1 0_14 0_4 1_12 1_5 2_1 2_6 3_0 3_1 4_0 4_5 5_12 6_11 6_6 7_13 7_4 7_5 8_13 8_4,1_3 2_14 3_12 3_3 4_2 5_1 5_10 5_3 5_6 6_12 7_12 7_9,0.025641,0.052632,0.081081,0.081081,0.025641,0.052632,0.025641,0.052632,,0.052632
2025-09-20,GLM-Logit,11,0.454545,0.250000,1_3 3_12 4_4 5_6 7_9,1_10 1_11 2_2 3_10 3_11 3_13 3_2 3_3 4_1 4_2 4_3 5_1 6_12 6_7 7_6,2_10 2_12 3_0 5_10 5_2 7_5,0.818182,0.538462,0.428571,0.481481,0.818182,0.481481,0.739130,0.428571,0.000000,
2025-09-20,HierBayes,11,0.454545,0.250000,1_3 3_12 4_4 5_6 7_9,1_10 1_11 2_11 2_2 3_10 3_13 3_14 3_2 3_3 4_1 4_2 5_1 6_12 6_7 7_6,2_10 2_12 3_0 5_10 5_2 7_5,,0.428571,0.379310,0.379310,0.739130,0.379310,0.818182,0.333333,0.000000,0.818182
2025-09-20,B1: Static prior,11,0.545455,0.300000,2_10 3_12 4_4 5_2 7_5 7_9,1_10 2_9 3_10 3_11 3_13 3_3 4_1 4_2 4_3 5_1 5_3 6_12 6_4 7_6,1_3 2_12 3_0 5_10 5_6,0.428571,,0.600000,0.666667,0.481481,0.739130,0.379310,0.600000,0.052632,0.538462
2025-09-20,TTM,11,0.454545,0.250000,2_10 4_4 5_2 7_5 7_9,1_10 2_11 2_2 3_11 3_13 3_3 4_1 4_3 5_1 5_3 5_4 6_12 6_4 6_7 7_4,1_3 2_12 3_0 3_12 5_10 5_6,0.379310,0.600000,,0.481481,0.333333,0.481481,0.333333,0.481481,0.052632,0.428571
2025-09-20,ET,11,0.272727,0.150000,3_12 7_5 7_9,1_10 2_9 3_11 3_13 3_2 3_3 4_1 4_11 4_13 4_2 4_3 5_1 5_3 6_12 6_4 7_4 7_6,1_3 2_10 2_12 3_0 4_4 5_10 5_2 5_6,0.379310,0.666667,0.481481,,0.428571,0.538462,0.333333,0.481481,0.025641,0.481481
2025-09-20,B5: B2+B3,11,0.454545,0.250000,1_3 3_12 4_4 5_6 7_9,1_11 1_2 2_2 2_9 3_10 3_11 3_13 3_2 3_3 4_1 4_2 5_1 6_12 6_7 7_6,2_10 2_12 3_0 5_10 5_2 7_5,0.739130,0.481481,0.333333,0.428571,,0.428571,0.818182,0.379310,0.000000,0.818182
2025-09-20,B4: B1+B3,11,0.545455,0.300000,1_3 2_10 3_12 4_4 7_5 7_9,0_9 1_10 2_9 3_10 3_11 3_13 3_3 4_1 4_3 4_7 5_1 5_3 6_4 7_6,2_12 3_0 5_10 5_2 5_6,0.379310,0.739130,0.481481,0.538462,0.428571,,0.333333,0.818182,0.081081,0.481481
2025-09-20,B2: Recent MA,11,0.454545,0.250000,1_3 3_12 4_4 5_6 7_9,1_11 1_2 2_11 2_2 3_10 3_13 3_2 3_3 4_1 4_2 5_1 6_12 6_7 7_12 7_6,2_10 2_12 3_0 5_10 5_2 7_5,0.818182,0.379310,0.333333,0.333333,0.818182,0.333333,,0.290323,0.000000,0.739130
2025-09-20,B3: DoY season,11,0.545455,0.300000,1_3 2_10 3_12 4_4 7_5 7_9,0_9 1_10 2_2 2_9 3_10 3_11 3_13 4_1 4_13 4_3 4_7 5_1 5_3 6_4,2_12 3_0 5_10 5_2 5_6,0.333333,0.600000,0.481481,0.481481,0.379310,0.818182,0.290323,,0.081081,0.428571
2025-09-20,B0: Random,11,0.181818,0.100000,2_10 5_10,0_2 0_6 0_8 1_13 1_14 1_5 2_0 2_14 4_14 4_7 5_5 5_7 5_9 6_4 7_15 8_0 8_11 8_3,1_3 2_12 3_0 3_12 4_4 5_2 5_6 7_5 7_9,0.000000,0.052632,0.052632,0.025641,0.000000,0.081081,0.000000,0.081081,,0.000000
2025-09-21,GLM-Logit,16,0.500000,0.400000,1_10 1_3 3_10 3_12 4_3 5_1 6_12 7_5,1_11 2_10 2_2 3_11 3_13 3_3 4_1 4_2 4_4 5_6 7_6 7_9,1_4 2_1 2_11 2_12 2_3 3_14 4_13 6_7,0.666667,0.666667,0.481481,0.481481,0.666667,0.600000,0.600000,0.538462,0.025641,
2025-09-21,HierBayes,16,0.562500,0.450000,1_10 1_3 2_11 3_10 3_12 3_14 5_1 6_12 6_7,1_11 2_2 3_13 3_2 3_3 4_1 4_2 4_4 5_6 7_6 7_9,1_4 2_1 2_12 2_3 4_13 4_3 7_5,,0.428571,0.333333,0.379310,0.739130,0.428571,0.739130,0.379310,0.052632,0.666667
2025-09-21,B1: Static prior,16,0.437500,0.350000,1_10 3_10 3_12 4_3 5_1 6_12 7_5,2_10 2_9 3_11 3_13 3_3 4_1 4_2 4_4 5_2 5_3 6_4 7_6 7_9,1_3 1_4 2_1 2_11 2_12 2_3 3_14 4_13 6_7,0.428571,,0.739130,0.666667,0.481481,0.739130,0.379310,0.666667,0.000000,0.666667
2025-09-21,TTM,16,0.375000,0.300000,1_10 3_10 3_12 4_3 5_1 7_5,2_10 2_9 3_13 3_3 4_1 4_4 5_2 5_3 6_10 6_11 6_4 7_4 7_6 7_9,1_3 1_4 2_1 2_11 2_12 2_3 3_14 4_13 6_12 6_7,0.333333,0.739130,,0.538462,0.333333,0.666667,0.290323,0.600000,0.000000,0.481481
2025-09-21,ET,16,0.437500,0.350000,1_10 3_12 4_13 4_3 5_1 6_12 7_5,2_9 3_11 3_13 3_2 3_3 4_1 4_11 4_2 5_3 6_4 7_4 7_6 7_9,1_3 1_4 2_1 2_11 2_12 2_3 3_10 3_14 6_7,0.379310,0.666667,0.538462,,0.428571,0.600000,0.290323,0.538462,0.025641,0.481481
2025-09-21,B5: B2+B3,16,0.375000,0.300000,1_3 3_10 3_12 5_1 6_12 6_7,1_11 1_2 2_2 2_9 3_11 3_13 3_2 3_3 4_1 4_2 4_4 5_6 7_6 7_9,1_10 1_4 2_1 2_11 2_12 2_3 3_14 4_13 4_3 7_5,0.739130,0.481481,0.333333,0.428571,,0.481481,0.739130,0.428571,0.025641,0.666667
2025-09-21,B4: B1+B3,16,0.437500,0.350000,1_10 1_3 3_10 3_12 4_3 5_1 7_5,0_9 2_10 2_9 3_11 3_13 3_2 3_3 4_1 4_4 5_3 6_4 7_6 7_9,1_4 2_1 2_11 2_12 2_3 3_14 4_13 6_12 6_7,0.428571,0.739130,0.666667,0.600000,0.481481,,0.333333,0.904762,0.000000,0.600000
2025-09-21,B2: Recent MA,16,0.437500,0.350000,1_3 2_11 3_10 3_12 5_1 6_12 6_7,1_11 1_2 2_2 3_13 3_3 4_1 4_2 4_4 5_10 5_6 7_12 7_6 7_9,1_10 1_4 2_1 2_12 2_3 3_14 4_13 4_3 7_5,0.739130,0.379310,0.290323,0.290323,0.739130,0.333333,,0.290323,0.025641,0.600000
2025-09-21,B3: DoY season,16,0.437500,0.350000,1_10 1_3 3_10 3_12 4_3 5_1 7_5,0_9 2_10 2_9 3_11 3_13 3_2 4_1 4_4 4_7 5_3 6_4 7_6 7_9,1_4 2_1 2_11 2_12 2_3 3_14 4_13 6_12 6_7,0.379310,0.666667,0.600000,0.538462,0.428571,0.904762,0.290323,,0.000000,0.538462
2025-09-21,B0: Random,16,0.062500,0.050000,3_14,0_15 0_8 1_13 1_14 1_5 2_0 2_4 3_6 4_10 4_11 5_14 5_6 5_8 6_2 7_1 8_10 8_15 8_4 8_8,1_10 1_3 1_4 2_1 2_11 2_12 2_3 3_10 3_12 4_13 4_3 5_1 6_12 6_7 7_5,0.052632,0.000000,0.000000,0.025641,0.025641,0.000000,0.025641,0.000000,,0.025641
2025-09-22,GLM-Logit,12,0.333333,0.200000,2_10 3_3 5_1 5_6,1_10 1_3 2_11 2_2 3_10 3_12 3_13 4_1 4_2 4_3 4_4 6_12 6_7 7_5 7_6 7_9,2_14 3_14 3_2 3_7 5_10 6_10 8_7 8_9,0.666667,0.600000,0.428571,0.428571,0.666667,0.538462,0.600000,0.481481,0.142857,
2025-09-22,HierBayes,12,0.416667,0.250000,3_14 3_2 3_3 5_1 5_6,1_10 1_11 1_3 2_11 2_12 3_10 3_12 3_13 4_1 4_2 4_4 6_12 6_7 7_6 7_9,2_10 2_14 3_7 5_10 6_10 8_7 8_9,,0.428571,0.333333,0.379310,0.666667,0.481481,0.739130,0.428571,0.212121,0.666667
2025-09-22,B1: Static prior,12,0.250000,0.150000,2_10 3_3 5_1,1_10 2_9 3_10 3_11 3_12 3_13 4_1 4_2 4_3 4_4 5_2 5_3 6_12 6_4 7_5 7_6 7_9,2_14 3_14 3_2 3_7 5_10 5_6 6_10 8_7 8_9,0.428571,,0.600000,0.666667,0.428571,0.739130,0.333333,0.600000,0.111111,0.600000
2025-09-22,TTM,12,0.416667,0.250000,2_10 3_2 3_3 5_1 6_10,1_10 2_11 2_9 3_12 4_1 4_11 4_3 4_4 5_2 5_3 6_11 6_4 7_5 7_6 7_9,2_14 3_14 3_7 5_10 5_6 8_7 8_9,0.333333,0.600000,,0.538462,0.333333,0.538462,0.250000,0.428571,0.111111,0.428571
2025-09-22,ET,12,0.250000,0.150000,3_2 3_3 5_1,1_10 2_9 3_11 3_12 3_13 4_1 4_11 4_13 4_2 4_3 5_3 6_12 6_4 7_4 7_5 7_6 7_9,2_10 2_14 3_14 3_7 5_10 5_6 6_10 8_7 8_9,0.379310,0.666667,0.538462,,0.379310,0.600000,0.290323,0.538462,0.142857,0.428571
2025-09-22,B5: B2+B3,12,0.333333,0.200000,3_14 3_2 5_1 5_6,1_2 1_3 2_11 2_2 2_9 3_10 3_12 3_13 4_1 4_2 4_4 6_12 6_7 7_5 7_6 7_9,2_10 2_14 3_3 3_7 5_10 6_10 8_7 8_9,0.666667,0.428571,0.333333,0.379310,,0.481481,0.818182,0.538462,0.142857,0.666667
2025-09-22,B4: B1+B3,12,0.333333,0.200000,2_10 3_2 3_3 5_1,0_9 1_10 1_3 2_9 3_10 3_11 3_12 3_13 4_1 4_4 5_3 6_12 6_4 7_5 7_6 7_9,2_14 3_14 3_7 5_10 5_6 6_10 8_7 8_9,0.481481,0.739130,0.538462,0.600000,0.481481,,0.379310,0.818182,0.111111,0.538462
2025-09-22,B2: Recent MA,12,0.416667,0.250000,3_14 3_2 5_1 5_10 5_6,1_11 1_2 1_3 2_11 2_2 3_10 3_12 3_13 4_1 4_2 4_4 6_12 6_7 7_6 7_9,2_10 2_14 3_3 3_7 6_10 8_7 8_9,0.739130,0.333333,0.250000,0.290323,0.818182,0.379310,,0.428571,0.176471,0.600000
2025-09-22,B3: DoY season,12,0.166667,0.100000,3_2 5_1,0_9 1_10 1_3 2_2 2_9 3_10 3_11 3_12 3_13 4_1 4_4 4_7 5_3 6_12 6_4 7_5 7_6 7_9,2_10 2_14 3_14 3_3 3_7 5_10 5_6 6_10 8_7 8_9,0.428571,0.600000,0.428571,0.538462,0.538462,0.818182,0.428571,,0.111111,0.481481
2025-09-22,B0: Random,12,0.166667,0.100000,5_1 8_9,0_3 0_8 1_1 1_11 1_12 1_4 2_11 2_12 3_13 3_6 4_1 4_13 5_12 6_2 6_8 7_10 7_9 8_5,2_10 2_14 3_14 3_2 3_3 3_7 5_10 5_6 6_10 8_7,0.212121,0.111111,0.111111,0.142857,0.142857,0.111111,0.176471,0.111111,,0.142857
2025-09-23,GLM-Logit,10,0.600000,0.300000,1_10 3_12 3_13 4_1 4_4 5_6,1_3 2_10 2_11 2_2 3_10 3_2 3_3 4_3 5_1 6_12 6_7 7_5 7_6 7_9,2_12 4_6 8_11 8_7,0.739130,0.538462,0.481481,0.428571,0.666667,0.600000,0.739130,0.538462,0.081081,
2025-09-23,HierBayes,10,0.700000,0.350000,1_10 2_12 3_12 3_13 4_1 4_4 5_6,1_3 2_10 2_11 3_10 3_14 3_2 3_3 5_1 5_10 6_12 6_7 7_6 7_9,4_6 8_11 8_7,,0.428571,0.379310,0.333333,0.666667,0.481481,0.739130,0.481481,0.111111,0.739130
2025-09-23,B1: Static prior,10,0.500000,0.250000,1_10 3_12 3_13 4_1 4_4,2_10 2_9 3_10 3_11 3_3 4_2 4_3 5_1 5_2 5_3 6_12 6_4 7_5 7_6 7_9,2_12 4_6 5_6 8_11 8_7,0.428571,,0.600000,0.666667,0.428571,0.818182,0.379310,0.666667,0.052632,0.538462
2025-09-23,TTM,10,0.500000,0.250000,1_10 3_12 3_13 4_1 4_4,2_10 2_11 2_9 3_2 4_3 5_1 5_2 5_3 6_10 6_11 6_12 6_4 7_4 7_5 7_9,2_12 4_6 5_6 8_11 8_7,0.379310,0.600000,,0.538462,0.379310,0.538462,0.333333,0.538462,0.081081,0.481481
2025-09-23,ET,10,0.400000,0.200000,1_10 3_12 3_13 4_1,2_9 3_11 3_2 3_3 4_11 4_13 4_2 4_3 5_1 5_3 6_12 6_4 7_4 7_5 7_6 7_9,2_12 4_4 4_6 5_6 8_11 8_7,0.333333,0.666667,0.538462,,0.379310,0.600000,0.333333,0.538462,0.081081,0.428571
2025-09-23,B5: B2+B3,10,0.500000,0.250000,3_12 3_13 4_1 4_4 5_6,1_2 1_3 2_11 2_2 2_9 3_10 3_14 3_2 3_3 5_1 5_10 6_12 7_5 7_6 7_9,1_10 2_12 4_6 8_11 8_7,0.666667,0.428571,0.379310,0.379310,,0.481481,0.904762,0.481481,0.111111,0.666667
2025-09-23,B4: B1+B3,10,0.500000,0.250000,1_10 3_12 3_13 4_1 4_4,0_9 1_3 2_10 2_9 3_10 3_11 3_3 4_3 5_1 5_3 6_12 6_4 7_5 7_6 7_9,2_12 4_6 5_6 8_11 8_7,0.481481,0.818182,0.538462,0.600000,0.481481,,0.428571,0.818182,0.052632,0.600000
2025-09-23,B2: Recent MA,10,0.500000,0.250000,3_12 3_13 4_1 4_4 5_6,1_2 1_3 2_11 2_2 3_10 3_14 3_2 3_3 5_1 5_10 6_12 6_7 7_5 7_6 7_9,1_10 2_12 4_6 8_11 8_7,0.739130,0.379310,0.333333,0.333333,0.904762,0.428571,,0.428571,0.111111,0.739130
2025-09-23,B3: DoY season,10,0.500000,0.250000,1_10 3_12 3_13 4_1 4_4,0_9 1_3 2_10 2_9 3_10 3_11 3_2 4_7 5_1 5_3 6_12 6_4 7_5 7_6 7_9,2_12 4_6 5_6 8_11 8_7,0.481481,0.666667,0.538462,0.538462,0.481481,0.818182,0.428571,,0.081081,0.538462
2025-09-23,B0: Random,10,0.100000,0.050000,4_1,0_10 0_15 1_0 2_15 2_3 3_0 3_14 3_2 3_4 4_10 4_8 5_12 5_4 6_12 6_3 6_6 6_9 7_12 7_13,1_10 2_12 3_12 3_13 4_4 4_6 5_6 8_11 8_7,0.111111,0.052632,0.081081,0.081081,0.111111,0.052632,0.111111,0.081081,,0.081081
2025-09-24,GLM-Logit,13,0.538462,0.350000,1_10 2_11 3_10 3_12 4_1 5_1 5_6,1_3 2_10 3_13 3_2 3_3 4_2 4_4 5_10 6_12 6_7 7_5 7_6 7_9,0_9 2_2 4_12 5_3 5_7 7_8,0.818182,0.538462,0.379310,0.428571,0.818182,0.538462,0.739130,0.481481,0.081081,
2025-09-24,HierBayes,13,0.538462,0.350000,1_10 2_11 3_10 3_12 4_1 5_1 5_6,1_3 2_10 2_12 3_13 3_14 3_2 3_3 4_4 5_10 6_12 6_7 7_6 7_9,0_9 2_2 4_12 5_3 5_7 7_8,,0.428571,0.333333,0.333333,0.818182,0.481481,0.818182,0.428571,0.081081,0.818182
2025-09-24,B1: Static prior,13,0.461538,0.300000,1_10 3_10 3_12 4_1 5_1 5_3,2_10 2_9 3_11 3_13 3_3 4_2 4_3 4_4 5_2 6_12 6_4 7_5 7_6 7_9,0_9 2_11 2_2 4_12 5_6 5_7 7_8,0.428571,,0.666667,0.666667,0.481481,0.818182,0.379310,0.666667,0.052632,0.538462
2025-09-24,TTM,13,0.384615,0.250000,1_10 3_12 4_1 5_1 5_3,1_11 2_10 2_12 2_8 2_9 3_13 4_2 4_3 4_4 5_2 6_10 6_12 6_4 7_5 7_9,0_9 2_11 2_2 3_10 4_12 5_6 5_7 7_8,0.333333,0.666667,,0.481481,0.333333,0.538462,0.290323,0.481481,0.025641,0.379310
2025-09-24,ET,13,0.384615,0.250000,1_10 3_12 4_1 5_1 5_3,2_9 3_11 3_13 3_2 3_3 4_11 4_13 4_2 4_3 6_12 6_4 7_4 7_5 7_6 7_9,0_9 2_11 2_2 3_10 4_12 5_6 5_7 7_8,0.333333,0.666667,0.481481,,0.428571,0.600000,0.333333,0.600000,0.025641,0.428571
2025-09-24,B5: B2+B3,13,0.538462,0.350000,1_10 2_11 3_10 3_12 4_1 5_1 5_6,1_3 2_9 3_13 3_14 3_2 3_3 4_4 5_10 6_12 6_7 7_5 7_6 7_9,0_9 2_2 4_12 5_3 5_7 7_8,0.818182,0.481481,0.333333,0.428571,,0.538462,0.739130,0.538462,0.081081,0.818182
2025-09-24,B4: B1+B3,13,0.538462,0.350000,0_9 1_10 3_10 3_12 4_1 5_1 5_3,1_3 2_10 2_9 3_11 3_13 3_3 4_3 4_4 6_12 6_4 7_5 7_6 7_9,2_11 2_2 4_12 5_6 5_7 7_8,0.481481,0.818182,0.538462,0.600000,0.538462,,0.379310,0.818182,0.052632,0.538462
2025-09-24,B2: Recent MA,13,0.461538,0.300000,2_11 3_10 3_12 4_1 5_1 5_6,1_2 1_3 2_12 3_13 3_14 3_2 3_3 4_2 4_4 5_10 6_12 6_7 7_6 7_9,0_9 1_10 2_2 4_12 5_3 5_7 7_8,0.818182,0.379310,0.290323,0.333333,0.739130,0.379310,,0.379310,0.081081,0.739130
2025-09-24,B3: DoY season,13,0.538462,0.350000,0_9 1_10 3_10 3_12 4_1 5_1 5_3,1_3 2_9 3_11 3_13 3_2 4_3 4_4 4_7 6_12 6_4 7_5 7_6 7_9,2_11 2_2 4_12 5_6 5_7 7_8,0.428571,0.666667,0.481481,0.600000,0.538462,0.818182,0.379310,,0.025641,0.481481
2025-09-24,B0: Random,13,0.076923,0.050000,2_11,0_7 1_14 2_13 3_3 3_5 4_10 4_4 4_5 4_8 5_11 5_13 5_5 5_9 6_13 7_0 7_14 8_15 8_5 8_6,0_9 1_10 2_2 3_10 3_12 4_1 4_12 5_1 5_3 5_6 5_7 7_8,0.081081,0.052632,0.025641,0.025641,0.081081,0.052632,0.081081,0.025641,,0.081081
2025-09-25,GLM-Logit,14,0.357143,0.250000,1_10 2_2 4_4 5_3 7_5,1_3 2_10 2_11 3_10 3_12 3_13 3_2 3_3 4_1 5_1 5_10 5_6 6_12 7_6 7_9,2_8 4_7 5_13 5_2 5_5 5_7 6_7 8_7 8_8,0.739130,0.538462,0.379310,0.428571,0.818182,0.600000,0.739130,0.538462,0.081081,
2025-09-25,HierBayes,14,0.214286,0.150000,1_10 4_4 5_7,1_3 2_10 2_11 2_12 3_10 3_12 3_13 3_14 3_2 3_3 4_1 5_1 5_10 5_6 6_12 7_6 7_9,2_2 2_8 4_7 5_13 5_2 5_3 5_5 6_7 7_5 8_7 8_8,,0.428571,0.290323,0.333333,0.739130,0.481481,0.818182,0.428571,0.081081,0.739130
2025-09-25,B1: Static prior,14,0.357143,0.250000,1_10 4_4 5_2 5_3 7_5,2_10 2_9 3_10 3_11 3_12 3_13 3_3 4_1 4_2 4_3 5_1 6_12 6_4 7_6 7_9,2_2 2_8 4_7 5_13 5_5 5_7 6_7 8_7 8_8,0.428571,,0.600000,0.666667,0.481481,0.739130,0.379310,0.666667,0.111111,0.538462
2025-09-25,TTM,14,0.357143,0.250000,1_10 4_4 5_2 5_3 7_5,1_11 2_9 3_10 3_12 3_13 3_2 4_0 4_1 4_2 4_3 5_1 6_10 6_3 6_4 7_9,2_2 2_8 4_7 5_13 5_5 5_7 6_7 8_7 8_8,0.290323,0.600000,,0.481481,0.379310,0.538462,0.290323,0.538462,0.052632,0.379310
2025-09-25,ET,14,0.214286,0.150000,1_10 5_3 7_5,2_9 3_11 3_12 3_13 3_2 3_3 4_1 4_11 4_13 4_2 4_3 5_1 6_12 6_4 7_4 7_6 7_9,2_2 2_8 4_4 4_7 5_13 5_2 5_5 5_7 6_7 8_7 8_8,0.333333,0.666667,0.481481,,0.428571,0.600000,0.333333,0.538462,0.081081,0.428571
2025-09-25,B5: B2+B3,14,0.285714,0.200000,1_10 2_2 4_4 7_5,1_3 2_11 2_9 3_10 3_12 3_13 3_14 3_2 3_3 4_1 5_1 5_10 5_6 6_12 7_6 7_9,2_8 4_7 5_13 5_2 5_3 5_5 5_7 6_7 8_7 8_8,0.739130,0.481481,0.379310,0.428571,,0.538462,0.818182,0.481481,0.081081,0.818182
2025-09-25,B4: B1+B3,14,0.285714,0.200000,1_10 4_4 5_3 7_5,0_9 1_3 2_10 2_9 3_10 3_11 3_12 3_13 3_2 3_3 4_1 4_3 5_1 6_4 7_6 7_9,2_2 2_8 4_7 5_13 5_2 5_5 5_7 6_7 8_7 8_8,0.481481,0.739130,0.538462,0.600000,0.538462,,0.428571,0.904762,0.111111,0.600000
2025-09-25,B2: Recent MA,14,0.214286,0.150000,1_10 2_2 4_4,1_2 1_3 2_11 2_12 3_10 3_12 3_13 3_14 3_2 3_3 4_1 5_1 5_10 5_6 6_12 7_6 7_9,2_8 4_7 5_13 5_2 5_3 5_5 5_7 6_7 7_5 8_7 8_8,0.818182,0.379310,0.290323,0.333333,0.818182,0.428571,,0.379310,0.081081,0.739130
2025-09-25,B3: DoY season,14,0.357143,0.250000,1_10 4_4 4_7 5_3 7_5,0_9 1_3 2_10 2_9 3_10 3_11 3_12 3_13 3_2 4_1 4_3 5_1 6_4 7_6 7_9,2_2 2_8 5_13 5_2 5_5 5_7 6_7 8_7 8_8,0.428571,0.666667,0.538462,0.538462,0.481481,0.904762,0.379310,,0.081081,0.538462
2025-09-25,B0: Random,14,0.071429,0.050000,4_4,0_11 0_12 0_14 1_15 1_8 3_3 4_12 4_3 4_8 5_0 5_8 6_1 6_14 7_11 7_15 7_6 7_7 8_5 8_6,1_10 2_2 2_8 4_7 5_13 5_2 5_3 5_5 5_7 6_7 7_5 8_7 8_8,0.081081,0.111111,0.052632,0.081081,0.081081,0.111111,0.081081,0.081081,,0.081081
2025-09-26,GLM-Logit,15,0.466667,0.350000,1_10 3_12 3_13 5_3 6_12 7_5 7_9,1_3 2_10 2_11 2_2 3_10 3_2 3_3 4_1 4_4 5_1 5_2 5_6 7_6,1_2 2_12 3_14 4_12 4_6 5_7 6_10 6_13,0.666667,0.600000,0.428571,0.428571,0.739130,0.600000,0.600000,0.600000,0.052632,
2025-09-26,HierBayes,15,0.533333,0.400000,1_10 2_12 3_12 3_13 3_14 5_7 6_12 7_9,1_3 2_11 2_2 3_10 3_2 3_3 4_1 4_4 5_1 5_6 6_7 7_6,1_2 4_12 4_6 5_3 6_10 6_13 7_5,,0.379310,0.333333,0.333333,0.666667,0.428571,0.739130,0.428571,0.052632,0.666667
2025-09-26,B1: Static prior,15,0.466667,0.350000,1_10 3_12 3_13 5_3 6_12 7_5 7_9,2_10 2_9 3_10 3_11 3_3 4_1 4_2 4_3 4_4 5_1 5_2 6_4 7_6,1_2 2_12 3_14 4_12 4_6 5_7 6_10 6_13,0.379310,,0.666667,0.666667,0.481481,0.739130,0.379310,0.666667,0.081081,0.600000
2025-09-26,TTM,15,0.533333,0.400000,1_10 2_12 3_12 3_13 5_3 6_10 7_5 7_9,2_10 2_9 4_1 4_2 4_3 4_4 5_1 5_2 6_4 6_7 7_4 7_6,1_2 3_14 4_12 4_6 5_7 6_12 6_13,0.333333,0.666667,,0.538462,0.379310,0.538462,0.379310,0.538462,0.081081,0.428571
2025-09-26,ET,15,0.466667,0.350000,1_10 3_12 3_13 5_3 6_12 7_5 7_9,2_9 3_11 3_2 3_3 4_1 4_11 4_13 4_2 4_3 5_1 6_4 7_4 7_6,1_2 2_12 3_14 4_12 4_6 5_7 6_10 6_13,0.333333,0.666667,0.538462,,0.428571,0.600000,0.290323,0.538462,0.111111,0.428571
2025-09-26,B5: B2+B3,15,0.600000,0.450000,1_10 1_2 3_12 3_13 3_14 5_3 6_12 7_5 7_9,1_3 2_11 2_2 2_9 3_10 3_2 4_1 4_4 5_1 5_6 7_6,2_12 4_12 4_6 5_7 6_10 6_13,0.666667,0.481481,0.379310,0.428571,,0.538462,0.739130,0.538462,0.052632,0.739130
2025-09-26,B4: B1+B3,15,0.400000,0.300000,1_10 3_12 3_13 5_3 7_5 7_9,0_9 1_3 2_10 2_9 3_10 3_11 3_2 3_3 4_1 4_3 4_4 5_1 6_4 7_6,1_2 2_12 3_14 4_12 4_6 5_7 6_10 6_12 6_13,0.428571,0.739130,0.538462,0.600000,0.538462,,0.379310,0.904762,0.081081,0.600000
2025-09-26,B2: Recent MA,15,0.600000,0.450000,1_10 1_2 2_12 3_12 3_13 3_14 6_12 7_5 7_9,1_3 2_11 2_2 3_10 4_1 4_4 5_1 5_10 5_6 6_7 7_6,4_12 4_6 5_3 5_7 6_10 6_13,0.739130,0.379310,0.379310,0.290323,0.739130,0.379310,,0.379310,0.052632,0.600000
2025-09-26,B3: DoY season,15,0.400000,0.300000,1_10 3_12 3_13 5_3 7_5 7_9,0_9 1_3 2_10 2_9 3_10 3_2 3_3 4_1 4_3 4_4 4_7 5_1 6_4 7_6,1_2 2_12 3_14 4_12 4_6 5_7 6_10 6_12 6_13,0.428571,0.666667,0.538462,0.538462,0.538462,0.904762,0.379310,,0.081081,0.600000
2025-09-26,B0: Random,15,0.133333,0.100000,3_12 4_12,0_5 0_9 1_0 1_14 1_7 2_13 2_14 3_6 3_7 3_8 4_13 4_2 5_13 6_2 7_6 7_8 8_15 8_3,1_10 1_2 2_12 3_13 3_14 4_6 5_3 5_7 6_10 6_12 6_13 7_5 7_9,0.052632,0.081081,0.081081,0.111111,0.052632,0.081081,0.052632,0.081081,,0.052632
2025-09-27,GLM-Logit,12,0.500000,0.300000,1_10 1_3 3_12 5_1 6_12 7_6,2_10 2_11 2_2 3_10 3_13 3_3 4_1 4_4 5_2 5_3 5_6 6_7 7_5 7_9,1_4 2_12 3_14 3_2 6_10 7_8,0.739130,0.600000,0.481481,0.379310,0.666667,0.600000,0.666667,0.538462,0.081081,
2025-09-27,HierBayes,12,0.666667,0.400000,1_10 1_3 2_12 3_12 3_14 5_1 6_12 7_6,2_11 2_2 3_10 3_13 3_3 4_1 4_4 5_6 5_7 6_7 7_5 7_9,1_4 3_2 6_10 7_8,,0.428571,0.379310,0.333333,0.818182,0.481481,0.818182,0.481481,0.081081,0.739130
2025-09-27,B1: Static prior,12,0.416667,0.250000,1_10 3_12 5_1 6_12 7_6,2_10 2_9 3_10 3_11 3_13 3_3 4_1 4_2 4_3 4_4 5_2 5_3 6_4 7_5 7_9,1_3 1_4 2_12 3_14 3_2 6_10 7_8,0.428571,,0.739130,0.666667,0.428571,0.739130,0.428571,0.600000,0.111111,0.600000
2025-09-27,TTM,12,0.500000,0.300000,1_10 2_12 3_12 5_1 6_10 7_6,2_10 2_9 3_13 3_3 4_1 4_2 4_3 4_4 5_2 5_3 6_4 7_4 7_5 7_9,1_3 1_4 3_14 3_2 6_12 7_8,0.379310,0.739130,,0.600000,0.379310,0.600000,0.379310,0.538462,0.176471,0.481481
2025-09-27,ET,12,0.500000,0.300000,1_10 3_12 3_2 5_1 6_12 7_6,2_9 3_11 3_13 3_3 4_1 4_11 4_13 4_2 4_3 5_3 6_4 7_4 7_5 7_9,1_3 1_4 2_12 3_14 6_10 7_8,0.333333,0.666667,0.600000,,0.333333,0.538462,0.333333,0.428571,0.142857,0.379310
2025-09-27,B5: B2+B3,12,0.666667,0.400000,1_10 1_3 2_12 3_12 3_14 5_1 6_12 7_6,1_2 2_11 2_2 3_10 3_13 4_1 4_4 5_3 5_6 5_7 7_5 7_9,1_4 3_2 6_10 7_8,0.818182,0.428571,0.379310,0.333333,,0.481481,1.000000,0.538462,0.081081,0.666667
2025-09-27,B4: B1+B3,12,0.416667,0.250000,1_10 1_3 3_12 5_1 7_6,0_9 2_10 2_2 2_9 3_10 3_11 3_13 3_3 4_1 4_3 4_4 5_3 6_4 7_5 7_9,1_4 2_12 3_14 3_2 6_10 6_12 7_8,0.481481,0.739130,0.600000,0.538462,0.481481,,0.481481,0.818182,0.111111,0.600000
2025-09-27,B2: Recent MA,12,0.666667,0.400000,1_10 1_3 2_12 3_12 3_14 5_1 6_12 7_6,1_2 2_11 2_2 3_10 3_13 4_1 4_4 5_3 5_6 5_7 7_5 7_9,1_4 3_2 6_10 7_8,0.818182,0.428571,0.379310,0.333333,1.000000,0.481481,,0.538462,0.081081,0.666667
2025-09-27,B3: DoY season,12,0.416667,0.250000,1_10 1_3 3_12 5_1 7_6,0_9 2_10 2_2 2_3 2_9 3_10 3_13 4_1 4_3 4_4 5_3 5_7 6_4 7_5 7_9,1_4 2_12 3_14 3_2 6_10 6_12 7_8,0.481481,0.600000,0.538462,0.428571,0.538462,0.818182,0.538462,,0.111111,0.538462
2025-09-27,B0: Random,12,0.250000,0.150000,2_12 3_2 7_6,0_12 1_5 1_9 2_10 3_4 4_10 5_4 6_0 6_15 6_4 6_8 7_4 7_5 8_10 8_14 8_3 8_7,1_10 1_3 1_4 3_12 3_14 5_1 6_10 6_12 7_8,0.081081,0.111111,0.176471,0.142857,0.081081,0.111111,0.081081,0.111111,,0.081081
2025-09-28,GLM-Logit,6,0.500000,0.150000,1_3 3_14 7_5,1_10 2_10 2_12 2_2 3_10 3_12 3_13 3_2 3_3 4_1 4_4 5_1 5_3 5_6 6_12 7_6 7_9,3_11 4_7 5_13,0.739130,0.538462,0.481481,0.428571,0.739130,0.538462,0.818182,0.538462,0.052632,
2025-09-28,HierBayes,6,0.500000,0.150000,1_3 3_14 7_5,1_10 2_11 2_12 2_2 3_10 3_12 3_13 3_2 4_1 4_4 5_1 5_6 5_7 6_12 6_7 7_6 7_9,3_11 4_7 5_13,,0.379310,0.333333,0.333333,0.818182,0.428571,0.818182,0.481481,0.052632,0.739130
2025-09-28,B1: Static prior,6,0.333333,0.100000,3_11 7_5,1_10 2_10 2_9 3_10 3_12 3_13 3_3 4_1 4_2 4_3 4_4 5_1 5_2 5_3 6_12 6_4 7_6 7_9,1_3 3_14 4_7 5_13,0.379310,,0.739130,0.666667,0.428571,0.739130,0.428571,0.666667,0.052632,0.538462
2025-09-28,TTM,6,0.166667,0.050000,7_5,0_9 1_10 2_10 2_12 2_9 3_10 3_12 3_13 3_3 4_1 4_2 4_3 4_4 5_1 5_2 5_3 6_4 7_4 7_9,1_3 3_11 3_14 4_7 5_13,0.333333,0.739130,,0.538462,0.379310,0.666667,0.379310,0.666667,0.052632,0.481481
2025-09-28,ET,6,0.333333,0.100000,3_11 7_5,1_10 2_9 3_12 3_13 3_2 3_3 4_1 4_11 4_13 4_2 4_3 5_1 5_3 6_12 6_4 7_4 7_6 7_9,1_3 3_14 4_7 5_13,0.333333,0.666667,0.538462,,0.333333,0.538462,0.379310,0.481481,0.081081,0.428571
2025-09-28,B5: B2+B3,6,0.500000,0.150000,1_3 3_14 7_5,1_10 1_2 2_11 2_12 2_2 3_10 3_12 3_13 4_1 4_4 5_1 5_3 5_6 5_7 6_12 7_6 7_9,3_11 4_7 5_13,0.818182,0.428571,0.379310,0.333333,,0.481481,0.904762,0.538462,0.052632,0.739130
2025-09-28,B4: B1+B3,6,0.500000,0.150000,1_3 3_11 7_5,0_9 1_10 2_10 2_2 2_9 3_10 3_12 3_13 4_1 4_2 4_3 4_4 5_1 5_3 6_4 7_6 7_9,3_14 4_7 5_13,0.428571,0.739130,0.666667,0.538462,0.481481,,0.481481,0.904762,0.052632,0.538462
2025-09-28,B2: Recent MA,6,0.500000,0.150000,1_3 3_14 7_5,1_10 1_2 2_11 2_12 2_2 3_10 3_12 3_13 3_2 4_1 4_4 5_1 5_3 5_6 6_12 7_6 7_9,3_11 4_7 5_13,0.818182,0.428571,0.379310,0.379310,0.904762,0.481481,,0.481481,0.052632,0.818182
2025-09-28,B3: DoY season,6,0.333333,0.100000,1_3 7_5,0_9 1_10 2_10 2_2 2_9 3_10 3_12 3_13 4_1 4_2 4_3 4_4 5_1 5_3 5_7 6_4 7_6 7_9,3_11 3_14 4_7 5_13,0.481481,0.666667,0.666667,0.481481,0.538462,0.904762,0.481481,,0.052632,0.538462
2025-09-28,B0: Random,6,0.000000,0.000000,,1_0 1_10 1_6 1_8 3_1 4_0 4_11 5_0 5_15 5_6 6_1 6_4 6_6 7_11 7_15 8_1 8_11 8_12 8_15 8_4,1_3 3_11 3_14 4_7 5_13 7_5,0.052632,0.052632,0.052632,0.081081,0.052632,0.052632,0.052632,0.052632,,0.052632
2025-09-29,GLM-Logit,10,0.800000,0.400000,1_3 2_12 3_12 3_13 4_4 5_3 6_12 7_5,1_10 2_10 2_2 3_10 3_14 3_2 3_3 4_1 5_1 5_6 7_6 7_9,4_2 5_2,0.739130,0.538462,0.428571,0.428571,0.739130,0.600000,0.818182,0.538462,0.111111,
2025-09-29,HierBayes,10,0.700000,0.350000,1_3 2_12 3_12 3_13 4_4 6_12 7_5,1_10 2_11 2_2 3_10 3_14 3_2 4_1 5_1 5_6 5_7 6_7 7_6 7_9,4_2 5_2 5_3,,0.379310,0.290323,0.333333,0.818182,0.428571,0.818182,0.481481,0.142857,0.739130
2025-09-29,B1: Static prior,10,0.800000,0.400000,3_12 3_13 4_2 4_4 5_2 5_3 6_12 7_5,1_10 2_10 2_9 3_10 3_11 3_3 4_1 4_3 5_1 6_4 7_6 7_9,1_3 2_12,0.379310,,0.666667,0.666667,0.428571,0.739130,0.428571,0.666667,0.052632,0.538462
2025-09-29,TTM,10,0.800000,0.400000,2_12 3_12 3_13 4_2 4_4 5_2 5_3 7_5,1_10 2_10 2_9 3_3 4_1 4_3 5_1 6_10 6_4 7_4 7_8 7_9,1_3 6_12,0.290323,0.666667,,0.538462,0.333333,0.538462,0.333333,0.538462,0.052632,0.428571
2025-09-29,ET,10,0.600000,0.300000,3_12 3_13 4_2 5_3 6_12 7_5,1_10 2_9 3_11 3_2 3_3 4_1 4_11 4_13 4_3 5_1 6_4 7_4 7_6 7_9,1_3 2_12 4_4 5_2,0.333333,0.666667,0.538462,,0.333333,0.538462,0.379310,0.481481,0.052632,0.428571
2025-09-29,B5: B2+B3,10,0.800000,0.400000,1_3 2_12 3_12 3_13 4_4 5_3 6_12 7_5,1_10 1_2 2_11 2_2 3_10 3_14 4_1 5_1 5_6 5_7 7_6 7_9,4_2 5_2,0.818182,0.428571,0.333333,0.333333,,0.481481,0.904762,0.538462,0.111111,0.739130
2025-09-29,B4: B1+B3,10,0.600000,0.300000,1_3 3_12 3_13 4_4 5_3 7_5,0_9 1_10 2_10 2_2 2_9 3_10 3_11 3_3 4_1 4_3 5_1 6_4 7_6 7_9,2_12 4_2 5_2 6_12,0.428571,0.739130,0.538462,0.538462,0.481481,,0.481481,0.818182,0.025641,0.600000
2025-09-29,B2: Recent MA,10,0.800000,0.400000,1_3 2_12 3_12 3_13 4_4 5_3 6_12 7_5,1_10 1_2 2_11 2_2 3_10 3_14 3_2 4_1 5_1 5_6 7_6 7_9,4_2 5_2,0.818182,0.428571,0.333333,0.379310,0.904762,0.481481,,0.481481,0.111111,0.818182
2025-09-29,B3: DoY season,10,0.700000,0.350000,1_3 3_12 3_13 4_2 4_4 5_3 7_5,0_9 1_10 2_10 2_2 2_9 3_10 4_1 4_3 5_1 5_7 6_4 7_6 7_9,2_12 5_2 6_12,0.481481,0.666667,0.538462,0.481481,0.538462,0.818182,0.481481,,0.025641,0.538462
2025-09-29,B0: Random,10,0.200000,0.100000,2_12 6_12,1_1 1_10 1_11 2_13 2_8 3_14 3_15 4_0 4_15 4_8 5_0 5_8 6_2 6_7 7_10 7_11 8_6 8_8,1_3 3_12 3_13 4_2 4_4 5_2 5_3 7_5,0.142857,0.052632,0.052632,0.052632,0.111111,0.025641,0.111111,0.025641,,0.111111
2025-09-30,GLM-Logit,16,0.250000,0.200000,1_3 3_13 3_14 6_12,1_10 2_12 2_2 3_10 3_12 3_2 3_3 4_1 4_4 5_1 5_2 5_3 5_6 7_5 7_6 7_9,1_2 3_0 4_13 4_2 6_10 6_4 6_6 6_7 7_8 8_10 8_11 8_7,0.739130,0.538462,0.538462,0.428571,0.739130,0.538462,0.818182,0.481481,0.176471,
2025-09-30,HierBayes,16,0.312500,0.250000,1_3 3_13 3_14 6_12 6_7,1_10 2_11 2_12 2_2 3_10 3_12 3_2 4_1 4_4 5_1 5_3 5_6 5_7 7_5 7_9,1_2 3_0 4_13 4_2 6_10 6_4 6_6 7_8 8_10 8_11 8_7,,0.379310,0.481481,0.333333,0.818182,0.428571,0.818182,0.481481,0.111111,0.739130
2025-09-30,B1: Static prior,16,0.250000,0.200000,3_13 4_2 6_12 6_4,1_10 2_10 2_9 3_10 3_11 3_12 3_3 4_1 4_3 4_4 5_1 5_2 5_3 7_5 7_6 7_9,1_2 1_3 3_0 3_14 4_13 6_10 6_6 6_7 7_8 8_10 8_11 8_7,0.379310,,0.600000,0.666667,0.428571,0.739130,0.428571,0.666667,0.142857,0.538462
2025-09-30,TTM,16,0.250000,0.200000,3_13 6_10 6_12 6_4,1_10 2_10 2_12 2_9 3_12 3_2 3_3 4_1 4_3 4_4 5_1 5_3 5_6 7_4 7_5 7_9,1_2 1_3 3_0 3_14 4_13 4_2 6_6 6_7 7_8 8_10 8_11 8_7,0.481481,0.600000,,0.600000,0.428571,0.538462,0.481481,0.481481,0.111111,0.538462
2025-09-30,ET,16,0.312500,0.250000,3_13 4_13 4_2 6_12 6_4,1_10 2_9 3_11 3_12 3_2 3_3 4_1 4_11 4_3 5_1 5_3 7_4 7_5 7_6 7_9,1_2 1_3 3_0 3_14 6_10 6_6 6_7 7_8 8_10 8_11 8_7,0.333333,0.666667,0.600000,,0.333333,0.538462,0.333333,0.481481,0.111111,0.428571
2025-09-30,B5: B2+B3,16,0.312500,0.250000,1_2 1_3 3_13 3_14 6_12,1_10 2_11 2_12 2_2 3_10 3_12 4_1 4_4 5_1 5_3 5_6 5_7 7_5 7_6 7_9,3_0 4_13 4_2 6_10 6_4 6_6 6_7 7_8 8_10 8_11 8_7,0.818182,0.428571,0.428571,0.333333,,0.481481,0.818182,0.538462,0.111111,0.739130
2025-09-30,B4: B1+B3,16,0.187500,0.150000,1_3 3_13 6_4,0_9 1_10 2_10 2_2 2_9 3_10 3_11 3_12 3_3 4_1 4_3 4_4 5_1 5_3 7_5 7_6 7_9,1_2 3_0 3_14 4_13 4_2 6_10 6_12 6_6 6_7 7_8 8_10 8_11 8_7,0.428571,0.739130,0.538462,0.538462,0.481481,,0.428571,0.818182,0.111111,0.538462
2025-09-30,B2: Recent MA,16,0.312500,0.250000,1_2 1_3 3_13 3_14 6_12,1_10 2_11 2_12 2_2 3_10 3_12 3_2 4_1 4_4 5_1 5_2 5_3 5_6 7_5 7_9,3_0 4_13 4_2 6_10 6_4 6_6 6_7 7_8 8_10 8_11 8_7,0.818182,0.428571,0.481481,0.333333,0.818182,0.428571,,0.428571,0.142857,0.818182
2025-09-30,B3: DoY season,16,0.250000,0.200000,1_3 3_13 4_2 6_4,0_9 1_10 2_10 2_2 2_9 3_10 3_12 4_1 4_3 4_4 5_1 5_3 5_7 7_5 7_6 7_9,1_2 3_0 3_14 4_13 6_10 6_12 6_6 6_7 7_8 8_10 8_11 8_7,0.481481,0.666667,0.481481,0.481481,0.538462,0.818182,0.428571,,0.081081,0.481481
2025-09-30,B0: Random,16,0.187500,0.150000,3_13 3_14 8_7,0_5 0_7 1_10 2_0 3_3 4_10 4_14 4_9 5_13 5_2 5_4 6_14 7_5 8_5 8_6 8_8 8_9,1_2 1_3 3_0 4_13 4_2 6_10 6_12 6_4 6_6 6_7 7_8 8_10 8_11,0.111111,0.142857,0.111111,0.111111,0.111111,0.111111,0.142857,0.081081,,0.176471
2025-10-01,GLM-Logit,12,0.416667,0.250000,1_10 1_3 3_12 3_13 4_4,2_12 2_2 3_10 3_14 4_1 4_2 5_1 5_2 5_3 5_6 6_10 6_12 6_7 7_5 7_9,2_10 2_14 7_11 7_12 7_13 8_10 8_9,0.739130,0.481481,0.538462,0.428571,0.739130,0.481481,0.818182,0.428571,0.052632,
2025-10-01,HierBayes,12,0.416667,0.250000,1_10 1_3 3_12 3_13 4_4,2_11 2_12 2_2 3_10 3_14 3_2 4_1 5_1 5_3 5_6 5_7 6_12 6_7 7_5 7_9,2_10 2_14 7_11 7_12 7_13 8_10 8_9,,0.379310,0.538462,0.379310,0.904762,0.481481,0.818182,0.481481,0.111111,0.739130
2025-10-01,B1: Static prior,12,0.416667,0.250000,1_10 2_10 3_12 3_13 4_4,2_9 3_10 3_11 3_3 4_1 4_2 4_3 5_1 5_2 5_3 6_12 6_4 7_5 7_6 7_9,1_3 2_14 7_11 7_12 7_13 8_10 8_9,0.379310,,0.600000,0.739130,0.379310,0.739130,0.428571,0.666667,0.142857,0.481481
2025-10-01,TTM,12,0.416667,0.250000,1_10 2_10 3_12 3_13 4_4,2_11 2_12 2_9 3_10 4_1 4_3 5_1 5_3 5_6 6_10 6_12 6_4 7_4 7_5 7_9,1_3 2_14 7_11 7_12 7_13 8_10 8_9,0.538462,0.600000,,0.600000,0.538462,0.600000,0.538462,0.538462,0.142857,0.538462
2025-10-01,ET,12,0.416667,0.250000,1_10 2_10 3_12 3_13 4_4,2_11 2_9 3_10 3_11 3_3 4_1 4_13 4_2 4_3 5_1 5_3 6_10 7_5 7_6 7_9,1_3 2_14 7_11 7_12 7_13 8_10 8_9,0.379310,0.739130,0.600000,,0.379310,0.600000,0.428571,0.600000,0.142857,0.428571
2025-10-01,B5: B2+B3,12,0.416667,0.250000,1_10 1_3 3_12 3_13 4_4,1_2 2_11 2_12 2_2 3_10 3_14 4_1 5_1 5_3 5_6 5_7 6_12 6_7 7_5 7_9,2_10 2_14 7_11 7_12 7_13 8_10 8_9,0.904762,0.379310,0.538462,0.379310,,0.481481,0.904762,0.481481,0.081081,0.739130
2025-10-01,B4: B1+B3,12,0.500000,0.300000,1_10 1_3 2_10 3_12 3_13 4_4,0_9 2_2 2_9 3_10 3_3 4_1 4_3 5_1 5_3 6_12 6_4 7_5 7_6 7_9,2_14 7_11 7_12 7_13 8_10 8_9,0.481481,0.739130,0.600000,0.600000,0.481481,,0.481481,0.904762,0.142857,0.481481
2025-10-01,B2: Recent MA,12,0.416667,0.250000,1_10 1_3 3_12 3_13 4_4,1_2 2_11 2_12 2_2 3_10 3_14 4_1 4_2 5_1 5_3 5_6 6_12 6_7 7_5 7_9,2_10 2_14 7_11 7_12 7_13 8_10 8_9,0.818182,0.428571,0.538462,0.428571,0.904762,0.481481,,0.428571,0.081081,0.818182
2025-10-01,B3: DoY season,12,0.500000,0.300000,1_10 1_3 2_10 3_12 3_13 4_4,0_9 2_2 2_9 3_10 3_3 4_1 4_3 5_1 5_3 5_7 6_4 7_5 7_6 7_9,2_14 7_11 7_12 7_13 8_10 8_9,0.481481,0.666667,0.538462,0.600000,0.481481,0.904762,0.428571,,0.142857,0.428571
2025-10-01,B0: Random,12,0.083333,0.050000,8_9,0_0 0_3 0_5 1_8 2_1 2_11 2_5 2_9 3_15 3_2 3_3 4_9 5_15 5_9 6_4 7_5 7_9 8_1 8_11,1_10 1_3 2_10 2_14 3_12 3_13 4_4 7_11 7_12 7_13 8_10,0.111111,0.142857,0.142857,0.142857,0.081081,0.142857,0.081081,0.142857,,0.052632
2025-10-02,GLM-Logit,15,0.600000,0.450000,1_10 2_10 2_12 3_10 3_12 3_14 4_2 5_2 6_10,1_3 3_13 4_1 4_4 5_1 5_3 5_6 6_12 6_7 7_5 7_9,2_8 5_12 7_12 7_8 8_7 8_9,0.666667,0.538462,0.481481,0.481481,0.739130,0.481481,0.739130,0.481481,0.000000,
2025-10-02,HierBayes,15,0.333333,0.250000,1_10 2_12 3_10 3_12 3_14,1_3 2_11 3_13 3_2 3_3 4_1 4_4 5_1 5_3 5_6 5_7 6_12 6_7 7_5 7_9,2_10 2_8 4_2 5_12 5_2 6_10 7_12 7_8 8_7 8_9,,0.428571,0.481481,0.428571,0.739130,0.481481,0.739130,0.428571,0.025641,0.666667
2025-10-02,B1: Static prior,15,0.400000,0.300000,1_10 2_10 3_10 3_12 4_2 5_2,2_9 3_11 3_13 3_3 4_1 4_3 4_4 5_1 5_3 6_12 6_4 7_5 7_6 7_9,2_12 2_8 3_14 5_12 6_10 7_12 7_8 8_7 8_9,0.428571,,0.538462,0.739130,0.428571,0.739130,0.428571,0.739130,0.000000,0.538462
2025-10-02,TTM,15,0.333333,0.250000,1_10 2_10 3_10 3_12 6_10,2_11 2_2 2_9 3_13 3_3 4_1 4_4 5_1 5_3 5_4 5_6 6_4 7_4 7_5 7_9,2_12 2_8 3_14 4_2 5_12 5_2 7_12 7_8 8_7 8_9,0.481481,0.538462,,0.600000,0.538462,0.600000,0.481481,0.600000,0.000000,0.481481
2025-10-02,ET,15,0.400000,0.300000,1_10 2_10 3_10 3_12 4_2 6_10,2_11 2_9 3_11 3_13 3_3 4_1 4_13 4_3 4_4 5_1 5_3 7_5 7_6 7_9,2_12 2_8 3_14 5_12 5_2 7_12 7_8 8_7 8_9,0.428571,0.739130,0.600000,,0.428571,0.600000,0.428571,0.666667,0.000000,0.481481
2025-10-02,B5: B2+B3,15,0.400000,0.300000,1_10 2_10 2_12 3_10 3_12 3_14,1_2 1_3 2_11 2_2 3_13 4_1 4_4 5_1 5_3 5_6 6_12 6_7 7_5 7_9,2_8 4_2 5_12 5_2 6_10 7_12 7_8 8_7 8_9,0.739130,0.428571,0.538462,0.428571,,0.538462,0.904762,0.481481,0.000000,0.739130
2025-10-02,B4: B1+B3,15,0.266667,0.200000,1_10 2_10 3_10 3_12,0_9 1_3 2_2 2_9 3_13 3_3 4_1 4_3 4_4 5_1 5_3 6_12 6_4 7_5 7_6 7_9,2_12 2_8 3_14 4_2 5_12 5_2 6_10 7_12 7_8 8_7 8_9,0.481481,0.739130,0.600000,0.600000,0.538462,,0.481481,0.904762,0.000000,0.481481
2025-10-02,B2: Recent MA,15,0.400000,0.300000,1_10 2_12 3_10 3_12 3_14 4_2,1_2 1_3 2_11 2_2 3_13 4_1 4_4 5_1 5_3 5_6 6_12 6_7 7_5 7_9,2_10 2_8 5_12 5_2 6_10 7_12 7_8 8_7 8_9,0.739130,0.428571,0.481481,0.428571,0.904762,0.481481,,0.481481,0.000000,0.739130
2025-10-02,B3: DoY season,15,0.333333,0.250000,1_10 2_10 3_10 3_12 4_2,0_9 1_3 2_2 2_9 3_13 3_3 4_1 4_3 4_4 5_1 5_3 6_4 7_5 7_6 7_9,2_12 2_8 3_14 5_12 5_2 6_10 7_12 7_8 8_7 8_9,0.428571,0.739130,0.600000,0.666667,0.481481,0.904762,0.481481,,0.000000,0.481481
2025-10-02,B0: Random,15,0.000000,0.000000,,0_1 0_10 0_6 2_15 2_6 3_2 3_5 4_8 5_15 5_8 5_9 6_15 6_2 6_8 6_9 7_0 7_1 7_10 7_2 8_13,1_10 2_10 2_12 2_8 3_10 3_12 3_14 4_2 5_12 5_2 6_10 7_12 7_8 8_7 8_9,0.025641,0.000000,0.000000,0.000000,0.000000,0.000000,0.000000,0.000000,,0.000000
2025-10-03,GLM-Logit,15,0.400000,0.300000,1_10 1_3 2_12 3_13 6_10 7_9,2_10 3_10 3_12 3_14 4_1 4_2 4_4 5_1 5_2 5_3 5_6 6_12 6_7 7_5,2_11 2_2 2_9 3_11 3_3 5_12 6_11 7_6 8_9,0.739130,0.538462,0.481481,0.481481,0.904762,0.481481,0.818182,0.428571,0.052632,
2025-10-03,HierBayes,15,0.400000,0.300000,1_10 1_3 2_11 2_12 3_13 7_9,2_10 3_10 3_12 3_14 3_2 4_1 4_4 5_1 5_3 5_6 5_7 6_12 6_7 7_5,2_2 2_9 3_11 3_3 5_12 6_10 6_11 7_6 8_9,,0.428571,0.481481,0.428571,0.739130,0.481481,0.739130,0.481481,0.052632,0.739130
2025-10-03,B1: Static prior,15,0.466667,0.350000,1_10 2_9 3_11 3_13 3_3 7_6 7_9,2_10 3_10 3_12 4_1 4_2 4_3 4_4 5_1 5_2 5_3 6_12 6_4 7_5,1_3 2_11 2_12 2_2 5_12 6_10 6_11 8_9,0.428571,,0.538462,0.739130,0.481481,0.818182,0.481481,0.666667,0.052632,0.538462
2025-10-03,TTM,15,0.533333,0.400000,1_10 2_11 2_2 2_9 3_13 3_3 6_10 7_9,2_10 3_12 4_1 4_13 4_4 5_1 5_3 5_6 6_12 6_4 7_4 7_5,1_3 2_12 3_11 5_12 6_11 7_6 8_9,0.481481,0.538462,,0.600000,0.538462,0.600000,0.428571,0.538462,0.000000,0.481481
2025-10-03,ET,15,0.600000,0.450000,1_10 2_11 2_9 3_11 3_13 3_3 6_10 7_6 7_9,2_10 3_10 3_12 4_1 4_13 4_2 4_3 4_4 5_1 5_3 7_5,1_3 2_12 2_2 5_12 6_11 8_9,0.428571,0.739130,0.600000,,0.481481,0.666667,0.428571,0.600000,0.025641,0.481481
2025-10-03,B5: B2+B3,15,0.466667,0.350000,1_10 1_3 2_12 2_2 3_13 6_10 7_9,2_10 3_10 3_12 3_14 4_1 4_2 4_4 5_1 5_3 5_6 6_12 6_7 7_5,2_11 2_9 3_11 3_3 5_12 6_11 7_6 8_9,0.739130,0.481481,0.538462,0.481481,,0.538462,0.739130,0.481481,0.025641,0.904762
2025-10-03,B4: B1+B3,15,0.600000,0.450000,1_10 1_3 2_2 2_9 3_11 3_13 3_3 7_6 7_9,2_10 3_10 3_12 4_1 4_3 4_4 5_1 5_3 6_12 6_4 7_5,2_11 2_12 5_12 6_10 6_11 8_9,0.481481,0.818182,0.600000,0.666667,0.538462,,0.428571,0.818182,0.025641,0.481481
2025-10-03,B2: Recent MA,15,0.400000,0.300000,1_10 1_3 2_11 2_12 3_13 7_9,3_10 3_12 3_14 4_1 4_2 4_4 5_1 5_2 5_3 5_6 6_12 6_7 7_12 7_5,2_2 2_9 3_11 3_3 5_12 6_10 6_11 7_6 8_9,0.739130,0.481481,0.428571,0.428571,0.739130,0.428571,,0.379310,0.081081,0.818182
2025-10-03,B3: DoY season,15,0.533333,0.400000,1_10 1_3 2_2 2_9 3_13 3_3 7_6 7_9,0_9 2_10 3_10 3_12 4_1 4_3 4_4 5_1 5_3 5_7 6_4 7_5,2_11 2_12 3_11 5_12 6_10 6_11 8_9,0.481481,0.666667,0.538462,0.600000,0.481481,0.818182,0.379310,,0.025641,0.428571
2025-10-03,B0: Random,15,0.000000,0.000000,,0_10 0_5 1_1 1_12 2_0 2_14 2_5 3_10 3_2 3_9 4_5 5_2 6_6 7_0 7_10 7_12 7_14 8_1 8_10 8_8,1_10 1_3 2_11 2_12 2_2 2_9 3_11 3_13 3_3 5_12 6_10 6_11 7_6 7_9 8_9,0.052632,0.052632,0.000000,0.025641,0.025641,0.025641,0.081081,0.025641,,0.052632
2025-10-04,GLM-Logit,14,0.357143,0.250000,1_10 3_12 3_14 4_4 5_1,1_3 2_10 2_11 2_12 3_10 3_13 4_1 4_2 5_2 5_3 5_6 6_10 6_12 7_5 7_9,2_2 3_11 4_13 4_6 5_12 5_7 6_13 6_7 7_10,0.666667,0.538462,0.538462,0.538462,0.818182,0.428571,0.818182,0.428571,0.052632,
2025-10-04,HierBayes,14,0.571429,0.400000,1_10 3_12 3_14 4_4 5_1 5_12 5_7 6_7,1_3 2_11 2_12 3_10 3_13 4_1 5_6 6_10 6_12 7_5 7_9 8_9,2_2 3_11 4_13 4_6 6_13 7_10,,0.333333,0.333333,0.379310,0.739130,0.333333,0.666667,0.379310,0.052632,0.666667
2025-10-04,B1: Static prior,14,0.357143,0.250000,1_10 3_11 3_12 4_4 5_1,2_10 2_9 3_10 3_13 3_3 4_1 4_2 4_3 5_2 5_3 6_12 6_4 7_5 7_6 7_9,2_2 3_14 4_13 4_6 5_12 5_7 6_13 6_7 7_10,0.333333,,0.600000,0.739130,0.428571,0.739130,0.428571,0.600000,0.111111,0.538462
2025-10-04,TTM,14,0.357143,0.250000,1_10 2_2 3_12 4_4 5_1,2_10 2_11 3_13 3_3 4_1 4_2 4_3 5_2 5_3 6_10 6_11 6_4 7_4 7_5 7_9,3_11 3_14 4_13 4_6 5_12 5_7 6_13 6_7 7_10,0.333333,0.600000,,0.600000,0.481481,0.538462,0.428571,0.481481,0.081081,0.538462
2025-10-04,ET,14,0.428571,0.300000,1_10 3_11 3_12 4_13 4_4 5_1,2_10 2_11 2_9 3_10 3_13 3_3 4_1 4_2 4_3 5_3 6_10 7_5 7_6 7_9,2_2 3_14 4_6 5_12 5_7 6_13 6_7 7_10,0.379310,0.739130,0.600000,,0.481481,0.600000,0.481481,0.538462,0.142857,0.538462
2025-10-04,B5: B2+B3,14,0.500000,0.350000,1_10 2_2 3_12 3_14 4_4 5_1 6_7,1_3 2_10 2_11 2_12 3_10 3_13 4_1 5_3 5_6 6_10 6_12 7_5 7_9,3_11 4_13 4_6 5_12 5_7 6_13 7_10,0.739130,0.428571,0.481481,0.481481,,0.481481,0.739130,0.481481,0.052632,0.818182
2025-10-04,B4: B1+B3,14,0.428571,0.300000,1_10 2_2 3_11 3_12 4_4 5_1,1_3 2_10 2_9 3_13 3_2 3_3 4_1 4_3 5_3 6_12 6_4 7_5 7_6 7_9,3_14 4_13 4_6 5_12 5_7 6_13 6_7 7_10,0.333333,0.739130,0.538462,0.600000,0.481481,,0.379310,0.818182,0.111111,0.428571
2025-10-04,B2: Recent MA,14,0.357143,0.250000,1_10 3_12 3_14 4_4 5_1,1_2 1_3 2_11 2_12 3_10 3_13 4_1 4_2 5_3 5_6 6_10 6_12 7_12 7_5 7_9,2_2 3_11 4_13 4_6 5_12 5_7 6_13 6_7 7_10,0.666667,0.428571,0.428571,0.481481,0.739130,0.379310,,0.379310,0.111111,0.818182
2025-10-04,B3: DoY season,14,0.428571,0.300000,1_10 2_2 3_12 4_4 5_1 5_7,0_9 1_3 2_10 2_9 3_13 3_2 3_3 4_1 4_3 5_3 6_12 7_5 7_6 7_9,3_11 3_14 4_13 4_6 5_12 6_13 6_7 7_10,0.379310,0.600000,0.481481,0.538462,0.481481,0.818182,0.379310,,0.081081,0.428571
2025-10-04,B0: Random,14,0.285714,0.200000,1_10 3_11 4_13 4_4,0_10 0_11 0_6 1_2 2_1 2_7 3_3 3_6 4_0 5_0 5_5 6_0 6_3 6_5 7_12 8_14,2_2 3_12 3_14 4_6 5_1 5_12 5_7 6_13 6_7 7_10,0.052632,0.111111,0.081081,0.142857,0.052632,0.111111,0.111111,0.081081,,0.052632
2025-10-05,GLM-Logit,12,0.333333,0.200000,1_3 3_13 3_14 4_1,1_10 2_10 2_12 3_10 3_12 4_2 4_4 5_1 5_2 5_3 5_6 6_10 6_12 6_7 7_5 7_9,2_11 2_14 2_2 2_9 5_12 7_11 7_6 8_9,0.666667,0.538462,0.481481,0.481481,0.904762,0.481481,0.739130,0.481481,0.025641,
2025-10-05,HierBayes,12,0.583333,0.350000,1_3 2_11 3_13 3_14 4_1 5_12 8_9,1_10 2_12 3_10 3_12 4_4 5_1 5_6 5_7 6_10 6_12 6_7 7_5 7_9,2_14 2_2 2_9 7_11 7_6,,0.333333,0.333333,0.379310,0.739130,0.379310,0.739130,0.379310,0.025641,0.666667
2025-10-05,B1: Static prior,12,0.333333,0.200000,2_9 3_13 4_1 7_6,1_10 2_10 3_10 3_11 3_12 3_3 4_2 4_3 4_4 5_1 5_2 5_3 6_12 6_4 7_5 7_9,1_3 2_11 2_14 2_2 3_14 5_12 7_11 8_9,0.333333,,0.538462,0.739130,0.481481,0.739130,0.379310,0.600000,0.052632,0.538462
2025-10-05,TTM,12,0.333333,0.200000,2_14 2_2 3_13 4_1,1_10 2_10 3_11 3_12 4_2 4_4 5_1 5_2 5_3 5_7 6_10 6_4 6_5 7_5 7_8 7_9,1_3 2_11 2_9 3_14 5_12 7_11 7_6 8_9,0.333333,0.538462,,0.481481,0.428571,0.428571,0.333333,0.333333,0.025641,0.481481
2025-10-05,ET,12,0.416667,0.250000,2_11 2_9 3_13 4_1 7_6,1_10 2_10 3_10 3_11 3_12 3_3 4_13 4_2 4_3 4_4 5_1 5_3 6_10 7_5 7_9,1_3 2_14 2_2 3_14 5_12 7_11 8_9,0.379310,0.739130,0.481481,,0.481481,0.600000,0.428571,0.538462,0.052632,0.481481
2025-10-05,B5: B2+B3,12,0.416667,0.250000,1_3 3_13 3_14 4_1 5_12,1_10 2_10 2_12 3_10 3_12 4_2 4_4 5_1 5_3 5_6 6_10 6_12 6_7 7_5 7_9,2_11 2_14 2_2 2_9 7_11 7_6 8_9,0.739130,0.481481,0.428571,0.481481,,0.481481,0.739130,0.481481,0.025641,0.904762
2025-10-05,B4: B1+B3,12,0.500000,0.300000,1_3 2_2 2_9 3_13 4_1 7_6,1_10 2_10 3_10 3_12 3_2 3_3 4_3 4_4 5_1 5_3 6_12 6_4 7_5 7_9,2_11 2_14 3_14 5_12 7_11 8_9,0.379310,0.739130,0.428571,0.600000,0.481481,,0.428571,0.818182,0.052632,0.481481
2025-10-05,B2: Recent MA,12,0.416667,0.250000,1_3 2_11 3_13 3_14 4_1,1_10 1_2 2_12 3_10 3_12 4_4 5_1 5_3 5_6 6_10 6_12 6_7 7_12 7_5 7_9,2_14 2_2 2_9 5_12 7_11 7_6 8_9,0.739130,0.379310,0.333333,0.428571,0.739130,0.428571,,0.428571,0.025641,0.739130
2025-10-05,B3: DoY season,12,0.500000,0.300000,1_3 2_2 2_9 3_13 4_1 7_6,1_10 2_10 3_10 3_12 3_2 3_3 4_3 4_4 5_1 5_11 5_3 6_12 6_7 7_9,2_11 2_14 3_14 5_12 7_11 8_9,0.379310,0.600000,0.333333,0.538462,0.481481,0.818182,0.428571,,0.052632,0.481481
2025-10-05,B0: Random,12,0.166667,0.100000,1_3 2_9,0_0 0_12 0_7 3_0 3_11 3_15 3_7 4_5 5_0 5_9 6_0 6_11 6_3 7_10 7_2 7_3 8_12 8_8,2_11 2_14 2_2 3_13 3_14 4_1 5_12 7_11 7_6 8_9,0.025641,0.052632,0.025641,0.052632,0.025641,0.052632,0.025641,0.052632,,0.025641
2025-10-06,GLM-Logit,15,0.600000,0.450000,3_10 3_12 3_13 3_14 4_1 4_2 5_1 7_5 7_9,1_10 1_3 2_10 2_12 2_2 4_4 5_3 5_6 6_10 6_12 6_7,2_13 2_14 3_2 7_6 7_8 8_11,0.666667,0.481481,0.538462,0.481481,0.904762,0.600000,0.904762,0.538462,0.111111,
2025-10-06,HierBayes,15,0.533333,0.400000,3_10 3_12 3_13 3_14 4_1 5_1 7_5 7_9,1_10 1_3 2_11 2_12 4_4 5_12 5_6 5_7 6_10 6_12 6_7 8_9,2_13 2_14 3_2 4_2 7_6 7_8 8_11,,0.333333,0.333333,0.379310,0.739130,0.428571,0.739130,0.379310,0.176471,0.666667
2025-10-06,B1: Static prior,15,0.600000,0.450000,3_10 3_12 3_13 4_1 4_2 5_1 7_5 7_6 7_9,1_10 2_10 2_9 3_11 3_3 4_3 4_4 5_2 5_3 6_12 6_4,2_13 2_14 3_14 3_2 7_8 8_11,0.333333,,0.600000,0.739130,0.428571,0.666667,0.428571,0.538462,0.111111,0.481481
2025-10-06,TTM,15,0.600000,0.450000,2_14 3_12 3_13 4_1 4_2 5_1 7_5 7_8 7_9,1_10 2_10 2_2 3_11 4_3 4_4 5_2 5_3 5_6 6_10 6_4,2_13 3_10 3_14 3_2 7_6 8_11,0.333333,0.600000,,0.538462,0.481481,0.481481,0.481481,0.379310,0.081081,0.538462
2025-10-06,ET,15,0.600000,0.450000,3_10 3_12 3_13 4_1 4_2 5_1 7_5 7_6 7_9,1_10 2_10 2_11 2_9 3_11 3_3 4_13 4_3 4_4 5_3 6_10,2_13 2_14 3_14 3_2 7_8 8_11,0.379310,0.739130,0.538462,,0.428571,0.538462,0.428571,0.481481,0.142857,0.481481
2025-10-06,B5: B2+B3,15,0.533333,0.400000,3_10 3_12 3_13 3_14 4_1 5_1 7_5 7_9,1_10 1_3 2_10 2_12 2_2 4_4 5_12 5_3 5_6 6_10 6_12 6_7,2_13 2_14 3_2 4_2 7_6 7_8 8_11,0.739130,0.428571,0.481481,0.428571,,0.600000,0.904762,0.538462,0.111111,0.904762
2025-10-06,B4: B1+B3,15,0.533333,0.400000,3_10 3_12 3_13 3_2 4_1 5_1 7_5 7_9,1_10 1_3 2_10 2_2 2_9 3_3 4_3 4_4 5_3 6_12 6_4 6_7,2_13 2_14 3_14 4_2 7_6 7_8 8_11,0.428571,0.666667,0.481481,0.538462,0.600000,,0.538462,0.818182,0.111111,0.600000
2025-10-06,B2: Recent MA,15,0.600000,0.450000,3_10 3_12 3_13 3_14 4_1 4_2 5_1 7_5 7_9,1_10 1_3 2_12 2_2 4_4 5_12 5_3 5_6 6_10 6_12 6_7,2_13 2_14 3_2 7_6 7_8 8_11,0.739130,0.428571,0.481481,0.428571,0.904762,0.538462,,0.481481,0.111111,0.904762
2025-10-06,B3: DoY season,15,0.466667,0.350000,3_10 3_12 3_13 3_2 4_1 5_1 7_9,0_9 1_10 1_3 2_10 2_2 2_9 3_3 4_3 4_4 5_11 5_3 6_12 6_7,2_13 2_14 3_14 4_2 7_5 7_6 7_8 8_11,0.379310,0.538462,0.379310,0.481481,0.538462,0.818182,0.481481,,0.111111,0.538462
2025-10-06,B0: Random,15,0.266667,0.200000,2_14 3_10 3_14 5_1,0_11 0_12 0_6 0_7 1_0 1_15 2_11 2_3 2_9 3_8 4_4 5_10 5_7 6_6 7_0 8_6,2_13 3_12 3_13 3_2 4_1 4_2 7_5 7_6 7_8 7_9 8_11,0.176471,0.111111,0.081081,0.142857,0.111111,0.111111,0.111111,0.111111,,0.111111
2025-10-07,GLM-Logit,22,0.318182,0.350000,3_10 3_13 3_14 4_4 6_10 6_12 7_5,1_10 1_3 2_10 2_12 3_12 4_1 4_2 5_1 5_3 5_6 6_7 7_6 7_9,2_2 2_3 3_1 4_11 4_13 4_6 5_0 5_11 5_12 5_7 7_12 8_10 8_11 8_8 8_9,0.666667,0.538462,0.428571,0.538462,0.818182,0.538462,0.818182,0.428571,0.142857,
2025-10-07,HierBayes,22,0.409091,0.450000,3_10 3_13 3_14 4_4 5_12 5_7 6_12 7_5 8_9,1_10 1_3 2_12 3_12 3_2 4_1 4_2 5_1 5_6 6_7 7_9,2_2 2_3 3_1 4_11 4_13 4_6 5_0 5_11 6_10 7_12 8_10 8_11 8_8,,0.379310,0.290323,0.333333,0.818182,0.481481,0.818182,0.428571,0.111111,0.666667
2025-10-07,B1: Static prior,22,0.227273,0.250000,3_10 3_13 4_4 6_12 7_5,1_10 2_10 2_9 3_11 3_12 3_3 4_1 4_2 4_3 5_1 5_2 5_3 6_4 7_6 7_9,2_2 2_3 3_1 3_14 4_11 4_13 4_6 5_0 5_11 5_12 5_7 6_10 7_12 8_10 8_11 8_8 8_9,0.379310,,0.739130,0.739130,0.481481,0.666667,0.428571,0.481481,0.111111,0.538462
2025-10-07,TTM,22,0.227273,0.250000,3_10 3_13 4_4 6_10 7_5,1_10 1_11 2_10 2_9 3_11 3_12 3_3 4_1 4_3 5_1 5_2 5_3 5_4 6_4 7_9,2_2 2_3 3_1 3_14 4_11 4_13 4_6 5_0 5_11 5_12 5_7 6_12 7_12 8_10 8_11 8_8 8_9,0.290323,0.739130,,0.666667,0.379310,0.600000,0.379310,0.428571,0.111111,0.428571
2025-10-07,ET,22,0.272727,0.300000,3_10 3_13 4_13 4_4 6_10 7_5,1_10 2_10 2_11 2_9 3_11 3_12 3_3 4_1 4_2 4_3 5_1 5_3 7_6 7_9,2_2 2_3 3_1 3_14 4_11 4_6 5_0 5_11 5_12 5_7 6_12 7_12 8_10 8_11 8_8 8_9,0.333333,0.739130,0.666667,,0.428571,0.538462,0.428571,0.428571,0.111111,0.538462
2025-10-07,B5: B2+B3,22,0.318182,0.350000,3_10 3_13 3_14 4_4 5_12 6_12 7_5,1_10 1_3 2_10 2_12 3_12 3_2 4_1 4_2 5_1 5_3 5_6 6_7 7_9,2_2 2_3 3_1 4_11 4_13 4_6 5_0 5_11 5_7 6_10 7_12 8_10 8_11 8_8 8_9,0.818182,0.481481,0.379310,0.428571,,0.600000,0.904762,0.538462,0.111111,0.818182
2025-10-07,B4: B1+B3,22,0.272727,0.300000,2_2 3_10 3_13 4_4 6_12 7_5,1_10 1_3 2_10 2_9 3_12 3_2 3_3 4_1 4_3 5_1 5_3 6_4 6_7 7_9,2_3 3_1 3_14 4_11 4_13 4_6 5_0 5_11 5_12 5_7 6_10 7_12 8_10 8_11 8_8 8_9,0.481481,0.666667,0.600000,0.538462,0.600000,,0.538462,0.739130,0.081081,0.538462
2025-10-07,B2: Recent MA,22,0.363636,0.400000,3_10 3_13 3_14 4_4 5_12 6_10 6_12 7_5,1_10 1_3 2_12 3_12 3_2 4_1 4_2 5_1 5_3 5_6 6_7 7_9,2_2 2_3 3_1 4_11 4_13 4_6 5_0 5_11 5_7 7_12 8_10 8_11 8_8 8_9,0.818182,0.428571,0.379310,0.428571,0.904762,0.538462,,0.481481,0.111111,0.818182
2025-10-07,B3: DoY season,22,0.272727,0.300000,2_2 4_4 5_11 5_12 6_12 7_5,1_10 1_3 2_10 2_9 3_12 3_2 3_3 4_1 4_3 5_1 5_10 5_3 6_7 7_9,2_3 3_1 3_10 3_13 3_14 4_11 4_13 4_6 5_0 5_7 6_10 7_12 8_10 8_11 8_8 8_9,0.428571,0.481481,0.428571,0.428571,0.538462,0.739130,0.481481,,0.052632,0.428571
2025-10-07,B0: Random,22,0.090909,0.100000,3_10 4_4,0_10 0_11 0_9 1_1 1_11 1_4 1_5 2_13 2_14 2_6 3_15 4_5 5_6 5_8 6_0 6_5 7_6 7_9,2_2 2_3 3_1 3_13 3_14 4_11 4_13 4_6 5_0 5_11 5_12 5_7 6_10 6_12 7_12 7_5 8_10 8_11 8_8 8_9,0.111111,0.111111,0.111111,0.111111,0.111111,0.081081,0.111111,0.052632,,0.142857
2025-10-08,GLM-Logit,21,0.476190,0.500000,1_3 2_10 3_10 3_12 3_13 4_2 4_4 5_1 6_12 6_7,1_10 2_12 3_14 4_1 5_3 5_6 6_10 7_5 7_6 7_9,2_3 3_11 3_2 3_3 5_12 6_5 7_10 7_12 7_13 7_8 8_9,0.739130,0.538462,0.428571,0.538462,0.818182,0.600000,0.739130,0.481481,0.142857,
2025-10-08,HierBayes,21,0.523810,0.550000,1_3 3_10 3_12 3_13 4_2 4_4 5_1 5_12 6_12 6_7 8_9,1_10 2_12 3_14 4_1 5_6 5_7 6_10 7_5 7_9,2_10 2_3 3_11 3_2 3_3 6_5 7_10 7_12 7_13 7_8,,0.379310,0.333333,0.379310,0.904762,0.428571,0.904762,0.428571,0.142857,0.739130
2025-10-08,B1: Static prior,21,0.476190,0.500000,2_10 3_10 3_11 3_12 3_13 3_3 4_2 4_4 5_1 6_12,1_10 2_9 4_1 4_3 5_2 5_3 6_4 7_5 7_6 7_9,1_3 2_3 3_2 5_12 6_5 6_7 7_10 7_12 7_13 7_8 8_9,0.379310,,0.739130,0.739130,0.428571,0.666667,0.379310,0.538462,0.111111,0.538462
2025-10-08,TTM,21,0.380952,0.400000,2_10 3_11 3_12 3_13 3_3 4_4 5_1 6_12,1_10 2_9 4_1 4_3 5_2 5_3 6_10 6_11 6_4 7_4 7_5 7_9,1_3 2_3 3_10 3_2 4_2 5_12 6_5 6_7 7_10 7_12 7_13 7_8 8_9,0.333333,0.739130,,0.600000,0.379310,0.538462,0.333333,0.481481,0.111111,0.428571
2025-10-08,ET,21,0.428571,0.450000,2_10 3_10 3_11 3_12 3_13 3_3 4_2 4_4 5_1,1_10 2_11 2_9 4_1 4_13 4_3 5_3 6_10 7_5 7_6 7_9,1_3 2_3 3_2 5_12 6_12 6_5 6_7 7_10 7_12 7_13 7_8 8_9,0.379310,0.739130,0.600000,,0.428571,0.600000,0.379310,0.481481,0.111111,0.538462
2025-10-08,B5: B2+B3,21,0.523810,0.550000,1_3 3_10 3_12 3_13 4_2 4_4 5_1 5_12 6_12 6_7 8_9,1_10 2_12 3_14 4_1 5_3 5_6 6_10 7_5 7_9,2_10 2_3 3_11 3_2 3_3 6_5 7_10 7_12 7_13 7_8,0.904762,0.428571,0.379310,0.428571,,0.481481,0.904762,0.428571,0.142857,0.818182
2025-10-08,B4: B1+B3,21,0.523810,0.550000,1_3 2_10 3_12 3_13 3_2 3_3 4_2 4_4 5_1 6_12 6_7,1_10 2_2 2_9 4_1 4_3 5_3 7_5 7_6 7_9,2_3 3_10 3_11 5_12 6_5 7_10 7_12 7_13 7_8 8_9,0.428571,0.666667,0.538462,0.600000,0.481481,,0.428571,0.818182,0.111111,0.600000
2025-10-08,B2: Recent MA,21,0.571429,0.600000,1_3 3_10 3_12 3_13 4_2 4_4 5_1 5_12 6_12 6_7 7_12 8_9,1_10 2_12 3_14 4_1 5_6 6_10 7_5 7_9,2_10 2_3 3_11 3_2 3_3 6_5 7_10 7_13 7_8,0.904762,0.379310,0.333333,0.379310,0.904762,0.428571,,0.379310,0.176471,0.739130
2025-10-08,B3: DoY season,21,0.476190,0.500000,1_3 2_10 3_12 3_2 3_3 4_2 4_4 5_1 6_12 6_7,1_10 2_2 2_9 4_1 4_3 5_10 5_3 5_7 7_5 7_9,2_3 3_10 3_11 3_13 5_12 6_5 7_10 7_12 7_13 7_8 8_9,0.428571,0.538462,0.481481,0.481481,0.428571,0.818182,0.379310,,0.081081,0.481481
2025-10-08,B0: Random,21,0.285714,0.300000,1_3 2_3 3_10 3_13 7_12 7_13,0_13 0_14 0_7 2_4 3_1 4_1 4_9 6_8 7_1 7_11 7_4 7_5 8_10 8_11,2_10 3_11 3_12 3_2 3_3 4_2 4_4 5_1 5_12 6_12 6_5 6_7 7_10 7_8 8_9,0.142857,0.111111,0.111111,0.111111,0.142857,0.111111,0.176471,0.081081,,0.142857
2025-10-09,GLM-Logit,19,0.421053,0.400000,1_10 2_10 3_12 4_1 4_2 5_12 6_12 6_7,1_3 2_12 3_10 3_13 3_14 4_4 5_1 5_3 6_10 7_5 7_9 8_9,2_11 2_2 3_2 3_3 4_13 6_11 6_5 6_8 7_4 7_7 8_7,0.739130,0.481481,0.481481,0.481481,0.904762,0.538462,0.818182,0.428571,0.081081,
2025-10-09,HierBayes,19,0.421053,0.400000,1_10 2_10 3_12 3_2 4_2 5_12 6_12 6_7,1_3 2_12 3_10 3_13 3_14 4_4 5_1 5_6 5_7 6_10 7_5 8_9,2_11 2_2 3_3 4_1 4_13 6_11 6_5 6_8 7_4 7_7 8_7,,0.333333,0.333333,0.333333,0.818182,0.428571,0.818182,0.379310,0.111111,0.739130
2025-10-09,B1: Static prior,19,0.368421,0.350000,1_10 2_10 3_12 3_3 4_1 4_2 6_12,2_9 3_10 3_11 3_13 4_3 4_4 5_1 5_2 5_3 6_4 7_5 7_6 7_9,2_11 2_2 3_2 4_13 5_12 6_11 6_5 6_7 6_8 7_4 7_7 8_7,0.333333,,0.666667,0.739130,0.428571,0.666667,0.379310,0.481481,0.081081,0.481481
2025-10-09,TTM,19,0.421053,0.400000,1_10 2_10 3_12 3_3 4_1 6_11 6_12 7_4,1_11 2_9 3_10 3_13 4_3 4_4 5_1 5_3 6_10 6_4 7_5 7_9,2_11 2_2 3_2 4_13 4_2 5_12 6_5 6_7 6_8 7_7 8_7,0.333333,0.666667,,0.600000,0.428571,0.538462,0.379310,0.428571,0.052632,0.481481
2025-10-09,ET,19,0.421053,0.400000,1_10 2_10 2_11 3_12 3_3 4_1 4_13 4_2,2_9 3_10 3_11 3_13 4_3 4_4 5_1 5_3 6_10 7_5 7_6 7_9,2_2 3_2 5_12 6_11 6_12 6_5 6_7 6_8 7_4 7_7 8_7,0.333333,0.739130,0.600000,,0.428571,0.600000,0.379310,0.428571,0.081081,0.481481
2025-10-09,B5: B2+B3,19,0.421053,0.400000,1_10 2_10 3_12 4_1 4_2 5_12 6_12 6_7,1_3 2_12 3_10 3_13 3_14 4_4 5_1 5_6 6_10 7_5 7_9 8_9,2_11 2_2 3_2 3_3 4_13 6_11 6_5 6_8 7_4 7_7 8_7,0.818182,0.428571,0.428571,0.428571,,0.481481,0.904762,0.379310,0.081081,0.904762
2025-10-09,B4: B1+B3,19,0.526316,0.500000,1_10 2_10 2_2 3_12 3_2 3_3 4_1 4_2 6_12 6_7,1_3 2_9 3_13 4_3 4_4 5_1 5_3 7_5 7_6 7_9,2_11 4_13 5_12 6_11 6_5 6_8 7_4 7_7 8_7,0.428571,0.666667,0.538462,0.600000,0.481481,,0.428571,0.739130,0.025641,0.538462
2025-10-09,B2: Recent MA,19,0.421053,0.400000,1_10 2_10 3_12 4_1 4_2 5_12 6_12 6_7,1_3 2_12 3_10 3_13 3_14 4_4 5_1 5_6 6_10 7_12 7_5 8_9,2_11 2_2 3_2 3_3 4_13 6_11 6_5 6_8 7_4 7_7 8_7,0.818182,0.379310,0.379310,0.379310,0.904762,0.428571,,0.333333,0.081081,0.818182
2025-10-09,B3: DoY season,19,0.526316,0.500000,1_10 2_10 2_2 3_12 3_2 3_3 4_1 4_2 6_12 6_7,1_3 2_9 4_3 4_4 5_1 5_10 5_11 5_3 5_7 7_9,2_11 4_13 5_12 6_11 6_5 6_8 7_4 7_7 8_7,0.379310,0.481481,0.428571,0.428571,0.379310,0.739130,0.333333,,0.052632,0.428571
2025-10-09,B0: Random,19,0.052632,0.050000,3_12,0_12 0_14 0_15 0_6 1_12 1_13 1_2 1_7 2_6 3_10 3_11 3_14 3_8 4_11 5_0 5_7 6_6 7_14 8_11,1_10 2_10 2_11 2_2 3_2 3_3 4_1 4_13 4_2 5_12 6_11 6_12 6_5 6_7 6_8 7_4 7_7 8_7,0.111111,0.081081,0.052632,0.081081,0.081081,0.025641,0.081081,0.052632,,0.081081
2025-10-10,GLM-Logit,20,0.550000,0.550000,2_10 3_10 3_12 3_13 4_1 4_2 5_1 5_12 6_12 6_7 7_5,1_10 1_3 2_12 3_14 3_2 4_4 5_3 6_10 7_9,2_11 2_14 2_3 4_13 5_11 6_9 7_10 7_12 7_7,0.739130,0.481481,0.481481,0.481481,0.818182,0.600000,0.818182,0.481481,0.111111,
2025-10-10,HierBayes,20,0.500000,0.500000,2_10 3_10 3_12 3_13 4_2 5_1 5_12 6_12 6_7 7_5,1_10 1_3 2_12 3_14 3_2 3_3 4_4 5_7 6_10 8_9,2_11 2_14 2_3 4_1 4_13 5_11 6_9 7_10 7_12 7_7,,0.379310,0.379310,0.379310,0.818182,0.481481,0.818182,0.428571,0.081081,0.739130
2025-10-10,B1: Static prior,20,0.450000,0.450000,2_10 3_10 3_12 3_13 4_1 4_2 5_1 6_12 7_5,1_10 2_9 3_11 3_3 4_3 4_4 5_2 5_3 6_4 7_6 7_9,2_11 2_14 2_3 4_13 5_11 5_12 6_7 6_9 7_10 7_12 7_7,0.379310,,0.600000,0.739130,0.379310,0.600000,0.379310,0.481481,0.111111,0.481481
2025-10-10,TTM,20,0.350000,0.350000,2_10 3_12 3_13 4_1 5_1 5_12 7_5,1_10 1_11 2_9 3_2 3_3 4_3 4_4 5_2 5_3 6_10 6_3 6_4 7_9,2_11 2_14 2_3 3_10 4_13 4_2 5_11 6_12 6_7 6_9 7_10 7_12 7_7,0.379310,0.600000,,0.538462,0.379310,0.538462,0.379310,0.428571,0.052632,0.481481
2025-10-10,ET,20,0.500000,0.500000,2_10 2_11 3_10 3_12 3_13 4_1 4_13 4_2 5_1 7_5,1_10 2_9 3_11 3_3 4_3 4_4 5_3 6_10 7_6 7_9,2_14 2_3 5_11 5_12 6_12 6_7 6_9 7_10 7_12 7_7,0.379310,0.739130,0.538462,,0.379310,0.538462,0.379310,0.428571,0.111111,0.481481
2025-10-10,B5: B2+B3,20,0.550000,0.550000,2_10 3_10 3_12 3_13 4_1 4_2 5_1 5_12 6_12 6_7 7_5,1_10 1_3 2_12 2_2 3_14 3_2 4_4 6_10 8_9,2_11 2_14 2_3 4_13 5_11 6_9 7_10 7_12 7_7,0.818182,0.379310,0.379310,0.379310,,0.538462,0.904762,0.481481,0.081081,0.818182
2025-10-10,B4: B1+B3,20,0.500000,0.500000,2_10 3_12 3_13 4_1 4_2 5_1 5_11 6_12 6_7 7_5,1_10 1_3 2_2 2_9 3_2 3_3 4_3 4_4 5_3 7_9,2_11 2_14 2_3 3_10 4_13 5_12 6_9 7_10 7_12 7_7,0.481481,0.600000,0.538462,0.538462,0.538462,,0.481481,0.818182,0.111111,0.600000
2025-10-10,B2: Recent MA,20,0.550000,0.550000,2_10 3_10 3_12 3_13 4_1 4_2 5_1 5_12 6_12 6_7 7_5,1_10 1_3 2_12 3_14 3_2 4_4 5_6 6_10 8_9,2_11 2_14 2_3 4_13 5_11 6_9 7_10 7_12 7_7,0.818182,0.379310,0.379310,0.379310,0.904762,0.481481,,0.428571,0.081081,0.818182
2025-10-10,B3: DoY season,20,0.400000,0.400000,2_10 3_12 4_1 4_2 5_1 5_11 6_12 6_7,1_10 1_3 2_2 2_9 3_2 3_3 4_3 4_4 5_10 5_3 7_9 8_9,2_11 2_14 2_3 3_10 3_13 4_13 5_12 6_9 7_10 7_12 7_5 7_7,0.428571,0.481481,0.428571,0.428571,0.481481,0.818182,0.428571,,0.111111,0.481481
2025-10-10,B0: Random,20,0.150000,0.150000,4_2 6_7 7_10,0_4 2_0 2_6 2_8 2_9 3_0 3_14 4_5 4_6 4_7 5_3 6_0 6_15 7_2 7_6 8_2 8_3,2_10 2_11 2_14 2_3 3_10 3_12 3_13 4_1 4_13 5_1 5_11 5_12 6_12 6_9 7_12 7_5 7_7,0.081081,0.111111,0.052632,0.111111,0.081081,0.111111,0.081081,0.111111,,0.111111
2025-10-11,GLM-Logit,17,0.529412,0.450000,1_10 3_10 3_12 3_13 3_14 4_4 6_10 6_12 7_5,1_3 2_10 2_12 3_2 4_1 4_2 5_1 5_12 5_3 6_7 7_9,3_1 3_11 4_11 5_6 6_1 6_5 6_8 7_12,0.739130,0.481481,0.379310,0.481481,0.818182,0.600000,0.739130,0.538462,0.052632,
2025-10-11,HierBayes,17,0.529412,0.450000,1_10 3_10 3_12 3_13 3_14 4_4 6_10 6_12 7_5,1_3 2_10 2_11 2_12 3_2 3_3 4_2 5_1 5_12 6_7 8_9,3_1 3_11 4_11 5_6 6_1 6_5 6_8 7_12,,0.379310,0.333333,0.428571,0.818182,0.481481,0.739130,0.428571,0.052632,0.739130
2025-10-11,B1: Static prior,17,0.470588,0.400000,1_10 3_10 3_11 3_12 3_13 4_4 6_12 7_5,2_10 2_9 3_3 4_1 4_2 4_3 5_1 5_2 5_3 6_4 7_6 7_9,3_1 3_14 4_11 5_6 6_1 6_10 6_5 6_8 7_12,0.379310,,0.666667,0.739130,0.379310,0.600000,0.379310,0.481481,0.111111,0.481481
2025-10-11,TTM,17,0.411765,0.350000,1_10 3_10 3_11 3_12 3_13 4_4 7_5,1_11 2_10 2_11 2_9 3_3 4_1 4_3 5_1 5_3 5_7 6_4 7_4 7_9,3_1 3_14 4_11 5_6 6_1 6_10 6_12 6_5 6_8 7_12,0.333333,0.666667,,0.666667,0.290323,0.481481,0.290323,0.379310,0.111111,0.379310
2025-10-11,ET,17,0.470588,0.400000,1_10 3_10 3_11 3_12 3_13 4_4 6_10 7_5,2_10 2_11 2_9 3_3 4_1 4_13 4_2 4_3 5_1 5_3 7_6 7_9,3_1 3_14 4_11 5_6 6_1 6_12 6_5 6_8 7_12,0.428571,0.739130,0.666667,,0.379310,0.538462,0.428571,0.428571,0.081081,0.481481
2025-10-11,B5: B2+B3,17,0.529412,0.450000,1_10 3_10 3_12 3_13 3_14 4_4 6_10 6_12 7_5,1_3 2_10 2_12 2_2 3_2 4_1 4_2 5_1 5_12 6_7 8_9,3_1 3_11 4_11 5_6 6_1 6_5 6_8 7_12,0.818182,0.379310,0.290323,0.379310,,0.538462,0.818182,0.481481,0.052632,0.818182
2025-10-11,B4: B1+B3,17,0.352941,0.300000,1_10 3_12 3_13 4_4 6_12 7_5,1_3 2_10 2_2 2_9 3_2 3_3 4_1 4_2 4_3 5_1 5_11 5_3 6_7 7_9,3_1 3_10 3_11 3_14 4_11 5_6 6_1 6_10 6_5 6_8 7_12,0.481481,0.600000,0.481481,0.538462,0.538462,,0.428571,0.818182,0.052632,0.600000
2025-10-11,B2: Recent MA,17,0.588235,0.500000,1_10 3_10 3_12 3_13 3_14 4_4 5_6 6_10 6_12 7_5,1_3 2_10 2_12 4_1 4_13 4_2 5_1 5_12 6_7 8_9,3_1 3_11 4_11 6_1 6_5 6_8 7_12,0.739130,0.379310,0.290323,0.428571,0.818182,0.428571,,0.379310,0.052632,0.739130
2025-10-11,B3: DoY season,17,0.235294,0.200000,1_10 3_12 4_4 6_12,1_3 2_10 2_2 2_9 3_2 3_3 4_1 4_2 4_3 5_1 5_10 5_11 5_12 5_3 6_7 7_9,3_1 3_10 3_11 3_13 3_14 4_11 5_6 6_1 6_10 6_5 6_8 7_12 7_5,0.428571,0.481481,0.379310,0.428571,0.481481,0.818182,0.379310,,0.052632,0.538462
2025-10-11,B0: Random,17,0.235294,0.200000,3_11 4_4 6_8 7_12,0_11 0_12 1_15 2_12 3_8 4_12 4_3 5_4 5_5 6_15 6_4 7_1 7_2 7_3 8_0 8_14,1_10 3_1 3_10 3_12 3_13 3_14 4_11 5_6 6_1 6_10 6_12 6_5 7_5,0.052632,0.111111,0.111111,0.081081,0.052632,0.052632,0.052632,0.052632,,0.052632
2025-10-12,GLM-Logit,13,0.538462,0.350000,1_10 2_10 2_12 3_10 3_13 5_1 5_12,1_3 3_12 3_14 3_2 4_1 4_2 4_4 5_3 6_10 6_12 6_7 7_5 7_9,0_9 2_14 3_3 5_7 6_5 6_8,0.739130,0.481481,0.481481,0.481481,0.818182,0.600000,0.739130,0.481481,0.081081,
2025-10-12,HierBayes,13,0.615385,0.400000,1_10 2_10 2_12 3_10 3_13 3_3 5_1 5_12,1_3 2_11 3_12 3_14 3_2 4_2 4_4 6_10 6_12 6_7 7_5 8_9,0_9 2_14 5_7 6_5 6_8,,0.379310,0.333333,0.428571,0.818182,0.481481,0.739130,0.428571,0.052632,0.739130
2025-10-12,B1: Static prior,13,0.461538,0.300000,1_10 2_10 3_10 3_13 3_3 5_1,2_9 3_11 3_12 4_1 4_2 4_3 4_4 5_2 5_3 6_12 6_4 7_5 7_6 7_9,0_9 2_12 2_14 5_12 5_7 6_5 6_8,0.379310,,0.666667,0.739130,0.379310,0.666667,0.379310,0.481481,0.111111,0.481481
2025-10-12,TTM,13,0.461538,0.300000,1_10 2_10 3_10 3_13 5_1 5_7,2_9 3_11 3_12 3_2 4_1 4_4 5_2 5_3 5_5 6_12 6_4 7_4 7_5 7_9,0_9 2_12 2_14 3_3 5_12 6_5 6_8,0.333333,0.666667,,0.481481,0.379310,0.481481,0.333333,0.379310,0.142857,0.481481
2025-10-12,ET,13,0.461538,0.300000,1_10 2_10 3_10 3_13 3_3 5_1,2_11 2_9 3_11 3_12 4_1 4_13 4_2 4_3 4_4 5_3 6_10 7_5 7_6 7_9,0_9 2_12 2_14 5_12 5_7 6_5 6_8,0.428571,0.739130,0.481481,,0.379310,0.600000,0.379310,0.428571,0.052632,0.481481
2025-10-12,B5: B2+B3,13,0.538462,0.350000,1_10 2_10 2_12 3_10 3_13 5_1 5_12,1_3 3_12 3_14 3_2 4_1 4_2 4_4 5_6 6_10 6_12 6_7 7_5 8_9,0_9 2_14 3_3 5_7 6_5 6_8,0.818182,0.379310,0.379310,0.379310,,0.481481,0.904762,0.428571,0.052632,0.818182
2025-10-12,B4: B1+B3,13,0.384615,0.250000,1_10 2_10 3_13 3_3 5_1,1_3 2_9 3_12 3_2 4_1 4_2 4_3 4_4 5_11 5_3 6_12 6_7 7_5 7_6 7_9,0_9 2_12 2_14 3_10 5_12 5_7 6_5 6_8,0.481481,0.666667,0.481481,0.600000,0.481481,,0.428571,0.739130,0.111111,0.600000
2025-10-12,B2: Recent MA,13,0.538462,0.350000,1_10 2_10 2_12 3_10 3_13 5_1 5_12,1_3 3_12 3_14 4_1 4_2 4_4 5_6 6_10 6_12 6_7 7_12 7_5 8_9,0_9 2_14 3_3 5_7 6_5 6_8,0.739130,0.379310,0.333333,0.379310,0.904762,0.428571,,0.379310,0.025641,0.739130
2025-10-12,B3: DoY season,13,0.307692,0.200000,1_10 2_10 3_3 5_1,1_3 2_2 2_9 3_12 3_2 4_1 4_2 4_3 4_4 5_11 5_3 6_12 6_7 7_8 7_9 8_9,0_9 2_12 2_14 3_10 3_13 5_12 5_7 6_5 6_8,0.428571,0.481481,0.379310,0.428571,0.428571,0.739130,0.379310,,0.111111,0.481481
2025-10-12,B0: Random,13,0.153846,0.100000,0_9 6_5,0_1 0_8 1_1 1_15 1_6 1_9 2_5 2_9 3_2 3_4 4_0 5_3 5_9 6_12 6_4 7_1 8_0 8_5,1_10 2_10 2_12 2_14 3_10 3_13 3_3 5_1 5_12 5_7 6_8,0.052632,0.111111,0.142857,0.052632,0.052632,0.111111,0.025641,0.111111,,0.081081
2025-10-13,GLM-Logit,19,0.578947,0.550000,1_10 2_10 2_12 3_10 3_12 3_13 3_3 4_2 5_1 6_12 7_9,1_3 3_14 4_1 4_4 5_12 5_3 6_10 6_7 7_5,3_11 3_2 4_13 5_11 5_7 5_9 6_13 7_13,0.739130,0.538462,0.428571,0.538462,0.818182,0.538462,0.739130,0.481481,0.081081,
2025-10-13,HierBayes,19,0.631579,0.600000,1_10 2_10 2_12 3_10 3_12 3_13 3_2 3_3 4_2 5_1 5_7 6_12,1_3 3_14 4_4 5_12 6_10 6_7 7_5 8_9,3_11 4_13 5_11 5_9 6_13 7_13 7_9,,0.379310,0.333333,0.379310,0.904762,0.428571,0.739130,0.379310,0.081081,0.739130
2025-10-13,B1: Static prior,19,0.578947,0.550000,1_10 2_10 3_10 3_11 3_12 3_13 3_3 4_2 5_1 6_12 7_9,2_9 4_1 4_3 4_4 5_2 5_3 6_4 7_5 7_6,2_12 3_2 4_13 5_11 5_7 5_9 6_13 7_13,0.379310,,0.538462,0.739130,0.428571,0.600000,0.379310,0.538462,0.111111,0.538462
2025-10-13,TTM,19,0.473684,0.450000,1_10 2_10 3_11 3_12 3_13 3_2 5_1 6_12 7_9,0_9 4_1 4_4 5_10 5_2 5_3 5_5 6_4 6_7 7_4 7_5,2_12 3_10 3_3 4_13 4_2 5_11 5_7 5_9 6_13 7_13,0.333333,0.538462,,0.379310,0.379310,0.428571,0.333333,0.379310,0.081081,0.428571
2025-10-13,ET,19,0.578947,0.550000,1_10 2_10 3_10 3_11 3_12 3_13 3_3 4_13 4_2 5_1 7_9,2_11 2_9 4_1 4_3 4_4 5_3 6_10 7_5 7_6,2_12 3_2 5_11 5_7 5_9 6_12 6_13 7_13,0.379310,0.739130,0.379310,,0.428571,0.538462,0.379310,0.481481,0.111111,0.538462
2025-10-13,B5: B2+B3,19,0.578947,0.550000,1_10 2_10 2_12 3_10 3_12 3_13 3_2 3_3 4_2 5_1 6_12,1_3 3_14 4_1 4_4 5_12 6_10 6_7 7_5 8_9,3_11 4_13 5_11 5_7 5_9 6_13 7_13 7_9,0.904762,0.428571,0.379310,0.428571,,0.481481,0.818182,0.428571,0.081081,0.818182
2025-10-13,B4: B1+B3,19,0.526316,0.500000,1_10 2_10 3_12 3_2 3_3 4_2 5_1 5_11 6_12 7_9,1_3 2_9 4_1 4_3 4_4 5_3 6_11 6_7 7_5 7_6,2_12 3_10 3_11 3_13 4_13 5_7 5_9 6_13 7_13,0.428571,0.600000,0.428571,0.538462,0.481481,,0.379310,0.904762,0.142857,0.538462
2025-10-13,B2: Recent MA,19,0.473684,0.450000,1_10 2_10 2_12 3_10 3_12 3_13 4_2 5_1 6_12,1_3 3_14 4_1 4_4 5_12 5_6 6_10 6_7 7_12 7_5 8_9,3_11 3_2 3_3 4_13 5_11 5_7 5_9 6_13 7_13 7_9,0.739130,0.379310,0.333333,0.379310,0.818182,0.379310,,0.333333,0.081081,0.739130
2025-10-13,B3: DoY season,19,0.473684,0.450000,2_10 3_12 3_2 3_3 4_2 5_1 5_11 6_12 7_9,1_3 2_2 2_9 4_1 4_3 4_4 5_3 6_11 6_7 7_5 7_6,1_10 2_12 3_10 3_11 3_13 4_13 5_7 5_9 6_13 7_13,0.379310,0.538462,0.379310,0.481481,0.428571,0.904762,0.333333,,0.142857,0.481481
2025-10-13,B0: Random,19,0.157895,0.150000,2_10 3_12 6_13,0_11 1_3 2_0 2_5 2_9 3_1 4_10 4_11 5_10 5_4 5_8 7_1 7_15 7_2 7_6 8_12 8_15,1_10 2_12 3_10 3_11 3_13 3_2 3_3 4_13 4_2 5_1 5_11 5_7 5_9 6_12 7_13 7_9,0.081081,0.111111,0.081081,0.111111,0.081081,0.142857,0.081081,0.142857,,0.081081
2025-10-14,GLM-Logit,20,0.600000,0.600000,1_10 1_3 2_10 2_12 3_12 3_13 3_2 4_2 6_10 6_12 6_7 7_9,3_10 3_14 3_3 4_1 4_4 5_1 5_3 7_5,1_11 1_4 5_13 5_6 6_4 7_10 7_7 8_10,0.666667,0.538462,0.428571,0.538462,0.818182,0.600000,0.600000,0.538462,0.081081,
2025-10-14,HierBayes,20,0.500000,0.500000,1_10 1_3 2_10 2_12 3_12 3_13 3_2 4_2 6_12 6_7,3_10 3_11 3_14 3_3 4_4 5_1 5_12 5_7 7_5 8_9,1_11 1_4 5_13 5_6 6_10 6_4 7_10 7_7 7_9 8_10,,0.428571,0.333333,0.379310,0.818182,0.428571,0.739130,0.428571,0.081081,0.666667
2025-10-14,B1: Static prior,20,0.400000,0.400000,1_10 2_10 3_12 3_13 4_2 6_12 6_4 7_9,2_9 3_10 3_11 3_3 4_1 4_3 4_4 5_1 5_2 5_3 7_5 7_6,1_11 1_3 1_4 2_12 3_2 5_13 5_6 6_10 6_7 7_10 7_7 8_10,0.428571,,0.600000,0.739130,0.428571,0.600000,0.333333,0.538462,0.025641,0.538462
2025-10-14,TTM,20,0.350000,0.350000,1_10 2_10 3_13 6_12 6_4 6_7 7_9,2_11 2_2 2_9 3_11 3_3 4_1 4_4 5_1 5_2 5_3 5_4 7_4 7_5,1_11 1_3 1_4 2_12 3_12 3_2 4_2 5_13 5_6 6_10 7_10 7_7 8_10,0.333333,0.600000,,0.481481,0.333333,0.428571,0.250000,0.379310,0.025641,0.428571
2025-10-14,ET,20,0.350000,0.350000,1_10 2_10 3_12 3_13 4_2 6_10 7_9,2_11 2_9 3_10 3_11 3_3 4_1 4_13 4_3 4_4 5_1 5_3 7_5 7_6,1_11 1_3 1_4 2_12 3_2 5_13 5_6 6_12 6_4 6_7 7_10 7_7 8_10,0.379310,0.739130,0.481481,,0.428571,0.538462,0.333333,0.481481,0.052632,0.538462
2025-10-14,B5: B2+B3,20,0.550000,0.550000,1_10 1_3 2_10 2_12 3_12 3_13 3_2 4_2 6_10 6_12 6_7,3_10 3_14 3_3 4_1 4_4 5_1 5_12 7_5 8_9,1_11 1_4 5_13 5_6 6_4 7_10 7_7 7_9 8_10,0.818182,0.428571,0.333333,0.428571,,0.481481,0.739130,0.481481,0.111111,0.818182
2025-10-14,B4: B1+B3,20,0.450000,0.450000,1_10 1_3 2_10 3_12 3_2 4_2 6_12 6_7 7_9,2_9 3_3 4_1 4_3 4_4 5_1 5_11 5_3 6_11 7_5 7_6,1_11 1_4 2_12 3_13 5_13 5_6 6_10 6_4 7_10 7_7 8_10,0.428571,0.600000,0.428571,0.538462,0.481481,,0.379310,0.904762,0.000000,0.600000
2025-10-14,B2: Recent MA,20,0.550000,0.550000,1_10 1_3 2_10 2_12 3_12 3_13 3_2 4_2 5_6 6_12 6_7,3_10 3_14 4_13 4_4 5_1 5_12 7_12 7_5 8_9,1_11 1_4 5_13 6_10 6_4 7_10 7_7 7_9 8_10,0.739130,0.333333,0.250000,0.333333,0.739130,0.379310,,0.379310,0.111111,0.600000
2025-10-14,B3: DoY season,20,0.450000,0.450000,1_10 1_3 2_10 3_12 3_2 4_2 6_12 6_7 7_9,2_9 3_3 4_1 4_3 4_4 5_1 5_11 5_12 5_3 6_11 7_6,1_11 1_4 2_12 3_13 5_13 5_6 6_10 6_4 7_10 7_7 8_10,0.428571,0.538462,0.379310,0.481481,0.481481,0.904762,0.379310,,0.025641,0.538462
2025-10-14,B0: Random,20,0.200000,0.200000,1_11 6_10 7_10 7_7,2_13 2_8 3_10 3_14 3_5 3_6 4_0 4_12 4_15 4_7 5_12 5_14 7_12 7_4 8_7 8_8,1_10 1_3 1_4 2_10 2_12 3_12 3_13 3_2 4_2 5_13 5_6 6_12 6_4 6_7 7_9 8_10,0.081081,0.025641,0.025641,0.052632,0.111111,0.000000,0.111111,0.025641,,0.081081
2025-10-15,GLM-Logit,30,0.466667,0.700000,1_10 1_3 2_10 3_10 3_12 3_13 3_2 4_1 4_2 5_1 6_12 6_7 7_5 7_9,2_12 3_14 3_3 4_4 5_3 6_10,2_14 3_1 3_11 4_7 5_10 5_12 5_5 5_6 6_13 6_5 7_6 7_7 7_8 8_11 8_8 8_9,0.739130,0.538462,0.428571,0.538462,0.818182,0.538462,0.666667,0.538462,0.052632,
2025-10-15,HierBayes,30,0.466667,0.700000,1_10 1_3 2_10 3_10 3_12 3_13 3_2 4_2 5_1 5_12 6_12 6_7 7_5 8_9,2_12 3_14 3_3 4_4 5_7 6_10,2_14 3_1 3_11 4_1 4_7 5_10 5_5 5_6 6_13 6_5 7_6 7_7 7_8 7_9 8_11 8_8,,0.379310,0.333333,0.379310,0.818182,0.428571,0.739130,0.428571,0.052632,0.739130
2025-10-15,B1: Static prior,30,0.433333,0.650000,1_10 2_10 3_10 3_11 3_12 3_13 4_1 4_2 5_1 6_12 7_5 7_6 7_9,2_9 3_3 4_3 4_4 5_2 5_3 6_4,1_3 2_14 3_1 3_2 4_7 5_10 5_12 5_5 5_6 6_13 6_5 6_7 7_7 7_8 8_11 8_8 8_9,0.379310,,0.818182,0.739130,0.428571,0.600000,0.333333,0.600000,0.081081,0.538462
2025-10-15,TTM,30,0.400000,0.600000,1_10 2_10 3_10 3_11 3_13 4_1 4_2 5_1 5_12 7_5 7_6 7_9,1_8 2_9 3_3 4_3 4_4 5_2 5_3 6_4,1_3 2_14 3_1 3_12 3_2 4_7 5_10 5_5 5_6 6_12 6_13 6_5 6_7 7_7 7_8 8_11 8_8 8_9,0.333333,0.818182,,0.666667,0.379310,0.538462,0.290323,0.538462,0.081081,0.428571
2025-10-15,ET,30,0.400000,0.600000,1_10 2_10 3_10 3_11 3_12 3_13 4_1 4_2 5_1 7_5 7_6 7_9,2_11 2_9 3_3 4_13 4_3 4_4 5_3 6_10,1_3 2_14 3_1 3_2 4_7 5_10 5_12 5_5 5_6 6_12 6_13 6_5 6_7 7_7 7_8 8_11 8_8 8_9,0.379310,0.739130,0.666667,,0.428571,0.538462,0.379310,0.538462,0.052632,0.538462
2025-10-15,B5: B2+B3,30,0.500000,0.750000,1_10 1_3 2_10 3_10 3_12 3_13 3_2 4_1 4_2 5_1 5_12 5_6 6_12 6_7 7_5,2_12 3_14 3_3 4_4 6_10,2_14 3_1 3_11 4_7 5_10 5_5 6_13 6_5 7_6 7_7 7_8 7_9 8_11 8_8 8_9,0.818182,0.428571,0.379310,0.428571,,0.481481,0.818182,0.481481,0.052632,0.818182
2025-10-15,B4: B1+B3,30,0.433333,0.650000,1_10 1_3 2_10 3_12 3_2 4_1 4_2 5_1 5_12 6_12 7_5 7_6 7_9,2_9 3_3 4_3 4_4 5_11 5_3 6_11,2_14 3_1 3_10 3_11 3_13 4_7 5_10 5_5 5_6 6_13 6_5 6_7 7_7 7_8 8_11 8_8 8_9,0.428571,0.600000,0.538462,0.538462,0.481481,,0.379310,1.000000,0.052632,0.538462
2025-10-15,B2: Recent MA,30,0.466667,0.700000,1_10 1_3 2_10 3_10 3_12 3_13 3_2 4_2 5_1 5_12 5_6 6_12 6_7 7_5,2_12 3_14 4_13 4_4 6_10 7_12,2_14 3_1 3_11 4_1 4_7 5_10 5_5 6_13 6_5 7_6 7_7 7_8 7_9 8_11 8_8 8_9,0.739130,0.333333,0.290323,0.379310,0.818182,0.379310,,0.379310,0.052632,0.666667
2025-10-15,B3: DoY season,30,0.433333,0.650000,1_10 1_3 2_10 3_12 3_2 4_1 4_2 5_1 5_12 6_12 7_5 7_6 7_9,2_9 3_3 4_3 4_4 5_11 5_3 6_11,2_14 3_1 3_10 3_11 3_13 4_7 5_10 5_5 5_6 6_13 6_5 6_7 7_7 7_8 8_11 8_8 8_9,0.428571,0.600000,0.538462,0.538462,0.481481,1.000000,0.379310,,0.052632,0.538462
2025-10-15,B0: Random,30,0.100000,0.150000,2_14 4_7 7_5,0_6 1_15 2_1 2_7 2_8 4_4 4_6 4_8 5_2 6_14 6_2 7_10 7_11 7_14 7_4 8_12 8_7,1_10 1_3 2_10 3_1 3_10 3_11 3_12 3_13 3_2 4_1 4_2 5_1 5_10 5_12 5_5 5_6 6_12 6_13 6_5 6_7 7_6 7_7 7_8 7_9 8_11 8_8 8_9,0.052632,0.081081,0.081081,0.052632,0.052632,0.052632,0.052632,0.052632,,0.052632
2025-10-16,GLM-Logit,22,0.454545,0.500000,1_10 1_3 2_10 2_12 3_13 3_2 4_1 4_2 6_12 7_5,3_10 3_12 3_14 3_3 4_4 5_1 5_6 6_10 6_7 7_9,0_9 2_3 2_9 4_13 4_5 6_11 6_13 6_5 6_9 7_12 7_8 8_11,0.666667,0.481481,0.428571,0.481481,0.904762,0.481481,0.739130,0.428571,0.052632,
2025-10-16,HierBayes,22,0.409091,0.450000,1_10 1_3 2_10 2_12 3_13 3_2 4_2 6_12 7_5,3_10 3_11 3_12 3_14 3_3 4_4 5_12 5_6 5_7 6_7 8_9,0_9 2_3 2_9 4_1 4_13 4_5 6_11 6_13 6_5 6_9 7_12 7_8 8_11,,0.379310,0.290323,0.333333,0.666667,0.379310,0.666667,0.379310,0.052632,0.666667
2025-10-16,B1: Static prior,22,0.363636,0.400000,1_10 2_10 2_9 3_13 4_1 4_2 6_12 7_5,3_10 3_11 3_12 3_3 4_3 4_4 5_1 5_2 5_3 6_4 7_6 7_9,0_9 1_3 2_12 2_3 3_2 4_13 4_5 6_11 6_13 6_5 6_9 7_12 7_8 8_11,0.379310,,0.818182,0.739130,0.428571,0.600000,0.333333,0.481481,0.111111,0.481481
2025-10-16,TTM,22,0.363636,0.400000,1_10 2_10 2_9 3_13 4_1 4_2 6_11 7_5,1_8 3_10 3_12 3_3 4_3 4_4 5_1 5_2 5_3 6_4 7_6 7_9,0_9 1_3 2_12 2_3 3_2 4_13 4_5 6_12 6_13 6_5 6_9 7_12 7_8 8_11,0.290323,0.818182,,0.666667,0.379310,0.600000,0.290323,0.481481,0.111111,0.428571
2025-10-16,ET,22,0.363636,0.400000,1_10 2_10 2_9 3_13 4_1 4_13 4_2 7_5,2_11 3_10 3_11 3_12 3_3 4_3 4_4 5_1 5_3 6_10 7_6 7_9,0_9 1_3 2_12 2_3 3_2 4_5 6_11 6_12 6_13 6_5 6_9 7_12 7_8 8_11,0.333333,0.739130,0.666667,,0.428571,0.538462,0.379310,0.428571,0.081081,0.481481
2025-10-16,B5: B2+B3,22,0.454545,0.500000,1_10 1_3 2_10 2_12 3_13 3_2 4_1 4_2 6_12 7_5,3_10 3_12 3_14 4_4 5_1 5_12 5_6 6_10 6_7 7_9,0_9 2_3 2_9 4_13 4_5 6_11 6_13 6_5 6_9 7_12 7_8 8_11,0.666667,0.428571,0.379310,0.428571,,0.481481,0.818182,0.428571,0.052632,0.904762
2025-10-16,B4: B1+B3,22,0.454545,0.500000,1_10 1_3 2_10 2_9 3_2 4_1 4_2 6_11 6_12 7_5,3_12 3_3 4_3 4_4 5_1 5_11 5_12 5_3 7_6 7_9,0_9 2_12 2_3 3_13 4_13 4_5 6_13 6_5 6_9 7_12 7_8 8_11,0.379310,0.600000,0.600000,0.538462,0.481481,,0.379310,0.818182,0.081081,0.481481
2025-10-16,B2: Recent MA,22,0.500000,0.550000,1_10 1_3 2_10 2_12 3_13 3_2 4_13 4_2 6_12 7_12 7_5,3_10 3_12 3_14 4_4 5_1 5_12 5_6 6_10 6_7,0_9 2_3 2_9 4_1 4_5 6_11 6_13 6_5 6_9 7_8 8_11,0.666667,0.333333,0.290323,0.379310,0.818182,0.379310,,0.333333,0.052632,0.739130
2025-10-16,B3: DoY season,22,0.409091,0.450000,1_10 1_3 2_10 2_9 3_2 4_1 4_2 6_11 6_12,3_12 3_3 4_3 4_4 5_1 5_10 5_11 5_12 5_7 7_6 7_9,0_9 2_12 2_3 3_13 4_13 4_5 6_13 6_5 6_9 7_12 7_5 7_8 8_11,0.379310,0.481481,0.481481,0.428571,0.428571,0.818182,0.333333,,0.081081,0.428571
2025-10-16,B0: Random,22,0.227273,0.250000,0_9 2_9 4_5 6_12 7_8,0_6 1_13 1_8 2_2 2_6 3_10 3_7 3_9 4_3 4_7 5_15 6_14 6_2 8_1 8_7,1_10 1_3 2_10 2_12 2_3 3_13 3_2 4_1 4_13 4_2 6_11 6_13 6_5 6_9 7_12 7_5 8_11,0.052632,0.111111,0.111111,0.081081,0.052632,0.081081,0.052632,0.081081,,0.052632
2025-10-17,GLM-Logit,24,0.416667,0.500000,1_10 1_3 2_10 3_10 3_12 3_14 4_2 5_1 5_12 7_9,2_12 3_13 3_2 3_3 4_1 4_4 6_10 6_12 6_7 7_5,2_14 2_3 4_11 4_3 4_7 5_10 5_3 5_7 5_9 7_12 7_6 7_7 7_8 8_9,0.818182,0.481481,0.428571,0.481481,1.000000,0.538462,0.818182,0.481481,0.111111,
2025-10-17,HierBayes,24,0.458333,0.550000,1_10 1_3 2_10 3_10 3_12 3_14 4_2 5_1 5_12 5_7 8_9,2_12 3_13 3_2 3_3 4_4 6_10 6_12 6_7 7_5,2_14 2_3 4_11 4_3 4_7 5_10 5_3 5_9 7_12 7_6 7_7 7_8 7_9,,0.379310,0.333333,0.379310,0.818182,0.428571,0.739130,0.428571,0.111111,0.818182
2025-10-17,B1: Static prior,24,0.416667,0.500000,1_10 2_10 3_10 3_12 4_2 4_3 5_1 5_3 7_6 7_9,2_9 3_11 3_13 3_3 4_1 4_4 5_2 6_12 6_4 7_5,1_3 2_14 2_3 3_14 4_11 4_7 5_10 5_12 5_7 5_9 7_12 7_7 7_8 8_9,0.379310,,0.666667,0.739130,0.481481,0.600000,0.379310,0.481481,0.142857,0.481481
2025-10-17,TTM,24,0.375000,0.450000,1_10 2_10 3_12 4_2 4_3 5_1 5_10 5_3 7_9,1_8 2_9 3_13 3_3 4_1 4_4 5_2 6_10 6_4 7_4 7_5,1_3 2_14 2_3 3_10 3_14 4_11 4_7 5_12 5_7 5_9 7_12 7_6 7_7 7_8 8_9,0.333333,0.666667,,0.600000,0.428571,0.538462,0.333333,0.428571,0.142857,0.428571
2025-10-17,ET,24,0.416667,0.500000,1_10 2_10 3_10 3_12 4_2 4_3 5_1 5_3 7_6 7_9,2_11 2_9 3_11 3_13 3_3 4_1 4_13 4_4 6_10 7_5,1_3 2_14 2_3 3_14 4_11 4_7 5_10 5_12 5_7 5_9 7_12 7_7 7_8 8_9,0.379310,0.739130,0.600000,,0.481481,0.538462,0.379310,0.428571,0.142857,0.481481
2025-10-17,B5: B2+B3,24,0.416667,0.500000,1_10 1_3 2_10 3_10 3_12 3_14 4_2 5_1 5_12 7_9,2_12 3_13 3_2 3_3 4_1 4_4 6_10 6_12 6_7 7_5,2_14 2_3 4_11 4_3 4_7 5_10 5_3 5_7 5_9 7_12 7_6 7_7 7_8 8_9,0.818182,0.481481,0.428571,0.481481,,0.538462,0.818182,0.481481,0.111111,1.000000
2025-10-17,B4: B1+B3,24,0.500000,0.600000,1_10 1_3 2_10 3_12 4_2 4_3 5_1 5_10 5_12 5_3 7_6 7_9,2_9 3_2 3_3 4_1 4_4 6_11 6_12 7_5,2_14 2_3 3_10 3_14 4_11 4_7 5_7 5_9 7_12 7_7 7_8 8_9,0.428571,0.600000,0.538462,0.538462,0.538462,,0.428571,0.818182,0.081081,0.538462
2025-10-17,B2: Recent MA,24,0.416667,0.500000,1_10 1_3 2_10 3_10 3_12 3_14 4_2 5_1 5_12 7_12,2_12 3_13 3_2 4_1 4_4 5_6 6_10 6_12 6_7 7_5,2_14 2_3 4_11 4_3 4_7 5_10 5_3 5_7 5_9 7_6 7_7 7_8 7_9 8_9,0.739130,0.379310,0.333333,0.379310,0.818182,0.428571,,0.379310,0.142857,0.818182
2025-10-17,B3: DoY season,24,0.500000,0.600000,1_10 1_3 2_10 3_12 4_2 4_3 5_1 5_10 5_12 5_7 7_6 7_9,2_9 3_2 3_3 4_1 4_4 5_11 6_11 6_12,2_14 2_3 3_10 3_14 4_11 4_7 5_3 5_9 7_12 7_7 7_8 8_9,0.428571,0.481481,0.428571,0.428571,0.481481,0.818182,0.379310,,0.052632,0.481481
2025-10-17,B0: Random,24,0.166667,0.200000,1_10 4_2 7_12 7_8,0_11 0_9 1_15 2_4 2_7 3_1 3_13 4_12 4_13 4_15 4_5 5_13 5_2 6_6 7_14 7_5,1_3 2_10 2_14 2_3 3_10 3_12 3_14 4_11 4_3 4_7 5_1 5_10 5_12 5_3 5_7 5_9 7_6 7_7 7_9 8_9,0.111111,0.142857,0.142857,0.142857,0.111111,0.081081,0.142857,0.052632,,0.111111
2025-10-18,GLM-Logit,13,0.538462,0.350000,1_3 3_13 4_1 4_2 4_4 6_10 7_5,1_10 2_10 2_12 3_10 3_12 3_14 3_2 5_1 5_12 6_12 6_7 7_6 7_9,2_3 2_9 4_3 5_6 5_7 6_8,0.666667,0.481481,0.481481,0.481481,0.904762,0.600000,0.739130,0.481481,0.142857,
2025-10-18,HierBayes,13,0.461538,0.300000,1_3 3_13 4_2 4_4 5_7 7_5,1_10 2_10 2_12 3_10 3_12 3_14 3_2 3_3 5_1 5_12 6_12 6_7 7_8 8_9,2_3 2_9 4_1 4_3 5_6 6_10 6_8,,0.379310,0.379310,0.333333,0.739130,0.481481,0.818182,0.428571,0.142857,0.666667
2025-10-18,B1: Static prior,13,0.538462,0.350000,2_9 3_13 4_1 4_2 4_3 4_4 7_5,1_10 2_10 3_10 3_11 3_12 3_3 5_1 5_2 5_3 6_12 6_4 7_6 7_9,1_3 2_3 5_6 5_7 6_10 6_8,0.379310,,0.666667,0.739130,0.428571,0.600000,0.333333,0.428571,0.176471,0.481481
2025-10-18,TTM,13,0.615385,0.400000,2_9 3_13 4_1 4_2 4_3 4_4 6_10 7_5,1_10 1_11 2_10 2_12 2_8 3_12 3_3 5_1 5_2 6_12 6_4 7_9,1_3 2_3 5_6 5_7 6_8,0.379310,0.666667,,0.538462,0.481481,0.481481,0.379310,0.379310,0.142857,0.481481
2025-10-18,ET,13,0.615385,0.400000,2_9 3_13 4_1 4_2 4_3 4_4 6_10 7_5,1_10 2_10 2_11 3_10 3_11 3_12 3_3 4_13 5_1 5_3 7_6 7_9,1_3 2_3 5_6 5_7 6_8,0.333333,0.739130,0.538462,,0.428571,0.538462,0.333333,0.379310,0.142857,0.481481
2025-10-18,B5: B2+B3,13,0.538462,0.350000,1_3 3_13 4_1 4_2 4_4 6_10 7_5,1_10 2_10 2_12 3_10 3_12 3_14 3_2 5_1 5_12 6_12 6_7 7_8 7_9,2_3 2_9 4_3 5_6 5_7 6_8,0.739130,0.428571,0.481481,0.428571,,0.538462,0.818182,0.428571,0.142857,0.904762
2025-10-18,B4: B1+B3,13,0.538462,0.350000,1_3 2_9 4_1 4_2 4_3 4_4 7_5,1_10 2_10 3_12 3_2 3_3 5_1 5_12 5_3 6_11 6_12 6_7 7_6 7_9,2_3 3_13 5_6 5_7 6_10 6_8,0.481481,0.600000,0.481481,0.538462,0.538462,,0.428571,0.739130,0.111111,0.600000
2025-10-18,B2: Recent MA,13,0.461538,0.300000,1_3 3_13 4_2 4_4 6_10 7_5,1_10 2_10 2_12 3_10 3_12 3_14 3_2 5_1 5_12 6_12 6_7 7_12 7_8 8_9,2_3 2_9 4_1 4_3 5_6 5_7 6_8,0.818182,0.333333,0.379310,0.333333,0.818182,0.428571,,0.333333,0.111111,0.739130
2025-10-18,B3: DoY season,13,0.538462,0.350000,1_3 2_9 4_1 4_2 4_3 4_4 5_7,2_10 3_12 3_2 3_3 5_1 5_10 5_11 5_12 6_11 6_12 6_7 7_6 7_9,2_3 3_13 5_6 6_10 6_8 7_5,0.428571,0.428571,0.379310,0.379310,0.428571,0.739130,0.333333,,0.111111,0.481481
2025-10-18,B0: Random,13,0.230769,0.150000,3_13 4_1 5_6,0_15 0_7 3_10 3_12 3_3 4_0 4_9 5_15 5_2 5_8 6_5 6_7 6_9 7_15 8_13 8_2 8_8,1_3 2_3 2_9 4_2 4_3 4_4 5_7 6_10 6_8 7_5,0.142857,0.176471,0.142857,0.142857,0.142857,0.111111,0.111111,0.111111,,0.142857
2025-10-19,GLM-Logit,20,0.350000,0.350000,1_10 1_3 2_10 3_10 3_13 5_1 6_12,2_12 3_12 3_14 3_2 4_1 4_2 4_4 5_12 5_3 6_10 6_7 7_5 7_9,2_14 2_3 3_9 4_0 4_11 4_3 5_2 5_5 5_7 6_11 6_4 6_5 7_7,0.666667,0.481481,0.481481,0.481481,0.904762,0.600000,0.739130,0.428571,0.052632,
2025-10-19,HierBayes,20,0.350000,0.350000,1_10 1_3 2_10 3_10 3_13 5_7 6_12,2_12 3_12 3_14 3_2 3_3 4_2 4_4 5_12 6_10 6_7 7_5 7_8 8_9,2_14 2_3 3_9 4_0 4_11 4_3 5_1 5_2 5_5 6_11 6_4 6_5 7_7,,0.333333,0.333333,0.333333,0.739130,0.428571,0.904762,0.379310,0.025641,0.666667
2025-10-19,B1: Static prior,20,0.450000,0.450000,1_10 2_10 3_10 3_13 4_3 5_1 5_2 6_12 6_4,2_9 3_11 3_12 3_3 4_1 4_2 4_4 5_3 7_5 7_6 7_9,1_3 2_14 2_3 3_9 4_0 4_11 5_5 5_7 6_11 6_5 7_7,0.333333,,0.666667,0.739130,0.428571,0.666667,0.333333,0.428571,0.052632,0.481481
2025-10-19,TTM,20,0.400000,0.400000,1_10 2_10 3_10 3_13 4_3 5_1 5_2 6_4,1_11 2_9 3_12 3_3 4_1 4_4 5_3 6_10 6_3 6_7 7_5 7_9,1_3 2_14 2_3 3_9 4_0 4_11 5_5 5_7 6_11 6_12 6_5 7_7,0.333333,0.666667,,0.600000,0.428571,0.481481,0.333333,0.333333,0.025641,0.481481
2025-10-19,ET,20,0.300000,0.300000,1_10 2_10 3_10 3_13 4_3 5_1,2_11 2_9 3_11 3_12 3_3 4_1 4_13 4_2 4_4 5_3 6_10 7_5 7_6 7_9,1_3 2_14 2_3 3_9 4_0 4_11 5_2 5_5 5_7 6_11 6_12 6_4 6_5 7_7,0.333333,0.739130,0.600000,,0.428571,0.600000,0.333333,0.379310,0.052632,0.481481
2025-10-19,B5: B2+B3,20,0.400000,0.400000,1_10 1_3 2_10 3_10 3_13 5_1 5_7 6_12,2_12 3_12 3_14 3_2 4_1 4_2 4_4 5_12 6_10 6_7 7_5 7_9,2_14 2_3 3_9 4_0 4_11 4_3 5_2 5_5 6_11 6_4 6_5 7_7,0.739130,0.428571,0.428571,0.428571,,0.538462,0.818182,0.481481,0.052632,0.904762
2025-10-19,B4: B1+B3,20,0.400000,0.400000,1_10 1_3 2_10 3_13 4_3 5_1 6_11 6_12,2_9 3_12 3_2 3_3 4_1 4_2 4_4 5_12 5_3 7_5 7_6 7_9,2_14 2_3 3_10 3_9 4_0 4_11 5_2 5_5 5_7 6_4 6_5 7_7,0.428571,0.666667,0.481481,0.600000,0.538462,,0.428571,0.666667,0.025641,0.600000
2025-10-19,B2: Recent MA,20,0.400000,0.400000,1_10 1_3 2_10 3_10 3_13 5_1 5_7 6_12,2_12 3_12 3_14 3_2 4_2 4_4 5_12 6_10 6_7 7_5 7_8 8_9,2_14 2_3 3_9 4_0 4_11 4_3 5_2 5_5 6_11 6_4 6_5 7_7,0.904762,0.333333,0.333333,0.333333,0.818182,0.428571,,0.379310,0.052632,0.739130
2025-10-19,B3: DoY season,20,0.400000,0.400000,1_3 2_10 4_3 5_1 5_7 6_11 6_12 7_7,2_9 3_12 3_2 3_3 4_1 4_2 4_4 5_11 5_12 6_7 7_6 7_9,1_10 2_14 2_3 3_10 3_13 3_9 4_0 4_11 5_2 5_5 6_4 6_5,0.379310,0.428571,0.333333,0.379310,0.481481,0.666667,0.379310,,0.025641,0.428571
2025-10-19,B0: Random,20,0.150000,0.150000,4_11 5_1 6_5,0_1 0_4 0_6 1_5 1_7 1_8 2_0 2_12 2_5 3_11 4_7 5_8 6_14 7_3 8_11 8_12 8_6,1_10 1_3 2_10 2_14 2_3 3_10 3_13 3_9 4_0 4_3 5_2 5_5 5_7 6_11 6_12 6_4 7_7,0.025641,0.052632,0.025641,0.052632,0.052632,0.025641,0.052632,0.025641,,0.052632
2025-10-20,GLM-Logit,18,0.555556,0.500000,1_3 2_10 3_10 3_13 3_2 4_1 4_2 5_7 6_10 7_5,1_10 2_12 3_12 3_14 4_4 5_1 5_12 6_12 6_7 7_9,2_3 2_9 4_14 4_3 5_3 6_11 6_4 7_7,0.739130,0.428571,0.379310,0.428571,0.904762,0.600000,0.818182,0.538462,0.111111,
2025-10-20,HierBayes,18,0.555556,0.500000,1_3 2_10 2_3 3_10 3_13 3_2 4_2 5_7 6_10 7_5,1_10 2_12 3_12 3_14 4_4 5_12 6_12 6_7 7_8 8_9,2_9 4_1 4_14 4_3 5_3 6_11 6_4 7_7,,0.290323,0.250000,0.290323,0.818182,0.428571,0.904762,0.379310,0.111111,0.739130
2025-10-20,B1: Static prior,18,0.555556,0.500000,2_10 2_9 3_10 3_13 4_1 4_2 4_3 5_3 6_4 7_5,1_10 3_11 3_12 3_3 4_4 5_1 5_2 6_12 7_6 7_9,1_3 2_3 3_2 4_14 5_7 6_10 6_11 7_7,0.290323,,0.666667,0.739130,0.379310,0.600000,0.333333,0.538462,0.052632,0.428571
2025-10-20,TTM,18,0.500000,0.450000,2_10 2_9 3_13 4_1 4_3 5_3 6_10 6_4 7_5,1_10 1_8 3_12 3_3 4_4 5_1 5_2 6_7 7_4 7_6 7_9,1_3 2_3 3_10 3_2 4_14 4_2 5_7 6_11 7_7,0.250000,0.666667,,0.600000,0.333333,0.538462,0.290323,0.481481,0.052632,0.379310
2025-10-20,ET,18,0.555556,0.500000,2_10 2_9 3_10 3_13 4_1 4_2 4_3 5_3 6_10 7_5,1_10 2_11 3_11 3_12 3_3 4_13 4_4 5_1 7_6 7_9,1_3 2_3 3_2 4_14 5_7 6_11 6_4 7_7,0.290323,0.739130,0.600000,,0.379310,0.600000,0.333333,0.538462,0.081081,0.428571
2025-10-20,B5: B2+B3,18,0.555556,0.500000,1_3 2_10 3_10 3_13 3_2 4_1 4_2 5_7 6_10 7_5,1_10 2_12 3_12 3_14 4_4 5_1 5_12 6_12 6_7 8_9,2_3 2_9 4_14 4_3 5_3 6_11 6_4 7_7,0.818182,0.379310,0.333333,0.379310,,0.538462,0.904762,0.481481,0.111111,0.904762
2025-10-20,B4: B1+B3,18,0.611111,0.550000,1_3 2_10 2_9 3_13 3_2 4_1 4_2 4_3 6_10 6_11 7_5,1_10 3_12 3_3 4_4 5_1 5_12 6_12 7_6 7_9,2_3 3_10 4_14 5_3 5_7 6_4 7_7,0.428571,0.600000,0.538462,0.600000,0.538462,,0.481481,0.904762,0.081081,0.600000
2025-10-20,B2: Recent MA,18,0.500000,0.450000,1_3 2_10 3_10 3_13 3_2 4_2 5_7 6_10 7_5,1_10 2_12 3_12 3_14 4_4 5_1 5_12 6_12 6_7 7_8 8_9,2_3 2_9 4_1 4_14 4_3 5_3 6_11 6_4 7_7,0.904762,0.333333,0.290323,0.333333,0.904762,0.481481,,0.428571,0.111111,0.818182
2025-10-20,B3: DoY season,18,0.555556,0.500000,1_3 2_10 2_9 3_13 3_2 4_1 4_2 4_3 6_10 6_11,1_10 3_12 3_3 4_4 5_1 5_11 5_12 6_12 7_6 7_9,2_3 3_10 4_14 5_3 5_7 6_4 7_5 7_7,0.379310,0.538462,0.481481,0.538462,0.481481,0.904762,0.428571,,0.081081,0.538462
2025-10-20,B0: Random,18,0.222222,0.200000,2_9 3_10 4_14 6_10,0_14 2_0 2_12 2_8 3_0 3_4 3_5 3_8 3_9 4_0 4_6 5_12 5_4 6_2 8_0 8_5,1_3 2_10 2_3 3_13 3_2 4_1 4_2 4_3 5_3 5_7 6_11 6_4 7_5 7_7,0.111111,0.052632,0.052632,0.081081,0.111111,0.081081,0.111111,0.081081,,0.111111
2025-10-21,GLM-Logit,17,0.352941,0.300000,2_10 3_12 3_13 4_1 4_2 6_12,1_10 1_3 2_12 3_10 3_14 3_2 4_4 5_1 5_12 5_7 6_10 6_7 7_5 7_9,0_9 1_4 1_9 2_13 2_9 3_11 6_11 6_2 6_6 7_10 7_6,0.739130,0.428571,0.428571,0.428571,0.904762,0.600000,0.904762,0.600000,0.081081,
2025-10-21,HierBayes,17,0.294118,0.250000,2_10 3_12 3_13 4_2 6_12,1_10 1_3 2_12 2_3 3_10 3_14 3_2 4_4 5_12 5_7 6_10 6_7 7_5 7_8 8_9,0_9 1_4 1_9 2_13 2_9 3_11 4_1 6_11 6_2 6_6 7_10 7_6,,0.290323,0.290323,0.290323,0.818182,0.428571,0.818182,0.428571,0.081081,0.739130
2025-10-21,B1: Static prior,17,0.529412,0.450000,2_10 2_9 3_11 3_12 3_13 4_1 4_2 6_12 7_6,1_10 3_10 3_3 4_3 4_4 5_1 5_2 5_3 6_4 7_5 7_9,0_9 1_4 1_9 2_13 6_11 6_2 6_6 7_10,0.290323,,0.818182,0.739130,0.379310,0.600000,0.379310,0.481481,0.025641,0.428571
2025-10-21,TTM,17,0.470588,0.400000,2_10 2_9 3_12 3_13 4_1 4_2 6_12 7_6,1_10 3_3 4_3 4_4 4_7 5_1 5_2 5_3 6_10 6_4 7_5 7_9,0_9 1_4 1_9 2_13 3_11 6_11 6_2 6_6 7_10,0.290323,0.818182,,0.666667,0.379310,0.666667,0.379310,0.538462,0.081081,0.428571
2025-10-21,ET,17,0.470588,0.400000,2_10 2_9 3_11 3_12 3_13 4_1 4_2 7_6,1_10 2_11 3_10 3_3 4_13 4_3 4_4 5_1 5_3 6_10 7_5 7_9,0_9 1_4 1_9 2_13 6_11 6_12 6_2 6_6 7_10,0.290323,0.739130,0.666667,,0.379310,0.600000,0.379310,0.481481,0.052632,0.428571
2025-10-21,B5: B2+B3,17,0.352941,0.300000,2_10 3_12 3_13 4_1 4_2 6_12,1_10 1_3 2_12 3_10 3_14 3_2 4_4 5_1 5_12 5_7 6_10 6_7 7_5 8_9,0_9 1_4 1_9 2_13 2_9 3_11 6_11 6_2 6_6 7_10 7_6,0.818182,0.379310,0.379310,0.379310,,0.538462,1.000000,0.538462,0.081081,0.904762
2025-10-21,B4: B1+B3,17,0.529412,0.450000,2_10 2_9 3_12 3_13 4_1 4_2 6_11 6_12 7_6,1_10 1_3 3_2 3_3 4_3 4_4 5_1 5_12 6_10 7_5 7_9,0_9 1_4 1_9 2_13 3_11 6_2 6_6 7_10,0.428571,0.600000,0.666667,0.600000,0.538462,,0.538462,0.818182,0.111111,0.600000
2025-10-21,B2: Recent MA,17,0.352941,0.300000,2_10 3_12 3_13 4_1 4_2 6_12,1_10 1_3 2_12 3_10 3_14 3_2 4_4 5_1 5_12 5_7 6_10 6_7 7_5 8_9,0_9 1_4 1_9 2_13 2_9 3_11 6_11 6_2 6_6 7_10 7_6,0.818182,0.379310,0.379310,0.379310,1.000000,0.538462,,0.538462,0.081081,0.904762
2025-10-21,B3: DoY season,17,0.470588,0.400000,2_10 3_12 3_13 4_1 4_2 6_11 6_12 7_6,1_10 1_3 3_2 3_3 4_3 4_4 5_1 5_11 5_12 5_7 6_10 7_9,0_9 1_4 1_9 2_13 2_9 3_11 6_2 6_6 7_10,0.428571,0.481481,0.538462,0.481481,0.538462,0.818182,0.538462,,0.111111,0.600000
2025-10-21,B0: Random,17,0.117647,0.100000,6_11 6_6,0_3 0_5 1_10 1_12 1_14 3_2 3_4 4_14 4_5 4_7 5_13 6_1 6_10 6_8 7_1 7_2 8_10 8_5,0_9 1_4 1_9 2_10 2_13 2_9 3_11 3_12 3_13 4_1 4_2 6_12 6_2 7_10 7_6,0.081081,0.025641,0.081081,0.052632,0.081081,0.111111,0.081081,0.111111,,0.081081
2025-10-22,GLM-Logit,21,0.476190,0.500000,1_10 1_3 3_10 3_11 3_12 3_13 4_1 4_2 7_5 7_9,2_10 2_12 3_14 3_2 4_4 5_1 5_12 5_7 6_10 6_12,2_2 2_3 3_3 4_11 6_11 6_13 6_5 7_10 7_7 8_11 8_9,0.739130,0.481481,0.379310,0.481481,0.818182,0.600000,0.818182,0.600000,0.052632,
2025-10-22,HierBayes,21,0.428571,0.450000,1_10 1_3 3_10 3_11 3_12 3_13 4_2 7_5 8_9,2_10 2_12 3_14 3_2 4_4 5_12 5_7 6_10 6_12 6_7 7_8,2_2 2_3 3_3 4_1 4_11 6_11 6_13 6_5 7_10 7_7 7_9 8_11,,0.333333,0.290323,0.333333,0.818182,0.428571,0.818182,0.428571,0.081081,0.739130
2025-10-22,B1: Static prior,21,0.476190,0.500000,1_10 3_10 3_11 3_12 3_13 3_3 4_1 4_2 7_5 7_9,2_10 2_9 4_3 4_4 5_1 5_2 5_3 6_12 6_4 7_6,1_3 2_2 2_3 4_11 6_11 6_13 6_5 7_10 7_7 8_11 8_9,0.333333,,0.666667,0.739130,0.379310,0.666667,0.379310,0.481481,0.000000,0.481481
2025-10-22,TTM,21,0.333333,0.350000,1_10 3_10 3_12 3_13 4_1 7_5 7_9,0_9 2_10 2_9 4_3 4_4 4_7 5_1 5_2 5_3 6_12 6_4 6_7 7_4,1_3 2_2 2_3 3_11 3_3 4_11 4_2 6_11 6_13 6_5 7_10 7_7 8_11 8_9,0.290323,0.666667,,0.481481,0.333333,0.481481,0.333333,0.333333,0.025641,0.379310
2025-10-22,ET,21,0.476190,0.500000,1_10 3_10 3_11 3_12 3_13 3_3 4_1 4_2 7_5 7_9,2_10 2_11 2_9 4_13 4_3 4_4 5_1 5_3 6_10 7_6,1_3 2_2 2_3 4_11 6_11 6_13 6_5 7_10 7_7 8_11 8_9,0.333333,0.739130,0.481481,,0.379310,0.666667,0.379310,0.481481,0.025641,0.481481
2025-10-22,B5: B2+B3,21,0.428571,0.450000,1_10 1_3 3_10 3_12 3_13 4_1 4_2 7_5 8_9,2_10 2_12 3_14 3_2 4_4 5_1 5_12 5_7 6_10 6_12 7_8,2_2 2_3 3_11 3_3 4_11 6_11 6_13 6_5 7_10 7_7 7_9 8_11,0.818182,0.379310,0.333333,0.379310,,0.538462,1.000000,0.538462,0.052632,0.818182
2025-10-22,B4: B1+B3,21,0.523810,0.550000,1_10 1_3 3_10 3_12 3_13 3_3 4_1 4_2 6_11 7_5 7_9,2_10 2_9 3_2 4_3 4_4 5_1 6_10 6_12 7_6,2_2 2_3 3_11 4_11 6_13 6_5 7_10 7_7 8_11 8_9,0.428571,0.666667,0.481481,0.666667,0.538462,,0.538462,0.739130,0.025641,0.600000
2025-10-22,B2: Recent MA,21,0.428571,0.450000,1_10 1_3 3_10 3_12 3_13 4_1 4_2 7_5 8_9,2_10 2_12 3_14 3_2 4_4 5_1 5_12 5_7 6_10 6_12 7_8,2_2 2_3 3_11 3_3 4_11 6_11 6_13 6_5 7_10 7_7 7_9 8_11,0.818182,0.379310,0.333333,0.379310,1.000000,0.538462,,0.538462,0.052632,0.818182
2025-10-22,B3: DoY season,21,0.428571,0.450000,1_10 1_3 3_12 3_13 3_3 4_1 4_2 6_11 7_9,2_10 3_2 4_3 4_4 5_1 5_11 5_12 5_7 6_10 6_12 7_6,2_2 2_3 3_10 3_11 4_11 6_13 6_5 7_10 7_5 7_7 8_11 8_9,0.428571,0.481481,0.333333,0.481481,0.538462,0.739130,0.538462,,0.025641,0.600000
2025-10-22,B0: Random,21,0.238095,0.250000,2_3 4_11 6_5 7_7 8_11,0_0 0_12 0_8 1_12 1_14 2_14 2_7 2_8 3_14 4_6 6_10 6_7 7_14 7_15 8_8,1_10 1_3 2_2 3_10 3_11 3_12 3_13 3_3 4_1 4_2 6_11 6_13 7_10 7_5 7_9 8_9,0.081081,0.000000,0.025641,0.025641,0.052632,0.025641,0.052632,0.025641,,0.052632
2025-10-23,GLM-Logit,21,0.571429,0.600000,1_3 3_11 3_12 3_13 3_14 3_2 4_1 4_2 5_1 5_7 7_5 7_9,1_10 2_10 2_12 3_10 4_4 5_12 6_10 6_12,2_11 3_3 5_11 6_5 7_4 7_7 8_10 8_8 8_9,0.739130,0.481481,0.481481,0.481481,1.000000,0.600000,0.818182,0.600000,0.081081,
2025-10-23,HierBayes,21,0.476190,0.500000,1_3 3_11 3_12 3_13 3_14 3_2 4_2 5_7 7_5 8_9,1_10 2_10 2_12 2_3 3_10 4_4 5_12 6_10 6_12 6_7,2_11 3_3 4_1 5_1 5_11 6_5 7_4 7_7 7_9 8_10 8_8,,0.333333,0.333333,0.333333,0.739130,0.428571,0.739130,0.428571,0.111111,0.739130
2025-10-23,B1: Static prior,21,0.428571,0.450000,3_11 3_12 3_13 3_3 4_1 4_2 5_1 7_5 7_9,1_10 2_10 2_9 3_10 4_3 4_4 5_2 5_3 6_12 6_4 7_6,1_3 2_11 3_14 3_2 5_11 5_7 6_5 7_4 7_7 8_10 8_8 8_9,0.333333,,0.739130,0.739130,0.481481,0.666667,0.428571,0.600000,0.142857,0.481481
2025-10-23,TTM,21,0.380952,0.400000,3_11 3_12 3_13 4_1 5_1 7_4 7_5 7_9,1_10 2_10 2_12 2_9 3_10 4_3 4_4 5_2 5_3 6_10 6_4 7_6,1_3 2_11 3_14 3_2 3_3 4_2 5_11 5_7 6_5 7_7 8_10 8_8 8_9,0.333333,0.739130,,0.666667,0.481481,0.538462,0.428571,0.481481,0.142857,0.481481
2025-10-23,ET,21,0.476190,0.500000,2_11 3_11 3_12 3_13 3_3 4_1 4_2 5_1 7_5 7_9,1_10 2_10 2_9 3_10 4_13 4_3 4_4 5_3 6_10 7_6,1_3 3_14 3_2 5_11 5_7 6_5 7_4 7_7 8_10 8_8 8_9,0.333333,0.739130,0.666667,,0.481481,0.666667,0.428571,0.600000,0.111111,0.481481
2025-10-23,B5: B2+B3,21,0.571429,0.600000,1_3 3_11 3_12 3_13 3_14 3_2 4_1 4_2 5_1 5_7 7_5 7_9,1_10 2_10 2_12 3_10 4_4 5_12 6_10 6_12,2_11 3_3 5_11 6_5 7_4 7_7 8_10 8_8 8_9,0.739130,0.481481,0.481481,0.481481,,0.600000,0.818182,0.600000,0.081081,1.000000
2025-10-23,B4: B1+B3,21,0.476190,0.500000,1_3 3_12 3_13 3_2 3_3 4_1 4_2 5_1 7_5 7_9,1_10 2_10 2_9 3_10 4_3 4_4 6_10 6_11 6_12 7_6,2_11 3_11 3_14 5_11 5_7 6_5 7_4 7_7 8_10 8_8 8_9,0.428571,0.666667,0.538462,0.666667,0.600000,,0.481481,0.904762,0.111111,0.600000
2025-10-23,B2: Recent MA,21,0.523810,0.550000,1_3 3_11 3_12 3_13 3_14 4_1 4_2 5_1 5_7 7_5 8_9,1_10 2_10 2_12 3_10 4_4 5_12 6_10 6_12 7_8,2_11 3_2 3_3 5_11 6_5 7_4 7_7 7_9 8_10 8_8,0.739130,0.428571,0.428571,0.428571,0.818182,0.481481,,0.481481,0.111111,0.818182
2025-10-23,B3: DoY season,21,0.428571,0.450000,1_3 3_12 3_13 3_2 3_3 4_1 4_2 5_1 7_9,1_10 2_10 2_9 3_10 4_3 4_4 5_12 6_10 6_11 6_12 7_6,2_11 3_11 3_14 5_11 5_7 6_5 7_4 7_5 7_7 8_10 8_8 8_9,0.428571,0.600000,0.481481,0.600000,0.600000,0.904762,0.481481,,0.081081,0.600000
2025-10-23,B0: Random,21,0.095238,0.100000,6_5 7_5,0_14 0_5 0_8 2_10 2_8 4_4 4_7 5_14 5_3 5_9 6_11 6_15 6_4 6_6 6_7 7_3 7_8 8_13,1_3 2_11 3_11 3_12 3_13 3_14 3_2 3_3 4_1 4_2 5_1 5_11 5_7 7_4 7_7 7_9 8_10 8_8 8_9,0.111111,0.142857,0.142857,0.111111,0.081081,0.111111,0.111111,0.081081,,0.081081
2025-10-24,GLM-Logit,27,0.407407,0.550000,1_10 2_10 3_11 3_12 3_13 3_14 3_2 4_1 4_2 5_1 6_12,1_3 3_10 4_4 5_12 5_7 6_10 7_5 7_9 8_9,0_10 2_11 2_2 2_9 3_3 4_12 4_13 4_3 5_10 5_2 5_5 6_5 6_7 7_6 7_7 7_8,0.739130,0.481481,0.428571,0.481481,1.000000,0.600000,0.818182,0.600000,0.081081,
2025-10-24,HierBayes,27,0.370370,0.500000,1_10 2_10 3_11 3_12 3_13 3_14 3_2 4_2 6_12 6_7,1_3 2_12 2_3 3_10 4_4 5_12 5_7 6_10 7_5 8_9,0_10 2_11 2_2 2_9 3_3 4_1 4_12 4_13 4_3 5_1 5_10 5_2 5_5 6_5 7_6 7_7 7_8,,0.333333,0.333333,0.333333,0.739130,0.428571,0.739130,0.428571,0.111111,0.739130
2025-10-24,B1: Static prior,27,0.518519,0.700000,1_10 2_10 2_9 3_11 3_12 3_13 3_3 4_1 4_2 4_3 5_1 5_2 6_12 7_6,3_10 4_4 5_3 6_4 7_5 7_9,0_10 2_11 2_2 3_14 3_2 4_12 4_13 5_10 5_5 6_5 6_7 7_7 7_8,0.333333,,0.739130,0.739130,0.481481,0.666667,0.379310,0.538462,0.081081,0.481481
2025-10-24,TTM,27,0.407407,0.550000,1_10 2_10 2_9 3_11 3_12 3_13 4_1 4_3 5_1 5_2 6_12,1_11 2_12 3_10 4_4 5_3 6_4 7_4 7_5 7_9,0_10 2_11 2_2 3_14 3_2 3_3 4_12 4_13 4_2 5_10 5_5 6_5 6_7 7_6 7_7 7_8,0.333333,0.739130,,0.538462,0.428571,0.481481,0.379310,0.379310,0.052632,0.428571
2025-10-24,ET,27,0.518519,0.700000,1_10 2_10 2_11 2_9 3_11 3_12 3_13 3_3 4_1 4_13 4_2 4_3 5_1 7_6,3_10 4_4 5_3 6_10 7_5 7_9,0_10 2_2 3_14 3_2 4_12 5_10 5_2 5_5 6_12 6_5 6_7 7_7 7_8,0.333333,0.739130,0.538462,,0.481481,0.666667,0.379310,0.538462,0.081081,0.481481
2025-10-24,B5: B2+B3,27,0.407407,0.550000,1_10 2_10 3_11 3_12 3_13 3_14 3_2 4_1 4_2 5_1 6_12,1_3 3_10 4_4 5_12 5_7 6_10 7_5 7_9 8_9,0_10 2_11 2_2 2_9 3_3 4_12 4_13 4_3 5_10 5_2 5_5 6_5 6_7 7_6 7_7 7_8,0.739130,0.481481,0.428571,0.481481,,0.600000,0.818182,0.600000,0.081081,1.000000
2025-10-24,B4: B1+B3,27,0.481481,0.650000,1_10 2_10 2_9 3_12 3_13 3_2 3_3 4_1 4_2 4_3 5_1 6_12 7_6,1_3 3_10 4_4 6_10 6_11 7_5 7_9,0_10 2_11 2_2 3_11 3_14 4_12 4_13 5_10 5_2 5_5 6_5 6_7 7_7 7_8,0.428571,0.666667,0.481481,0.666667,0.600000,,0.481481,0.818182,0.052632,0.600000
2025-10-24,B2: Recent MA,27,0.444444,0.600000,1_10 2_10 3_11 3_12 3_13 3_14 3_2 4_1 4_2 5_1 6_12 7_7,1_3 2_12 3_10 5_12 5_7 6_10 7_5 8_9,0_10 2_11 2_2 2_9 3_3 4_12 4_13 4_3 5_10 5_2 5_5 6_5 6_7 7_6 7_8,0.739130,0.379310,0.379310,0.379310,0.818182,0.481481,,0.481481,0.081081,0.818182
2025-10-24,B3: DoY season,27,0.444444,0.600000,1_10 2_10 2_9 3_12 3_13 3_2 3_3 4_1 4_2 5_1 6_12 7_6,1_3 3_10 4_4 5_11 5_12 6_10 6_11 7_9,0_10 2_11 2_2 3_11 3_14 4_12 4_13 4_3 5_10 5_2 5_5 6_5 6_7 7_7 7_8,0.428571,0.538462,0.379310,0.538462,0.600000,0.818182,0.481481,,0.052632,0.600000
2025-10-24,B0: Random,27,0.111111,0.150000,3_11 3_13 4_2,0_1 0_3 0_5 1_15 2_13 2_3 3_5 5_15 6_1 6_13 6_14 8_14 8_15 8_3 8_4 8_6 8_8,0_10 1_10 2_10 2_11 2_2 2_9 3_12 3_14 3_2 3_3 4_1 4_12 4_13 4_3 5_1 5_10 5_2 5_5 6_12 6_5 6_7 7_6 7_7 7_8,0.111111,0.081081,0.052632,0.081081,0.081081,0.052632,0.081081,0.052632,,0.081081
2025-10-25,GLM-Logit,13,0.692308,0.450000,1_3 2_10 3_11 3_12 3_13 3_2 4_1 7_5 7_9,1_10 3_10 3_14 4_2 4_4 5_1 5_12 5_7 6_10 6_12 7_6,1_11 2_3 2_9 6_7,0.538462,0.538462,0.379310,0.538462,0.904762,0.600000,0.739130,0.666667,0.052632,
2025-10-25,HierBayes,13,0.692308,0.450000,1_3 2_10 2_3 3_11 3_12 3_13 3_2 6_7 7_5,1_10 2_12 3_10 3_14 3_3 4_2 5_12 5_7 6_12 7_7 8_9,1_11 2_9 4_1 7_9,,0.333333,0.290323,0.290323,0.600000,0.333333,0.666667,0.428571,0.025641,0.538462
2025-10-25,B1: Static prior,13,0.615385,0.400000,2_10 2_9 3_11 3_12 3_13 4_1 7_5 7_9,1_10 3_10 3_3 4_2 4_3 4_4 5_1 5_2 5_3 6_12 6_4 7_6,1_11 1_3 2_3 3_2 6_7,0.333333,,0.739130,0.739130,0.481481,0.739130,0.379310,0.538462,0.052632,0.538462
2025-10-25,TTM,13,0.538462,0.350000,2_10 2_9 3_12 3_13 4_1 7_5 7_9,1_10 2_12 3_10 3_3 4_3 4_4 5_1 5_2 5_3 5_4 6_12 6_4 7_4,1_11 1_3 2_3 3_11 3_2 6_7,0.290323,0.739130,,0.538462,0.379310,0.600000,0.290323,0.481481,0.081081,0.379310
2025-10-25,ET,13,0.615385,0.400000,2_10 2_9 3_11 3_12 3_13 4_1 7_5 7_9,1_10 2_11 3_10 3_3 4_13 4_2 4_3 4_4 5_1 5_3 6_10 7_6,1_11 1_3 2_3 3_2 6_7,0.290323,0.739130,0.538462,,0.481481,0.666667,0.379310,0.538462,0.052632,0.538462
2025-10-25,B5: B2+B3,13,0.692308,0.450000,1_3 2_10 3_11 3_12 3_13 3_2 4_1 7_5 7_9,1_10 3_10 3_14 4_2 4_4 5_1 5_12 5_7 6_10 6_12 7_7,1_11 2_3 2_9 6_7,0.600000,0.481481,0.379310,0.481481,,0.538462,0.818182,0.600000,0.052632,0.904762
2025-10-25,B4: B1+B3,13,0.615385,0.400000,1_3 2_10 2_9 3_12 3_13 4_1 7_5 7_9,1_10 3_10 3_3 4_2 4_3 4_4 5_1 5_2 6_10 6_11 6_12 7_6,1_11 2_3 3_11 3_2 6_7,0.333333,0.739130,0.600000,0.666667,0.538462,,0.428571,0.739130,0.052632,0.600000
2025-10-25,B2: Recent MA,13,0.615385,0.400000,1_3 2_10 3_11 3_12 3_13 3_2 4_1 7_5,1_10 3_10 3_14 4_2 5_1 5_12 5_7 6_10 6_12 6_5 7_7 8_9,1_11 2_3 2_9 6_7 7_9,0.666667,0.379310,0.290323,0.379310,0.818182,0.428571,,0.481481,0.052632,0.739130
2025-10-25,B3: DoY season,13,0.615385,0.400000,1_3 2_10 2_9 3_12 3_13 3_2 4_1 7_9,1_10 2_12 3_10 3_3 4_2 4_4 5_1 5_7 6_10 6_11 6_12 7_6,1_11 2_3 3_11 6_7 7_5,0.428571,0.538462,0.481481,0.538462,0.600000,0.739130,0.481481,,0.052632,0.666667
2025-10-25,B0: Random,13,0.153846,0.100000,3_13 4_1,0_5 0_8 1_0 1_13 1_7 3_1 4_15 5_0 5_4 5_9 6_13 6_8 7_1 7_10 7_15 8_10 8_11 8_15,1_11 1_3 2_10 2_3 2_9 3_11 3_12 3_2 6_7 7_5 7_9,0.025641,0.052632,0.081081,0.052632,0.052632,0.052632,0.052632,0.052632,,0.052632
2025-10-26,GLM-Logit,13,0.307692,0.200000,1_10 1_3 2_10 6_10,3_10 3_11 3_12 3_13 3_14 3_2 3_3 4_1 4_2 4_4 5_1 5_12 6_12 7_5 7_6 7_9,1_11 2_11 2_2 2_3 4_11 6_11 6_5 7_10 7_7,0.538462,0.600000,0.428571,0.600000,0.739130,0.666667,0.666667,0.666667,0.111111,
2025-10-26,HierBayes,13,0.384615,0.250000,1_10 1_3 2_10 2_3 7_7,2_12 3_10 3_11 3_12 3_13 3_14 3_2 3_3 4_2 5_12 5_7 6_12 6_7 7_5 8_9,1_11 2_11 2_2 4_11 6_10 6_11 6_5 7_10,,0.333333,0.250000,0.290323,0.666667,0.333333,0.666667,0.379310,0.111111,0.538462
2025-10-26,B1: Static prior,13,0.153846,0.100000,1_10 2_10,2_9 3_10 3_11 3_12 3_13 3_3 4_1 4_2 4_3 4_4 5_1 5_2 5_3 6_12 6_4 7_5 7_6 7_9,1_11 1_3 2_11 2_2 2_3 4_11 6_10 6_11 6_5 7_10 7_7,0.333333,,0.600000,0.739130,0.428571,0.666667,0.379310,0.538462,0.142857,0.600000
2025-10-26,TTM,13,0.230769,0.150000,1_10 2_10 6_10,2_9 3_10 3_13 3_3 4_1 4_4 5_1 5_2 5_3 5_4 5_6 6_12 6_3 6_4 7_5 7_9 8_9,1_11 1_3 2_11 2_2 2_3 4_11 6_11 6_5 7_10 7_7,0.250000,0.600000,,0.481481,0.333333,0.481481,0.333333,0.428571,0.142857,0.428571
2025-10-26,ET,13,0.307692,0.200000,1_10 2_10 2_11 6_10,2_9 3_10 3_11 3_12 3_13 3_3 4_1 4_13 4_2 4_3 4_4 5_1 5_3 7_5 7_6 7_9,1_11 1_3 2_2 2_3 4_11 6_11 6_5 7_10 7_7,0.290323,0.739130,0.481481,,0.428571,0.666667,0.379310,0.538462,0.176471,0.600000
2025-10-26,B5: B2+B3,13,0.461538,0.300000,1_10 1_3 2_10 2_3 6_10 7_7,3_10 3_11 3_12 3_13 3_14 3_2 4_1 4_2 5_1 5_12 5_7 6_12 7_5 7_9,1_11 2_11 2_2 4_11 6_11 6_5 7_10,0.666667,0.428571,0.333333,0.428571,,0.481481,0.818182,0.481481,0.111111,0.739130
2025-10-26,B4: B1+B3,13,0.461538,0.300000,1_10 1_3 2_10 2_2 6_10 6_11,2_9 3_10 3_12 3_13 3_3 4_1 4_2 4_3 4_4 5_1 6_12 7_5 7_6 7_9,1_11 2_11 2_3 4_11 6_5 7_10 7_7,0.333333,0.666667,0.481481,0.666667,0.481481,,0.428571,0.818182,0.176471,0.666667
2025-10-26,B2: Recent MA,13,0.461538,0.300000,1_10 1_3 2_10 6_10 6_5 7_7,3_10 3_11 3_12 3_13 3_14 3_2 4_1 4_2 5_1 5_12 5_7 6_12 7_5 8_9,1_11 2_11 2_2 2_3 4_11 6_11 7_10,0.666667,0.379310,0.333333,0.379310,0.818182,0.428571,,0.428571,0.142857,0.666667
2025-10-26,B3: DoY season,13,0.461538,0.300000,1_10 1_3 2_10 2_2 6_10 6_11,2_12 2_9 3_10 3_12 3_13 3_2 3_3 4_1 4_2 4_4 5_1 6_12 7_6 7_9,1_11 2_11 2_3 4_11 6_5 7_10 7_7,0.379310,0.538462,0.428571,0.538462,0.481481,0.818182,0.428571,,0.111111,0.666667
2025-10-26,B0: Random,13,0.153846,0.100000,2_11 6_11,0_10 0_15 1_1 1_14 1_4 1_9 2_9 3_13 3_8 4_3 4_9 5_1 5_12 5_13 7_11 7_4 7_5 8_9,1_10 1_11 1_3 2_10 2_2 2_3 4_11 6_10 6_5 7_10 7_7,0.111111,0.142857,0.142857,0.176471,0.111111,0.176471,0.142857,0.111111,,0.111111
2025-10-27,GLM-Logit,17,0.411765,0.350000,1_3 3_12 3_13 4_2 5_12 7_5 7_6,1_10 2_10 2_3 3_10 3_11 3_14 3_2 4_1 5_1 6_10 6_12 7_7 7_9,1_11 2_11 2_12 4_11 4_12 4_3 4_5 6_4 6_7 7_8,0.600000,0.481481,0.333333,0.481481,0.904762,0.538462,0.818182,0.538462,0.025641,
2025-10-27,HierBayes,17,0.470588,0.400000,1_3 2_12 3_12 3_13 4_2 5_12 6_7 7_5,1_10 2_10 2_3 3_10 3_11 3_14 3_2 3_3 5_7 6_12 7_7 8_9,1_11 2_11 4_11 4_12 4_3 4_5 6_4 7_6 7_8,,0.333333,0.212121,0.290323,0.600000,0.333333,0.666667,0.379310,0.025641,0.600000
2025-10-27,B1: Static prior,17,0.411765,0.350000,3_12 3_13 4_2 4_3 6_4 7_5 7_6,1_10 2_10 2_9 3_10 3_11 3_3 4_1 4_4 5_1 5_2 5_3 6_12 7_9,1_11 1_3 2_11 2_12 4_11 4_12 4_5 5_12 6_7 7_8,0.333333,,0.600000,0.739130,0.428571,0.600000,0.379310,0.538462,0.052632,0.481481
2025-10-27,TTM,17,0.294118,0.250000,2_11 3_12 3_13 6_4 7_5,1_10 2_10 2_2 2_9 3_3 4_1 4_4 5_1 5_2 5_3 6_10 6_12 6_9 7_4 7_9,1_11 1_3 2_12 4_11 4_12 4_2 4_3 4_5 5_12 6_7 7_6 7_8,0.212121,0.600000,,0.538462,0.333333,0.481481,0.290323,0.481481,0.025641,0.333333
2025-10-27,ET,17,0.411765,0.350000,2_11 3_12 3_13 4_2 4_3 7_5 7_6,1_10 2_10 2_9 3_10 3_11 3_3 4_1 4_13 4_4 5_1 5_3 6_10 7_9,1_11 1_3 2_12 4_11 4_12 4_5 5_12 6_4 6_7 7_8,0.290323,0.739130,0.538462,,0.428571,0.600000,0.379310,0.538462,0.025641,0.481481
2025-10-27,B5: B2+B3,17,0.352941,0.300000,1_3 3_12 3_13 4_2 5_12 7_5,1_10 2_10 2_3 3_10 3_11 3_14 3_2 4_1 5_1 6_10 6_12 6_5 7_7 7_9,1_11 2_11 2_12 4_11 4_12 4_3 4_5 6_4 6_7 7_6 7_8,0.600000,0.428571,0.333333,0.428571,,0.481481,0.904762,0.481481,0.025641,0.904762
2025-10-27,B4: B1+B3,17,0.352941,0.300000,1_3 3_12 3_13 4_2 4_3 7_6,1_10 2_10 2_2 2_9 3_10 3_2 3_3 4_1 4_4 5_1 6_10 6_11 6_12 7_9,1_11 2_11 2_12 4_11 4_12 4_5 5_12 6_4 6_7 7_5 7_8,0.333333,0.600000,0.481481,0.600000,0.481481,,0.428571,0.818182,0.025641,0.538462
2025-10-27,B2: Recent MA,17,0.352941,0.300000,1_3 3_12 3_13 4_2 5_12 7_5,1_10 2_10 2_3 3_10 3_11 3_14 3_2 4_1 5_1 6_10 6_12 6_5 7_7 8_9,1_11 2_11 2_12 4_11 4_12 4_3 4_5 6_4 6_7 7_6 7_8,0.666667,0.379310,0.290323,0.379310,0.904762,0.428571,,0.428571,0.025641,0.818182
2025-10-27,B3: DoY season,17,0.352941,0.300000,1_3 2_12 3_12 3_13 4_2 7_6,1_10 2_10 2_2 2_3 2_9 3_10 3_3 4_1 4_4 5_1 6_10 6_11 6_12 7_9,1_11 2_11 4_11 4_12 4_3 4_5 5_12 6_4 6_7 7_5 7_8,0.379310,0.538462,0.481481,0.538462,0.481481,0.818182,0.428571,,0.025641,0.538462
2025-10-27,B0: Random,17,0.117647,0.100000,6_4 7_8,0_3 0_4 1_2 2_1 2_8 3_10 3_5 4_10 4_6 4_9 5_0 5_13 5_14 6_3 7_10 8_15 8_3 8_8,1_11 1_3 2_11 2_12 3_12 3_13 4_11 4_12 4_2 4_3 4_5 5_12 6_7 7_5 7_6,0.025641,0.052632,0.025641,0.025641,0.025641,0.025641,0.025641,0.025641,,0.025641
2025-10-28,GLM-Logit,17,0.470588,0.400000,3_10 3_12 3_13 3_2 4_1 6_10 7_5 7_6,1_10 1_3 2_10 2_3 3_11 4_2 5_1 5_12 6_12 6_7 7_7 7_9,2_14 2_9 4_11 5_10 5_2 6_4 6_8 8_10 8_7,0.600000,0.481481,0.379310,0.481481,0.739130,0.600000,0.739130,0.600000,0.081081,
2025-10-28,HierBayes,17,0.294118,0.250000,3_10 3_12 3_13 3_2 7_5,1_10 1_3 2_10 2_12 2_3 3_11 3_14 3_3 4_2 5_12 5_7 6_12 6_7 7_7 8_9,2_14 2_9 4_1 4_11 5_10 5_2 6_10 6_4 6_8 7_6 8_10 8_7,,0.333333,0.250000,0.290323,0.739130,0.379310,0.739130,0.481481,0.052632,0.600000
2025-10-28,B1: Static prior,17,0.529412,0.450000,2_9 3_10 3_12 3_13 4_1 5_2 6_4 7_5 7_6,1_10 2_10 3_11 3_3 4_2 4_3 4_4 5_1 5_3 6_12 7_9,2_14 3_2 4_11 5_10 6_10 6_8 8_10 8_7,0.333333,,0.666667,0.739130,0.379310,0.538462,0.379310,0.481481,0.081081,0.481481
2025-10-28,TTM,17,0.470588,0.400000,3_12 3_13 4_1 5_2 6_10 6_4 7_5 7_6,1_10 2_10 2_2 3_11 3_14 3_3 4_3 4_4 5_1 5_3 7_4 7_9,2_14 2_9 3_10 3_2 4_11 5_10 6_8 8_10 8_7,0.250000,0.666667,,0.600000,0.290323,0.428571,0.290323,0.379310,0.052632,0.379310
2025-10-28,ET,17,0.470588,0.400000,2_9 3_10 3_12 3_13 4_1 6_10 7_5 7_6,1_10 2_10 2_11 3_11 3_3 4_13 4_2 4_3 4_4 5_1 5_3 7_9,2_14 3_2 4_11 5_10 5_2 6_4 6_8 8_10 8_7,0.290323,0.739130,0.600000,,0.333333,0.538462,0.333333,0.428571,0.052632,0.481481
2025-10-28,B5: B2+B3,17,0.352941,0.300000,3_10 3_12 3_13 3_2 4_1 7_5,1_10 1_3 2_10 2_3 3_11 3_14 4_2 5_1 5_12 6_12 6_5 6_7 7_7 8_9,2_14 2_9 4_11 5_10 5_2 6_10 6_4 6_8 7_6 8_10 8_7,0.739130,0.379310,0.290323,0.333333,,0.428571,1.000000,0.481481,0.081081,0.739130
2025-10-28,B4: B1+B3,17,0.470588,0.400000,2_9 3_10 3_12 3_13 3_2 4_1 6_10 7_6,1_10 1_3 2_10 2_2 2_3 3_3 4_2 4_4 5_1 6_11 6_12 7_9,2_14 4_11 5_10 5_2 6_4 6_8 7_5 8_10 8_7,0.379310,0.538462,0.428571,0.538462,0.428571,,0.428571,0.818182,0.081081,0.600000
2025-10-28,B2: Recent MA,17,0.352941,0.300000,3_10 3_12 3_13 3_2 4_1 7_5,1_10 1_3 2_10 2_3 3_11 3_14 4_2 5_1 5_12 6_12 6_5 6_7 7_7 8_9,2_14 2_9 4_11 5_10 5_2 6_10 6_4 6_8 7_6 8_10 8_7,0.739130,0.379310,0.290323,0.333333,1.000000,0.428571,,0.481481,0.081081,0.739130
2025-10-28,B3: DoY season,17,0.352941,0.300000,3_10 3_12 3_13 3_2 4_1 7_6,1_10 1_3 2_10 2_12 2_2 2_3 3_3 4_2 4_4 5_1 6_11 6_12 6_7 7_9,2_14 2_9 4_11 5_10 5_2 6_10 6_4 6_8 7_5 8_10 8_7,0.481481,0.481481,0.379310,0.428571,0.481481,0.818182,0.481481,,0.081081,0.600000
2025-10-28,B0: Random,17,0.117647,0.100000,3_2 4_1,0_14 0_4 0_9 1_4 1_8 2_1 2_7 2_8 3_7 3_9 4_14 4_3 5_0 6_12 6_14 6_6 7_15 7_3,2_14 2_9 3_10 3_12 3_13 4_11 5_10 5_2 6_10 6_4 6_8 7_5 7_6 8_10 8_7,0.052632,0.081081,0.052632,0.052632,0.081081,0.081081,0.081081,0.081081,,0.081081
2025-10-29,GLM-Logit,24,0.416667,0.500000,1_10 1_3 3_10 3_11 3_12 3_2 4_2 5_12 6_12 7_7,2_10 2_9 3_13 4_1 5_1 6_10 6_7 7_5 7_6 7_9,1_11 2_11 2_12 3_14 3_3 5_10 5_2 5_3 6_4 6_5 6_8 7_12 7_8 8_9,0.538462,0.538462,0.481481,0.538462,0.818182,0.666667,0.739130,0.538462,0.081081,
2025-10-29,HierBayes,24,0.583333,0.700000,1_10 1_3 2_12 3_10 3_11 3_12 3_14 3_2 3_3 4_2 5_12 6_12 7_7 8_9,2_10 2_3 3_13 5_7 6_7 7_5,1_11 2_11 5_10 5_2 5_3 6_4 6_5 6_8 7_12 7_8,,0.333333,0.333333,0.290323,0.600000,0.428571,0.666667,0.481481,0.081081,0.538462
2025-10-29,B1: Static prior,24,0.416667,0.500000,1_10 3_10 3_11 3_12 3_3 4_2 5_2 5_3 6_12 6_4,2_10 2_9 3_13 4_1 4_3 4_4 5_1 7_5 7_6 7_9,1_11 1_3 2_11 2_12 3_14 3_2 5_10 5_12 6_5 6_8 7_12 7_7 7_8 8_9,0.333333,,0.818182,0.739130,0.428571,0.666667,0.379310,0.538462,0.052632,0.538462
2025-10-29,TTM,24,0.375000,0.450000,1_10 3_11 3_12 3_3 4_2 5_2 5_3 6_12 6_4,2_10 3_13 4_1 4_3 4_4 5_1 5_7 6_10 7_5 7_6 7_9,1_11 1_3 2_11 2_12 3_10 3_14 3_2 5_10 5_12 6_5 6_8 7_12 7_7 7_8 8_9,0.333333,0.818182,,0.666667,0.428571,0.538462,0.379310,0.481481,0.052632,0.481481
2025-10-29,ET,24,0.333333,0.400000,1_10 2_11 3_10 3_11 3_12 3_3 4_2 5_3,2_10 2_9 3_13 4_1 4_13 4_3 4_4 5_1 6_10 7_5 7_6 7_9,1_11 1_3 2_12 3_14 3_2 5_10 5_12 5_2 6_12 6_4 6_5 6_8 7_12 7_7 7_8 8_9,0.290323,0.739130,0.666667,,0.428571,0.538462,0.379310,0.428571,0.052632,0.538462
2025-10-29,B5: B2+B3,24,0.458333,0.550000,1_10 1_3 3_10 3_11 3_12 3_2 4_2 5_12 6_12 6_5 7_7,2_10 2_3 3_13 4_1 5_1 6_10 6_7 7_5 7_6,1_11 2_11 2_12 3_14 3_3 5_10 5_2 5_3 6_4 6_8 7_12 7_8 8_9,0.600000,0.428571,0.428571,0.428571,,0.538462,0.904762,0.538462,0.081081,0.818182
2025-10-29,B4: B1+B3,24,0.375000,0.450000,1_10 1_3 3_10 3_12 3_2 3_3 4_2 5_2 6_12,2_10 2_9 3_13 4_1 4_4 5_1 6_11 6_7 7_5 7_6 7_9,1_11 2_11 2_12 3_11 3_14 5_10 5_12 5_3 6_4 6_5 6_8 7_12 7_7 7_8 8_9,0.428571,0.666667,0.538462,0.538462,0.538462,,0.481481,0.818182,0.081081,0.666667
2025-10-29,B2: Recent MA,24,0.500000,0.600000,1_10 1_3 3_10 3_11 3_12 3_2 4_2 5_12 6_12 6_5 7_7 8_9,2_10 2_3 3_13 4_1 5_1 6_10 6_7 7_5,1_11 2_11 2_12 3_14 3_3 5_10 5_2 5_3 6_4 6_8 7_12 7_8,0.666667,0.379310,0.379310,0.379310,0.904762,0.481481,,0.481481,0.081081,0.739130
2025-10-29,B3: DoY season,24,0.416667,0.500000,1_10 1_3 2_12 3_10 3_12 3_2 3_3 4_2 5_2 6_12,2_10 2_3 3_13 4_1 4_4 5_1 6_11 6_7 7_6 7_9,1_11 2_11 3_11 3_14 5_10 5_12 5_3 6_4 6_5 6_8 7_12 7_7 7_8 8_9,0.481481,0.538462,0.481481,0.428571,0.538462,0.818182,0.481481,,0.052632,0.538462
2025-10-29,B0: Random,24,0.000000,0.000000,,0_0 0_6 1_15 1_6 2_4 2_7 3_13 3_9 4_6 5_4 6_15 6_7 7_0 7_3 7_5 8_0 8_1 8_11 8_6 8_8,1_10 1_11 1_3 2_11 2_12 3_10 3_11 3_12 3_14 3_2 3_3 4_2 5_10 5_12 5_2 5_3 6_12 6_4 6_5 6_8 7_12 7_7 7_8 8_9,0.081081,0.052632,0.052632,0.052632,0.081081,0.081081,0.081081,0.052632,,0.081081
2025-10-30,GLM-Logit,27,0.444444,0.600000,1_10 2_9 3_12 3_13 3_2 4_1 4_2 5_1 6_10 7_5 7_6 7_7,1_3 2_10 3_10 3_11 3_3 5_12 6_12 7_9,1_11 3_14 3_7 4_10 5_10 5_3 5_7 6_13 6_4 6_5 6_7 6_8 7_8 8_8 8_9,0.481481,0.600000,0.538462,0.600000,0.666667,0.600000,0.600000,0.538462,0.025641,
2025-10-30,HierBayes,27,0.407407,0.550000,1_10 3_12 3_13 3_14 3_2 4_2 5_7 6_5 6_7 7_7 8_9,1_3 2_10 2_12 2_3 3_10 3_11 3_3 5_12 6_12,1_11 2_9 3_7 4_1 4_10 5_1 5_10 5_3 6_10 6_13 6_4 6_8 7_5 7_6 7_8 8_8,,0.290323,0.250000,0.250000,0.739130,0.379310,0.739130,0.379310,0.000000,0.481481
2025-10-30,B1: Static prior,27,0.407407,0.550000,1_10 2_9 3_12 3_13 4_1 4_2 5_1 5_3 6_4 7_5 7_6,2_10 3_10 3_11 3_3 4_3 4_4 5_2 6_12 7_9,1_11 3_14 3_2 3_7 4_10 5_10 5_7 6_10 6_13 6_5 6_7 6_8 7_7 7_8 8_8 8_9,0.290323,,0.818182,0.739130,0.428571,0.666667,0.379310,0.538462,0.052632,0.600000
2025-10-30,TTM,27,0.444444,0.600000,1_10 2_9 3_13 4_1 4_2 5_1 5_3 6_10 6_4 6_7 7_5 7_6,2_10 3_10 3_11 3_3 4_3 4_4 5_2 7_9,1_11 3_12 3_14 3_2 3_7 4_10 5_10 5_7 6_13 6_5 6_8 7_7 7_8 8_8 8_9,0.250000,0.818182,,0.739130,0.379310,0.600000,0.333333,0.481481,0.052632,0.538462
2025-10-30,ET,27,0.407407,0.550000,1_10 2_9 3_12 3_13 4_1 4_2 5_1 5_3 6_10 7_5 7_6,2_10 2_11 3_10 3_11 3_3 4_13 4_3 4_4 7_9,1_11 3_14 3_2 3_7 4_10 5_10 5_7 6_13 6_4 6_5 6_7 6_8 7_7 7_8 8_8 8_9,0.250000,0.739130,0.739130,,0.379310,0.538462,0.333333,0.428571,0.111111,0.600000
2025-10-30,B5: B2+B3,27,0.444444,0.600000,1_10 3_12 3_13 3_2 4_1 4_2 5_1 6_5 6_7 7_5 7_7 8_9,1_3 2_10 2_3 3_10 3_11 3_3 5_12 6_12,1_11 2_9 3_14 3_7 4_10 5_10 5_3 5_7 6_10 6_13 6_4 6_8 7_6 7_8 8_8,0.739130,0.428571,0.379310,0.379310,,0.481481,0.904762,0.481481,0.025641,0.666667
2025-10-30,B4: B1+B3,27,0.370370,0.500000,1_10 2_9 3_12 3_13 3_2 4_1 4_2 5_1 6_7 7_6,1_3 2_10 3_10 3_3 4_3 4_4 5_2 6_11 6_12 7_9,1_11 3_14 3_7 4_10 5_10 5_3 5_7 6_10 6_13 6_4 6_5 6_8 7_5 7_7 7_8 8_8 8_9,0.379310,0.666667,0.600000,0.538462,0.481481,,0.428571,0.818182,0.025641,0.600000
2025-10-30,B2: Recent MA,27,0.481481,0.650000,1_10 3_12 3_13 3_14 3_2 4_1 4_2 5_1 6_5 6_7 7_5 7_7 8_9,1_3 2_10 2_3 3_10 3_11 5_12 6_12,1_11 2_9 3_7 4_10 5_10 5_3 5_7 6_10 6_13 6_4 6_8 7_6 7_8 8_8,0.739130,0.379310,0.333333,0.333333,0.904762,0.428571,,0.428571,0.025641,0.600000
2025-10-30,B3: DoY season,27,0.370370,0.500000,1_10 2_9 3_12 3_13 3_2 4_1 4_2 5_1 6_7 7_6,1_3 2_10 2_2 2_3 3_3 4_4 5_2 6_11 6_12 7_9,1_11 3_14 3_7 4_10 5_10 5_3 5_7 6_10 6_13 6_4 6_5 6_8 7_5 7_7 7_8 8_8 8_9,0.379310,0.538462,0.481481,0.428571,0.481481,0.818182,0.428571,,0.025641,0.538462
2025-10-30,B0: Random,27,0.074074,0.100000,4_1 5_3,0_0 0_11 0_12 0_6 0_8 1_13 1_2 2_11 2_13 2_4 3_5 3_8 4_13 4_15 5_0 7_4 8_13 8_3,1_10 1_11 2_9 3_12 3_13 3_14 3_2 3_7 4_10 4_2 5_1 5_10 5_7 6_10 6_13 6_4 6_5 6_7 6_8 7_5 7_6 7_7 7_8 8_8 8_9,0.000000,0.052632,0.052632,0.111111,0.025641,0.025641,0.025641,0.025641,,0.025641
2025-10-31,GLM-Logit,23,0.565217,0.650000,1_10 1_3 2_10 2_9 3_11 3_12 3_13 4_1 4_2 5_1 6_10 7_7 7_9,3_10 3_2 5_12 6_12 7_5 7_6 8_9,2_11 2_13 3_1 3_14 4_11 5_10 6_11 6_5 7_12 7_8,0.538462,0.538462,0.481481,0.538462,0.818182,0.600000,0.739130,0.481481,0.000000,
2025-10-31,HierBayes,23,0.434783,0.500000,1_10 1_3 2_10 3_11 3_12 3_13 3_14 4_2 6_5 7_7,2_3 3_10 3_2 3_3 5_12 5_7 6_12 6_7 7_6 8_9,2_11 2_13 2_9 3_1 4_1 4_11 5_1 5_10 6_10 6_11 7_12 7_8 7_9,,0.333333,0.250000,0.290323,0.666667,0.428571,0.739130,0.481481,0.000000,0.538462
2025-10-31,B1: Static prior,23,0.434783,0.500000,1_10 2_10 2_9 3_11 3_12 3_13 4_1 4_2 5_1 7_9,3_10 3_3 4_3 4_4 5_2 5_3 6_12 6_4 7_5 7_6,1_3 2_11 2_13 3_1 3_14 4_11 5_10 6_10 6_11 6_5 7_12 7_7 7_8,0.333333,,0.666667,0.739130,0.481481,0.739130,0.428571,0.600000,0.025641,0.538462
2025-10-31,TTM,23,0.434783,0.500000,1_10 2_10 2_9 3_11 3_12 3_13 4_1 5_1 6_10 7_9,3_10 3_2 4_3 4_4 5_2 5_3 5_4 5_7 6_4 7_5,1_3 2_11 2_13 3_1 3_14 4_11 4_2 5_10 6_11 6_5 7_12 7_7 7_8,0.250000,0.666667,,0.600000,0.379310,0.538462,0.333333,0.428571,0.025641,0.481481
2025-10-31,ET,23,0.521739,0.600000,1_10 2_10 2_11 2_9 3_11 3_12 3_13 4_1 4_2 5_1 6_10 7_9,3_10 3_3 4_13 4_3 4_4 5_3 7_5 7_6,1_3 2_13 3_1 3_14 4_11 5_10 6_11 6_5 7_12 7_7 7_8,0.290323,0.739130,0.600000,,0.428571,0.600000,0.379310,0.481481,0.025641,0.538462
2025-10-31,B5: B2+B3,23,0.521739,0.600000,1_10 1_3 2_10 2_9 3_11 3_12 3_13 4_1 4_2 5_1 6_5 7_7,2_3 3_10 3_2 5_12 6_12 7_5 7_6 8_9,2_11 2_13 3_1 3_14 4_11 5_10 6_10 6_11 7_12 7_8 7_9,0.666667,0.481481,0.379310,0.428571,,0.538462,0.904762,0.538462,0.000000,0.818182
2025-10-31,B4: B1+B3,23,0.434783,0.500000,1_10 1_3 2_10 2_9 3_12 3_13 4_1 4_2 5_1 7_9,3_10 3_2 3_3 4_3 4_4 5_2 6_12 6_7 7_5 7_6,2_11 2_13 3_1 3_11 3_14 4_11 5_10 6_10 6_11 6_5 7_12 7_7 7_8,0.428571,0.739130,0.538462,0.600000,0.538462,,0.481481,0.818182,0.025641,0.600000
2025-10-31,B2: Recent MA,23,0.521739,0.600000,1_10 1_3 2_10 3_11 3_12 3_13 3_14 4_1 4_2 5_1 6_5 7_7,2_3 3_10 3_2 5_12 6_12 7_5 7_6 8_9,2_11 2_13 2_9 3_1 4_11 5_10 6_10 6_11 7_12 7_8 7_9,0.739130,0.428571,0.333333,0.379310,0.904762,0.481481,,0.481481,0.000000,0.739130
2025-10-31,B3: DoY season,23,0.391304,0.450000,1_10 1_3 2_10 2_9 3_12 3_13 4_1 4_2 5_1,2_2 2_3 3_10 3_2 3_3 4_3 4_4 5_2 6_12 6_7 7_6,2_11 2_13 3_1 3_11 3_14 4_11 5_10 6_10 6_11 6_5 7_12 7_7 7_8 7_9,0.481481,0.600000,0.428571,0.481481,0.538462,0.818182,0.481481,,0.052632,0.481481
2025-10-31,B0: Random,23,0.086957,0.100000,4_11 7_12,0_11 0_12 0_6 0_9 2_2 4_14 4_15 4_4 4_6 5_8 6_1 6_14 6_3 7_15 7_2 8_14 8_4 8_6,1_10 1_3 2_10 2_11 2_13 2_9 3_1 3_11 3_12 3_13 3_14 4_1 4_2 5_1 5_10 6_10 6_11 6_5 7_7 7_8 7_9,0.000000,0.025641,0.025641,0.025641,0.000000,0.025641,0.000000,0.052632,,0.000000
2025-11-01,GLM-Logit,18,0.555556,0.500000,1_3 3_10 3_11 3_13 4_1 4_2 6_10 7_5 7_6 7_7,1_10 2_10 2_9 3_12 3_2 3_3 5_1 5_12 6_12 7_9,4_0 5_10 5_3 5_6 5_7 6_11 7_10 7_8,0.481481,0.600000,0.538462,0.428571,0.739130,0.666667,0.739130,0.600000,0.081081,
2025-11-01,HierBayes,18,0.444444,0.400000,1_3 3_10 3_11 3_13 4_2 5_7 7_7 7_8,1_10 2_10 2_3 3_12 3_14 3_2 3_3 5_12 6_12 6_5 6_7 8_9,4_0 4_1 5_10 5_3 5_6 6_10 6_11 7_10 7_5 7_6,,0.290323,0.250000,0.212121,0.600000,0.379310,0.600000,0.379310,0.142857,0.481481
2025-11-01,B1: Static prior,18,0.444444,0.400000,3_10 3_11 3_13 4_1 4_2 5_3 7_5 7_6,1_10 2_10 2_9 3_12 3_3 4_3 4_4 5_1 5_2 6_12 6_4 7_9,1_3 4_0 5_10 5_6 5_7 6_10 6_11 7_10 7_7 7_8,0.290323,,0.818182,0.481481,0.481481,0.739130,0.428571,0.666667,0.081081,0.600000
2025-11-01,TTM,18,0.444444,0.400000,3_10 3_11 3_13 4_1 4_2 5_3 6_10 7_5,1_10 2_10 2_9 3_12 4_3 4_4 5_1 5_2 6_12 6_4 7_4 7_9,1_3 4_0 5_10 5_6 5_7 6_11 7_10 7_6 7_7 7_8,0.250000,0.818182,,0.428571,0.428571,0.600000,0.481481,0.538462,0.081081,0.538462
2025-11-01,ET,18,0.388889,0.350000,3_10 3_11 3_13 4_1 5_3 6_10 7_6,1_10 2_2 2_3 2_9 3_3 4_13 4_3 5_1 6_12 6_8 7_11 7_9 8_11,1_3 4_0 4_2 5_10 5_6 5_7 6_11 7_10 7_5 7_7 7_8,0.212121,0.481481,0.428571,,0.333333,0.379310,0.290323,0.379310,0.081081,0.428571
2025-11-01,B5: B2+B3,18,0.500000,0.450000,1_3 3_10 3_11 3_13 4_1 4_2 7_5 7_6 7_7,1_10 2_10 2_3 2_9 3_12 3_14 3_2 5_1 5_12 6_12 6_5,4_0 5_10 5_3 5_6 5_7 6_10 6_11 7_10 7_8,0.600000,0.481481,0.428571,0.333333,,0.538462,0.818182,0.481481,0.111111,0.739130
2025-11-01,B4: B1+B3,18,0.388889,0.350000,1_3 3_10 3_13 4_1 4_2 7_5 7_6,1_10 2_10 2_9 3_12 3_2 3_3 4_3 4_4 5_1 5_2 6_12 6_7 7_9,3_11 4_0 5_10 5_3 5_6 5_7 6_10 6_11 7_10 7_7 7_8,0.379310,0.739130,0.600000,0.379310,0.538462,,0.481481,0.904762,0.081081,0.666667
2025-11-01,B2: Recent MA,18,0.555556,0.500000,1_3 3_10 3_11 3_13 4_1 4_2 6_10 7_5 7_7 7_8,1_10 2_10 2_9 3_12 3_14 3_2 5_1 5_12 6_12 6_5,4_0 5_10 5_3 5_6 5_7 6_11 7_10 7_6,0.600000,0.428571,0.481481,0.290323,0.818182,0.481481,,0.428571,0.111111,0.739130
2025-11-01,B3: DoY season,18,0.333333,0.300000,1_3 3_10 3_13 4_1 4_2 7_6,1_10 2_10 2_9 3_12 3_2 3_3 4_11 4_3 4_4 5_1 5_2 6_12 6_7 7_9,3_11 4_0 5_10 5_3 5_6 5_7 6_10 6_11 7_10 7_5 7_7 7_8,0.379310,0.666667,0.538462,0.379310,0.481481,0.904762,0.428571,,0.081081,0.600000
2025-11-01,B0: Random,18,0.166667,0.150000,3_10 4_2 7_8,0_11 0_14 0_3 1_11 1_7 2_10 2_2 2_3 4_6 4_7 4_9 6_0 6_13 7_12 8_12 8_2 8_8,1_3 3_11 3_13 4_0 4_1 5_10 5_3 5_6 5_7 6_10 6_11 7_10 7_5 7_6 7_7,0.142857,0.081081,0.081081,0.081081,0.111111,0.081081,0.111111,0.081081,,0.081081
2025-11-02,GLM-Logit,18,0.555556,0.500000,1_10 1_3 3_12 4_1 5_1 6_10 6_12 7_5 7_6 7_9,2_10 2_9 3_10 3_11 3_13 3_2 3_3 4_2 5_12 7_7,2_1 2_2 3_14 4_4 4_7 5_2 6_6 7_8,0.481481,0.600000,0.428571,0.428571,0.818182,0.600000,0.818182,0.538462,0.052632,
2025-11-02,HierBayes,18,0.333333,0.300000,1_3 3_12 3_14 6_12 7_5 7_6,2_10 2_3 3_10 3_11 3_13 3_2 4_2 5_12 5_7 6_11 6_5 6_7 7_7 8_9,1_10 2_1 2_2 4_1 4_4 4_7 5_1 5_2 6_10 6_6 7_8 7_9,,0.290323,0.176471,0.176471,0.600000,0.333333,0.538462,0.290323,0.052632,0.481481
2025-11-02,B1: Static prior,18,0.555556,0.500000,1_10 3_12 4_1 4_4 5_1 5_2 6_12 7_5 7_6 7_9,2_10 2_9 3_10 3_11 3_13 3_3 4_2 4_3 5_3 6_4,1_3 2_1 2_2 3_14 4_7 6_10 6_6 7_8,0.290323,,0.666667,0.481481,0.481481,0.818182,0.481481,0.666667,0.000000,0.600000
2025-11-02,TTM,18,0.555556,0.500000,1_10 3_12 4_1 4_4 5_1 5_2 6_10 6_12 7_5 7_9,1_11 2_10 2_9 3_10 3_11 4_3 5_10 5_3 6_4 7_4,1_3 2_1 2_2 3_14 4_7 6_6 7_6 7_8,0.176471,0.666667,,0.379310,0.379310,0.538462,0.379310,0.428571,0.000000,0.428571
2025-11-02,ET,18,0.444444,0.400000,1_10 2_2 4_1 5_1 6_10 6_12 7_6 7_9,2_3 2_9 3_10 3_11 3_13 3_3 4_13 4_3 5_3 6_8 7_11 8_11,1_3 2_1 3_12 3_14 4_4 4_7 5_2 6_6 7_5 7_8,0.176471,0.481481,0.379310,,0.379310,0.379310,0.333333,0.379310,0.052632,0.428571
2025-11-02,B5: B2+B3,18,0.500000,0.450000,1_10 1_3 3_12 4_1 5_1 6_10 6_12 7_5 7_6,2_10 2_3 2_9 3_10 3_11 3_13 3_2 4_2 5_12 6_5 7_7,2_1 2_2 3_14 4_4 4_7 5_2 6_6 7_8 7_9,0.600000,0.481481,0.379310,0.379310,,0.481481,0.904762,0.428571,0.052632,0.818182
2025-11-02,B4: B1+B3,18,0.611111,0.550000,1_10 1_3 3_12 4_1 4_4 5_1 5_2 6_12 7_5 7_6 7_9,2_10 2_9 3_10 3_13 3_3 4_2 4_3 6_11 6_4,2_1 2_2 3_14 4_7 6_10 6_6 7_8,0.333333,0.818182,0.538462,0.379310,0.481481,,0.481481,0.818182,0.025641,0.600000
2025-11-02,B2: Recent MA,18,0.555556,0.500000,1_10 1_3 3_12 4_1 5_1 6_10 6_12 7_5 7_6 7_8,2_10 2_9 3_10 3_11 3_13 3_2 4_2 5_12 6_5 7_7,2_1 2_2 3_14 4_4 4_7 5_2 6_6 7_9,0.538462,0.481481,0.379310,0.333333,0.904762,0.481481,,0.428571,0.052632,0.818182
2025-11-02,B3: DoY season,18,0.555556,0.500000,1_10 1_3 3_12 4_1 4_4 5_1 5_2 6_12 7_6 7_9,2_10 2_12 2_9 3_10 3_13 3_3 4_11 4_2 4_3 6_11,2_1 2_2 3_14 4_7 6_10 6_6 7_5 7_8,0.290323,0.666667,0.428571,0.379310,0.428571,0.818182,0.428571,,0.025641,0.538462
2025-11-02,B0: Random,18,0.111111,0.100000,1_3 6_6,0_15 0_2 0_9 2_14 3_2 3_6 3_8 3_9 4_0 4_12 5_11 5_13 5_5 6_8 7_13 8_11 8_2 8_6,1_10 2_1 2_2 3_12 3_14 4_1 4_4 4_7 5_1 5_2 6_10 6_12 7_5 7_6 7_8 7_9,0.052632,0.000000,0.000000,0.052632,0.052632,0.025641,0.052632,0.025641,,0.052632
2025-11-03,GLM-Logit,18,0.611111,0.550000,1_10 3_10 3_12 3_13 4_1 5_1 6_10 7_5 7_6 7_7 7_9,1_3 2_10 2_9 3_11 3_2 4_2 5_7 6_12 7_8,2_11 2_14 3_14 3_3 5_0 6_5 6_7,0.538462,0.538462,0.428571,0.379310,0.739130,0.538462,0.739130,0.428571,0.142857,
2025-11-03,HierBayes,18,0.500000,0.450000,3_10 3_12 3_13 3_14 6_5 6_7 7_5 7_6 7_7,1_3 2_10 2_3 3_11 3_2 4_2 5_12 5_7 6_12 7_8 8_9,1_10 2_11 2_14 3_3 4_1 5_0 5_1 6_10 7_9,,0.290323,0.212121,0.176471,0.666667,0.290323,0.739130,0.250000,0.142857,0.538462
2025-11-03,B1: Static prior,18,0.555556,0.500000,1_10 3_10 3_12 3_13 3_3 4_1 5_1 7_5 7_6 7_9,2_10 2_9 3_11 4_2 4_3 4_4 5_2 5_3 6_12 6_4,2_11 2_14 3_14 5_0 6_10 6_5 6_7 7_7,0.290323,,0.600000,0.481481,0.481481,0.904762,0.428571,0.600000,0.081081,0.538462
2025-11-03,TTM,18,0.555556,0.500000,1_10 3_12 3_13 3_3 4_1 5_1 6_10 7_5 7_6 7_9,1_11 2_10 3_2 4_3 4_4 5_2 5_3 5_4 5_7 6_4,2_11 2_14 3_10 3_14 5_0 6_5 6_7 7_7,0.212121,0.600000,,0.333333,0.333333,0.600000,0.333333,0.428571,0.081081,0.428571
2025-11-03,ET,18,0.500000,0.450000,1_10 3_10 3_13 3_3 4_1 5_1 6_10 7_6 7_9,2_2 2_3 2_9 3_11 4_13 4_3 5_3 6_12 6_8 7_11 8_11,2_11 2_14 3_12 3_14 5_0 6_5 6_7 7_5 7_7,0.176471,0.481481,0.333333,,0.333333,0.428571,0.250000,0.379310,0.025641,0.379310
2025-11-03,B5: B2+B3,18,0.666667,0.600000,1_10 3_10 3_12 3_13 3_14 4_1 5_1 6_5 7_5 7_6 7_7 7_9,1_3 2_10 2_3 3_11 3_2 4_2 6_12 7_8,2_11 2_14 3_3 5_0 6_10 6_7,0.666667,0.481481,0.333333,0.333333,,0.481481,0.818182,0.379310,0.142857,0.739130
2025-11-03,B4: B1+B3,18,0.555556,0.500000,1_10 3_10 3_12 3_13 3_3 4_1 5_1 7_5 7_6 7_9,1_3 2_10 2_9 4_2 4_3 4_4 5_2 5_3 6_12 6_4,2_11 2_14 3_14 5_0 6_10 6_5 6_7 7_7,0.290323,0.904762,0.600000,0.428571,0.481481,,0.428571,0.666667,0.081081,0.538462
2025-11-03,B2: Recent MA,18,0.611111,0.550000,1_10 3_10 3_12 3_13 3_14 4_1 5_1 6_5 7_5 7_6 7_7,1_3 2_10 3_11 3_2 4_2 5_12 5_7 6_12 7_8,2_11 2_14 3_3 5_0 6_10 6_7 7_9,0.739130,0.428571,0.333333,0.250000,0.818182,0.428571,,0.333333,0.142857,0.739130
2025-11-03,B3: DoY season,18,0.444444,0.400000,1_10 3_12 3_13 3_3 4_1 5_1 7_6 7_9,1_3 2_10 2_12 2_2 2_9 4_2 4_3 4_4 5_2 6_11 6_12 8_9,2_11 2_14 3_10 3_14 5_0 6_10 6_5 6_7 7_5 7_7,0.250000,0.600000,0.428571,0.379310,0.379310,0.666667,0.333333,,0.052632,0.428571
2025-11-03,B0: Random,18,0.166667,0.150000,3_10 3_12 7_7,0_10 0_12 0_14 0_15 0_6 1_2 2_10 2_8 3_2 4_0 4_10 4_15 5_8 5_9 6_0 7_0 8_6,1_10 2_11 2_14 3_13 3_14 3_3 4_1 5_0 5_1 6_10 6_5 6_7 7_5 7_6 7_9,0.142857,0.081081,0.081081,0.025641,0.142857,0.081081,0.142857,0.052632,,0.142857
2025-11-04,GLM-Logit,23,0.478261,0.550000,2_10 3_10 3_11 3_12 3_13 4_1 4_2 7_5 7_6 7_7 7_9,1_10 1_3 2_9 3_2 3_3 5_1 6_10 6_12 6_5,1_11 2_1 2_11 2_12 2_2 4_5 5_10 5_12 6_11 6_4 7_12 8_10,0.481481,0.600000,0.428571,0.428571,0.818182,0.538462,0.739130,0.481481,0.025641,
2025-11-04,HierBayes,23,0.434783,0.500000,2_10 3_10 3_11 3_12 3_13 4_2 5_12 7_5 7_6 7_7,1_3 2_3 3_14 3_2 5_7 6_12 6_5 6_7 7_8 8_9,1_11 2_1 2_11 2_12 2_2 4_1 4_5 5_10 6_11 6_4 7_12 7_9 8_10,,0.290323,0.176471,0.176471,0.600000,0.250000,0.666667,0.290323,0.052632,0.481481
2025-11-04,B1: Static prior,23,0.478261,0.550000,2_10 3_10 3_11 3_12 3_13 4_1 4_2 6_4 7_5 7_6 7_9,1_10 2_9 3_3 4_3 4_4 5_1 5_2 5_3 6_12,1_11 2_1 2_11 2_12 2_2 4_5 5_10 5_12 6_11 7_12 7_7 8_10,0.290323,,0.666667,0.481481,0.481481,0.904762,0.428571,0.538462,0.025641,0.600000
2025-11-04,TTM,23,0.391304,0.450000,1_11 2_10 3_10 3_12 3_13 4_1 6_4 7_5 7_9,1_10 2_9 3_3 4_3 4_4 5_1 5_2 5_3 5_7 6_10 7_4,2_1 2_11 2_12 2_2 3_11 4_2 4_5 5_10 5_12 6_11 7_12 7_6 7_7 8_10,0.176471,0.666667,,0.379310,0.333333,0.666667,0.290323,0.379310,0.000000,0.428571
2025-11-04,ET,23,0.304348,0.350000,2_2 3_10 3_11 3_13 4_1 7_6 7_9,1_10 2_3 2_9 3_3 4_13 4_3 5_1 5_3 6_10 6_12 6_8 7_11 8_11,1_11 2_1 2_10 2_11 2_12 3_12 4_2 4_5 5_10 5_12 6_11 6_4 7_12 7_5 7_7 8_10,0.176471,0.481481,0.379310,,0.333333,0.428571,0.333333,0.290323,0.025641,0.428571
2025-11-04,B5: B2+B3,23,0.478261,0.550000,2_10 3_10 3_11 3_12 3_13 4_1 4_2 7_5 7_6 7_7 7_9,1_10 1_3 3_14 3_2 5_1 6_10 6_12 6_5 7_8,1_11 2_1 2_11 2_12 2_2 4_5 5_10 5_12 6_11 6_4 7_12 8_10,0.600000,0.481481,0.333333,0.333333,,0.428571,0.904762,0.428571,0.052632,0.818182
2025-11-04,B4: B1+B3,23,0.478261,0.550000,2_10 3_10 3_12 3_13 4_1 4_2 6_11 6_4 7_5 7_6 7_9,1_10 2_9 3_3 4_3 4_4 5_1 5_2 5_3 6_12,1_11 2_1 2_11 2_12 2_2 3_11 4_5 5_10 5_12 7_12 7_7 8_10,0.250000,0.904762,0.666667,0.428571,0.428571,,0.379310,0.600000,0.052632,0.538462
2025-11-04,B2: Recent MA,23,0.434783,0.500000,2_10 3_10 3_11 3_12 3_13 4_1 4_2 7_5 7_6 7_7,1_10 1_3 2_3 3_14 3_2 5_1 6_10 6_12 6_5 7_8,1_11 2_1 2_11 2_12 2_2 4_5 5_10 5_12 6_11 6_4 7_12 7_9 8_10,0.666667,0.428571,0.290323,0.333333,0.904762,0.379310,,0.379310,0.052632,0.739130
2025-11-04,B3: DoY season,23,0.434783,0.500000,2_10 2_12 3_12 3_13 4_1 4_2 6_11 7_6 7_7 7_9,0_8 1_10 3_2 3_3 4_3 4_4 5_1 5_2 6_12 8_9,1_11 2_1 2_11 2_2 3_10 3_11 4_5 5_10 5_12 6_4 7_12 7_5 8_10,0.290323,0.538462,0.379310,0.290323,0.428571,0.600000,0.379310,,0.052632,0.481481
2025-11-04,B0: Random,23,0.130435,0.150000,2_11 4_2 6_11,0_1 0_12 0_7 1_14 2_13 2_6 3_5 4_10 4_11 4_13 4_15 5_15 7_10 7_13 7_2 7_3 7_8,1_11 2_1 2_10 2_12 2_2 3_10 3_11 3_12 3_13 4_1 4_5 5_10 5_12 6_4 7_12 7_5 7_6 7_7 7_9 8_10,0.052632,0.025641,0.000000,0.025641,0.052632,0.052632,0.052632,0.052632,,0.025641
2025-11-05,GLM-Logit,26,0.576923,0.750000,2_10 2_9 3_10 3_12 3_2 3_3 4_1 4_2 5_1 6_10 6_12 6_4 7_6 7_7 7_9,1_10 1_3 3_11 3_13 7_5,1_11 2_2 4_4 5_3 5_7 6_11 6_7 6_9 7_4 8_10 8_7,0.428571,0.666667,0.481481,0.428571,0.739130,0.600000,0.739130,0.481481,0.052632,
2025-11-05,HierBayes,26,0.423077,0.550000,2_10 3_10 3_12 3_2 4_2 5_7 6_11 6_12 6_7 7_6 7_7,1_3 2_3 3_11 3_13 3_14 5_12 6_5 7_5 7_8,1_11 2_2 2_9 3_3 4_1 4_4 5_1 5_3 6_10 6_4 6_9 7_4 7_9 8_10 8_7,,0.290323,0.290323,0.176471,0.600000,0.250000,0.600000,0.212121,0.052632,0.428571
2025-11-05,B1: Static prior,26,0.538462,0.700000,2_10 2_9 3_10 3_12 3_3 4_1 4_2 4_4 5_1 5_3 6_12 6_4 7_6 7_9,1_10 3_11 3_13 4_3 5_2 7_5,1_11 2_2 3_2 5_7 6_10 6_11 6_7 6_9 7_4 7_7 8_10 8_7,0.290323,,0.600000,0.481481,0.481481,0.904762,0.481481,0.600000,0.081081,0.666667
2025-11-05,TTM,26,0.576923,0.750000,2_10 3_10 3_12 3_2 4_1 4_4 5_1 5_3 5_7 6_10 6_11 6_12 6_4 7_4 7_9,1_10 3_13 4_3 5_2 7_5,1_11 2_2 2_9 3_3 4_2 6_7 6_9 7_6 7_7 8_10 8_7,0.290323,0.600000,,0.333333,0.428571,0.600000,0.428571,0.379310,0.052632,0.481481
2025-11-05,ET,26,0.423077,0.550000,2_2 2_9 3_10 3_3 4_1 5_1 5_3 6_10 6_12 7_6 7_9,1_10 2_3 3_11 3_13 4_13 4_3 6_8 7_11 8_11,1_11 2_10 3_12 3_2 4_2 4_4 5_7 6_11 6_4 6_7 6_9 7_4 7_7 8_10 8_7,0.176471,0.481481,0.333333,,0.379310,0.428571,0.379310,0.379310,0.081081,0.428571
2025-11-05,B5: B2+B3,26,0.461538,0.600000,2_10 3_10 3_12 3_2 4_1 4_2 5_1 6_10 6_12 7_6 7_7 7_9,1_10 1_3 2_3 3_11 3_13 6_5 7_5 7_8,1_11 2_2 2_9 3_3 4_4 5_3 5_7 6_11 6_4 6_7 6_9 7_4 8_10 8_7,0.600000,0.481481,0.428571,0.379310,,0.428571,1.000000,0.379310,0.081081,0.739130
2025-11-05,B4: B1+B3,26,0.538462,0.700000,2_10 2_9 3_10 3_12 3_3 4_1 4_2 4_4 5_1 5_3 6_12 6_4 7_6 7_9,1_10 2_12 3_13 4_3 5_2 7_5,1_11 2_2 3_2 5_7 6_10 6_11 6_7 6_9 7_4 7_7 8_10 8_7,0.250000,0.904762,0.600000,0.428571,0.428571,,0.428571,0.666667,0.081081,0.600000
2025-11-05,B2: Recent MA,26,0.461538,0.600000,2_10 3_10 3_12 3_2 4_1 4_2 5_1 6_10 6_12 7_6 7_7 7_9,1_10 1_3 2_3 3_11 3_13 6_5 7_5 7_8,1_11 2_2 2_9 3_3 4_4 5_3 5_7 6_11 6_4 6_7 6_9 7_4 8_10 8_7,0.600000,0.481481,0.428571,0.379310,1.000000,0.428571,,0.379310,0.081081,0.739130
2025-11-05,B3: DoY season,26,0.500000,0.650000,2_10 2_2 2_9 3_12 3_3 4_1 4_2 4_4 5_1 6_12 7_6 7_7 7_9,0_8 1_10 2_12 3_13 4_3 5_2 8_9,1_11 3_10 3_2 5_3 5_7 6_10 6_11 6_4 6_7 6_9 7_4 8_10 8_7,0.212121,0.600000,0.379310,0.379310,0.379310,0.666667,0.379310,,0.081081,0.481481
2025-11-05,B0: Random,26,0.192308,0.250000,2_9 4_1 4_4 8_10 8_7,0_0 0_4 1_7 2_14 2_3 3_1 5_0 6_13 7_1 7_15 7_8 8_1 8_2 8_3 8_4,1_11 2_10 2_2 3_10 3_12 3_2 3_3 4_2 5_1 5_3 5_7 6_10 6_11 6_12 6_4 6_7 6_9 7_4 7_6 7_7 7_9,0.052632,0.081081,0.052632,0.081081,0.081081,0.081081,0.081081,0.081081,,0.052632
2025-11-06,GLM-Logit,28,0.500000,0.700000,1_10 2_10 2_9 3_10 3_13 3_3 4_2 5_1 6_10 6_12 6_4 7_6 7_7 7_9,1_3 3_11 3_12 3_2 4_1 7_5,2_11 4_3 4_7 5_11 5_2 5_3 5_5 5_6 5_7 6_11 6_3 6_5 7_12 8_9,0.481481,0.666667,0.481481,0.428571,0.739130,0.600000,0.739130,0.481481,0.025641,
2025-11-06,HierBayes,28,0.392857,0.550000,2_10 3_10 3_13 3_3 4_2 5_7 6_11 6_12 6_5 7_6 7_7,1_3 2_3 3_11 3_12 3_14 3_2 5_12 6_7 7_5,1_10 2_11 2_9 4_3 4_7 5_1 5_11 5_2 5_3 5_5 5_6 6_10 6_3 6_4 7_12 7_9 8_9,,0.333333,0.212121,0.212121,0.600000,0.290323,0.600000,0.333333,0.052632,0.481481
2025-11-06,B1: Static prior,28,0.535714,0.750000,1_10 2_10 2_9 3_10 3_13 3_3 4_2 4_3 5_1 5_2 5_3 6_12 6_4 7_6 7_9,3_11 3_12 4_1 4_4 7_5,2_11 4_7 5_11 5_5 5_6 5_7 6_10 6_11 6_3 6_5 7_12 7_7 8_9,0.333333,,0.600000,0.481481,0.481481,0.904762,0.481481,0.739130,0.052632,0.666667
2025-11-06,TTM,28,0.428571,0.600000,1_10 2_10 3_10 3_13 4_3 5_1 5_2 5_3 6_10 6_12 6_4 7_9,0_9 3_12 3_2 4_1 4_4 5_10 7_4 7_5,2_11 2_9 3_3 4_2 4_7 5_11 5_5 5_6 5_7 6_11 6_3 6_5 7_12 7_6 7_7 8_9,0.212121,0.600000,,0.333333,0.428571,0.600000,0.428571,0.481481,0.052632,0.481481
2025-11-06,ET,28,0.428571,0.600000,1_10 2_9 3_10 3_13 3_3 4_3 5_1 5_3 6_10 6_12 7_6 7_9,2_2 2_3 3_11 4_1 4_13 6_8 7_11 8_11,2_10 2_11 4_2 4_7 5_11 5_2 5_5 5_6 5_7 6_11 6_3 6_4 6_5 7_12 7_7 8_9,0.212121,0.481481,0.333333,,0.379310,0.428571,0.379310,0.428571,0.052632,0.428571
2025-11-06,B5: B2+B3,28,0.464286,0.650000,1_10 2_10 3_10 3_13 4_2 5_1 6_10 6_11 6_12 6_5 7_6 7_7 7_9,1_3 2_3 3_11 3_12 3_2 4_1 7_5,2_11 2_9 3_3 4_3 4_7 5_11 5_2 5_3 5_5 5_6 5_7 6_3 6_4 7_12 8_9,0.600000,0.481481,0.428571,0.379310,,0.428571,1.000000,0.379310,0.025641,0.739130
2025-11-06,B4: B1+B3,28,0.535714,0.750000,1_10 2_10 2_9 3_10 3_13 3_3 4_2 4_3 5_1 5_2 5_3 6_12 6_4 7_6 7_9,2_12 3_12 4_1 4_4 7_5,2_11 4_7 5_11 5_5 5_6 5_7 6_10 6_11 6_3 6_5 7_12 7_7 8_9,0.290323,0.904762,0.600000,0.428571,0.428571,,0.428571,0.818182,0.052632,0.600000
2025-11-06,B2: Recent MA,28,0.464286,0.650000,1_10 2_10 3_10 3_13 4_2 5_1 6_10 6_11 6_12 6_5 7_6 7_7 7_9,1_3 2_3 3_11 3_12 3_2 4_1 7_5,2_11 2_9 3_3 4_3 4_7 5_11 5_2 5_3 5_5 5_6 5_7 6_3 6_4 7_12 8_9,0.600000,0.481481,0.428571,0.379310,1.000000,0.428571,,0.379310,0.025641,0.739130
2025-11-06,B3: DoY season,28,0.500000,0.700000,2_10 2_9 3_10 3_13 3_3 4_2 4_3 5_1 5_2 5_3 6_12 6_4 7_6 7_9,2_12 2_3 3_12 4_1 4_4 6_7,1_10 2_11 4_7 5_11 5_5 5_6 5_7 6_10 6_11 6_3 6_5 7_12 7_7 8_9,0.333333,0.739130,0.481481,0.428571,0.379310,0.818182,0.379310,,0.081081,0.481481
2025-11-06,B0: Random,28,0.107143,0.150000,2_10 4_3 7_12,0_10 0_15 0_2 1_0 1_4 1_7 1_8 4_8 5_9 6_2 6_7 8_0 8_11 8_14 8_4 8_6 8_7,1_10 2_11 2_9 3_10 3_13 3_3 4_2 4_7 5_1 5_11 5_2 5_3 5_5 5_6 5_7 6_10 6_11 6_12 6_3 6_4 6_5 7_6 7_7 7_9 8_9,0.052632,0.052632,0.052632,0.052632,0.025641,0.052632,0.025641,0.081081,,0.025641
2025-11-07,GLM-Logit,18,0.666667,0.600000,1_10 1_3 2_10 3_11 3_12 3_13 4_1 4_2 5_1 6_10 7_7 7_9,2_9 3_10 3_2 3_3 6_12 6_4 7_5 7_6,2_1 2_12 4_3 6_11 6_7 7_8,0.481481,0.666667,0.538462,0.428571,0.818182,0.481481,0.739130,0.333333,0.081081,
2025-11-07,HierBayes,18,0.500000,0.450000,1_3 2_10 3_11 3_12 3_13 4_2 6_11 6_7 7_7,2_11 3_10 3_14 3_2 3_3 5_12 5_7 6_12 6_5 7_5 7_6,1_10 2_1 2_12 4_1 4_3 5_1 6_10 7_8 7_9,,0.333333,0.250000,0.176471,0.600000,0.250000,0.538462,0.212121,0.081081,0.481481
2025-11-07,B1: Static prior,18,0.555556,0.500000,1_10 2_10 3_11 3_12 3_13 4_1 4_2 4_3 5_1 7_9,2_9 3_10 3_3 4_4 5_2 5_3 6_12 6_4 7_5 7_6,1_3 2_1 2_12 6_10 6_11 6_7 7_7 7_8,0.333333,,0.666667,0.481481,0.538462,0.739130,0.481481,0.538462,0.025641,0.666667
2025-11-07,TTM,18,0.500000,0.450000,1_10 2_10 3_12 3_13 4_1 4_3 5_1 6_10 7_9,3_10 3_2 3_3 4_4 5_2 5_3 5_4 6_12 6_4 7_4 7_5,1_3 2_1 2_12 3_11 4_2 6_11 6_7 7_7 7_8,0.250000,0.666667,,0.379310,0.481481,0.600000,0.428571,0.481481,0.025641,0.538462
2025-11-07,ET,18,0.444444,0.400000,1_10 3_11 3_13 4_1 4_3 5_1 6_10 7_9,2_2 2_3 2_9 3_10 3_3 4_13 5_3 6_12 6_8 7_11 7_6 8_11,1_3 2_1 2_10 2_12 3_12 4_2 6_11 6_7 7_7 7_8,0.176471,0.481481,0.379310,,0.379310,0.379310,0.333333,0.428571,0.025641,0.428571
2025-11-07,B5: B2+B3,18,0.722222,0.650000,1_10 1_3 2_10 3_11 3_12 3_13 4_1 4_2 5_1 6_10 6_11 7_7 7_9,3_10 3_2 3_3 6_12 6_5 7_5 7_6,2_1 2_12 4_3 6_7 7_8,0.600000,0.538462,0.481481,0.379310,,0.379310,0.904762,0.333333,0.081081,0.818182
2025-11-07,B4: B1+B3,18,0.555556,0.500000,1_10 2_10 2_12 3_12 3_13 4_1 4_3 5_1 6_7 7_9,2_9 3_3 4_4 5_2 5_3 6_12 6_4 7_5 7_6 8_9,1_3 2_1 3_11 4_2 6_10 6_11 7_7 7_8,0.250000,0.739130,0.600000,0.379310,0.379310,,0.333333,0.739130,0.025641,0.481481
2025-11-07,B2: Recent MA,18,0.777778,0.700000,1_10 1_3 2_10 3_11 3_12 3_13 4_1 4_2 5_1 6_10 6_11 7_7 7_8 7_9,3_10 3_2 6_12 6_5 7_5 7_6,2_1 2_12 4_3 6_7,0.538462,0.481481,0.428571,0.333333,0.904762,0.333333,,0.290323,0.081081,0.739130
2025-11-07,B3: DoY season,18,0.555556,0.500000,1_10 2_10 2_12 3_12 3_13 4_1 4_3 5_1 6_7 7_9,2_2 2_3 3_3 4_11 4_4 5_2 5_3 6_12 7_6 8_9,1_3 2_1 3_11 4_2 6_10 6_11 7_7 7_8,0.212121,0.538462,0.481481,0.428571,0.333333,0.739130,0.290323,,0.025641,0.333333
2025-11-07,B0: Random,18,0.222222,0.200000,1_3 2_1 2_10 7_7,0_0 1_11 1_2 1_7 2_6 2_7 4_7 4_9 5_10 6_8 6_9 7_10 7_12 7_3 8_1 8_7,1_10 2_12 3_11 3_12 3_13 4_1 4_2 4_3 5_1 6_10 6_11 6_7 7_8 7_9,0.081081,0.025641,0.025641,0.025641,0.081081,0.025641,0.081081,0.025641,,0.081081
2025-11-08,GLM-Logit,17,0.705882,0.600000,1_10 1_3 3_10 3_11 3_13 4_1 4_2 5_1 6_11 7_5 7_7 7_9,2_10 2_9 3_12 3_2 6_10 6_12 6_4 7_6,0_10 3_3 4_3 5_3 8_6,0.600000,0.600000,0.538462,0.379310,0.818182,0.428571,0.818182,0.290323,0.052632,
2025-11-08,HierBayes,17,0.588235,0.500000,1_10 1_3 3_10 3_11 3_13 3_3 4_1 4_2 6_11 7_7,2_10 2_11 3_12 3_2 5_7 6_10 6_12 6_5 6_7 7_6,0_10 4_3 5_1 5_3 7_5 7_9 8_6,,0.379310,0.333333,0.290323,0.739130,0.290323,0.666667,0.290323,0.052632,0.600000
2025-11-08,B1: Static prior,17,0.705882,0.600000,1_10 3_10 3_11 3_13 3_3 4_1 4_2 4_3 5_1 5_3 7_5 7_9,2_10 2_9 3_12 4_4 5_2 6_12 6_4 7_6,0_10 1_3 6_11 7_7 8_6,0.379310,,0.818182,0.481481,0.481481,0.739130,0.481481,0.481481,0.081081,0.600000
2025-11-08,TTM,17,0.647059,0.550000,1_10 3_10 3_13 3_3 4_1 4_2 4_3 5_1 5_3 7_5 7_9,2_10 2_9 3_12 4_4 5_12 5_2 6_10 6_4 7_6,0_10 1_3 3_11 6_11 7_7 8_6,0.333333,0.818182,,0.428571,0.428571,0.666667,0.428571,0.428571,0.081081,0.538462
2025-11-08,ET,17,0.588235,0.500000,1_10 3_10 3_11 3_13 3_3 4_1 4_3 5_1 5_3 7_9,2_2 2_3 2_9 4_13 6_10 6_12 6_8 7_11 7_6 8_11,0_10 1_3 4_2 6_11 7_5 7_7 8_6,0.290323,0.481481,0.428571,,0.333333,0.379310,0.333333,0.333333,0.081081,0.379310
2025-11-08,B5: B2+B3,17,0.705882,0.600000,1_10 1_3 3_10 3_11 3_13 4_1 4_2 5_1 6_11 7_5 7_7 7_9,2_10 3_12 3_2 6_10 6_12 6_5 6_7 7_6,0_10 3_3 4_3 5_3 8_6,0.739130,0.481481,0.428571,0.333333,,0.379310,0.904762,0.333333,0.052632,0.818182
2025-11-08,B4: B1+B3,17,0.529412,0.450000,1_10 3_13 3_3 4_1 4_3 5_1 5_3 7_5 7_9,0_9 2_10 2_9 3_12 4_4 5_2 6_12 6_4 6_7 7_6 8_9,0_10 1_3 3_10 3_11 4_2 6_11 7_7 8_6,0.290323,0.739130,0.666667,0.379310,0.379310,,0.333333,0.666667,0.081081,0.428571
2025-11-08,B2: Recent MA,17,0.705882,0.600000,1_10 1_3 3_10 3_11 3_13 4_1 4_2 5_1 6_11 7_5 7_7 7_9,2_10 3_12 3_2 6_10 6_12 6_5 7_6 7_8,0_10 3_3 4_3 5_3 8_6,0.666667,0.481481,0.428571,0.333333,0.904762,0.333333,,0.290323,0.052632,0.818182
2025-11-08,B3: DoY season,17,0.529412,0.450000,1_10 3_13 3_3 4_1 4_3 5_1 5_3 6_11 7_9,0_9 2_12 3_12 4_11 4_4 5_10 5_2 6_12 6_7 7_6 8_9,0_10 1_3 3_10 3_11 4_2 7_5 7_7 8_6,0.290323,0.481481,0.428571,0.333333,0.333333,0.666667,0.290323,,0.111111,0.290323
2025-11-08,B0: Random,17,0.000000,0.000000,,0_0 0_15 0_6 1_0 1_13 2_2 3_12 3_7 4_12 4_13 4_7 5_10 5_2 5_9 6_15 6_9 7_6 8_13 8_2 8_3,0_10 1_10 1_3 3_10 3_11 3_13 3_3 4_1 4_2 4_3 5_1 5_3 6_11 7_5 7_7 7_9 8_6,0.052632,0.081081,0.081081,0.081081,0.052632,0.081081,0.052632,0.111111,,0.052632
2025-11-09,GLM-Logit,16,0.625000,0.500000,3_10 3_11 3_13 4_1 4_2 5_1 6_10 6_12 7_5 7_6,1_10 1_3 2_10 2_9 3_12 3_2 6_11 6_4 7_7 7_9,2_11 2_13 4_4 5_2 7_12 8_10,0.666667,0.600000,0.538462,0.379310,0.904762,0.428571,0.818182,0.333333,0.142857,
2025-11-09,HierBayes,16,0.562500,0.450000,3_10 3_11 3_13 4_1 4_2 6_10 6_12 7_5 7_6,1_10 1_3 2_10 3_12 3_2 3_3 5_7 6_11 6_5 6_7 7_7,2_11 2_13 4_4 5_1 5_2 7_12 8_10,,0.428571,0.428571,0.290323,0.739130,0.333333,0.818182,0.290323,0.142857,0.666667
2025-11-09,B1: Static prior,16,0.687500,0.550000,3_10 3_11 3_13 4_1 4_2 4_4 5_1 5_2 6_12 7_5 7_6,1_10 2_10 2_9 3_12 3_3 4_3 5_3 6_4 7_9,2_11 2_13 6_10 7_12 8_10,0.428571,,0.739130,0.481481,0.538462,0.739130,0.481481,0.538462,0.111111,0.600000
2025-11-09,TTM,16,0.500000,0.400000,3_10 3_13 4_1 4_4 5_1 5_2 7_5 7_6,1_10 2_10 2_9 3_12 3_2 3_3 4_3 5_3 5_7 6_11 6_4 7_9,2_11 2_13 3_11 4_2 6_10 6_12 7_12 8_10,0.428571,0.739130,,0.379310,0.481481,0.666667,0.481481,0.538462,0.142857,0.538462
2025-11-09,ET,16,0.500000,0.400000,3_10 3_11 3_13 4_1 5_1 6_10 6_12 7_6,1_10 2_2 2_3 2_9 3_3 4_13 4_3 5_3 6_8 7_11 7_9 8_11,2_11 2_13 4_2 4_4 5_2 7_12 7_5 8_10,0.290323,0.481481,0.379310,,0.379310,0.379310,0.333333,0.379310,0.111111,0.379310
2025-11-09,B5: B2+B3,16,0.625000,0.500000,3_10 3_11 3_13 4_1 4_2 5_1 6_10 6_12 7_5 7_6,1_10 1_3 2_10 2_9 3_12 3_2 6_11 6_5 7_7 7_9,2_11 2_13 4_4 5_2 7_12 8_10,0.739130,0.538462,0.481481,0.379310,,0.379310,0.904762,0.333333,0.142857,0.904762
2025-11-09,B4: B1+B3,16,0.500000,0.400000,3_13 4_1 4_4 5_1 5_2 6_12 7_5 7_6,0_9 1_10 2_10 2_9 3_12 3_3 4_3 5_3 6_4 6_7 7_9 8_9,2_11 2_13 3_10 3_11 4_2 6_10 7_12 8_10,0.333333,0.739130,0.666667,0.379310,0.379310,,0.333333,0.739130,0.111111,0.428571
2025-11-09,B2: Recent MA,16,0.625000,0.500000,3_10 3_11 3_13 4_1 4_2 5_1 6_10 6_12 7_5 7_6,1_10 1_3 2_10 3_12 3_2 5_7 6_11 6_5 7_7 7_9,2_11 2_13 4_4 5_2 7_12 8_10,0.818182,0.481481,0.481481,0.333333,0.904762,0.333333,,0.290323,0.142857,0.818182
2025-11-09,B3: DoY season,16,0.437500,0.350000,3_13 4_1 4_4 5_1 5_2 6_12 7_6,0_9 1_10 2_9 3_12 3_3 4_11 4_3 5_10 5_3 6_11 6_7 7_9 8_9,2_11 2_13 3_10 3_11 4_2 6_10 7_12 7_5 8_10,0.290323,0.538462,0.538462,0.379310,0.333333,0.739130,0.290323,,0.081081,0.333333
2025-11-09,B0: Random,16,0.250000,0.200000,3_10 6_10 7_12 7_6,1_12 1_13 1_4 2_1 2_10 2_15 2_9 4_12 4_9 5_7 6_9 8_13 8_15 8_3 8_6 8_9,2_11 2_13 3_11 3_13 4_1 4_2 4_4 5_1 5_2 6_12 7_5 8_10,0.142857,0.111111,0.142857,0.111111,0.142857,0.111111,0.142857,0.081081,,0.142857
2025-11-10,GLM-Logit,12,0.583333,0.350000,3_11 3_13 3_2 6_10 6_11 7_5 7_6,1_10 1_3 2_10 2_9 3_10 3_12 4_1 4_2 5_1 6_12 6_4 7_7 7_9,2_1 2_12 3_14 5_10 7_8,0.666667,0.600000,0.428571,0.379310,0.904762,0.428571,0.818182,0.379310,0.142857,
2025-11-10,HierBayes,12,0.666667,0.400000,3_11 3_13 3_14 3_2 6_10 6_11 7_5 7_6,1_10 1_3 2_10 3_10 3_12 3_3 4_1 4_2 5_7 6_12 6_5 7_7,2_1 2_12 5_10 7_8,,0.428571,0.333333,0.290323,0.739130,0.290323,0.818182,0.290323,0.111111,0.666667
2025-11-10,B1: Static prior,12,0.333333,0.200000,3_11 3_13 7_5 7_6,1_10 2_10 2_9 3_10 3_12 3_3 4_1 4_2 4_3 4_4 5_1 5_2 5_3 6_12 6_4 7_9,2_1 2_12 3_14 3_2 5_10 6_10 6_11 7_8,0.428571,,0.666667,0.481481,0.538462,0.739130,0.481481,0.538462,0.111111,0.600000
2025-11-10,TTM,12,0.416667,0.250000,3_13 5_10 6_10 7_5 7_6,1_10 2_10 2_9 3_12 3_3 4_1 4_3 4_4 5_1 5_2 5_3 5_4 5_7 6_4 7_9,2_1 2_12 3_11 3_14 3_2 6_11 7_8,0.333333,0.666667,,0.379310,0.379310,0.600000,0.379310,0.481481,0.052632,0.428571
2025-11-10,ET,12,0.333333,0.200000,3_11 3_13 6_10 7_6,1_10 2_2 2_3 2_9 3_10 3_3 4_1 4_13 4_3 5_1 5_3 6_12 6_8 7_11 7_9 8_11,2_1 2_12 3_14 3_2 5_10 6_11 7_5 7_8,0.290323,0.481481,0.379310,,0.379310,0.428571,0.333333,0.428571,0.081081,0.379310
2025-11-10,B5: B2+B3,12,0.583333,0.350000,3_11 3_13 3_2 6_10 6_11 7_5 7_6,1_10 1_3 2_10 2_9 3_10 3_12 4_1 4_2 5_1 6_12 6_5 7_7 7_9,2_1 2_12 3_14 5_10 7_8,0.739130,0.538462,0.379310,0.379310,,0.379310,0.904762,0.379310,0.142857,0.904762
2025-11-10,B4: B1+B3,12,0.250000,0.150000,3_13 7_5 7_6,0_9 1_10 2_9 3_10 3_12 3_3 4_1 4_3 4_4 5_1 5_2 5_3 6_12 6_4 6_7 7_9 8_9,2_1 2_12 3_11 3_14 3_2 5_10 6_10 6_11 7_8,0.290323,0.739130,0.600000,0.428571,0.379310,,0.333333,0.739130,0.081081,0.428571
2025-11-10,B2: Recent MA,12,0.583333,0.350000,3_11 3_13 3_2 6_10 6_11 7_5 7_6,1_10 1_3 2_10 3_10 3_12 4_1 4_2 5_1 5_7 6_12 6_5 7_7 7_9,2_1 2_12 3_14 5_10 7_8,0.818182,0.481481,0.379310,0.333333,0.904762,0.333333,,0.333333,0.142857,0.818182
2025-11-10,B3: DoY season,12,0.416667,0.250000,3_13 5_10 6_11 7_5 7_6,0_9 1_10 2_9 3_10 3_3 4_1 4_11 4_3 4_4 5_1 5_3 6_12 6_7 7_9 8_9,2_1 2_12 3_11 3_14 3_2 6_10 7_8,0.290323,0.538462,0.481481,0.428571,0.379310,0.739130,0.333333,,0.081081,0.379310
2025-11-10,B0: Random,12,0.000000,0.000000,,1_0 1_10 1_13 1_2 1_5 2_15 2_4 3_1 3_15 3_8 4_12 4_2 4_5 5_1 5_5 6_0 6_12 7_14 7_15 7_7,2_1 2_12 3_11 3_13 3_14 3_2 5_10 6_10 6_11 7_5 7_6 7_8,0.111111,0.111111,0.052632,0.081081,0.142857,0.081081,0.142857,0.081081,,0.142857
2025-11-11,GLM-Logit,16,0.812500,0.650000,1_10 1_3 2_10 3_10 3_11 3_13 4_1 4_2 5_1 6_10 7_5 7_7 7_9,2_9 3_12 3_2 6_11 6_12 6_4 7_6,2_2 3_3 5_10,0.600000,0.600000,0.481481,0.379310,0.818182,0.428571,0.818182,0.379310,0.052632,
2025-11-11,HierBayes,16,0.687500,0.550000,1_3 2_10 3_10 3_11 3_13 3_3 4_1 4_2 6_10 7_5 7_7,2_12 3_12 3_14 3_2 5_7 6_11 6_12 7_6 7_8,1_10 2_2 5_1 5_10 7_9,,0.379310,0.333333,0.250000,0.666667,0.250000,0.666667,0.250000,0.052632,0.600000
2025-11-11,B1: Static prior,16,0.687500,0.550000,1_10 2_10 3_10 3_11 3_13 3_3 4_1 4_2 5_1 7_5 7_9,2_9 3_12 4_3 4_4 5_2 5_3 6_12 6_4 7_6,1_3 2_2 5_10 6_10 7_7,0.379310,,0.600000,0.481481,0.481481,0.739130,0.481481,0.666667,0.052632,0.600000
2025-11-11,TTM,16,0.687500,0.550000,1_10 1_3 2_10 3_11 3_13 3_3 4_1 5_1 6_10 7_5 7_9,1_11 2_12 2_8 2_9 4_3 4_4 5_2 6_12 6_4,2_2 3_10 4_2 5_10 7_7,0.333333,0.600000,,0.379310,0.379310,0.481481,0.379310,0.428571,0.052632,0.481481
2025-11-11,ET,16,0.625000,0.500000,1_10 2_2 3_10 3_11 3_13 3_3 4_1 5_1 6_10 7_9,2_3 2_9 4_13 4_3 5_3 6_12 6_8 7_11 7_6 8_11,1_3 2_10 4_2 5_10 7_5 7_7,0.250000,0.481481,0.379310,,0.333333,0.428571,0.333333,0.481481,0.052632,0.379310
2025-11-11,B5: B2+B3,16,0.812500,0.650000,1_10 1_3 2_10 3_10 3_11 3_13 4_1 4_2 5_1 6_10 7_5 7_7 7_9,3_12 3_2 6_11 6_12 6_5 7_6 7_8,2_2 3_3 5_10,0.666667,0.481481,0.379310,0.333333,,0.333333,1.000000,0.333333,0.052632,0.818182
2025-11-11,B4: B1+B3,16,0.500000,0.400000,1_10 3_10 3_13 3_3 4_1 5_1 7_5 7_9,0_9 2_9 3_12 4_3 4_4 5_2 5_3 6_12 6_4 6_7 7_6 8_9,1_3 2_10 2_2 3_11 4_2 5_10 6_10 7_7,0.250000,0.739130,0.481481,0.428571,0.333333,,0.333333,0.904762,0.052632,0.428571
2025-11-11,B2: Recent MA,16,0.812500,0.650000,1_10 1_3 2_10 3_10 3_11 3_13 4_1 4_2 5_1 6_10 7_5 7_7 7_9,3_12 3_2 6_11 6_12 6_5 7_6 7_8,2_2 3_3 5_10,0.666667,0.481481,0.379310,0.333333,1.000000,0.333333,,0.333333,0.052632,0.818182
2025-11-11,B3: DoY season,16,0.500000,0.400000,1_10 3_10 3_13 3_3 4_1 5_1 7_5 7_9,0_9 2_9 3_12 4_13 4_3 4_4 5_2 5_3 6_12 6_7 7_6 8_9,1_3 2_10 2_2 3_11 4_2 5_10 6_10 7_7,0.250000,0.666667,0.428571,0.481481,0.333333,0.904762,0.333333,,0.052632,0.379310
2025-11-11,B0: Random,16,0.125000,0.100000,3_10 7_9,0_1 0_12 0_13 0_2 1_11 1_13 1_6 2_1 2_4 2_6 3_15 3_5 4_5 5_12 5_7 6_0 6_1 8_10,1_10 1_3 2_10 2_2 3_11 3_13 3_3 4_1 4_2 5_1 5_10 6_10 7_5 7_7,0.052632,0.052632,0.052632,0.052632,0.052632,0.052632,0.052632,0.052632,,0.052632
2025-11-12,GLM-Logit,16,0.562500,0.450000,3_10 3_11 3_13 4_1 4_2 5_1 6_10 7_5 7_7,1_10 1_3 2_10 2_9 3_12 3_2 6_11 6_12 6_4 7_6 7_9,1_11 2_13 3_14 3_4 4_14 4_3 7_4,0.666667,0.600000,0.428571,0.379310,0.818182,0.428571,0.818182,0.333333,0.000000,
2025-11-12,HierBayes,16,0.562500,0.450000,3_10 3_11 3_13 3_14 4_1 4_2 6_10 7_5 7_7,1_10 1_3 2_10 3_12 3_2 3_3 5_7 6_11 6_12 7_6 7_8,1_11 2_13 3_4 4_14 4_3 5_1 7_4,,0.428571,0.290323,0.290323,0.739130,0.290323,0.739130,0.250000,0.000000,0.666667
2025-11-12,B1: Static prior,16,0.500000,0.400000,3_10 3_11 3_13 4_1 4_2 4_3 5_1 7_5,1_10 2_10 2_9 3_12 3_3 4_4 5_2 5_3 6_12 6_4 7_6 7_9,1_11 2_13 3_14 3_4 4_14 6_10 7_4 7_7,0.428571,,0.600000,0.481481,0.481481,0.739130,0.481481,0.538462,0.000000,0.600000
2025-11-12,TTM,16,0.500000,0.400000,1_11 3_11 3_13 4_1 4_3 5_1 6_10 7_5,1_10 2_9 3_12 3_2 3_3 4_4 5_2 5_3 6_3 6_4 6_7 7_9,2_13 3_10 3_14 3_4 4_14 4_2 7_4 7_7,0.290323,0.600000,,0.379310,0.333333,0.600000,0.333333,0.428571,0.000000,0.428571
2025-11-12,ET,16,0.437500,0.350000,3_10 3_11 3_13 4_1 4_3 5_1 6_10,1_10 2_2 2_3 2_9 3_3 4_13 5_3 6_12 6_8 7_11 7_6 7_9 8_11,1_11 2_13 3_14 3_4 4_14 4_2 7_4 7_5 7_7,0.290323,0.481481,0.379310,,0.333333,0.428571,0.333333,0.538462,0.025641,0.379310
2025-11-12,B5: B2+B3,16,0.562500,0.450000,3_10 3_11 3_13 4_1 4_2 5_1 6_10 7_5 7_7,1_10 1_3 2_10 3_12 3_2 6_11 6_12 6_5 7_6 7_8 7_9,1_11 2_13 3_14 3_4 4_14 4_3 7_4,0.739130,0.481481,0.333333,0.333333,,0.333333,1.000000,0.290323,0.000000,0.818182
2025-11-12,B4: B1+B3,16,0.375000,0.300000,3_10 3_13 4_1 4_3 5_1 7_5,0_9 1_10 2_9 3_12 3_3 4_4 5_2 5_3 6_12 6_4 6_7 7_6 7_9 8_9,1_11 2_13 3_11 3_14 3_4 4_14 4_2 6_10 7_4 7_7,0.290323,0.739130,0.600000,0.428571,0.333333,,0.333333,0.739130,0.025641,0.428571
2025-11-12,B2: Recent MA,16,0.562500,0.450000,3_10 3_11 3_13 4_1 4_2 5_1 6_10 7_5 7_7,1_10 1_3 2_10 3_12 3_2 6_11 6_12 6_5 7_6 7_8 7_9,1_11 2_13 3_14 3_4 4_14 4_3 7_4,0.739130,0.481481,0.333333,0.333333,1.000000,0.333333,,0.290323,0.000000,0.818182
2025-11-12,B3: DoY season,16,0.312500,0.250000,3_10 3_13 4_1 4_3 5_1,0_9 1_10 2_9 3_12 3_3 4_13 5_10 5_2 5_3 6_12 6_7 6_8 7_6 7_9 8_9,1_11 2_13 3_11 3_14 3_4 4_14 4_2 6_10 7_4 7_5 7_7,0.250000,0.538462,0.428571,0.538462,0.290323,0.739130,0.290323,,0.025641,0.333333
2025-11-12,B0: Random,16,0.000000,0.000000,,0_0 0_6 1_12 1_13 1_2 3_0 4_0 4_11 4_12 6_15 6_6 7_1 7_11 7_14 7_15 8_12 8_2 8_6 8_7 8_9,1_11 2_13 3_10 3_11 3_13 3_14 3_4 4_1 4_14 4_2 4_3 5_1 6_10 7_4 7_5 7_7,0.000000,0.000000,0.000000,0.025641,0.000000,0.025641,0.000000,0.025641,,0.000000
2025-11-13,GLM-Logit,13,0.692308,0.450000,3_11 3_12 3_13 3_2 4_1 4_3 5_1 6_10 7_5,1_10 1_3 2_10 2_9 3_10 4_2 6_11 6_4 7_6 7_7 7_9,3_3 5_10 6_12 6_9,0.600000,0.600000,0.481481,0.379310,0.739130,0.481481,0.739130,0.333333,0.052632,
2025-11-13,HierBayes,13,0.692308,0.450000,3_11 3_12 3_13 3_2 3_3 4_1 6_10 6_12 7_5,1_10 1_3 2_10 3_10 3_14 4_2 5_7 6_11 7_6 7_7 7_8,4_3 5_1 5_10 6_9,,0.428571,0.290323,0.290323,0.666667,0.333333,0.739130,0.250000,0.052632,0.600000
2025-11-13,B1: Static prior,13,0.692308,0.450000,3_11 3_12 3_13 3_3 4_1 4_3 5_1 6_12 7_5,1_10 2_10 2_9 3_10 4_2 4_4 5_2 5_3 6_4 7_6 7_9,3_2 5_10 6_10 6_9,0.428571,,0.600000,0.481481,0.538462,0.739130,0.481481,0.481481,0.052632,0.600000
2025-11-13,TTM,13,0.615385,0.400000,3_12 3_13 3_3 4_1 4_3 5_1 6_10 7_5,1_10 2_10 2_9 4_4 4_7 5_2 5_3 6_11 6_4 6_7 7_4 7_9,3_11 3_2 5_10 6_12 6_9,0.290323,0.600000,,0.333333,0.379310,0.600000,0.333333,0.379310,0.052632,0.481481
2025-11-13,ET,13,0.615385,0.400000,3_11 3_13 3_3 4_1 4_3 5_1 6_10 6_12,1_10 2_2 2_3 2_9 3_10 4_13 5_3 6_8 7_11 7_6 7_9 8_11,3_12 3_2 5_10 6_9 7_5,0.290323,0.481481,0.333333,,0.379310,0.428571,0.333333,0.538462,0.025641,0.379310
2025-11-13,B5: B2+B3,13,0.615385,0.400000,3_11 3_12 3_13 4_1 5_1 6_10 6_12 7_5,1_10 1_3 2_10 2_9 3_10 4_2 6_11 6_5 7_6 7_7 7_8 7_9,3_2 3_3 4_3 5_10 6_9,0.666667,0.538462,0.379310,0.379310,,0.428571,0.904762,0.333333,0.052632,0.739130
2025-11-13,B4: B1+B3,13,0.615385,0.400000,3_12 3_13 3_3 4_1 4_3 5_1 6_12 7_5,0_9 1_10 2_10 2_9 3_10 4_4 5_3 6_4 6_7 7_6 7_9 8_9,3_11 3_2 5_10 6_10 6_9,0.333333,0.739130,0.600000,0.428571,0.428571,,0.379310,0.666667,0.052632,0.481481
2025-11-13,B2: Recent MA,13,0.692308,0.450000,3_11 3_12 3_13 3_2 4_1 5_1 6_10 6_12 7_5,1_10 1_3 2_10 3_10 4_2 6_11 6_5 7_6 7_7 7_8 7_9,3_3 4_3 5_10 6_9,0.739130,0.481481,0.333333,0.333333,0.904762,0.379310,,0.290323,0.052632,0.739130
2025-11-13,B3: DoY season,13,0.615385,0.400000,3_12 3_13 3_3 4_1 4_3 5_1 5_10 6_12,0_8 0_9 1_10 2_9 3_10 4_13 5_3 6_7 6_8 7_6 7_9 8_9,3_11 3_2 6_10 6_9 7_5,0.250000,0.481481,0.379310,0.538462,0.333333,0.666667,0.290323,,0.052632,0.333333
2025-11-13,B0: Random,13,0.076923,0.050000,5_10,0_7 1_13 1_14 1_15 1_3 3_4 4_0 4_10 4_12 4_14 4_4 5_13 5_14 5_4 7_10 7_2 7_4 7_6 8_15,3_11 3_12 3_13 3_2 3_3 4_1 4_3 5_1 6_10 6_12 6_9 7_5,0.052632,0.052632,0.052632,0.025641,0.052632,0.052632,0.052632,0.052632,,0.052632
2025-11-14,GLM-Logit,11,0.727273,0.400000,3_12 4_3 5_1 6_10 6_11 7_5 7_6 7_9,1_10 1_3 2_10 2_9 3_10 3_11 3_13 3_2 4_1 4_2 6_12 7_7,4_12 5_10 8_9,0.600000,0.600000,0.481481,0.428571,0.739130,0.538462,0.739130,0.481481,0.052632,
2025-11-14,HierBayes,11,0.545455,0.300000,3_12 5_10 6_10 6_11 7_5 7_6,1_3 2_10 3_10 3_11 3_13 3_14 3_2 3_3 4_1 4_2 5_7 6_12 7_7 7_8,4_12 4_3 5_1 7_9 8_9,,0.379310,0.290323,0.250000,0.600000,0.333333,0.666667,0.333333,0.142857,0.600000
2025-11-14,B1: Static prior,11,0.545455,0.300000,3_12 4_3 5_1 7_5 7_6 7_9,1_10 2_10 2_9 3_10 3_11 3_13 3_3 4_1 4_2 4_4 5_2 5_3 6_12 6_4,4_12 5_10 6_10 6_11 8_9,0.379310,,0.666667,0.481481,0.481481,0.739130,0.428571,0.538462,0.052632,0.600000
2025-11-14,TTM,11,0.727273,0.400000,3_12 4_3 5_1 6_10 6_11 7_5 7_6 7_9,1_10 2_10 2_9 3_13 3_3 4_1 4_4 4_7 5_2 5_3 6_4 7_10,4_12 5_10 8_9,0.290323,0.666667,,0.379310,0.428571,0.666667,0.379310,0.428571,0.025641,0.481481
2025-11-14,ET,11,0.454545,0.250000,4_3 5_1 6_10 7_6 7_9,1_10 2_2 2_3 2_9 3_10 3_11 3_13 3_3 4_1 4_13 5_3 6_12 6_8 7_11 8_11,3_12 4_12 5_10 6_11 7_5 8_9,0.250000,0.481481,0.379310,,0.333333,0.538462,0.290323,0.600000,0.081081,0.428571
2025-11-14,B5: B2+B3,11,0.818182,0.450000,3_12 4_3 5_1 5_10 6_10 6_11 7_5 7_6 7_9,1_10 1_3 2_10 3_10 3_11 3_13 4_1 4_2 6_5 7_7 7_8,4_12 8_9,0.600000,0.481481,0.428571,0.333333,,0.428571,0.904762,0.428571,0.081081,0.739130
2025-11-14,B4: B1+B3,11,0.636364,0.350000,3_12 4_3 5_1 6_10 7_5 7_6 7_9,0_9 1_10 2_10 2_9 3_10 3_13 3_3 4_1 4_13 4_4 5_3 6_12 6_4,4_12 5_10 6_11 8_9,0.333333,0.739130,0.666667,0.538462,0.428571,,0.379310,0.666667,0.052632,0.538462
2025-11-14,B2: Recent MA,11,0.727273,0.400000,3_12 5_1 5_10 6_10 6_11 7_5 7_6 7_9,1_10 1_3 2_10 3_10 3_11 3_13 3_2 4_1 4_2 6_5 7_7 7_8,4_12 4_3 8_9,0.666667,0.428571,0.379310,0.290323,0.904762,0.379310,,0.379310,0.081081,0.739130
2025-11-14,B3: DoY season,11,0.727273,0.400000,3_12 4_3 5_1 5_10 6_10 7_6 7_9 8_9,0_8 0_9 1_10 2_9 3_10 3_11 3_13 3_3 4_1 4_13 5_3 6_12,4_12 6_11 7_5,0.333333,0.538462,0.428571,0.600000,0.428571,0.666667,0.379310,,0.081081,0.481481
2025-11-14,B0: Random,11,0.181818,0.100000,5_10 7_6,0_11 0_12 0_7 1_11 2_5 3_10 3_14 3_9 5_6 5_7 5_9 6_14 6_6 6_8 7_14 8_1 8_4 8_6,3_12 4_12 4_3 5_1 6_10 6_11 7_5 7_9 8_9,0.142857,0.052632,0.025641,0.081081,0.081081,0.052632,0.081081,0.081081,,0.052632
2025-11-15,GLM-Logit,10,0.700000,0.350000,2_10 3_11 3_12 4_1 7_6 7_7 7_9,1_10 1_3 2_9 3_10 3_13 3_2 3_3 4_2 4_3 5_1 6_10 6_11 7_5,3_14 5_2 6_12,0.600000,0.600000,0.428571,0.428571,0.904762,0.538462,0.739130,0.481481,0.052632,
2025-11-15,HierBayes,10,0.800000,0.400000,2_10 3_11 3_12 3_14 4_1 6_12 7_6 7_7,1_3 3_10 3_13 3_2 3_3 4_2 5_10 5_7 6_10 6_11 7_5 7_8,5_2 7_9,,0.379310,0.212121,0.250000,0.600000,0.333333,0.600000,0.333333,0.081081,0.600000
2025-11-15,B1: Static prior,10,0.800000,0.400000,2_10 3_11 3_12 4_1 5_2 6_12 7_6 7_9,1_10 2_9 3_10 3_13 3_3 4_2 4_3 4_4 5_1 5_3 6_4 7_5,3_14 7_7,0.379310,,0.600000,0.481481,0.600000,0.739130,0.481481,0.538462,0.081081,0.600000
2025-11-15,TTM,10,0.500000,0.250000,2_10 3_12 4_1 5_2 7_9,0_9 1_10 2_9 3_10 3_13 4_3 4_4 4_7 5_1 5_3 6_10 6_4 6_7 7_4 7_5,3_11 3_14 6_12 7_6 7_7,0.212121,0.600000,,0.333333,0.428571,0.666667,0.379310,0.428571,0.111111,0.428571
2025-11-15,ET,10,0.500000,0.250000,3_11 4_1 6_12 7_6 7_9,1_10 2_2 2_3 2_9 3_10 3_13 3_3 4_13 4_3 5_1 5_3 6_10 6_8 7_11 8_11,2_10 3_12 3_14 5_2 7_7,0.250000,0.481481,0.333333,,0.428571,0.538462,0.333333,0.600000,0.052632,0.428571
2025-11-15,B5: B2+B3,10,0.700000,0.350000,2_10 3_11 3_12 4_1 7_6 7_7 7_9,1_10 1_3 2_9 3_10 3_13 3_3 4_2 4_3 5_1 5_10 6_10 6_11 7_5,3_14 5_2 6_12,0.600000,0.600000,0.428571,0.428571,,0.538462,0.818182,0.538462,0.052632,0.904762
2025-11-15,B4: B1+B3,10,0.600000,0.300000,2_10 3_12 4_1 6_12 7_6 7_9,0_9 1_10 2_9 3_10 3_13 3_3 4_13 4_3 4_4 5_1 5_3 6_10 6_4 7_5,3_11 3_14 5_2 7_7,0.333333,0.739130,0.666667,0.538462,0.538462,,0.428571,0.666667,0.081081,0.538462
2025-11-15,B2: Recent MA,10,0.700000,0.350000,2_10 3_11 3_12 4_1 7_6 7_7 7_9,1_10 1_3 3_10 3_13 4_2 4_3 5_1 5_10 6_10 6_11 6_5 7_5 7_8,3_14 5_2 6_12,0.600000,0.481481,0.379310,0.333333,0.818182,0.428571,,0.428571,0.052632,0.739130
2025-11-15,B3: DoY season,10,0.600000,0.300000,3_11 3_12 4_1 6_12 7_6 7_9,0_8 0_9 1_10 2_9 3_10 3_13 3_3 4_13 4_3 5_1 5_10 5_3 6_10 8_9,2_10 3_14 5_2 7_7,0.333333,0.538462,0.428571,0.600000,0.538462,0.666667,0.428571,,0.052632,0.481481
2025-11-15,B0: Random,10,0.200000,0.100000,2_10 3_12,0_1 0_13 0_3 1_15 2_1 2_3 2_7 3_5 4_5 5_11 5_12 5_13 5_3 5_7 7_1 7_3 7_4 8_7,3_11 3_14 4_1 5_2 6_12 7_6 7_7 7_9,0.081081,0.081081,0.111111,0.052632,0.052632,0.081081,0.052632,0.052632,,0.052632
2025-11-16,GLM-Logit,10,0.800000,0.400000,1_10 2_10 3_11 3_13 4_3 6_10 7_6 7_9,1_3 2_9 3_10 3_12 3_3 4_1 4_2 5_1 6_11 6_4 7_5 7_7,4_7 6_7,0.538462,0.666667,0.666667,0.428571,0.818182,0.600000,0.818182,0.481481,0.052632,
2025-11-16,HierBayes,10,0.500000,0.250000,2_10 3_11 3_13 6_10 7_6,1_3 2_11 3_10 3_12 3_14 3_2 3_3 4_1 4_2 5_10 5_7 6_11 6_12 7_5 7_7,1_10 4_3 4_7 6_7 7_9,,0.379310,0.333333,0.250000,0.666667,0.333333,0.666667,0.333333,0.052632,0.538462
2025-11-16,B1: Static prior,10,0.700000,0.350000,1_10 2_10 3_11 3_13 4_3 7_6 7_9,2_9 3_10 3_12 3_3 4_1 4_2 4_4 5_1 5_2 5_3 6_12 6_4 7_5,4_7 6_10 6_7,0.379310,,0.818182,0.481481,0.600000,0.739130,0.538462,0.538462,0.052632,0.666667
2025-11-16,TTM,10,0.800000,0.400000,1_10 2_10 3_11 3_13 4_3 6_10 7_6 7_9,2_9 3_10 3_12 3_3 4_1 4_4 5_1 5_2 5_3 6_4 7_4 7_5,4_7 6_7,0.333333,0.818182,,0.481481,0.538462,0.739130,0.538462,0.538462,0.052632,0.666667
2025-11-16,ET,10,0.700000,0.350000,1_10 3_11 3_13 4_3 6_10 7_6 7_9,2_2 2_3 2_9 3_10 3_3 4_1 4_13 5_1 5_3 6_12 6_8 7_11 8_11,2_10 4_7 6_7,0.250000,0.481481,0.481481,,0.428571,0.538462,0.379310,0.600000,0.025641,0.428571
2025-11-16,B5: B2+B3,10,0.800000,0.400000,1_10 2_10 3_11 3_13 4_3 6_10 7_6 7_9,1_3 3_10 3_12 3_3 4_1 4_2 5_1 5_10 6_11 6_12 7_5 7_7,4_7 6_7,0.666667,0.600000,0.538462,0.428571,,0.538462,0.904762,0.538462,0.025641,0.818182
2025-11-16,B4: B1+B3,10,0.700000,0.350000,1_10 2_10 3_13 4_3 6_10 7_6 7_9,0_9 2_9 3_10 3_12 3_3 4_1 4_13 4_4 5_1 5_3 6_12 6_4 7_5,3_11 4_7 6_7,0.333333,0.739130,0.739130,0.538462,0.538462,,0.481481,0.666667,0.052632,0.600000
2025-11-16,B2: Recent MA,10,0.800000,0.400000,1_10 2_10 3_11 3_13 4_3 6_10 7_6 7_9,1_3 3_10 3_12 3_14 3_3 4_1 4_2 5_1 5_10 6_11 7_5 7_7,4_7 6_7,0.666667,0.538462,0.538462,0.379310,0.904762,0.481481,,0.481481,0.025641,0.818182
2025-11-16,B3: DoY season,10,0.700000,0.350000,1_10 3_11 3_13 4_3 6_10 7_6 7_9,0_8 0_9 2_9 3_10 3_12 3_3 4_1 4_13 5_1 5_10 5_3 6_12 8_9,2_10 4_7 6_7,0.333333,0.538462,0.538462,0.600000,0.538462,0.666667,0.481481,,0.025641,0.481481
2025-11-16,B0: Random,10,0.000000,0.000000,,0_14 0_15 0_6 1_14 1_2 1_4 1_6 1_9 2_15 2_5 2_6 3_15 3_3 4_11 5_7 6_0 6_4 8_0 8_3 8_4,1_10 2_10 3_11 3_13 4_3 4_7 6_10 6_7 7_6 7_9,0.052632,0.052632,0.052632,0.025641,0.025641,0.052632,0.025641,0.025641,,0.052632
2025-11-17,GLM-Logit,14,0.571429,0.400000,1_3 3_10 3_12 3_13 5_1 6_10 7_5 7_7,1_10 2_10 2_9 3_11 3_3 4_1 4_2 4_3 6_11 6_4 7_6 7_9,1_8 5_3 6_5 6_9 7_10 7_8,0.600000,0.666667,0.379310,0.428571,0.818182,0.600000,0.904762,0.481481,0.025641,
2025-11-17,HierBayes,14,0.500000,0.350000,1_3 3_10 3_12 3_13 6_10 7_5 7_7,2_10 2_11 3_11 3_14 3_2 3_3 4_1 4_2 5_7 6_11 6_12 7_6 7_9,1_8 5_1 5_3 6_5 6_9 7_10 7_8,,0.428571,0.290323,0.290323,0.666667,0.379310,0.600000,0.333333,0.025641,0.600000
2025-11-17,B1: Static prior,14,0.428571,0.300000,3_10 3_12 3_13 5_1 5_3 7_5,1_10 2_10 2_9 3_11 3_3 4_1 4_2 4_3 4_4 5_2 6_12 6_4 7_6 7_9,1_3 1_8 6_10 6_5 6_9 7_10 7_7 7_8,0.428571,,0.600000,0.481481,0.600000,0.739130,0.600000,0.538462,0.025641,0.666667
2025-11-17,TTM,14,0.357143,0.250000,3_10 3_13 5_1 5_3 7_5,1_10 1_11 2_10 2_12 2_9 3_11 3_2 4_1 4_4 5_2 6_12 6_4 6_7 7_4 7_9,1_3 1_8 3_12 6_10 6_5 6_9 7_10 7_7 7_8,0.290323,0.600000,,0.333333,0.333333,0.481481,0.333333,0.333333,0.111111,0.379310
2025-11-17,ET,14,0.357143,0.250000,3_10 3_13 5_1 5_3 6_10,1_10 2_2 2_3 2_9 3_11 3_3 4_1 4_13 4_3 6_12 6_8 7_11 7_6 7_9 8_11,1_3 1_8 3_12 6_5 6_9 7_10 7_5 7_7 7_8,0.290323,0.481481,0.333333,,0.428571,0.538462,0.428571,0.538462,0.025641,0.428571
2025-11-17,B5: B2+B3,14,0.571429,0.400000,1_3 3_10 3_12 3_13 5_1 6_10 7_5 7_7,1_10 2_10 3_11 3_3 4_1 4_2 4_3 5_10 6_11 6_12 7_6 7_9,1_8 5_3 6_5 6_9 7_10 7_8,0.666667,0.600000,0.333333,0.428571,,0.538462,0.904762,0.538462,0.025641,0.818182
2025-11-17,B4: B1+B3,14,0.500000,0.350000,3_10 3_12 3_13 5_1 5_3 6_10 7_5,0_9 1_10 2_10 2_9 3_3 4_1 4_13 4_3 4_4 6_12 6_4 7_6 7_9,1_3 1_8 6_5 6_9 7_10 7_7 7_8,0.379310,0.739130,0.481481,0.538462,0.538462,,0.538462,0.739130,0.025641,0.600000
2025-11-17,B2: Recent MA,14,0.571429,0.400000,1_3 3_10 3_12 3_13 5_1 6_10 7_5 7_7,1_10 2_10 2_9 3_11 3_3 4_1 4_2 4_3 5_10 6_11 7_6 7_9,1_8 5_3 6_5 6_9 7_10 7_8,0.600000,0.600000,0.333333,0.428571,0.904762,0.538462,,0.538462,0.025641,0.904762
2025-11-17,B3: DoY season,14,0.500000,0.350000,3_10 3_12 3_13 5_1 5_3 6_10 7_5,0_8 0_9 1_10 2_9 3_3 4_1 4_13 4_3 5_10 6_12 7_6 7_9 8_9,1_3 1_8 6_5 6_9 7_10 7_7 7_8,0.333333,0.538462,0.333333,0.538462,0.538462,0.739130,0.538462,,0.052632,0.481481
2025-11-17,B0: Random,14,0.142857,0.100000,5_1 7_8,0_1 0_6 0_8 2_5 2_7 2_8 3_15 3_2 3_8 4_7 5_4 5_5 5_9 6_13 6_7 7_4 8_2 8_8,1_3 1_8 3_10 3_12 3_13 5_3 6_10 6_5 6_9 7_10 7_5 7_7,0.025641,0.025641,0.111111,0.025641,0.025641,0.025641,0.025641,0.052632,,0.025641
2025-11-18,GLM-Logit,12,0.666667,0.400000,1_3 3_10 3_13 4_2 4_3 5_1 6_10 7_7,1_10 2_10 3_11 3_12 3_3 4_1 6_11 6_12 6_4 7_5 7_6 7_9,1_11 5_2 6_13 8_11,0.666667,0.666667,0.428571,0.428571,0.818182,0.600000,0.818182,0.481481,0.111111,
2025-11-18,HierBayes,12,0.500000,0.300000,1_3 3_10 3_13 4_2 6_10 7_7,2_10 2_11 3_11 3_12 3_14 3_2 3_3 4_1 5_10 6_11 6_12 7_5 7_6 7_9,1_11 4_3 5_1 5_2 6_13 8_11,,0.428571,0.290323,0.290323,0.666667,0.379310,0.666667,0.379310,0.081081,0.666667
2025-11-18,B1: Static prior,12,0.500000,0.300000,3_10 3_13 4_2 4_3 5_1 5_2,1_10 2_10 2_9 3_11 3_12 3_3 4_1 4_4 5_3 6_12 6_4 7_5 7_6 7_9,1_11 1_3 6_10 6_13 7_7 8_11,0.428571,,0.600000,0.481481,0.538462,0.739130,0.538462,0.481481,0.142857,0.666667
2025-11-18,TTM,12,0.500000,0.300000,3_10 3_13 4_3 5_1 5_2 6_10,1_10 2_10 2_12 2_9 3_2 4_1 4_4 5_3 6_12 6_4 6_7 7_4 7_5 7_9,1_11 1_3 4_2 6_13 7_7 8_11,0.290323,0.600000,,0.379310,0.333333,0.538462,0.333333,0.379310,0.142857,0.428571
2025-11-18,ET,12,0.500000,0.300000,3_10 3_13 4_3 5_1 6_10 8_11,1_10 2_2 2_3 2_9 3_11 3_3 4_1 4_13 5_3 6_12 6_8 7_11 7_6 7_9,1_11 1_3 4_2 5_2 6_13 7_7,0.290323,0.481481,0.379310,,0.379310,0.600000,0.379310,0.481481,0.111111,0.428571
2025-11-18,B5: B2+B3,12,0.666667,0.400000,1_3 3_10 3_13 4_2 4_3 5_1 6_10 7_7,1_10 2_10 3_11 3_12 3_3 4_1 5_10 6_11 6_5 7_5 7_6 7_9,1_11 5_2 6_13 8_11,0.666667,0.538462,0.333333,0.379310,,0.481481,1.000000,0.481481,0.111111,0.818182
2025-11-18,B4: B1+B3,12,0.416667,0.250000,3_10 3_13 4_3 5_1 6_10,0_9 1_10 2_9 3_11 3_12 3_3 4_1 4_13 4_4 5_3 6_12 6_4 7_5 7_6 7_9,1_11 1_3 4_2 5_2 6_13 7_7 8_11,0.379310,0.739130,0.538462,0.600000,0.481481,,0.481481,0.666667,0.111111,0.600000
2025-11-18,B2: Recent MA,12,0.666667,0.400000,1_3 3_10 3_13 4_2 4_3 5_1 6_10 7_7,1_10 2_10 3_11 3_12 3_3 4_1 5_10 6_11 6_5 7_5 7_6 7_9,1_11 5_2 6_13 8_11,0.666667,0.538462,0.333333,0.379310,1.000000,0.481481,,0.481481,0.111111,0.818182
2025-11-18,B3: DoY season,12,0.333333,0.200000,3_10 4_3 5_1 6_10,0_8 0_9 1_10 2_9 3_11 3_12 3_3 4_1 4_13 5_10 5_3 6_11 6_12 7_5 7_9 8_9,1_11 1_3 3_13 4_2 5_2 6_13 7_7 8_11,0.379310,0.481481,0.379310,0.481481,0.481481,0.666667,0.481481,,0.081081,0.481481
2025-11-18,B0: Random,12,0.250000,0.150000,3_13 4_3 8_11,0_1 0_3 1_1 1_14 1_5 2_0 2_10 2_9 3_7 3_9 5_0 5_5 5_9 6_1 6_2 7_15 7_5,1_11 1_3 3_10 4_2 5_1 5_2 6_10 6_13 7_7,0.081081,0.142857,0.142857,0.111111,0.111111,0.111111,0.111111,0.081081,,0.111111
2025-11-19,GLM-Logit,11,0.818182,0.450000,1_10 1_3 3_10 3_13 4_1 4_2 5_1 7_7 7_9,2_10 3_11 3_12 3_2 3_3 4_3 5_3 6_10 6_11 7_5 7_6,4_7 8_8,0.666667,0.600000,0.379310,0.428571,0.818182,0.538462,0.818182,0.481481,0.111111,
2025-11-19,HierBayes,11,0.636364,0.350000,1_3 3_10 3_13 4_1 4_2 7_7 7_9,2_10 2_11 3_11 3_12 3_14 3_2 3_3 5_10 6_10 6_11 6_12 7_5 7_6,1_10 4_7 5_1 8_8,,0.428571,0.290323,0.290323,0.666667,0.379310,0.666667,0.428571,0.212121,0.666667
2025-11-19,B1: Static prior,11,0.636364,0.350000,1_10 3_10 3_13 4_1 4_2 5_1 7_9,2_10 2_9 3_11 3_12 3_3 4_3 4_4 5_2 5_3 6_12 6_4 7_5 7_6,1_3 4_7 7_7 8_8,0.428571,,0.538462,0.481481,0.600000,0.739130,0.538462,0.481481,0.081081,0.600000
2025-11-19,TTM,11,0.545455,0.300000,1_10 3_10 3_13 4_1 5_1 7_9,2_10 2_9 3_3 4_0 4_4 5_3 5_5 5_6 6_10 6_12 6_3 6_4 6_7 7_5,1_3 4_2 4_7 7_7 8_8,0.290323,0.538462,,0.379310,0.379310,0.538462,0.333333,0.428571,0.111111,0.379310
2025-11-19,ET,11,0.545455,0.300000,1_10 3_10 3_13 4_1 5_1 7_9,2_2 2_3 2_9 3_11 3_3 4_13 4_3 5_3 6_10 6_12 6_8 7_11 7_6 8_11,1_3 4_2 4_7 7_7 8_8,0.290323,0.481481,0.379310,,0.428571,0.600000,0.379310,0.481481,0.142857,0.428571
2025-11-19,B5: B2+B3,11,0.818182,0.450000,1_10 1_3 3_10 3_13 4_1 4_2 5_1 7_7 7_9,2_10 2_9 3_11 3_12 3_3 4_3 5_10 6_10 6_11 7_5 7_6,4_7 8_8,0.666667,0.600000,0.379310,0.428571,,0.538462,0.904762,0.538462,0.111111,0.818182
2025-11-19,B4: B1+B3,11,0.545455,0.300000,1_10 3_10 3_13 4_1 5_1 7_9,0_9 2_9 3_11 3_12 3_3 4_13 4_3 4_4 5_3 6_10 6_12 6_4 7_5 7_6,1_3 4_2 4_7 7_7 8_8,0.379310,0.739130,0.538462,0.600000,0.538462,,0.481481,0.666667,0.142857,0.538462
2025-11-19,B2: Recent MA,11,0.818182,0.450000,1_10 1_3 3_10 3_13 4_1 4_2 5_1 7_7 7_9,2_10 3_11 3_12 3_3 4_3 5_10 6_10 6_11 7_5 7_6 7_8,4_7 8_8,0.666667,0.538462,0.333333,0.379310,0.904762,0.481481,,0.481481,0.142857,0.818182
2025-11-19,B3: DoY season,11,0.454545,0.250000,1_10 3_10 4_1 5_1 7_9,0_9 2_9 3_11 3_12 3_3 4_13 5_10 5_3 6_10 6_11 6_12 6_7 7_5 7_6 8_9,1_3 3_13 4_2 4_7 7_7 8_8,0.428571,0.481481,0.428571,0.481481,0.538462,0.666667,0.481481,,0.176471,0.481481
2025-11-19,B0: Random,11,0.090909,0.050000,7_9,0_12 0_9 1_2 2_11 3_0 3_1 3_11 3_14 4_12 5_5 5_8 6_1 6_10 6_11 6_12 6_13 6_8 7_1 7_8,1_10 1_3 3_10 3_13 4_1 4_2 4_7 5_1 7_7 8_8,0.212121,0.081081,0.111111,0.142857,0.111111,0.142857,0.142857,0.176471,,0.111111
2025-11-20,GLM-Logit,2,0.500000,0.050000,5_1,1_10 1_3 2_10 3_10 3_11 3_12 3_13 3_3 4_1 4_2 4_3 5_10 6_10 6_11 6_12 7_5 7_6 7_7 7_9,3_14,0.739130,0.600000,0.428571,0.428571,0.904762,0.538462,0.818182,0.428571,0.111111,
2025-11-20,HierBayes,2,0.500000,0.050000,3_14,1_3 2_10 2_11 3_10 3_11 3_12 3_13 3_2 3_3 4_1 4_2 5_10 6_10 6_11 6_12 7_5 7_6 7_7 7_9,5_1,,0.428571,0.428571,0.290323,0.666667,0.379310,0.600000,0.333333,0.111111,0.739130
2025-11-20,B1: Static prior,2,0.500000,0.050000,5_1,1_10 2_10 2_9 3_10 3_11 3_12 3_13 3_3 4_1 4_2 4_3 4_4 5_2 5_3 6_12 6_4 7_5 7_6 7_9,3_14,0.428571,,0.666667,0.481481,0.538462,0.739130,0.481481,0.428571,0.111111,0.600000
2025-11-20,TTM,2,0.500000,0.050000,5_1,1_10 1_11 2_10 2_11 2_9 3_10 3_12 3_13 3_2 3_3 4_1 4_4 5_2 5_3 6_10 6_12 6_4 7_5 7_9,3_14,0.428571,0.666667,,0.379310,0.379310,0.600000,0.333333,0.428571,0.111111,0.428571
2025-11-20,ET,2,0.500000,0.050000,5_1,1_10 2_2 2_3 2_9 3_10 3_11 3_13 3_3 4_1 4_13 4_3 5_3 6_10 6_12 6_8 7_11 7_6 7_9 8_11,3_14,0.290323,0.481481,0.379310,,0.379310,0.600000,0.333333,0.428571,0.142857,0.428571
2025-11-20,B5: B2+B3,2,0.500000,0.050000,5_1,1_10 1_3 2_10 3_10 3_11 3_12 3_13 3_3 4_1 4_2 4_3 5_10 6_10 6_11 7_5 7_6 7_7 7_8 7_9,3_14,0.666667,0.538462,0.379310,0.379310,,0.481481,0.904762,0.428571,0.111111,0.904762
2025-11-20,B4: B1+B3,2,0.500000,0.050000,5_1,0_9 1_10 2_9 3_10 3_11 3_12 3_13 3_3 4_1 4_13 4_3 4_4 5_3 6_10 6_12 6_4 7_5 7_6 7_9,3_14,0.379310,0.739130,0.600000,0.600000,0.481481,,0.428571,0.600000,0.142857,0.538462
2025-11-20,B2: Recent MA,2,0.500000,0.050000,5_1,1_10 1_3 2_10 3_10 3_11 3_12 3_13 4_1 4_2 4_3 5_10 6_10 6_11 6_5 7_5 7_6 7_7 7_8 7_9,3_14,0.600000,0.481481,0.333333,0.333333,0.904762,0.428571,,0.379310,0.111111,0.818182
2025-11-20,B3: DoY season,2,0.500000,0.050000,5_1,0_9 1_10 2_12 2_9 3_10 3_11 3_12 3_3 4_1 4_13 5_10 5_3 6_10 6_12 6_7 7_5 7_8 7_9 8_9,3_14,0.333333,0.428571,0.428571,0.428571,0.428571,0.600000,0.379310,,0.212121,0.428571
2025-11-20,B0: Random,2,0.000000,0.000000,,0_10 0_13 1_11 1_13 1_9 2_6 3_10 3_11 4_12 4_13 5_0 5_3 6_14 6_3 6_7 7_15 7_7 7_9 8_4 8_9,3_14 5_1,0.111111,0.111111,0.111111,0.142857,0.111111,0.142857,0.111111,0.212121,,0.111111
2025-11-21,GLM-Logit,0,,0.000000,,1_10 1_3 2_10 3_10 3_11 3_12 3_13 3_2 3_3 4_1 4_2 4_3 5_1 5_10 6_10 6_11 7_5 7_6 7_7 7_9,,0.739130,0.538462,0.428571,0.379310,0.818182,0.481481,0.818182,0.333333,0.052632,
2025-11-21,HierBayes,0,,0.000000,,1_3 2_10 2_11 3_10 3_11 3_12 3_13 3_14 3_2 3_3 4_1 4_2 5_10 6_10 6_11 7_5 7_6 7_7 7_8 7_9,,,0.379310,0.290323,0.250000,0.818182,0.333333,0.666667,0.250000,0.081081,0.739130
2025-11-21,B1: Static prior,0,,0.000000,,1_10 2_10 2_9 3_10 3_11 3_12 3_13 3_3 4_1 4_2 4_3 4_4 5_1 5_2 5_3 6_12 6_4 7_5 7_6 7_9,,0.379310,,0.600000,0.481481,0.481481,0.739130,0.481481,0.481481,0.052632,0.538462
2025-11-21,TTM,0,,0.000000,,1_10 2_10 2_15 2_9 3_12 3_13 3_3 4_1 4_3 4_4 5_1 5_2 5_3 5_6 6_10 6_11 6_4 7_4 7_5 7_9,,0.290323,0.600000,,0.333333,0.379310,0.538462,0.379310,0.428571,0.052632,0.428571
2025-11-21,ET,0,,0.000000,,1_10 2_2 2_3 2_9 3_10 3_11 3_13 3_3 4_1 4_13 4_3 5_1 5_3 6_10 6_12 6_8 7_11 7_6 7_9 8_11,,0.250000,0.481481,0.333333,,0.333333,0.600000,0.333333,0.481481,0.081081,0.379310
2025-11-21,B5: B2+B3,0,,0.000000,,1_10 1_3 2_10 3_10 3_11 3_12 3_13 3_14 3_3 4_1 4_2 5_1 5_10 6_10 6_11 7_5 7_6 7_7 7_8 7_9,,0.818182,0.481481,0.379310,0.333333,,0.428571,0.818182,0.333333,0.081081,0.818182
2025-11-21,B4: B1+B3,0,,0.000000,,0_9 1_10 2_9 3_10 3_11 3_12 3_13 3_3 4_1 4_13 4_3 4_4 5_1 5_3 6_10 6_12 6_4 7_5 7_6 7_9,,0.333333,0.739130,0.538462,0.600000,0.428571,,0.428571,0.666667,0.052632,0.481481
2025-11-21,B2: Recent MA,0,,0.000000,,1_10 1_3 2_10 3_10 3_11 3_12 3_13 3_14 4_1 4_2 4_3 5_1 5_10 6_10 6_11 6_5 7_5 7_6 7_7 7_9,,0.666667,0.481481,0.379310,0.333333,0.818182,0.428571,,0.290323,0.052632,0.818182
2025-11-21,B3: DoY season,0,,0.000000,,0_9 1_10 2_9 3_10 3_11 3_3 4_1 4_13 4_3 4_4 5_1 5_3 5_6 6_10 6_12 6_7 7_5 7_8 7_9 8_9,,0.250000,0.481481,0.428571,0.481481,0.333333,0.666667,0.290323,,0.052632,0.333333
2025-11-21,B0: Random,0,,0.000000,,0_13 0_6 1_5 1_8 2_1 3_13 4_7 5_0 5_15 5_8 6_11 6_12 6_8 7_15 7_8 8_1 8_12 8_14 8_15 8_6,,0.081081,0.052632,0.052632,0.081081,0.081081,0.052632,0.052632,0.052632,,0.052632
2025-11-22,GLM-Logit,0,,0.000000,,1_10 1_3 2_10 3_10 3_11 3_12 3_13 3_2 3_3 4_1 4_2 4_3 5_1 5_10 6_10 6_11 7_5 7_6 7_7 7_9,,0.739130,0.538462,0.379310,0.379310,0.818182,0.428571,0.818182,0.428571,0.000000,
2025-11-22,HierBayes,0,,0.000000,,1_3 2_10 2_11 3_10 3_11 3_12 3_13 3_14 3_2 3_3 4_1 4_2 5_10 6_10 6_11 7_5 7_6 7_7 7_8 7_9,,,0.379310,0.290323,0.250000,0.739130,0.290323,0.739130,0.379310,0.000000,0.739130
2025-11-22,B1: Static prior,0,,0.000000,,1_10 2_10 2_9 3_10 3_11 3_12 3_13 3_3 4_1 4_2 4_3 4_4 5_1 5_2 5_3 6_12 6_4 7_5 7_6 7_9,,0.379310,,0.600000,0.481481,0.481481,0.739130,0.481481,0.538462,0.025641,0.538462
2025-11-22,TTM,0,,0.000000,,1_10 2_10 2_14 2_9 3_13 3_3 4_1 4_2 4_3 4_4 5_1 5_2 5_3 5_6 5_7 6_10 6_4 7_5 7_8 7_9,,0.290323,0.600000,,0.333333,0.379310,0.481481,0.333333,0.481481,0.000000,0.379310
2025-11-22,ET,0,,0.000000,,1_10 2_2 2_3 2_9 3_10 3_11 3_13 3_3 4_1 4_13 4_3 5_1 5_3 6_10 6_12 6_8 7_11 7_6 7_9 8_11,,0.250000,0.481481,0.333333,,0.333333,0.538462,0.333333,0.481481,0.025641,0.379310
2025-11-22,B5: B2+B3,0,,0.000000,,1_10 1_3 2_10 3_10 3_11 3_12 3_13 3_14 4_1 4_2 4_3 5_1 5_10 6_10 6_11 7_5 7_6 7_7 7_8 7_9,,0.739130,0.481481,0.379310,0.333333,,0.379310,0.904762,0.428571,0.000000,0.818182
2025-11-22,B4: B1+B3,0,,0.000000,,0_9 1_10 2_9 3_10 3_11 3_12 3_13 3_3 4_1 4_13 4_3 4_4 5_1 5_3 5_6 6_12 6_4 7_5 7_6 7_9,,0.290323,0.739130,0.481481,0.538462,0.379310,,0.379310,0.739130,0.025641,0.428571
2025-11-22,B2: Recent MA,0,,0.000000,,1_10 1_3 2_10 2_11 3_10 3_11 3_12 3_13 3_14 4_1 4_2 4_3 5_1 5_10 6_10 6_11 7_5 7_6 7_7 7_9,,0.739130,0.481481,0.333333,0.333333,0.904762,0.379310,,0.379310,0.000000,0.818182
2025-11-22,B3: DoY season,0,,0.000000,,0_9 1_10 2_9 3_10 3_11 3_12 3_13 3_3 4_1 4_13 4_4 5_1 5_10 5_3 5_6 6_10 6_12 7_5 7_8 7_9,,0.379310,0.538462,0.481481,0.481481,0.428571,0.739130,0.379310,,0.025641,0.428571
2025-11-22,B0: Random,0,,0.000000,,0_0 0_12 0_4 1_13 1_15 1_7 1_9 2_7 3_8 4_0 4_10 5_0 6_0 6_12 6_3 6_7 7_14 7_3 8_10 8_7,,0.000000,0.025641,0.000000,0.025641,0.000000,0.025641,0.000000,0.025641,,0.000000
2025-11-23,GLM-Logit,0,,0.000000,,1_10 1_3 2_10 3_10 3_11 3_12 3_13 3_3 4_1 4_2 4_3 5_1 5_10 5_3 6_10 6_11 7_5 7_6 7_7 7_9,,0.666667,0.600000,0.428571,0.428571,0.818182,0.481481,0.818182,0.481481,0.081081,
2025-11-23,HierBayes,0,,0.000000,,1_3 2_10 2_11 3_10 3_11 3_12 3_13 3_14 3_3 4_1 4_2 5_10 6_10 6_11 6_7 7_5 7_6 7_7 7_8 7_9,,,0.379310,0.290323,0.250000,0.739130,0.290323,0.739130,0.333333,0.081081,0.666667
2025-11-23,B1: Static prior,0,,0.000000,,1_10 2_10 2_9 3_10 3_11 3_12 3_13 3_3 4_1 4_2 4_3 4_4 5_1 5_2 5_3 6_12 6_4 7_5 7_6 7_9,,0.379310,,0.600000,0.481481,0.481481,0.739130,0.481481,0.538462,0.081081,0.600000
2025-11-23,TTM,0,,0.000000,,1_10 2_10 2_14 2_9 3_13 3_3 4_1 4_2 4_3 4_4 5_1 5_2 5_3 5_6 6_10 6_4 7_4 7_5 7_8 7_9,,0.290323,0.600000,,0.333333,0.379310,0.481481,0.379310,0.481481,0.111111,0.428571
2025-11-23,ET,0,,0.000000,,1_10 2_2 2_3 2_9 3_10 3_11 3_13 3_3 4_1 4_13 4_3 5_1 5_3 6_10 6_12 6_8 7_11 7_6 7_9 8_11,,0.250000,0.481481,0.333333,,0.333333,0.538462,0.333333,0.538462,0.000000,0.428571
2025-11-23,B5: B2+B3,0,,0.000000,,1_10 1_3 2_10 3_10 3_11 3_12 3_13 3_14 4_1 4_2 4_3 5_1 5_10 6_10 6_11 7_5 7_6 7_7 7_8 7_9,,0.739130,0.481481,0.379310,0.333333,,0.379310,1.000000,0.428571,0.081081,0.818182
2025-11-23,B4: B1+B3,0,,0.000000,,0_9 1_10 2_9 3_10 3_11 3_12 3_13 3_3 4_1 4_13 4_3 4_4 5_1 5_3 5_6 6_12 6_4 7_5 7_6 7_9,,0.290323,0.739130,0.481481,0.538462,0.379310,,0.379310,0.739130,0.025641,0.481481
2025-11-23,B2: Recent MA,0,,0.000000,,1_10 1_3 2_10 3_10 3_11 3_12 3_13 3_14 4_1 4_2 4_3 5_1 5_10 6_10 6_11 7_5 7_6 7_7 7_8 7_9,,0.739130,0.481481,0.379310,0.333333,1.000000,0.379310,,0.428571,0.081081,0.818182
2025-11-23,B3: DoY season,0,,0.000000,,0_9 1_10 2_12 2_9 3_10 3_11 3_12 3_13 3_3 4_1 4_13 4_3 5_1 5_3 5_6 6_10 6_12 7_5 7_8 7_9,,0.333333,0.538462,0.481481,0.538462,0.428571,0.739130,0.428571,,0.025641,0.481481
2025-11-23,B0: Random,0,,0.000000,,0_1 0_13 0_4 1_15 1_2 2_10 2_13 2_14 2_5 3_2 4_10 4_2 4_8 6_0 6_2 6_6 7_12 7_2 7_5 8_12,,0.081081,0.081081,0.111111,0.000000,0.081081,0.025641,0.081081,0.025641,,0.081081
2025-11-24,GLM-Logit,0,,0.000000,,1_10 1_3 2_10 3_10 3_11 3_12 3_13 4_1 4_2 4_3 5_1 5_10 5_3 6_10 6_11 6_4 7_5 7_6 7_7 7_9,,0.739130,0.600000,0.481481,0.379310,0.818182,0.481481,0.818182,0.379310,0.111111,
2025-11-24,HierBayes,0,,0.000000,,1_10 1_3 2_10 3_10 3_11 3_12 3_13 3_14 3_3 4_1 4_2 5_1 5_10 6_10 6_11 7_5 7_6 7_7 7_8 7_9,,,0.481481,0.379310,0.333333,0.818182,0.379310,0.818182,0.379310,0.081081,0.739130
2025-11-24,B1: Static prior,0,,0.000000,,1_10 2_10 2_9 3_10 3_11 3_12 3_13 3_3 4_1 4_2 4_3 4_4 5_1 5_2 5_3 6_12 6_4 7_5 7_6 7_9,,0.481481,,0.600000,0.481481,0.481481,0.666667,0.481481,0.481481,0.081081,0.600000
2025-11-24,TTM,0,,0.000000,,1_10 2_10 2_11 2_9 3_10 3_12 3_13 3_2 3_3 4_1 4_3 4_4 5_1 5_3 5_4 6_10 6_4 7_4 7_5 7_9,,0.379310,0.600000,,0.379310,0.379310,0.538462,0.379310,0.428571,0.111111,0.481481
2025-11-24,ET,0,,0.000000,,1_10 2_2 2_3 2_9 3_10 3_11 3_13 3_3 4_1 4_13 4_3 5_1 5_3 6_10 6_12 6_8 7_11 7_6 7_9 8_11,,0.333333,0.481481,0.379310,,0.333333,0.538462,0.333333,0.481481,0.025641,0.379310
2025-11-24,B5: B2+B3,0,,0.000000,,1_10 1_11 1_3 2_10 3_10 3_11 3_12 3_13 4_1 4_2 4_3 5_1 5_10 6_10 6_11 7_5 7_6 7_7 7_8 7_9,,0.818182,0.481481,0.379310,0.333333,,0.379310,1.000000,0.379310,0.111111,0.818182
2025-11-24,B4: B1+B3,0,,0.000000,,0_9 1_10 2_9 3_11 3_12 3_13 3_3 4_1 4_13 4_3 4_4 5_1 5_3 5_6 6_10 6_12 6_4 7_5 7_6 7_9,,0.379310,0.666667,0.538462,0.538462,0.379310,,0.379310,0.739130,0.081081,0.481481
2025-11-24,B2: Recent MA,0,,0.000000,,1_10 1_11 1_3 2_10 3_10 3_11 3_12 3_13 4_1 4_2 4_3 5_1 5_10 6_10 6_11 7_5 7_6 7_7 7_8 7_9,,0.818182,0.481481,0.379310,0.333333,1.000000,0.379310,,0.379310,0.111111,0.818182
2025-11-24,B3: DoY season,0,,0.000000,,0_9 1_10 2_12 2_9 3_11 3_12 3_13 3_3 4_1 4_13 4_3 5_1 5_3 5_6 6_10 6_12 7_5 7_8 7_9 8_9,,0.379310,0.481481,0.428571,0.481481,0.379310,0.739130,0.379310,,0.052632,0.379310
2025-11-24,B0: Random,0,,0.000000,,0_11 0_14 0_7 1_10 1_11 1_12 1_6 2_5 3_15 3_2 3_5 5_10 6_0 6_4 6_7 7_14 7_3 7_5 8_10 8_4,,0.081081,0.081081,0.111111,0.025641,0.111111,0.081081,0.111111,0.052632,,0.111111
2025-11-25,GLM-Logit,0,,0.000000,,1_10 1_3 2_10 3_10 3_11 3_12 3_13 4_1 4_2 4_3 5_1 5_10 5_3 6_10 6_11 6_4 7_5 7_6 7_7 7_9,,0.739130,0.600000,0.481481,0.379310,0.818182,0.481481,0.818182,0.379310,0.025641,
2025-11-25,HierBayes,0,,0.000000,,1_10 1_3 2_10 3_10 3_11 3_12 3_13 3_14 3_3 4_1 4_2 5_1 5_10 6_10 6_11 7_5 7_6 7_7 7_8 7_9,,,0.481481,0.428571,0.333333,0.904762,0.379310,0.904762,0.379310,0.052632,0.739130
2025-11-25,B1: Static prior,0,,0.000000,,1_10 2_10 2_9 3_10 3_11 3_12 3_13 3_3 4_1 4_2 4_3 4_4 5_1 5_2 5_3 6_12 6_4 7_5 7_6 7_9,,0.481481,,0.600000,0.481481,0.481481,0.666667,0.481481,0.481481,0.052632,0.600000
2025-11-25,TTM,0,,0.000000,,1_10 2_9 3_1 3_10 3_11 3_13 3_14 4_1 4_2 4_4 5_1 5_2 5_3 6_10 6_11 6_12 6_4 7_4 7_5 7_9,,0.428571,0.600000,,0.379310,0.428571,0.481481,0.428571,0.379310,0.025641,0.481481
2025-11-25,ET,0,,0.000000,,1_10 2_2 2_3 2_9 3_10 3_11 3_13 3_3 4_1 4_13 4_3 5_1 5_3 6_10 6_12 6_8 7_11 7_6 7_9 8_11,,0.333333,0.481481,0.379310,,0.333333,0.481481,0.333333,0.481481,0.142857,0.379310
2025-11-25,B5: B2+B3,0,,0.000000,,1_10 1_3 2_10 3_10 3_11 3_12 3_13 3_14 4_1 4_2 4_3 5_1 5_10 6_10 6_11 7_5 7_6 7_7 7_8 7_9,,0.904762,0.481481,0.428571,0.333333,,0.379310,1.000000,0.379310,0.025641,0.818182
2025-11-25,B4: B1+B3,0,,0.000000,,0_9 1_10 2_10 2_9 3_11 3_12 3_13 3_3 4_1 4_13 4_3 4_4 5_1 5_3 5_4 6_10 6_12 6_4 7_5 7_9,,0.379310,0.666667,0.481481,0.481481,0.379310,,0.379310,0.666667,0.081081,0.481481
2025-11-25,B2: Recent MA,0,,0.000000,,1_10 1_3 2_10 3_10 3_11 3_12 3_13 3_14 4_1 4_2 4_3 5_1 5_10 6_10 6_11 7_5 7_6 7_7 7_8 7_9,,0.904762,0.481481,0.428571,0.333333,1.000000,0.379310,,0.379310,0.025641,0.818182
2025-11-25,B3: DoY season,0,,0.000000,,0_9 1_10 2_11 2_12 2_9 3_11 3_12 3_13 3_3 4_1 4_13 4_3 5_1 5_3 5_6 6_10 6_12 7_5 7_8 7_9,,0.379310,0.481481,0.379310,0.481481,0.379310,0.666667,0.379310,,0.081081,0.379310
2025-11-25,B0: Random,0,,0.000000,,0_10 0_11 0_15 0_7 0_9 1_14 2_11 2_2 2_3 3_10 3_3 3_4 3_7 3_8 4_11 4_6 5_4 6_8 7_2 8_3,,0.052632,0.052632,0.025641,0.142857,0.025641,0.081081,0.025641,0.081081,,0.025641
2025-11-26,GLM-Logit,0,,0.000000,,1_10 1_3 2_10 3_10 3_11 3_12 3_13 4_1 4_2 4_3 5_1 5_10 5_3 6_10 6_11 6_4 7_5 7_6 7_7 7_9,,0.666667,0.600000,0.538462,0.379310,0.818182,0.538462,0.818182,0.379310,0.052632,
2025-11-26,HierBayes,0,,0.000000,,1_10 1_3 3_10 3_11 3_12 3_13 3_14 3_3 4_1 4_2 5_1 5_10 6_10 6_11 6_12 7_5 7_6 7_7 7_8 7_9,,,0.481481,0.428571,0.379310,0.818182,0.428571,0.818182,0.379310,0.052632,0.666667
2025-11-26,B1: Static prior,0,,0.000000,,1_10 2_10 2_9 3_10 3_11 3_12 3_13 3_3 4_1 4_2 4_3 4_4 5_1 5_2 5_3 6_12 6_4 7_5 7_6 7_9,,0.481481,,0.600000,0.481481,0.481481,0.739130,0.481481,0.481481,0.081081,0.600000
2025-11-26,TTM,0,,0.000000,,1_10 1_11 2_10 2_9 3_10 3_13 3_14 4_1 4_3 4_4 5_1 5_10 5_3 6_10 6_12 6_4 7_4 7_5 7_6 7_9,,0.428571,0.600000,,0.428571,0.481481,0.600000,0.481481,0.379310,0.052632,0.538462
2025-11-26,ET,0,,0.000000,,1_10 2_2 2_3 2_9 3_10 3_11 3_13 3_3 4_1 4_13 4_3 5_1 5_3 6_10 6_12 6_8 7_11 7_6 7_9 8_11,,0.379310,0.481481,0.428571,,0.333333,0.481481,0.333333,0.481481,0.111111,0.379310
2025-11-26,B5: B2+B3,0,,0.000000,,1_10 1_3 2_10 3_10 3_11 3_12 3_13 3_14 4_1 4_2 4_3 5_1 5_10 6_10 6_11 7_5 7_6 7_7 7_8 7_9,,0.818182,0.481481,0.481481,0.333333,,0.428571,1.000000,0.333333,0.052632,0.818182
2025-11-26,B4: B1+B3,0,,0.000000,,0_9 1_10 2_10 2_9 3_11 3_12 3_13 3_3 4_1 4_3 4_4 5_1 5_3 5_6 6_10 6_12 6_4 7_5 7_6 7_9,,0.428571,0.739130,0.600000,0.481481,0.428571,,0.428571,0.666667,0.025641,0.538462
2025-11-26,B2: Recent MA,0,,0.000000,,1_10 1_3 2_10 3_10 3_11 3_12 3_13 3_14 4_1 4_2 4_3 5_1 5_10 6_10 6_11 7_5 7_6 7_7 7_8 7_9,,0.818182,0.481481,0.481481,0.333333,1.000000,0.428571,,0.333333,0.052632,0.818182
2025-11-26,B3: DoY season,0,,0.000000,,0_9 1_10 2_12 2_13 2_9 3_11 3_12 3_13 3_3 4_1 4_11 4_13 4_3 5_1 5_3 5_6 6_10 6_12 7_5 7_9,,0.379310,0.481481,0.379310,0.481481,0.333333,0.666667,0.333333,,0.025641,0.379310
2025-11-26,B0: Random,0,,0.000000,,0_10 0_12 0_15 1_1 1_2 2_1 2_2 2_9 3_10 3_6 3_8 5_2 5_5 5_7 6_11 7_11 7_15 7_2 8_1 8_15,,0.052632,0.081081,0.052632,0.111111,0.052632,0.025641,0.052632,0.025641,,0.052632
2025-11-27,GLM-Logit,0,,0.000000,,1_10 1_3 2_10 3_10 3_11 3_12 3_13 3_3 4_1 4_2 4_3 5_1 5_10 5_3 6_10 6_11 7_5 7_6 7_7 7_9,,0.818182,0.600000,0.481481,0.428571,0.818182,0.538462,0.818182,0.379310,0.142857,
2025-11-27,HierBayes,0,,0.000000,,1_10 1_3 2_10 3_10 3_11 3_12 3_13 3_14 3_3 4_1 4_2 5_1 5_10 6_10 6_11 6_12 7_5 7_6 7_7 7_9,,,0.538462,0.428571,0.379310,0.818182,0.428571,0.818182,0.290323,0.111111,0.818182
2025-11-27,B1: Static prior,0,,0.000000,,1_10 2_10 2_9 3_10 3_11 3_12 3_13 3_3 4_1 4_2 4_3 4_4 5_1 5_2 5_3 6_12 6_4 7_5 7_6 7_9,,0.538462,,0.666667,0.481481,0.481481,0.666667,0.481481,0.379310,0.142857,0.600000
2025-11-27,TTM,0,,0.000000,,1_10 1_11 2_10 2_9 3_10 3_12 3_3 4_1 4_3 4_4 5_1 5_12 5_3 6_10 6_12 6_3 6_4 7_5 7_6 7_9,,0.428571,0.666667,,0.428571,0.379310,0.600000,0.379310,0.333333,0.142857,0.481481
2025-11-27,ET,0,,0.000000,,1_10 2_2 2_3 2_9 3_10 3_11 3_13 3_3 4_1 4_13 4_3 5_1 5_3 6_10 6_12 6_8 7_11 7_6 7_9 8_11,,0.379310,0.481481,0.428571,,0.333333,0.428571,0.333333,0.428571,0.111111,0.428571
2025-11-27,B5: B2+B3,0,,0.000000,,1_10 1_3 2_10 3_10 3_11 3_12 3_13 3_14 4_1 4_2 4_3 5_1 5_10 6_10 6_11 7_5 7_6 7_7 7_8 7_9,,0.818182,0.481481,0.379310,0.333333,,0.428571,1.000000,0.290323,0.111111,0.818182
2025-11-27,B4: B1+B3,0,,0.000000,,0_9 1_10 2_10 2_12 2_9 3_11 3_12 3_13 3_3 4_1 4_3 4_4 5_1 5_3 5_6 6_10 6_4 7_5 7_6 7_9,,0.428571,0.666667,0.600000,0.428571,0.428571,,0.428571,0.600000,0.142857,0.538462
2025-11-27,B2: Recent MA,0,,0.000000,,1_10 1_3 2_10 3_10 3_11 3_12 3_13 3_14 4_1 4_2 4_3 5_1 5_10 6_10 6_11 7_5 7_6 7_7 7_8 7_9,,0.818182,0.481481,0.379310,0.333333,1.000000,0.428571,,0.290323,0.111111,0.818182
2025-11-27,B3: DoY season,0,,0.000000,,0_9 1_10 2_12 2_13 2_14 2_9 3_11 3_13 3_3 3_4 4_1 4_11 4_13 4_3 5_1 5_3 5_6 6_10 7_5 7_9,,0.290323,0.379310,0.333333,0.428571,0.290323,0.600000,0.290323,,0.081081,0.379310
2025-11-27,B0: Random,0,,0.000000,,0_14 0_8 1_1 1_10 2_0 2_7 2_8 3_0 3_12 3_2 3_4 5_13 5_14 5_3 6_4 6_8 7_4 7_6 7_7 8_15,,0.111111,0.142857,0.142857,0.111111,0.111111,0.142857,0.111111,0.081081,,0.142857
2025-11-28,GLM-Logit,0,,0.000000,,1_10 1_3 2_10 3_10 3_11 3_12 3_13 3_3 4_1 4_2 4_3 5_1 5_3 6_10 6_11 6_12 7_5 7_6 7_7 7_9,,0.818182,0.666667,0.538462,0.481481,0.739130,0.538462,0.739130,0.428571,0.081081,
2025-11-28,HierBayes,0,,0.000000,,1_10 1_3 2_10 3_10 3_11 3_12 3_13 3_14 3_3 4_1 4_2 5_1 5_10 6_10 6_11 6_12 7_5 7_6 7_7 7_9,,,0.538462,0.428571,0.379310,0.818182,0.428571,0.818182,0.333333,0.081081,0.818182
2025-11-28,B1: Static prior,0,,0.000000,,1_10 2_10 2_9 3_10 3_11 3_12 3_13 3_3 4_1 4_2 4_3 4_4 5_1 5_2 5_3 6_12 6_4 7_5 7_6 7_9,,0.538462,,0.600000,0.481481,0.481481,0.666667,0.481481,0.481481,0.052632,0.666667
2025-11-28,TTM,0,,0.000000,,1_10 1_11 2_10 2_2 2_9 3_10 3_13 3_3 4_1 4_3 4_4 5_1 5_3 5_7 6_10 6_12 7_4 7_5 7_6 7_9,,0.428571,0.600000,,0.538462,0.379310,0.538462,0.379310,0.481481,0.052632,0.538462
2025-11-28,ET,0,,0.000000,,1_10 2_2 2_3 2_9 3_10 3_11 3_13 3_3 4_1 4_13 4_3 5_1 5_3 6_10 6_12 6_8 7_11 7_6 7_9 8_11,,0.379310,0.481481,0.538462,,0.333333,0.428571,0.333333,0.428571,0.052632,0.481481
2025-11-28,B5: B2+B3,0,,0.000000,,1_10 1_3 2_10 3_10 3_11 3_12 3_13 3_14 4_1 4_2 4_3 5_1 5_10 6_10 6_11 7_5 7_6 7_7 7_8 7_9,,0.818182,0.481481,0.379310,0.333333,,0.428571,1.000000,0.379310,0.081081,0.739130
2025-11-28,B4: B1+B3,0,,0.000000,,0_9 1_10 2_10 2_12 2_9 3_11 3_12 3_13 3_3 4_1 4_3 4_4 5_1 5_3 5_6 6_10 6_4 7_5 7_6 7_9,,0.428571,0.666667,0.538462,0.428571,0.428571,,0.428571,0.739130,0.052632,0.538462
2025-11-28,B2: Recent MA,0,,0.000000,,1_10 1_3 2_10 3_10 3_11 3_12 3_13 3_14 4_1 4_2 4_3 5_1 5_10 6_10 6_11 7_5 7_6 7_7 7_8 7_9,,0.818182,0.481481,0.379310,0.333333,1.000000,0.428571,,0.379310,0.081081,0.739130
2025-11-28,B3: DoY season,0,,0.000000,,0_9 1_10 2_10 2_12 2_14 2_9 3_11 3_13 3_3 4_1 4_13 4_3 4_4 5_1 5_3 5_6 6_10 7_5 7_8 7_9,,0.333333,0.481481,0.481481,0.428571,0.379310,0.739130,0.379310,,0.025641,0.428571
2025-11-28,B0: Random,0,,0.000000,,0_0 0_1 0_11 0_13 0_2 0_7 2_1 2_12 2_15 3_1 3_10 4_10 5_14 5_15 6_11 6_3 6_7 7_15 7_6 8_15,,0.081081,0.052632,0.052632,0.052632,0.081081,0.052632,0.081081,0.025641,,0.081081
2025-11-29,GLM-Logit,0,,0.000000,,1_10 1_3 2_10 3_10 3_11 3_12 3_13 3_3 4_1 4_2 4_3 5_1 5_3 6_10 6_11 6_12 7_5 7_6 7_7 7_9,,0.818182,0.666667,0.481481,0.481481,0.739130,0.600000,0.739130,0.379310,0.142857,
2025-11-29,HierBayes,0,,0.000000,,1_10 1_3 2_10 3_10 3_11 3_12 3_13 3_14 3_3 4_1 4_2 5_1 5_10 6_10 6_11 6_12 7_5 7_6 7_7 7_9,,,0.538462,0.379310,0.379310,0.818182,0.481481,0.818182,0.290323,0.176471,0.818182
2025-11-29,B1: Static prior,0,,0.000000,,1_10 2_10 2_9 3_10 3_11 3_12 3_13 3_3 4_1 4_2 4_3 4_4 5_1 5_2 5_3 6_12 6_4 7_5 7_6 7_9,,0.538462,,0.538462,0.481481,0.481481,0.739130,0.481481,0.428571,0.111111,0.666667
2025-11-29,TTM,0,,0.000000,,1_10 2_10 3_10 3_13 3_2 4_1 4_11 4_3 4_4 5_1 5_2 5_3 5_7 6_10 6_11 6_12 6_4 7_4 7_5 7_9,,0.379310,0.538462,,0.333333,0.379310,0.481481,0.379310,0.379310,0.081081,0.481481
2025-11-29,ET,0,,0.000000,,1_10 2_2 2_3 2_9 3_10 3_11 3_13 3_3 4_1 4_13 4_3 5_1 5_3 6_10 6_12 6_8 7_11 7_6 7_9 8_11,,0.379310,0.481481,0.333333,,0.333333,0.481481,0.333333,0.333333,0.111111,0.481481
2025-11-29,B5: B2+B3,0,,0.000000,,1_10 1_3 2_10 3_10 3_11 3_12 3_13 3_14 4_1 4_2 4_3 5_1 5_10 6_10 6_11 7_5 7_6 7_7 7_8 7_9,,0.818182,0.481481,0.379310,0.333333,,0.481481,1.000000,0.379310,0.176471,0.739130
2025-11-29,B4: B1+B3,0,,0.000000,,1_10 2_10 2_12 2_9 3_10 3_11 3_12 3_13 3_3 4_1 4_3 4_4 5_1 5_3 5_6 6_10 6_4 7_5 7_6 7_9,,0.481481,0.739130,0.481481,0.481481,0.481481,,0.481481,0.600000,0.081081,0.600000
2025-11-29,B2: Recent MA,0,,0.000000,,1_10 1_3 2_10 3_10 3_11 3_12 3_13 3_14 4_1 4_2 4_3 5_1 5_10 6_10 6_11 7_5 7_6 7_7 7_8 7_9,,0.818182,0.481481,0.379310,0.333333,1.000000,0.481481,,0.379310,0.176471,0.739130
2025-11-29,B3: DoY season,0,,0.000000,,1_10 2_10 2_11 2_12 2_14 2_9 3_10 3_11 3_4 4_1 4_3 4_4 5_1 5_3 5_6 6_10 7_5 7_8 7_9 8_6,,0.290323,0.428571,0.379310,0.333333,0.379310,0.600000,0.379310,,0.025641,0.379310
2025-11-29,B0: Random,0,,0.000000,,0_8 1_0 1_12 2_0 2_13 2_2 2_7 3_12 3_13 3_14 3_6 4_2 5_1 5_8 5_9 6_11 7_1 7_11 7_2 8_13,,0.176471,0.111111,0.081081,0.111111,0.176471,0.081081,0.176471,0.025641,,0.142857
2025-11-30,GLM-Logit,0,,0.000000,,1_10 1_3 2_10 3_10 3_11 3_12 3_13 3_3 4_1 4_2 4_3 5_1 5_3 6_10 6_11 6_12 7_5 7_6 7_7 7_9,,0.818182,0.666667,0.428571,0.481481,0.739130,0.600000,0.818182,0.379310,0.081081,
2025-11-30,HierBayes,0,,0.000000,,1_10 1_3 2_10 3_10 3_11 3_12 3_13 3_14 3_3 4_1 4_2 5_1 5_10 6_10 6_11 6_12 7_5 7_6 7_7 7_9,,,0.538462,0.379310,0.379310,0.818182,0.481481,0.904762,0.290323,0.081081,0.818182
2025-11-30,B1: Static prior,0,,0.000000,,1_10 2_10 2_9 3_10 3_11 3_12 3_13 3_3 4_1 4_2 4_3 4_4 5_1 5_2 5_3 6_12 6_4 7_5 7_6 7_9,,0.538462,,0.600000,0.481481,0.481481,0.739130,0.538462,0.428571,0.081081,0.666667
2025-11-30,TTM,0,,0.000000,,1_10 2_10 3_10 3_11 3_12 3_2 4_1 4_13 4_3 4_4 5_1 5_10 5_2 5_3 5_5 6_12 6_4 7_4 7_5 7_9,,0.379310,0.600000,,0.333333,0.379310,0.481481,0.428571,0.379310,0.081081,0.428571
2025-11-30,ET,0,,0.000000,,1_10 2_2 2_3 2_9 3_10 3_11 3_13 3_3 4_1 4_13 4_3 5_1 5_3 6_10 6_12 6_8 7_11 7_6 7_9 8_11,,0.379310,0.481481,0.333333,,0.333333,0.481481,0.379310,0.333333,0.081081,0.481481
2025-11-30,B5: B2+B3,0,,0.000000,,1_10 1_3 2_10 3_10 3_11 3_12 3_13 3_14 4_1 4_2 4_3 5_1 5_10 6_10 6_11 7_5 7_6 7_7 7_8 7_9,,0.818182,0.481481,0.379310,0.333333,,0.481481,0.904762,0.379310,0.081081,0.739130
2025-11-30,B4: B1+B3,0,,0.000000,,1_10 2_10 2_12 2_9 3_10 3_11 3_12 3_13 3_3 4_1 4_3 4_4 5_1 5_3 5_6 6_10 6_4 7_5 7_6 7_9,,0.481481,0.739130,0.481481,0.481481,0.481481,,0.481481,0.600000,0.081081,0.600000
2025-11-30,B2: Recent MA,0,,0.000000,,1_10 1_3 2_10 3_10 3_11 3_12 3_13 3_14 4_1 4_2 4_3 5_1 5_10 6_10 6_11 6_12 7_5 7_6 7_7 7_9,,0.904762,0.538462,0.428571,0.379310,0.904762,0.481481,,0.333333,0.081081,0.818182
2025-11-30,B3: DoY season,0,,0.000000,,1_10 1_11 2_10 2_11 2_12 2_14 2_9 3_10 3_11 4_1 4_3 4_4 5_1 5_3 5_6 6_10 7_5 7_8 7_9 8_6,,0.290323,0.428571,0.379310,0.333333,0.379310,0.600000,0.333333,,0.081081,0.379310
2025-11-30,B0: Random,0,,0.000000,,0_12 0_4 0_7 1_8 2_3 2_5 3_0 3_1 3_15 3_7 4_1 5_4 5_9 6_2 6_6 6_9 7_5 7_9 8_15 8_3,,0.081081,0.081081,0.081081,0.081081,0.081081,0.081081,0.081081,0.081081,,0.081081
2025-12-01,GLM-Logit,0,,0.000000,,1_10 1_3 2_10 3_10 3_11 3_12 3_13 3_3 4_1 4_2 4_3 5_1 5_3 6_10 6_11 6_12 7_5 7_6 7_7 7_9,,0.904762,0.666667,0.481481,0.333333,0.904762,0.600000,0.904762,0.379310,0.142857,
2025-12-01,HierBayes,0,,0.000000,,1_10 1_3 2_10 3_10 3_11 3_12 3_13 3_14 3_3 4_1 4_2 4_3 5_1 6_10 6_11 6_12 7_5 7_6 7_7 7_9,,,0.600000,0.428571,0.333333,0.904762,0.538462,0.904762,0.333333,0.142857,0.904762
2025-12-01,B1: Static prior,0,,0.000000,,1_10 2_10 2_9 3_10 3_11 3_12 3_13 3_3 4_1 4_2 4_3 4_4 5_1 5_2 5_3 6_12 6_4 7_5 7_6 7_9,,0.600000,,0.600000,0.428571,0.600000,0.739130,0.600000,0.428571,0.142857,0.666667
2025-12-01,TTM,0,,0.000000,,1_10 1_3 2_10 3_11 3_13 3_2 3_3 4_1 4_3 4_4 5_1 5_2 5_3 5_4 5_7 6_12 6_4 7_4 7_5 7_9,,0.428571,0.600000,,0.333333,0.428571,0.481481,0.428571,0.333333,0.176471,0.481481
2025-12-01,ET,0,,0.000000,,1_10 1_11 2_10 2_11 2_12 2_9 3_10 3_14 3_4 4_0 4_1 4_11 4_3 4_4 5_1 5_3 6_10 6_4 7_5 7_9,,0.333333,0.428571,0.333333,,0.290323,0.538462,0.290323,0.600000,0.142857,0.333333
2025-12-01,B5: B2+B3,0,,0.000000,,1_10 1_3 2_10 3_10 3_11 3_12 3_13 3_3 4_1 4_2 4_3 5_1 5_10 6_10 6_11 6_12 7_5 7_6 7_7 7_9,,0.904762,0.600000,0.428571,0.290323,,0.538462,1.000000,0.333333,0.111111,0.904762
2025-12-01,B4: B1+B3,0,,0.000000,,1_10 2_10 2_12 2_9 3_10 3_11 3_12 3_13 3_3 4_1 4_3 4_4 5_1 5_3 5_6 6_10 6_4 7_5 7_6 7_9,,0.538462,0.739130,0.481481,0.538462,0.538462,,0.538462,0.600000,0.142857,0.600000
2025-12-01,B2: Recent MA,0,,0.000000,,1_10 1_3 2_10 3_10 3_11 3_12 3_13 3_3 4_1 4_2 4_3 5_1 5_10 6_10 6_11 6_12 7_5 7_6 7_7 7_9,,0.904762,0.600000,0.428571,0.290323,1.000000,0.538462,,0.333333,0.111111,0.904762
2025-12-01,B3: DoY season,0,,0.000000,,1_10 1_11 2_10 2_11 2_12 2_14 2_9 3_10 3_11 4_1 4_3 4_4 5_1 5_3 5_6 6_10 7_5 7_8 7_9 8_6,,0.333333,0.428571,0.333333,0.600000,0.333333,0.600000,0.333333,,0.111111,0.379310
2025-12-01,B0: Random,0,,0.000000,,0_12 1_10 1_15 1_3 2_1 2_15 3_13 3_14 3_6 3_9 4_4 4_5 4_6 5_0 5_3 7_1 7_3 7_9 8_15 8_3,,0.142857,0.142857,0.176471,0.142857,0.111111,0.142857,0.111111,0.111111,,0.142857
2025-12-02,GLM-Logit,0,,0.000000,,1_10 1_3 2_10 3_10 3_11 3_12 3_13 3_3 4_1 4_2 4_3 5_1 5_3 6_10 6_11 6_12 7_5 7_6 7_7 7_9,,0.904762,0.666667,0.538462,0.333333,0.904762,0.600000,0.904762,0.379310,0.081081,
2025-12-02,HierBayes,0,,0.000000,,1_10 1_3 2_10 3_10 3_11 3_12 3_13 3_14 3_3 4_1 4_2 4_3 5_1 6_10 6_11 6_12 7_5 7_6 7_7 7_9,,,0.600000,0.481481,0.333333,1.000000,0.538462,1.000000,0.333333,0.111111,0.904762
2025-12-02,B1: Static prior,0,,0.000000,,1_10 2_10 2_9 3_10 3_11 3_12 3_13 3_3 4_1 4_2 4_3 4_4 5_1 5_2 5_3 6_12 6_4 7_5 7_6 7_9,,0.600000,,0.818182,0.428571,0.600000,0.739130,0.600000,0.428571,0.052632,0.666667
2025-12-02,TTM,0,,0.000000,,1_10 2_10 2_9 3_10 3_11 3_13 3_3 4_0 4_1 4_2 4_3 4_4 5_1 5_2 5_3 5_7 6_12 6_4 7_5 7_9,,0.481481,0.818182,,0.481481,0.481481,0.600000,0.481481,0.428571,0.025641,0.538462
2025-12-02,ET,0,,0.000000,,1_10 1_11 2_10 2_11 2_12 2_9 3_10 3_14 3_4 4_0 4_1 4_11 4_3 4_4 5_1 5_3 6_10 6_4 7_5 7_9,,0.333333,0.428571,0.481481,,0.333333,0.538462,0.333333,0.600000,0.025641,0.333333
2025-12-02,B5: B2+B3,0,,0.000000,,1_10 1_3 2_10 3_10 3_11 3_12 3_13 3_14 3_3 4_1 4_2 4_3 5_1 6_10 6_11 6_12 7_5 7_6 7_7 7_9,,1.000000,0.600000,0.481481,0.333333,,0.538462,1.000000,0.333333,0.111111,0.904762
2025-12-02,B4: B1+B3,0,,0.000000,,1_10 2_10 2_12 2_9 3_10 3_11 3_12 3_13 3_3 4_1 4_3 4_4 5_1 5_3 5_6 6_10 6_4 7_5 7_6 7_9,,0.538462,0.739130,0.600000,0.538462,0.538462,,0.538462,0.600000,0.081081,0.600000
2025-12-02,B2: Recent MA,0,,0.000000,,1_10 1_3 2_10 3_10 3_11 3_12 3_13 3_14 3_3 4_1 4_2 4_3 5_1 6_10 6_11 6_12 7_5 7_6 7_7 7_9,,1.000000,0.600000,0.481481,0.333333,1.000000,0.538462,,0.333333,0.111111,0.904762
2025-12-02,B3: DoY season,0,,0.000000,,1_10 1_11 2_10 2_11 2_12 2_14 2_9 3_10 3_11 4_1 4_3 4_4 5_1 5_3 5_6 6_10 7_5 7_8 7_9 8_6,,0.333333,0.428571,0.428571,0.600000,0.333333,0.600000,0.333333,,0.025641,0.379310
2025-12-02,B0: Random,0,,0.000000,,0_6 1_7 2_7 2_8 3_13 3_14 3_5 5_11 5_13 5_6 5_9 6_15 7_1 7_15 7_6 7_7 8_14 8_3 8_4 8_8,,0.111111,0.052632,0.025641,0.025641,0.111111,0.081081,0.111111,0.025641,,0.081081
2025-12-03,GLM-Logit,0,,0.000000,,1_10 1_3 2_10 3_10 3_11 3_12 3_13 3_3 4_1 4_2 4_3 5_1 5_3 6_10 6_11 6_12 7_5 7_6 7_7 7_9,,0.904762,0.666667,0.379310,0.333333,0.904762,0.600000,0.904762,0.379310,0.081081,
2025-12-03,HierBayes,0,,0.000000,,1_10 1_3 2_10 3_10 3_11 3_12 3_13 3_14 3_3 4_1 4_2 4_3 5_1 6_10 6_11 6_12 7_5 7_6 7_7 7_9,,,0.600000,0.379310,0.333333,0.904762,0.538462,0.904762,0.333333,0.081081,0.904762
2025-12-03,B1: Static prior,0,,0.000000,,1_10 2_10 2_9 3_10 3_11 3_12 3_13 3_3 4_1 4_2 4_3 4_4 5_1 5_2 5_3 6_12 6_4 7_5 7_6 7_9,,0.600000,,0.538462,0.428571,0.600000,0.666667,0.600000,0.379310,0.081081,0.666667
2025-12-03,TTM,0,,0.000000,,1_10 2_10 3_12 3_13 3_14 3_2 3_3 4_0 4_1 4_3 4_4 5_2 5_3 5_4 5_5 5_7 6_4 7_5 7_6 7_9,,0.379310,0.538462,,0.379310,0.333333,0.481481,0.333333,0.250000,0.025641,0.379310
2025-12-03,ET,0,,0.000000,,1_10 1_11 2_10 2_11 2_12 2_9 3_10 3_14 3_4 4_0 4_1 4_11 4_3 4_4 5_1 5_3 6_10 6_4 7_5 7_9,,0.333333,0.428571,0.379310,,0.290323,0.538462,0.290323,0.481481,0.081081,0.333333
2025-12-03,B5: B2+B3,0,,0.000000,,1_10 1_3 2_10 3_10 3_11 3_12 3_13 3_3 4_1 4_2 4_3 5_1 5_10 6_10 6_11 6_12 7_5 7_6 7_7 7_9,,0.904762,0.600000,0.333333,0.290323,,0.538462,1.000000,0.333333,0.081081,0.904762
2025-12-03,B4: B1+B3,0,,0.000000,,1_10 1_3 2_10 2_12 2_9 3_10 3_12 3_13 3_3 4_1 4_3 4_4 5_1 5_3 5_6 6_10 6_4 7_5 7_6 7_9,,0.538462,0.666667,0.481481,0.538462,0.538462,,0.538462,0.600000,0.052632,0.600000
2025-12-03,B2: Recent MA,0,,0.000000,,1_10 1_3 2_10 3_10 3_11 3_12 3_13 3_3 4_1 4_2 4_3 5_1 5_10 6_10 6_11 6_12 7_5 7_6 7_7 7_9,,0.904762,0.600000,0.333333,0.290323,1.000000,0.538462,,0.333333,0.081081,0.904762
2025-12-03,B3: DoY season,0,,0.000000,,1_10 1_3 2_10 2_11 2_12 2_13 2_14 2_9 3_10 3_13 4_3 4_4 5_1 5_3 5_6 6_10 7_5 7_8 7_9 8_6,,0.333333,0.379310,0.250000,0.481481,0.333333,0.600000,0.333333,,0.081081,0.379310
2025-12-03,B0: Random,0,,0.000000,,0_11 0_8 1_0 1_11 1_9 2_1 2_14 2_15 2_4 2_5 2_9 4_2 5_11 6_1 6_14 6_3 7_0 7_5 7_7 8_1,,0.081081,0.081081,0.025641,0.081081,0.081081,0.052632,0.081081,0.081081,,0.081081
2025-12-04,GLM-Logit,0,,0.000000,,1_10 1_3 2_10 3_10 3_11 3_12 3_13 3_3 4_1 4_2 4_3 5_1 5_3 6_10 6_11 6_12 7_5 7_6 7_7 7_9,,1.000000,0.666667,0.428571,0.333333,0.904762,0.666667,0.904762,0.428571,0.081081,
2025-12-04,HierBayes,0,,0.000000,,1_10 1_3 2_10 3_10 3_11 3_12 3_13 3_3 4_1 4_2 4_3 5_1 5_3 6_10 6_11 6_12 7_5 7_6 7_7 7_9,,,0.666667,0.428571,0.333333,0.904762,0.666667,0.904762,0.428571,0.081081,1.000000
2025-12-04,B1: Static prior,0,,0.000000,,1_10 2_10 2_9 3_10 3_11 3_12 3_13 3_3 4_1 4_2 4_3 4_4 5_1 5_2 5_3 6_12 6_4 7_5 7_6 7_9,,0.666667,,0.538462,0.428571,0.600000,0.818182,0.600000,0.481481,0.052632,0.666667
2025-12-04,TTM,0,,0.000000,,1_10 2_10 2_12 3_12 3_13 4_1 4_3 4_4 5_1 5_10 5_2 5_3 5_4 5_5 5_7 6_10 6_12 6_4 7_5 7_9,,0.428571,0.538462,,0.428571,0.428571,0.538462,0.428571,0.428571,0.025641,0.428571
2025-12-04,ET,0,,0.000000,,1_10 1_11 2_10 2_11 2_12 2_9 3_10 3_14 3_4 4_0 4_1 4_11 4_3 4_4 5_1 5_3 6_10 6_4 7_5 7_9,,0.333333,0.428571,0.428571,,0.290323,0.481481,0.290323,0.538462,0.025641,0.333333
2025-12-04,B5: B2+B3,0,,0.000000,,1_10 1_3 2_10 3_10 3_11 3_12 3_13 3_3 4_1 4_2 4_3 5_1 5_10 6_10 6_11 6_12 7_5 7_6 7_7 7_9,,0.904762,0.600000,0.428571,0.290323,,0.600000,1.000000,0.379310,0.081081,0.904762
2025-12-04,B4: B1+B3,0,,0.000000,,1_10 2_10 2_14 2_9 3_10 3_11 3_12 3_13 3_3 4_1 4_3 4_4 5_1 5_3 6_10 6_12 6_4 7_5 7_6 7_9,,0.666667,0.818182,0.538462,0.481481,0.600000,,0.600000,0.600000,0.081081,0.666667
2025-12-04,B2: Recent MA,0,,0.000000,,1_10 1_3 2_10 3_10 3_11 3_12 3_13 3_3 4_1 4_2 4_3 5_1 5_10 6_10 6_11 6_12 7_5 7_6 7_7 7_9,,0.904762,0.600000,0.428571,0.290323,1.000000,0.600000,,0.379310,0.081081,0.904762
2025-12-04,B3: DoY season,0,,0.000000,,1_10 2_10 2_12 2_13 2_14 2_9 3_10 3_11 3_13 4_1 4_11 4_3 4_4 5_1 5_3 5_6 6_10 7_5 7_8 7_9,,0.428571,0.481481,0.428571,0.538462,0.379310,0.600000,0.379310,,0.111111,0.428571
2025-12-04,B0: Random,0,,0.000000,,0_14 1_5 2_0 2_10 2_13 2_14 2_5 3_2 3_3 3_5 4_7 5_0 5_11 5_6 6_15 7_13 7_14 7_15 7_7 8_6,,0.081081,0.052632,0.025641,0.025641,0.081081,0.081081,0.081081,0.111111,,0.081081
2025-12-05,GLM-Logit,0,,0.000000,,1_10 1_3 2_10 3_10 3_11 3_12 3_13 3_3 4_1 4_2 4_3 5_1 5_3 6_10 6_11 6_12 7_5 7_6 7_7 7_9,,1.000000,0.666667,0.428571,0.333333,1.000000,0.666667,0.904762,0.333333,0.052632,
2025-12-05,HierBayes,0,,0.000000,,1_10 1_3 2_10 3_10 3_11 3_12 3_13 3_3 4_1 4_2 4_3 5_1 5_3 6_10 6_11 6_12 7_5 7_6 7_7 7_9,,,0.666667,0.428571,0.333333,1.000000,0.666667,0.904762,0.333333,0.052632,1.000000
2025-12-05,B1: Static prior,0,,0.000000,,1_10 2_10 2_9 3_10 3_11 3_12 3_13 3_3 4_1 4_2 4_3 4_4 5_1 5_2 5_3 6_12 6_4 7_5 7_6 7_9,,0.666667,,0.538462,0.428571,0.666667,0.818182,0.666667,0.379310,0.081081,0.666667
2025-12-05,TTM,0,,0.000000,,1_10 1_11 1_3 2_10 2_12 2_8 2_9 3_13 4_1 4_3 4_4 5_1 5_2 5_3 5_4 6_10 6_12 6_4 7_5 7_9,,0.428571,0.538462,,0.538462,0.428571,0.538462,0.428571,0.379310,0.111111,0.428571
2025-12-05,ET,0,,0.000000,,1_10 1_11 2_10 2_11 2_12 2_9 3_10 3_14 3_4 4_0 4_1 4_11 4_3 4_4 5_1 5_3 6_10 6_4 7_5 7_9,,0.333333,0.428571,0.538462,,0.333333,0.481481,0.290323,0.481481,0.111111,0.333333
2025-12-05,B5: B2+B3,0,,0.000000,,1_10 1_3 2_10 3_10 3_11 3_12 3_13 3_3 4_1 4_2 4_3 5_1 5_3 6_10 6_11 6_12 7_5 7_6 7_7 7_9,,1.000000,0.666667,0.428571,0.333333,,0.666667,0.904762,0.333333,0.052632,1.000000
2025-12-05,B4: B1+B3,0,,0.000000,,1_10 2_10 2_14 2_9 3_10 3_11 3_12 3_13 3_3 4_1 4_3 4_4 5_1 5_3 6_10 6_12 6_4 7_5 7_6 7_9,,0.666667,0.818182,0.538462,0.481481,0.666667,,0.600000,0.481481,0.111111,0.666667
2025-12-05,B2: Recent MA,0,,0.000000,,1_10 1_3 2_10 3_10 3_11 3_12 3_13 3_3 4_1 4_2 4_3 5_1 5_2 6_10 6_11 6_12 7_5 7_6 7_7 7_9,,0.904762,0.666667,0.428571,0.290323,0.904762,0.600000,,0.290323,0.081081,0.904762
2025-12-05,B3: DoY season,0,,0.000000,,0_2 1_10 1_11 2_10 2_14 2_9 3_10 3_11 4_11 4_3 4_4 5_1 5_3 5_6 6_1 6_10 7_1 7_5 7_9 8_6,,0.333333,0.379310,0.379310,0.481481,0.333333,0.481481,0.290323,,0.111111,0.333333
2025-12-05,B0: Random,0,,0.000000,,1_0 1_12 1_6 2_14 2_2 2_6 2_7 2_9 3_15 3_6 3_9 4_0 4_13 5_1 5_2 5_7 6_10 7_13 8_4 8_9,,0.052632,0.081081,0.111111,0.111111,0.052632,0.111111,0.081081,0.111111,,0.052632
2025-12-06,GLM-Logit,0,,0.000000,,1_10 1_3 2_10 3_10 3_11 3_12 3_13 3_3 4_1 4_2 4_3 5_1 5_2 5_3 6_10 6_12 7_5 7_6 7_7 7_9,,0.818182,0.739130,0.428571,0.333333,0.904762,0.666667,0.904762,0.333333,0.111111,
2025-12-06,HierBayes,0,,0.000000,,1_10 1_3 2_10 3_10 3_11 3_12 3_13 3_14 3_3 4_1 4_2 4_3 5_1 6_10 6_11 6_12 7_5 7_6 7_7 7_9,,,0.600000,0.333333,0.333333,0.904762,0.600000,0.904762,0.290323,0.111111,0.818182
2025-12-06,B1: Static prior,0,,0.000000,,1_10 2_10 2_9 3_10 3_11 3_12 3_13 3_3 4_1 4_2 4_3 4_4 5_1 5_2 5_3 6_12 6_4 7_5 7_6 7_9,,0.600000,,0.538462,0.428571,0.666667,0.818182,0.666667,0.379310,0.111111,0.739130
2025-12-06,TTM,0,,0.000000,,1_10 1_11 2_10 2_12 2_9 3_10 3_12 3_2 4_1 4_3 4_4 5_1 5_2 5_3 5_4 5_6 6_10 6_4 7_5 7_9,,0.333333,0.538462,,0.600000,0.379310,0.538462,0.379310,0.481481,0.081081,0.428571
2025-12-06,ET,0,,0.000000,,1_10 1_11 2_10 2_11 2_12 2_9 3_10 3_14 3_4 4_0 4_1 4_11 4_3 4_4 5_1 5_3 6_10 6_4 7_5 7_9,,0.333333,0.428571,0.600000,,0.290323,0.481481,0.290323,0.481481,0.081081,0.333333
2025-12-06,B5: B2+B3,0,,0.000000,,1_10 1_3 2_10 3_10 3_11 3_12 3_13 3_3 4_1 4_2 4_3 5_1 5_2 6_10 6_11 6_12 7_5 7_6 7_7 7_9,,0.904762,0.666667,0.379310,0.290323,,0.600000,1.000000,0.290323,0.111111,0.904762
2025-12-06,B4: B1+B3,0,,0.000000,,1_10 2_10 2_14 2_9 3_10 3_11 3_12 3_13 3_3 4_1 4_3 4_4 5_1 5_3 6_10 6_12 6_4 7_5 7_6 7_9,,0.600000,0.818182,0.538462,0.481481,0.600000,,0.600000,0.481481,0.111111,0.666667
2025-12-06,B2: Recent MA,0,,0.000000,,1_10 1_3 2_10 3_10 3_11 3_12 3_13 3_3 4_1 4_2 4_3 5_1 5_2 6_10 6_11 6_12 7_5 7_6 7_7 7_9,,0.904762,0.666667,0.379310,0.290323,1.000000,0.600000,,0.290323,0.111111,0.904762
2025-12-06,B3: DoY season,0,,0.000000,,0_2 1_10 1_11 2_10 2_14 2_9 3_10 3_11 4_11 4_3 4_4 5_1 5_3 5_6 6_1 6_10 7_1 7_5 7_9 8_6,,0.290323,0.379310,0.481481,0.481481,0.290323,0.481481,0.290323,,0.081081,0.333333
2025-12-06,B0: Random,0,,0.000000,,0_1 0_12 1_12 1_4 2_10 3_11 3_9 4_1 4_12 4_13 4_6 4_8 5_0 5_1 5_14 6_0 7_0 7_12 8_14 8_3,,0.111111,0.111111,0.081081,0.081081,0.111111,0.111111,0.111111,0.081081,,0.111111
2025-12-07,GLM-Logit,0,,0.000000,,1_10 1_3 2_10 3_10 3_11 3_12 3_13 3_3 4_1 4_2 4_3 5_1 5_2 5_3 6_10 6_12 7_5 7_6 7_7 7_9,,0.818182,0.739130,0.481481,0.333333,0.739130,0.666667,0.739130,0.290323,0.052632,
2025-12-07,HierBayes,0,,0.000000,,1_10 1_3 2_10 3_10 3_11 3_12 3_13 3_14 3_3 4_1 4_2 4_3 5_1 5_3 6_10 6_11 7_5 7_6 7_7 7_9,,,0.600000,0.481481,0.379310,0.904762,0.600000,0.904762,0.290323,0.025641,0.818182
2025-12-07,B1: Static prior,0,,0.000000,,1_10 2_10 2_9 3_10 3_11 3_12 3_13 3_3 4_1 4_2 4_3 4_4 5_1 5_2 5_3 6_12 6_4 7_5 7_6 7_9,,0.600000,,0.600000,0.428571,0.538462,0.818182,0.538462,0.333333,0.081081,0.739130
2025-12-07,TTM,0,,0.000000,,0_10 1_10 2_10 2_9 3_12 3_13 3_2 4_1 4_3 4_4 5_1 5_3 6_10 6_11 6_12 6_4 7_4 7_5 7_6 7_9,,0.481481,0.600000,,0.428571,0.428571,0.666667,0.428571,0.290323,0.081081,0.481481
2025-12-07,ET,0,,0.000000,,1_10 1_11 2_10 2_11 2_12 2_9 3_10 3_14 3_4 4_0 4_1 4_11 4_3 4_4 5_1 5_3 6_10 6_4 7_5 7_9,,0.379310,0.428571,0.428571,,0.333333,0.481481,0.333333,0.481481,0.081081,0.333333
2025-12-07,B5: B2+B3,0,,0.000000,,1_10 1_3 2_10 3_10 3_11 3_12 3_13 3_14 3_3 4_1 4_2 4_3 5_1 5_10 6_10 6_11 7_5 7_6 7_7 7_9,,0.904762,0.538462,0.428571,0.333333,,0.538462,1.000000,0.290323,0.025641,0.739130
2025-12-07,B4: B1+B3,0,,0.000000,,1_10 2_10 2_14 2_9 3_10 3_11 3_12 3_13 3_3 4_1 4_3 4_4 5_1 5_3 6_10 6_12 6_4 7_5 7_6 7_9,,0.600000,0.818182,0.666667,0.481481,0.538462,,0.538462,0.428571,0.081081,0.666667
2025-12-07,B2: Recent MA,0,,0.000000,,1_10 1_3 2_10 3_10 3_11 3_12 3_13 3_14 3_3 4_1 4_2 4_3 5_1 5_10 6_10 6_11 7_5 7_6 7_7 7_9,,0.904762,0.538462,0.428571,0.333333,1.000000,0.538462,,0.290323,0.025641,0.739130
2025-12-07,B3: DoY season,0,,0.000000,,0_2 1_10 1_11 2_0 2_10 2_14 2_9 3_10 3_11 4_0 4_11 4_3 4_4 5_1 6_1 6_10 7_1 7_5 7_9 8_1,,0.290323,0.333333,0.290323,0.481481,0.290323,0.428571,0.290323,,0.052632,0.290323
2025-12-07,B0: Random,0,,0.000000,,0_10 0_14 0_15 0_6 1_5 2_11 2_14 2_3 2_6 3_5 4_5 4_7 5_0 5_1 5_11 5_2 6_2 6_4 8_13 8_2,,0.025641,0.081081,0.081081,0.081081,0.025641,0.081081,0.025641,0.052632,,0.052632
2025-12-08,GLM-Logit,0,,0.000000,,1_10 1_3 2_10 3_10 3_11 3_12 3_13 3_3 4_1 4_2 4_3 5_1 5_2 5_3 6_10 6_12 7_5 7_6 7_7 7_9,,0.904762,0.739130,0.600000,0.333333,0.739130,0.666667,0.739130,0.290323,0.000000,
2025-12-08,HierBayes,0,,0.000000,,1_10 1_3 2_10 3_10 3_11 3_12 3_13 3_14 3_3 4_1 4_2 4_3 5_1 5_3 6_10 6_12 7_5 7_6 7_7 7_9,,,0.666667,0.600000,0.379310,0.818182,0.666667,0.818182,0.290323,0.000000,0.904762
2025-12-08,B1: Static prior,0,,0.000000,,1_10 2_10 2_9 3_10 3_11 3_12 3_13 3_3 4_1 4_2 4_3 4_4 5_1 5_2 5_3 6_12 6_4 7_5 7_6 7_9,,0.666667,,0.739130,0.428571,0.538462,0.818182,0.538462,0.333333,0.000000,0.739130
2025-12-08,TTM,0,,0.000000,,1_10 2_10 2_9 3_10 3_12 3_13 3_3 4_1 4_3 4_4 5_1 5_3 6_10 6_11 6_12 6_4 7_10 7_5 7_6 7_9,,0.600000,0.739130,,0.481481,0.538462,0.818182,0.538462,0.333333,0.000000,0.600000
2025-12-08,ET,0,,0.000000,,1_10 1_11 2_10 2_11 2_12 2_9 3_10 3_14 3_4 4_0 4_1 4_11 4_3 4_4 5_1 5_3 6_10 6_4 7_5 7_9,,0.379310,0.428571,0.481481,,0.333333,0.481481,0.333333,0.481481,0.052632,0.333333
2025-12-08,B5: B2+B3,0,,0.000000,,1_10 1_3 2_10 3_10 3_11 3_12 3_13 3_14 3_3 4_1 4_2 4_3 5_1 5_10 6_10 6_11 7_5 7_6 7_7 7_9,,0.818182,0.538462,0.538462,0.333333,,0.538462,1.000000,0.290323,0.000000,0.739130
2025-12-08,B4: B1+B3,0,,0.000000,,1_10 2_10 2_14 2_9 3_10 3_11 3_12 3_13 3_3 4_1 4_3 4_4 5_1 5_3 6_10 6_12 6_4 7_5 7_6 7_9,,0.666667,0.818182,0.818182,0.481481,0.538462,,0.538462,0.428571,0.000000,0.666667
2025-12-08,B2: Recent MA,0,,0.000000,,1_10 1_3 2_10 3_10 3_11 3_12 3_13 3_14 3_3 4_1 4_2 4_3 5_1 5_10 6_10 6_11 7_5 7_6 7_7 7_9,,0.818182,0.538462,0.538462,0.333333,1.000000,0.538462,,0.290323,0.000000,0.739130
2025-12-08,B3: DoY season,0,,0.000000,,0_2 1_10 1_11 2_0 2_10 2_14 2_9 3_10 3_11 4_0 4_11 4_3 4_4 5_1 6_1 6_10 7_1 7_5 7_9 8_1,,0.290323,0.333333,0.333333,0.481481,0.290323,0.428571,0.290323,,0.052632,0.290323
2025-12-08,B0: Random,0,,0.000000,,0_1 0_9 2_1 2_11 2_13 2_8 3_4 3_8 4_14 4_6 6_1 6_8 7_1 7_2 7_4 8_12 8_13 8_5 8_6 8_7,,0.000000,0.000000,0.000000,0.052632,0.000000,0.000000,0.000000,0.052632,,0.000000
2025-12-09,GLM-Logit,0,,0.000000,,1_10 1_3 2_10 3_10 3_11 3_12 3_13 4_1 4_2 4_3 4_4 5_1 5_2 5_3 6_10 6_12 7_5 7_6 7_7 7_9,,0.904762,0.739130,0.538462,0.379310,0.818182,0.666667,0.818182,0.379310,0.025641,
2025-12-09,HierBayes,0,,0.000000,,1_10 1_3 2_10 3_10 3_11 3_12 3_13 3_14 4_1 4_2 4_3 5_1 5_2 5_3 6_10 6_12 7_5 7_6 7_7 7_9,,,0.666667,0.481481,0.379310,0.904762,0.600000,0.904762,0.333333,0.052632,0.904762
2025-12-09,B1: Static prior,0,,0.000000,,1_10 2_10 2_9 3_10 3_11 3_12 3_13 3_3 4_1 4_2 4_3 4_4 5_1 5_2 5_3 6_12 6_4 7_5 7_6 7_9,,0.666667,,0.666667,0.428571,0.600000,0.818182,0.600000,0.428571,0.025641,0.739130
2025-12-09,TTM,0,,0.000000,,0_9 1_10 2_10 2_2 2_9 3_10 3_12 3_13 4_1 4_3 4_4 5_1 5_2 5_3 6_12 6_4 7_13 7_4 7_5 7_9,,0.481481,0.666667,,0.428571,0.428571,0.600000,0.428571,0.333333,0.025641,0.538462
2025-12-09,ET,0,,0.000000,,1_10 1_11 2_10 2_11 2_12 2_9 3_10 3_14 3_4 4_0 4_1 4_11 4_3 4_4 5_1 5_3 6_10 6_4 7_5 7_9,,0.379310,0.428571,0.428571,,0.333333,0.481481,0.333333,0.538462,0.081081,0.379310
2025-12-09,B5: B2+B3,0,,0.000000,,1_10 1_3 2_10 3_10 3_11 3_12 3_13 3_14 4_1 4_2 4_3 5_1 5_10 5_2 6_10 6_12 7_5 7_6 7_7 7_9,,0.904762,0.600000,0.428571,0.333333,,0.538462,1.000000,0.333333,0.081081,0.818182
2025-12-09,B4: B1+B3,0,,0.000000,,1_10 2_10 2_14 2_9 3_10 3_11 3_12 3_13 3_3 4_1 4_3 4_4 5_1 5_3 6_10 6_12 6_4 7_5 7_6 7_9,,0.600000,0.818182,0.600000,0.481481,0.538462,,0.538462,0.538462,0.025641,0.666667
2025-12-09,B2: Recent MA,0,,0.000000,,1_10 1_3 2_10 3_10 3_11 3_12 3_13 3_14 4_1 4_2 4_3 5_1 5_10 5_2 6_10 6_12 7_5 7_6 7_7 7_9,,0.904762,0.600000,0.428571,0.333333,1.000000,0.538462,,0.333333,0.081081,0.818182
2025-12-09,B3: DoY season,0,,0.000000,,1_10 1_11 2_10 2_14 2_9 3_10 3_11 3_3 4_0 4_1 4_11 4_3 4_4 5_1 6_1 6_10 7_1 7_5 7_9 8_1,,0.333333,0.428571,0.333333,0.538462,0.333333,0.538462,0.333333,,0.081081,0.379310
2025-12-09,B0: Random,0,,0.000000,,0_6 1_11 1_4 1_6 2_10 2_3 2_4 3_14 3_8 4_8 5_10 5_15 5_7 6_3 7_14 8_1 8_13 8_15 8_4 8_7,,0.052632,0.025641,0.025641,0.081081,0.081081,0.025641,0.081081,0.081081,,0.025641
2025-12-10,GLM-Logit,0,,0.000000,,1_10 1_3 2_10 3_10 3_11 3_12 3_13 3_3 4_1 4_2 4_3 5_1 5_2 5_3 6_10 6_12 7_5 7_6 7_7 7_9,,0.818182,0.739130,0.600000,0.333333,0.739130,0.666667,0.666667,0.379310,0.081081,
2025-12-10,HierBayes,0,,0.000000,,1_10 1_3 2_10 3_10 3_11 3_12 3_13 3_14 3_3 4_1 4_2 4_3 5_1 5_3 6_10 6_4 7_5 7_6 7_7 7_9,,,0.666667,0.666667,0.428571,0.818182,0.666667,0.739130,0.428571,0.081081,0.818182
2025-12-10,B1: Static prior,0,,0.000000,,1_10 2_10 2_9 3_10 3_11 3_12 3_13 3_3 4_1 4_2 4_3 4_4 5_1 5_2 5_3 6_12 6_4 7_5 7_6 7_9,,0.666667,,0.666667,0.428571,0.538462,0.818182,0.481481,0.481481,0.111111,0.739130
2025-12-10,TTM,0,,0.000000,,1_10 1_9 2_10 3_10 3_11 3_12 3_13 3_3 4_1 4_3 4_4 5_1 5_3 6_10 6_4 7_4 7_5 7_6 7_9 8_9,,0.666667,0.666667,,0.428571,0.538462,0.739130,0.481481,0.481481,0.081081,0.600000
2025-12-10,ET,0,,0.000000,,1_10 1_11 2_10 2_11 2_12 2_9 3_10 3_14 3_4 4_0 4_1 4_11 4_3 4_4 5_1 5_3 6_10 6_4 7_5 7_9,,0.428571,0.428571,0.428571,,0.379310,0.481481,0.333333,0.538462,0.081081,0.333333
2025-12-10,B5: B2+B3,0,,0.000000,,1_10 1_11 1_3 2_10 3_10 3_11 3_12 3_13 3_14 3_3 4_1 4_2 4_3 5_1 5_10 6_10 7_5 7_6 7_7 7_9,,0.818182,0.538462,0.538462,0.379310,,0.538462,0.818182,0.428571,0.052632,0.739130
2025-12-10,B4: B1+B3,0,,0.000000,,1_10 2_10 2_14 2_9 3_10 3_11 3_12 3_13 3_3 4_1 4_3 4_4 5_1 5_3 6_10 6_12 6_4 7_5 7_6 7_9,,0.666667,0.818182,0.739130,0.481481,0.538462,,0.481481,0.600000,0.111111,0.666667
2025-12-10,B2: Recent MA,0,,0.000000,,1_10 1_3 2_10 3_10 3_11 3_12 3_13 3_14 4_1 4_2 4_3 4_7 5_1 5_10 6_10 7_5 7_6 7_7 7_8 7_9,,0.739130,0.481481,0.481481,0.333333,0.818182,0.481481,,0.333333,0.052632,0.666667
2025-12-10,B3: DoY season,0,,0.000000,,1_10 1_11 2_10 2_14 2_9 3_10 3_11 3_3 4_1 4_11 4_3 4_4 5_1 6_1 6_10 6_4 7_1 7_5 7_9 8_1,,0.428571,0.481481,0.481481,0.538462,0.428571,0.600000,0.333333,,0.081081,0.379310
2025-12-10,B0: Random,0,,0.000000,,0_15 1_1 1_14 1_7 1_8 2_1 2_9 3_3 4_5 4_7 4_8 5_14 5_3 5_6 5_8 6_0 6_11 6_6 7_5 8_3,,0.081081,0.111111,0.081081,0.081081,0.052632,0.111111,0.052632,0.081081,,0.081081
2025-12-11,GLM-Logit,0,,0.000000,,1_10 1_3 2_10 3_10 3_11 3_12 3_13 3_3 4_1 4_2 4_3 5_1 5_2 5_3 6_10 6_12 7_5 7_6 7_7 7_9,,0.818182,0.739130,0.538462,0.333333,0.739130,0.739130,0.739130,0.379310,0.111111,
2025-12-11,HierBayes,0,,0.000000,,1_10 1_3 2_10 3_10 3_11 3_12 3_13 3_14 3_3 4_1 4_2 4_3 5_1 5_3 6_10 6_4 7_5 7_6 7_7 7_9,,,0.666667,0.538462,0.428571,0.818182,0.666667,0.818182,0.428571,0.111111,0.818182
2025-12-11,B1: Static prior,0,,0.000000,,1_10 2_10 2_9 3_10 3_11 3_12 3_13 3_3 4_1 4_2 4_3 4_4 5_1 5_2 5_3 6_12 6_4 7_5 7_6 7_9,,0.666667,,0.600000,0.428571,0.538462,0.904762,0.538462,0.481481,0.081081,0.739130
2025-12-11,TTM,0,,0.000000,,1_10 1_11 2_10 2_12 3_10 3_11 3_13 3_3 4_1 4_3 4_4 5_1 5_3 6_10 6_12 6_4 6_7 7_4 7_5 7_9,,0.538462,0.600000,,0.538462,0.481481,0.666667,0.481481,0.600000,0.081081,0.538462
2025-12-11,ET,0,,0.000000,,1_10 1_11 2_10 2_11 2_12 2_9 3_10 3_14 3_4 4_0 4_1 4_11 4_3 4_4 5_1 5_3 6_10 6_4 7_5 7_9,,0.428571,0.428571,0.538462,,0.379310,0.481481,0.379310,0.538462,0.081081,0.333333
2025-12-11,B5: B2+B3,0,,0.000000,,1_10 1_11 1_3 2_10 3_10 3_11 3_12 3_13 3_14 3_3 4_1 4_2 4_3 5_1 5_10 6_10 7_5 7_6 7_7 7_9,,0.818182,0.538462,0.481481,0.379310,,0.538462,1.000000,0.428571,0.111111,0.739130
2025-12-11,B4: B1+B3,0,,0.000000,,1_10 2_10 2_9 3_10 3_11 3_12 3_13 3_3 4_1 4_3 4_4 5_1 5_2 5_3 6_10 6_12 6_4 7_5 7_6 7_9,,0.666667,0.904762,0.666667,0.481481,0.538462,,0.538462,0.538462,0.081081,0.739130
2025-12-11,B2: Recent MA,0,,0.000000,,1_10 1_11 1_3 2_10 3_10 3_11 3_12 3_13 3_14 3_3 4_1 4_2 4_3 5_1 5_10 6_10 7_5 7_6 7_7 7_9,,0.818182,0.538462,0.481481,0.379310,1.000000,0.538462,,0.428571,0.111111,0.739130
2025-12-11,B3: DoY season,0,,0.000000,,1_10 1_11 2_10 2_12 2_14 2_9 3_10 3_11 3_3 4_1 4_3 4_4 5_1 6_1 6_10 6_4 7_1 7_5 7_9 8_1,,0.428571,0.481481,0.600000,0.538462,0.428571,0.538462,0.428571,,0.081081,0.379310
2025-12-11,B0: Random,0,,0.000000,,0_1 0_13 0_5 0_6 1_0 1_14 1_3 1_9 2_10 2_3 3_1 3_7 3_8 4_12 4_3 4_4 4_7 7_7 8_14 8_2,,0.111111,0.081081,0.081081,0.081081,0.111111,0.081081,0.111111,0.081081,,0.111111
2025-12-12,GLM-Logit,0,,0.000000,,1_10 1_3 2_10 3_10 3_11 3_12 3_13 4_1 4_2 4_3 4_4 5_1 5_2 5_3 6_10 6_12 7_5 7_6 7_7 7_9,,0.818182,0.739130,0.538462,0.379310,0.739130,0.739130,0.666667,0.333333,0.142857,
2025-12-12,HierBayes,0,,0.000000,,1_10 1_3 2_10 3_10 3_11 3_12 3_13 3_14 4_1 4_2 4_3 5_1 5_2 5_3 6_10 6_4 7_5 7_6 7_7 7_9,,,0.666667,0.481481,0.428571,0.739130,0.666667,0.666667,0.333333,0.142857,0.818182
2025-12-12,B1: Static prior,0,,0.000000,,1_10 2_10 2_9 3_10 3_11 3_12 3_13 3_3 4_1 4_2 4_3 4_4 5_1 5_2 5_3 6_12 6_4 7_5 7_6 7_9,,0.666667,,0.600000,0.428571,0.538462,0.904762,0.481481,0.428571,0.111111,0.739130
2025-12-12,TTM,0,,0.000000,,1_10 1_9 2_10 2_12 2_9 3_10 3_13 4_1 4_3 4_4 5_1 5_2 5_3 6_10 6_12 6_4 6_7 7_4 7_5 7_9,,0.481481,0.600000,,0.538462,0.379310,0.666667,0.333333,0.428571,0.142857,0.538462
2025-12-12,ET,0,,0.000000,,1_10 1_11 2_10 2_11 2_12 2_9 3_10 3_14 3_4 4_0 4_1 4_11 4_3 4_4 5_1 5_3 6_10 6_4 7_5 7_9,,0.428571,0.428571,0.538462,,0.379310,0.481481,0.333333,0.538462,0.111111,0.379310
2025-12-12,B5: B2+B3,0,,0.000000,,1_10 1_11 1_3 2_10 3_10 3_11 3_12 3_13 3_14 4_1 4_2 4_3 4_7 5_1 6_10 6_12 7_5 7_6 7_7 7_9,,0.739130,0.538462,0.379310,0.379310,,0.538462,0.904762,0.333333,0.142857,0.739130
2025-12-12,B4: B1+B3,0,,0.000000,,1_10 2_10 2_9 3_10 3_11 3_12 3_13 3_3 4_1 4_3 4_4 5_1 5_2 5_3 6_10 6_12 6_4 7_5 7_6 7_9,,0.666667,0.904762,0.666667,0.481481,0.538462,,0.481481,0.481481,0.142857,0.739130
2025-12-12,B2: Recent MA,0,,0.000000,,1_10 1_11 1_3 3_10 3_11 3_12 3_13 3_14 4_1 4_2 4_3 4_7 5_1 5_10 6_10 6_12 7_5 7_6 7_7 7_9,,0.666667,0.481481,0.333333,0.333333,0.904762,0.481481,,0.290323,0.142857,0.666667
2025-12-12,B3: DoY season,0,,0.000000,,1_10 1_11 2_10 2_12 2_9 3_10 3_11 3_3 4_0 4_1 4_3 4_4 5_0 5_1 6_1 6_10 6_4 7_1 7_9 8_1,,0.333333,0.428571,0.428571,0.538462,0.333333,0.481481,0.290323,,0.111111,0.333333
2025-12-12,B0: Random,0,,0.000000,,1_12 1_13 1_7 2_8 3_13 3_5 3_7 4_14 5_1 5_4 6_10 6_3 7_2 7_5 7_9 8_1 8_13 8_4 8_5 8_6,,0.142857,0.111111,0.142857,0.111111,0.142857,0.142857,0.142857,0.111111,,0.142857
2025-12-13,GLM-Logit,0,,0.000000,,1_10 1_3 2_10 3_10 3_11 3_12 3_13 4_1 4_2 4_3 4_4 5_1 5_2 5_3 6_10 6_12 7_5 7_6 7_7 7_9,,0.904762,0.739130,0.538462,0.379310,0.739130,0.739130,0.739130,0.290323,0.052632,
2025-12-13,HierBayes,0,,0.000000,,1_10 1_3 2_10 3_10 3_11 3_12 3_13 4_1 4_2 4_3 5_1 5_2 5_3 6_10 6_12 6_4 7_5 7_6 7_7 7_9,,,0.739130,0.538462,0.379310,0.739130,0.739130,0.739130,0.333333,0.052632,0.904762
2025-12-13,B1: Static prior,0,,0.000000,,1_10 2_10 2_9 3_10 3_11 3_12 3_13 3_3 4_1 4_2 4_3 4_4 5_1 5_2 5_3 6_12 6_4 7_5 7_6 7_9,,0.739130,,0.666667,0.428571,0.538462,0.904762,0.538462,0.379310,0.052632,0.739130
2025-12-13,TTM,0,,0.000000,,1_10 2_10 2_9 3_10 3_13 3_3 4_1 4_3 4_4 5_1 5_2 5_3 6_10 6_12 6_3 6_4 6_7 7_5 7_9 8_9,,0.538462,0.666667,,0.481481,0.428571,0.739130,0.379310,0.379310,0.025641,0.538462
2025-12-13,ET,0,,0.000000,,1_10 1_11 2_10 2_11 2_12 2_9 3_10 3_14 3_4 4_0 4_1 4_11 4_3 4_4 5_1 5_3 6_10 6_4 7_5 7_9,,0.379310,0.428571,0.481481,,0.290323,0.481481,0.250000,0.428571,0.081081,0.379310
2025-12-13,B5: B2+B3,0,,0.000000,,1_10 1_3 2_10 3_10 3_11 3_12 3_13 4_1 4_3 4_7 5_1 5_10 5_2 6_10 6_12 6_9 7_5 7_6 7_7 7_9,,0.739130,0.538462,0.428571,0.290323,,0.600000,0.904762,0.290323,0.081081,0.739130
2025-12-13,B4: B1+B3,0,,0.000000,,1_10 2_10 2_9 3_10 3_11 3_12 3_13 3_3 4_1 4_3 4_4 5_1 5_2 5_3 6_10 6_12 6_4 7_5 7_6 7_9,,0.739130,0.904762,0.739130,0.481481,0.600000,,0.538462,0.428571,0.052632,0.739130
2025-12-13,B2: Recent MA,0,,0.000000,,1_10 1_3 3_10 3_11 3_12 3_13 4_1 4_2 4_3 4_7 5_1 5_10 5_2 6_10 6_12 6_9 7_5 7_6 7_7 7_9,,0.739130,0.538462,0.379310,0.250000,0.904762,0.538462,,0.250000,0.081081,0.739130
2025-12-13,B3: DoY season,0,,0.000000,,0_0 1_10 2_0 2_10 2_12 2_9 3_10 3_11 3_3 4_0 4_1 4_3 5_0 5_1 6_1 6_10 6_4 7_1 7_9 8_1,,0.333333,0.379310,0.379310,0.428571,0.290323,0.428571,0.250000,,0.052632,0.290323
2025-12-13,B0: Random,0,,0.000000,,0_4 0_5 0_6 1_11 1_9 2_0 3_12 3_14 3_15 3_5 3_8 3_9 4_12 5_7 6_9 7_14 7_4 7_9 8_15 8_2,,0.052632,0.052632,0.025641,0.081081,0.081081,0.052632,0.081081,0.052632,,0.052632
2025-12-14,GLM-Logit,0,,0.000000,,1_10 1_3 2_10 3_10 3_11 3_12 3_13 4_1 4_2 4_3 4_4 5_1 5_2 5_3 6_10 6_4 7_5 7_6 7_7 7_9,,0.904762,0.739130,0.538462,0.428571,0.739130,0.739130,0.739130,0.333333,0.111111,
2025-12-14,HierBayes,0,,0.000000,,1_10 1_3 2_10 3_10 3_11 3_12 3_13 4_1 4_2 4_3 4_7 5_1 5_2 5_3 6_10 6_4 7_5 7_6 7_7 7_9,,,0.666667,0.538462,0.379310,0.818182,0.666667,0.818182,0.333333,0.081081,0.904762
2025-12-14,B1: Static prior,0,,0.000000,,1_10 2_10 2_9 3_10 3_11 3_12 3_13 3_3 4_1 4_2 4_3 4_4 5_1 5_2 5_3 6_12 6_4 7_5 7_6 7_9,,0.666667,,0.666667,0.428571,0.538462,0.904762,0.538462,0.379310,0.111111,0.739130
2025-12-14,TTM,0,,0.000000,,1_10 2_10 2_11 2_9 3_12 3_13 3_2 3_3 4_1 4_3 4_4 4_7 5_1 5_2 5_3 6_10 6_12 6_4 7_5 7_9,,0.538462,0.666667,,0.481481,0.428571,0.739130,0.428571,0.333333,0.111111,0.538462
2025-12-14,ET,0,,0.000000,,1_10 1_11 2_10 2_11 2_12 2_9 3_10 3_14 3_4 4_0 4_1 4_11 4_3 4_4 5_1 5_3 6_10 6_4 7_5 7_9,,0.379310,0.428571,0.481481,,0.333333,0.481481,0.333333,0.428571,0.081081,0.428571
2025-12-14,B5: B2+B3,0,,0.000000,,1_10 1_3 1_8 2_10 3_10 3_11 3_12 3_13 3_14 4_1 4_2 4_3 4_7 5_1 5_2 6_10 7_5 7_6 7_7 7_9,,0.818182,0.538462,0.428571,0.333333,,0.538462,1.000000,0.290323,0.081081,0.739130
2025-12-14,B4: B1+B3,0,,0.000000,,1_10 2_10 2_9 3_10 3_11 3_12 3_13 3_3 4_1 4_3 4_4 5_1 5_2 5_3 6_10 6_12 6_4 7_5 7_6 7_9,,0.666667,0.904762,0.739130,0.481481,0.538462,,0.538462,0.428571,0.111111,0.739130
2025-12-14,B2: Recent MA,0,,0.000000,,1_10 1_3 1_8 2_10 3_10 3_11 3_12 3_13 3_14 4_1 4_2 4_3 4_7 5_1 5_2 6_10 7_5 7_6 7_7 7_9,,0.818182,0.538462,0.428571,0.333333,1.000000,0.538462,,0.290323,0.081081,0.739130
2025-12-14,B3: DoY season,0,,0.000000,,0_0 1_10 2_0 2_10 2_12 2_9 3_10 3_11 3_3 4_0 4_1 4_3 5_0 5_1 6_1 6_10 6_4 7_1 7_9 8_1,,0.333333,0.379310,0.333333,0.428571,0.290323,0.428571,0.290323,,0.025641,0.333333
2025-12-14,B0: Random,0,,0.000000,,0_1 1_13 1_8 2_3 2_5 3_13 3_15 3_5 3_7 4_3 4_4 5_15 5_3 5_5 5_6 6_15 7_0 7_13 7_4 8_11,,0.081081,0.111111,0.111111,0.081081,0.081081,0.111111,0.081081,0.025641,,0.111111
2025-12-15,GLM-Logit,0,,0.000000,,1_10 1_3 2_10 3_10 3_11 3_12 3_13 4_1 4_2 4_3 4_4 5_1 5_2 5_3 6_10 6_4 7_5 7_6 7_7 7_9,,0.904762,0.739130,0.481481,0.428571,0.666667,0.739130,0.666667,0.290323,0.081081,
2025-12-15,HierBayes,0,,0.000000,,1_10 1_3 2_10 3_10 3_11 3_12 3_13 4_1 4_2 4_3 4_7 5_1 5_2 5_3 6_10 6_4 7_5 7_6 7_7 7_9,,,0.666667,0.481481,0.379310,0.739130,0.666667,0.739130,0.290323,0.081081,0.904762
2025-12-15,B1: Static prior,0,,0.000000,,1_10 2_10 2_9 3_10 3_11 3_12 3_13 3_3 4_1 4_2 4_3 4_4 5_1 5_2 5_3 6_12 6_4 7_5 7_6 7_9,,0.666667,,0.481481,0.428571,0.481481,0.904762,0.481481,0.333333,0.081081,0.739130
2025-12-15,TTM,0,,0.000000,,1_10 2_10 2_12 2_15 3_13 3_14 3_3 4_1 4_3 4_4 4_7 5_1 5_2 5_6 6_10 6_4 7_4 7_5 7_6 7_9,,0.481481,0.481481,,0.428571,0.428571,0.538462,0.428571,0.290323,0.111111,0.481481
2025-12-15,ET,0,,0.000000,,1_10 1_11 2_10 2_11 2_12 2_9 3_10 3_14 3_4 4_0 4_1 4_11 4_3 4_4 5_1 5_3 6_10 6_4 7_5 7_9,,0.379310,0.428571,0.428571,,0.290323,0.481481,0.290323,0.379310,0.052632,0.428571
2025-12-15,B5: B2+B3,0,,0.000000,,1_10 1_3 1_8 2_10 3_10 3_11 3_12 3_13 3_14 4_1 4_2 4_3 4_7 5_1 5_2 6_10 6_7 7_6 7_7 7_9,,0.739130,0.481481,0.428571,0.290323,,0.481481,1.000000,0.250000,0.111111,0.666667
2025-12-15,B4: B1+B3,0,,0.000000,,1_10 2_10 2_9 3_10 3_11 3_12 3_13 3_3 4_1 4_3 4_4 5_1 5_2 5_3 6_10 6_12 6_4 7_5 7_6 7_9,,0.666667,0.904762,0.538462,0.481481,0.481481,,0.481481,0.379310,0.081081,0.739130
2025-12-15,B2: Recent MA,0,,0.000000,,1_10 1_3 1_8 2_10 3_10 3_11 3_12 3_13 3_14 4_1 4_2 4_3 4_7 5_1 5_2 6_10 6_7 7_6 7_7 7_9,,0.739130,0.481481,0.428571,0.290323,1.000000,0.481481,,0.250000,0.111111,0.666667
2025-12-15,B3: DoY season,0,,0.000000,,0_0 1_0 1_10 2_0 2_10 2_12 2_9 3_10 3_11 3_3 4_0 4_3 5_0 5_1 6_1 6_10 6_4 7_1 7_9 8_1,,0.290323,0.333333,0.290323,0.379310,0.250000,0.379310,0.250000,,0.111111,0.290323
2025-12-15,B0: Random,0,,0.000000,,0_11 0_5 0_9 1_0 2_1 2_7 3_0 3_13 3_14 3_15 3_7 4_5 5_1 6_0 6_8 7_1 7_10 7_6 8_1 8_3,,0.081081,0.081081,0.111111,0.052632,0.111111,0.081081,0.111111,0.111111,,0.081081
2025-12-16,GLM-Logit,0,,0.000000,,1_10 1_3 2_10 3_10 3_11 3_12 3_13 4_1 4_2 4_3 4_4 5_1 5_2 5_3 6_10 6_4 7_5 7_6 7_7 7_9,,0.818182,0.739130,0.600000,0.428571,0.600000,0.739130,0.600000,0.250000,0.052632,
2025-12-16,HierBayes,0,,0.000000,,1_10 1_11 1_3 2_10 3_10 3_11 3_12 3_13 4_1 4_2 4_3 4_4 4_7 5_1 5_2 5_3 6_10 6_4 7_5 7_9,,,0.666667,0.538462,0.481481,0.600000,0.666667,0.538462,0.250000,0.025641,0.818182
2025-12-16,B1: Static prior,0,,0.000000,,1_10 2_10 2_9 3_10 3_11 3_12 3_13 3_3 4_1 4_2 4_3 4_4 5_1 5_2 5_3 6_12 6_4 7_5 7_6 7_9,,0.666667,,0.600000,0.428571,0.428571,0.904762,0.428571,0.290323,0.052632,0.739130
2025-12-16,TTM,0,,0.000000,,1_10 2_10 3_10 3_11 3_13 3_3 3_9 4_1 4_3 4_4 5_1 5_2 5_4 5_6 5_7 6_10 6_4 7_5 7_6 7_9,,0.538462,0.600000,,0.379310,0.428571,0.666667,0.379310,0.290323,0.081081,0.600000
2025-12-16,ET,0,,0.000000,,1_10 1_11 2_10 2_11 2_12 2_9 3_10 3_14 3_4 4_0 4_1 4_11 4_3 4_4 5_1 5_3 6_10 6_4 7_5 7_9,,0.481481,0.428571,0.379310,,0.290323,0.481481,0.250000,0.333333,0.025641,0.428571
2025-12-16,B5: B2+B3,0,,0.000000,,1_10 1_11 1_3 1_8 2_10 3_10 3_11 3_13 4_1 4_2 4_3 4_7 5_1 5_2 6_10 6_7 7_6 7_7 7_9 8_8,,0.600000,0.428571,0.428571,0.290323,,0.428571,0.739130,0.212121,0.052632,0.600000
2025-12-16,B4: B1+B3,0,,0.000000,,1_10 2_10 2_9 3_10 3_11 3_12 3_13 3_3 4_1 4_3 4_4 5_1 5_2 5_3 6_10 6_12 6_4 7_5 7_6 7_9,,0.666667,0.904762,0.666667,0.481481,0.428571,,0.428571,0.333333,0.052632,0.739130
2025-12-16,B2: Recent MA,0,,0.000000,,1_10 1_3 1_8 3_10 3_11 3_13 4_1 4_2 4_3 4_7 5_1 5_2 5_3 6_10 6_5 6_7 7_10 7_6 7_7 7_9,,0.538462,0.428571,0.379310,0.250000,0.739130,0.428571,,0.176471,0.052632,0.600000
2025-12-16,B3: DoY season,0,,0.000000,,0_0 1_0 1_10 2_0 2_10 2_12 2_9 3_11 3_3 4_0 4_3 5_0 5_1 6_1 6_10 6_4 7_1 7_9 8_0 8_1,,0.250000,0.290323,0.290323,0.333333,0.212121,0.333333,0.176471,,0.052632,0.250000
2025-12-16,B0: Random,0,,0.000000,,0_1 0_13 0_4 0_6 1_1 1_14 1_15 1_9 2_1 2_14 3_4 3_9 5_0 5_2 6_6 7_1 7_6 7_8 8_10 8_5,,0.025641,0.052632,0.081081,0.025641,0.052632,0.052632,0.052632,0.052632,,0.052632
2025-12-17,GLM-Logit,0,,0.000000,,1_10 1_3 2_10 3_10 3_12 3_13 3_3 4_1 4_2 4_3 4_4 5_1 5_2 5_3 6_10 6_4 7_5 7_6 7_7 7_9,,0.818182,0.739130,0.666667,0.428571,0.538462,0.739130,0.481481,0.250000,0.052632,
2025-12-17,HierBayes,0,,0.000000,,1_10 1_11 1_3 2_10 2_9 3_10 3_12 3_13 4_1 4_2 4_3 4_4 5_1 5_2 5_3 6_10 6_4 7_5 7_7 7_9,,,0.666667,0.666667,0.538462,0.600000,0.666667,0.538462,0.250000,0.052632,0.818182
2025-12-17,B1: Static prior,0,,0.000000,,1_10 2_10 2_9 3_10 3_11 3_12 3_13 3_3 4_1 4_2 4_3 4_4 5_1 5_2 5_3 6_12 6_4 7_5 7_6 7_9,,0.666667,,0.666667,0.428571,0.379310,0.904762,0.333333,0.290323,0.052632,0.739130
2025-12-17,TTM,0,,0.000000,,1_10 2_10 2_9 3_10 3_13 3_3 4_0 4_1 4_2 4_3 4_4 5_1 5_2 5_3 5_4 5_6 6_10 6_4 7_5 7_9,,0.666667,0.666667,,0.538462,0.428571,0.666667,0.379310,0.333333,0.081081,0.666667
2025-12-17,ET,0,,0.000000,,1_10 1_11 2_10 2_11 2_12 2_9 3_10 3_14 3_4 4_0 4_1 4_11 4_3 4_4 5_1 5_3 6_10 6_4 7_5 7_9,,0.538462,0.428571,0.538462,,0.333333,0.481481,0.290323,0.333333,0.081081,0.428571
2025-12-17,B5: B2+B3,0,,0.000000,,1_10 1_11 1_3 1_8 3_10 3_13 4_1 4_2 4_3 5_1 5_2 5_3 6_10 6_5 7_10 7_5 7_7 7_8 7_9 8_8,,0.600000,0.379310,0.428571,0.333333,,0.379310,0.904762,0.142857,0.025641,0.538462
2025-12-17,B4: B1+B3,0,,0.000000,,1_10 2_10 2_9 3_10 3_11 3_12 3_13 3_3 4_1 4_3 4_4 5_1 5_2 5_3 6_10 6_12 6_4 7_5 7_6 7_9,,0.666667,0.904762,0.666667,0.481481,0.379310,,0.333333,0.333333,0.052632,0.739130
2025-12-17,B2: Recent MA,0,,0.000000,,1_11 1_3 1_8 3_10 3_13 4_1 4_2 4_3 5_1 5_2 5_3 6_10 6_5 6_9 7_10 7_5 7_7 7_8 7_9 8_8,,0.538462,0.333333,0.379310,0.290323,0.904762,0.333333,,0.111111,0.025641,0.481481
2025-12-17,B3: DoY season,0,,0.000000,,0_0 1_0 1_10 2_0 2_10 2_12 2_9 3_11 3_3 4_0 4_3 5_0 5_1 6_1 6_10 6_4 7_1 7_9 8_0 8_1,,0.250000,0.290323,0.333333,0.333333,0.142857,0.333333,0.111111,,0.052632,0.250000
2025-12-17,B0: Random,0,,0.000000,,0_10 0_14 0_15 1_1 1_7 2_14 3_12 3_15 3_7 4_0 4_11 4_12 4_6 5_6 6_8 7_3 7_5 8_0 8_10 8_9,,0.052632,0.052632,0.081081,0.081081,0.025641,0.052632,0.025641,0.052632,,0.052632
2025-12-18,GLM-Logit,0,,0.000000,,1_10 1_3 2_10 2_9 3_10 3_12 3_13 3_3 4_1 4_2 4_3 4_4 5_1 5_2 5_3 6_10 6_4 7_5 7_6 7_9,,0.818182,0.818182,0.739130,0.481481,0.481481,0.818182,0.379310,0.290323,0.052632,
2025-12-18,HierBayes,0,,0.000000,,1_10 1_11 1_3 2_10 2_9 3_10 3_12 3_13 4_1 4_2 4_3 4_4 5_1 5_2 5_3 5_4 6_10 6_4 7_5 7_9,,,0.666667,0.739130,0.538462,0.481481,0.666667,0.428571,0.250000,0.025641,0.818182
2025-12-18,B1: Static prior,0,,0.000000,,1_10 2_10 2_9 3_10 3_11 3_12 3_13 3_3 4_1 4_2 4_3 4_4 5_1 5_2 5_3 6_12 6_4 7_5 7_6 7_9,,0.666667,,0.666667,0.428571,0.379310,0.904762,0.290323,0.290323,0.052632,0.818182
2025-12-18,TTM,0,,0.000000,,1_10 2_10 2_11 2_9 3_10 3_12 3_13 3_2 3_3 4_1 4_3 4_4 5_1 5_2 5_3 5_4 6_10 6_4 7_5 7_9,,0.739130,0.666667,,0.538462,0.379310,0.739130,0.290323,0.290323,0.052632,0.739130
2025-12-18,ET,0,,0.000000,,1_10 1_11 2_10 2_11 2_12 2_9 3_10 3_14 3_4 4_0 4_1 4_11 4_3 4_4 5_1 5_3 6_10 6_4 7_5 7_9,,0.538462,0.428571,0.538462,,0.333333,0.481481,0.290323,0.333333,0.025641,0.481481
2025-12-18,B5: B2+B3,0,,0.000000,,1_10 1_11 1_3 2_9 3_10 3_13 3_14 3_3 4_1 4_2 4_3 4_7 5_1 5_2 6_10 6_13 7_7 7_9 8_11 8_8,,0.481481,0.379310,0.379310,0.333333,,0.379310,0.818182,0.212121,0.081081,0.481481
2025-12-18,B4: B1+B3,0,,0.000000,,1_10 2_10 2_9 3_10 3_11 3_12 3_13 3_3 4_1 4_3 4_4 5_1 5_2 5_3 6_10 6_12 6_4 7_5 7_6 7_9,,0.666667,0.904762,0.739130,0.481481,0.379310,,0.290323,0.333333,0.052632,0.818182
2025-12-18,B2: Recent MA,0,,0.000000,,1_1 1_10 1_11 1_3 3_10 3_13 3_14 4_1 4_2 4_3 4_7 5_1 5_2 6_1 6_10 6_13 7_7 7_9 8_11 8_8,,0.428571,0.290323,0.290323,0.290323,0.818182,0.290323,,0.176471,0.052632,0.379310
2025-12-18,B3: DoY season,0,,0.000000,,0_0 1_0 1_10 2_0 2_10 2_12 2_9 3_11 3_3 4_0 4_3 5_0 5_1 6_1 6_10 6_4 7_1 7_9 8_0 8_1,,0.250000,0.290323,0.290323,0.333333,0.212121,0.333333,0.176471,,0.052632,0.290323
2025-12-18,B0: Random,0,,0.000000,,0_11 0_12 0_14 0_6 2_0 2_14 2_6 3_13 3_3 3_4 4_13 4_6 4_8 5_13 6_8 7_10 7_11 8_10 8_8 8_9,,0.025641,0.052632,0.052632,0.025641,0.081081,0.052632,0.052632,0.052632,,0.052632
2025-12-19,GLM-Logit,0,,0.000000,,1_10 1_3 2_10 2_9 3_10 3_11 3_12 3_13 3_3 4_1 4_2 4_3 4_4 5_1 5_3 6_12 6_4 7_5 7_6 7_9,,0.666667,0.904762,0.600000,0.428571,0.538462,0.818182,0.250000,0.333333,0.052632,
2025-12-19,HierBayes,0,,0.000000,,1_10 1_11 2_10 2_9 3_10 3_12 3_13 3_3 4_1 4_2 4_3 4_4 4_7 5_1 5_2 5_3 5_4 6_4 7_5 7_9,,,0.739130,0.538462,0.481481,0.538462,0.666667,0.250000,0.333333,0.081081,0.666667
2025-12-19,B1: Static prior,0,,0.000000,,1_10 2_10 2_9 3_10 3_11 3_12 3_13 3_3 4_1 4_2 4_3 4_4 5_1 5_2 5_3 6_12 6_4 7_5 7_6 7_9,,0.739130,,0.666667,0.428571,0.481481,0.904762,0.212121,0.333333,0.052632,0.904762
2025-12-19,TTM,0,,0.000000,,1_10 2_10 2_9 3_1 3_11 3_13 3_14 4_1 4_2 4_3 4_4 5_1 5_2 5_3 6_10 6_12 6_4 7_4 7_5 7_9,,0.538462,0.666667,,0.481481,0.481481,0.666667,0.250000,0.290323,0.052632,0.600000
2025-12-19,ET,0,,0.000000,,1_10 1_11 2_10 2_11 2_12 2_9 3_10 3_14 3_4 4_0 4_1 4_11 4_3 4_4 5_1 5_3 6_10 6_4 7_5 7_9,,0.481481,0.428571,0.481481,,0.481481,0.481481,0.212121,0.428571,0.052632,0.428571
2025-12-19,B5: B2+B3,0,,0.000000,,1_10 1_3 2_10 2_12 2_9 3_10 3_13 3_14 3_3 4_1 4_2 4_3 4_4 4_7 5_1 6_10 6_4 7_7 7_9 8_8,,0.538462,0.481481,0.481481,0.481481,,0.481481,0.428571,0.428571,0.025641,0.538462
2025-12-19,B4: B1+B3,0,,0.000000,,1_10 2_10 2_9 3_10 3_11 3_12 3_13 3_3 4_1 4_3 4_4 5_1 5_2 5_3 6_10 6_12 6_4 7_5 7_6 7_9,,0.666667,0.904762,0.666667,0.481481,0.481481,,0.176471,0.379310,0.025641,0.818182
2025-12-19,B2: Recent MA,0,,0.000000,,0_0 0_2 1_10 1_3 3_1 3_10 3_13 3_14 4_0 4_1 4_2 4_7 5_0 5_1 6_1 7_0 7_1 7_7 7_9 8_8,,0.250000,0.212121,0.250000,0.212121,0.428571,0.176471,,0.290323,0.111111,0.250000
2025-12-19,B3: DoY season,0,,0.000000,,0_0 1_0 1_10 2_10 2_12 2_9 3_10 3_3 4_0 4_3 4_4 5_0 5_1 6_1 6_10 6_4 7_1 7_9 8_0 8_1,,0.333333,0.333333,0.290323,0.428571,0.428571,0.379310,0.290323,,0.111111,0.333333
2025-12-19,B0: Random,0,,0.000000,,0_0 0_1 0_8 1_0 1_11 1_2 1_5 2_13 2_3 4_2 5_5 5_6 7_0 7_1 7_10 7_5 7_8 8_0 8_13 8_14,,0.081081,0.052632,0.052632,0.052632,0.025641,0.025641,0.111111,0.111111,,0.052632
2025-12-20,GLM-Logit,0,,0.000000,,1_10 2_10 2_9 3_10 3_11 3_12 3_13 3_3 4_1 4_2 4_3 4_4 5_1 5_2 5_3 6_12 6_4 7_5 7_6 7_9,,0.739130,1.000000,0.538462,0.428571,0.481481,0.904762,0.052632,0.428571,0.025641,
2025-12-20,HierBayes,0,,0.000000,,1_10 1_11 2_10 2_9 3_10 3_11 3_12 3_13 3_3 4_1 4_3 4_4 5_1 5_2 5_3 5_4 6_4 7_4 7_5 7_9,,,0.739130,0.600000,0.481481,0.481481,0.739130,0.052632,0.428571,0.052632,0.739130
2025-12-20,B1: Static prior,0,,0.000000,,1_10 2_10 2_9 3_10 3_11 3_12 3_13 3_3 4_1 4_2 4_3 4_4 5_1 5_2 5_3 6_12 6_4 7_5 7_6 7_9,,0.739130,,0.538462,0.428571,0.481481,0.904762,0.052632,0.428571,0.025641,1.000000
2025-12-20,TTM,0,,0.000000,,1_10 1_11 2_10 2_9 3_10 3_13 3_14 3_2 4_1 4_3 4_4 5_1 5_10 5_3 6_10 6_12 6_4 7_4 7_5 7_9,,0.600000,0.538462,,0.600000,0.481481,0.600000,0.081081,0.379310,0.000000,0.538462
2025-12-20,ET,0,,0.000000,,1_10 1_11 2_10 2_11 2_12 2_9 3_10 3_14 3_4 4_0 4_1 4_11 4_3 4_4 5_1 5_3 6_10 6_4 7_5 7_9,,0.481481,0.428571,0.600000,,0.600000,0.481481,0.111111,0.481481,0.000000,0.428571
2025-12-20,B5: B2+B3,0,,0.000000,,1_10 2_10 2_12 2_9 3_10 3_11 3_14 3_3 4_0 4_1 4_3 4_4 5_1 6_1 6_10 6_4 7_1 7_5 7_9 8_1,,0.481481,0.481481,0.481481,0.600000,,0.538462,0.176471,0.818182,0.052632,0.481481
2025-12-20,B4: B1+B3,0,,0.000000,,1_10 2_10 2_9 3_10 3_11 3_12 3_13 3_3 4_1 4_3 4_4 5_1 5_2 5_3 6_10 6_12 6_4 7_5 7_6 7_9,,0.739130,0.904762,0.600000,0.481481,0.538462,,0.052632,0.481481,0.025641,0.904762
2025-12-20,B2: Recent MA,0,,0.000000,,0_0 0_1 0_2 1_0 1_1 1_2 2_0 2_1 3_0 3_1 3_14 4_0 4_1 5_0 5_1 6_0 7_0 7_1 8_0 8_1,,0.052632,0.052632,0.081081,0.111111,0.176471,0.052632,,0.176471,0.081081,0.052632
2025-12-20,B3: DoY season,0,,0.000000,,0_0 1_0 1_10 2_10 2_12 2_9 3_10 3_11 3_3 4_0 4_3 4_4 5_1 6_1 6_10 6_4 7_1 7_5 7_9 8_1,,0.428571,0.428571,0.379310,0.481481,0.818182,0.481481,0.176471,,0.052632,0.428571
2025-12-20,B0: Random,0,,0.000000,,0_1 0_10 0_5 0_7 2_14 2_3 2_4 3_11 4_14 4_9 5_4 6_11 6_2 7_1 7_7 7_8 8_0 8_14 8_15 8_6,,0.052632,0.025641,0.000000,0.000000,0.052632,0.025641,0.081081,0.052632,,0.025641
2025-12-21,GLM-Logit,0,,0.000000,,1_10 2_10 2_9 3_10 3_11 3_12 3_13 3_3 4_1 4_2 4_3 4_4 5_1 5_2 5_3 6_12 6_4 7_5 7_6 7_9,,0.739130,1.000000,0.538462,0.428571,0.428571,0.904762,0.052632,0.428571,0.052632,
2025-12-21,HierBayes,0,,0.000000,,1_10 1_11 2_10 2_9 3_10 3_11 3_12 3_13 3_3 4_1 4_3 4_4 5_1 5_2 5_3 5_4 6_4 7_4 7_5 7_9,,,0.739130,0.538462,0.481481,0.428571,0.739130,0.052632,0.428571,0.052632,0.739130
2025-12-21,B1: Static prior,0,,0.000000,,1_10 2_10 2_9 3_10 3_11 3_12 3_13 3_3 4_1 4_2 4_3 4_4 5_1 5_2 5_3 6_12 6_4 7_5 7_6 7_9,,0.739130,,0.538462,0.428571,0.428571,0.904762,0.052632,0.428571,0.052632,1.000000
2025-12-21,TTM,0,,0.000000,,1_10 1_11 2_10 2_9 3_13 3_2 3_3 4_1 4_3 4_4 5_1 5_12 5_3 5_7 6_10 6_12 6_3 6_4 7_5 7_9,,0.538462,0.538462,,0.481481,0.379310,0.600000,0.052632,0.379310,0.052632,0.538462
2025-12-21,ET,0,,0.000000,,1_10 1_11 2_10 2_11 2_12 2_9 3_10 3_14 3_4 4_0 4_1 4_11 4_3 4_4 5_1 5_3 6_10 6_4 7_5 7_9,,0.481481,0.428571,0.481481,,0.481481,0.481481,0.081081,0.481481,0.081081,0.428571
2025-12-21,B5: B2+B3,0,,0.000000,,0_0 1_0 1_10 2_10 2_12 2_9 3_10 3_11 3_3 4_0 4_3 4_4 5_1 6_1 6_10 6_4 7_1 7_5 7_9 8_1,,0.428571,0.428571,0.379310,0.481481,,0.481481,0.212121,1.000000,0.111111,0.428571
2025-12-21,B4: B1+B3,0,,0.000000,,1_10 2_10 2_9 3_10 3_11 3_12 3_13 3_3 4_1 4_3 4_4 5_1 5_2 5_3 6_10 6_12 6_4 7_5 7_6 7_9,,0.739130,0.904762,0.600000,0.481481,0.481481,,0.052632,0.481481,0.052632,0.904762
2025-12-21,B2: Recent MA,0,,0.000000,,0_0 0_1 0_2 1_0 1_1 1_2 2_0 2_1 3_0 3_1 4_0 4_1 5_0 5_1 6_0 6_1 7_0 7_1 8_0 8_1,,0.052632,0.052632,0.052632,0.081081,0.212121,0.052632,,0.212121,0.212121,0.052632
2025-12-21,B3: DoY season,0,,0.000000,,0_0 1_0 1_10 2_10 2_12 2_9 3_10 3_11 3_3 4_0 4_3 4_4 5_1 6_1 6_10 6_4 7_1 7_5 7_9 8_1,,0.428571,0.428571,0.379310,0.481481,1.000000,0.481481,0.212121,,0.111111,0.428571
2025-12-21,B0: Random,0,,0.000000,,0_0 0_11 0_12 0_5 1_10 1_2 2_0 2_1 3_1 3_15 3_6 3_7 3_8 4_11 6_4 7_0 7_12 7_3 8_1 8_7,,0.052632,0.052632,0.052632,0.081081,0.111111,0.052632,0.212121,0.111111,,0.052632
2025-12-22,GLM-Logit,0,,0.000000,,1_10 2_10 2_9 3_10 3_11 3_12 3_13 3_3 4_1 4_2 4_3 4_4 5_1 5_2 5_3 6_12 6_4 7_5 7_6 7_9,,0.739130,1.000000,0.666667,0.428571,0.428571,0.904762,0.052632,0.428571,0.052632,
2025-12-22,HierBayes,0,,0.000000,,1_10 1_11 2_10 2_9 3_10 3_11 3_12 3_13 3_3 4_1 4_3 4_4 5_1 5_2 5_3 5_4 6_4 7_4 7_5 7_9,,,0.739130,0.666667,0.481481,0.428571,0.739130,0.052632,0.428571,0.025641,0.739130
2025-12-22,B1: Static prior,0,,0.000000,,1_10 2_10 2_9 3_10 3_11 3_12 3_13 3_3 4_1 4_2 4_3 4_4 5_1 5_2 5_3 6_12 6_4 7_5 7_6 7_9,,0.739130,,0.666667,0.428571,0.428571,0.904762,0.052632,0.428571,0.052632,1.000000
2025-12-22,TTM,0,,0.000000,,1_10 1_11 2_10 2_11 2_9 3_10 3_11 3_13 3_3 4_1 4_3 4_4 5_1 5_3 5_7 6_10 6_12 6_4 7_5 7_9,,0.666667,0.666667,,0.600000,0.481481,0.739130,0.052632,0.481481,0.081081,0.666667
2025-12-22,ET,0,,0.000000,,1_10 1_11 2_10 2_11 2_12 2_9 3_10 3_14 3_4 4_0 4_1 4_11 4_3 4_4 5_1 5_3 6_10 6_4 7_5 7_9,,0.481481,0.428571,0.600000,,0.481481,0.481481,0.081081,0.481481,0.081081,0.428571
2025-12-22,B5: B2+B3,0,,0.000000,,0_0 1_0 1_10 2_10 2_12 2_9 3_10 3_11 3_3 4_0 4_3 4_4 5_1 6_1 6_10 6_4 7_1 7_5 7_9 8_1,,0.428571,0.428571,0.481481,0.481481,,0.481481,0.212121,1.000000,0.081081,0.428571
2025-12-22,B4: B1+B3,0,,0.000000,,1_10 2_10 2_9 3_10 3_11 3_12 3_13 3_3 4_1 4_3 4_4 5_1 5_2 5_3 6_10 6_12 6_4 7_5 7_6 7_9,,0.739130,0.904762,0.739130,0.481481,0.481481,,0.052632,0.481481,0.052632,0.904762
2025-12-22,B2: Recent MA,0,,0.000000,,0_0 0_1 0_2 1_0 1_1 1_2 2_0 2_1 3_0 3_1 4_0 4_1 5_0 5_1 6_0 6_1 7_0 7_1 8_0 8_1,,0.052632,0.052632,0.052632,0.081081,0.212121,0.052632,,0.212121,0.111111,0.052632
2025-12-22,B3: DoY season,0,,0.000000,,0_0 1_0 1_10 2_10 2_12 2_9 3_10 3_11 3_3 4_0 4_3 4_4 5_1 6_1 6_10 6_4 7_1 7_5 7_9 8_1,,0.428571,0.428571,0.481481,0.481481,1.000000,0.481481,0.212121,,0.081081,0.428571
2025-12-22,B0: Random,0,,0.000000,,0_0 0_3 0_7 0_8 1_3 2_11 2_15 3_0 3_1 3_14 3_15 3_2 4_5 4_6 6_1 6_12 6_4 7_15 8_11 8_15,,0.025641,0.052632,0.081081,0.081081,0.081081,0.052632,0.111111,0.081081,,0.052632
2025-12-23,GLM-Logit,0,,0.000000,,1_10 2_10 2_9 3_10 3_11 3_12 3_13 3_3 4_1 4_2 4_3 4_4 5_1 5_2 5_3 6_12 6_4 7_5 7_6 7_9,,0.739130,1.000000,0.538462,0.428571,0.428571,0.904762,0.052632,0.428571,0.081081,
2025-12-23,HierBayes,0,,0.000000,,1_10 1_11 2_10 2_9 3_10 3_11 3_12 3_13 3_3 4_1 4_3 4_4 5_1 5_2 5_3 5_4 6_4 7_4 7_5 7_9,,,0.739130,0.538462,0.481481,0.428571,0.739130,0.052632,0.428571,0.081081,0.739130
2025-12-23,B1: Static prior,0,,0.000000,,1_10 2_10 2_9 3_10 3_11 3_12 3_13 3_3 4_1 4_2 4_3 4_4 5_1 5_2 5_3 6_12 6_4 7_5 7_6 7_9,,0.739130,,0.538462,0.428571,0.428571,0.904762,0.052632,0.428571,0.081081,1.000000
2025-12-23,TTM,0,,0.000000,,1_10 2_10 3_10 3_13 3_2 4_1 4_11 4_3 4_4 5_1 5_2 5_3 5_7 6_10 6_11 6_12 6_4 7_4 7_5 7_9,,0.538462,0.538462,,0.481481,0.333333,0.600000,0.052632,0.333333,0.111111,0.538462
2025-12-23,ET,0,,0.000000,,1_10 1_11 2_10 2_11 2_12 2_9 3_10 3_14 3_4 4_0 4_1 4_11 4_3 4_4 5_1 5_3 6_10 6_4 7_5 7_9,,0.481481,0.428571,0.481481,,0.481481,0.481481,0.081081,0.481481,0.111111,0.428571
2025-12-23,B5: B2+B3,0,,0.000000,,0_0 1_0 1_10 2_10 2_12 2_9 3_10 3_11 3_3 4_0 4_3 4_4 5_1 6_1 6_10 6_4 7_1 7_5 7_9 8_1,,0.428571,0.428571,0.333333,0.481481,,0.481481,0.212121,1.000000,0.111111,0.428571
2025-12-23,B4: B1+B3,0,,0.000000,,1_10 2_10 2_9 3_10 3_11 3_12 3_13 3_3 4_1 4_3 4_4 5_1 5_2 5_3 6_10 6_12 6_4 7_5 7_6 7_9,,0.739130,0.904762,0.600000,0.481481,0.481481,,0.052632,0.481481,0.081081,0.904762
2025-12-23,B2: Recent MA,0,,0.000000,,0_0 0_1 0_2 1_0 1_1 1_2 2_0 2_1 3_0 3_1 4_0 4_1 5_0 5_1 6_0 6_1 7_0 7_1 8_0 8_1,,0.052632,0.052632,0.052632,0.081081,0.212121,0.052632,,0.212121,0.142857,0.052632
2025-12-23,B3: DoY season,0,,0.000000,,0_0 1_0 1_10 2_10 2_12 2_9 3_10 3_11 3_3 4_0 4_3 4_4 5_1 6_1 6_10 6_4 7_1 7_5 7_9 8_1,,0.428571,0.428571,0.333333,0.481481,1.000000,0.481481,0.212121,,0.111111,0.428571
2025-12-23,B0: Random,0,,0.000000,,0_1 1_14 1_15 1_9 2_0 2_10 3_0 3_1 3_2 3_6 4_0 4_9 5_10 5_5 5_8 6_3 6_5 7_5 7_9 8_6,,0.081081,0.081081,0.111111,0.111111,0.111111,0.081081,0.142857,0.111111,,0.081081
2025-12-24,GLM-Logit,0,,0.000000,,1_10 2_10 2_9 3_10 3_11 3_12 3_13 3_3 4_1 4_2 4_3 4_4 5_1 5_2 5_3 6_12 6_4 7_5 7_6 7_9,,0.739130,1.000000,0.481481,0.428571,0.428571,1.000000,0.052632,0.428571,0.111111,
2025-12-24,HierBayes,0,,0.000000,,1_10 1_11 2_10 2_9 3_10 3_11 3_12 3_13 3_3 4_1 4_3 4_4 5_1 5_2 5_3 5_4 6_4 7_4 7_5 7_9,,,0.739130,0.481481,0.481481,0.428571,0.739130,0.052632,0.428571,0.111111,0.739130
2025-12-24,B1: Static prior,0,,0.000000,,1_10 2_10 2_9 3_10 3_11 3_12 3_13 3_3 4_1 4_2 4_3 4_4 5_1 5_2 5_3 6_12 6_4 7_5 7_6 7_9,,0.739130,,0.481481,0.428571,0.428571,1.000000,0.052632,0.428571,0.111111,1.000000
2025-12-24,TTM,0,,0.000000,,0_9 1_10 2_10 3_12 3_2 4_1 4_3 4_4 5_1 5_10 5_2 5_3 5_5 6_10 6_11 6_12 6_4 7_4 7_5 7_9,,0.481481,0.481481,,0.379310,0.250000,0.481481,0.052632,0.250000,0.176471,0.481481
2025-12-24,ET,0,,0.000000,,1_10 1_11 2_10 2_11 2_12 2_9 3_10 3_14 3_4 4_0 4_1 4_11 4_3 4_4 5_1 5_3 6_10 6_4 7_5 7_9,,0.481481,0.428571,0.379310,,0.428571,0.428571,0.081081,0.428571,0.111111,0.428571
2025-12-24,B5: B2+B3,0,,0.000000,,0_0 1_0 1_10 2_10 2_12 2_9 3_10 3_11 3_3 4_0 4_3 4_4 5_1 6_1 6_4 7_1 7_5 7_9 8_0 8_1,,0.428571,0.428571,0.250000,0.428571,,0.428571,0.250000,1.000000,0.081081,0.428571
2025-12-24,B4: B1+B3,0,,0.000000,,1_10 2_10 2_9 3_10 3_11 3_12 3_13 3_3 4_1 4_2 4_3 4_4 5_1 5_2 5_3 6_12 6_4 7_5 7_6 7_9,,0.739130,1.000000,0.481481,0.428571,0.428571,,0.052632,0.428571,0.111111,1.000000
2025-12-24,B2: Recent MA,0,,0.000000,,0_0 0_1 0_2 1_0 1_1 1_2 2_0 2_1 3_0 3_1 4_0 4_1 5_0 5_1 6_0 6_1 7_0 7_1 8_0 8_1,,0.052632,0.052632,0.052632,0.081081,0.250000,0.052632,,0.250000,0.052632,0.052632
2025-12-24,B3: DoY season,0,,0.000000,,0_0 1_0 1_10 2_10 2_12 2_9 3_10 3_11 3_3 4_0 4_3 4_4 5_1 6_1 6_4 7_1 7_5 7_9 8_0 8_1,,0.428571,0.428571,0.250000,0.428571,1.000000,0.428571,0.250000,,0.081081,0.428571
2025-12-24,B0: Random,0,,0.000000,,1_13 1_14 1_2 1_6 3_4 4_13 4_15 4_3 5_1 5_10 5_11 5_6 6_12 6_15 6_3 6_4 7_4 8_10 8_2 8_5,,0.111111,0.111111,0.176471,0.111111,0.081081,0.111111,0.052632,0.081081,,0.111111
2025-12-25,GLM-Logit,0,,0.000000,,1_10 2_10 2_9 3_10 3_11 3_12 3_13 3_3 4_1 4_2 4_3 4_4 5_1 5_2 5_3 6_12 6_4 7_5 7_6 7_9,,0.739130,1.000000,0.538462,0.428571,0.428571,1.000000,0.052632,0.428571,0.000000,
2025-12-25,HierBayes,0,,0.000000,,1_10 1_11 2_10 2_9 3_10 3_11 3_12 3_13 3_3 4_1 4_3 4_4 5_1 5_2 5_3 5_4 6_4 7_4 7_5 7_9,,,0.739130,0.600000,0.481481,0.428571,0.739130,0.052632,0.428571,0.000000,0.739130
2025-12-25,B1: Static prior,0,,0.000000,,1_10 2_10 2_9 3_10 3_11 3_12 3_13 3_3 4_1 4_2 4_3 4_4 5_1 5_2 5_3 6_12 6_4 7_5 7_6 7_9,,0.739130,,0.538462,0.428571,0.428571,1.000000,0.052632,0.428571,0.000000,1.000000
2025-12-25,TTM,0,,0.000000,,1_10 2_10 2_9 3_13 3_2 3_3 4_3 4_4 5_1 5_2 5_3 5_4 5_7 6_10 6_12 6_4 6_7 7_4 7_5 7_9,,0.600000,0.538462,,0.379310,0.333333,0.538462,0.025641,0.333333,0.000000,0.538462
2025-12-25,ET,0,,0.000000,,1_10 1_11 2_10 2_11 2_12 2_9 3_10 3_14 3_4 4_0 4_1 4_11 4_3 4_4 5_1 5_3 6_10 6_4 7_5 7_9,,0.481481,0.428571,0.379310,,0.428571,0.428571,0.081081,0.428571,0.052632,0.428571
2025-12-25,B5: B2+B3,0,,0.000000,,0_0 1_0 1_10 2_10 2_12 2_9 3_10 3_11 3_3 4_0 4_3 4_4 5_1 6_1 6_4 7_1 7_5 7_9 8_0 8_1,,0.428571,0.428571,0.333333,0.428571,,0.428571,0.250000,1.000000,0.052632,0.428571
2025-12-25,B4: B1+B3,0,,0.000000,,1_10 2_10 2_9 3_10 3_11 3_12 3_13 3_3 4_1 4_2 4_3 4_4 5_1 5_2 5_3 6_12 6_4 7_5 7_6 7_9,,0.739130,1.000000,0.538462,0.428571,0.428571,,0.052632,0.428571,0.000000,1.000000
2025-12-25,B2: Recent MA,0,,0.000000,,0_0 0_1 0_2 1_0 1_1 1_2 2_0 2_1 3_0 3_1 4_0 4_1 5_0 5_1 6_0 6_1 7_0 7_1 8_0 8_1,,0.052632,0.052632,0.025641,0.081081,0.250000,0.052632,,0.250000,0.052632,0.052632
2025-12-25,B3: DoY season,0,,0.000000,,0_0 1_0 1_10 2_10 2_12 2_9 3_10 3_11 3_3 4_0 4_3 4_4 5_1 6_1 6_4 7_1 7_5 7_9 8_0 8_1,,0.428571,0.428571,0.333333,0.428571,1.000000,0.428571,0.250000,,0.052632,0.428571
2025-12-25,B0: Random,0,,0.000000,,0_1 0_14 0_15 0_7 1_14 1_6 2_12 2_14 2_6 4_10 4_11 4_6 5_10 5_11 6_13 7_7 7_8 8_1 8_11 8_5,,0.000000,0.000000,0.000000,0.052632,0.052632,0.000000,0.052632,0.052632,,0.000000
2025-12-26,GLM-Logit,0,,0.000000,,1_10 2_10 2_9 3_10 3_11 3_12 3_13 3_3 4_1 4_2 4_3 4_4 5_1 5_2 5_3 6_12 6_4 7_5 7_6 7_9,,0.739130,1.000000,0.666667,0.428571,0.428571,1.000000,0.052632,0.428571,0.000000,
2025-12-26,HierBayes,0,,0.000000,,1_10 1_11 2_10 2_9 3_10 3_11 3_12 3_13 3_3 4_1 4_3 4_4 5_1 5_2 5_3 5_4 6_4 7_4 7_5 7_9,,,0.739130,0.600000,0.481481,0.428571,0.739130,0.052632,0.428571,0.000000,0.739130
2025-12-26,B1: Static prior,0,,0.000000,,1_10 2_10 2_9 3_10 3_11 3_12 3_13 3_3 4_1 4_2 4_3 4_4 5_1 5_2 5_3 6_12 6_4 7_5 7_6 7_9,,0.739130,,0.666667,0.428571,0.428571,1.000000,0.052632,0.428571,0.000000,1.000000
2025-12-26,TTM,0,,0.000000,,1_10 2_10 2_9 3_10 3_12 3_13 3_3 4_1 4_2 4_3 5_1 5_12 5_2 5_3 5_7 6_10 6_4 6_8 7_5 7_9,,0.600000,0.666667,,0.428571,0.333333,0.666667,0.052632,0.333333,0.052632,0.666667
2025-12-26,ET,0,,0.000000,,1_10 1_11 2_10 2_11 2_12 2_9 3_10 3_14 3_4 4_0 4_1 4_11 4_3 4_4 5_1 5_3 6_10 6_4 7_5 7_9,,0.481481,0.428571,0.428571,,0.379310,0.428571,0.081081,0.379310,0.052632,0.428571
2025-12-26,B5: B2+B3,0,,0.000000,,0_0 0_1 1_0 1_10 2_10 2_9 3_10 3_11 3_3 4_0 4_3 4_4 5_1 6_1 6_4 7_1 7_5 7_9 8_0 8_1,,0.428571,0.428571,0.333333,0.379310,,0.428571,0.290323,1.000000,0.025641,0.428571
2025-12-26,B4: B1+B3,0,,0.000000,,1_10 2_10 2_9 3_10 3_11 3_12 3_13 3_3 4_1 4_2 4_3 4_4 5_1 5_2 5_3 6_12 6_4 7_5 7_6 7_9,,0.739130,1.000000,0.666667,0.428571,0.428571,,0.052632,0.428571,0.000000,1.000000
2025-12-26,B2: Recent MA,0,,0.000000,,0_0 0_1 0_2 1_0 1_1 1_2 2_0 2_1 3_0 3_1 4_0 4_1 5_0 5_1 6_0 6_1 7_0 7_1 8_0 8_1,,0.052632,0.052632,0.052632,0.081081,0.290323,0.052632,,0.290323,0.052632,0.052632
2025-12-26,B3: DoY season,0,,0.000000,,0_0 0_1 1_0 1_10 2_10 2_9 3_10 3_11 3_3 4_0 4_3 4_4 5_1 6_1 6_4 7_1 7_5 7_9 8_0 8_1,,0.428571,0.428571,0.333333,0.379310,1.000000,0.428571,0.290323,,0.025641,0.428571
2025-12-26,B0: Random,0,,0.000000,,0_10 0_15 0_4 1_12 1_13 1_3 2_1 2_11 2_4 2_8 5_7 6_1 6_10 6_13 6_3 6_9 7_12 7_7 8_14 8_7,,0.000000,0.000000,0.052632,0.052632,0.025641,0.000000,0.052632,0.025641,,0.000000
2025-12-27,GLM-Logit,0,,0.000000,,1_10 2_10 2_9 3_10 3_11 3_12 3_13 3_3 4_1 4_2 4_3 4_4 5_1 5_2 5_3 6_12 6_4 7_5 7_6 7_9,,0.739130,1.000000,0.481481,0.428571,0.428571,1.000000,0.052632,0.428571,0.025641,
2025-12-27,HierBayes,0,,0.000000,,1_10 1_11 2_10 2_9 3_10 3_11 3_12 3_13 3_3 4_1 4_3 4_4 5_1 5_2 5_3 5_4 6_4 7_4 7_5 7_9,,,0.739130,0.481481,0.481481,0.428571,0.739130,0.052632,0.428571,0.025641,0.739130
2025-12-27,B1: Static prior,0,,0.000000,,1_10 2_10 2_9 3_10 3_11 3_12 3_13 3_3 4_1 4_2 4_3 4_4 5_1 5_2 5_3 6_12 6_4 7_5 7_6 7_9,,0.739130,,0.481481,0.428571,0.428571,1.000000,0.052632,0.428571,0.025641,1.000000
2025-12-27,TTM,0,,0.000000,,1_10 2_10 2_9 3_12 3_13 4_0 4_1 4_11 4_3 4_4 5_2 5_3 5_4 5_5 5_7 6_11 6_4 7_6 7_9 8_10,,0.481481,0.481481,,0.379310,0.250000,0.481481,0.052632,0.250000,0.025641,0.481481
2025-12-27,ET,0,,0.000000,,1_10 1_11 2_10 2_11 2_12 2_9 3_10 3_14 3_4 4_0 4_1 4_11 4_3 4_4 5_1 5_3 6_10 6_4 7_5 7_9,,0.481481,0.428571,0.379310,,0.379310,0.428571,0.081081,0.379310,0.025641,0.428571
2025-12-27,B5: B2+B3,0,,0.000000,,0_0 0_1 1_0 1_10 2_10 2_9 3_10 3_11 3_3 4_0 4_3 4_4 5_1 6_1 6_4 7_1 7_5 7_9 8_0 8_1,,0.428571,0.428571,0.250000,0.379310,,0.428571,0.290323,1.000000,0.025641,0.428571
2025-12-27,B4: B1+B3,0,,0.000000,,1_10 2_10 2_9 3_10 3_11 3_12 3_13 3_3 4_1 4_2 4_3 4_4 5_1 5_2 5_3 6_12 6_4 7_5 7_6 7_9,,0.739130,1.000000,0.481481,0.428571,0.428571,,0.052632,0.428571,0.025641,1.000000
2025-12-27,B2: Recent MA,0,,0.000000,,0_0 0_1 0_2 1_0 1_1 1_2 2_0 2_1 3_0 3_1 4_0 4_1 5_0 5_1 6_0 6_1 7_0 7_1 8_0 8_1,,0.052632,0.052632,0.052632,0.081081,0.290323,0.052632,,0.290323,0.025641,0.052632
2025-12-27,B3: DoY season,0,,0.000000,,0_0 0_1 1_0 1_10 2_10 2_9 3_10 3_11 3_3 4_0 4_3 4_4 5_1 6_1 6_4 7_1 7_5 7_9 8_0 8_1,,0.428571,0.428571,0.250000,0.379310,1.000000,0.428571,0.290323,,0.025641,0.428571
2025-12-27,B0: Random,0,,0.000000,,0_8 1_12 1_15 1_9 2_1 2_15 2_9 3_2 3_9 4_5 4_6 6_15 6_3 6_5 6_6 7_15 7_7 8_2 8_4 8_9,,0.025641,0.025641,0.025641,0.025641,0.025641,0.025641,0.025641,0.025641,,0.025641
2025-12-28,GLM-Logit,0,,0.000000,,1_10 2_10 2_9 3_10 3_11 3_12 3_13 3_3 4_1 4_2 4_3 4_4 5_1 5_2 5_3 6_12 6_4 7_5 7_6 7_9,,0.739130,1.000000,0.538462,0.428571,0.379310,1.000000,0.052632,0.379310,0.052632,
2025-12-28,HierBayes,0,,0.000000,,1_10 1_11 2_10 2_9 3_10 3_11 3_12 3_13 3_3 4_1 4_3 4_4 5_1 5_2 5_3 5_4 6_4 7_4 7_5 7_9,,,0.739130,0.600000,0.481481,0.379310,0.739130,0.052632,0.379310,0.081081,0.739130
2025-12-28,B1: Static prior,0,,0.000000,,1_10 2_10 2_9 3_10 3_11 3_12 3_13 3_3 4_1 4_2 4_3 4_4 5_1 5_2 5_3 6_12 6_4 7_5 7_6 7_9,,0.739130,,0.538462,0.428571,0.379310,1.000000,0.052632,0.379310,0.052632,1.000000
2025-12-28,TTM,0,,0.000000,,1_10 2_10 3_12 3_13 4_1 4_3 4_4 4_7 5_1 5_10 5_2 5_3 5_4 5_7 6_10 6_12 6_4 7_4 7_5 7_9,,0.600000,0.538462,,0.379310,0.212121,0.538462,0.052632,0.212121,0.052632,0.538462
2025-12-28,ET,0,,0.000000,,1_10 1_11 2_10 2_11 2_12 2_9 3_10 3_14 3_4 4_0 4_1 4_11 4_3 4_4 5_1 5_3 6_10 6_4 7_5 7_9,,0.481481,0.428571,0.379310,,0.333333,0.428571,0.081081,0.333333,0.081081,0.428571
2025-12-28,B5: B2+B3,0,,0.000000,,0_0 0_1 1_0 1_1 1_10 2_9 3_10 3_11 3_3 4_0 4_3 4_4 5_1 6_1 6_4 7_1 7_5 7_9 8_0 8_1,,0.379310,0.379310,0.212121,0.333333,,0.379310,0.333333,1.000000,0.025641,0.379310
2025-12-28,B4: B1+B3,0,,0.000000,,1_10 2_10 2_9 3_10 3_11 3_12 3_13 3_3 4_1 4_2 4_3 4_4 5_1 5_2 5_3 6_12 6_4 7_5 7_6 7_9,,0.739130,1.000000,0.538462,0.428571,0.379310,,0.052632,0.379310,0.052632,1.000000
2025-12-28,B2: Recent MA,0,,0.000000,,0_0 0_1 0_2 1_0 1_1 1_2 2_0 2_1 3_0 3_1 4_0 4_1 5_0 5_1 6_0 6_1 7_0 7_1 8_0 8_1,,0.052632,0.052632,0.052632,0.081081,0.333333,0.052632,,0.333333,0.000000,0.052632
2025-12-28,B3: DoY season,0,,0.000000,,0_0 0_1 1_0 1_1 1_10 2_9 3_10 3_11 3_3 4_0 4_3 4_4 5_1 6_1 6_4 7_1 7_5 7_9 8_0 8_1,,0.379310,0.379310,0.212121,0.333333,1.000000,0.379310,0.333333,,0.025641,0.379310
2025-12-28,B0: Random,0,,0.000000,,1_11 1_4 1_5 2_12 2_6 3_12 3_9 4_15 4_8 5_13 5_9 6_2 6_4 6_5 7_12 8_10 8_13 8_2 8_6 8_8,,0.081081,0.052632,0.052632,0.081081,0.025641,0.052632,0.000000,0.025641,,0.052632
2025-12-29,GLM-Logit,0,,0.000000,,1_10 2_10 2_9 3_10 3_11 3_12 3_13 3_3 4_1 4_2 4_3 4_4 5_1 5_2 5_3 6_12 6_4 7_5 7_6 7_9,,0.739130,1.000000,0.481481,0.428571,0.333333,1.000000,0.052632,0.333333,0.081081,
2025-12-29,HierBayes,0,,0.000000,,1_10 1_11 2_10 2_9 3_10 3_11 3_12 3_13 3_3 4_1 4_3 4_4 5_1 5_2 5_3 5_4 6_4 7_4 7_5 7_9,,,0.739130,0.481481,0.481481,0.333333,0.739130,0.052632,0.333333,0.052632,0.739130
2025-12-29,B1: Static prior,0,,0.000000,,1_10 2_10 2_9 3_10 3_11 3_12 3_13 3_3 4_1 4_2 4_3 4_4 5_1 5_2 5_3 6_12 6_4 7_5 7_6 7_9,,0.739130,,0.481481,0.428571,0.333333,1.000000,0.052632,0.333333,0.081081,1.000000
2025-12-29,TTM,0,,0.000000,,1_10 1_11 1_3 2_10 2_12 2_8 2_9 3_13 4_1 4_3 4_4 5_1 5_10 5_2 5_3 6_10 6_11 6_12 6_4 7_9,,0.481481,0.481481,,0.481481,0.176471,0.481481,0.052632,0.176471,0.052632,0.481481
2025-12-29,ET,0,,0.000000,,1_10 1_11 2_10 2_11 2_12 2_9 3_10 3_14 3_4 4_0 4_1 4_11 4_3 4_4 5_1 5_3 6_10 6_4 7_5 7_9,,0.481481,0.428571,0.481481,,0.290323,0.428571,0.081081,0.290323,0.111111,0.428571
2025-12-29,B5: B2+B3,0,,0.000000,,0_0 0_1 1_0 1_1 1_10 2_1 2_9 3_10 3_11 3_3 4_0 4_3 4_4 5_1 6_1 6_4 7_1 7_5 8_0 8_1,,0.333333,0.333333,0.176471,0.290323,,0.333333,0.379310,1.000000,0.025641,0.333333
2025-12-29,B4: B1+B3,0,,0.000000,,1_10 2_10 2_9 3_10 3_11 3_12 3_13 3_3 4_1 4_2 4_3 4_4 5_1 5_2 5_3 6_12 6_4 7_5 7_6 7_9,,0.739130,1.000000,0.481481,0.428571,0.333333,,0.052632,0.333333,0.081081,1.000000
2025-12-29,B2: Recent MA,0,,0.000000,,0_0 0_1 0_2 1_0 1_1 1_2 2_0 2_1 3_0 3_1 4_0 4_1 5_0 5_1 6_0 6_1 7_0 7_1 8_0 8_1,,0.052632,0.052632,0.052632,0.081081,0.379310,0.052632,,0.379310,0.052632,0.052632
2025-12-29,B3: DoY season,0,,0.000000,,0_0 0_1 1_0 1_1 1_10 2_1 2_9 3_10 3_11 3_3 4_0 4_3 4_4 5_1 6_1 6_4 7_1 7_5 8_0 8_1,,0.333333,0.333333,0.176471,0.290323,1.000000,0.333333,0.379310,,0.025641,0.333333
2025-12-29,B0: Random,0,,0.000000,,0_11 1_15 1_5 1_9 2_0 2_2 2_8 3_12 3_14 4_0 4_11 4_13 4_2 5_7 5_8 6_3 7_3 7_9 8_2 8_8,,0.052632,0.081081,0.052632,0.111111,0.025641,0.081081,0.052632,0.025641,,0.081081
2025-12-30,GLM-Logit,0,,0.000000,,1_10 2_10 2_9 3_10 3_11 3_12 3_13 3_3 4_1 4_2 4_3 4_4 5_1 5_2 5_3 6_12 6_4 7_5 7_6 7_9,,0.739130,1.000000,0.600000,0.428571,0.333333,1.000000,0.052632,0.333333,0.081081,
2025-12-30,HierBayes,0,,0.000000,,1_10 1_11 2_10 2_9 3_10 3_11 3_12 3_13 3_3 4_1 4_3 4_4 5_1 5_2 5_3 5_4 6_4 7_4 7_5 7_9,,,0.739130,0.666667,0.481481,0.333333,0.739130,0.052632,0.333333,0.081081,0.739130
2025-12-30,B1: Static prior,0,,0.000000,,1_10 2_10 2_9 3_10 3_11 3_12 3_13 3_3 4_1 4_2 4_3 4_4 5_1 5_2 5_3 6_12 6_4 7_5 7_6 7_9,,0.739130,,0.600000,0.428571,0.333333,1.000000,0.052632,0.333333,0.081081,1.000000
2025-12-30,TTM,0,,0.000000,,1_10 1_11 2_10 2_12 2_9 3_10 3_12 3_13 3_2 3_3 4_1 4_3 4_4 5_1 5_2 5_3 6_10 6_11 6_4 7_9,,0.666667,0.600000,,0.538462,0.250000,0.600000,0.052632,0.250000,0.111111,0.600000
2025-12-30,ET,0,,0.000000,,1_10 1_11 2_10 2_11 2_12 2_9 3_10 3_14 3_4 4_0 4_1 4_11 4_3 4_4 5_1 5_3 6_10 6_4 7_5 7_9,,0.481481,0.428571,0.538462,,0.290323,0.428571,0.081081,0.290323,0.000000,0.428571
2025-12-30,B5: B2+B3,0,,0.000000,,0_0 0_1 1_0 1_1 1_10 2_1 2_9 3_10 3_11 3_3 4_0 4_3 4_4 5_1 6_1 6_4 7_1 7_5 8_0 8_1,,0.333333,0.333333,0.250000,0.290323,,0.333333,0.379310,1.000000,0.052632,0.333333
2025-12-30,B4: B1+B3,0,,0.000000,,1_10 2_10 2_9 3_10 3_11 3_12 3_13 3_3 4_1 4_2 4_3 4_4 5_1 5_2 5_3 6_12 6_4 7_5 7_6 7_9,,0.739130,1.000000,0.600000,0.428571,0.333333,,0.052632,0.333333,0.081081,1.000000
2025-12-30,B2: Recent MA,0,,0.000000,,0_0 0_1 0_2 1_0 1_1 1_2 2_0 2_1 3_0 3_1 4_0 4_1 5_0 5_1 6_0 6_1 7_0 7_1 8_0 8_1,,0.052632,0.052632,0.052632,0.081081,0.379310,0.052632,,0.379310,0.052632,0.052632
2025-12-30,B3: DoY season,0,,0.000000,,0_0 0_1 1_0 1_1 1_10 2_1 2_9 3_10 3_11 3_3 4_0 4_3 4_4 5_1 6_1 6_4 7_1 7_5 8_0 8_1,,0.333333,0.333333,0.250000,0.290323,1.000000,0.333333,0.379310,,0.052632,0.333333
2025-12-30,B0: Random,0,,0.000000,,0_0 0_15 0_4 0_9 1_12 1_15 2_6 2_8 3_12 3_13 4_5 5_2 5_8 5_9 6_11 6_8 8_0 8_10 8_12 8_13,,0.081081,0.081081,0.111111,0.000000,0.052632,0.081081,0.052632,0.052632,,0.081081
2025-12-31,GLM-Logit,0,,0.000000,,1_10 2_10 2_9 3_10 3_11 3_12 3_13 3_3 4_1 4_2 4_3 4_4 5_1 5_2 5_3 6_12 6_4 7_5 7_6 7_9,,0.739130,1.000000,0.600000,0.428571,0.333333,1.000000,0.052632,0.333333,0.111111,
2025-12-31,HierBayes,0,,0.000000,,1_10 1_11 2_10 2_9 3_10 3_11 3_12 3_13 3_3 4_1 4_3 4_4 5_1 5_2 5_3 5_4 6_4 7_4 7_5 7_9,,,0.739130,0.666667,0.481481,0.333333,0.739130,0.052632,0.333333,0.111111,0.739130
2025-12-31,B1: Static prior,0,,0.000000,,1_10 2_10 2_9 3_10 3_11 3_12 3_13 3_3 4_1 4_2 4_3 4_4 5_1 5_2 5_3 6_12 6_4 7_5 7_6 7_9,,0.739130,,0.600000,0.428571,0.333333,1.000000,0.052632,0.333333,0.111111,1.000000
2025-12-31,TTM,0,,0.000000,,1_10 2_10 2_9 3_12 3_13 3_2 3_3 4_1 4_3 4_4 5_1 5_11 5_2 5_3 6_10 6_11 6_4 7_4 7_5 7_9,,0.666667,0.600000,,0.428571,0.250000,0.600000,0.052632,0.250000,0.111111,0.600000
2025-12-31,ET,0,,0.000000,,1_10 1_11 2_10 2_11 2_12 2_9 3_10 3_14 3_4 4_0 4_1 4_11 4_3 4_4 5_1 5_3 6_10 6_4 7_5 7_9,,0.481481,0.428571,0.428571,,0.290323,0.428571,0.081081,0.290323,0.081081,0.428571
2025-12-31,B5: B2+B3,0,,0.000000,,0_0 0_1 1_0 1_1 1_10 2_1 2_9 3_10 3_11 3_3 4_0 4_3 4_4 5_1 6_1 6_4 7_1 7_5 8_0 8_1,,0.333333,0.333333,0.250000,0.290323,,0.333333,0.379310,1.000000,0.052632,0.333333
2025-12-31,B4: B1+B3,0,,0.000000,,1_10 2_10 2_9 3_10 3_11 3_12 3_13 3_3 4_1 4_2 4_3 4_4 5_1 5_2 5_3 6_12 6_4 7_5 7_6 7_9,,0.739130,1.000000,0.600000,0.428571,0.333333,,0.052632,0.333333,0.111111,1.000000
2025-12-31,B2: Recent MA,0,,0.000000,,0_0 0_1 0_2 1_0 1_1 1_2 2_0 2_1 3_0 3_1 4_0 4_1 5_0 5_1 6_0 6_1 7_0 7_1 8_0 8_1,,0.052632,0.052632,0.052632,0.081081,0.379310,0.052632,,0.379310,0.025641,0.052632
2025-12-31,B3: DoY season,0,,0.000000,,0_0 0_1 1_0 1_1 1_10 2_1 2_9 3_10 3_11 3_3 4_0 4_3 4_4 5_1 6_1 6_4 7_1 7_5 8_0 8_1,,0.333333,0.333333,0.250000,0.290323,1.000000,0.333333,0.379310,,0.052632,0.333333
2025-12-31,B0: Random,0,,0.000000,,0_11 0_15 1_1 1_10 1_4 1_6 2_2 2_7 3_13 3_14 3_5 3_8 5_2 5_5 6_3 7_10 7_15 7_8 7_9 8_10,,0.111111,0.111111,0.111111,0.081081,0.052632,0.111111,0.025641,0.052632,,0.111111
