date,method,n_positive_cells,recall_at_20,precision_at_20,true_positive_cells,false_positive_cells,false_negative_cells,jaccard_20_vs_HierBayes,jaccard_20_vs_B1: Static prior,jaccard_20_vs_TTM,jaccard_20_vs_ET,jaccard_20_vs_B5: B2+B3,jaccard_20_vs_B4: B1+B3,jaccard_20_vs_B2: Recent MA,jaccard_20_vs_B3: DoY season,jaccard_20_vs_B0: Random,jaccard_20_vs_GLM-Logit
2025-01-01,GLM-Logit,9,0.222222,0.100000,3_9 4_8,3_10 3_11 3_14 3_6 3_7 4_9 5_14 5_8 5_9 6_15 6_7 6_8 7_15 7_3 7_5 8_15 8_8 8_9,10_15 10_16 3_13 4_6 6_9 7_8 9_15,0.666667,0.428571,0.333333,0.538462,0.600000,0.538462,0.538462,0.250000,0.025641,
2025-01-01,HierBayes,9,0.333333,0.150000,3_9 4_8 7_8,3_10 3_11 3_14 3_6 3_7 4_10 4_9 5_8 5_9 6_14 6_15 6_7 7_15 7_3 7_5 8_15 9_14,10_15 10_16 3_13 4_6 6_9 9_15,,0.600000,0.290323,0.481481,0.428571,0.739130,0.379310,0.250000,0.000000,0.666667
2025-01-01,B1: Static prior,9,0.333333,0.150000,4_8 7_8 9_15,3_10 3_11 3_14 4_10 4_9 5_14 5_15 5_8 5_9 6_14 6_15 6_7 7_15 7_16 8_15 9_14 9_16,10_15 10_16 3_13 3_9 4_6 6_9,0.600000,,0.176471,0.333333,0.212121,0.600000,0.176471,0.142857,0.000000,0.428571
2025-01-01,TTM,9,0.111111,0.050000,3_9,10_13 10_17 3_10 3_11 3_12 3_8 4_9 5_7 5_8 6_13 6_14 6_3 6_8 7_15 7_3 7_5 7_7 8_5 8_8,10_15 10_16 3_13 4_6 4_8 6_9 7_8 9_15,0.290323,0.176471,,0.290323,0.428571,0.333333,0.481481,0.538462,0.000000,0.333333
2025-01-01,ET,9,0.222222,0.100000,3_9 4_8,3_11 3_14 3_7 4_10 4_7 4_9 5_14 5_8 6_13 6_15 6_3 7_3 7_5 8_15 8_6 8_8 8_9 9_14,10_15 10_16 3_13 4_6 6_9 7_8 9_15,0.481481,0.333333,0.290323,,0.379310,0.538462,0.333333,0.379310,0.025641,0.538462
2025-01-01,B5: B2+B3,9,0.222222,0.100000,3_9 4_8,3_10 3_11 3_14 3_6 3_7 3_8 4_9 5_8 6_8 7_15 7_3 7_4 7_5 7_6 7_9 8_5 8_8 8_9,10_15 10_16 3_13 4_6 6_9 7_8 9_15,0.428571,0.212121,0.428571,0.379310,,0.379310,0.904762,0.333333,0.025641,0.600000
2025-01-01,B4: B1+B3,9,0.444444,0.200000,3_9 4_8 7_8 9_15,3_10 3_11 3_14 4_10 4_9 5_8 5_9 6_14 6_15 7_15 7_3 7_5 8_15 8_6 8_8 9_14,10_15 10_16 3_13 4_6 6_9,0.739130,0.600000,0.333333,0.538462,0.379310,,0.333333,0.333333,0.000000,0.538462
2025-01-01,B2: Recent MA,9,0.111111,0.050000,3_9,10_13 3_10 3_11 3_14 3_6 3_7 3_8 4_9 5_8 6_8 7_15 7_3 7_4 7_5 7_6 7_9 8_5 8_8 8_9,10_15 10_16 3_13 4_6 4_8 6_9 7_8 9_15,0.379310,0.176471,0.481481,0.333333,0.904762,0.333333,,0.333333,0.025641,0.538462
2025-01-01,B3: DoY season,9,0.222222,0.100000,3_9 4_8,10_13 10_14 10_17 3_12 3_8 4_9 5_7 5_8 5_9 6_13 6_3 7_3 7_5 7_6 8_5 8_6 8_8 9_14,10_15 10_16 3_13 4_6 6_9 7_8 9_15,0.250000,0.142857,0.538462,0.379310,0.333333,0.333333,0.333333,,0.000000,0.250000
2025-01-01,B0: Random,9,0.000000,0.000000,,0_11 0_5 10_1 10_18 11_12 11_14 11_3 11_5 1_11 1_2 4_19 5_3 6_11 6_16 7_2 8_1 8_13 8_17 8_9 9_10,10_15 10_16 3_13 3_9 4_6 4_8 6_9 7_8 9_15,0.000000,0.000000,0.000000,0.025641,0.025641,0.000000,0.025641,0.000000,,0.025641
2025-01-02,GLM-Logit,9,0.777778,0.350000,3_13 3_14 3_9 4_8 4_9 7_8 8_8,3_10 3_11 3_6 3_7 5_14 5_8 6_15 6_7 7_15 7_3 7_5 8_15 9_15,5_9 7_7,0.666667,0.481481,0.428571,0.481481,0.481481,0.600000,0.481481,0.212121,0.025641,
2025-01-02,HierBayes,9,0.666667,0.300000,3_14 3_9 4_8 4_9 5_9 7_8,3_10 3_11 3_6 3_7 4_10 5_8 6_14 6_15 6_7 7_15 7_3 7_5 8_15 9_14,3_13 7_7 8_8,,0.600000,0.428571,0.481481,0.428571,0.739130,0.428571,0.250000,0.025641,0.666667
2025-01-02,B1: Static prior,9,0.555556,0.250000,3_14 4_8 4_9 5_9 7_8,3_10 3_11 4_10 5_14 5_15 5_8 6_14 6_15 6_7 7_15 7_16 8_15 9_14 9_15 9_16,3_13 3_9 7_7 8_8,0.600000,,0.250000,0.333333,0.212121,0.600000,0.212121,0.142857,0.052632,0.481481
2025-01-02,TTM,9,0.666667,0.300000,3_9 4_8 4_9 5_9 7_7 8_8,10_13 3_10 3_11 3_12 3_6 3_8 5_8 6_13 6_15 6_8 7_15 7_3 7_5 8_5,3_13 3_14 7_8,0.428571,0.250000,,0.333333,0.538462,0.428571,0.538462,0.481481,0.000000,0.428571
2025-01-02,ET,9,0.555556,0.250000,3_14 3_9 4_8 4_9 8_8,3_11 3_7 4_10 4_7 5_14 5_8 6_13 6_15 6_3 7_3 7_5 8_15 8_6 8_9 9_14,3_13 5_9 7_7 7_8,0.481481,0.333333,0.333333,,0.379310,0.538462,0.379310,0.379310,0.000000,0.481481
2025-01-02,B5: B2+B3,9,0.555556,0.250000,3_14 3_9 4_8 4_9 8_8,3_10 3_11 3_6 3_7 3_8 5_8 6_8 7_15 7_3 7_4 7_5 7_6 7_9 8_5 8_9,3_13 5_9 7_7 7_8,0.428571,0.212121,0.538462,0.379310,,0.379310,1.000000,0.333333,0.052632,0.481481
2025-01-02,B4: B1+B3,9,0.777778,0.350000,3_14 3_9 4_8 4_9 5_9 7_8 8_8,3_10 3_11 4_10 5_8 6_14 6_15 7_15 7_3 7_5 8_15 8_6 9_14 9_15,3_13 7_7,0.739130,0.600000,0.428571,0.538462,0.379310,,0.379310,0.333333,0.000000,0.600000
2025-01-02,B2: Recent MA,9,0.555556,0.250000,3_14 3_9 4_8 4_9 8_8,3_10 3_11 3_6 3_7 3_8 5_8 6_8 7_15 7_3 7_4 7_5 7_6 7_9 8_5 8_9,3_13 5_9 7_7 7_8,0.428571,0.212121,0.538462,0.379310,1.000000,0.379310,,0.333333,0.052632,0.481481
2025-01-02,B3: DoY season,9,0.555556,0.250000,3_9 4_8 4_9 5_9 8_8,10_13 10_14 10_17 3_12 3_8 5_7 5_8 6_13 6_3 7_3 7_5 7_6 8_5 8_6 9_14,3_13 3_14 7_7 7_8,0.250000,0.142857,0.481481,0.379310,0.333333,0.333333,0.333333,,0.000000,0.212121
2025-01-02,B0: Random,9,0.000000,0.000000,,0_4 10_2 10_7 12_2 1_12 1_16 2_19 3_19 4_1 4_6 5_0 5_16 6_1 6_5 6_7 7_4 7_9 8_10 9_16 9_6,3_13 3_14 3_9 4_8 4_9 5_9 7_7 7_8 8_8,0.025641,0.052632,0.000000,0.000000,0.052632,0.000000,0.052632,0.000000,,0.025641
2025-01-03,GLM-Logit,3,0.333333,0.050000,7_3,3_10 3_11 3_13 3_14 3_6 3_7 3_9 4_8 4_9 5_14 5_8 5_9 6_15 6_7 7_15 7_5 7_7 7_8 8_8,3_5 8_5,0.666667,0.428571,0.481481,0.428571,0.481481,0.481481,0.666667,0.212121,0.052632,
2025-01-03,HierBayes,3,0.333333,0.050000,7_3,3_10 3_11 3_13 3_14 3_7 3_9 4_10 4_8 4_9 5_8 5_9 6_14 6_15 6_7 7_15 7_5 7_8 8_15 9_14,3_5 8_5,,0.600000,0.379310,0.481481,0.428571,0.666667,0.538462,0.212121,0.025641,0.666667
2025-01-03,B1: Static prior,3,0.000000,0.000000,,3_10 3_11 3_14 4_10 4_8 4_9 5_14 5_15 5_8 5_9 6_14 6_15 6_7 7_15 7_16 7_8 8_15 9_14 9_15 9_16,3_5 7_3 8_5,0.600000,,0.250000,0.333333,0.250000,0.538462,0.290323,0.111111,0.025641,0.428571
2025-01-03,TTM,3,0.666667,0.100000,7_3 8_5,10_13 3_10 3_11 3_12 3_8 3_9 4_8 4_9 5_8 5_9 6_13 6_15 6_3 6_8 7_15 7_5 7_7 8_8,3_5,0.379310,0.250000,,0.379310,0.538462,0.428571,0.538462,0.379310,0.052632,0.481481
2025-01-03,ET,3,0.333333,0.050000,7_3,3_11 3_14 3_7 3_9 4_10 4_7 4_8 4_9 5_14 5_8 6_13 6_15 6_3 7_5 8_15 8_6 8_8 8_9 9_14,3_5 8_5,0.481481,0.333333,0.379310,,0.379310,0.481481,0.333333,0.333333,0.000000,0.428571
2025-01-03,B5: B2+B3,3,0.666667,0.100000,7_3 8_5,3_10 3_11 3_14 3_7 3_8 3_9 4_8 4_9 5_8 5_9 6_8 7_15 7_4 7_5 7_6 7_9 8_8 8_9,3_5,0.428571,0.250000,0.538462,0.379310,,0.379310,0.739130,0.333333,0.025641,0.481481
2025-01-03,B4: B1+B3,3,0.333333,0.050000,7_3,3_10 3_11 3_12 3_14 3_9 4_10 4_9 5_8 5_9 6_14 6_15 7_15 7_5 7_8 8_15 8_6 8_8 9_14 9_15,3_5 8_5,0.666667,0.538462,0.428571,0.481481,0.379310,,0.428571,0.333333,0.025641,0.481481
2025-01-03,B2: Recent MA,3,0.666667,0.100000,7_3 8_5,3_10 3_11 3_13 3_14 3_6 3_7 3_8 3_9 4_8 4_9 5_8 5_9 6_8 7_15 7_5 7_8 7_9 8_8,3_5,0.538462,0.290323,0.538462,0.333333,0.739130,0.428571,,0.290323,0.025641,0.666667
2025-01-03,B3: DoY season,3,0.666667,0.100000,7_3 8_5,10_13 10_17 12_13 12_14 12_15 3_12 3_14 3_8 3_9 4_9 5_7 5_8 6_3 7_5 7_6 8_6 8_8 9_14,3_5,0.212121,0.111111,0.379310,0.333333,0.333333,0.333333,0.290323,,0.000000,0.212121
2025-01-03,B0: Random,3,0.000000,0.000000,,0_6 0_7 10_3 11_17 12_4 1_0 1_3 3_10 3_18 4_12 4_13 4_4 5_10 5_2 5_4 7_12 7_7 8_7 9_10 9_19,3_5 7_3 8_5,0.025641,0.025641,0.052632,0.000000,0.025641,0.025641,0.025641,0.000000,,0.052632
2025-01-04,GLM-Logit,4,0.500000,0.100000,3_14 7_3,3_10 3_11 3_13 3_6 3_7 3_9 4_8 4_9 5_8 5_9 6_15 6_7 7_15 7_5 7_7 7_8 8_8 9_15,7_4 8_3,0.666667,0.428571,0.481481,0.379310,0.481481,0.538462,0.666667,0.212121,0.052632,
2025-01-04,HierBayes,4,0.500000,0.100000,3_14 7_3,3_10 3_11 3_13 3_7 3_9 4_10 4_8 4_9 5_8 5_9 6_14 6_15 6_7 7_15 7_5 7_8 8_15 9_14,7_4 8_3,,0.600000,0.428571,0.481481,0.428571,0.666667,0.538462,0.212121,0.081081,0.666667
2025-01-04,B1: Static prior,4,0.250000,0.050000,3_14,3_10 3_11 4_10 4_8 4_9 5_14 5_15 5_8 5_9 6_14 6_15 6_7 7_15 7_16 7_8 8_15 9_14 9_15 9_16,7_3 7_4 8_3,0.600000,,0.290323,0.333333,0.250000,0.538462,0.290323,0.111111,0.081081,0.428571
2025-01-04,TTM,4,0.250000,0.050000,7_3,10_13 3_10 3_11 3_12 3_8 3_9 4_8 4_9 5_8 5_9 6_15 6_3 6_7 6_8 7_15 7_5 8_5 8_8 8_9,3_14 7_4 8_3,0.428571,0.290323,,0.379310,0.600000,0.428571,0.538462,0.379310,0.052632,0.481481
2025-01-04,ET,4,0.500000,0.100000,3_14 7_3,3_11 3_7 3_9 4_10 4_7 4_8 4_9 5_14 5_8 6_13 6_15 6_3 7_5 8_15 8_6 8_8 8_9 9_14,7_4 8_3,0.481481,0.333333,0.379310,,0.379310,0.481481,0.333333,0.333333,0.081081,0.379310
2025-01-04,B5: B2+B3,4,0.750000,0.150000,3_14 7_3 7_4,3_10 3_11 3_7 3_8 3_9 4_8 4_9 5_8 5_9 6_8 7_15 7_5 7_6 7_9 8_5 8_8 8_9,8_3,0.428571,0.250000,0.600000,0.379310,,0.379310,0.739130,0.333333,0.025641,0.481481
2025-01-04,B4: B1+B3,4,0.500000,0.100000,3_14 7_3,3_10 3_11 3_12 3_9 4_10 4_9 5_8 5_9 6_14 6_15 7_15 7_5 7_8 8_15 8_6 8_8 9_14 9_15,7_4 8_3,0.666667,0.538462,0.428571,0.481481,0.379310,,0.428571,0.333333,0.081081,0.538462
2025-01-04,B2: Recent MA,4,0.500000,0.100000,3_14 7_3,3_10 3_11 3_13 3_6 3_7 3_8 3_9 4_8 4_9 5_8 5_9 6_8 7_15 7_5 7_8 7_9 8_5 8_8,7_4 8_3,0.538462,0.290323,0.538462,0.333333,0.739130,0.428571,,0.290323,0.025641,0.666667
2025-01-04,B3: DoY season,4,0.500000,0.100000,3_14 7_3,10_13 10_17 12_13 12_14 12_15 3_12 3_8 3_9 4_9 5_7 5_8 6_3 7_5 7_6 8_5 8_6 8_8 9_14,7_4 8_3,0.212121,0.111111,0.379310,0.333333,0.333333,0.333333,0.290323,,0.025641,0.212121
2025-01-04,B0: Random,4,0.000000,0.000000,,0_4 10_0 10_18 11_13 12_2 12_6 1_12 1_9 2_17 3_9 4_12 5_11 6_13 6_14 6_15 6_4 7_16 8_14 9_4 9_6,3_14 7_3 7_4 8_3,0.081081,0.081081,0.052632,0.081081,0.025641,0.081081,0.025641,0.025641,,0.052632
2025-01-05,GLM-Logit,4,0.500000,0.100000,5_8 7_8,3_10 3_11 3_13 3_14 3_6 3_7 3_9 4_8 4_9 5_9 6_15 6_7 7_15 7_3 7_5 7_7 8_8 9_15,10_14 8_5,0.666667,0.428571,0.428571,0.379310,0.481481,0.538462,0.600000,0.212121,0.111111,
2025-01-05,HierBayes,4,0.500000,0.100000,5_8 7_8,3_10 3_11 3_13 3_14 3_7 3_9 4_10 4_8 4_9 5_9 6_14 6_15 6_7 7_15 7_3 7_5 8_15 9_14,10_14 8_5,,0.600000,0.379310,0.481481,0.428571,0.666667,0.481481,0.212121,0.111111,0.666667
2025-01-05,B1: Static prior,4,0.500000,0.100000,5_8 7_8,3_10 3_11 3_14 4_10 4_8 4_9 5_14 5_15 5_9 6_14 6_15 6_7 7_15 7_16 8_15 9_14 9_15 9_16,10_14 8_5,0.600000,,0.250000,0.333333,0.250000,0.538462,0.250000,0.111111,0.081081,0.428571
2025-01-05,TTM,4,0.500000,0.100000,5_8 8_5,10_13 3_10 3_11 3_12 3_8 3_9 4_8 4_9 5_9 6_13 6_3 6_7 6_8 7_15 7_3 7_5 8_7 8_8,10_14 7_8,0.379310,0.250000,,0.333333,0.538462,0.379310,0.538462,0.379310,0.052632,0.428571
2025-01-05,ET,4,0.250000,0.050000,5_8,3_11 3_14 3_7 3_9 4_10 4_7 4_8 4_9 5_14 6_13 6_15 6_3 7_3 7_5 8_15 8_6 8_8 8_9 9_14,10_14 7_8 8_5,0.481481,0.333333,0.333333,,0.379310,0.481481,0.333333,0.333333,0.081081,0.379310
2025-01-05,B5: B2+B3,4,0.500000,0.100000,5_8 8_5,3_10 3_11 3_14 3_7 3_8 3_9 4_8 4_9 5_9 6_8 7_15 7_3 7_4 7_5 7_6 7_9 8_8 8_9,10_14 7_8,0.428571,0.250000,0.538462,0.379310,,0.379310,0.818182,0.333333,0.081081,0.481481
2025-01-05,B4: B1+B3,4,0.500000,0.100000,5_8 7_8,3_10 3_11 3_12 3_14 3_9 4_10 4_9 5_9 6_14 6_15 7_15 7_3 7_5 8_15 8_6 8_8 9_14 9_15,10_14 8_5,0.666667,0.538462,0.379310,0.481481,0.379310,,0.379310,0.333333,0.081081,0.538462
2025-01-05,B2: Recent MA,4,0.500000,0.100000,5_8 8_5,3_10 3_11 3_13 3_14 3_6 3_7 3_8 3_9 4_8 4_9 5_9 6_8 7_15 7_3 7_4 7_5 7_9 8_8,10_14 7_8,0.481481,0.250000,0.538462,0.333333,0.818182,0.379310,,0.290323,0.111111,0.600000
2025-01-05,B3: DoY season,4,0.500000,0.100000,5_8 8_5,10_13 12_11 12_12 12_13 12_14 12_15 3_12 3_14 3_8 3_9 4_9 6_3 7_3 7_5 7_6 8_6 8_8 9_14,10_14 7_8,0.212121,0.111111,0.379310,0.333333,0.333333,0.333333,0.290323,,0.081081,0.212121
2025-01-05,B0: Random,4,0.000000,0.000000,,10_19 10_9 11_10 11_3 11_7 12_4 12_5 1_0 1_13 1_5 2_4 3_13 3_14 3_8 4_10 4_14 4_9 7_13 7_7 9_8,10_14 5_8 7_8 8_5,0.111111,0.081081,0.052632,0.081081,0.081081,0.081081,0.111111,0.081081,,0.111111
2025-01-06,GLM-Logit,3,0.666667,0.100000,3_6 8_5,3_10 3_11 3_13 3_14 3_7 3_9 4_8 4_9 5_8 5_9 6_15 6_7 7_15 7_3 7_5 7_7 7_8 8_8,10_14,0.739130,0.379310,0.538462,0.379310,0.600000,0.379310,0.666667,0.212121,0.081081,
2025-01-06,HierBayes,3,0.333333,0.050000,8_5,3_10 3_11 3_13 3_14 3_7 3_9 4_10 4_8 4_9 5_8 5_9 6_15 6_7 7_15 7_3 7_5 7_8 8_15 9_14,10_14 3_6,,0.538462,0.481481,0.481481,0.428571,0.481481,0.538462,0.212121,0.081081,0.739130
2025-01-06,B1: Static prior,3,0.000000,0.000000,,3_10 3_11 3_14 4_10 4_8 4_9 5_14 5_15 5_8 5_9 6_14 6_15 6_7 7_15 7_16 7_8 8_15 9_14 9_15 9_16,10_14 3_6 8_5,0.538462,,0.333333,0.333333,0.212121,0.600000,0.290323,0.081081,0.081081,0.379310
2025-01-06,TTM,3,0.333333,0.050000,8_5,10_13 3_10 3_11 3_12 3_14 3_8 3_9 4_8 4_9 5_8 5_9 6_13 6_15 6_8 7_15 7_5 7_7 8_8 9_14,10_14 3_6,0.481481,0.333333,,0.379310,0.481481,0.428571,0.538462,0.333333,0.081081,0.538462
2025-01-06,ET,3,0.000000,0.000000,,3_11 3_14 3_7 3_9 4_10 4_7 4_8 4_9 5_14 5_8 6_13 6_15 6_3 7_3 7_5 8_15 8_6 8_8 8_9 9_14,10_14 3_6 8_5,0.481481,0.333333,0.379310,,0.379310,0.379310,0.333333,0.290323,0.081081,0.379310
2025-01-06,B5: B2+B3,3,0.666667,0.100000,3_6 8_5,3_11 3_14 3_7 3_8 3_9 4_8 4_9 5_8 6_8 7_15 7_3 7_4 7_5 7_7 7_8 7_9 8_8 8_9,10_14,0.428571,0.212121,0.481481,0.379310,,0.250000,0.818182,0.250000,0.052632,0.600000
2025-01-06,B4: B1+B3,3,0.000000,0.000000,,3_10 3_11 3_12 3_9 4_10 4_9 5_15 5_8 5_9 6_14 6_15 7_15 7_5 7_8 8_15 8_6 8_8 9_14 9_15 9_16,10_14 3_6 8_5,0.481481,0.600000,0.428571,0.379310,0.250000,,0.333333,0.250000,0.052632,0.379310
2025-01-06,B2: Recent MA,3,0.666667,0.100000,3_6 8_5,3_10 3_11 3_14 3_7 3_8 3_9 4_8 4_9 5_8 5_9 6_8 7_15 7_3 7_4 7_5 7_8 7_9 8_8,10_14,0.538462,0.290323,0.538462,0.333333,0.818182,0.333333,,0.250000,0.052632,0.666667
2025-01-06,B3: DoY season,3,0.333333,0.050000,8_5,10_13 12_10 12_11 12_12 12_13 12_14 12_15 12_9 3_12 3_8 3_9 4_9 5_8 6_3 7_3 7_5 8_6 8_8 9_14,10_14 3_6,0.212121,0.081081,0.333333,0.290323,0.250000,0.250000,0.250000,,0.000000,0.212121
2025-01-06,B0: Random,3,0.000000,0.000000,,0_9 10_1 10_17 1_13 1_14 2_4 3_11 3_14 4_3 4_4 5_11 5_19 5_2 5_6 6_15 6_19 7_13 7_18 8_17 9_6,10_14 3_6 8_5,0.081081,0.081081,0.081081,0.081081,0.052632,0.052632,0.052632,0.000000,,0.081081
2025-01-07,GLM-Logit,4,0.750000,0.150000,3_10 3_9 7_8,3_11 3_13 3_14 3_6 3_7 4_8 4_9 5_8 5_9 6_15 6_7 7_15 7_3 7_5 7_7 8_5 8_8,9_9,0.818182,0.379310,0.481481,0.379310,0.600000,0.379310,0.666667,0.176471,0.052632,
2025-01-07,HierBayes,4,0.750000,0.150000,3_10 3_9 7_8,3_11 3_13 3_14 3_6 3_7 4_10 4_8 4_9 5_8 5_9 6_15 6_7 7_15 7_3 7_5 8_5 9_14,9_9,,0.481481,0.379310,0.428571,0.481481,0.428571,0.600000,0.176471,0.052632,0.818182
2025-01-07,B1: Static prior,4,0.500000,0.100000,3_10 7_8,3_11 3_14 4_10 4_8 4_9 5_14 5_15 5_8 5_9 6_14 6_15 6_7 7_15 7_16 8_15 9_14 9_15 9_16,3_9 9_9,0.481481,,0.250000,0.333333,0.212121,0.600000,0.290323,0.052632,0.052632,0.379310
2025-01-07,TTM,4,0.500000,0.100000,3_10 3_9,10_13 10_17 3_11 3_12 3_8 4_9 5_8 5_9 6_15 6_8 7_15 7_3 7_5 7_7 8_15 8_5 8_7 8_8,7_8 9_9,0.379310,0.250000,,0.290323,0.428571,0.428571,0.481481,0.290323,0.025641,0.481481
2025-01-07,ET,4,0.250000,0.050000,3_9,3_11 3_14 3_7 4_10 4_7 4_8 4_9 5_14 5_8 6_13 6_15 6_3 7_3 7_5 8_15 8_6 8_8 8_9 9_14,3_10 7_8 9_9,0.428571,0.333333,0.290323,,0.379310,0.379310,0.333333,0.250000,0.052632,0.379310
2025-01-07,B5: B2+B3,4,0.500000,0.100000,3_9 7_8,3_11 3_14 3_6 3_7 3_8 4_8 4_9 5_8 6_8 7_15 7_3 7_4 7_5 7_7 7_9 8_5 8_6 8_8,3_10 9_9,0.481481,0.212121,0.428571,0.379310,,0.290323,0.818182,0.250000,0.052632,0.600000
2025-01-07,B4: B1+B3,4,0.750000,0.150000,3_10 3_9 7_8,3_11 3_12 4_10 4_9 5_15 5_8 5_9 6_14 6_15 7_15 7_5 8_15 8_6 8_8 9_14 9_15 9_16,9_9,0.428571,0.600000,0.428571,0.379310,0.290323,,0.333333,0.212121,0.052632,0.379310
2025-01-07,B2: Recent MA,4,0.750000,0.150000,3_10 3_9 7_8,3_11 3_14 3_6 3_7 3_8 4_8 4_9 5_8 5_9 6_8 7_15 7_3 7_4 7_5 7_9 8_5 8_8,9_9,0.600000,0.290323,0.481481,0.333333,0.818182,0.333333,,0.212121,0.052632,0.666667
2025-01-07,B3: DoY season,4,0.250000,0.050000,3_9,10_13 12_10 12_11 12_12 12_13 12_14 12_15 12_8 12_9 3_12 3_8 5_8 6_3 7_3 7_5 8_5 8_6 8_8 9_14,3_10 7_8 9_9,0.176471,0.052632,0.290323,0.250000,0.250000,0.212121,0.212121,,0.025641,0.176471
2025-01-07,B0: Random,4,0.000000,0.000000,,0_0 0_18 10_6 1_12 1_5 2_18 2_6 3_14 3_17 4_14 5_15 6_18 7_0 7_1 7_12 7_5 8_10 9_17 9_19 9_3,3_10 3_9 7_8 9_9,0.052632,0.052632,0.025641,0.052632,0.052632,0.052632,0.052632,0.025641,,0.052632
2025-01-08,GLM-Logit,2,0.500000,0.050000,7_5,3_10 3_11 3_13 3_14 3_6 3_7 3_9 4_8 4_9 5_8 5_9 6_15 6_7 7_15 7_3 7_7 7_8 8_5 8_8,3_12,0.818182,0.379310,0.481481,0.379310,0.538462,0.379310,0.600000,0.176471,0.052632,
2025-01-08,HierBayes,2,0.500000,0.050000,7_5,3_10 3_11 3_13 3_14 3_6 3_7 3_9 4_10 4_8 4_9 5_8 5_9 6_15 6_7 7_15 7_3 7_8 8_5 9_14,3_12,,0.481481,0.481481,0.428571,0.428571,0.428571,0.481481,0.176471,0.025641,0.818182
2025-01-08,B1: Static prior,2,0.000000,0.000000,,3_10 3_11 3_14 4_10 4_8 4_9 5_14 5_15 5_8 5_9 6_14 6_15 6_7 7_15 7_16 7_8 8_15 9_14 9_15 9_16,3_12 7_5,0.481481,,0.379310,0.333333,0.176471,0.600000,0.212121,0.052632,0.025641,0.379310
2025-01-08,TTM,2,1.000000,0.100000,3_12 7_5,10_13 3_10 3_11 3_8 3_9 4_8 4_9 5_8 5_9 6_7 6_8 7_15 7_3 7_8 8_15 8_7 8_8 9_14,,0.481481,0.379310,,0.333333,0.379310,0.481481,0.428571,0.290323,0.025641,0.481481
2025-01-08,ET,2,0.500000,0.050000,7_5,3_11 3_14 3_7 3_9 4_10 4_7 4_8 4_9 5_14 5_8 6_13 6_15 6_3 7_3 8_15 8_6 8_8 8_9 9_14,3_12,0.428571,0.333333,0.333333,,0.379310,0.379310,0.333333,0.212121,0.081081,0.379310
2025-01-08,B5: B2+B3,2,0.500000,0.050000,7_5,3_11 3_14 3_6 3_7 3_8 3_9 4_8 4_9 5_8 6_8 7_3 7_4 7_6 7_7 7_8 7_9 8_5 8_6 8_8,3_12,0.428571,0.176471,0.379310,0.379310,,0.250000,0.818182,0.250000,0.025641,0.538462
2025-01-08,B4: B1+B3,2,1.000000,0.100000,3_12 7_5,3_10 3_11 3_9 4_10 4_9 5_15 5_8 5_9 6_14 6_15 7_15 7_8 8_15 8_6 8_8 9_14 9_15 9_16,,0.428571,0.600000,0.481481,0.379310,0.250000,,0.250000,0.212121,0.052632,0.379310
2025-01-08,B2: Recent MA,2,0.500000,0.050000,7_5,10_14 3_11 3_14 3_6 3_7 3_8 3_9 4_8 4_9 5_8 5_9 6_8 7_3 7_4 7_7 7_8 7_9 8_5 8_8,3_12,0.481481,0.212121,0.428571,0.333333,0.818182,0.250000,,0.212121,0.025641,0.600000
2025-01-08,B3: DoY season,2,1.000000,0.100000,3_12 7_5,10_13 12_10 12_11 12_12 12_13 12_14 12_15 12_7 12_8 12_9 3_8 3_9 5_8 7_3 8_5 8_6 8_8 9_14,,0.176471,0.052632,0.290323,0.212121,0.250000,0.212121,0.212121,,0.052632,0.176471
2025-01-08,B0: Random,2,0.000000,0.000000,,0_11 11_10 11_16 11_4 12_0 12_16 12_7 1_15 2_1 2_12 2_13 2_2 4_19 6_10 6_13 6_15 7_11 7_17 8_8 9_2,3_12 7_5,0.025641,0.025641,0.025641,0.081081,0.025641,0.052632,0.025641,0.052632,,0.052632
2025-01-09,GLM-Logit,1,0.000000,0.000000,,3_10 3_11 3_13 3_14 3_6 3_7 3_9 4_8 4_9 5_8 5_9 6_15 6_7 7_15 7_3 7_5 7_7 7_8 8_5 8_8,10_14,0.818182,0.379310,0.538462,0.379310,0.600000,0.379310,0.600000,0.052632,0.052632,
2025-01-09,HierBayes,1,0.000000,0.000000,,3_10 3_11 3_13 3_14 3_6 3_7 3_9 4_10 4_8 4_9 5_8 5_9 6_15 6_7 7_15 7_3 7_5 7_8 8_5 9_14,10_14,,0.481481,0.428571,0.428571,0.481481,0.481481,0.481481,0.081081,0.052632,0.818182
2025-01-09,B1: Static prior,1,0.000000,0.000000,,3_10 3_11 3_14 4_10 4_8 4_9 5_14 5_15 5_8 5_9 6_14 6_15 6_7 7_15 7_16 7_8 8_15 9_14 9_15 9_16,10_14,0.481481,,0.290323,0.333333,0.212121,0.739130,0.212121,0.025641,0.025641,0.379310
2025-01-09,TTM,1,0.000000,0.000000,,10_13 3_10 3_11 3_12 3_9 4_8 4_9 5_8 5_9 6_3 6_8 7_15 7_3 7_5 7_6 7_7 7_8 8_5 8_8 9_15,10_14,0.428571,0.290323,,0.290323,0.538462,0.333333,0.481481,0.052632,0.025641,0.538462
2025-01-09,ET,1,0.000000,0.000000,,3_11 3_14 3_7 3_9 4_10 4_7 4_8 4_9 5_14 5_8 6_13 6_15 6_3 7_3 7_5 8_15 8_6 8_8 8_9 9_14,10_14,0.428571,0.333333,0.290323,,0.379310,0.333333,0.333333,0.142857,0.025641,0.379310
2025-01-09,B5: B2+B3,1,0.000000,0.000000,,3_11 3_14 3_6 3_7 3_9 4_8 4_9 5_8 5_9 6_8 7_3 7_4 7_5 7_6 7_7 7_8 7_9 8_5 8_6 8_8,10_14,0.481481,0.212121,0.538462,0.379310,,0.250000,0.818182,0.081081,0.052632,0.600000
2025-01-09,B4: B1+B3,1,0.000000,0.000000,,3_10 3_11 4_10 4_9 5_15 5_8 5_9 6_14 6_15 6_7 7_15 7_16 7_3 7_5 7_8 8_15 8_6 9_14 9_15 9_16,10_14,0.481481,0.739130,0.333333,0.333333,0.250000,,0.212121,0.111111,0.025641,0.379310
2025-01-09,B2: Recent MA,1,1.000000,0.050000,10_14,3_11 3_14 3_6 3_7 3_8 3_9 4_8 4_9 5_8 5_9 6_8 7_3 7_4 7_5 7_7 7_8 7_9 8_5 8_8,,0.481481,0.212121,0.481481,0.333333,0.818182,0.212121,,0.052632,0.052632,0.600000
2025-01-09,B3: DoY season,1,0.000000,0.000000,,12_1 12_10 12_11 12_12 12_13 12_14 12_15 12_2 12_3 12_4 12_5 12_6 12_7 12_8 12_9 4_7 7_3 7_5 8_6 9_14,10_14,0.081081,0.025641,0.052632,0.142857,0.081081,0.111111,0.052632,,0.025641,0.052632
2025-01-09,B0: Random,1,0.000000,0.000000,,10_10 11_0 11_10 12_5 1_3 1_7 2_12 2_13 3_5 3_7 4_19 5_1 5_9 6_1 6_10 6_17 6_18 7_13 8_14 9_1,10_14,0.052632,0.025641,0.025641,0.025641,0.052632,0.025641,0.052632,0.025641,,0.052632
2025-01-10,GLM-Logit,1,1.000000,0.050000,10_14,3_10 3_11 3_13 3_14 3_6 3_7 3_9 4_8 4_9 5_8 5_9 6_15 6_7 7_3 7_5 7_7 7_8 8_5 8_8,,0.818182,0.333333,0.428571,0.379310,0.538462,0.333333,0.666667,0.052632,0.052632,
2025-01-10,HierBayes,1,1.000000,0.050000,10_14,3_10 3_11 3_13 3_14 3_6 3_7 3_9 4_10 4_8 4_9 5_8 5_9 6_15 6_7 7_3 7_5 7_8 8_5 9_14,,,0.428571,0.379310,0.428571,0.481481,0.428571,0.538462,0.081081,0.081081,0.818182
2025-01-10,B1: Static prior,1,0.000000,0.000000,,3_10 3_11 3_14 4_10 4_8 4_9 5_14 5_15 5_8 5_9 6_14 6_15 6_7 7_15 7_16 7_8 8_15 9_14 9_15 9_16,10_14,0.428571,,0.250000,0.333333,0.176471,0.739130,0.212121,0.025641,0.052632,0.333333
2025-01-10,TTM,1,0.000000,0.000000,,10_13 3_10 3_11 3_12 3_7 3_9 4_10 4_9 5_15 5_8 5_9 6_3 6_8 7_15 7_3 7_5 7_7 7_9 8_5 8_8,10_14,0.379310,0.250000,,0.333333,0.379310,0.333333,0.481481,0.052632,0.081081,0.428571
2025-01-10,ET,1,0.000000,0.000000,,3_11 3_14 3_7 3_9 4_10 4_7 4_8 4_9 5_14 5_8 6_13 6_15 6_3 7_3 7_5 8_15 8_6 8_8 8_9 9_14,10_14,0.428571,0.333333,0.333333,,0.379310,0.333333,0.333333,0.142857,0.111111,0.379310
2025-01-10,B5: B2+B3,1,1.000000,0.050000,10_14,3_11 3_14 3_6 3_7 3_8 3_9 4_8 4_9 5_8 6_8 7_3 7_4 7_5 7_6 7_8 7_9 8_5 8_6 8_8,,0.481481,0.176471,0.379310,0.379310,,0.212121,0.739130,0.081081,0.081081,0.538462
2025-01-10,B4: B1+B3,1,0.000000,0.000000,,3_10 3_11 4_10 4_9 5_15 5_8 5_9 6_14 6_15 6_7 7_15 7_16 7_3 7_5 7_8 8_15 8_6 9_14 9_15 9_16,10_14,0.428571,0.739130,0.333333,0.333333,0.212121,,0.212121,0.111111,0.081081,0.333333
2025-01-10,B2: Recent MA,1,1.000000,0.050000,10_14,3_10 3_11 3_12 3_14 3_6 3_7 3_8 3_9 4_8 4_9 5_8 7_3 7_4 7_5 7_7 7_8 7_9 8_5 8_8,,0.538462,0.212121,0.481481,0.333333,0.739130,0.212121,,0.052632,0.052632,0.666667
2025-01-10,B3: DoY season,1,0.000000,0.000000,,12_1 12_10 12_11 12_12 12_13 12_14 12_15 12_2 12_3 12_4 12_5 12_6 12_7 12_8 12_9 4_7 7_3 7_5 8_6 9_14,10_14,0.081081,0.025641,0.052632,0.142857,0.081081,0.111111,0.052632,,0.052632,0.052632
2025-01-10,B0: Random,1,0.000000,0.000000,,0_18 10_13 10_6 11_19 11_9 12_18 12_19 2_15 2_6 3_11 3_19 3_9 4_15 5_0 6_19 7_10 8_2 8_6 8_7 9_14,10_14,0.081081,0.052632,0.081081,0.111111,0.081081,0.081081,0.052632,0.052632,,0.052632
2025-01-11,GLM-Logit,3,0.333333,0.050000,10_14,3_10 3_11 3_13 3_14 3_6 3_7 3_9 4_8 4_9 5_8 5_9 6_15 7_3 7_5 7_7 7_8 8_5 8_8 9_15,4_6 6_4,0.739130,0.333333,0.481481,0.379310,0.600000,0.290323,0.666667,0.025641,0.052632,
2025-01-11,HierBayes,3,0.333333,0.050000,10_14,3_10 3_11 3_13 3_14 3_6 3_7 3_9 4_10 4_8 4_9 5_8 5_9 6_15 7_3 7_5 7_8 8_15 8_5 9_14,4_6 6_4,,0.428571,0.538462,0.481481,0.481481,0.379310,0.538462,0.052632,0.081081,0.739130
2025-01-11,B1: Static prior,3,0.000000,0.000000,,3_10 3_11 3_14 4_10 4_8 4_9 5_14 5_15 5_8 5_9 6_14 6_15 6_7 7_15 7_16 7_8 8_15 9_14 9_15 9_16,10_14 4_6 6_4,0.428571,,0.333333,0.333333,0.176471,0.739130,0.212121,0.025641,0.025641,0.333333
2025-01-11,TTM,3,0.000000,0.000000,,10_13 3_10 3_11 3_12 3_7 3_9 4_10 4_8 4_9 5_8 5_9 6_15 6_3 7_15 7_3 7_5 7_6 8_15 8_5 8_8,10_14 4_6 6_4,0.538462,0.333333,,0.481481,0.379310,0.333333,0.428571,0.025641,0.052632,0.481481
2025-01-11,ET,3,0.000000,0.000000,,3_11 3_14 3_7 3_9 4_10 4_7 4_8 4_9 5_14 5_8 6_13 6_15 6_3 7_3 7_5 8_15 8_6 8_8 8_9 9_14,10_14 4_6 6_4,0.481481,0.333333,0.481481,,0.379310,0.333333,0.333333,0.142857,0.052632,0.379310
2025-01-11,B5: B2+B3,3,0.333333,0.050000,10_14,3_11 3_14 3_6 3_7 3_8 3_9 4_8 4_9 5_8 6_8 7_3 7_5 7_6 7_7 7_8 7_9 8_5 8_6 8_8,4_6 6_4,0.481481,0.176471,0.379310,0.379310,,0.176471,0.818182,0.052632,0.052632,0.600000
2025-01-11,B4: B1+B3,3,0.000000,0.000000,,3_10 3_11 4_10 4_9 5_15 5_8 5_9 6_13 6_14 6_15 6_7 7_15 7_16 7_5 7_8 8_15 8_6 9_14 9_15 9_16,10_14 4_6 6_4,0.379310,0.739130,0.333333,0.333333,0.176471,,0.176471,0.111111,0.025641,0.290323
2025-01-11,B2: Recent MA,3,0.333333,0.050000,10_14,3_10 3_11 3_12 3_14 3_6 3_7 3_8 3_9 4_8 4_9 5_8 6_8 7_3 7_5 7_7 7_8 7_9 8_5 8_8,4_6 6_4,0.538462,0.212121,0.428571,0.333333,0.818182,0.176471,,0.025641,0.052632,0.666667
2025-01-11,B3: DoY season,3,0.000000,0.000000,,12_1 12_10 12_11 12_12 12_13 12_14 12_15 12_2 12_3 12_4 12_5 12_6 12_7 12_8 12_9 4_7 6_13 7_5 8_6 9_14,10_14 4_6 6_4,0.052632,0.025641,0.025641,0.142857,0.052632,0.111111,0.025641,,0.025641,0.025641
2025-01-11,B0: Random,3,0.000000,0.000000,,0_19 10_0 10_19 11_3 11_4 12_15 1_1 1_3 2_10 2_15 3_6 4_10 4_13 5_10 5_17 8_1 8_5 8_9 9_13 9_8,10_14 4_6 6_4,0.081081,0.025641,0.052632,0.052632,0.052632,0.025641,0.052632,0.025641,,0.052632
2025-01-12,GLM-Logit,3,1.000000,0.150000,10_14 3_10 5_8,3_11 3_13 3_14 3_6 3_7 3_9 4_8 4_9 5_9 6_15 7_3 7_5 7_7 7_8 8_5 8_8 9_15,,0.739130,0.333333,0.481481,0.379310,0.600000,0.290323,0.739130,0.025641,0.025641,
2025-01-12,HierBayes,3,1.000000,0.150000,10_14 3_10 5_8,3_11 3_13 3_14 3_6 3_7 3_9 4_10 4_8 4_9 5_9 6_15 7_3 7_5 7_8 8_15 8_5 9_14,,,0.428571,0.379310,0.481481,0.481481,0.379310,0.600000,0.052632,0.025641,0.739130
2025-01-12,B1: Static prior,3,0.666667,0.100000,3_10 5_8,3_11 3_14 4_10 4_8 4_9 5_14 5_15 5_9 6_14 6_15 6_7 7_15 7_16 7_8 8_15 9_14 9_15 9_16,10_14,0.428571,,0.290323,0.333333,0.176471,0.739130,0.250000,0.025641,0.052632,0.333333
2025-01-12,TTM,3,0.666667,0.100000,3_10 5_8,10_13 3_11 3_12 3_7 3_8 3_9 4_8 4_9 5_9 6_13 6_15 6_3 6_8 7_15 7_3 7_5 8_8 9_15,10_14,0.379310,0.290323,,0.428571,0.333333,0.333333,0.481481,0.052632,0.025641,0.481481
2025-01-12,ET,3,0.333333,0.050000,5_8,3_11 3_14 3_7 3_9 4_10 4_7 4_8 4_9 5_14 6_13 6_15 6_3 7_3 7_5 8_15 8_6 8_8 8_9 9_14,10_14 3_10,0.481481,0.333333,0.428571,,0.379310,0.333333,0.333333,0.142857,0.025641,0.379310
2025-01-12,B5: B2+B3,3,0.666667,0.100000,10_14 5_8,3_11 3_14 3_6 3_7 3_9 4_6 4_8 4_9 6_8 7_3 7_5 7_6 7_7 7_8 7_9 8_5 8_6 8_8,3_10,0.481481,0.176471,0.333333,0.379310,,0.176471,0.739130,0.052632,0.025641,0.600000
2025-01-12,B4: B1+B3,3,0.666667,0.100000,3_10 5_8,3_11 4_10 4_9 5_15 5_9 6_13 6_14 6_15 6_7 7_15 7_16 7_5 7_8 8_15 8_6 9_14 9_15 9_16,10_14,0.379310,0.739130,0.333333,0.333333,0.176471,,0.212121,0.111111,0.025641,0.290323
2025-01-12,B2: Recent MA,3,1.000000,0.150000,10_14 3_10 5_8,3_11 3_12 3_14 3_6 3_7 3_9 4_8 4_9 5_9 6_8 7_3 7_5 7_7 7_8 7_9 8_5 8_8,,0.600000,0.250000,0.481481,0.333333,0.739130,0.212121,,0.025641,0.025641,0.739130
2025-01-12,B3: DoY season,3,0.000000,0.000000,,12_1 12_10 12_11 12_12 12_13 12_14 12_15 12_2 12_3 12_4 12_5 12_6 12_7 12_8 12_9 4_7 6_13 7_5 8_6 9_14,10_14 3_10 5_8,0.052632,0.025641,0.052632,0.142857,0.052632,0.111111,0.025641,,0.052632,0.025641
2025-01-12,B0: Random,3,0.000000,0.000000,,10_11 11_13 12_0 12_2 12_9 1_11 1_14 1_16 1_7 2_1 2_3 2_6 3_0 4_0 4_8 5_1 6_18 7_16 8_14 9_5,10_14 3_10 5_8,0.025641,0.052632,0.025641,0.025641,0.025641,0.025641,0.025641,0.052632,,0.025641
2025-01-13,GLM-Logit,1,1.000000,0.050000,3_10,10_14 3_11 3_13 3_14 3_6 3_7 3_9 4_8 4_9 5_8 5_9 6_15 7_3 7_5 7_7 7_8 8_5 8_8 9_15,,0.739130,0.333333,0.538462,0.379310,0.600000,0.290323,0.666667,0.025641,0.025641,
2025-01-13,HierBayes,1,1.000000,0.050000,3_10,10_14 3_11 3_13 3_14 3_6 3_7 3_9 4_10 4_8 4_9 5_8 5_9 6_15 7_3 7_5 7_8 8_15 8_5 9_14,,,0.428571,0.379310,0.481481,0.481481,0.379310,0.538462,0.052632,0.052632,0.739130
2025-01-13,B1: Static prior,1,1.000000,0.050000,3_10,3_11 3_14 4_10 4_8 4_9 5_14 5_15 5_8 5_9 6_14 6_15 6_7 7_15 7_16 7_8 8_15 9_14 9_15 9_16,,0.428571,,0.333333,0.333333,0.176471,0.739130,0.176471,0.025641,0.052632,0.333333
2025-01-13,TTM,1,1.000000,0.050000,3_10,10_13 3_11 3_12 3_14 3_8 3_9 4_8 4_9 5_8 5_9 6_15 6_3 6_8 7_15 7_3 7_5 7_7 8_8 9_15,,0.379310,0.333333,,0.379310,0.428571,0.290323,0.481481,0.025641,0.000000,0.538462
2025-01-13,ET,1,0.000000,0.000000,,3_11 3_14 3_7 3_9 4_10 4_7 4_8 4_9 5_14 5_8 6_13 6_15 6_3 7_3 7_5 8_15 8_6 8_8 8_9 9_14,3_10,0.481481,0.333333,0.379310,,0.333333,0.333333,0.290323,0.142857,0.025641,0.379310
2025-01-13,B5: B2+B3,1,1.000000,0.050000,3_10,10_14 3_11 3_6 3_7 3_8 3_9 4_8 4_9 5_8 6_8 7_3 7_5 7_6 7_7 7_8 7_9 8_5 8_6 8_8,,0.481481,0.176471,0.428571,0.333333,,0.212121,0.818182,0.052632,0.025641,0.600000
2025-01-13,B4: B1+B3,1,1.000000,0.050000,3_10,3_11 4_10 4_9 5_15 5_8 5_9 6_13 6_14 6_15 6_7 7_15 7_16 7_5 7_8 8_15 8_6 9_14 9_15 9_16,,0.379310,0.739130,0.290323,0.333333,0.212121,,0.176471,0.111111,0.052632,0.290323
2025-01-13,B2: Recent MA,1,1.000000,0.050000,3_10,10_14 3_11 3_12 3_13 3_6 3_7 3_8 3_9 4_8 4_9 5_8 6_8 7_3 7_5 7_7 7_8 7_9 8_5 8_8,,0.538462,0.176471,0.481481,0.290323,0.818182,0.176471,,0.025641,0.025641,0.666667
2025-01-13,B3: DoY season,1,0.000000,0.000000,,12_1 12_10 12_11 12_12 12_13 12_14 12_15 12_2 12_3 12_4 12_5 12_6 12_7 12_8 12_9 4_7 6_13 7_5 8_6 9_14,3_10,0.052632,0.025641,0.025641,0.142857,0.052632,0.111111,0.025641,,0.000000,0.025641
2025-01-13,B0: Random,1,0.000000,0.000000,,0_9 10_10 12_19 1_2 2_0 2_1 2_10 2_13 3_0 3_19 4_4 5_16 6_10 7_10 7_8 8_15 9_0 9_10 9_11 9_3,3_10,0.052632,0.052632,0.000000,0.025641,0.025641,0.052632,0.025641,0.000000,,0.025641
2025-01-14,GLM-Logit,6,0.666667,0.200000,10_14 3_10 4_9 7_3,3_11 3_13 3_14 3_6 3_7 3_9 4_8 5_8 5_9 6_15 7_5 7_7 7_8 8_5 8_8 9_15,3_12 4_12,0.739130,0.333333,0.538462,0.379310,0.600000,0.290323,0.739130,0.025641,0.052632,
2025-01-14,HierBayes,6,0.666667,0.200000,10_14 3_10 4_9 7_3,3_11 3_13 3_14 3_6 3_7 3_9 4_10 4_8 5_8 5_9 6_15 7_5 7_8 8_15 8_5 9_14,3_12 4_12,,0.428571,0.428571,0.481481,0.481481,0.379310,0.666667,0.052632,0.052632,0.739130
2025-01-14,B1: Static prior,6,0.333333,0.100000,3_10 4_9,3_11 3_14 4_10 4_8 5_14 5_15 5_8 5_9 6_14 6_15 6_7 7_15 7_16 7_8 8_15 9_14 9_15 9_16,10_14 3_12 4_12 7_3,0.428571,,0.428571,0.333333,0.176471,0.739130,0.250000,0.025641,0.052632,0.333333
2025-01-14,TTM,6,0.666667,0.200000,3_10 3_12 4_9 7_3,10_13 3_11 3_14 3_15 3_7 3_9 4_8 5_15 5_8 5_9 6_14 6_15 7_15 7_5 8_8 9_15,10_14 4_12,0.428571,0.428571,,0.379310,0.379310,0.379310,0.481481,0.025641,0.052632,0.538462
2025-01-14,ET,6,0.333333,0.100000,4_9 7_3,3_11 3_14 3_7 3_9 4_10 4_7 4_8 5_14 5_8 6_13 6_15 6_3 7_5 8_15 8_6 8_8 8_9 9_14,10_14 3_10 3_12 4_12,0.481481,0.333333,0.379310,,0.379310,0.333333,0.333333,0.142857,0.081081,0.379310
2025-01-14,B5: B2+B3,6,0.833333,0.250000,10_14 3_10 3_12 4_9 7_3,3_11 3_6 3_7 3_9 4_8 5_8 6_13 6_8 7_5 7_7 7_8 7_9 8_5 8_6 8_8,4_12,0.481481,0.176471,0.379310,0.379310,,0.250000,0.739130,0.081081,0.052632,0.600000
2025-01-14,B4: B1+B3,6,0.333333,0.100000,3_10 4_9,3_11 4_10 5_15 5_8 5_9 6_13 6_14 6_15 6_7 7_15 7_16 7_5 7_8 8_15 8_6 9_14 9_15 9_16,10_14 3_12 4_12 7_3,0.379310,0.739130,0.379310,0.333333,0.250000,,0.212121,0.111111,0.052632,0.290323
2025-01-14,B2: Recent MA,6,0.833333,0.250000,10_14 3_10 3_12 4_9 7_3,3_11 3_13 3_14 3_6 3_7 3_9 4_8 5_8 5_9 6_8 7_5 7_8 7_9 8_5 8_8,4_12,0.666667,0.250000,0.481481,0.333333,0.739130,0.212121,,0.025641,0.052632,0.739130
2025-01-14,B3: DoY season,6,0.000000,0.000000,,12_1 12_10 12_11 12_12 12_13 12_14 12_15 12_2 12_3 12_4 12_5 12_6 12_7 12_8 12_9 4_7 6_13 7_5 8_6 9_14,10_14 3_10 3_12 4_12 4_9 7_3,0.052632,0.025641,0.025641,0.142857,0.081081,0.111111,0.025641,,0.052632,0.025641
2025-01-14,B0: Random,6,0.166667,0.050000,4_9,0_12 0_15 0_7 10_15 10_18 11_19 11_4 12_11 2_12 2_8 3_14 3_16 4_18 6_10 6_12 6_13 8_17 8_7 9_4,10_14 3_10 3_12 4_12 7_3,0.052632,0.052632,0.052632,0.081081,0.052632,0.052632,0.052632,0.052632,,0.052632
2025-01-15,GLM-Logit,5,0.400000,0.100000,3_10 3_11,10_14 3_12 3_13 3_14 3_6 3_7 3_9 4_8 4_9 5_8 5_9 6_15 7_3 7_5 7_7 7_8 8_5 8_8,4_12 6_3 6_4,0.739130,0.290323,0.481481,0.379310,0.666667,0.250000,0.818182,0.000000,0.052632,
2025-01-15,HierBayes,5,0.400000,0.100000,3_10 3_11,10_14 3_13 3_14 3_6 3_7 3_9 4_10 4_8 4_9 5_8 5_9 6_15 7_3 7_5 7_8 8_15 8_5 9_14,4_12 6_3 6_4,,0.428571,0.379310,0.481481,0.481481,0.379310,0.666667,0.025641,0.025641,0.739130
2025-01-15,B1: Static prior,5,0.400000,0.100000,3_10 3_11,3_14 4_10 4_8 4_9 5_14 5_15 5_8 5_9 6_14 6_15 6_7 7_15 7_16 7_8 8_15 9_14 9_15 9_16,4_12 6_3 6_4,0.428571,,0.333333,0.333333,0.176471,0.818182,0.250000,0.025641,0.025641,0.290323
2025-01-15,TTM,5,0.400000,0.100000,3_10 3_11,10_13 10_17 3_12 3_7 3_9 4_9 5_8 5_9 6_14 6_15 6_7 6_8 7_5 7_6 7_7 7_8 8_15 8_8,4_12 6_3 6_4,0.379310,0.333333,,0.290323,0.428571,0.333333,0.428571,0.000000,0.081081,0.481481
2025-01-15,ET,5,0.400000,0.100000,3_11 6_3,3_14 3_7 3_9 4_10 4_7 4_8 4_9 5_14 5_8 6_13 6_15 7_3 7_5 8_15 8_6 8_8 8_9 9_14,3_10 4_12 6_4,0.481481,0.333333,0.290323,,0.379310,0.333333,0.333333,0.111111,0.052632,0.379310
2025-01-15,B5: B2+B3,5,0.400000,0.100000,3_10 3_11,10_14 3_12 3_6 3_7 3_9 4_8 4_9 5_8 6_13 6_8 7_3 7_5 7_7 7_8 7_9 8_5 8_6 8_8,4_12 6_3 6_4,0.481481,0.176471,0.428571,0.379310,,0.250000,0.739130,0.052632,0.052632,0.666667
2025-01-15,B4: B1+B3,5,0.400000,0.100000,3_10 3_11,4_10 4_8 4_9 5_15 5_8 5_9 6_13 6_14 6_15 6_7 7_15 7_16 7_8 8_15 8_6 9_14 9_15 9_16,4_12 6_3 6_4,0.379310,0.818182,0.333333,0.333333,0.250000,,0.212121,0.081081,0.025641,0.250000
2025-01-15,B2: Recent MA,5,0.400000,0.100000,3_10 3_11,10_14 3_12 3_13 3_14 3_6 3_7 3_9 4_8 4_9 5_8 5_9 6_8 7_3 7_5 7_8 7_9 8_5 8_8,4_12 6_3 6_4,0.666667,0.250000,0.428571,0.333333,0.739130,0.212121,,0.000000,0.052632,0.818182
2025-01-15,B3: DoY season,5,0.000000,0.000000,,12_0 12_1 12_10 12_11 12_12 12_13 12_14 12_15 12_2 12_3 12_4 12_5 12_6 12_7 12_8 12_9 4_7 6_13 8_6 9_14,3_10 3_11 4_12 6_3 6_4,0.025641,0.025641,0.000000,0.111111,0.052632,0.081081,0.000000,,0.052632,0.000000
2025-01-15,B0: Random,5,0.000000,0.000000,,10_4 11_14 11_17 11_4 12_4 12_6 2_7 3_12 3_18 4_10 4_15 4_6 6_0 6_10 6_11 6_19 7_2 7_6 8_8 9_8,3_10 3_11 4_12 6_3 6_4,0.025641,0.025641,0.081081,0.052632,0.052632,0.025641,0.052632,0.052632,,0.052632
2025-01-16,GLM-Logit,1,0.000000,0.000000,,10_14 3_10 3_11 3_12 3_13 3_14 3_6 3_7 3_9 4_8 4_9 5_8 5_9 6_15 7_3 7_5 7_7 7_8 8_5 8_8,4_12,0.739130,0.290323,0.379310,0.379310,0.666667,0.250000,0.666667,0.000000,0.142857,
2025-01-16,HierBayes,1,0.000000,0.000000,,10_14 3_10 3_11 3_13 3_14 3_6 3_7 3_9 4_10 4_8 4_9 5_8 5_9 6_15 7_3 7_5 7_8 8_15 8_5 9_14,4_12,,0.428571,0.333333,0.481481,0.538462,0.379310,0.538462,0.025641,0.142857,0.739130
2025-01-16,B1: Static prior,1,0.000000,0.000000,,3_10 3_11 3_14 4_10 4_8 4_9 5_14 5_15 5_8 5_9 6_14 6_15 6_7 7_15 7_16 7_8 8_15 9_14 9_15 9_16,4_12,0.428571,,0.379310,0.333333,0.212121,0.818182,0.212121,0.025641,0.111111,0.290323
2025-01-16,TTM,1,0.000000,0.000000,,10_13 3_10 3_11 3_12 3_7 4_10 4_9 5_8 5_9 6_13 6_14 6_15 6_7 6_8 7_15 7_5 7_6 7_8 8_8 8_9,4_12,0.333333,0.379310,,0.333333,0.333333,0.428571,0.333333,0.052632,0.111111,0.379310
2025-01-16,ET,1,0.000000,0.000000,,3_11 3_14 3_7 3_9 4_10 4_7 4_8 4_9 5_14 5_8 6_13 6_15 6_3 7_3 7_5 8_15 8_6 8_8 8_9 9_14,4_12,0.481481,0.333333,0.333333,,0.379310,0.333333,0.333333,0.111111,0.142857,0.379310
2025-01-16,B5: B2+B3,1,0.000000,0.000000,,10_14 3_10 3_11 3_12 3_6 3_7 3_9 4_6 4_8 4_9 5_8 5_9 6_3 6_4 7_3 7_5 7_8 8_5 8_6 8_8,4_12,0.538462,0.212121,0.333333,0.379310,,0.250000,0.904762,0.025641,0.142857,0.666667
2025-01-16,B4: B1+B3,1,0.000000,0.000000,,3_10 3_11 4_10 4_8 4_9 5_15 5_8 5_9 6_13 6_14 6_15 6_7 7_15 7_16 7_8 8_15 8_6 9_14 9_15 9_16,4_12,0.379310,0.818182,0.428571,0.333333,0.250000,,0.212121,0.081081,0.111111,0.250000
2025-01-16,B2: Recent MA,1,1.000000,0.050000,4_12,10_14 3_10 3_11 3_12 3_6 3_7 3_9 4_6 4_8 4_9 5_8 5_9 6_3 6_4 7_3 7_5 7_8 8_5 8_8,,0.538462,0.212121,0.333333,0.333333,0.904762,0.212121,,0.000000,0.142857,0.666667
2025-01-16,B3: DoY season,1,0.000000,0.000000,,12_0 12_1 12_10 12_11 12_12 12_13 12_14 12_15 12_2 12_3 12_4 12_5 12_6 12_7 12_8 12_9 4_10 4_7 6_13 8_6,4_12,0.025641,0.025641,0.052632,0.111111,0.025641,0.081081,0.000000,,0.025641,0.000000
2025-01-16,B0: Random,1,0.000000,0.000000,,10_8 11_0 11_4 1_3 2_11 2_12 2_16 2_17 3_10 4_10 4_8 4_9 5_12 6_5 7_10 7_17 7_3 8_0 8_8 9_5,4_12,0.142857,0.111111,0.111111,0.142857,0.142857,0.111111,0.142857,0.025641,,0.142857
2025-01-17,GLM-Logit,1,0.000000,0.000000,,10_14 3_10 3_11 3_12 3_13 3_14 3_6 3_7 3_9 4_8 4_9 5_8 5_9 6_15 7_3 7_5 7_7 7_8 8_5 8_8,4_12,0.739130,0.290323,0.481481,0.379310,0.600000,0.250000,0.739130,0.000000,0.052632,
2025-01-17,HierBayes,1,0.000000,0.000000,,10_14 3_10 3_11 3_13 3_14 3_6 3_7 3_9 4_10 4_8 4_9 5_8 5_9 6_15 7_3 7_5 7_8 8_15 8_5 9_14,4_12,,0.428571,0.428571,0.481481,0.481481,0.379310,0.600000,0.025641,0.052632,0.739130
2025-01-17,B1: Static prior,1,0.000000,0.000000,,3_10 3_11 3_14 4_10 4_8 4_9 5_14 5_15 5_8 5_9 6_14 6_15 6_7 7_15 7_16 7_8 8_15 9_14 9_15 9_16,4_12,0.428571,,0.333333,0.333333,0.176471,0.818182,0.212121,0.025641,0.111111,0.290323
2025-01-17,TTM,1,0.000000,0.000000,,10_13 3_10 3_11 3_12 3_7 3_8 3_9 4_8 4_9 5_8 5_9 6_13 6_15 6_8 7_15 7_5 7_6 7_8 8_15 8_8,4_12,0.428571,0.333333,,0.379310,0.428571,0.379310,0.481481,0.025641,0.081081,0.481481
2025-01-17,ET,1,0.000000,0.000000,,3_11 3_14 3_7 3_9 4_10 4_7 4_8 4_9 5_14 5_8 6_13 6_15 6_3 7_3 7_5 8_15 8_6 8_8 8_9 9_14,4_12,0.481481,0.333333,0.379310,,0.428571,0.333333,0.333333,0.111111,0.025641,0.379310
2025-01-17,B5: B2+B3,1,1.000000,0.050000,4_12,10_14 3_10 3_11 3_12 3_6 3_7 3_9 4_6 4_8 4_9 5_8 6_13 6_3 7_3 7_5 7_8 8_5 8_6 8_8,,0.481481,0.176471,0.428571,0.428571,,0.250000,0.739130,0.052632,0.052632,0.600000
2025-01-17,B4: B1+B3,1,0.000000,0.000000,,3_10 3_11 4_10 4_8 4_9 5_15 5_8 5_9 6_13 6_14 6_15 6_7 7_15 7_16 7_8 8_15 8_6 9_14 9_15 9_16,4_12,0.379310,0.818182,0.379310,0.333333,0.250000,,0.212121,0.081081,0.111111,0.250000
2025-01-17,B2: Recent MA,1,1.000000,0.050000,4_12,10_14 3_10 3_11 3_12 3_13 3_6 3_7 3_9 4_8 4_9 5_8 5_9 6_3 6_8 7_3 7_5 7_8 8_5 8_8,,0.600000,0.212121,0.481481,0.333333,0.739130,0.212121,,0.000000,0.081081,0.739130
2025-01-17,B3: DoY season,1,0.000000,0.000000,,12_0 12_1 12_10 12_11 12_12 12_13 12_14 12_15 12_2 12_3 12_4 12_5 12_6 12_7 12_8 12_9 4_10 4_7 6_13 8_6,4_12,0.025641,0.025641,0.025641,0.111111,0.052632,0.081081,0.000000,,0.025641,0.000000
2025-01-17,B0: Random,1,0.000000,0.000000,,0_10 0_12 0_17 10_3 11_5 12_6 1_4 2_18 3_10 4_18 5_0 5_10 6_8 7_16 7_2 7_8 8_11 8_9 9_16 9_5,4_12,0.052632,0.111111,0.081081,0.025641,0.052632,0.111111,0.081081,0.025641,,0.052632
2025-01-18,GLM-Logit,0,,0.000000,,10_14 3_10 3_11 3_12 3_13 3_14 3_6 3_7 3_9 4_12 4_8 4_9 5_8 5_9 7_3 7_5 7_7 7_8 8_5 8_8,,0.666667,0.250000,0.481481,0.333333,0.666667,0.212121,0.818182,0.000000,0.025641,
2025-01-18,HierBayes,0,,0.000000,,10_14 3_10 3_11 3_13 3_14 3_7 3_9 4_10 4_12 4_8 4_9 5_8 5_9 6_15 7_3 7_5 7_8 8_15 8_5 9_14,,,0.428571,0.379310,0.481481,0.481481,0.379310,0.600000,0.025641,0.025641,0.666667
2025-01-18,B1: Static prior,0,,0.000000,,3_10 3_11 3_14 4_10 4_8 4_9 5_14 5_15 5_8 5_9 6_14 6_15 6_7 7_15 7_16 7_8 8_15 9_14 9_15 9_16,,0.428571,,0.212121,0.333333,0.176471,0.818182,0.212121,0.025641,0.025641,0.250000
2025-01-18,TTM,0,,0.000000,,10_13 3_10 3_11 3_12 3_9 4_8 4_9 5_7 5_8 5_9 6_13 6_15 6_3 7_3 7_5 7_6 7_7 8_5 8_7 8_8,,0.379310,0.212121,,0.379310,0.481481,0.250000,0.428571,0.025641,0.052632,0.481481
2025-01-18,ET,0,,0.000000,,3_11 3_14 3_7 3_9 4_10 4_7 4_8 4_9 5_14 5_8 6_13 6_15 6_3 7_3 7_5 8_15 8_6 8_8 8_9 9_14,,0.481481,0.333333,0.379310,,0.379310,0.333333,0.379310,0.111111,0.025641,0.333333
2025-01-18,B5: B2+B3,0,,0.000000,,10_14 3_10 3_11 3_12 3_13 3_6 3_9 4_12 4_8 4_9 5_8 6_13 6_3 6_4 7_3 7_5 7_8 8_5 8_6 8_8,,0.481481,0.176471,0.481481,0.379310,,0.250000,0.739130,0.052632,0.025641,0.666667
2025-01-18,B4: B1+B3,0,,0.000000,,3_10 3_11 4_10 4_8 4_9 5_15 5_8 5_9 6_13 6_14 6_15 6_7 7_15 7_16 7_8 8_15 8_6 9_14 9_15 9_16,,0.379310,0.818182,0.250000,0.333333,0.250000,,0.176471,0.081081,0.025641,0.212121
2025-01-18,B2: Recent MA,0,,0.000000,,10_14 3_10 3_11 3_12 3_13 3_14 3_6 3_7 3_9 4_12 4_8 4_9 5_8 6_3 6_8 7_3 7_5 7_8 8_5 8_8,,0.600000,0.212121,0.428571,0.379310,0.739130,0.176471,,0.000000,0.025641,0.818182
2025-01-18,B3: DoY season,0,,0.000000,,12_0 12_1 12_10 12_11 12_12 12_13 12_14 12_15 12_2 12_3 12_4 12_5 12_6 12_7 12_8 12_9 4_10 4_7 6_13 8_6,,0.025641,0.025641,0.025641,0.111111,0.052632,0.081081,0.000000,,0.025641,0.000000
2025-01-18,B0: Random,0,,0.000000,,10_1 11_5 11_6 12_1 1_11 1_3 2_10 2_19 2_3 2_8 3_12 6_2 6_6 7_0 8_15 8_3 8_7 9_1 9_2 9_9,,0.025641,0.025641,0.052632,0.025641,0.025641,0.025641,0.025641,0.025641,,0.025641
2025-01-19,GLM-Logit,2,0.500000,0.050000,3_10,10_14 3_11 3_12 3_13 3_14 3_6 3_7 3_9 4_12 4_8 4_9 5_8 5_9 7_3 7_5 7_7 7_8 8_5 8_8,4_11,0.666667,0.250000,0.538462,0.333333,0.666667,0.212121,0.818182,0.000000,0.025641,
2025-01-19,HierBayes,2,0.500000,0.050000,3_10,10_14 3_11 3_13 3_14 3_7 3_9 4_10 4_12 4_8 4_9 5_8 5_9 6_15 7_3 7_5 7_8 8_15 8_5 9_14,4_11,,0.428571,0.379310,0.481481,0.481481,0.379310,0.600000,0.025641,0.052632,0.666667
2025-01-19,B1: Static prior,2,0.500000,0.050000,3_10,3_11 3_14 4_10 4_8 4_9 5_14 5_15 5_8 5_9 6_14 6_15 6_7 7_15 7_16 7_8 8_15 9_14 9_15 9_16,4_11,0.428571,,0.250000,0.333333,0.176471,0.818182,0.212121,0.025641,0.052632,0.250000
2025-01-19,TTM,2,0.500000,0.050000,3_10,3_11 3_12 3_14 3_15 3_6 3_7 3_9 4_9 5_8 5_9 6_13 6_14 6_15 6_3 6_8 7_5 7_7 8_5 8_8,4_11,0.379310,0.250000,,0.379310,0.428571,0.250000,0.538462,0.025641,0.052632,0.538462
2025-01-19,ET,2,0.000000,0.000000,,3_11 3_14 3_7 3_9 4_10 4_7 4_8 4_9 5_14 5_8 6_13 6_15 6_3 7_3 7_5 8_15 8_6 8_8 8_9 9_14,3_10 4_11,0.481481,0.333333,0.379310,,0.379310,0.333333,0.379310,0.111111,0.081081,0.333333
2025-01-19,B5: B2+B3,2,0.500000,0.050000,3_10,10_14 3_11 3_12 3_13 3_6 3_9 4_12 4_8 4_9 5_8 6_13 6_3 6_4 7_3 7_5 7_8 8_5 8_6 8_8,4_11,0.481481,0.176471,0.428571,0.379310,,0.250000,0.739130,0.052632,0.025641,0.666667
2025-01-19,B4: B1+B3,2,0.500000,0.050000,3_10,3_11 4_10 4_8 4_9 5_15 5_8 5_9 6_13 6_14 6_15 6_7 7_15 7_16 7_8 8_15 8_6 9_14 9_15 9_16,4_11,0.379310,0.818182,0.250000,0.333333,0.250000,,0.176471,0.081081,0.052632,0.212121
2025-01-19,B2: Recent MA,2,0.500000,0.050000,3_10,10_14 3_11 3_12 3_13 3_14 3_6 3_7 3_9 4_12 4_8 4_9 5_8 6_3 6_8 7_3 7_5 7_8 8_5 8_8,4_11,0.600000,0.212121,0.538462,0.379310,0.739130,0.176471,,0.000000,0.025641,0.818182
2025-01-19,B3: DoY season,2,0.000000,0.000000,,12_0 12_1 12_10 12_11 12_12 12_13 12_14 12_15 12_2 12_3 12_4 12_5 12_6 12_7 12_8 12_9 4_10 4_7 6_13 8_6,3_10 4_11,0.025641,0.025641,0.025641,0.111111,0.052632,0.081081,0.000000,,0.025641,0.000000
2025-01-19,B0: Random,2,0.000000,0.000000,,0_0 0_4 10_9 11_13 11_18 1_0 1_13 2_11 2_14 3_14 3_17 3_19 4_2 5_1 5_13 5_2 5_4 6_13 7_9 8_15,3_10 4_11,0.052632,0.052632,0.052632,0.081081,0.025641,0.052632,0.025641,0.025641,,0.025641
2025-01-20,GLM-Logit,1,1.000000,0.050000,7_3,10_14 3_10 3_11 3_12 3_13 3_14 3_7 3_9 4_12 4_8 4_9 5_8 5_9 6_15 6_3 7_5 7_8 8_5 8_8,,0.739130,0.290323,0.538462,0.428571,0.818182,0.250000,0.818182,0.000000,0.052632,
2025-01-20,HierBayes,1,1.000000,0.050000,7_3,10_14 3_10 3_11 3_13 3_14 3_7 3_9 4_10 4_12 4_8 4_9 5_8 5_9 6_15 7_5 7_8 8_15 8_5 9_14,,,0.428571,0.379310,0.481481,0.600000,0.379310,0.600000,0.025641,0.081081,0.739130
2025-01-20,B1: Static prior,1,0.000000,0.000000,,3_10 3_11 3_14 4_10 4_8 4_9 5_14 5_15 5_8 5_9 6_14 6_15 6_7 7_15 7_16 7_8 8_15 9_14 9_15 9_16,7_3,0.428571,,0.250000,0.333333,0.212121,0.818182,0.212121,0.025641,0.111111,0.290323
2025-01-20,TTM,1,1.000000,0.050000,7_3,3_10 3_11 3_12 3_13 3_14 3_6 3_9 4_9 5_8 5_9 6_13 6_15 6_3 7_15 7_5 7_7 7_9 8_14 8_8,,0.379310,0.250000,,0.379310,0.481481,0.250000,0.428571,0.025641,0.025641,0.538462
2025-01-20,ET,1,1.000000,0.050000,7_3,3_11 3_14 3_7 3_9 4_10 4_7 4_8 4_9 5_14 5_8 6_13 6_15 6_3 7_5 8_15 8_6 8_8 8_9 9_14,,0.481481,0.333333,0.379310,,0.481481,0.333333,0.379310,0.111111,0.025641,0.428571
2025-01-20,B5: B2+B3,1,1.000000,0.050000,7_3,10_14 3_10 3_11 3_12 3_13 3_14 3_7 3_9 4_12 4_8 4_9 5_8 6_13 6_3 7_5 7_8 8_5 8_6 8_8,,0.600000,0.212121,0.481481,0.481481,,0.250000,0.818182,0.052632,0.025641,0.818182
2025-01-20,B4: B1+B3,1,0.000000,0.000000,,3_10 3_11 4_10 4_8 4_9 5_15 5_8 5_9 6_13 6_14 6_15 6_7 7_15 7_16 7_8 8_15 8_6 9_14 9_15 9_16,7_3,0.379310,0.818182,0.250000,0.333333,0.250000,,0.176471,0.081081,0.111111,0.250000
2025-01-20,B2: Recent MA,1,1.000000,0.050000,7_3,10_14 3_10 3_11 3_12 3_13 3_14 3_7 3_9 4_12 4_8 4_9 5_8 6_3 6_4 6_8 7_5 7_8 8_5 8_8,,0.600000,0.212121,0.428571,0.379310,0.818182,0.176471,,0.000000,0.052632,0.818182
2025-01-20,B3: DoY season,1,0.000000,0.000000,,12_0 12_1 12_10 12_11 12_12 12_13 12_14 12_15 12_2 12_3 12_4 12_5 12_6 12_7 12_8 12_9 4_10 4_7 6_13 8_6,7_3,0.025641,0.025641,0.025641,0.111111,0.052632,0.081081,0.000000,,0.025641,0.000000
2025-01-20,B0: Random,1,0.000000,0.000000,,0_13 0_3 10_3 11_0 11_1 12_15 1_19 2_8 4_0 5_5 5_9 6_14 6_4 7_14 7_4 7_8 8_13 8_15 9_8 9_9,7_3,0.081081,0.111111,0.025641,0.025641,0.025641,0.111111,0.052632,0.025641,,0.052632
2025-01-21,GLM-Logit,1,1.000000,0.050000,7_3,10_14 3_10 3_11 3_12 3_13 3_14 3_7 3_9 4_12 4_8 4_9 5_8 5_9 6_3 7_5 7_8 8_5 8_8 9_15,,0.666667,0.290323,0.481481,0.379310,0.739130,0.250000,0.818182,0.000000,0.052632,
2025-01-21,HierBayes,1,1.000000,0.050000,7_3,10_14 3_10 3_11 3_13 3_14 3_7 3_9 4_10 4_12 4_8 4_9 5_8 5_9 6_15 7_5 7_8 8_15 8_5 9_14,,,0.428571,0.428571,0.481481,0.600000,0.379310,0.600000,0.052632,0.052632,0.666667
2025-01-21,B1: Static prior,1,0.000000,0.000000,,3_10 3_11 3_14 4_10 4_8 4_9 5_14 5_15 5_8 5_9 6_14 6_15 6_7 7_15 7_16 7_8 8_15 9_14 9_15 9_16,7_3,0.428571,,0.333333,0.333333,0.212121,0.818182,0.212121,0.052632,0.081081,0.290323
2025-01-21,TTM,1,1.000000,0.050000,7_3,3_10 3_11 3_12 3_7 3_9 4_8 4_9 5_8 5_9 6_14 6_15 6_3 7_15 7_5 7_6 7_7 8_15 8_8 8_9,,0.428571,0.333333,,0.481481,0.379310,0.333333,0.428571,0.000000,0.052632,0.481481
2025-01-21,ET,1,1.000000,0.050000,7_3,3_11 3_14 3_7 3_9 4_10 4_7 4_8 4_9 5_14 5_8 6_13 6_15 6_3 7_5 8_15 8_6 8_8 8_9 9_14,,0.481481,0.333333,0.481481,,0.428571,0.333333,0.379310,0.142857,0.000000,0.379310
2025-01-21,B5: B2+B3,1,1.000000,0.050000,7_3,10_14 3_10 3_11 3_12 3_13 3_14 3_7 3_9 4_12 4_8 4_9 5_8 6_13 6_4 7_5 7_8 8_5 8_6 8_8,,0.600000,0.212121,0.379310,0.428571,,0.250000,0.818182,0.052632,0.052632,0.739130
2025-01-21,B4: B1+B3,1,0.000000,0.000000,,3_10 3_11 4_10 4_8 4_9 5_15 5_8 5_9 6_13 6_14 6_15 6_7 7_15 7_16 7_8 8_15 8_6 9_14 9_15 9_16,7_3,0.379310,0.818182,0.333333,0.333333,0.250000,,0.176471,0.111111,0.081081,0.250000
2025-01-21,B2: Recent MA,1,1.000000,0.050000,7_3,10_14 3_10 3_11 3_12 3_13 3_14 3_7 3_9 4_12 4_6 4_8 4_9 5_8 6_3 6_4 7_5 7_8 8_5 8_8,,0.600000,0.212121,0.428571,0.379310,0.818182,0.176471,,0.000000,0.052632,0.818182
2025-01-21,B3: DoY season,1,0.000000,0.000000,,12_1 12_10 12_11 12_12 12_13 12_14 12_15 12_2 12_3 12_4 12_5 12_6 12_7 12_8 12_9 4_10 4_7 6_13 8_6 9_14,7_3,0.052632,0.052632,0.000000,0.142857,0.052632,0.111111,0.000000,,0.052632,0.000000
2025-01-21,B0: Random,1,0.000000,0.000000,,0_12 0_7 10_17 11_18 11_4 11_6 11_8 12_14 12_4 3_10 4_0 4_16 4_2 5_6 6_7 7_15 8_11 8_5 9_12 9_9,7_3,0.052632,0.081081,0.052632,0.000000,0.052632,0.081081,0.052632,0.052632,,0.052632
2025-01-22,GLM-Logit,3,0.333333,0.050000,6_3,10_14 3_10 3_11 3_12 3_13 3_14 3_7 3_9 4_12 4_8 4_9 5_8 5_9 7_3 7_5 7_8 8_5 8_8 9_15,4_11 6_2,0.600000,0.290323,0.538462,0.379310,0.818182,0.212121,0.818182,0.000000,0.025641,
2025-01-22,HierBayes,3,0.000000,0.000000,,10_14 3_10 3_11 3_13 3_14 3_9 4_10 4_12 4_8 4_9 5_8 5_9 6_14 6_15 7_3 7_5 7_8 8_15 8_5 9_14,4_11 6_2 6_3,,0.481481,0.379310,0.428571,0.600000,0.379310,0.600000,0.052632,0.025641,0.600000
2025-01-22,B1: Static prior,3,0.000000,0.000000,,3_10 3_11 3_14 4_10 4_8 4_9 5_14 5_15 5_8 5_9 6_14 6_15 6_7 7_15 7_16 7_8 8_15 9_14 9_15 9_16,4_11 6_2 6_3,0.481481,,0.333333,0.333333,0.250000,0.818182,0.250000,0.081081,0.025641,0.290323
2025-01-22,TTM,3,0.333333,0.050000,6_3,3_10 3_11 3_12 3_7 3_9 4_10 4_9 5_15 5_8 5_9 6_15 6_8 7_15 7_3 7_5 7_7 8_5 8_8 9_15,4_11 6_2,0.379310,0.333333,,0.379310,0.428571,0.333333,0.428571,0.025641,0.025641,0.538462
2025-01-22,ET,3,0.333333,0.050000,6_3,3_11 3_14 3_7 3_9 4_10 4_7 4_8 4_9 5_14 5_8 6_13 6_15 7_3 7_5 8_15 8_6 8_8 8_9 9_14,4_11 6_2,0.428571,0.333333,0.379310,,0.428571,0.333333,0.333333,0.176471,0.025641,0.379310
2025-01-22,B5: B2+B3,3,0.333333,0.050000,6_3,10_14 3_10 3_11 3_12 3_13 3_14 3_9 4_12 4_8 4_9 5_8 5_9 6_13 7_3 7_5 7_8 8_5 8_6 8_8,4_11 6_2,0.600000,0.250000,0.428571,0.428571,,0.250000,0.818182,0.052632,0.025641,0.818182
2025-01-22,B4: B1+B3,3,0.000000,0.000000,,3_10 3_11 4_10 4_9 5_14 5_15 5_8 5_9 6_13 6_14 6_15 6_7 7_15 7_16 7_8 8_15 8_6 9_14 9_15 9_16,4_11 6_2 6_3,0.379310,0.818182,0.333333,0.333333,0.250000,,0.176471,0.142857,0.025641,0.212121
2025-01-22,B2: Recent MA,3,0.333333,0.050000,6_3,10_14 3_10 3_11 3_12 3_13 3_14 3_9 4_12 4_6 4_8 4_9 5_8 5_9 6_4 7_3 7_5 7_8 8_5 8_8,4_11 6_2,0.600000,0.250000,0.428571,0.333333,0.818182,0.176471,,0.000000,0.052632,0.818182
2025-01-22,B3: DoY season,3,0.000000,0.000000,,12_10 12_11 12_12 12_13 12_14 12_15 12_2 12_3 12_4 12_5 12_6 12_7 12_8 12_9 4_10 4_7 5_14 6_13 8_6 9_14,4_11 6_2 6_3,0.052632,0.081081,0.025641,0.176471,0.052632,0.142857,0.000000,,0.052632,0.000000
2025-01-22,B0: Random,3,0.000000,0.000000,,0_12 0_19 10_15 12_12 12_17 12_6 1_16 1_5 2_15 3_5 3_8 4_0 4_6 5_0 5_16 5_4 6_16 6_5 7_3 9_16,4_11 6_2 6_3,0.025641,0.025641,0.025641,0.025641,0.025641,0.025641,0.052632,0.052632,,0.025641
2025-01-23,GLM-Logit,3,0.333333,0.050000,3_9,10_14 3_10 3_11 3_12 3_13 3_14 3_6 4_12 4_8 4_9 5_8 5_9 6_3 7_3 7_5 7_8 8_5 8_8 9_15,6_4 6_5,0.666667,0.290323,0.428571,0.333333,0.739130,0.212121,0.739130,0.000000,0.000000,
2025-01-23,HierBayes,3,0.333333,0.050000,3_9,10_14 3_10 3_11 3_13 3_14 4_10 4_12 4_8 4_9 5_8 5_9 6_15 6_3 7_3 7_5 7_8 8_15 8_5 9_14,6_4 6_5,,0.428571,0.379310,0.481481,0.600000,0.333333,0.600000,0.052632,0.000000,0.666667
2025-01-23,B1: Static prior,3,0.000000,0.000000,,3_10 3_11 3_14 4_10 4_8 4_9 5_14 5_15 5_8 5_9 6_14 6_15 6_7 7_15 7_16 7_8 8_15 9_14 9_15 9_16,3_9 6_4 6_5,0.428571,,0.333333,0.333333,0.212121,0.818182,0.212121,0.081081,0.000000,0.290323
2025-01-23,TTM,3,0.333333,0.050000,3_9,10_13 3_10 3_11 3_12 3_6 3_7 4_10 4_9 5_14 5_8 5_9 6_15 6_3 6_8 7_15 7_5 8_5 8_8 9_16,6_4 6_5,0.379310,0.333333,,0.379310,0.333333,0.333333,0.333333,0.052632,0.000000,0.428571
2025-01-23,ET,3,0.333333,0.050000,3_9,3_11 3_14 3_7 4_10 4_7 4_8 4_9 5_14 5_8 6_13 6_15 6_3 7_3 7_5 8_15 8_6 8_8 8_9 9_14,6_4 6_5,0.481481,0.333333,0.379310,,0.379310,0.333333,0.290323,0.176471,0.000000,0.333333
2025-01-23,B5: B2+B3,3,0.666667,0.100000,3_9 6_4,10_14 3_10 3_12 3_13 3_14 4_12 4_8 4_9 5_8 5_9 6_13 6_3 7_3 7_5 7_8 8_5 8_6 8_8,6_5,0.600000,0.212121,0.333333,0.379310,,0.212121,0.818182,0.052632,0.000000,0.739130
2025-01-23,B4: B1+B3,3,0.000000,0.000000,,3_10 3_11 4_10 4_9 5_14 5_15 5_8 5_9 6_13 6_14 6_15 6_7 7_15 7_16 7_8 8_15 8_6 9_14 9_15 9_16,3_9 6_4 6_5,0.333333,0.818182,0.333333,0.333333,0.212121,,0.142857,0.142857,0.000000,0.212121
2025-01-23,B2: Recent MA,3,0.666667,0.100000,3_9 6_4,10_14 3_10 3_12 3_13 3_14 4_11 4_12 4_6 4_8 4_9 5_8 5_9 6_3 7_3 7_5 7_8 8_5 8_8,6_5,0.600000,0.212121,0.333333,0.290323,0.818182,0.142857,,0.000000,0.000000,0.739130
2025-01-23,B3: DoY season,3,0.000000,0.000000,,12_10 12_11 12_12 12_13 12_14 12_15 12_2 12_3 12_4 12_5 12_6 12_7 12_8 12_9 4_10 4_7 5_14 6_13 8_6 9_14,3_9 6_4 6_5,0.052632,0.081081,0.052632,0.176471,0.052632,0.142857,0.000000,,0.052632,0.000000
2025-01-23,B0: Random,3,0.000000,0.000000,,0_15 0_18 0_8 10_10 12_13 12_14 1_3 1_7 1_8 1_9 2_1 2_3 3_0 3_1 3_17 6_10 6_6 8_10 8_3 9_10,3_9 6_4 6_5,0.000000,0.000000,0.000000,0.000000,0.000000,0.000000,0.000000,0.052632,,0.000000
2025-01-24,GLM-Logit,1,0.000000,0.000000,,10_14 3_10 3_11 3_12 3_13 3_14 3_9 4_12 4_8 4_9 5_8 5_9 6_3 6_4 7_3 7_5 7_8 8_5 8_8 9_15,6_5,0.666667,0.290323,0.481481,0.333333,0.818182,0.212121,0.818182,0.000000,0.052632,
2025-01-24,HierBayes,1,0.000000,0.000000,,10_14 3_10 3_11 3_13 3_14 3_9 4_10 4_12 4_8 4_9 5_8 5_9 6_15 6_3 7_3 7_5 7_8 8_15 8_5 9_14,6_5,,0.428571,0.428571,0.481481,0.600000,0.333333,0.600000,0.052632,0.025641,0.666667
2025-01-24,B1: Static prior,1,0.000000,0.000000,,3_10 3_11 3_14 4_10 4_8 4_9 5_14 5_15 5_8 5_9 6_14 6_15 6_7 7_15 7_16 7_8 8_15 9_14 9_15 9_16,6_5,0.428571,,0.333333,0.333333,0.212121,0.818182,0.212121,0.081081,0.111111,0.290323
2025-01-24,TTM,1,0.000000,0.000000,,10_13 3_10 3_11 3_12 3_7 3_8 3_9 4_9 5_8 5_9 6_15 6_3 7_15 7_3 7_5 8_15 8_5 8_8 9_15 9_16,6_5,0.428571,0.333333,,0.379310,0.379310,0.333333,0.379310,0.000000,0.052632,0.481481
2025-01-24,ET,1,0.000000,0.000000,,3_11 3_14 3_7 3_9 4_10 4_7 4_8 4_9 5_14 5_8 6_13 6_15 6_3 7_3 7_5 8_15 8_6 8_8 8_9 9_14,6_5,0.481481,0.333333,0.379310,,0.379310,0.333333,0.290323,0.142857,0.111111,0.333333
2025-01-24,B5: B2+B3,1,0.000000,0.000000,,10_14 3_10 3_12 3_13 3_14 3_9 4_12 4_8 4_9 5_8 5_9 6_13 6_3 6_4 7_3 7_5 7_8 8_5 8_6 8_8,6_5,0.600000,0.212121,0.379310,0.379310,,0.212121,0.818182,0.052632,0.052632,0.818182
2025-01-24,B4: B1+B3,1,0.000000,0.000000,,3_10 3_11 4_10 4_9 5_14 5_15 5_8 5_9 6_13 6_14 6_15 6_7 7_15 7_16 7_8 8_15 8_6 9_14 9_15 9_16,6_5,0.333333,0.818182,0.333333,0.333333,0.212121,,0.142857,0.142857,0.142857,0.212121
2025-01-24,B2: Recent MA,1,0.000000,0.000000,,10_14 3_10 3_12 3_13 3_14 3_9 4_11 4_12 4_6 4_8 4_9 5_8 5_9 6_3 6_4 7_3 7_5 7_8 8_5 8_8,6_5,0.600000,0.212121,0.379310,0.290323,0.818182,0.142857,,0.000000,0.025641,0.818182
2025-01-24,B3: DoY season,1,0.000000,0.000000,,12_1 12_10 12_11 12_12 12_13 12_14 12_15 12_2 12_3 12_4 12_5 12_6 12_7 12_8 12_9 4_10 5_14 6_13 8_6 9_14,6_5,0.052632,0.081081,0.000000,0.142857,0.052632,0.142857,0.000000,,0.081081,0.000000
2025-01-24,B0: Random,1,1.000000,0.050000,6_5,0_12 0_13 0_8 10_19 1_19 2_0 2_14 2_16 2_8 3_3 4_10 5_14 6_13 6_6 7_16 8_19 8_8 9_10 9_15,,0.025641,0.111111,0.052632,0.111111,0.052632,0.142857,0.025641,0.081081,,0.052632
2025-01-25,GLM-Logit,1,0.000000,0.000000,,10_14 3_10 3_11 3_12 3_13 3_14 3_9 4_12 4_8 4_9 5_8 5_9 6_3 6_4 7_3 7_5 7_8 8_5 8_8 9_15,4_10,0.666667,0.290323,0.428571,0.333333,0.666667,0.212121,0.739130,0.000000,0.052632,
2025-01-25,HierBayes,1,1.000000,0.050000,4_10,10_14 3_10 3_11 3_13 3_14 3_9 4_12 4_8 4_9 5_8 5_9 6_15 6_3 7_3 7_5 7_8 8_15 8_5 9_14,,,0.428571,0.428571,0.481481,0.481481,0.333333,0.538462,0.052632,0.025641,0.666667
2025-01-25,B1: Static prior,1,1.000000,0.050000,4_10,3_10 3_11 3_14 4_8 4_9 5_14 5_15 5_8 5_9 6_14 6_15 6_7 7_15 7_16 7_8 8_15 9_14 9_15 9_16,,0.428571,,0.290323,0.333333,0.142857,0.818182,0.176471,0.081081,0.025641,0.290323
2025-01-25,TTM,1,1.000000,0.050000,4_10,10_13 3_10 3_11 3_12 3_8 3_9 4_9 5_7 5_8 5_9 6_13 6_14 6_15 6_3 7_15 7_3 7_5 8_5 8_8,,0.428571,0.290323,,0.379310,0.333333,0.333333,0.333333,0.052632,0.025641,0.428571
2025-01-25,ET,1,1.000000,0.050000,4_10,3_11 3_14 3_7 3_9 4_7 4_8 4_9 5_14 5_8 6_13 6_15 6_3 7_3 7_5 8_15 8_6 8_8 8_9 9_14,,0.481481,0.333333,0.379310,,0.290323,0.333333,0.290323,0.142857,0.025641,0.333333
2025-01-25,B5: B2+B3,1,0.000000,0.000000,,10_14 3_10 3_12 3_13 3_14 3_9 4_11 4_12 4_6 4_9 5_8 6_3 6_4 6_5 7_3 7_5 7_8 8_5 8_6 8_8,4_10,0.481481,0.142857,0.333333,0.290323,,0.142857,0.904762,0.025641,0.111111,0.666667
2025-01-25,B4: B1+B3,1,1.000000,0.050000,4_10,3_10 3_11 4_9 5_14 5_15 5_8 5_9 6_13 6_14 6_15 6_7 7_15 7_16 7_8 8_15 8_6 9_14 9_15 9_16,,0.333333,0.818182,0.333333,0.333333,0.142857,,0.111111,0.142857,0.052632,0.212121
2025-01-25,B2: Recent MA,1,0.000000,0.000000,,10_14 3_10 3_12 3_13 3_14 3_9 4_11 4_12 4_6 4_8 4_9 5_8 6_3 6_4 6_5 7_3 7_5 7_8 8_5 8_8,4_10,0.538462,0.176471,0.333333,0.290323,0.904762,0.111111,,0.000000,0.081081,0.739130
2025-01-25,B3: DoY season,1,1.000000,0.050000,4_10,12_1 12_10 12_11 12_12 12_13 12_14 12_15 12_2 12_3 12_4 12_5 12_6 12_7 12_8 12_9 5_14 6_13 8_6 9_14,,0.052632,0.081081,0.052632,0.142857,0.025641,0.142857,0.000000,,0.081081,0.000000
2025-01-25,B0: Random,1,0.000000,0.000000,,0_15 0_6 0_7 11_12 11_8 12_4 12_9 2_11 2_13 2_19 2_7 3_12 4_11 5_11 5_17 5_6 6_12 7_8 8_13 8_6,4_10,0.025641,0.025641,0.025641,0.025641,0.111111,0.052632,0.081081,0.081081,,0.052632
2025-01-26,GLM-Logit,1,1.000000,0.050000,4_10,10_14 3_10 3_11 3_12 3_13 3_14 3_9 4_12 4_8 4_9 5_8 6_3 6_4 7_3 7_5 7_8 8_5 8_8 9_15,,0.666667,0.290323,0.379310,0.379310,0.739130,0.250000,0.739130,0.025641,0.025641,
2025-01-26,HierBayes,1,1.000000,0.050000,4_10,10_14 3_10 3_11 3_13 3_14 3_9 4_12 4_8 4_9 5_8 5_9 6_15 6_3 7_3 7_5 7_8 8_15 8_5 9_14,,,0.428571,0.428571,0.481481,0.538462,0.379310,0.538462,0.052632,0.025641,0.666667
2025-01-26,B1: Static prior,1,1.000000,0.050000,4_10,3_10 3_11 3_14 4_8 4_9 5_14 5_15 5_8 5_9 6_14 6_15 6_7 7_15 7_16 7_8 8_15 9_14 9_15 9_16,,0.428571,,0.290323,0.333333,0.176471,0.904762,0.176471,0.081081,0.052632,0.290323
2025-01-26,TTM,1,0.000000,0.000000,,3_10 3_11 3_12 3_6 3_8 3_9 4_8 4_9 5_8 5_9 6_13 6_15 7_15 7_3 7_5 7_6 7_7 8_5 8_8 9_14,4_10,0.428571,0.290323,,0.379310,0.333333,0.290323,0.333333,0.025641,0.000000,0.379310
2025-01-26,ET,1,1.000000,0.050000,4_10,3_11 3_14 3_7 3_9 4_7 4_8 4_9 5_14 5_8 6_13 6_15 6_3 7_3 7_5 8_15 8_6 8_8 8_9 9_14,,0.481481,0.333333,0.379310,,0.290323,0.333333,0.290323,0.111111,0.052632,0.379310
2025-01-26,B5: B2+B3,1,0.000000,0.000000,,10_14 3_10 3_12 3_13 3_14 3_9 4_11 4_12 4_6 4_8 4_9 5_8 6_3 6_4 6_5 7_3 7_5 7_8 8_5 8_8,4_10,0.538462,0.176471,0.333333,0.290323,,0.142857,1.000000,0.000000,0.052632,0.739130
2025-01-26,B4: B1+B3,1,1.000000,0.050000,4_10,3_10 3_11 4_8 4_9 5_14 5_15 5_8 5_9 6_14 6_15 6_7 7_15 7_16 7_8 8_15 8_6 9_14 9_15 9_16,,0.379310,0.904762,0.290323,0.333333,0.142857,,0.142857,0.111111,0.052632,0.250000
2025-01-26,B2: Recent MA,1,0.000000,0.000000,,10_14 3_10 3_12 3_13 3_14 3_9 4_11 4_12 4_6 4_8 4_9 5_8 6_3 6_4 6_5 7_3 7_5 7_8 8_5 8_8,4_10,0.538462,0.176471,0.333333,0.290323,1.000000,0.142857,,0.000000,0.052632,0.739130
2025-01-26,B3: DoY season,1,1.000000,0.050000,4_10,12_0 12_1 12_10 12_11 12_12 12_13 12_14 12_15 12_2 12_3 12_4 12_5 12_6 12_7 12_8 12_9 5_14 8_6 9_14,,0.052632,0.081081,0.025641,0.111111,0.000000,0.111111,0.000000,,0.052632,0.025641
2025-01-26,B0: Random,1,0.000000,0.000000,,0_0 0_6 10_2 11_15 12_13 1_0 1_11 1_5 2_2 3_18 3_19 3_3 4_14 4_7 5_14 6_5 7_11 7_17 7_8 9_6,4_10,0.025641,0.052632,0.000000,0.052632,0.052632,0.052632,0.052632,0.052632,,0.025641
2025-01-27,GLM-Logit,2,0.500000,0.050000,6_4,10_14 3_10 3_11 3_12 3_13 3_14 3_9 4_10 4_12 4_8 4_9 5_8 6_3 7_3 7_5 7_8 8_5 8_8 9_15,6_6,0.600000,0.290323,0.379310,0.379310,0.818182,0.250000,0.739130,0.025641,0.142857,
2025-01-27,HierBayes,2,0.000000,0.000000,,10_14 3_10 3_11 3_13 3_14 3_9 4_10 4_12 4_8 4_9 5_8 5_9 6_14 6_15 6_3 7_3 7_8 8_15 8_5 9_14,6_4 6_6,,0.481481,0.379310,0.428571,0.538462,0.428571,0.481481,0.052632,0.111111,0.600000
2025-01-27,B1: Static prior,2,0.000000,0.000000,,3_10 3_11 3_14 4_10 4_8 4_9 5_14 5_15 5_8 5_9 6_14 6_15 6_7 7_15 7_16 7_8 8_15 9_14 9_15 9_16,6_4 6_6,0.481481,,0.290323,0.333333,0.212121,0.904762,0.176471,0.081081,0.081081,0.290323
2025-01-27,TTM,2,0.000000,0.000000,,10_16 3_10 3_11 3_12 3_8 3_9 4_8 4_9 5_8 5_9 6_13 6_15 6_3 7_15 7_3 7_5 7_6 7_7 8_15 8_8,6_4 6_6,0.379310,0.290323,,0.428571,0.333333,0.290323,0.333333,0.000000,0.025641,0.379310
2025-01-27,ET,2,0.000000,0.000000,,3_11 3_14 3_7 3_9 4_10 4_7 4_8 4_9 5_14 5_8 6_13 6_15 6_3 7_3 7_5 8_15 8_6 8_8 8_9 9_14,6_4 6_6,0.428571,0.333333,0.428571,,0.333333,0.333333,0.290323,0.111111,0.081081,0.379310
2025-01-27,B5: B2+B3,2,0.500000,0.050000,6_4,10_14 3_10 3_12 3_13 3_14 3_9 4_10 4_12 4_6 4_8 4_9 5_8 6_3 6_5 7_3 7_5 7_8 8_5 8_8,6_6,0.538462,0.212121,0.333333,0.333333,,0.176471,0.904762,0.025641,0.176471,0.818182
2025-01-27,B4: B1+B3,2,0.000000,0.000000,,3_10 3_11 4_10 4_8 4_9 5_14 5_15 5_8 5_9 6_14 6_15 6_7 7_15 7_16 7_8 8_15 8_6 9_14 9_15 9_16,6_4 6_6,0.428571,0.904762,0.290323,0.333333,0.176471,,0.176471,0.111111,0.081081,0.250000
2025-01-27,B2: Recent MA,2,0.500000,0.050000,6_4,10_14 3_10 3_12 3_13 3_9 4_10 4_11 4_12 4_6 4_8 4_9 5_8 6_3 6_5 7_3 7_5 7_8 8_5 8_8,6_6,0.481481,0.176471,0.333333,0.290323,0.904762,0.176471,,0.025641,0.176471,0.739130
2025-01-27,B3: DoY season,2,0.000000,0.000000,,12_0 12_1 12_10 12_11 12_12 12_13 12_14 12_15 12_2 12_3 12_4 12_5 12_6 12_7 12_8 12_9 4_10 5_14 8_6 9_14,6_4 6_6,0.052632,0.081081,0.000000,0.111111,0.025641,0.111111,0.025641,,0.081081,0.025641
2025-01-27,B0: Random,2,0.500000,0.050000,6_4,0_13 10_13 11_0 11_1 12_11 12_15 2_19 2_7 3_1 3_13 3_18 4_1 4_10 4_9 6_19 6_5 7_8 8_9 9_11,6_6,0.111111,0.081081,0.025641,0.081081,0.176471,0.081081,0.176471,0.081081,,0.142857
2025-01-28,GLM-Logit,2,0.000000,0.000000,,10_14 3_10 3_11 3_12 3_13 3_14 3_9 4_10 4_12 4_8 4_9 5_8 5_9 6_3 6_4 7_3 7_8 8_5 8_8 9_15,8_3 9_9,0.739130,0.333333,0.428571,0.333333,0.739130,0.290323,0.739130,0.025641,0.025641,
2025-01-28,HierBayes,2,0.000000,0.000000,,10_14 3_10 3_11 3_13 3_14 3_9 4_10 4_12 4_8 4_9 5_8 5_9 6_15 6_3 6_4 7_3 7_8 8_15 8_5 9_14,8_3 9_9,,0.428571,0.379310,0.428571,0.600000,0.379310,0.600000,0.052632,0.052632,0.739130
2025-01-28,B1: Static prior,2,0.000000,0.000000,,3_10 3_11 3_14 4_10 4_8 4_9 5_14 5_15 5_8 5_9 6_14 6_15 6_7 7_15 7_16 7_8 8_15 9_14 9_15 9_16,8_3 9_9,0.428571,,0.428571,0.333333,0.212121,0.904762,0.212121,0.081081,0.052632,0.333333
2025-01-28,TTM,2,0.000000,0.000000,,3_10 3_11 3_12 3_9 4_10 4_8 4_9 5_8 5_9 6_14 6_15 6_3 6_7 6_8 7_15 7_3 7_5 8_8 8_9 9_16,8_3 9_9,0.379310,0.428571,,0.428571,0.333333,0.428571,0.333333,0.025641,0.025641,0.428571
2025-01-28,ET,2,0.000000,0.000000,,3_11 3_14 3_7 3_9 4_10 4_7 4_8 4_9 5_14 5_8 6_13 6_15 6_3 7_3 7_5 8_15 8_6 8_8 8_9 9_14,8_3 9_9,0.428571,0.333333,0.428571,,0.290323,0.333333,0.290323,0.111111,0.052632,0.333333
2025-01-28,B5: B2+B3,2,0.000000,0.000000,,10_14 3_10 3_12 3_13 3_14 3_9 4_10 4_11 4_12 4_6 4_8 4_9 5_8 6_3 6_4 6_5 7_3 7_8 8_5 8_8,8_3 9_9,0.600000,0.212121,0.333333,0.290323,,0.176471,1.000000,0.025641,0.025641,0.739130
2025-01-28,B4: B1+B3,2,0.000000,0.000000,,3_10 3_11 4_10 4_8 4_9 5_14 5_15 5_8 5_9 6_14 6_15 6_7 7_15 7_16 7_8 8_15 8_6 9_14 9_15 9_16,8_3 9_9,0.379310,0.904762,0.428571,0.333333,0.176471,,0.176471,0.111111,0.052632,0.290323
2025-01-28,B2: Recent MA,2,0.000000,0.000000,,10_14 3_10 3_12 3_13 3_14 3_9 4_10 4_11 4_12 4_6 4_8 4_9 5_8 6_3 6_4 6_5 7_3 7_8 8_5 8_8,8_3 9_9,0.600000,0.212121,0.333333,0.290323,1.000000,0.176471,,0.025641,0.025641,0.739130
2025-01-28,B3: DoY season,2,0.000000,0.000000,,12_0 12_1 12_10 12_11 12_12 12_13 12_14 12_15 12_2 12_3 12_4 12_5 12_6 12_7 12_8 12_9 4_10 5_14 8_6 9_14,8_3 9_9,0.052632,0.081081,0.025641,0.111111,0.025641,0.111111,0.025641,,0.025641,0.025641
2025-01-28,B0: Random,2,0.000000,0.000000,,0_0 0_1 0_19 10_9 11_5 1_10 1_4 1_5 2_17 2_19 2_7 4_10 5_2 5_5 6_12 6_17 7_17 7_4 8_15 9_3,8_3 9_9,0.052632,0.052632,0.025641,0.052632,0.025641,0.052632,0.025641,0.025641,,0.025641
2025-01-29,GLM-Logit,2,0.500000,0.050000,6_4,10_14 3_10 3_11 3_12 3_13 3_14 3_9 4_10 4_12 4_8 4_9 5_8 5_9 6_3 7_3 7_8 8_8 9_15 9_9,4_5,0.666667,0.333333,0.379310,0.333333,0.666667,0.250000,0.600000,0.025641,0.052632,
2025-01-29,HierBayes,2,0.500000,0.050000,6_4,10_14 3_10 3_11 3_13 3_14 3_9 4_10 4_12 4_8 4_9 5_8 5_9 6_14 6_15 6_3 7_3 7_8 8_15 9_14,4_5,,0.481481,0.379310,0.428571,0.481481,0.379310,0.428571,0.052632,0.025641,0.666667
2025-01-29,B1: Static prior,2,0.000000,0.000000,,3_10 3_11 3_14 4_10 4_8 4_9 5_14 5_15 5_8 5_9 6_14 6_15 6_7 7_15 7_16 7_8 8_15 9_14 9_15 9_16,4_5 6_4,0.481481,,0.333333,0.333333,0.212121,0.818182,0.176471,0.081081,0.025641,0.333333
2025-01-29,TTM,2,0.000000,0.000000,,3_10 3_11 3_12 3_9 4_8 4_9 5_8 5_9 6_13 6_14 6_15 6_3 6_7 6_8 7_15 7_3 7_5 8_6 8_7 8_8,4_5 6_4,0.379310,0.333333,,0.428571,0.290323,0.333333,0.290323,0.025641,0.052632,0.379310
2025-01-29,ET,2,0.000000,0.000000,,3_11 3_14 3_7 3_9 4_10 4_7 4_8 4_9 5_14 5_8 6_13 6_15 6_3 7_3 7_5 8_15 8_6 8_8 8_9 9_14,4_5 6_4,0.428571,0.333333,0.428571,,0.290323,0.290323,0.250000,0.111111,0.025641,0.333333
2025-01-29,B5: B2+B3,2,0.500000,0.050000,6_4,10_14 3_10 3_12 3_14 3_9 4_10 4_12 4_6 4_8 4_9 5_8 6_3 6_5 7_3 7_8 8_3 8_5 8_8 9_9,4_5,0.481481,0.212121,0.290323,0.290323,,0.142857,0.904762,0.025641,0.052632,0.666667
2025-01-29,B4: B1+B3,2,0.000000,0.000000,,3_10 3_11 4_10 4_9 5_14 5_15 5_8 5_9 6_14 6_15 6_7 7_15 7_16 7_7 7_8 8_15 8_6 9_14 9_15 9_16,4_5 6_4,0.379310,0.818182,0.333333,0.290323,0.142857,,0.142857,0.142857,0.025641,0.250000
2025-01-29,B2: Recent MA,2,0.500000,0.050000,6_4,10_14 3_10 3_12 3_9 4_10 4_11 4_12 4_6 4_8 4_9 5_8 6_3 6_5 7_3 7_8 8_3 8_5 8_8 9_9,4_5,0.428571,0.176471,0.290323,0.250000,0.904762,0.142857,,0.025641,0.052632,0.600000
2025-01-29,B3: DoY season,2,0.000000,0.000000,,12_1 12_10 12_11 12_12 12_13 12_14 12_15 12_2 12_3 12_4 12_5 12_6 12_7 12_8 12_9 4_10 5_14 7_7 8_6 9_14,4_5 6_4,0.052632,0.081081,0.025641,0.111111,0.025641,0.142857,0.025641,,0.025641,0.025641
2025-01-29,B0: Random,2,0.000000,0.000000,,0_15 0_4 10_1 10_10 10_11 11_6 12_15 1_17 2_3 2_6 3_12 4_17 4_9 5_18 5_2 6_6 7_6 7_9 8_14 9_4,4_5 6_4,0.025641,0.025641,0.052632,0.025641,0.052632,0.025641,0.052632,0.025641,,0.052632
2025-01-30,GLM-Logit,1,1.000000,0.050000,4_9,10_14 3_10 3_11 3_12 3_13 3_14 3_9 4_10 4_12 4_8 5_8 5_9 6_3 6_4 7_3 7_8 8_8 9_15 9_9,,0.666667,0.333333,0.290323,0.333333,0.600000,0.250000,0.666667,0.025641,0.000000,
2025-01-30,HierBayes,1,1.000000,0.050000,4_9,10_14 3_10 3_11 3_12 3_13 3_14 3_9 4_10 4_12 4_8 5_8 5_9 6_14 6_15 6_4 7_3 7_8 8_15 9_14,,,0.481481,0.333333,0.379310,0.428571,0.379310,0.481481,0.052632,0.000000,0.666667
2025-01-30,B1: Static prior,1,1.000000,0.050000,4_9,3_10 3_11 3_14 4_10 4_8 5_14 5_15 5_8 5_9 6_14 6_15 6_7 7_15 7_16 7_8 8_15 9_14 9_15 9_16,,0.481481,,0.333333,0.333333,0.176471,0.818182,0.212121,0.081081,0.000000,0.333333
2025-01-30,TTM,1,1.000000,0.050000,4_9,10_13 3_10 3_11 3_12 3_9 4_8 5_14 5_8 5_9 6_13 6_15 6_8 7_15 7_5 7_7 8_7 8_8 8_9 9_14,,0.333333,0.333333,,0.428571,0.176471,0.333333,0.212121,0.081081,0.000000,0.290323
2025-01-30,ET,1,1.000000,0.050000,4_9,3_11 3_14 3_7 3_9 4_10 4_7 4_8 5_14 5_8 6_13 6_15 6_3 7_3 7_5 8_15 8_6 8_8 8_9 9_14,,0.379310,0.333333,0.428571,,0.250000,0.290323,0.290323,0.111111,0.000000,0.333333
2025-01-30,B5: B2+B3,1,0.000000,0.000000,,10_14 3_10 3_12 3_14 3_9 4_10 4_11 4_12 4_6 4_8 5_8 6_3 6_4 6_5 7_3 7_8 8_3 8_5 8_8 9_9,4_9,0.428571,0.176471,0.176471,0.250000,,0.111111,0.904762,0.025641,0.025641,0.600000
2025-01-30,B4: B1+B3,1,1.000000,0.050000,4_9,3_10 3_11 4_10 5_14 5_15 5_8 5_9 6_14 6_15 6_7 7_15 7_16 7_7 7_8 8_15 8_6 9_14 9_15 9_16,,0.379310,0.818182,0.333333,0.290323,0.111111,,0.142857,0.142857,0.000000,0.250000
2025-01-30,B2: Recent MA,1,1.000000,0.050000,4_9,10_14 3_10 3_12 3_14 3_9 4_10 4_12 4_6 4_8 5_8 6_3 6_4 6_5 7_3 7_8 8_3 8_5 8_8 9_9,,0.481481,0.212121,0.212121,0.290323,0.904762,0.142857,,0.025641,0.025641,0.666667
2025-01-30,B3: DoY season,1,0.000000,0.000000,,12_1 12_10 12_11 12_12 12_13 12_14 12_15 12_2 12_3 12_4 12_5 12_6 12_7 12_8 12_9 4_10 5_14 7_7 8_6 9_14,4_9,0.052632,0.081081,0.081081,0.111111,0.025641,0.142857,0.025641,,0.025641,0.025641
2025-01-30,B0: Random,1,0.000000,0.000000,,0_0 0_3 11_1 11_13 11_8 12_5 1_11 1_15 1_9 2_7 3_0 3_1 3_5 4_17 4_6 6_1 6_10 6_17 6_19 7_0,4_9,0.000000,0.000000,0.000000,0.000000,0.025641,0.000000,0.025641,0.025641,,0.000000
2025-01-31,GLM-Logit,1,1.000000,0.050000,9_15,10_14 3_10 3_11 3_12 3_13 3_14 3_6 3_9 4_10 4_12 4_8 4_9 5_8 5_9 6_3 6_4 7_3 7_8 9_9,,0.600000,0.333333,0.333333,0.290323,0.600000,0.250000,0.600000,0.000000,0.000000,
2025-01-31,HierBayes,1,0.000000,0.000000,,10_14 3_10 3_11 3_13 3_14 3_9 4_10 4_12 4_8 4_9 5_8 5_9 6_14 6_15 6_4 6_7 7_3 7_8 8_15 9_14,9_15,,0.538462,0.333333,0.379310,0.481481,0.428571,0.428571,0.025641,0.000000,0.600000
2025-01-31,B1: Static prior,1,1.000000,0.050000,9_15,3_10 3_11 3_14 4_10 4_8 4_9 5_14 5_15 5_8 5_9 6_14 6_15 6_7 7_15 7_16 7_8 8_15 9_14 9_16,,0.538462,,0.290323,0.333333,0.212121,0.818182,0.176471,0.052632,0.025641,0.333333
2025-01-31,TTM,1,0.000000,0.000000,,3_10 3_11 3_12 3_6 3_8 3_9 4_9 5_8 5_9 6_13 6_15 6_8 7_15 7_3 7_5 7_7 7_8 8_15 8_7 8_8,9_15,0.333333,0.290323,,0.333333,0.212121,0.333333,0.212121,0.025641,0.000000,0.333333
2025-01-31,ET,1,0.000000,0.000000,,3_11 3_14 3_7 3_9 4_10 4_7 4_8 4_9 5_14 5_8 6_13 6_15 6_3 7_3 7_5 8_15 8_6 8_8 8_9 9_14,9_15,0.379310,0.333333,0.333333,,0.250000,0.290323,0.212121,0.081081,0.000000,0.290323
2025-01-31,B5: B2+B3,1,0.000000,0.000000,,10_14 3_10 3_13 3_14 3_9 4_10 4_12 4_6 4_8 4_9 5_8 6_3 6_4 6_5 7_3 7_7 7_8 8_3 8_5 9_9,9_15,0.481481,0.212121,0.212121,0.250000,,0.176471,0.818182,0.025641,0.000000,0.600000
2025-01-31,B4: B1+B3,1,1.000000,0.050000,9_15,3_10 3_11 4_10 4_9 5_14 5_15 5_8 5_9 6_14 6_15 6_7 7_15 7_16 7_7 7_8 8_15 8_6 9_14 9_16,,0.428571,0.818182,0.333333,0.290323,0.176471,,0.142857,0.111111,0.025641,0.250000
2025-01-31,B2: Recent MA,1,0.000000,0.000000,,10_14 3_10 3_12 3_13 3_9 4_10 4_11 4_12 4_6 4_8 4_9 5_8 6_3 6_4 6_5 7_3 7_8 8_3 8_5 9_9,9_15,0.428571,0.176471,0.212121,0.212121,0.818182,0.142857,,0.000000,0.000000,0.600000
2025-01-31,B3: DoY season,1,0.000000,0.000000,,12_0 12_1 12_10 12_11 12_12 12_13 12_14 12_15 12_2 12_3 12_4 12_5 12_6 12_7 12_8 12_9 5_14 7_7 8_6 9_14,9_15,0.025641,0.052632,0.025641,0.081081,0.025641,0.111111,0.000000,,0.025641,0.000000
2025-01-31,B0: Random,1,0.000000,0.000000,,0_18 0_8 10_10 11_2 11_8 12_7 1_10 1_4 3_18 3_19 4_18 5_10 5_15 5_2 5_4 8_17 9_19 9_3 9_6 9_7,9_15,0.000000,0.025641,0.000000,0.000000,0.000000,0.025641,0.000000,0.025641,,0.000000
2025-02-01,GLM-Logit,1,1.000000,0.050000,3_10,10_14 3_11 3_12 3_13 3_14 3_6 3_9 4_10 4_12 4_8 4_9 5_8 5_9 6_3 6_4 7_3 7_8 9_15 9_9,,0.600000,0.333333,0.290323,0.379310,0.538462,0.250000,0.538462,0.000000,0.000000,
2025-02-01,HierBayes,1,1.000000,0.050000,3_10,10_14 3_11 3_14 3_9 4_10 4_12 4_8 4_9 5_8 5_9 6_14 6_15 6_4 6_7 7_3 7_8 8_15 9_14 9_15,,,0.600000,0.428571,0.428571,0.379310,0.481481,0.379310,0.025641,0.000000,0.600000
2025-02-01,B1: Static prior,1,1.000000,0.050000,3_10,3_11 3_14 4_10 4_8 4_9 5_14 5_15 5_8 5_9 6_14 6_15 6_7 7_15 7_16 7_8 8_15 9_14 9_15 9_16,,0.600000,,0.379310,0.379310,0.212121,0.818182,0.176471,0.052632,0.000000,0.333333
2025-02-01,TTM,1,1.000000,0.050000,3_10,3_11 3_12 3_9 4_9 5_8 5_9 6_13 6_15 6_7 6_8 7_15 7_3 7_5 7_8 8_14 8_15 8_7 8_8 9_14,,0.428571,0.379310,,0.290323,0.212121,0.379310,0.212121,0.025641,0.025641,0.290323
2025-02-01,ET,1,1.000000,0.050000,3_10,2_3 3_11 3_14 3_9 4_10 4_8 4_9 5_13 5_8 6_15 6_3 7_11 7_6 7_7 7_8 8_14 8_17 9_14 9_15,,0.428571,0.379310,0.290323,,0.290323,0.333333,0.290323,0.052632,0.025641,0.379310
2025-02-01,B5: B2+B3,1,1.000000,0.050000,3_10,10_14 3_12 3_14 3_9 4_10 4_11 4_12 4_9 5_14 5_8 6_3 6_4 6_5 7_3 7_7 7_8 8_3 8_5 9_9,,0.379310,0.212121,0.212121,0.290323,,0.212121,0.904762,0.052632,0.000000,0.538462
2025-02-01,B4: B1+B3,1,1.000000,0.050000,3_10,3_11 4_10 4_9 5_14 5_15 5_8 5_9 6_14 6_15 6_7 7_15 7_16 7_7 7_8 8_15 8_6 9_14 9_15 9_16,,0.481481,0.818182,0.379310,0.333333,0.212121,,0.176471,0.111111,0.000000,0.250000
2025-02-01,B2: Recent MA,1,1.000000,0.050000,3_10,10_14 3_12 3_14 3_9 4_10 4_11 4_12 4_9 5_8 6_3 6_4 6_5 6_6 7_3 7_7 7_8 8_3 8_5 9_9,,0.379310,0.176471,0.212121,0.290323,0.904762,0.176471,,0.025641,0.000000,0.538462
2025-02-01,B3: DoY season,1,0.000000,0.000000,,12_0 12_1 12_10 12_11 12_12 12_13 12_14 12_15 12_2 12_3 12_4 12_5 12_6 12_7 12_8 12_9 5_14 7_7 8_6 9_14,3_10,0.025641,0.052632,0.025641,0.052632,0.052632,0.111111,0.025641,,0.025641,0.000000
2025-02-01,B0: Random,1,0.000000,0.000000,,0_14 0_18 0_19 0_9 10_12 10_5 11_11 12_9 1_13 2_12 3_4 4_15 5_10 5_7 7_1 7_11 7_9 8_8 9_1 9_2,3_10,0.000000,0.000000,0.025641,0.025641,0.000000,0.000000,0.000000,0.025641,,0.000000
2025-02-02,GLM-Logit,0,,0.000000,,10_14 3_10 3_11 3_12 3_14 3_6 3_9 4_10 4_12 4_8 4_9 5_8 6_14 6_3 6_4 7_16 7_3 7_8 9_15 9_9,,0.538462,0.379310,0.379310,0.379310,0.481481,0.290323,0.481481,0.000000,0.052632,
2025-02-02,HierBayes,0,,0.000000,,10_14 3_10 3_11 3_14 3_9 4_10 4_12 4_9 5_8 5_9 6_14 6_15 6_4 6_7 7_15 7_3 7_8 8_15 9_14 9_15,,,0.600000,0.428571,0.379310,0.333333,0.538462,0.333333,0.025641,0.025641,0.538462
2025-02-02,B1: Static prior,0,,0.000000,,3_10 3_11 3_14 4_10 4_8 4_9 5_14 5_15 5_8 5_9 6_14 6_15 6_7 7_15 7_16 7_8 8_15 9_14 9_15 9_16,,0.600000,,0.379310,0.379310,0.142857,0.818182,0.142857,0.052632,0.025641,0.379310
2025-02-02,TTM,0,,0.000000,,3_10 3_11 3_12 3_9 4_8 4_9 5_8 5_9 6_13 6_15 6_3 6_7 7_15 7_3 7_5 7_7 7_8 8_7 8_8 9_15,,0.428571,0.379310,,0.379310,0.333333,0.379310,0.290323,0.025641,0.052632,0.379310
2025-02-02,ET,0,,0.000000,,2_3 3_10 3_11 3_14 3_9 4_10 4_8 4_9 5_13 5_8 6_15 6_3 7_11 7_6 7_7 7_8 8_14 8_17 9_14 9_15,,0.379310,0.379310,0.379310,,0.250000,0.333333,0.212121,0.052632,0.025641,0.379310
2025-02-02,B5: B2+B3,0,,0.000000,,10_14 3_10 3_12 3_9 4_10 4_11 4_12 4_9 5_8 6_2 6_3 6_4 6_5 7_3 7_5 7_7 7_8 8_3 8_5 9_9,,0.333333,0.142857,0.333333,0.250000,,0.176471,0.818182,0.025641,0.025641,0.481481
2025-02-02,B4: B1+B3,0,,0.000000,,3_10 3_11 4_10 4_9 5_14 5_15 5_8 5_9 6_14 6_15 6_7 7_15 7_16 7_7 7_8 8_15 8_6 9_14 9_15 9_16,,0.538462,0.818182,0.379310,0.333333,0.176471,,0.142857,0.111111,0.052632,0.290323
2025-02-02,B2: Recent MA,0,,0.000000,,10_14 3_10 3_12 3_9 4_10 4_11 4_12 4_5 4_9 5_8 6_3 6_4 6_5 6_6 7_3 7_5 7_8 8_3 8_5 9_9,,0.333333,0.142857,0.290323,0.212121,0.818182,0.142857,,0.000000,0.025641,0.481481
2025-02-02,B3: DoY season,0,,0.000000,,12_0 12_1 12_10 12_11 12_12 12_13 12_14 12_15 12_2 12_3 12_4 12_5 12_6 12_7 12_8 12_9 5_14 7_7 8_6 9_14,,0.025641,0.052632,0.025641,0.052632,0.025641,0.111111,0.000000,,0.081081,0.000000
2025-02-02,B0: Random,0,,0.000000,,0_3 10_17 10_2 11_3 12_11 12_14 2_5 3_18 3_6 4_16 4_4 5_18 5_3 5_8 6_10 6_13 6_16 8_6 9_13 9_8,,0.025641,0.025641,0.052632,0.025641,0.025641,0.052632,0.025641,0.081081,,0.052632
2025-02-03,GLM-Logit,1,1.000000,0.050000,3_6,10_14 3_10 3_11 3_12 3_14 3_9 4_10 4_12 4_8 4_9 5_8 6_14 6_3 6_4 7_16 7_3 7_8 9_15 9_9,,0.538462,0.379310,0.250000,0.379310,0.481481,0.290323,0.481481,0.025641,0.081081,
2025-02-03,HierBayes,1,0.000000,0.000000,,10_14 3_10 3_11 3_14 3_9 4_10 4_12 4_9 5_8 5_9 6_14 6_15 6_4 6_7 7_15 7_3 7_8 8_15 9_14 9_15,3_6,,0.600000,0.290323,0.379310,0.333333,0.538462,0.333333,0.052632,0.052632,0.538462
2025-02-03,B1: Static prior,1,0.000000,0.000000,,3_10 3_11 3_14 4_10 4_8 4_9 5_14 5_15 5_8 5_9 6_14 6_15 6_7 7_15 7_16 7_8 8_15 9_14 9_15 9_16,3_6,0.600000,,0.290323,0.379310,0.142857,0.818182,0.142857,0.081081,0.025641,0.379310
2025-02-03,TTM,1,0.000000,0.000000,,3_10 3_11 3_12 3_7 3_9 4_10 4_9 5_15 5_8 5_9 6_13 6_15 6_3 7_15 7_5 7_7 7_9 8_5 8_7 8_8,3_6,0.290323,0.290323,,0.290323,0.333333,0.333333,0.290323,0.052632,0.081081,0.250000
2025-02-03,ET,1,0.000000,0.000000,,2_3 3_10 3_11 3_14 3_9 4_10 4_8 4_9 5_13 5_8 6_15 6_3 7_11 7_6 7_7 7_8 8_14 8_17 9_14 9_15,3_6,0.379310,0.379310,0.290323,,0.250000,0.333333,0.212121,0.081081,0.052632,0.379310
2025-02-03,B5: B2+B3,1,0.000000,0.000000,,10_14 3_10 3_12 3_9 4_10 4_11 4_12 4_9 5_8 6_2 6_3 6_4 6_5 7_3 7_5 7_7 7_8 8_3 8_5 9_9,3_6,0.333333,0.142857,0.333333,0.250000,,0.176471,0.818182,0.052632,0.081081,0.481481
2025-02-03,B4: B1+B3,1,0.000000,0.000000,,3_10 3_11 4_10 4_9 5_14 5_15 5_8 5_9 6_14 6_15 6_7 7_15 7_16 7_7 7_8 8_15 8_6 9_14 9_15 9_16,3_6,0.538462,0.818182,0.333333,0.333333,0.176471,,0.142857,0.142857,0.025641,0.290323
2025-02-03,B2: Recent MA,1,0.000000,0.000000,,10_14 3_10 3_12 3_9 4_10 4_11 4_12 4_5 4_9 5_8 6_3 6_4 6_5 6_6 7_3 7_5 7_8 8_3 8_5 9_9,3_6,0.333333,0.142857,0.290323,0.212121,0.818182,0.142857,,0.025641,0.081081,0.481481
2025-02-03,B3: DoY season,1,0.000000,0.000000,,12_1 12_10 12_11 12_12 12_13 12_14 12_15 12_2 12_3 12_4 12_5 12_6 12_7 12_8 12_9 3_10 5_14 7_7 8_6 9_14,3_6,0.052632,0.081081,0.052632,0.081081,0.052632,0.142857,0.025641,,0.052632,0.025641
2025-02-03,B0: Random,1,0.000000,0.000000,,10_2 11_11 11_13 11_14 11_8 12_7 12_9 1_3 2_0 2_7 3_1 3_11 3_12 4_12 4_2 4_3 7_5 7_6 9_11 9_7,3_6,0.052632,0.025641,0.081081,0.052632,0.081081,0.025641,0.081081,0.052632,,0.081081
2025-02-04,GLM-Logit,1,1.000000,0.050000,4_10,10_14 3_10 3_11 3_12 3_6 3_9 4_12 4_8 4_9 5_8 6_14 6_3 6_4 6_7 7_16 7_3 7_8 9_15 9_9,,0.600000,0.379310,0.250000,0.333333,0.538462,0.333333,0.538462,0.052632,0.000000,
2025-02-04,HierBayes,1,1.000000,0.050000,4_10,10_14 3_10 3_11 3_14 3_6 3_9 4_12 4_9 5_8 5_9 6_14 6_15 6_4 6_7 7_3 7_8 8_15 9_14 9_15,,,0.538462,0.290323,0.379310,0.428571,0.481481,0.379310,0.111111,0.000000,0.600000
2025-02-04,B1: Static prior,1,1.000000,0.050000,4_10,3_10 3_11 3_14 4_8 4_9 5_14 5_15 5_8 5_9 6_14 6_15 6_7 7_15 7_16 7_8 8_15 9_14 9_15 9_16,,0.538462,,0.333333,0.379310,0.212121,0.818182,0.142857,0.142857,0.025641,0.379310
2025-02-04,TTM,1,1.000000,0.050000,4_10,3_10 3_11 3_12 3_6 3_7 4_9 5_8 5_9 6_13 6_15 6_3 7_15 7_5 7_6 7_7 7_9 8_15 8_8 9_16,,0.290323,0.333333,,0.290323,0.250000,0.379310,0.212121,0.111111,0.052632,0.250000
2025-02-04,ET,1,1.000000,0.050000,4_10,2_3 3_10 3_11 3_14 3_9 4_8 4_9 5_13 5_8 6_15 6_3 7_11 7_6 7_7 7_8 8_14 8_17 9_14 9_15,,0.379310,0.379310,0.290323,,0.250000,0.333333,0.212121,0.176471,0.081081,0.333333
2025-02-04,B5: B2+B3,1,1.000000,0.050000,4_10,10_14 3_10 3_12 3_6 3_9 4_11 4_12 4_9 5_14 5_8 6_15 6_2 6_3 6_4 6_5 7_3 7_8 8_5 9_9,,0.428571,0.212121,0.250000,0.250000,,0.212121,0.739130,0.111111,0.000000,0.538462
2025-02-04,B4: B1+B3,1,1.000000,0.050000,4_10,3_10 3_11 4_9 5_14 5_15 5_8 5_9 6_14 6_15 6_7 7_15 7_16 7_7 7_8 8_15 8_6 9_14 9_15 9_16,,0.481481,0.818182,0.379310,0.333333,0.212121,,0.142857,0.212121,0.052632,0.333333
2025-02-04,B2: Recent MA,1,1.000000,0.050000,4_10,10_14 3_10 3_12 3_6 3_9 4_11 4_12 4_5 4_6 4_9 5_8 6_3 6_4 6_5 6_6 7_3 7_8 8_5 9_9,,0.379310,0.142857,0.212121,0.212121,0.739130,0.142857,,0.052632,0.000000,0.538462
2025-02-04,B3: DoY season,1,0.000000,0.000000,,12_10 12_11 12_12 12_13 12_14 12_15 12_4 12_5 12_6 12_7 12_8 12_9 3_10 5_14 5_8 6_15 7_7 8_17 8_6 9_14,4_10,0.111111,0.142857,0.111111,0.176471,0.111111,0.212121,0.052632,,0.025641,0.052632
2025-02-04,B0: Random,1,0.000000,0.000000,,0_17 0_9 10_12 10_15 10_17 10_8 12_19 2_1 3_4 4_13 4_15 4_19 4_7 5_13 6_17 7_15 7_18 7_7 8_14 9_1,4_10,0.000000,0.025641,0.052632,0.081081,0.000000,0.052632,0.000000,0.025641,,0.000000
2025-02-05,GLM-Logit,0,,0.000000,,10_14 3_10 3_11 3_12 3_6 3_9 4_10 4_12 4_8 4_9 5_8 6_14 6_3 6_4 6_7 7_16 7_3 7_8 9_15 9_9,,0.600000,0.379310,0.333333,0.333333,0.538462,0.333333,0.538462,0.081081,0.000000,
2025-02-05,HierBayes,0,,0.000000,,10_14 3_10 3_11 3_14 3_6 3_9 4_10 4_12 4_9 5_8 5_9 6_14 6_15 6_4 6_7 7_3 7_8 8_15 9_14 9_15,,,0.538462,0.333333,0.379310,0.428571,0.538462,0.379310,0.111111,0.000000,0.600000
2025-02-05,B1: Static prior,0,,0.000000,,3_10 3_11 3_14 4_10 4_8 4_9 5_14 5_15 5_8 5_9 6_14 6_15 6_7 7_15 7_16 7_8 8_15 9_14 9_15 9_16,,0.538462,,0.379310,0.379310,0.212121,0.739130,0.142857,0.111111,0.000000,0.379310
2025-02-05,TTM,0,,0.000000,,3_10 3_11 3_12 3_6 3_7 4_8 4_9 5_8 5_9 6_13 6_15 6_3 6_8 7_15 7_5 7_6 7_8 8_15 8_8 9_15,,0.333333,0.379310,,0.333333,0.250000,0.333333,0.212121,0.081081,0.000000,0.333333
2025-02-05,ET,0,,0.000000,,2_3 3_10 3_11 3_14 3_9 4_10 4_8 4_9 5_13 5_8 6_15 6_3 7_11 7_6 7_7 7_8 8_14 8_17 9_14 9_15,,0.379310,0.379310,0.333333,,0.250000,0.379310,0.212121,0.176471,0.000000,0.333333
2025-02-05,B5: B2+B3,0,,0.000000,,10_14 3_10 3_12 3_6 3_9 4_10 4_11 4_12 4_9 5_14 5_8 6_15 6_2 6_3 6_4 6_5 7_3 7_8 8_3 9_9,,0.428571,0.212121,0.250000,0.250000,,0.250000,0.666667,0.142857,0.000000,0.538462
2025-02-05,B4: B1+B3,0,,0.000000,,3_10 3_11 3_9 4_10 4_9 5_14 5_15 5_8 5_9 6_14 6_15 6_7 7_15 7_7 7_8 8_15 8_6 9_14 9_15 9_16,,0.538462,0.739130,0.333333,0.379310,0.250000,,0.176471,0.212121,0.000000,0.333333
2025-02-05,B2: Recent MA,0,,0.000000,,10_14 3_10 3_12 3_6 3_9 4_10 4_11 4_12 4_5 4_6 4_9 5_8 6_3 6_4 6_5 6_6 7_3 8_3 9_15 9_9,,0.379310,0.142857,0.212121,0.212121,0.666667,0.176471,,0.081081,0.052632,0.538462
2025-02-05,B3: DoY season,0,,0.000000,,12_10 12_11 12_12 12_13 12_14 12_15 12_4 12_5 12_6 12_7 12_8 12_9 3_10 3_9 5_14 5_8 6_15 7_7 8_17 8_6,,0.111111,0.111111,0.081081,0.176471,0.142857,0.212121,0.081081,,0.000000,0.081081
2025-02-05,B0: Random,0,,0.000000,,0_10 10_15 12_16 1_1 1_5 2_1 2_13 3_15 4_3 4_5 5_1 5_10 5_16 5_17 6_0 6_19 6_6 8_0 9_0 9_1,,0.000000,0.000000,0.000000,0.000000,0.000000,0.000000,0.052632,0.000000,,0.000000
2025-02-06,GLM-Logit,1,0.000000,0.000000,,10_14 3_10 3_11 3_12 3_6 3_9 4_10 4_12 4_8 4_9 5_8 6_14 6_3 6_4 6_7 7_16 7_3 7_8 9_15 9_9,3_4,0.538462,0.379310,0.333333,0.333333,0.538462,0.379310,0.538462,0.081081,0.025641,
2025-02-06,HierBayes,1,0.000000,0.000000,,10_14 3_10 3_11 3_14 3_9 4_10 4_12 4_9 5_8 5_9 6_14 6_15 6_4 6_7 7_15 7_3 7_8 8_15 9_14 9_15,3_4,,0.600000,0.428571,0.379310,0.428571,0.600000,0.379310,0.111111,0.025641,0.538462
2025-02-06,B1: Static prior,1,0.000000,0.000000,,3_10 3_11 3_14 4_10 4_8 4_9 5_14 5_15 5_8 5_9 6_14 6_15 6_7 7_15 7_16 7_8 8_15 9_14 9_15 9_16,3_4,0.600000,,0.379310,0.379310,0.212121,0.739130,0.176471,0.081081,0.052632,0.379310
2025-02-06,TTM,1,0.000000,0.000000,,10_13 3_10 3_11 3_12 3_14 3_6 3_9 4_9 5_15 5_8 5_9 6_15 6_3 7_15 7_3 7_5 7_7 8_15 8_8 9_15,3_4,0.428571,0.379310,,0.333333,0.333333,0.428571,0.250000,0.142857,0.025641,0.333333
2025-02-06,ET,1,0.000000,0.000000,,2_3 3_10 3_11 3_14 3_9 4_10 4_8 4_9 5_13 5_8 6_15 6_3 7_11 7_6 7_7 7_8 8_14 8_17 9_14 9_15,3_4,0.379310,0.379310,0.333333,,0.379310,0.379310,0.250000,0.212121,0.025641,0.333333
2025-02-06,B5: B2+B3,1,0.000000,0.000000,,10_14 3_10 3_12 3_9 4_10 4_11 4_12 4_9 5_8 6_15 6_2 6_3 6_4 6_5 7_3 7_7 7_8 8_17 9_15 9_9,3_4,0.428571,0.212121,0.333333,0.379310,,0.290323,0.739130,0.176471,0.052632,0.538462
2025-02-06,B4: B1+B3,1,0.000000,0.000000,,3_10 3_11 3_9 4_10 4_9 5_15 5_8 5_9 6_14 6_15 6_7 7_15 7_16 7_7 7_8 8_15 8_6 9_14 9_15 9_16,3_4,0.600000,0.739130,0.428571,0.379310,0.290323,,0.212121,0.176471,0.052632,0.379310
2025-02-06,B2: Recent MA,1,0.000000,0.000000,,10_14 3_10 3_12 3_9 4_10 4_11 4_12 4_5 4_6 4_9 5_8 6_2 6_3 6_4 6_5 6_6 7_3 7_8 9_15 9_9,3_4,0.379310,0.176471,0.250000,0.250000,0.739130,0.212121,,0.081081,0.052632,0.538462
2025-02-06,B3: DoY season,1,0.000000,0.000000,,12_10 12_11 12_12 12_13 12_14 12_15 12_4 12_5 12_6 12_7 12_8 12_9 3_10 3_9 5_8 6_15 7_6 7_7 8_17 8_6,3_4,0.111111,0.081081,0.142857,0.212121,0.176471,0.176471,0.081081,,0.081081,0.081081
2025-02-06,B0: Random,1,0.000000,0.000000,,0_13 0_16 12_10 12_5 12_8 2_13 2_19 4_1 4_10 4_19 5_15 5_4 6_0 6_11 6_18 6_2 6_8 8_12 9_0 9_1,3_4,0.025641,0.052632,0.025641,0.025641,0.052632,0.052632,0.052632,0.081081,,0.025641
2025-02-07,GLM-Logit,0,,0.000000,,10_14 3_10 3_11 3_12 3_14 3_6 3_9 4_10 4_12 4_8 4_9 5_8 6_14 6_3 6_4 6_7 7_16 7_3 8_15 9_15,,0.600000,0.428571,0.379310,0.333333,0.428571,0.379310,0.379310,0.081081,0.000000,
2025-02-07,HierBayes,0,,0.000000,,10_14 3_10 3_11 3_14 4_10 4_12 4_9 5_8 5_9 6_14 6_15 6_3 6_4 6_7 7_15 7_3 7_8 8_15 9_14 9_15,,,0.600000,0.481481,0.379310,0.379310,0.538462,0.333333,0.081081,0.052632,0.600000
2025-02-07,B1: Static prior,0,,0.000000,,3_10 3_11 3_14 4_10 4_8 4_9 5_14 5_15 5_8 5_9 6_14 6_15 6_7 7_15 7_16 7_8 8_15 9_14 9_15 9_16,,0.600000,,0.481481,0.379310,0.176471,0.739130,0.142857,0.081081,0.052632,0.428571
2025-02-07,TTM,0,,0.000000,,10_13 3_10 3_11 3_12 3_14 3_7 3_9 4_9 5_15 5_8 5_9 6_14 6_15 6_3 7_15 7_5 8_15 8_8 9_14 9_15,,0.481481,0.481481,,0.333333,0.250000,0.481481,0.212121,0.111111,0.052632,0.379310
2025-02-07,ET,0,,0.000000,,2_3 3_10 3_11 3_14 3_9 4_10 4_8 4_9 5_13 5_8 6_15 6_3 7_11 7_6 7_7 7_8 8_14 8_17 9_14 9_15,,0.379310,0.379310,0.333333,,0.333333,0.379310,0.176471,0.212121,0.025641,0.333333
2025-02-07,B5: B2+B3,0,,0.000000,,10_14 3_10 3_12 3_9 4_10 4_11 4_12 4_9 5_8 6_15 6_2 6_3 6_4 6_5 6_6 7_3 7_7 8_17 9_15 9_9,,0.379310,0.176471,0.250000,0.333333,,0.250000,0.666667,0.176471,0.000000,0.428571
2025-02-07,B4: B1+B3,0,,0.000000,,3_10 3_11 3_9 4_10 4_9 5_15 5_8 5_9 6_14 6_15 6_7 7_15 7_16 7_7 7_8 8_15 8_6 9_14 9_15 9_16,,0.538462,0.739130,0.481481,0.379310,0.250000,,0.142857,0.176471,0.052632,0.379310
2025-02-07,B2: Recent MA,0,,0.000000,,10_14 3_10 3_12 4_10 4_11 4_12 4_5 4_6 4_9 5_8 6_2 6_3 6_4 6_5 6_6 7_3 7_5 8_3 9_15 9_9,,0.333333,0.142857,0.212121,0.176471,0.666667,0.142857,,0.052632,0.000000,0.379310
2025-02-07,B3: DoY season,0,,0.000000,,12_10 12_11 12_12 12_13 12_14 12_15 12_4 12_5 12_6 12_7 12_8 12_9 3_10 3_9 5_8 6_15 7_6 7_7 8_17 8_6,,0.081081,0.081081,0.111111,0.212121,0.176471,0.176471,0.052632,,0.025641,0.081081
2025-02-07,B0: Random,0,,0.000000,,0_11 0_2 0_8 10_19 12_3 12_9 1_18 2_11 2_12 2_6 2_7 2_8 3_2 4_2 4_7 5_1 5_12 5_9 6_10 9_14,,0.052632,0.052632,0.052632,0.025641,0.000000,0.052632,0.000000,0.025641,,0.000000
2025-02-08,GLM-Logit,0,,0.000000,,10_14 3_10 3_11 3_14 3_6 3_9 4_10 4_12 4_8 4_9 5_8 6_14 6_15 6_3 6_4 6_7 7_16 7_3 8_15 9_15,,0.666667,0.481481,0.250000,0.379310,0.428571,0.481481,0.379310,0.111111,0.111111,
2025-02-08,HierBayes,0,,0.000000,,10_14 3_10 3_11 3_14 4_10 4_12 4_9 5_8 5_9 6_14 6_15 6_3 6_4 6_7 7_15 7_3 7_8 8_15 9_14 9_15,,,0.600000,0.379310,0.379310,0.379310,0.538462,0.333333,0.081081,0.142857,0.666667
2025-02-08,B1: Static prior,0,,0.000000,,3_10 3_11 3_14 4_10 4_8 4_9 5_14 5_15 5_8 5_9 6_14 6_15 6_7 7_15 7_16 7_8 8_15 9_14 9_15 9_16,,0.600000,,0.379310,0.379310,0.176471,0.818182,0.142857,0.081081,0.081081,0.481481
2025-02-08,TTM,0,,0.000000,,3_10 3_11 3_12 3_13 3_7 4_9 5_8 5_9 6_13 6_14 6_15 6_7 6_8 7_15 7_5 7_6 7_7 7_8 8_15 8_8,,0.379310,0.379310,,0.250000,0.176471,0.428571,0.081081,0.142857,0.111111,0.250000
2025-02-08,ET,0,,0.000000,,2_3 3_10 3_11 3_14 3_9 4_10 4_8 4_9 5_13 5_8 6_15 6_3 7_11 7_6 7_7 7_8 8_14 8_17 9_14 9_15,,0.379310,0.379310,0.250000,,0.333333,0.428571,0.176471,0.212121,0.025641,0.379310
2025-02-08,B5: B2+B3,0,,0.000000,,10_14 3_10 3_9 4_10 4_11 4_12 4_5 4_9 5_8 6_15 6_2 6_3 6_4 6_5 6_6 7_3 7_6 7_7 8_3 9_15,,0.379310,0.176471,0.176471,0.333333,,0.250000,0.666667,0.176471,0.052632,0.428571
2025-02-08,B4: B1+B3,0,,0.000000,,3_10 3_11 3_9 4_10 4_8 4_9 5_15 5_8 5_9 6_14 6_15 6_7 7_15 7_16 7_7 7_8 8_15 9_14 9_15 9_16,,0.538462,0.818182,0.428571,0.428571,0.250000,,0.142857,0.142857,0.081081,0.481481
2025-02-08,B2: Recent MA,0,,0.000000,,10_14 3_10 3_4 3_6 4_10 4_11 4_12 4_5 4_6 4_9 5_8 6_2 6_3 6_4 6_5 6_6 7_3 8_3 9_15 9_9,,0.333333,0.142857,0.081081,0.176471,0.666667,0.142857,,0.052632,0.052632,0.379310
2025-02-08,B3: DoY season,0,,0.000000,,12_10 12_11 12_12 12_13 12_14 12_15 12_3 12_4 12_5 12_6 12_7 12_8 12_9 3_10 3_9 5_8 6_15 7_6 7_7 8_17,,0.081081,0.081081,0.142857,0.212121,0.176471,0.142857,0.052632,,0.025641,0.111111
2025-02-08,B0: Random,0,,0.000000,,10_17 10_3 11_0 11_16 11_2 11_7 12_7 2_5 3_11 4_12 4_3 5_2 5_5 6_7 7_14 7_15 7_3 8_19 8_8 9_7,,0.142857,0.081081,0.111111,0.025641,0.052632,0.081081,0.052632,0.025641,,0.111111
2025-02-09,GLM-Logit,0,,0.000000,,10_14 3_10 3_11 3_14 3_6 3_9 4_10 4_12 4_8 4_9 5_8 6_14 6_15 6_3 6_4 6_7 7_16 7_3 8_15 9_15,,0.666667,0.481481,0.250000,0.379310,0.428571,0.481481,0.379310,0.111111,0.052632,
2025-02-09,HierBayes,0,,0.000000,,10_14 3_10 3_11 3_14 4_10 4_12 4_9 5_8 5_9 6_14 6_15 6_3 6_4 6_7 7_15 7_3 7_8 8_15 9_14 9_15,,,0.600000,0.379310,0.379310,0.379310,0.538462,0.333333,0.081081,0.081081,0.666667
2025-02-09,B1: Static prior,0,,0.000000,,3_10 3_11 3_14 4_10 4_8 4_9 5_14 5_15 5_8 5_9 6_14 6_15 6_7 7_15 7_16 7_8 8_15 9_14 9_15 9_16,,0.600000,,0.481481,0.379310,0.176471,0.818182,0.142857,0.081081,0.052632,0.481481
2025-02-09,TTM,0,,0.000000,,3_10 3_11 3_12 3_13 3_7 4_10 4_9 5_15 5_8 5_9 6_13 6_14 6_15 6_7 6_8 7_15 7_5 7_8 8_8 9_16,,0.379310,0.481481,,0.212121,0.142857,0.481481,0.111111,0.081081,0.025641,0.250000
2025-02-09,ET,0,,0.000000,,2_3 3_10 3_11 3_14 3_9 4_10 4_8 4_9 5_13 5_8 6_15 6_3 7_11 7_6 7_7 7_8 8_14 8_17 9_14 9_15,,0.379310,0.379310,0.212121,,0.333333,0.428571,0.176471,0.212121,0.025641,0.379310
2025-02-09,B5: B2+B3,0,,0.000000,,10_14 3_10 3_9 4_10 4_11 4_12 4_5 4_9 5_8 6_15 6_2 6_3 6_4 6_5 6_6 7_3 7_6 7_7 8_3 9_15,,0.379310,0.176471,0.142857,0.333333,,0.250000,0.666667,0.176471,0.052632,0.428571
2025-02-09,B4: B1+B3,0,,0.000000,,3_10 3_11 3_9 4_10 4_8 4_9 5_15 5_8 5_9 6_14 6_15 6_7 7_15 7_16 7_7 7_8 8_15 9_14 9_15 9_16,,0.538462,0.818182,0.481481,0.428571,0.250000,,0.142857,0.142857,0.052632,0.481481
2025-02-09,B2: Recent MA,0,,0.000000,,10_14 3_10 3_4 3_6 4_10 4_11 4_12 4_5 4_6 4_9 5_8 6_2 6_3 6_4 6_5 6_6 7_3 8_3 9_15 9_9,,0.333333,0.142857,0.111111,0.176471,0.666667,0.142857,,0.052632,0.052632,0.379310
2025-02-09,B3: DoY season,0,,0.000000,,12_10 12_11 12_12 12_13 12_14 12_15 12_3 12_4 12_5 12_6 12_7 12_8 12_9 3_10 3_9 5_8 6_15 7_6 7_7 8_17,,0.081081,0.081081,0.081081,0.212121,0.176471,0.142857,0.052632,,0.025641,0.111111
2025-02-09,B0: Random,0,,0.000000,,0_5 10_1 10_3 11_9 12_11 1_5 2_10 2_15 5_11 5_12 5_19 5_9 6_1 6_19 7_19 7_3 8_13 8_18 9_15 9_17,,0.081081,0.052632,0.025641,0.025641,0.052632,0.052632,0.052632,0.025641,,0.052632
2025-02-10,GLM-Logit,0,,0.000000,,10_14 3_10 3_11 3_14 3_6 3_9 4_10 4_12 4_8 4_9 5_8 6_14 6_15 6_3 6_4 6_7 7_16 7_3 8_15 9_15,,0.666667,0.481481,0.250000,0.379310,0.428571,0.481481,0.379310,0.111111,0.052632,
2025-02-10,HierBayes,0,,0.000000,,10_14 3_10 3_11 3_14 4_10 4_12 4_9 5_8 5_9 6_14 6_15 6_3 6_4 6_7 7_15 7_3 7_8 8_15 9_14 9_15,,,0.600000,0.290323,0.379310,0.379310,0.538462,0.333333,0.081081,0.025641,0.666667
2025-02-10,B1: Static prior,0,,0.000000,,3_10 3_11 3_14 4_10 4_8 4_9 5_14 5_15 5_8 5_9 6_14 6_15 6_7 7_15 7_16 7_8 8_15 9_14 9_15 9_16,,0.600000,,0.333333,0.379310,0.176471,0.818182,0.142857,0.081081,0.025641,0.481481
2025-02-10,TTM,0,,0.000000,,3_10 3_11 3_12 3_6 3_7 3_9 4_9 5_8 5_9 6_13 6_15 6_8 7_15 7_5 7_6 7_8 8_15 8_8 8_9 9_16,,0.290323,0.333333,,0.250000,0.176471,0.379310,0.111111,0.142857,0.025641,0.250000
2025-02-10,ET,0,,0.000000,,2_3 3_10 3_11 3_14 3_9 4_10 4_8 4_9 5_13 5_8 6_15 6_3 7_11 7_6 7_7 7_8 8_14 8_17 9_14 9_15,,0.379310,0.379310,0.250000,,0.333333,0.428571,0.176471,0.212121,0.025641,0.379310
2025-02-10,B5: B2+B3,0,,0.000000,,10_14 3_10 3_9 4_10 4_11 4_12 4_5 4_9 5_8 6_15 6_2 6_3 6_4 6_5 6_6 7_3 7_6 7_7 8_3 9_15,,0.379310,0.176471,0.176471,0.333333,,0.250000,0.666667,0.176471,0.052632,0.428571
2025-02-10,B4: B1+B3,0,,0.000000,,3_10 3_11 3_9 4_10 4_8 4_9 5_15 5_8 5_9 6_14 6_15 6_7 7_15 7_16 7_7 7_8 8_15 9_14 9_15 9_16,,0.538462,0.818182,0.379310,0.428571,0.250000,,0.142857,0.142857,0.025641,0.481481
2025-02-10,B2: Recent MA,0,,0.000000,,10_14 3_10 3_4 3_6 4_10 4_11 4_12 4_5 4_6 4_9 5_8 6_2 6_3 6_4 6_5 6_6 7_3 8_3 9_15 9_9,,0.333333,0.142857,0.111111,0.176471,0.666667,0.142857,,0.052632,0.052632,0.379310
2025-02-10,B3: DoY season,0,,0.000000,,12_10 12_11 12_12 12_13 12_14 12_15 12_3 12_4 12_5 12_6 12_7 12_8 12_9 3_10 3_9 5_8 6_15 7_6 7_7 8_17,,0.081081,0.081081,0.142857,0.212121,0.176471,0.142857,0.052632,,0.025641,0.111111
2025-02-10,B0: Random,0,,0.000000,,0_0 0_15 10_18 10_7 10_8 11_12 11_16 12_3 1_15 2_2 3_0 4_0 4_12 4_8 5_19 6_19 6_6 7_12 8_9 9_7,,0.025641,0.025641,0.025641,0.025641,0.052632,0.025641,0.052632,0.025641,,0.052632
2025-02-11,GLM-Logit,1,1.000000,0.050000,10_14,3_10 3_11 3_14 3_6 3_9 4_10 4_12 4_8 4_9 5_8 6_14 6_15 6_3 6_4 6_7 7_16 7_3 8_15 9_15,,0.666667,0.481481,0.250000,0.379310,0.428571,0.481481,0.428571,0.142857,0.052632,
2025-02-11,HierBayes,1,0.000000,0.000000,,3_10 3_11 3_14 3_9 4_10 4_12 4_9 5_8 5_9 6_14 6_15 6_3 6_4 6_7 7_15 7_3 7_8 8_15 9_14 9_15,10_14,,0.600000,0.333333,0.428571,0.379310,0.600000,0.333333,0.142857,0.025641,0.666667
2025-02-11,B1: Static prior,1,0.000000,0.000000,,3_10 3_11 3_14 4_10 4_8 4_9 5_14 5_15 5_8 5_9 6_14 6_15 6_7 7_15 7_16 7_8 8_15 9_14 9_15 9_16,10_14,0.600000,,0.290323,0.379310,0.176471,0.818182,0.142857,0.081081,0.000000,0.481481
2025-02-11,TTM,1,0.000000,0.000000,,3_10 3_11 3_12 3_6 3_9 4_9 5_7 5_8 5_9 6_13 6_15 6_8 7_15 7_5 7_7 7_8 8_15 8_5 8_7 8_8,10_14,0.333333,0.290323,,0.250000,0.176471,0.379310,0.142857,0.142857,0.025641,0.250000
2025-02-11,ET,1,0.000000,0.000000,,2_3 3_10 3_11 3_14 3_9 4_10 4_8 4_9 5_13 5_8 6_15 6_3 7_11 7_6 7_7 7_8 8_14 8_17 9_14 9_15,10_14,0.428571,0.379310,0.250000,,0.333333,0.428571,0.212121,0.250000,0.000000,0.379310
2025-02-11,B5: B2+B3,1,1.000000,0.050000,10_14,3_10 3_9 4_10 4_11 4_12 4_5 4_9 5_8 6_15 6_2 6_3 6_4 6_5 6_6 7_3 7_6 7_7 8_3 9_15,,0.379310,0.176471,0.176471,0.333333,,0.250000,0.739130,0.212121,0.052632,0.428571
2025-02-11,B4: B1+B3,1,0.000000,0.000000,,3_10 3_11 3_9 4_10 4_8 4_9 5_15 5_8 5_9 6_14 6_15 6_7 7_15 7_16 7_7 7_8 8_15 9_14 9_15 9_16,10_14,0.600000,0.818182,0.379310,0.428571,0.250000,,0.176471,0.142857,0.000000,0.481481
2025-02-11,B2: Recent MA,1,1.000000,0.050000,10_14,3_10 3_4 3_6 3_9 4_10 4_11 4_12 4_5 4_9 5_8 6_2 6_3 6_4 6_5 6_6 7_3 8_3 9_15 9_9,,0.333333,0.142857,0.142857,0.212121,0.739130,0.176471,,0.111111,0.081081,0.428571
2025-02-11,B3: DoY season,1,0.000000,0.000000,,12_10 12_11 12_12 12_13 12_14 12_15 12_4 12_5 12_6 12_7 12_8 12_9 3_10 3_9 5_8 6_15 6_3 7_6 7_7 8_17,10_14,0.142857,0.081081,0.142857,0.250000,0.212121,0.142857,0.111111,,0.052632,0.142857
2025-02-11,B0: Random,1,1.000000,0.050000,10_14,0_14 0_2 10_9 11_15 12_14 12_15 1_9 2_6 3_13 3_4 3_5 4_0 4_18 6_10 6_13 6_18 6_4 7_9 8_0,,0.025641,0.000000,0.025641,0.000000,0.052632,0.000000,0.081081,0.052632,,0.052632
2025-02-12,GLM-Logit,0,,0.000000,,10_14 3_10 3_11 3_14 3_6 3_9 4_10 4_12 4_8 4_9 5_8 6_14 6_15 6_3 6_4 6_7 7_16 7_3 8_15 9_15,,0.666667,0.481481,0.333333,0.379310,0.428571,0.481481,0.428571,0.176471,0.000000,
2025-02-12,HierBayes,0,,0.000000,,3_10 3_11 3_14 3_9 4_10 4_12 4_9 5_8 5_9 6_14 6_15 6_3 6_4 6_7 7_15 7_3 7_8 8_15 9_14 9_15,,,0.600000,0.428571,0.428571,0.379310,0.600000,0.333333,0.176471,0.000000,0.666667
2025-02-12,B1: Static prior,0,,0.000000,,3_10 3_11 3_14 4_10 4_8 4_9 5_14 5_15 5_8 5_9 6_14 6_15 6_7 7_15 7_16 7_8 8_15 9_14 9_15 9_16,,0.600000,,0.379310,0.379310,0.176471,0.818182,0.142857,0.111111,0.000000,0.481481
2025-02-12,TTM,0,,0.000000,,3_10 3_11 3_12 3_14 3_6 3_7 3_9 4_9 5_7 5_8 5_9 6_13 6_14 6_15 6_8 7_15 7_5 8_8 9_14 9_15,,0.428571,0.379310,,0.290323,0.176471,0.379310,0.176471,0.142857,0.025641,0.333333
2025-02-12,ET,0,,0.000000,,2_3 3_10 3_11 3_14 3_9 4_10 4_8 4_9 5_13 5_8 6_15 6_3 7_11 7_6 7_7 7_8 8_14 8_17 9_14 9_15,,0.428571,0.379310,0.290323,,0.428571,0.428571,0.212121,0.333333,0.000000,0.379310
2025-02-12,B5: B2+B3,0,,0.000000,,10_14 3_10 3_9 4_10 4_11 4_12 4_9 5_8 6_15 6_2 6_3 6_4 6_5 6_6 7_3 7_6 7_7 8_14 8_17 9_15,,0.379310,0.176471,0.176471,0.428571,,0.250000,0.538462,0.333333,0.000000,0.428571
2025-02-12,B4: B1+B3,0,,0.000000,,3_10 3_11 3_9 4_10 4_8 4_9 5_15 5_8 5_9 6_14 6_15 6_7 7_15 7_16 7_7 7_8 8_15 9_14 9_15 9_16,,0.600000,0.818182,0.379310,0.428571,0.250000,,0.176471,0.176471,0.000000,0.481481
2025-02-12,B2: Recent MA,0,,0.000000,,10_14 3_10 3_11 3_4 3_6 3_9 4_10 4_11 4_12 4_5 4_9 6_2 6_3 6_4 6_5 6_6 7_3 8_3 9_15 9_9,,0.333333,0.142857,0.176471,0.212121,0.538462,0.176471,,0.111111,0.000000,0.428571
2025-02-12,B3: DoY season,0,,0.000000,,12_10 12_11 12_12 12_13 12_14 12_15 12_6 12_7 12_8 12_9 3_10 3_9 4_9 5_8 6_15 6_3 7_6 7_7 8_14 8_17,,0.176471,0.111111,0.142857,0.333333,0.333333,0.176471,0.111111,,0.025641,0.176471
2025-02-12,B0: Random,0,,0.000000,,10_13 10_4 12_13 1_11 1_15 1_16 1_19 1_5 1_6 2_2 2_7 3_7 4_14 4_3 5_12 5_2 6_0 7_10 7_14 8_5,,0.000000,0.000000,0.025641,0.000000,0.000000,0.000000,0.000000,0.025641,,0.000000
2025-02-13,GLM-Logit,0,,0.000000,,10_14 3_10 3_11 3_14 3_6 3_9 4_10 4_12 4_8 4_9 5_8 6_14 6_15 6_3 6_4 6_7 7_16 7_3 8_15 9_15,,0.666667,0.481481,0.379310,0.379310,0.379310,0.481481,0.428571,0.176471,0.025641,
2025-02-13,HierBayes,0,,0.000000,,3_10 3_11 3_14 3_9 4_10 4_12 4_9 5_8 5_9 6_14 6_15 6_3 6_4 6_7 7_15 7_3 7_8 8_15 9_14 9_15,,,0.600000,0.538462,0.428571,0.333333,0.600000,0.333333,0.176471,0.025641,0.666667
2025-02-13,B1: Static prior,0,,0.000000,,3_10 3_11 3_14 4_10 4_8 4_9 5_14 5_15 5_8 5_9 6_14 6_15 6_7 7_15 7_16 7_8 8_15 9_14 9_15 9_16,,0.600000,,0.481481,0.379310,0.142857,0.818182,0.142857,0.111111,0.025641,0.481481
2025-02-13,TTM,0,,0.000000,,3_10 3_11 3_12 3_13 3_14 3_6 3_9 4_10 4_9 5_8 5_9 6_13 6_14 6_15 7_15 7_5 7_8 8_15 8_8 9_14,,0.538462,0.481481,,0.333333,0.142857,0.481481,0.176471,0.142857,0.000000,0.379310
2025-02-13,ET,0,,0.000000,,2_3 3_10 3_11 3_14 3_9 4_10 4_8 4_9 5_13 5_8 6_15 6_3 7_11 7_6 7_7 7_8 8_14 8_17 9_14 9_15,,0.428571,0.379310,0.333333,,0.428571,0.428571,0.212121,0.379310,0.052632,0.379310
2025-02-13,B5: B2+B3,0,,0.000000,,10_14 3_10 3_9 4_10 4_11 4_12 4_9 5_13 6_15 6_2 6_3 6_4 6_5 6_6 7_3 7_6 7_7 8_14 8_17 9_15,,0.333333,0.142857,0.142857,0.428571,,0.212121,0.538462,0.333333,0.081081,0.379310
2025-02-13,B4: B1+B3,0,,0.000000,,3_10 3_11 3_9 4_10 4_8 4_9 5_15 5_8 5_9 6_14 6_15 6_7 7_15 7_16 7_7 7_8 8_15 9_14 9_15 9_16,,0.600000,0.818182,0.481481,0.428571,0.212121,,0.176471,0.176471,0.025641,0.481481
2025-02-13,B2: Recent MA,0,,0.000000,,10_14 3_10 3_11 3_4 3_6 3_9 4_10 4_11 4_12 4_5 4_9 6_2 6_3 6_4 6_5 6_6 7_3 8_3 9_15 9_9,,0.333333,0.142857,0.176471,0.212121,0.538462,0.176471,,0.111111,0.052632,0.428571
2025-02-13,B3: DoY season,0,,0.000000,,12_10 12_11 12_12 12_13 12_14 12_15 12_7 12_8 12_9 3_10 3_9 4_9 5_13 5_8 6_15 6_3 7_6 7_7 8_14 8_17,,0.176471,0.111111,0.142857,0.379310,0.333333,0.176471,0.111111,,0.052632,0.176471
2025-02-13,B0: Random,0,,0.000000,,0_6 10_19 11_14 11_19 12_9 1_16 2_11 4_12 5_6 5_7 6_1 6_2 7_11 7_9 8_17 8_9 9_13 9_16 9_2 9_5,,0.025641,0.025641,0.000000,0.052632,0.081081,0.025641,0.052632,0.052632,,0.025641
2025-02-14,GLM-Logit,0,,0.000000,,3_10 3_11 3_13 3_14 3_6 3_9 4_10 4_12 4_8 4_9 5_8 6_14 6_15 6_3 6_4 6_7 7_16 7_3 8_15 9_15,,0.666667,0.481481,0.428571,0.379310,0.333333,0.428571,0.379310,0.176471,0.025641,
2025-02-14,HierBayes,0,,0.000000,,3_10 3_11 3_14 3_9 4_10 4_12 4_9 5_8 5_9 6_14 6_15 6_3 6_4 6_7 7_15 7_3 7_8 8_15 9_14 9_15,,,0.600000,0.481481,0.428571,0.333333,0.600000,0.333333,0.176471,0.025641,0.666667
2025-02-14,B1: Static prior,0,,0.000000,,3_10 3_11 3_14 4_10 4_8 4_9 5_14 5_15 5_8 5_9 6_14 6_15 6_7 7_15 7_16 7_8 8_15 9_14 9_15 9_16,,0.600000,,0.379310,0.379310,0.142857,0.739130,0.142857,0.111111,0.025641,0.481481
2025-02-14,TTM,0,,0.000000,,3_10 3_11 3_12 3_6 3_7 3_9 4_8 4_9 5_8 5_9 6_13 6_14 6_15 6_3 7_15 7_3 7_5 8_15 8_8 9_14,,0.481481,0.379310,,0.290323,0.176471,0.379310,0.212121,0.176471,0.081081,0.428571
2025-02-14,ET,0,,0.000000,,2_3 3_10 3_11 3_14 3_9 4_10 4_8 4_9 5_13 5_8 6_15 6_3 7_11 7_6 7_7 7_8 8_14 8_17 9_14 9_15,,0.428571,0.379310,0.290323,,0.428571,0.428571,0.212121,0.379310,0.025641,0.379310
2025-02-14,B5: B2+B3,0,,0.000000,,10_14 3_10 3_9 4_10 4_11 4_12 4_9 5_13 6_15 6_2 6_3 6_4 6_5 6_6 7_3 7_6 7_7 8_14 8_17 9_15,,0.333333,0.142857,0.176471,0.428571,,0.250000,0.538462,0.333333,0.000000,0.333333
2025-02-14,B4: B1+B3,0,,0.000000,,3_10 3_11 3_9 4_10 4_9 5_13 5_15 5_8 5_9 6_14 6_15 6_7 7_15 7_16 7_7 7_8 8_15 9_14 9_15 9_16,,0.600000,0.739130,0.379310,0.428571,0.250000,,0.176471,0.212121,0.025641,0.428571
2025-02-14,B2: Recent MA,0,,0.000000,,10_14 3_10 3_11 3_4 3_6 3_9 4_10 4_11 4_12 4_5 4_9 6_2 6_3 6_4 6_5 6_6 7_3 8_3 9_15 9_9,,0.333333,0.142857,0.212121,0.212121,0.538462,0.176471,,0.111111,0.052632,0.379310
2025-02-14,B3: DoY season,0,,0.000000,,12_10 12_11 12_12 12_13 12_14 12_15 12_7 12_8 12_9 3_10 3_9 4_9 5_13 5_8 6_15 6_3 7_6 7_7 8_14 8_17,,0.176471,0.111111,0.176471,0.379310,0.333333,0.212121,0.111111,,0.000000,0.176471
2025-02-14,B0: Random,0,,0.000000,,0_11 0_18 10_19 11_17 11_7 12_3 2_17 2_6 3_11 3_16 4_4 5_17 6_11 6_13 7_12 7_5 8_3 9_18 9_19 9_7,,0.025641,0.025641,0.081081,0.025641,0.000000,0.025641,0.052632,0.000000,,0.025641
2025-02-15,GLM-Logit,0,,0.000000,,3_10 3_11 3_13 3_14 3_6 3_7 3_9 4_10 4_8 4_9 5_8 6_14 6_15 6_4 6_7 7_16 7_3 8_15 8_6 9_15,,0.600000,0.481481,0.379310,0.333333,0.250000,0.428571,0.250000,0.142857,0.000000,
2025-02-15,HierBayes,0,,0.000000,,3_10 3_11 3_14 3_9 4_10 4_8 4_9 5_8 5_9 6_14 6_15 6_4 6_7 7_15 7_3 7_8 8_15 9_14 9_15 9_16,,,0.739130,0.481481,0.428571,0.250000,0.666667,0.212121,0.142857,0.000000,0.600000
2025-02-15,B1: Static prior,0,,0.000000,,3_10 3_11 3_14 4_10 4_8 4_9 5_14 5_15 5_8 5_9 6_14 6_15 6_7 7_15 7_16 7_8 8_15 9_14 9_15 9_16,,0.739130,,0.481481,0.379310,0.142857,0.739130,0.111111,0.111111,0.000000,0.481481
2025-02-15,TTM,0,,0.000000,,3_10 3_11 3_12 3_7 3_9 4_10 4_9 5_15 5_8 5_9 6_13 6_14 6_15 6_8 7_15 7_5 7_8 8_15 8_8 9_15,,0.481481,0.481481,,0.290323,0.176471,0.538462,0.142857,0.142857,0.000000,0.379310
2025-02-15,ET,0,,0.000000,,2_3 3_10 3_11 3_14 3_9 4_10 4_8 4_9 5_13 5_8 6_15 6_3 7_11 7_6 7_7 7_8 8_14 8_17 9_14 9_15,,0.428571,0.379310,0.290323,,0.428571,0.428571,0.176471,0.379310,0.025641,0.333333
2025-02-15,B5: B2+B3,0,,0.000000,,10_14 3_10 3_9 4_10 4_11 4_12 4_9 5_13 6_15 6_2 6_3 6_4 6_5 6_6 7_3 7_6 7_7 8_14 8_17 9_15,,0.250000,0.142857,0.176471,0.428571,,0.250000,0.538462,0.333333,0.052632,0.250000
2025-02-15,B4: B1+B3,0,,0.000000,,3_10 3_11 3_9 4_10 4_9 5_13 5_15 5_8 5_9 6_14 6_15 6_7 7_15 7_16 7_7 7_8 8_15 9_14 9_15 9_16,,0.666667,0.739130,0.538462,0.428571,0.250000,,0.142857,0.212121,0.025641,0.428571
2025-02-15,B2: Recent MA,0,,0.000000,,10_14 12_15 3_10 3_4 3_6 3_9 4_10 4_11 4_12 4_5 4_9 6_2 6_3 6_4 6_5 6_6 7_3 8_3 9_15 9_9,,0.212121,0.111111,0.142857,0.176471,0.538462,0.142857,,0.142857,0.052632,0.250000
2025-02-15,B3: DoY season,0,,0.000000,,12_10 12_11 12_12 12_13 12_14 12_15 12_7 12_8 12_9 3_10 3_9 4_9 5_13 5_8 6_15 6_3 7_6 7_7 8_14 8_17,,0.142857,0.111111,0.142857,0.379310,0.333333,0.212121,0.142857,,0.052632,0.142857
2025-02-15,B0: Random,0,,0.000000,,0_19 10_12 10_14 10_18 11_17 12_13 1_12 2_16 2_2 3_19 3_4 5_10 5_12 5_13 6_17 8_0 8_1 9_19 9_3 9_6,,0.000000,0.000000,0.000000,0.025641,0.052632,0.025641,0.052632,0.052632,,0.000000
2025-02-16,GLM-Logit,0,,0.000000,,3_10 3_11 3_13 3_14 3_6 3_7 3_9 4_10 4_8 4_9 5_8 6_14 6_15 6_4 6_7 7_16 7_3 8_15 8_6 9_15,,0.600000,0.481481,0.333333,0.333333,0.250000,0.428571,0.250000,0.142857,0.000000,
2025-02-16,HierBayes,0,,0.000000,,3_10 3_11 3_14 3_9 4_10 4_8 4_9 5_8 5_9 6_14 6_15 6_4 6_7 7_15 7_3 7_8 8_15 9_14 9_15 9_16,,,0.739130,0.379310,0.428571,0.250000,0.666667,0.212121,0.142857,0.000000,0.600000
2025-02-16,B1: Static prior,0,,0.000000,,3_10 3_11 3_14 4_10 4_8 4_9 5_14 5_15 5_8 5_9 6_14 6_15 6_7 7_15 7_16 7_8 8_15 9_14 9_15 9_16,,0.739130,,0.333333,0.379310,0.142857,0.739130,0.111111,0.111111,0.025641,0.481481
2025-02-16,TTM,0,,0.000000,,3_10 3_11 3_12 3_5 3_6 3_7 3_9 4_10 4_9 5_8 5_9 6_12 6_13 6_15 6_3 7_15 8_15 8_5 8_8 9_16,,0.379310,0.333333,,0.250000,0.176471,0.379310,0.176471,0.176471,0.000000,0.333333
2025-02-16,ET,0,,0.000000,,2_3 3_10 3_11 3_14 3_9 4_10 4_8 4_9 5_13 5_8 6_15 6_3 7_11 7_6 7_7 7_8 8_14 8_17 9_14 9_15,,0.428571,0.379310,0.250000,,0.428571,0.428571,0.176471,0.379310,0.025641,0.333333
2025-02-16,B5: B2+B3,0,,0.000000,,10_14 3_10 3_9 4_10 4_11 4_9 5_13 6_15 6_2 6_3 6_4 6_5 6_6 7_3 7_6 7_7 8_14 8_17 8_3 9_15,,0.250000,0.142857,0.176471,0.428571,,0.250000,0.538462,0.333333,0.052632,0.250000
2025-02-16,B4: B1+B3,0,,0.000000,,3_10 3_11 3_9 4_10 4_9 5_13 5_15 5_8 5_9 6_14 6_15 6_7 7_15 7_16 7_7 7_8 8_15 9_14 9_15 9_16,,0.666667,0.739130,0.379310,0.428571,0.250000,,0.142857,0.212121,0.025641,0.428571
2025-02-16,B2: Recent MA,0,,0.000000,,10_14 12_15 3_10 3_4 3_6 3_9 4_10 4_11 4_12 4_5 4_9 6_2 6_3 6_4 6_5 6_6 7_3 8_3 9_15 9_9,,0.212121,0.111111,0.176471,0.176471,0.538462,0.142857,,0.142857,0.052632,0.250000
2025-02-16,B3: DoY season,0,,0.000000,,12_10 12_11 12_12 12_13 12_14 12_15 12_7 12_8 12_9 3_10 3_9 4_9 5_13 5_8 6_15 6_3 7_6 7_7 8_14 8_17,,0.142857,0.111111,0.176471,0.379310,0.333333,0.212121,0.142857,,0.000000,0.142857
2025-02-16,B0: Random,0,,0.000000,,0_12 10_14 10_7 11_2 12_18 1_10 1_8 2_10 2_16 2_17 2_3 4_14 4_17 4_2 5_15 5_17 5_7 8_3 8_4 9_19,,0.000000,0.025641,0.000000,0.025641,0.052632,0.025641,0.052632,0.000000,,0.000000
2025-02-17,GLM-Logit,1,1.000000,0.050000,3_11,3_10 3_13 3_14 3_6 3_7 3_9 4_10 4_8 4_9 5_8 6_14 6_15 6_4 6_7 7_16 7_3 8_15 8_6 9_15,,0.600000,0.481481,0.379310,0.333333,0.250000,0.428571,0.250000,0.176471,0.025641,
2025-02-17,HierBayes,1,1.000000,0.050000,3_11,3_10 3_14 3_9 4_10 4_8 4_9 5_8 5_9 6_14 6_15 6_4 6_7 7_15 7_3 7_8 8_15 9_14 9_15 9_16,,,0.739130,0.481481,0.428571,0.290323,0.666667,0.212121,0.212121,0.025641,0.600000
2025-02-17,B1: Static prior,1,1.000000,0.050000,3_11,3_10 3_14 4_10 4_8 4_9 5_14 5_15 5_8 5_9 6_14 6_15 6_7 7_15 7_16 7_8 8_15 9_14 9_15 9_16,,0.739130,,0.428571,0.379310,0.176471,0.739130,0.111111,0.176471,0.025641,0.481481
2025-02-17,TTM,1,1.000000,0.050000,3_11,10_13 3_10 3_12 3_5 3_7 3_9 4_10 4_9 5_8 5_9 6_15 6_3 6_7 7_15 8_15 8_5 8_8 9_15 9_16,,0.481481,0.428571,,0.290323,0.212121,0.481481,0.176471,0.212121,0.052632,0.379310
2025-02-17,ET,1,1.000000,0.050000,3_11,2_3 3_10 3_14 3_9 4_10 4_8 4_9 5_13 5_8 6_15 6_3 7_11 7_6 7_7 7_8 8_14 8_17 9_14 9_15,,0.428571,0.379310,0.290323,,0.481481,0.428571,0.176471,0.481481,0.052632,0.333333
2025-02-17,B5: B2+B3,1,0.000000,0.000000,,10_14 3_10 3_9 4_10 4_11 4_9 5_13 6_15 6_2 6_3 6_4 6_5 7_3 7_6 7_7 8_14 8_17 8_3 9_14 9_15,3_11,0.290323,0.176471,0.212121,0.481481,,0.290323,0.481481,0.428571,0.052632,0.250000
2025-02-17,B4: B1+B3,1,1.000000,0.050000,3_11,3_10 3_9 4_10 4_9 5_13 5_15 5_8 5_9 6_14 6_15 6_7 7_15 7_16 7_7 7_8 8_15 9_14 9_15 9_16,,0.666667,0.739130,0.481481,0.428571,0.290323,,0.142857,0.290323,0.025641,0.428571
2025-02-17,B2: Recent MA,1,0.000000,0.000000,,10_14 12_14 12_15 3_10 3_4 3_6 3_9 4_10 4_11 4_5 4_9 6_2 6_3 6_4 6_5 6_6 7_3 8_3 9_15 9_9,3_11,0.212121,0.111111,0.176471,0.176471,0.481481,0.142857,,0.212121,0.025641,0.250000
2025-02-17,B3: DoY season,1,0.000000,0.000000,,12_10 12_11 12_12 12_13 12_14 12_15 12_9 3_10 3_9 4_10 4_9 5_13 5_8 6_15 6_3 7_6 7_7 8_14 8_17 9_14,3_11,0.212121,0.176471,0.212121,0.481481,0.428571,0.290323,0.212121,,0.025641,0.176471
2025-02-17,B0: Random,1,0.000000,0.000000,,0_11 0_18 10_13 10_8 12_18 2_16 3_1 3_16 3_2 3_8 6_1 6_16 6_18 6_19 6_8 7_4 7_6 9_13 9_15 9_4,3_11,0.025641,0.025641,0.052632,0.052632,0.052632,0.025641,0.025641,0.025641,,0.025641
2025-02-18,GLM-Logit,0,,0.000000,,3_10 3_11 3_13 3_14 3_6 3_7 3_9 4_10 4_8 4_9 5_8 6_14 6_15 6_4 6_7 7_16 7_3 8_15 8_6 9_15,,0.600000,0.481481,0.428571,0.333333,0.250000,0.428571,0.290323,0.142857,0.052632,
2025-02-18,HierBayes,0,,0.000000,,3_10 3_11 3_14 3_9 4_10 4_8 4_9 5_8 5_9 6_14 6_15 6_4 6_7 7_15 7_3 7_8 8_15 9_14 9_15 9_16,,,0.739130,0.481481,0.428571,0.290323,0.666667,0.250000,0.176471,0.052632,0.600000
2025-02-18,B1: Static prior,0,,0.000000,,3_10 3_11 3_14 4_10 4_8 4_9 5_14 5_15 5_8 5_9 6_14 6_15 6_7 7_15 7_16 7_8 8_15 9_14 9_15 9_16,,0.739130,,0.379310,0.379310,0.176471,0.739130,0.142857,0.142857,0.052632,0.481481
2025-02-18,TTM,0,,0.000000,,3_10 3_11 3_12 3_8 3_9 4_10 4_9 5_7 5_8 5_9 6_14 6_15 6_3 7_15 7_3 8_15 8_5 8_6 8_8 9_15,,0.481481,0.379310,,0.290323,0.250000,0.428571,0.250000,0.176471,0.000000,0.428571
2025-02-18,ET,0,,0.000000,,2_3 3_10 3_11 3_14 3_9 4_10 4_8 4_9 5_13 5_8 6_15 6_3 7_11 7_6 7_7 7_8 8_14 8_17 9_14 9_15,,0.428571,0.379310,0.290323,,0.481481,0.428571,0.212121,0.428571,0.052632,0.333333
2025-02-18,B5: B2+B3,0,,0.000000,,10_14 3_10 3_9 4_10 4_11 4_9 5_13 6_15 6_2 6_3 6_4 6_5 7_3 7_6 7_7 8_14 8_17 8_3 9_14 9_15,,0.290323,0.176471,0.250000,0.481481,,0.290323,0.481481,0.379310,0.025641,0.250000
2025-02-18,B4: B1+B3,0,,0.000000,,3_10 3_11 3_9 4_10 4_9 5_13 5_15 5_8 5_9 6_14 6_15 6_7 7_15 7_16 7_7 7_8 8_15 9_14 9_15 9_16,,0.666667,0.739130,0.428571,0.428571,0.290323,,0.176471,0.250000,0.000000,0.428571
2025-02-18,B2: Recent MA,0,,0.000000,,10_14 12_15 3_10 3_11 3_4 3_6 3_9 4_10 4_11 4_5 4_9 6_2 6_3 6_4 6_5 6_6 7_3 8_3 9_15 9_9,,0.250000,0.142857,0.250000,0.212121,0.481481,0.176471,,0.142857,0.052632,0.290323
2025-02-18,B3: DoY season,0,,0.000000,,12_10 12_11 12_12 12_13 12_14 12_15 12_8 12_9 3_9 4_10 4_9 5_13 5_8 6_15 6_3 7_6 7_7 8_14 8_17 9_14,,0.176471,0.142857,0.176471,0.428571,0.379310,0.250000,0.142857,,0.052632,0.142857
2025-02-18,B0: Random,0,,0.000000,,10_0 10_12 12_10 12_15 12_17 12_3 2_15 2_2 3_14 4_17 4_3 4_8 5_16 6_19 6_2 7_12 7_4 8_18 9_0 9_11,,0.052632,0.052632,0.000000,0.052632,0.025641,0.000000,0.052632,0.052632,,0.052632
2025-02-19,GLM-Logit,0,,0.000000,,3_10 3_11 3_13 3_14 3_6 3_7 3_9 4_10 4_8 4_9 5_8 6_14 6_15 6_4 6_7 7_16 7_3 8_15 8_6 9_15,,0.600000,0.481481,0.333333,0.333333,0.212121,0.428571,0.290323,0.111111,0.081081,
2025-02-19,HierBayes,0,,0.000000,,3_10 3_11 3_14 3_9 4_10 4_8 4_9 5_8 5_9 6_14 6_15 6_4 6_7 7_15 7_3 7_8 8_15 9_14 9_15 9_16,,,0.739130,0.379310,0.428571,0.250000,0.666667,0.250000,0.142857,0.052632,0.600000
2025-02-19,B1: Static prior,0,,0.000000,,3_10 3_11 3_14 4_10 4_8 4_9 5_14 5_15 5_8 5_9 6_14 6_15 6_7 7_15 7_16 7_8 8_15 9_14 9_15 9_16,,0.739130,,0.333333,0.379310,0.142857,0.739130,0.142857,0.111111,0.081081,0.481481
2025-02-19,TTM,0,,0.000000,,3_10 3_11 3_12 3_6 3_8 3_9 4_10 4_9 5_8 5_9 6_13 6_15 7_15 7_6 7_7 8_15 8_5 8_6 8_8 9_14,,0.379310,0.333333,,0.333333,0.212121,0.428571,0.176471,0.212121,0.111111,0.333333
2025-02-19,ET,0,,0.000000,,2_3 3_10 3_11 3_14 3_9 4_10 4_8 4_9 5_13 5_8 6_15 6_3 7_11 7_6 7_7 7_8 8_14 8_17 9_14 9_15,,0.428571,0.379310,0.333333,,0.379310,0.428571,0.212121,0.379310,0.025641,0.333333
2025-02-19,B5: B2+B3,0,,0.000000,,10_14 3_9 4_10 4_5 4_9 5_13 6_15 6_2 6_3 6_4 6_5 6_6 7_3 7_6 7_7 8_14 8_3 9_14 9_15 9_9,,0.250000,0.142857,0.212121,0.379310,,0.250000,0.538462,0.333333,0.081081,0.212121
2025-02-19,B4: B1+B3,0,,0.000000,,3_10 3_11 3_9 4_10 4_9 5_13 5_15 5_8 5_9 6_14 6_15 6_7 7_15 7_16 7_7 7_8 8_15 9_14 9_15 9_16,,0.666667,0.739130,0.428571,0.428571,0.250000,,0.176471,0.212121,0.052632,0.428571
2025-02-19,B2: Recent MA,0,,0.000000,,10_14 12_15 3_10 3_11 3_4 3_6 3_9 4_10 4_11 4_5 4_9 6_2 6_3 6_4 6_5 6_6 7_3 8_3 9_15 9_9,,0.250000,0.142857,0.176471,0.212121,0.538462,0.176471,,0.142857,0.081081,0.290323
2025-02-19,B3: DoY season,0,,0.000000,,12_10 12_11 12_12 12_13 12_14 12_15 12_7 12_8 12_9 2_3 3_9 4_10 4_9 5_13 6_15 6_3 7_6 7_7 8_14 9_14,,0.142857,0.111111,0.212121,0.379310,0.333333,0.212121,0.142857,,0.025641,0.111111
2025-02-19,B0: Random,0,,0.000000,,0_14 10_14 10_18 3_0 3_16 3_6 3_7 3_8 4_16 4_19 5_11 5_14 5_2 7_4 8_13 8_15 8_3 9_1 9_14 9_4,,0.052632,0.081081,0.111111,0.025641,0.081081,0.052632,0.081081,0.025641,,0.081081
2025-02-20,GLM-Logit,0,,0.000000,,3_10 3_11 3_13 3_14 3_6 3_7 3_9 4_10 4_8 4_9 5_8 6_14 6_15 6_4 6_7 7_16 7_3 8_15 8_6 9_15,,0.538462,0.481481,0.290323,0.333333,0.176471,0.428571,0.290323,0.081081,0.052632,
2025-02-20,HierBayes,0,,0.000000,,3_10 3_11 3_14 3_9 4_10 4_8 4_9 5_14 5_8 5_9 6_14 6_15 6_4 6_7 7_15 7_8 8_15 9_14 9_15 9_16,,,0.818182,0.379310,0.428571,0.176471,0.666667,0.212121,0.111111,0.052632,0.538462
2025-02-20,B1: Static prior,0,,0.000000,,3_10 3_11 3_14 4_10 4_8 4_9 5_14 5_15 5_8 5_9 6_14 6_15 6_7 7_15 7_16 7_8 8_15 9_14 9_15 9_16,,0.818182,,0.333333,0.379310,0.142857,0.818182,0.142857,0.111111,0.025641,0.481481
2025-02-20,TTM,0,,0.000000,,10_16 3_10 3_11 3_12 3_8 3_9 4_10 4_9 5_8 5_9 6_13 6_15 6_3 7_15 7_6 7_7 7_8 8_15 8_6 8_8,,0.379310,0.333333,,0.379310,0.176471,0.379310,0.176471,0.176471,0.111111,0.290323
2025-02-20,ET,0,,0.000000,,2_3 3_10 3_11 3_14 3_9 4_10 4_8 4_9 5_13 5_8 6_15 6_3 7_11 7_6 7_7 7_8 8_14 8_17 9_14 9_15,,0.428571,0.379310,0.379310,,0.428571,0.428571,0.212121,0.379310,0.081081,0.333333
2025-02-20,B5: B2+B3,0,,0.000000,,10_14 2_3 4_10 4_9 5_13 6_15 6_2 6_3 6_4 6_5 6_6 7_11 7_3 7_6 7_7 8_14 8_3 9_14 9_15 9_9,,0.176471,0.142857,0.176471,0.428571,,0.212121,0.428571,0.379310,0.111111,0.176471
2025-02-20,B4: B1+B3,0,,0.000000,,3_10 3_11 4_10 4_8 4_9 5_13 5_15 5_8 5_9 6_14 6_15 6_7 7_15 7_16 7_7 7_8 8_15 9_14 9_15 9_16,,0.666667,0.818182,0.379310,0.428571,0.212121,,0.142857,0.176471,0.025641,0.428571
2025-02-20,B2: Recent MA,0,,0.000000,,10_14 12_15 3_10 3_11 3_4 3_6 3_9 4_10 4_11 4_5 4_9 6_2 6_3 6_4 6_5 6_6 7_3 8_3 9_15 9_9,,0.212121,0.142857,0.176471,0.212121,0.428571,0.142857,,0.111111,0.052632,0.290323
2025-02-20,B3: DoY season,0,,0.000000,,12_10 12_11 12_12 12_13 12_14 12_15 12_7 12_8 12_9 2_3 4_10 4_9 5_13 6_15 6_3 7_11 7_6 7_7 8_14 9_14,,0.111111,0.111111,0.176471,0.379310,0.379310,0.176471,0.111111,,0.081081,0.081081
2025-02-20,B0: Random,0,,0.000000,,0_12 10_16 12_2 12_6 1_16 1_19 2_0 2_4 2_8 3_1 3_19 3_3 5_17 6_15 6_3 6_4 7_6 8_10 8_19 9_11,,0.052632,0.025641,0.111111,0.081081,0.111111,0.025641,0.052632,0.081081,,0.052632
2025-02-21,GLM-Logit,0,,0.000000,,3_10 3_11 3_13 3_14 3_6 3_7 3_9 4_10 4_8 4_9 5_14 5_8 6_14 6_15 6_4 6_7 7_16 8_15 8_6 9_15,,0.600000,0.538462,0.379310,0.333333,0.142857,0.428571,0.250000,0.081081,0.081081,
2025-02-21,HierBayes,0,,0.000000,,3_10 3_11 3_14 3_9 4_10 4_8 4_9 5_14 5_8 5_9 6_14 6_15 6_4 6_7 7_15 7_8 8_15 9_14 9_15 9_16,,,0.818182,0.481481,0.428571,0.176471,0.666667,0.212121,0.111111,0.052632,0.600000
2025-02-21,B1: Static prior,0,,0.000000,,3_10 3_11 3_14 4_10 4_8 4_9 5_14 5_15 5_8 5_9 6_14 6_15 6_7 7_15 7_16 7_8 8_15 9_14 9_15 9_16,,0.818182,,0.428571,0.379310,0.142857,0.818182,0.142857,0.111111,0.052632,0.538462
2025-02-21,TTM,0,,0.000000,,3_10 3_11 3_12 3_9 4_10 4_9 5_8 5_9 6_14 6_15 6_3 6_7 6_8 7_15 7_5 7_6 8_15 8_6 8_8 9_16,,0.481481,0.428571,,0.290323,0.111111,0.428571,0.176471,0.111111,0.052632,0.379310
2025-02-21,ET,0,,0.000000,,2_3 3_10 3_11 3_14 3_9 4_10 4_8 4_9 5_13 5_8 6_15 6_3 7_11 7_6 7_7 7_8 8_14 8_17 9_14 9_15,,0.428571,0.379310,0.290323,,0.379310,0.428571,0.212121,0.333333,0.025641,0.333333
2025-02-21,B5: B2+B3,0,,0.000000,,10_14 2_3 4_10 4_11 4_5 4_9 5_13 6_15 6_2 6_3 6_4 6_5 6_6 7_11 7_7 8_14 8_3 9_14 9_15 9_9,,0.176471,0.142857,0.111111,0.379310,,0.212121,0.481481,0.333333,0.025641,0.142857
2025-02-21,B4: B1+B3,0,,0.000000,,3_10 3_11 4_10 4_8 4_9 5_13 5_15 5_8 5_9 6_14 6_15 6_7 7_15 7_16 7_7 7_8 8_15 9_14 9_15 9_16,,0.666667,0.818182,0.428571,0.428571,0.212121,,0.142857,0.176471,0.025641,0.428571
2025-02-21,B2: Recent MA,0,,0.000000,,10_14 12_14 12_15 3_10 3_11 3_4 3_6 3_9 4_10 4_11 4_5 4_9 6_2 6_3 6_4 6_5 6_6 8_3 9_15 9_9,,0.212121,0.142857,0.176471,0.212121,0.481481,0.142857,,0.142857,0.000000,0.250000
2025-02-21,B3: DoY season,0,,0.000000,,12_10 12_11 12_12 12_13 12_14 12_15 12_6 12_7 12_8 12_9 2_3 4_10 4_9 5_13 6_15 6_3 7_11 7_7 8_14 9_14,,0.111111,0.111111,0.111111,0.333333,0.333333,0.176471,0.142857,,0.025641,0.081081
2025-02-21,B0: Random,0,,0.000000,,0_15 0_17 10_19 11_9 1_2 1_4 1_7 1_9 2_2 2_6 3_3 5_14 5_3 6_15 6_9 8_10 8_2 8_6 8_9 9_6,,0.052632,0.052632,0.052632,0.025641,0.025641,0.025641,0.000000,0.025641,,0.081081
2025-02-22,GLM-Logit,0,,0.000000,,3_10 3_11 3_13 3_14 3_6 3_7 3_9 4_10 4_8 4_9 5_14 5_8 6_14 6_15 6_4 6_7 7_16 8_15 8_6 9_15,,0.600000,0.538462,0.379310,0.333333,0.176471,0.428571,0.250000,0.052632,0.000000,
2025-02-22,HierBayes,0,,0.000000,,3_10 3_11 3_14 3_9 4_10 4_8 4_9 5_14 5_8 5_9 6_14 6_15 6_4 6_7 7_15 7_8 8_15 9_14 9_15 9_16,,,0.818182,0.428571,0.428571,0.176471,0.666667,0.212121,0.081081,0.025641,0.600000
2025-02-22,B1: Static prior,0,,0.000000,,3_10 3_11 3_14 4_10 4_8 4_9 5_14 5_15 5_8 5_9 6_14 6_15 6_7 7_15 7_16 7_8 8_15 9_14 9_15 9_16,,0.818182,,0.379310,0.379310,0.111111,0.818182,0.142857,0.081081,0.025641,0.538462
2025-02-22,TTM,0,,0.000000,,3_10 3_11 3_12 3_9 4_10 4_9 5_8 5_9 6_13 6_14 6_15 6_3 6_7 6_8 7_15 7_5 8_15 8_6 8_7 8_8,,0.428571,0.379310,,0.250000,0.111111,0.379310,0.142857,0.081081,0.025641,0.379310
2025-02-22,ET,0,,0.000000,,2_3 3_10 3_11 3_14 3_9 4_10 4_8 4_9 5_13 5_8 6_15 6_3 7_11 7_6 7_7 7_8 8_14 8_17 9_14 9_15,,0.428571,0.379310,0.250000,,0.379310,0.428571,0.176471,0.290323,0.000000,0.333333
2025-02-22,B5: B2+B3,0,,0.000000,,10_14 2_3 3_4 3_6 3_9 4_10 4_5 4_9 5_13 6_3 6_4 6_5 6_6 7_11 7_7 8_14 8_3 9_14 9_15 9_9,,0.176471,0.111111,0.111111,0.379310,,0.176471,0.481481,0.290323,0.000000,0.176471
2025-02-22,B4: B1+B3,0,,0.000000,,3_10 3_11 4_10 4_8 4_9 5_13 5_15 5_8 5_9 6_14 6_15 6_7 7_15 7_16 7_7 7_8 8_15 9_14 9_15 9_16,,0.666667,0.818182,0.379310,0.428571,0.176471,,0.142857,0.142857,0.025641,0.428571
2025-02-22,B2: Recent MA,0,,0.000000,,10_14 12_11 12_12 12_13 12_14 12_15 3_10 3_11 3_4 3_6 3_9 4_10 4_5 4_9 6_4 6_5 6_6 8_3 9_15 9_9,,0.212121,0.142857,0.142857,0.176471,0.481481,0.142857,,0.212121,0.000000,0.250000
2025-02-22,B3: DoY season,0,,0.000000,,12_10 12_11 12_12 12_13 12_14 12_15 12_5 12_6 12_7 12_8 12_9 2_3 4_10 4_9 5_13 6_3 7_11 7_7 8_14 9_14,,0.081081,0.081081,0.081081,0.290323,0.290323,0.142857,0.212121,,0.025641,0.052632
2025-02-22,B0: Random,0,,0.000000,,10_18 10_5 11_16 12_10 1_1 1_13 1_17 1_6 2_12 2_17 3_5 4_17 4_7 5_12 5_3 6_16 7_15 7_2 9_12 9_8,,0.025641,0.025641,0.025641,0.000000,0.000000,0.025641,0.000000,0.025641,,0.000000
2025-02-23,GLM-Logit,0,,0.000000,,3_10 3_11 3_13 3_14 3_6 3_7 4_10 4_8 4_9 5_14 5_8 6_14 6_15 6_6 6_7 7_16 7_8 8_15 8_6 9_15,,0.600000,0.600000,0.290323,0.333333,0.176471,0.481481,0.212121,0.052632,0.025641,
2025-02-23,HierBayes,0,,0.000000,,3_10 3_11 3_14 4_10 4_8 4_9 5_14 5_15 5_8 5_9 6_14 6_15 6_7 7_15 7_16 7_8 8_15 9_14 9_15 9_16,,,1.000000,0.428571,0.379310,0.142857,0.818182,0.142857,0.081081,0.025641,0.600000
2025-02-23,B1: Static prior,0,,0.000000,,3_10 3_11 3_14 4_10 4_8 4_9 5_14 5_15 5_8 5_9 6_14 6_15 6_7 7_15 7_16 7_8 8_15 9_14 9_15 9_16,,1.000000,,0.428571,0.379310,0.142857,0.818182,0.142857,0.081081,0.025641,0.600000
2025-02-23,TTM,0,,0.000000,,3_10 3_11 3_12 3_9 4_10 4_8 4_9 5_8 5_9 6_13 6_15 6_7 6_8 7_15 7_5 7_7 8_15 8_7 8_8 9_14,,0.428571,0.428571,,0.333333,0.142857,0.481481,0.111111,0.111111,0.025641,0.290323
2025-02-23,ET,0,,0.000000,,2_3 3_10 3_11 3_14 3_9 4_10 4_8 4_9 5_13 5_8 6_15 6_3 7_11 7_6 7_7 7_8 8_14 8_17 9_14 9_15,,0.379310,0.379310,0.333333,,0.379310,0.428571,0.142857,0.290323,0.025641,0.333333
2025-02-23,B5: B2+B3,0,,0.000000,,10_14 2_3 3_10 3_4 3_6 4_10 4_5 4_9 5_13 6_3 6_4 6_5 6_6 7_11 7_7 8_14 8_3 9_14 9_15 9_9,,0.142857,0.142857,0.142857,0.379310,,0.212121,0.481481,0.290323,0.052632,0.176471
2025-02-23,B4: B1+B3,0,,0.000000,,3_10 3_11 4_10 4_8 4_9 5_13 5_15 5_8 5_9 6_14 6_15 6_7 7_15 7_16 7_7 7_8 8_15 9_14 9_15 9_16,,0.818182,0.818182,0.481481,0.428571,0.212121,,0.142857,0.142857,0.025641,0.481481
2025-02-23,B2: Recent MA,0,,0.000000,,10_14 12_10 12_11 12_12 12_13 12_14 12_15 3_10 3_11 3_4 3_6 4_10 4_5 4_9 6_4 6_5 6_6 8_3 9_15 9_9,,0.142857,0.142857,0.111111,0.142857,0.481481,0.142857,,0.250000,0.025641,0.212121
2025-02-23,B3: DoY season,0,,0.000000,,12_10 12_11 12_12 12_13 12_14 12_15 12_5 12_6 12_7 12_8 12_9 2_3 4_10 4_9 5_13 6_3 7_11 7_7 8_14 9_14,,0.081081,0.081081,0.111111,0.290323,0.290323,0.142857,0.250000,,0.025641,0.052632
2025-02-23,B0: Random,0,,0.000000,,0_1 10_4 10_7 11_13 11_7 11_8 1_15 1_9 2_0 5_6 6_14 6_19 6_5 7_3 8_14 8_8 9_0 9_17 9_18 9_5,,0.025641,0.025641,0.025641,0.025641,0.052632,0.025641,0.025641,0.025641,,0.025641
2025-02-24,GLM-Logit,0,,0.000000,,3_10 3_11 3_13 3_14 3_6 3_7 4_10 4_8 4_9 5_14 5_8 6_14 6_15 6_6 6_7 7_16 7_8 8_15 8_6 9_15,,0.600000,0.600000,0.250000,0.333333,0.212121,0.481481,0.212121,0.052632,0.025641,
2025-02-24,HierBayes,0,,0.000000,,3_10 3_11 3_14 4_10 4_8 4_9 5_14 5_15 5_8 5_9 6_14 6_15 6_7 7_15 7_16 7_8 8_15 9_14 9_15 9_16,,,1.000000,0.333333,0.379310,0.176471,0.818182,0.142857,0.081081,0.052632,0.600000
2025-02-24,B1: Static prior,0,,0.000000,,3_10 3_11 3_14 4_10 4_8 4_9 5_14 5_15 5_8 5_9 6_14 6_15 6_7 7_15 7_16 7_8 8_15 9_14 9_15 9_16,,1.000000,,0.333333,0.379310,0.176471,0.818182,0.142857,0.081081,0.052632,0.600000
2025-02-24,TTM,0,,0.000000,,3_10 3_11 3_12 3_6 3_8 3_9 4_9 5_15 5_8 5_9 6_15 6_8 7_15 7_3 7_5 7_8 8_15 8_16 8_7 8_8,,0.333333,0.333333,,0.212121,0.111111,0.333333,0.111111,0.025641,0.052632,0.250000
2025-02-24,ET,0,,0.000000,,2_3 3_10 3_11 3_14 3_9 4_10 4_8 4_9 5_13 5_8 6_15 6_3 7_11 7_6 7_7 7_8 8_14 8_17 9_14 9_15,,0.379310,0.379310,0.212121,,0.428571,0.428571,0.142857,0.290323,0.025641,0.333333
2025-02-24,B5: B2+B3,0,,0.000000,,10_14 2_3 3_10 3_11 3_4 3_6 4_10 4_5 4_9 5_13 6_3 6_4 6_6 7_11 7_7 8_14 8_3 9_14 9_15 9_9,,0.176471,0.176471,0.111111,0.428571,,0.250000,0.481481,0.290323,0.052632,0.212121
2025-02-24,B4: B1+B3,0,,0.000000,,3_10 3_11 4_10 4_8 4_9 5_13 5_15 5_8 5_9 6_14 6_15 6_7 7_15 7_16 7_7 7_8 8_15 9_14 9_15 9_16,,0.818182,0.818182,0.333333,0.428571,0.250000,,0.142857,0.142857,0.052632,0.481481
2025-02-24,B2: Recent MA,0,,0.000000,,10_14 12_10 12_11 12_12 12_13 12_14 12_15 12_9 3_10 3_11 3_4 3_6 4_10 4_5 4_9 6_4 6_6 8_3 9_15 9_9,,0.142857,0.142857,0.111111,0.142857,0.481481,0.142857,,0.290323,0.052632,0.212121
2025-02-24,B3: DoY season,0,,0.000000,,12_10 12_11 12_12 12_13 12_14 12_15 12_5 12_6 12_7 12_8 12_9 2_3 4_10 4_9 5_13 6_3 7_11 7_7 8_14 9_14,,0.081081,0.081081,0.025641,0.290323,0.290323,0.142857,0.290323,,0.000000,0.052632
2025-02-24,B0: Random,0,,0.000000,,0_12 0_6 0_7 10_15 11_13 1_6 2_12 2_18 3_10 3_3 4_11 4_17 4_5 5_19 7_18 7_4 8_7 9_16 9_3 9_5,,0.052632,0.052632,0.052632,0.025641,0.052632,0.052632,0.052632,0.000000,,0.025641
2025-02-25,GLM-Logit,0,,0.000000,,3_10 3_11 3_13 3_14 3_6 3_7 4_10 4_8 4_9 5_14 5_8 6_14 6_15 6_6 6_7 7_16 7_8 8_15 8_6 9_15,,0.600000,0.600000,0.290323,0.333333,0.212121,0.481481,0.212121,0.052632,0.000000,
2025-02-25,HierBayes,0,,0.000000,,3_10 3_11 3_14 4_10 4_8 4_9 5_14 5_15 5_8 5_9 6_14 6_15 6_7 7_15 7_16 7_8 8_15 9_14 9_15 9_16,,,1.000000,0.428571,0.379310,0.212121,0.818182,0.142857,0.111111,0.025641,0.600000
2025-02-25,B1: Static prior,0,,0.000000,,3_10 3_11 3_14 4_10 4_8 4_9 5_14 5_15 5_8 5_9 6_14 6_15 6_7 7_15 7_16 7_8 8_15 9_14 9_15 9_16,,1.000000,,0.428571,0.379310,0.212121,0.818182,0.142857,0.111111,0.025641,0.600000
2025-02-25,TTM,0,,0.000000,,3_10 3_11 3_12 3_9 4_9 5_8 5_9 6_13 6_14 6_15 6_7 6_8 7_15 7_3 7_5 7_8 8_15 8_7 8_8 9_14,,0.428571,0.428571,,0.250000,0.142857,0.428571,0.081081,0.081081,0.000000,0.290323
2025-02-25,ET,0,,0.000000,,2_3 3_10 3_11 3_14 3_9 4_10 4_8 4_9 5_13 5_8 6_15 6_3 7_11 7_6 7_7 7_8 8_14 8_17 9_14 9_15,,0.379310,0.379310,0.250000,,0.379310,0.428571,0.142857,0.250000,0.025641,0.333333
2025-02-25,B5: B2+B3,0,,0.000000,,10_14 2_3 3_10 3_11 3_4 3_6 4_10 4_5 4_9 5_13 6_3 6_4 6_6 7_11 7_15 8_14 8_3 9_14 9_15 9_9,,0.212121,0.212121,0.142857,0.379310,,0.290323,0.481481,0.290323,0.025641,0.212121
2025-02-25,B4: B1+B3,0,,0.000000,,3_10 3_11 4_10 4_8 4_9 5_13 5_15 5_8 5_9 6_14 6_15 6_3 6_7 7_15 7_16 7_8 8_15 9_14 9_15 9_16,,0.818182,0.818182,0.428571,0.428571,0.290323,,0.142857,0.176471,0.052632,0.481481
2025-02-25,B2: Recent MA,0,,0.000000,,10_14 12_10 12_11 12_12 12_13 12_14 12_15 12_9 3_10 3_11 3_4 3_6 4_10 4_5 4_9 6_4 6_6 8_3 9_15 9_9,,0.142857,0.142857,0.081081,0.142857,0.481481,0.142857,,0.290323,0.000000,0.212121
2025-02-25,B3: DoY season,0,,0.000000,,12_10 12_11 12_12 12_13 12_14 12_15 12_5 12_6 12_7 12_8 12_9 2_3 4_10 4_9 5_13 6_3 7_11 7_15 8_14 9_14,,0.111111,0.111111,0.081081,0.250000,0.290323,0.176471,0.290323,,0.025641,0.052632
2025-02-25,B0: Random,0,,0.000000,,0_0 0_14 0_4 0_7 10_10 10_11 11_17 11_18 11_4 11_6 12_1 1_8 2_14 2_17 2_8 3_2 3_8 6_3 8_9 9_16,,0.025641,0.025641,0.000000,0.025641,0.025641,0.052632,0.000000,0.025641,,0.000000
2025-02-26,GLM-Logit,0,,0.000000,,3_10 3_11 3_13 3_14 3_6 3_7 4_10 4_8 4_9 5_14 5_8 6_14 6_15 6_6 6_7 7_16 7_8 8_15 8_6 9_15,,0.600000,0.600000,0.379310,0.333333,0.212121,0.538462,0.212121,0.052632,0.025641,
2025-02-26,HierBayes,0,,0.000000,,3_10 3_11 3_14 4_10 4_8 4_9 5_14 5_15 5_8 5_9 6_14 6_15 6_7 7_15 7_16 7_8 8_15 9_14 9_15 9_16,,,1.000000,0.428571,0.379310,0.212121,0.904762,0.142857,0.111111,0.052632,0.600000
2025-02-26,B1: Static prior,0,,0.000000,,3_10 3_11 3_14 4_10 4_8 4_9 5_14 5_15 5_8 5_9 6_14 6_15 6_7 7_15 7_16 7_8 8_15 9_14 9_15 9_16,,1.000000,,0.428571,0.379310,0.212121,0.904762,0.142857,0.111111,0.052632,0.600000
2025-02-26,TTM,0,,0.000000,,3_10 3_11 3_12 3_9 4_10 4_9 5_8 5_9 6_13 6_14 6_15 6_7 6_8 7_15 7_5 7_8 8_6 8_7 8_8 9_15,,0.428571,0.428571,,0.290323,0.176471,0.428571,0.142857,0.081081,0.025641,0.379310
2025-02-26,ET,0,,0.000000,,2_3 3_10 3_11 3_14 3_9 4_10 4_8 4_9 5_13 5_8 6_15 6_3 7_11 7_6 7_7 7_8 8_14 8_17 9_14 9_15,,0.379310,0.379310,0.290323,,0.333333,0.428571,0.142857,0.212121,0.052632,0.333333
2025-02-26,B5: B2+B3,0,,0.000000,,10_14 12_15 2_3 3_10 3_11 3_4 3_6 4_10 4_5 4_9 5_13 6_4 6_6 7_11 7_15 8_14 8_3 9_14 9_15 9_9,,0.212121,0.212121,0.176471,0.333333,,0.250000,0.538462,0.290323,0.081081,0.212121
2025-02-26,B4: B1+B3,0,,0.000000,,3_10 3_11 3_14 4_10 4_8 4_9 5_13 5_15 5_8 5_9 6_14 6_15 6_7 7_15 7_16 7_8 8_15 9_14 9_15 9_16,,0.904762,0.904762,0.428571,0.428571,0.250000,,0.142857,0.142857,0.025641,0.538462
2025-02-26,B2: Recent MA,0,,0.000000,,10_14 12_10 12_11 12_12 12_13 12_14 12_15 12_9 3_10 3_11 3_4 3_6 4_10 4_5 4_9 6_4 6_6 8_3 9_15 9_9,,0.142857,0.142857,0.142857,0.142857,0.538462,0.142857,,0.290323,0.052632,0.212121
2025-02-26,B3: DoY season,0,,0.000000,,12_10 12_11 12_12 12_13 12_14 12_15 12_4 12_5 12_6 12_7 12_8 12_9 2_3 4_10 4_9 5_13 7_11 7_15 8_14 9_14,,0.111111,0.111111,0.081081,0.212121,0.290323,0.142857,0.290323,,0.081081,0.052632
2025-02-26,B0: Random,0,,0.000000,,0_1 0_10 0_2 0_9 12_10 12_17 1_10 1_11 2_3 2_9 3_2 3_4 4_16 5_14 6_2 7_0 8_8 9_14 9_4 9_8,,0.052632,0.052632,0.025641,0.052632,0.081081,0.025641,0.052632,0.081081,,0.025641
2025-02-27,GLM-Logit,0,,0.000000,,3_10 3_11 3_13 3_14 3_6 3_7 4_10 4_8 4_9 5_14 5_8 6_14 6_15 6_7 7_16 7_8 8_15 8_6 9_15 9_9,,0.600000,0.600000,0.290323,0.333333,0.212121,0.538462,0.212121,0.025641,0.081081,
2025-02-27,HierBayes,0,,0.000000,,3_10 3_11 3_14 4_10 4_8 4_9 5_14 5_15 5_8 5_9 6_14 6_15 6_7 7_15 7_16 7_8 8_15 9_14 9_15 9_16,,,1.000000,0.379310,0.379310,0.212121,0.904762,0.142857,0.081081,0.081081,0.600000
2025-02-27,B1: Static prior,0,,0.000000,,3_10 3_11 3_14 4_10 4_8 4_9 5_14 5_15 5_8 5_9 6_14 6_15 6_7 7_15 7_16 7_8 8_15 9_14 9_15 9_16,,1.000000,,0.379310,0.379310,0.212121,0.904762,0.142857,0.081081,0.081081,0.600000
2025-02-27,TTM,0,,0.000000,,3_10 3_11 3_12 3_7 3_9 4_10 4_9 5_15 5_8 5_9 6_13 6_15 6_7 6_8 7_15 7_5 7_7 7_8 8_7 8_8,,0.379310,0.379310,,0.290323,0.142857,0.379310,0.111111,0.052632,0.025641,0.290323
2025-02-27,ET,0,,0.000000,,2_3 3_10 3_11 3_14 3_9 4_10 4_8 4_9 5_13 5_8 6_15 6_3 7_11 7_6 7_7 7_8 8_14 8_17 9_14 9_15,,0.379310,0.379310,0.290323,,0.290323,0.428571,0.142857,0.142857,0.052632,0.333333
2025-02-27,B5: B2+B3,0,,0.000000,,10_14 12_13 12_14 12_15 2_3 3_10 3_11 3_4 3_6 4_10 4_5 4_9 5_13 6_4 7_11 7_15 8_3 9_14 9_15 9_9,,0.212121,0.212121,0.142857,0.290323,,0.250000,0.600000,0.290323,0.052632,0.212121
2025-02-27,B4: B1+B3,0,,0.000000,,3_10 3_11 3_14 4_10 4_8 4_9 5_13 5_15 5_8 5_9 6_14 6_15 6_7 7_15 7_16 7_8 8_15 9_14 9_15 9_16,,0.904762,0.904762,0.379310,0.428571,0.250000,,0.142857,0.111111,0.052632,0.538462
2025-02-27,B2: Recent MA,0,,0.000000,,10_14 12_10 12_11 12_12 12_13 12_14 12_15 12_8 12_9 3_10 3_11 3_4 3_6 4_10 4_5 4_9 6_4 8_3 9_15 9_9,,0.142857,0.142857,0.111111,0.142857,0.600000,0.142857,,0.290323,0.081081,0.212121
2025-02-27,B3: DoY season,0,,0.000000,,12_10 12_11 12_12 12_13 12_14 12_15 12_2 12_3 12_4 12_5 12_6 12_7 12_8 12_9 2_3 4_10 5_13 7_11 7_15 9_14,,0.081081,0.081081,0.052632,0.142857,0.290323,0.111111,0.290323,,0.025641,0.025641
2025-02-27,B0: Random,0,,0.000000,,0_14 0_3 0_9 10_1 11_5 11_9 12_1 12_11 2_11 2_16 3_10 5_14 6_1 7_18 7_3 7_9 8_10 8_2 9_15 9_7,,0.081081,0.081081,0.025641,0.052632,0.052632,0.052632,0.081081,0.025641,,0.081081
2025-02-28,GLM-Logit,0,,0.000000,,3_10 3_11 3_13 3_14 3_6 3_7 4_10 4_8 4_9 5_14 5_8 6_14 6_15 6_7 7_15 7_16 7_8 8_15 8_6 9_15,,0.666667,0.666667,0.379310,0.333333,0.212121,0.600000,0.176471,0.052632,0.111111,
2025-02-28,HierBayes,0,,0.000000,,3_10 3_11 3_14 4_10 4_8 4_9 5_14 5_15 5_8 5_9 6_14 6_15 6_7 7_15 7_16 7_8 8_15 9_14 9_15 9_16,,,1.000000,0.379310,0.379310,0.212121,0.904762,0.142857,0.081081,0.052632,0.666667
2025-02-28,B1: Static prior,0,,0.000000,,3_10 3_11 3_14 4_10 4_8 4_9 5_14 5_15 5_8 5_9 6_14 6_15 6_7 7_15 7_16 7_8 8_15 9_14 9_15 9_16,,1.000000,,0.379310,0.379310,0.212121,0.904762,0.142857,0.081081,0.052632,0.666667
2025-02-28,TTM,0,,0.000000,,3_10 3_11 3_12 3_7 4_10 4_9 5_8 5_9 6_13 6_15 6_3 6_8 7_15 7_5 7_6 7_8 8_15 8_6 8_8 9_16,,0.379310,0.379310,,0.290323,0.142857,0.379310,0.111111,0.052632,0.081081,0.379310
2025-02-28,ET,0,,0.000000,,2_3 3_10 3_11 3_14 3_9 4_10 4_8 4_9 5_13 5_8 6_15 6_3 7_11 7_6 7_7 7_8 8_14 8_17 9_14 9_15,,0.379310,0.379310,0.290323,,0.290323,0.428571,0.142857,0.142857,0.052632,0.333333
2025-02-28,B5: B2+B3,0,,0.000000,,10_14 12_12 12_13 12_14 12_15 2_3 3_10 3_11 3_4 3_6 4_10 4_5 4_9 5_13 5_5 6_4 7_11 7_15 9_14 9_15,,0.212121,0.212121,0.142857,0.290323,,0.250000,0.538462,0.379310,0.081081,0.212121
2025-02-28,B4: B1+B3,0,,0.000000,,3_10 3_11 3_14 4_10 4_8 4_9 5_13 5_15 5_8 5_9 6_14 6_15 6_7 7_15 7_16 7_8 8_15 9_14 9_15 9_16,,0.904762,0.904762,0.379310,0.428571,0.250000,,0.142857,0.111111,0.052632,0.600000
2025-02-28,B2: Recent MA,0,,0.000000,,10_14 12_10 12_11 12_12 12_13 12_14 12_15 12_6 12_7 12_8 12_9 3_10 3_11 3_4 3_6 4_10 4_5 4_9 6_4 9_15,,0.142857,0.142857,0.111111,0.142857,0.538462,0.142857,,0.379310,0.052632,0.176471
2025-02-28,B3: DoY season,0,,0.000000,,12_10 12_11 12_12 12_13 12_14 12_15 12_3 12_4 12_5 12_6 12_7 12_8 12_9 2_3 4_10 5_13 5_5 7_11 7_15 9_14,,0.081081,0.081081,0.052632,0.142857,0.379310,0.111111,0.379310,,0.052632,0.052632
2025-02-28,B0: Random,0,,0.000000,,0_15 10_19 10_2 10_6 12_4 1_12 1_13 1_17 3_1 3_11 3_6 3_7 3_9 5_16 5_4 7_15 8_3 8_5 9_1 9_19,,0.052632,0.052632,0.081081,0.052632,0.081081,0.052632,0.052632,0.052632,,0.111111
2025-03-01,GLM-Logit,0,,0.000000,,3_10 3_11 3_13 3_14 3_6 3_7 4_10 4_8 4_9 5_14 5_8 6_14 6_15 6_7 7_15 7_16 7_8 8_15 8_6 9_15,,0.666667,0.666667,0.481481,0.428571,0.250000,0.600000,0.176471,0.081081,0.025641,
2025-03-01,HierBayes,0,,0.000000,,3_10 3_11 3_14 4_10 4_8 4_9 5_14 5_15 5_8 5_9 6_14 6_15 6_7 7_15 7_16 7_8 8_15 9_14 9_15 9_16,,,1.000000,0.481481,0.333333,0.250000,0.904762,0.142857,0.111111,0.052632,0.666667
2025-03-01,B1: Static prior,0,,0.000000,,3_10 3_11 3_14 4_10 4_8 4_9 5_14 5_15 5_8 5_9 6_14 6_15 6_7 7_15 7_16 7_8 8_15 9_14 9_15 9_16,,1.000000,,0.481481,0.333333,0.250000,0.904762,0.142857,0.111111,0.052632,0.666667
2025-03-01,TTM,0,,0.000000,,3_10 3_11 3_12 4_8 4_9 5_14 5_8 5_9 6_13 6_15 6_3 6_7 6_8 7_15 7_5 7_8 8_15 8_6 8_8 9_15,,0.481481,0.481481,,0.290323,0.176471,0.428571,0.111111,0.052632,0.025641,0.481481
2025-03-01,ET,0,,0.000000,,10_14 3_10 3_11 3_6 3_8 4_10 4_4 4_8 4_9 5_5 5_7 6_14 6_15 6_6 7_15 7_8 8_14 8_15 8_6 8_9,,0.333333,0.333333,0.290323,,0.290323,0.333333,0.176471,0.111111,0.025641,0.428571
2025-03-01,B5: B2+B3,0,,0.000000,,10_14 12_11 12_12 12_13 12_14 12_15 2_3 3_10 3_11 3_4 3_6 4_10 4_9 5_13 5_5 6_15 7_11 7_15 9_14 9_15,,0.250000,0.250000,0.176471,0.290323,,0.290323,0.481481,0.481481,0.025641,0.250000
2025-03-01,B4: B1+B3,0,,0.000000,,3_10 3_11 3_14 4_10 4_8 4_9 5_13 5_15 5_8 5_9 6_14 6_15 6_7 7_15 7_16 7_8 8_15 9_14 9_15 9_16,,0.904762,0.904762,0.428571,0.333333,0.290323,,0.142857,0.142857,0.052632,0.600000
2025-03-01,B2: Recent MA,0,,0.000000,,10_14 12_10 12_11 12_12 12_13 12_14 12_15 12_4 12_5 12_6 12_7 12_8 12_9 3_10 3_11 3_4 3_6 4_10 4_9 9_15,,0.142857,0.142857,0.111111,0.176471,0.481481,0.142857,,0.481481,0.025641,0.176471
2025-03-01,B3: DoY season,0,,0.000000,,12_10 12_11 12_12 12_13 12_14 12_15 12_4 12_5 12_6 12_7 12_8 12_9 2_3 4_10 5_13 5_5 6_15 7_11 7_15 9_14,,0.111111,0.111111,0.052632,0.111111,0.481481,0.142857,0.481481,,0.000000,0.081081
2025-03-01,B0: Random,0,,0.000000,,0_1 0_5 10_19 11_11 11_16 1_12 1_16 2_18 3_10 4_12 4_18 5_1 5_15 8_1 8_12 8_3 9_10 9_11 9_13 9_19,,0.052632,0.052632,0.025641,0.025641,0.025641,0.052632,0.025641,0.000000,,0.025641
2025-03-02,GLM-Logit,1,1.000000,0.050000,3_14,3_10 3_11 3_13 3_6 3_7 4_10 4_8 4_9 5_14 5_8 6_14 6_15 6_7 7_15 7_16 7_8 8_15 8_6 9_15,,0.666667,0.666667,0.481481,0.428571,0.250000,0.666667,0.142857,0.111111,0.052632,
2025-03-02,HierBayes,1,1.000000,0.050000,3_14,3_10 3_11 4_10 4_8 4_9 5_14 5_15 5_8 5_9 6_14 6_15 6_7 7_15 7_16 7_8 8_15 9_14 9_15 9_16,,,1.000000,0.600000,0.333333,0.250000,1.000000,0.111111,0.142857,0.025641,0.666667
2025-03-02,B1: Static prior,1,1.000000,0.050000,3_14,3_10 3_11 4_10 4_8 4_9 5_14 5_15 5_8 5_9 6_14 6_15 6_7 7_15 7_16 7_8 8_15 9_14 9_15 9_16,,1.000000,,0.600000,0.333333,0.250000,1.000000,0.111111,0.142857,0.025641,0.666667
2025-03-02,TTM,1,1.000000,0.050000,3_14,3_10 3_11 3_12 4_9 5_15 5_8 5_9 6_14 6_15 6_3 6_7 7_15 7_16 7_5 7_7 7_8 8_15 8_8 9_15,,0.600000,0.600000,,0.250000,0.176471,0.600000,0.081081,0.081081,0.025641,0.481481
2025-03-02,ET,1,0.000000,0.000000,,10_14 3_10 3_11 3_6 3_8 4_10 4_4 4_8 4_9 5_5 5_7 6_14 6_15 6_6 7_15 7_8 8_14 8_15 8_6 8_9,3_14,0.333333,0.333333,0.250000,,0.290323,0.333333,0.142857,0.142857,0.052632,0.428571
2025-03-02,B5: B2+B3,1,0.000000,0.000000,,10_14 12_11 12_12 12_13 12_14 12_15 2_3 3_10 3_11 3_4 3_6 4_10 5_13 5_5 6_14 6_15 7_11 7_15 9_14 9_15,3_14,0.250000,0.250000,0.176471,0.290323,,0.250000,0.428571,0.538462,0.025641,0.250000
2025-03-02,B4: B1+B3,1,1.000000,0.050000,3_14,3_10 3_11 4_10 4_8 4_9 5_14 5_15 5_8 5_9 6_14 6_15 6_7 7_15 7_16 7_8 8_15 9_14 9_15 9_16,,1.000000,1.000000,0.600000,0.333333,0.250000,,0.111111,0.142857,0.025641,0.666667
2025-03-02,B2: Recent MA,1,0.000000,0.000000,,10_14 12_10 12_11 12_12 12_13 12_14 12_15 12_3 12_4 12_5 12_6 12_7 12_8 12_9 3_10 3_11 3_4 3_6 4_10 9_15,3_14,0.111111,0.111111,0.081081,0.142857,0.428571,0.111111,,0.428571,0.052632,0.142857
2025-03-02,B3: DoY season,1,0.000000,0.000000,,12_10 12_11 12_12 12_13 12_14 12_15 12_5 12_6 12_7 12_8 12_9 2_3 4_10 5_13 5_5 6_14 6_15 7_11 7_15 9_14,3_14,0.142857,0.142857,0.081081,0.142857,0.538462,0.142857,0.428571,,0.052632,0.111111
2025-03-02,B0: Random,1,0.000000,0.000000,,0_16 10_13 10_3 11_18 12_14 12_19 12_8 3_0 3_7 4_16 4_9 5_10 5_7 6_17 6_4 6_9 8_1 8_10 8_17 9_6,3_14,0.025641,0.025641,0.025641,0.052632,0.025641,0.025641,0.052632,0.052632,,0.052632
2025-03-03,GLM-Logit,1,0.000000,0.000000,,3_10 3_11 3_13 3_14 3_6 3_7 4_10 4_8 4_9 5_14 5_8 6_14 6_15 6_7 7_15 7_16 7_8 8_15 8_6 9_16,5_13,0.666667,0.666667,0.379310,0.428571,0.250000,0.666667,0.142857,0.111111,0.025641,
2025-03-03,HierBayes,1,0.000000,0.000000,,3_10 3_11 3_14 4_10 4_8 4_9 5_14 5_15 5_8 5_9 6_14 6_15 6_7 7_15 7_16 7_8 8_15 9_14 9_15 9_16,5_13,,1.000000,0.538462,0.333333,0.250000,1.000000,0.111111,0.142857,0.025641,0.666667
2025-03-03,B1: Static prior,1,0.000000,0.000000,,3_10 3_11 3_14 4_10 4_8 4_9 5_14 5_15 5_8 5_9 6_14 6_15 6_7 7_15 7_16 7_8 8_15 9_14 9_15 9_16,5_13,1.000000,,0.538462,0.333333,0.250000,1.000000,0.111111,0.142857,0.025641,0.666667
2025-03-03,TTM,1,0.000000,0.000000,,3_10 3_11 3_12 3_13 3_14 3_15 3_9 4_9 5_15 5_8 5_9 6_14 6_15 7_15 7_5 7_8 8_15 8_8 9_14 9_15,5_13,0.538462,0.538462,,0.250000,0.212121,0.538462,0.081081,0.111111,0.081081,0.379310
2025-03-03,ET,1,0.000000,0.000000,,10_14 3_10 3_11 3_6 3_8 4_10 4_4 4_8 4_9 5_5 5_7 6_14 6_15 6_6 7_15 7_8 8_14 8_15 8_6 8_9,5_13,0.333333,0.333333,0.250000,,0.290323,0.333333,0.142857,0.142857,0.000000,0.428571
2025-03-03,B5: B2+B3,1,1.000000,0.050000,5_13,10_14 12_11 12_12 12_13 12_14 12_15 2_3 3_10 3_11 3_14 3_4 3_6 4_10 5_5 6_14 6_15 7_11 7_15 9_14,,0.250000,0.250000,0.212121,0.290323,,0.250000,0.428571,0.538462,0.000000,0.250000
2025-03-03,B4: B1+B3,1,0.000000,0.000000,,3_10 3_11 3_14 4_10 4_8 4_9 5_14 5_15 5_8 5_9 6_14 6_15 6_7 7_15 7_16 7_8 8_15 9_14 9_15 9_16,5_13,1.000000,1.000000,0.538462,0.333333,0.250000,,0.111111,0.142857,0.025641,0.666667
2025-03-03,B2: Recent MA,1,0.000000,0.000000,,10_14 12_10 12_11 12_12 12_13 12_14 12_15 12_3 12_4 12_5 12_6 12_7 12_8 12_9 3_10 3_11 3_14 3_4 3_6 4_10,5_13,0.111111,0.111111,0.081081,0.142857,0.428571,0.111111,,0.428571,0.000000,0.142857
2025-03-03,B3: DoY season,1,1.000000,0.050000,5_13,12_10 12_11 12_12 12_13 12_14 12_15 12_5 12_6 12_7 12_8 12_9 2_3 4_10 5_5 6_14 6_15 7_11 7_15 9_14,,0.142857,0.142857,0.111111,0.142857,0.538462,0.142857,0.428571,,0.000000,0.111111
2025-03-03,B0: Random,1,0.000000,0.000000,,0_14 0_17 0_3 11_11 11_19 12_17 1_8 3_13 5_19 5_3 6_11 6_16 7_19 7_5 8_4 8_5 8_7 9_0 9_12 9_15,5_13,0.025641,0.025641,0.081081,0.000000,0.000000,0.025641,0.000000,0.000000,,0.025641
2025-03-04,GLM-Logit,1,0.000000,0.000000,,3_10 3_11 3_13 3_14 3_6 3_7 4_10 4_8 4_9 5_14 5_8 6_14 6_15 6_7 7_15 7_16 7_8 8_15 8_6 9_16,7_7,0.666667,0.666667,0.538462,0.428571,0.250000,0.666667,0.111111,0.142857,0.025641,
2025-03-04,HierBayes,1,0.000000,0.000000,,3_10 3_11 3_14 4_10 4_8 4_9 5_14 5_15 5_8 5_9 6_14 6_15 6_7 7_15 7_16 7_8 8_15 9_14 9_15 9_16,7_7,,1.000000,0.538462,0.333333,0.212121,1.000000,0.081081,0.142857,0.052632,0.666667
2025-03-04,B1: Static prior,1,0.000000,0.000000,,3_10 3_11 3_14 4_10 4_8 4_9 5_14 5_15 5_8 5_9 6_14 6_15 6_7 7_15 7_16 7_8 8_15 9_14 9_15 9_16,7_7,1.000000,,0.538462,0.333333,0.212121,1.000000,0.081081,0.142857,0.052632,0.666667
2025-03-04,TTM,1,0.000000,0.000000,,3_10 3_11 3_12 3_13 3_7 3_9 4_10 4_9 5_8 5_9 6_14 6_15 6_7 7_15 7_5 7_8 8_15 8_8 9_15 9_16,7_7,0.538462,0.538462,,0.290323,0.176471,0.538462,0.052632,0.142857,0.052632,0.538462
2025-03-04,ET,1,0.000000,0.000000,,10_14 3_10 3_11 3_6 3_8 4_10 4_4 4_8 4_9 5_5 5_7 6_14 6_15 6_6 7_15 7_8 8_14 8_15 8_6 8_9,7_7,0.333333,0.333333,0.290323,,0.290323,0.333333,0.111111,0.176471,0.025641,0.428571
2025-03-04,B5: B2+B3,1,0.000000,0.000000,,10_14 12_10 12_11 12_12 12_13 12_14 12_15 2_3 3_11 3_14 3_4 3_6 4_10 4_9 5_13 5_5 6_14 6_15 7_11 7_15,7_7,0.212121,0.212121,0.176471,0.290323,,0.212121,0.481481,0.538462,0.025641,0.250000
2025-03-04,B4: B1+B3,1,0.000000,0.000000,,3_10 3_11 3_14 4_10 4_8 4_9 5_14 5_15 5_8 5_9 6_14 6_15 6_7 7_15 7_16 7_8 8_15 9_14 9_15 9_16,7_7,1.000000,1.000000,0.538462,0.333333,0.212121,,0.081081,0.142857,0.052632,0.666667
2025-03-04,B2: Recent MA,1,0.000000,0.000000,,10_14 12_10 12_11 12_12 12_13 12_14 12_15 12_3 12_4 12_5 12_6 12_7 12_8 12_9 3_11 3_14 3_4 3_6 4_10 5_13,7_7,0.081081,0.081081,0.052632,0.111111,0.481481,0.081081,,0.481481,0.000000,0.111111
2025-03-04,B3: DoY season,1,0.000000,0.000000,,12_10 12_11 12_12 12_13 12_14 12_15 12_4 12_5 12_6 12_7 12_8 12_9 2_3 4_10 4_9 5_5 6_14 6_15 7_11 7_15,7_7,0.142857,0.142857,0.142857,0.176471,0.538462,0.142857,0.481481,,0.025641,0.142857
2025-03-04,B0: Random,1,0.000000,0.000000,,0_1 11_8 1_19 1_3 3_12 3_8 4_6 5_14 5_19 5_6 7_10 7_11 7_2 7_4 8_0 8_17 9_13 9_15 9_8 9_9,7_7,0.052632,0.052632,0.052632,0.025641,0.025641,0.052632,0.000000,0.025641,,0.025641
2025-03-05,GLM-Logit,0,,0.000000,,3_10 3_11 3_13 3_14 3_6 3_7 4_10 4_8 4_9 5_14 5_8 6_14 6_15 6_7 7_15 7_16 7_7 7_8 8_15 8_6,,0.600000,0.600000,0.428571,0.428571,0.290323,0.600000,0.142857,0.111111,0.000000,
2025-03-05,HierBayes,0,,0.000000,,3_10 3_11 3_14 4_10 4_8 4_9 5_14 5_15 5_8 5_9 6_14 6_15 6_7 7_15 7_16 7_8 8_15 9_14 9_15 9_16,,,1.000000,0.600000,0.333333,0.212121,1.000000,0.081081,0.111111,0.025641,0.600000
2025-03-05,B1: Static prior,0,,0.000000,,3_10 3_11 3_14 4_10 4_8 4_9 5_14 5_15 5_8 5_9 6_14 6_15 6_7 7_15 7_16 7_8 8_15 9_14 9_15 9_16,,1.000000,,0.600000,0.333333,0.212121,1.000000,0.081081,0.111111,0.025641,0.600000
2025-03-05,TTM,0,,0.000000,,3_10 3_11 3_12 3_13 3_14 4_10 4_9 5_15 5_8 5_9 6_14 6_15 6_7 6_8 7_15 7_5 7_8 8_8 9_15 9_16,,0.600000,0.600000,,0.250000,0.212121,0.600000,0.081081,0.111111,0.000000,0.428571
2025-03-05,ET,0,,0.000000,,10_14 3_10 3_11 3_6 3_8 4_10 4_4 4_8 4_9 5_5 5_7 6_14 6_15 6_6 7_15 7_8 8_14 8_15 8_6 8_9,,0.333333,0.333333,0.250000,,0.290323,0.333333,0.111111,0.142857,0.052632,0.428571
2025-03-05,B5: B2+B3,0,,0.000000,,10_14 12_11 12_12 12_13 12_14 12_15 2_3 3_11 3_14 3_4 3_6 4_10 4_9 5_13 5_5 6_14 6_15 7_11 7_15 7_7,,0.212121,0.212121,0.212121,0.290323,,0.212121,0.481481,0.428571,0.025641,0.290323
2025-03-05,B4: B1+B3,0,,0.000000,,3_10 3_11 3_14 4_10 4_8 4_9 5_14 5_15 5_8 5_9 6_14 6_15 6_7 7_15 7_16 7_8 8_15 9_14 9_15 9_16,,1.000000,1.000000,0.600000,0.333333,0.212121,,0.081081,0.111111,0.025641,0.600000
2025-03-05,B2: Recent MA,0,,0.000000,,10_14 12_10 12_11 12_12 12_13 12_14 12_15 12_4 12_5 12_6 12_7 12_8 12_9 3_11 3_14 3_4 3_6 4_10 5_13 7_7,,0.081081,0.081081,0.081081,0.111111,0.481481,0.081081,,0.428571,0.000000,0.142857
2025-03-05,B3: DoY season,0,,0.000000,,12_10 12_11 12_12 12_13 12_14 12_15 12_3 12_4 12_5 12_6 12_7 12_8 12_9 2_3 4_9 5_5 6_14 6_15 7_11 7_15,,0.111111,0.111111,0.111111,0.142857,0.428571,0.111111,0.428571,,0.025641,0.111111
2025-03-05,B0: Random,0,,0.000000,,0_0 0_13 10_4 10_7 11_6 12_16 1_13 2_0 2_17 4_13 4_7 5_18 5_4 5_5 5_7 8_0 8_13 8_4 9_14 9_4,,0.025641,0.025641,0.000000,0.052632,0.025641,0.025641,0.000000,0.025641,,0.000000
2025-03-06,GLM-Logit,2,0.500000,0.050000,8_15,3_10 3_11 3_13 3_14 3_7 4_10 4_8 4_9 5_14 5_8 6_14 6_15 6_7 7_15 7_16 7_7 7_8 8_6 9_16,2_5,0.666667,0.666667,0.379310,0.379310,0.250000,0.666667,0.111111,0.111111,0.000000,
2025-03-06,HierBayes,2,0.500000,0.050000,8_15,3_10 3_11 3_14 4_10 4_8 4_9 5_14 5_15 5_8 5_9 6_14 6_15 6_7 7_15 7_16 7_8 9_14 9_15 9_16,2_5,,1.000000,0.428571,0.333333,0.212121,1.000000,0.081081,0.111111,0.000000,0.666667
2025-03-06,B1: Static prior,2,0.500000,0.050000,8_15,3_10 3_11 3_14 4_10 4_8 4_9 5_14 5_15 5_8 5_9 6_14 6_15 6_7 7_15 7_16 7_8 9_14 9_15 9_16,2_5,1.000000,,0.428571,0.333333,0.212121,1.000000,0.081081,0.111111,0.000000,0.666667
2025-03-06,TTM,2,0.500000,0.050000,8_15,3_10 3_11 3_12 3_6 3_9 4_9 5_8 5_9 6_13 6_15 6_7 7_15 7_5 7_8 8_6 8_8 9_12 9_15 9_16,2_5,0.428571,0.428571,,0.290323,0.111111,0.428571,0.025641,0.081081,0.000000,0.379310
2025-03-06,ET,2,0.500000,0.050000,8_15,10_14 3_10 3_11 3_6 3_8 4_10 4_4 4_8 4_9 5_5 5_7 6_14 6_15 6_6 7_15 7_8 8_14 8_6 8_9,2_5,0.333333,0.333333,0.290323,,0.250000,0.333333,0.081081,0.142857,0.025641,0.379310
2025-03-06,B5: B2+B3,2,0.000000,0.000000,,10_14 12_10 12_11 12_12 12_13 12_14 12_15 12_9 3_11 3_14 3_4 4_10 4_9 5_13 5_5 6_14 6_15 7_11 7_15 7_7,2_5 8_15,0.212121,0.212121,0.111111,0.250000,,0.212121,0.538462,0.481481,0.000000,0.250000
2025-03-06,B4: B1+B3,2,0.500000,0.050000,8_15,3_10 3_11 3_14 4_10 4_8 4_9 5_14 5_15 5_8 5_9 6_14 6_15 6_7 7_15 7_16 7_8 9_14 9_15 9_16,2_5,1.000000,1.000000,0.428571,0.333333,0.212121,,0.081081,0.111111,0.000000,0.666667
2025-03-06,B2: Recent MA,2,0.000000,0.000000,,10_14 12_10 12_11 12_12 12_13 12_14 12_15 12_3 12_4 12_5 12_6 12_7 12_8 12_9 3_11 3_14 3_4 4_10 5_13 7_7,2_5 8_15,0.081081,0.081081,0.025641,0.081081,0.538462,0.081081,,0.481481,0.000000,0.111111
2025-03-06,B3: DoY season,2,0.000000,0.000000,,12_10 12_11 12_12 12_13 12_14 12_15 12_2 12_3 12_4 12_5 12_6 12_7 12_8 12_9 4_9 5_5 6_14 6_15 7_11 7_15,2_5 8_15,0.111111,0.111111,0.081081,0.142857,0.481481,0.111111,0.481481,,0.000000,0.111111
2025-03-06,B0: Random,2,0.000000,0.000000,,0_9 11_10 11_13 12_17 12_18 1_1 1_10 2_19 2_6 4_15 4_17 5_7 6_10 6_11 6_12 6_4 6_5 8_10 8_11 9_1,2_5 8_15,0.000000,0.000000,0.000000,0.025641,0.000000,0.000000,0.000000,0.000000,,0.000000
2025-03-07,GLM-Logit,1,1.000000,0.050000,7_8,3_10 3_11 3_13 3_14 3_7 4_10 4_8 4_9 5_14 5_8 6_14 6_15 6_7 7_15 7_16 7_7 8_15 8_6 9_16,,0.666667,0.666667,0.333333,0.379310,0.250000,0.666667,0.111111,0.111111,0.052632,
2025-03-07,HierBayes,1,1.000000,0.050000,7_8,3_10 3_11 3_14 4_10 4_8 4_9 5_14 5_15 5_8 5_9 6_14 6_15 6_7 7_15 7_16 8_15 9_14 9_15 9_16,,,1.000000,0.379310,0.333333,0.212121,1.000000,0.081081,0.111111,0.052632,0.666667
2025-03-07,B1: Static prior,1,1.000000,0.050000,7_8,3_10 3_11 3_14 4_10 4_8 4_9 5_14 5_15 5_8 5_9 6_14 6_15 6_7 7_15 7_16 8_15 9_14 9_15 9_16,,1.000000,,0.379310,0.333333,0.212121,1.000000,0.081081,0.111111,0.052632,0.666667
2025-03-07,TTM,1,1.000000,0.050000,7_8,3_10 3_11 3_12 3_6 3_9 4_9 5_7 5_8 5_9 6_13 6_14 6_15 7_15 7_5 7_7 8_15 8_5 8_8 9_15,,0.379310,0.379310,,0.333333,0.212121,0.379310,0.081081,0.111111,0.052632,0.333333
2025-03-07,ET,1,1.000000,0.050000,7_8,10_14 3_10 3_11 3_6 3_8 4_10 4_4 4_8 4_9 5_5 5_7 6_14 6_15 6_6 7_15 8_14 8_15 8_6 8_9,,0.333333,0.333333,0.333333,,0.250000,0.333333,0.081081,0.142857,0.025641,0.379310
2025-03-07,B5: B2+B3,1,0.000000,0.000000,,10_14 12_10 12_11 12_12 12_13 12_14 12_15 12_9 2_5 3_11 3_14 3_4 4_9 5_13 5_5 6_14 6_15 7_15 7_7 8_15,7_8,0.212121,0.212121,0.212121,0.250000,,0.212121,0.600000,0.428571,0.081081,0.250000
2025-03-07,B4: B1+B3,1,1.000000,0.050000,7_8,3_10 3_11 3_14 4_10 4_8 4_9 5_14 5_15 5_8 5_9 6_14 6_15 6_7 7_15 7_16 8_15 9_14 9_15 9_16,,1.000000,1.000000,0.379310,0.333333,0.212121,,0.081081,0.111111,0.052632,0.666667
2025-03-07,B2: Recent MA,1,0.000000,0.000000,,10_14 12_10 12_11 12_12 12_13 12_14 12_15 12_4 12_5 12_6 12_7 12_8 12_9 2_5 3_11 3_14 3_4 5_13 7_7 8_15,7_8,0.081081,0.081081,0.081081,0.081081,0.600000,0.081081,,0.428571,0.081081,0.111111
2025-03-07,B3: DoY season,1,0.000000,0.000000,,12_1 12_10 12_11 12_12 12_13 12_14 12_15 12_2 12_3 12_4 12_5 12_6 12_7 12_8 12_9 4_9 5_5 6_14 6_15 7_15,7_8,0.111111,0.111111,0.111111,0.142857,0.428571,0.111111,0.428571,,0.025641,0.111111
2025-03-07,B0: Random,1,0.000000,0.000000,,10_18 10_3 11_3 11_5 12_14 12_18 1_5 1_6 2_12 2_3 3_11 3_14 3_19 5_12 5_3 6_16 7_5 8_0 8_10 9_19,7_8,0.052632,0.052632,0.052632,0.025641,0.081081,0.052632,0.081081,0.025641,,0.052632
2025-03-08,GLM-Logit,1,0.000000,0.000000,,3_10 3_11 3_13 3_14 3_7 4_10 4_8 4_9 5_14 5_8 6_14 6_15 6_7 7_15 7_16 7_7 7_8 8_15 8_6 9_16,1_12,0.666667,0.666667,0.290323,0.379310,0.290323,0.666667,0.142857,0.111111,0.052632,
2025-03-08,HierBayes,1,0.000000,0.000000,,3_10 3_11 3_14 4_10 4_8 4_9 5_14 5_15 5_8 5_9 6_14 6_15 6_7 7_15 7_16 7_8 8_15 9_14 9_15 9_16,1_12,,1.000000,0.481481,0.333333,0.250000,1.000000,0.111111,0.111111,0.052632,0.666667
2025-03-08,B1: Static prior,1,0.000000,0.000000,,3_10 3_11 3_14 4_10 4_8 4_9 5_14 5_15 5_8 5_9 6_14 6_15 6_7 7_15 7_16 7_8 8_15 9_14 9_15 9_16,1_12,1.000000,,0.481481,0.333333,0.250000,1.000000,0.111111,0.111111,0.052632,0.666667
2025-03-08,TTM,1,0.000000,0.000000,,10_16 3_10 3_11 3_12 3_14 3_6 3_9 4_9 5_15 5_8 5_9 6_14 6_15 6_8 7_15 7_5 7_8 8_8 9_14 9_15,1_12,0.481481,0.481481,,0.250000,0.212121,0.481481,0.081081,0.111111,0.081081,0.290323
2025-03-08,ET,1,0.000000,0.000000,,10_14 3_10 3_11 3_6 3_8 4_10 4_4 4_8 4_9 5_5 5_7 6_14 6_15 6_6 7_15 7_8 8_14 8_15 8_6 8_9,1_12,0.333333,0.333333,0.250000,,0.290323,0.333333,0.111111,0.142857,0.052632,0.379310
2025-03-08,B5: B2+B3,1,0.000000,0.000000,,10_14 12_10 12_11 12_12 12_13 12_14 12_15 2_5 3_11 3_14 3_4 4_9 5_13 5_5 6_14 6_15 7_15 7_7 7_8 8_15,1_12,0.250000,0.250000,0.212121,0.290323,,0.250000,0.600000,0.379310,0.081081,0.290323
2025-03-08,B4: B1+B3,1,0.000000,0.000000,,3_10 3_11 3_14 4_10 4_8 4_9 5_14 5_15 5_8 5_9 6_14 6_15 6_7 7_15 7_16 7_8 8_15 9_14 9_15 9_16,1_12,1.000000,1.000000,0.481481,0.333333,0.250000,,0.111111,0.111111,0.052632,0.666667
2025-03-08,B2: Recent MA,1,0.000000,0.000000,,10_14 12_10 12_11 12_12 12_13 12_14 12_15 12_5 12_6 12_7 12_8 12_9 2_5 3_11 3_14 3_4 5_13 7_7 7_8 8_15,1_12,0.111111,0.111111,0.081081,0.111111,0.600000,0.111111,,0.379310,0.081081,0.142857
2025-03-08,B3: DoY season,1,0.000000,0.000000,,12_1 12_10 12_11 12_12 12_13 12_14 12_15 12_2 12_3 12_4 12_5 12_6 12_7 12_8 12_9 4_9 5_5 6_14 6_15 7_15,1_12,0.111111,0.111111,0.111111,0.142857,0.379310,0.111111,0.379310,,0.081081,0.111111
2025-03-08,B0: Random,1,0.000000,0.000000,,10_0 10_16 11_2 11_9 12_11 12_8 1_7 2_13 3_8 4_12 5_16 6_1 6_12 6_15 6_2 7_19 7_7 7_9 8_2 9_15,1_12,0.052632,0.052632,0.081081,0.052632,0.081081,0.052632,0.081081,0.081081,,0.052632
2025-03-09,GLM-Logit,0,,0.000000,,3_10 3_11 3_13 3_14 3_7 4_10 4_8 4_9 5_14 5_8 6_14 6_15 6_7 7_15 7_16 7_7 7_8 8_15 8_6 9_16,,0.666667,0.666667,0.481481,0.379310,0.290323,0.666667,0.142857,0.111111,0.025641,
2025-03-09,HierBayes,0,,0.000000,,3_10 3_11 3_14 4_10 4_8 4_9 5_14 5_15 5_8 5_9 6_14 6_15 6_7 7_15 7_16 7_8 8_15 9_14 9_15 9_16,,,1.000000,0.538462,0.333333,0.250000,1.000000,0.111111,0.111111,0.025641,0.666667
2025-03-09,B1: Static prior,0,,0.000000,,3_10 3_11 3_14 4_10 4_8 4_9 5_14 5_15 5_8 5_9 6_14 6_15 6_7 7_15 7_16 7_8 8_15 9_14 9_15 9_16,,1.000000,,0.538462,0.333333,0.250000,1.000000,0.111111,0.111111,0.025641,0.666667
2025-03-09,TTM,0,,0.000000,,3_10 3_11 3_12 3_13 3_14 3_6 3_9 4_10 4_9 5_8 5_9 6_14 6_15 6_7 7_15 7_5 7_8 8_15 8_8 9_15,,0.538462,0.538462,,0.333333,0.250000,0.538462,0.111111,0.111111,0.000000,0.481481
2025-03-09,ET,0,,0.000000,,10_14 3_10 3_11 3_6 3_8 4_10 4_4 4_8 4_9 5_5 5_7 6_14 6_15 6_6 7_15 7_8 8_14 8_15 8_6 8_9,,0.333333,0.333333,0.333333,,0.290323,0.333333,0.111111,0.142857,0.025641,0.379310
2025-03-09,B5: B2+B3,0,,0.000000,,10_14 12_10 12_11 12_12 12_13 12_14 12_15 1_12 2_5 3_11 3_14 4_9 5_13 5_5 6_14 6_15 7_15 7_7 7_8 8_15,,0.250000,0.250000,0.250000,0.290323,,0.250000,0.600000,0.379310,0.052632,0.290323
2025-03-09,B4: B1+B3,0,,0.000000,,3_10 3_11 3_14 4_10 4_8 4_9 5_14 5_15 5_8 5_9 6_14 6_15 6_7 7_15 7_16 7_8 8_15 9_14 9_15 9_16,,1.000000,1.000000,0.538462,0.333333,0.250000,,0.111111,0.111111,0.025641,0.666667
2025-03-09,B2: Recent MA,0,,0.000000,,10_14 12_10 12_11 12_12 12_13 12_14 12_15 12_5 12_6 12_7 12_8 12_9 1_12 2_5 3_11 3_14 5_13 7_7 7_8 8_15,,0.111111,0.111111,0.111111,0.111111,0.600000,0.111111,,0.379310,0.052632,0.142857
2025-03-09,B3: DoY season,0,,0.000000,,12_1 12_10 12_11 12_12 12_13 12_14 12_15 12_2 12_3 12_4 12_5 12_6 12_7 12_8 12_9 4_9 5_5 6_14 6_15 7_15,,0.111111,0.111111,0.111111,0.142857,0.379310,0.111111,0.379310,,0.000000,0.111111
2025-03-09,B0: Random,0,,0.000000,,0_5 10_14 10_18 10_4 10_8 11_1 1_12 1_15 2_10 2_2 3_16 3_4 4_1 5_6 6_0 8_1 8_17 8_5 9_16 9_18,,0.025641,0.025641,0.000000,0.025641,0.052632,0.025641,0.052632,0.000000,,0.025641
2025-03-10,GLM-Logit,0,,0.000000,,3_10 3_11 3_13 3_14 3_7 4_10 4_8 4_9 5_14 5_8 6_14 6_15 6_7 7_15 7_16 7_7 7_8 8_15 8_6 9_16,,0.666667,0.666667,0.333333,0.379310,0.290323,0.600000,0.142857,0.111111,0.000000,
2025-03-10,HierBayes,0,,0.000000,,3_10 3_11 3_14 4_10 4_8 4_9 5_14 5_15 5_8 5_9 6_14 6_15 6_7 7_15 7_16 7_8 8_15 9_14 9_15 9_16,,,1.000000,0.481481,0.333333,0.250000,0.904762,0.111111,0.111111,0.000000,0.666667
2025-03-10,B1: Static prior,0,,0.000000,,3_10 3_11 3_14 4_10 4_8 4_9 5_14 5_15 5_8 5_9 6_14 6_15 6_7 7_15 7_16 7_8 8_15 9_14 9_15 9_16,,1.000000,,0.481481,0.333333,0.250000,0.904762,0.111111,0.111111,0.000000,0.666667
2025-03-10,TTM,0,,0.000000,,3_10 3_11 3_12 3_6 3_9 4_9 5_8 5_9 6_14 6_15 6_3 7_15 7_16 7_3 7_5 7_8 8_15 8_8 9_14 9_15,,0.481481,0.481481,,0.290323,0.212121,0.481481,0.081081,0.111111,0.025641,0.333333
2025-03-10,ET,0,,0.000000,,10_14 3_10 3_11 3_6 3_8 4_10 4_4 4_8 4_9 5_5 5_7 6_14 6_15 6_6 7_15 7_8 8_14 8_15 8_6 8_9,,0.333333,0.333333,0.290323,,0.333333,0.379310,0.111111,0.176471,0.000000,0.379310
2025-03-10,B5: B2+B3,0,,0.000000,,10_14 12_11 12_12 12_13 12_14 12_15 1_12 2_5 3_11 3_14 4_9 5_13 5_5 5_7 6_14 6_15 7_15 7_7 7_8 8_15,,0.250000,0.250000,0.212121,0.333333,,0.290323,0.538462,0.379310,0.052632,0.290323
2025-03-10,B4: B1+B3,0,,0.000000,,3_10 3_11 3_14 4_10 4_8 4_9 5_15 5_7 5_8 5_9 6_14 6_15 6_7 7_15 7_16 7_8 8_15 9_14 9_15 9_16,,0.904762,0.904762,0.481481,0.379310,0.290323,,0.111111,0.142857,0.000000,0.600000
2025-03-10,B2: Recent MA,0,,0.000000,,10_14 12_10 12_11 12_12 12_13 12_14 12_15 12_5 12_6 12_7 12_8 12_9 1_12 2_5 3_11 3_14 5_13 7_7 7_8 8_15,,0.111111,0.111111,0.081081,0.111111,0.538462,0.111111,,0.379310,0.052632,0.142857
2025-03-10,B3: DoY season,0,,0.000000,,12_10 12_11 12_12 12_13 12_14 12_15 12_2 12_3 12_4 12_5 12_6 12_7 12_8 12_9 4_9 5_5 5_7 6_14 6_15 7_15,,0.111111,0.111111,0.111111,0.176471,0.379310,0.142857,0.379310,,0.052632,0.111111
2025-03-10,B0: Random,0,,0.000000,,0_12 10_12 10_15 10_16 11_13 11_2 12_13 12_4 1_1 1_10 1_12 2_14 2_15 2_7 2_8 3_12 4_2 5_16 5_3 6_5,,0.000000,0.000000,0.025641,0.000000,0.052632,0.000000,0.052632,0.052632,,0.000000
2025-03-11,GLM-Logit,0,,0.000000,,3_10 3_11 3_13 3_14 3_7 4_10 4_8 4_9 5_14 5_8 6_14 6_15 6_7 7_15 7_16 7_7 7_8 8_15 8_6 9_16,,0.666667,0.666667,0.481481,0.379310,0.290323,0.600000,0.142857,0.111111,0.000000,
2025-03-11,HierBayes,0,,0.000000,,3_10 3_11 3_14 4_10 4_8 4_9 5_14 5_15 5_8 5_9 6_14 6_15 6_7 7_15 7_16 7_8 8_15 9_14 9_15 9_16,,,1.000000,0.600000,0.333333,0.250000,0.904762,0.111111,0.111111,0.025641,0.666667
2025-03-11,B1: Static prior,0,,0.000000,,3_10 3_11 3_14 4_10 4_8 4_9 5_14 5_15 5_8 5_9 6_14 6_15 6_7 7_15 7_16 7_8 8_15 9_14 9_15 9_16,,1.000000,,0.600000,0.333333,0.250000,0.904762,0.111111,0.111111,0.025641,0.666667
2025-03-11,TTM,0,,0.000000,,3_10 3_11 3_12 3_6 3_7 3_9 4_10 4_9 5_15 5_8 5_9 6_14 6_15 7_15 7_16 7_8 8_15 8_8 9_15 9_16,,0.600000,0.600000,,0.333333,0.212121,0.600000,0.081081,0.111111,0.000000,0.481481
2025-03-11,ET,0,,0.000000,,10_14 3_10 3_11 3_6 3_8 4_10 4_4 4_8 4_9 5_5 5_7 6_14 6_15 6_6 7_15 7_8 8_14 8_15 8_6 8_9,,0.333333,0.333333,0.333333,,0.379310,0.379310,0.111111,0.212121,0.000000,0.379310
2025-03-11,B5: B2+B3,0,,0.000000,,10_14 12_12 12_13 12_14 12_15 1_12 2_5 3_11 3_14 4_9 5_13 5_5 5_7 6_14 6_15 6_6 7_15 7_7 7_8 8_15,,0.250000,0.250000,0.212121,0.379310,,0.290323,0.481481,0.379310,0.000000,0.290323
2025-03-11,B4: B1+B3,0,,0.000000,,3_10 3_11 3_14 4_10 4_8 4_9 5_15 5_7 5_8 5_9 6_14 6_15 6_7 7_15 7_16 7_8 8_15 9_14 9_15 9_16,,0.904762,0.904762,0.600000,0.379310,0.290323,,0.111111,0.142857,0.025641,0.600000
2025-03-11,B2: Recent MA,0,,0.000000,,10_14 12_10 12_11 12_12 12_13 12_14 12_15 12_5 12_6 12_7 12_8 12_9 1_12 2_5 3_11 3_14 5_13 7_7 7_8 8_15,,0.111111,0.111111,0.081081,0.111111,0.481481,0.111111,,0.379310,0.000000,0.142857
2025-03-11,B3: DoY season,0,,0.000000,,12_10 12_11 12_12 12_13 12_14 12_15 12_3 12_4 12_5 12_6 12_7 12_8 12_9 4_9 5_5 5_7 6_14 6_15 6_6 7_15,,0.111111,0.111111,0.111111,0.212121,0.379310,0.142857,0.379310,,0.000000,0.111111
2025-03-11,B0: Random,0,,0.000000,,0_10 0_14 0_17 10_18 10_2 11_2 11_6 1_17 2_0 3_2 4_11 5_12 6_11 6_19 7_2 7_4 8_11 9_14 9_17 9_8,,0.025641,0.025641,0.000000,0.000000,0.000000,0.025641,0.000000,0.000000,,0.000000
2025-03-12,GLM-Logit,0,,0.000000,,3_10 3_11 3_13 3_14 3_7 4_10 4_8 4_9 5_14 5_8 6_14 6_15 6_7 7_15 7_16 7_7 7_8 8_15 8_6 9_16,,0.666667,0.666667,0.379310,0.379310,0.250000,0.600000,0.142857,0.081081,0.052632,
2025-03-12,HierBayes,0,,0.000000,,3_10 3_11 3_14 4_10 4_8 4_9 5_14 5_15 5_8 5_9 6_14 6_15 6_7 7_15 7_16 7_8 8_15 9_14 9_15 9_16,,,1.000000,0.538462,0.333333,0.212121,0.904762,0.111111,0.081081,0.025641,0.666667
2025-03-12,B1: Static prior,0,,0.000000,,3_10 3_11 3_14 4_10 4_8 4_9 5_14 5_15 5_8 5_9 6_14 6_15 6_7 7_15 7_16 7_8 8_15 9_14 9_15 9_16,,1.000000,,0.538462,0.333333,0.212121,0.904762,0.111111,0.081081,0.025641,0.666667
2025-03-12,TTM,0,,0.000000,,3_10 3_11 3_12 3_5 3_6 4_10 4_9 5_15 5_8 5_9 6_13 6_14 6_15 6_3 6_7 7_15 8_15 8_8 9_14 9_16,,0.538462,0.538462,,0.290323,0.142857,0.538462,0.052632,0.081081,0.052632,0.379310
2025-03-12,ET,0,,0.000000,,10_14 3_10 3_11 3_6 3_8 4_10 4_4 4_8 4_9 5_5 5_7 6_14 6_15 6_6 7_15 7_8 8_14 8_15 8_6 8_9,,0.333333,0.333333,0.290323,,0.333333,0.379310,0.111111,0.176471,0.052632,0.379310
2025-03-12,B5: B2+B3,0,,0.000000,,10_14 12_11 12_12 12_13 12_14 12_15 1_12 2_5 3_11 3_14 4_9 5_13 5_5 5_7 6_14 6_15 6_6 7_7 7_8 8_15,,0.212121,0.212121,0.142857,0.333333,,0.250000,0.538462,0.379310,0.081081,0.250000
2025-03-12,B4: B1+B3,0,,0.000000,,3_10 3_11 3_14 4_10 4_8 4_9 5_15 5_7 5_8 5_9 6_14 6_15 6_7 7_15 7_16 7_8 8_15 9_14 9_15 9_16,,0.904762,0.904762,0.538462,0.379310,0.250000,,0.111111,0.111111,0.025641,0.600000
2025-03-12,B2: Recent MA,0,,0.000000,,10_14 12_10 12_11 12_12 12_13 12_14 12_15 12_5 12_6 12_7 12_8 12_9 1_12 2_5 3_11 3_14 5_13 7_7 7_8 8_15,,0.111111,0.111111,0.052632,0.111111,0.538462,0.111111,,0.379310,0.081081,0.142857
2025-03-12,B3: DoY season,0,,0.000000,,12_10 12_11 12_12 12_13 12_14 12_15 12_2 12_3 12_4 12_5 12_6 12_7 12_8 12_9 4_9 5_5 5_7 6_14 6_15 6_6,,0.081081,0.081081,0.081081,0.176471,0.379310,0.111111,0.379310,,0.052632,0.081081
2025-03-12,B0: Random,0,,0.000000,,0_7 10_12 11_0 11_6 11_7 12_0 12_11 12_15 2_8 3_11 4_14 4_15 4_2 5_17 6_13 8_12 8_18 8_6 9_13 9_6,,0.025641,0.025641,0.052632,0.052632,0.081081,0.025641,0.081081,0.052632,,0.052632
2025-03-13,GLM-Logit,1,0.000000,0.000000,,3_10 3_11 3_13 3_14 3_7 4_10 4_8 4_9 5_14 5_8 6_14 6_15 6_7 7_15 7_16 7_7 7_8 8_15 8_6 9_16,3_8,0.666667,0.666667,0.428571,0.379310,0.250000,0.600000,0.142857,0.081081,0.081081,
2025-03-13,HierBayes,1,0.000000,0.000000,,3_10 3_11 3_14 4_10 4_8 4_9 5_14 5_15 5_8 5_9 6_14 6_15 6_7 7_15 7_16 7_8 8_15 9_14 9_15 9_16,3_8,,1.000000,0.428571,0.333333,0.212121,0.904762,0.111111,0.081081,0.081081,0.666667
2025-03-13,B1: Static prior,1,0.000000,0.000000,,3_10 3_11 3_14 4_10 4_8 4_9 5_14 5_15 5_8 5_9 6_14 6_15 6_7 7_15 7_16 7_8 8_15 9_14 9_15 9_16,3_8,1.000000,,0.428571,0.333333,0.212121,0.904762,0.111111,0.081081,0.081081,0.666667
2025-03-13,TTM,1,0.000000,0.000000,,3_10 3_11 3_12 3_5 3_7 3_9 4_10 4_9 5_8 5_9 6_15 6_3 6_7 7_15 8_15 8_5 8_6 8_8 9_15 9_16,3_8,0.428571,0.428571,,0.250000,0.111111,0.428571,0.052632,0.052632,0.081081,0.428571
2025-03-13,ET,1,1.000000,0.050000,3_8,10_14 3_10 3_11 3_6 4_10 4_4 4_8 4_9 5_5 5_7 6_14 6_15 6_6 7_15 7_8 8_14 8_15 8_6 8_9,,0.333333,0.333333,0.250000,,0.379310,0.379310,0.111111,0.212121,0.111111,0.379310
2025-03-13,B5: B2+B3,1,0.000000,0.000000,,10_14 12_12 12_13 12_14 12_15 1_12 2_5 3_11 3_14 4_4 4_9 5_13 5_5 5_7 6_14 6_15 6_6 7_7 7_8 8_15,3_8,0.212121,0.212121,0.111111,0.379310,,0.250000,0.481481,0.379310,0.081081,0.250000
2025-03-13,B4: B1+B3,1,0.000000,0.000000,,3_10 3_11 3_14 4_10 4_8 4_9 5_15 5_7 5_8 5_9 6_14 6_15 6_7 7_15 7_16 7_8 8_15 9_14 9_15 9_16,3_8,0.904762,0.904762,0.428571,0.379310,0.250000,,0.111111,0.111111,0.081081,0.600000
2025-03-13,B2: Recent MA,1,0.000000,0.000000,,10_14 12_10 12_11 12_12 12_13 12_14 12_15 12_5 12_6 12_7 12_8 12_9 1_12 2_5 3_11 3_14 5_13 7_7 7_8 8_15,3_8,0.111111,0.111111,0.052632,0.111111,0.481481,0.111111,,0.379310,0.081081,0.142857
2025-03-13,B3: DoY season,1,0.000000,0.000000,,12_10 12_11 12_12 12_13 12_14 12_15 12_3 12_4 12_5 12_6 12_7 12_8 12_9 4_4 4_9 5_5 5_7 6_14 6_15 6_6,3_8,0.081081,0.081081,0.052632,0.212121,0.379310,0.111111,0.379310,,0.000000,0.081081
2025-03-13,B0: Random,1,0.000000,0.000000,,0_16 10_10 10_14 11_0 11_4 12_2 1_13 1_18 2_12 2_17 2_9 3_10 3_11 3_2 5_18 6_3 7_0 7_8 7_9 8_19,3_8,0.081081,0.081081,0.081081,0.111111,0.081081,0.081081,0.081081,0.000000,,0.081081
2025-03-14,GLM-Logit,0,,0.000000,,3_10 3_11 3_13 3_14 3_7 4_10 4_8 4_9 5_14 5_8 6_14 6_15 6_7 7_15 7_16 7_7 7_8 8_15 8_6 9_16,,0.666667,0.666667,0.333333,0.379310,0.250000,0.600000,0.142857,0.081081,0.052632,
2025-03-14,HierBayes,0,,0.000000,,3_10 3_11 3_14 4_10 4_8 4_9 5_14 5_15 5_8 5_9 6_14 6_15 6_7 7_15 7_16 7_8 8_15 9_14 9_15 9_16,,,1.000000,0.428571,0.333333,0.212121,0.904762,0.111111,0.081081,0.025641,0.666667
2025-03-14,B1: Static prior,0,,0.000000,,3_10 3_11 3_14 4_10 4_8 4_9 5_14 5_15 5_8 5_9 6_14 6_15 6_7 7_15 7_16 7_8 8_15 9_14 9_15 9_16,,1.000000,,0.428571,0.333333,0.212121,0.904762,0.111111,0.081081,0.025641,0.666667
2025-03-14,TTM,0,,0.000000,,3_10 3_11 3_12 3_9 4_10 4_9 5_7 5_8 5_9 6_14 6_15 6_3 7_15 7_3 8_15 8_5 8_6 8_8 9_14 9_15,,0.428571,0.428571,,0.333333,0.176471,0.481481,0.052632,0.111111,0.025641,0.333333
2025-03-14,ET,0,,0.000000,,10_14 3_10 3_11 3_6 3_8 4_10 4_4 4_8 4_9 5_5 5_7 6_14 6_15 6_6 7_15 7_8 8_14 8_15 8_6 8_9,,0.333333,0.333333,0.333333,,0.379310,0.379310,0.111111,0.212121,0.052632,0.379310
2025-03-14,B5: B2+B3,0,,0.000000,,12_12 12_13 12_14 12_15 1_12 2_5 3_11 3_14 3_8 4_4 4_9 5_13 5_5 5_7 6_14 6_15 6_6 7_7 7_8 8_15,,0.212121,0.212121,0.176471,0.379310,,0.250000,0.481481,0.379310,0.052632,0.250000
2025-03-14,B4: B1+B3,0,,0.000000,,3_10 3_11 3_14 4_10 4_8 4_9 5_15 5_7 5_8 5_9 6_14 6_15 6_7 7_15 7_16 7_8 8_15 9_14 9_15 9_16,,0.904762,0.904762,0.481481,0.379310,0.250000,,0.111111,0.111111,0.025641,0.600000
2025-03-14,B2: Recent MA,0,,0.000000,,12_10 12_11 12_12 12_13 12_14 12_15 12_5 12_6 12_7 12_8 12_9 1_12 2_5 3_11 3_14 3_8 5_13 7_7 7_8 8_15,,0.111111,0.111111,0.052632,0.111111,0.481481,0.111111,,0.379310,0.081081,0.142857
2025-03-14,B3: DoY season,0,,0.000000,,12_10 12_11 12_12 12_13 12_14 12_15 12_3 12_4 12_5 12_6 12_7 12_8 12_9 4_4 4_9 5_5 5_7 6_14 6_15 6_6,,0.081081,0.081081,0.111111,0.212121,0.379310,0.111111,0.379310,,0.025641,0.081081
2025-03-14,B0: Random,0,,0.000000,,0_0 0_13 0_14 10_0 10_19 10_6 11_12 12_5 1_3 3_1 3_11 3_13 3_15 3_18 3_8 6_17 6_8 7_2 8_18 9_12,,0.025641,0.025641,0.025641,0.052632,0.052632,0.025641,0.081081,0.025641,,0.052632
2025-03-15,GLM-Logit,1,0.000000,0.000000,,3_10 3_11 3_13 3_14 3_7 4_10 4_8 4_9 5_14 5_8 6_14 6_15 6_7 7_15 7_16 7_7 7_8 8_15 8_6 9_16,7_4,0.666667,0.666667,0.481481,0.379310,0.250000,0.538462,0.142857,0.081081,0.000000,
2025-03-15,HierBayes,1,0.000000,0.000000,,3_10 3_11 3_14 4_10 4_8 4_9 5_14 5_15 5_8 5_9 6_14 6_15 6_7 7_15 7_16 7_8 8_15 9_14 9_15 9_16,7_4,,1.000000,0.538462,0.333333,0.212121,0.818182,0.111111,0.081081,0.000000,0.666667
2025-03-15,B1: Static prior,1,0.000000,0.000000,,3_10 3_11 3_14 4_10 4_8 4_9 5_14 5_15 5_8 5_9 6_14 6_15 6_7 7_15 7_16 7_8 8_15 9_14 9_15 9_16,7_4,1.000000,,0.538462,0.333333,0.212121,0.818182,0.111111,0.081081,0.000000,0.666667
2025-03-15,TTM,1,0.000000,0.000000,,3_10 3_11 3_12 3_6 3_9 4_10 4_9 5_15 5_8 5_9 6_14 6_15 7_15 7_16 7_7 7_8 8_15 8_6 8_8 9_14,7_4,0.538462,0.538462,,0.379310,0.212121,0.538462,0.111111,0.081081,0.000000,0.481481
2025-03-15,ET,1,0.000000,0.000000,,10_14 3_10 3_11 3_6 3_8 4_10 4_4 4_8 4_9 5_5 5_7 6_14 6_15 6_6 7_15 7_8 8_14 8_15 8_6 8_9,7_4,0.333333,0.333333,0.379310,,0.333333,0.428571,0.111111,0.176471,0.052632,0.379310
2025-03-15,B5: B2+B3,1,0.000000,0.000000,,12_11 12_12 12_13 12_14 12_15 1_12 2_5 3_11 3_14 3_8 4_4 4_9 5_13 5_7 6_14 6_15 6_6 7_7 7_8 8_15,7_4,0.212121,0.212121,0.212121,0.333333,,0.250000,0.538462,0.379310,0.025641,0.250000
2025-03-15,B4: B1+B3,1,0.000000,0.000000,,3_10 3_11 4_10 4_8 4_9 5_15 5_7 5_8 5_9 6_14 6_15 6_6 6_7 7_15 7_16 7_8 8_15 9_14 9_15 9_16,7_4,0.818182,0.818182,0.538462,0.428571,0.250000,,0.081081,0.142857,0.000000,0.538462
2025-03-15,B2: Recent MA,1,0.000000,0.000000,,12_10 12_11 12_12 12_13 12_14 12_15 12_5 12_6 12_7 12_8 12_9 1_12 2_5 3_11 3_14 3_8 5_13 7_7 7_8 8_15,7_4,0.111111,0.111111,0.111111,0.111111,0.538462,0.081081,,0.379310,0.025641,0.142857
2025-03-15,B3: DoY season,1,0.000000,0.000000,,12_10 12_11 12_12 12_13 12_14 12_15 12_2 12_3 12_4 12_5 12_6 12_7 12_8 12_9 4_4 4_9 5_7 6_14 6_15 6_6,7_4,0.081081,0.081081,0.081081,0.176471,0.379310,0.142857,0.379310,,0.025641,0.081081
2025-03-15,B0: Random,1,0.000000,0.000000,,10_10 10_14 10_6 11_12 11_15 11_16 11_18 11_9 12_14 1_1 1_2 1_6 2_14 4_11 4_12 4_13 4_3 7_2 8_1 8_14,7_4,0.000000,0.000000,0.000000,0.052632,0.025641,0.000000,0.025641,0.025641,,0.000000
2025-03-16,GLM-Logit,1,0.000000,0.000000,,3_10 3_11 3_13 3_14 3_7 4_10 4_8 4_9 5_14 5_8 6_14 6_15 6_7 7_15 7_16 7_7 7_8 8_15 8_6 9_16,7_4,0.666667,0.666667,0.428571,0.379310,0.212121,0.538462,0.142857,0.052632,0.052632,
2025-03-16,HierBayes,1,0.000000,0.000000,,3_10 3_11 3_14 4_10 4_8 4_9 5_14 5_15 5_8 5_9 6_14 6_15 6_7 7_15 7_16 7_8 8_15 9_14 9_15 9_16,7_4,,1.000000,0.428571,0.333333,0.176471,0.818182,0.111111,0.052632,0.052632,0.666667
2025-03-16,B1: Static prior,1,0.000000,0.000000,,3_10 3_11 3_14 4_10 4_8 4_9 5_14 5_15 5_8 5_9 6_14 6_15 6_7 7_15 7_16 7_8 8_15 9_14 9_15 9_16,7_4,1.000000,,0.428571,0.333333,0.176471,0.818182,0.111111,0.052632,0.052632,0.666667
2025-03-16,TTM,1,0.000000,0.000000,,10_16 3_10 3_11 3_12 3_9 4_10 4_9 5_8 5_9 6_15 6_3 7_15 7_16 7_6 7_7 7_8 8_15 8_6 8_8 9_14,7_4,0.428571,0.428571,,0.290323,0.142857,0.428571,0.111111,0.025641,0.025641,0.428571
2025-03-16,ET,1,0.000000,0.000000,,10_14 3_10 3_11 3_6 3_8 4_10 4_4 4_8 4_9 5_5 5_7 6_14 6_15 6_6 7_15 7_8 8_14 8_15 8_6 8_9,7_4,0.333333,0.333333,0.290323,,0.333333,0.428571,0.111111,0.176471,0.052632,0.379310
2025-03-16,B5: B2+B3,1,1.000000,0.050000,7_4,12_12 12_13 12_14 12_15 1_12 2_5 3_11 3_14 3_8 4_4 4_9 5_13 5_7 6_14 6_6 7_7 7_8 8_15 8_9,,0.176471,0.176471,0.142857,0.333333,,0.212121,0.538462,0.333333,0.081081,0.212121
2025-03-16,B4: B1+B3,1,0.000000,0.000000,,3_10 3_11 4_10 4_8 4_9 5_15 5_7 5_8 5_9 6_14 6_15 6_6 6_7 7_15 7_16 7_8 8_15 9_14 9_15 9_16,7_4,0.818182,0.818182,0.428571,0.428571,0.212121,,0.081081,0.111111,0.025641,0.538462
2025-03-16,B2: Recent MA,1,1.000000,0.050000,7_4,12_10 12_11 12_12 12_13 12_14 12_15 12_6 12_7 12_8 12_9 1_12 2_5 3_11 3_14 3_8 5_13 7_7 7_8 8_15,,0.111111,0.111111,0.111111,0.111111,0.538462,0.081081,,0.333333,0.025641,0.142857
2025-03-16,B3: DoY season,1,0.000000,0.000000,,12_10 12_11 12_12 12_13 12_14 12_15 12_2 12_3 12_4 12_5 12_6 12_7 12_8 12_9 4_4 4_9 5_7 6_14 6_6 8_9,7_4,0.052632,0.052632,0.025641,0.176471,0.333333,0.111111,0.333333,,0.111111,0.052632
2025-03-16,B0: Random,1,0.000000,0.000000,,0_18 10_17 10_8 10_9 11_5 11_7 12_14 12_2 1_6 3_4 4_17 4_4 4_9 5_14 6_1 6_11 6_17 8_1 9_3 9_9,7_4,0.052632,0.052632,0.025641,0.052632,0.081081,0.025641,0.025641,0.111111,,0.052632
2025-03-17,GLM-Logit,1,0.000000,0.000000,,3_10 3_11 3_13 3_14 3_7 4_10 4_8 4_9 5_14 5_8 6_14 6_15 6_7 7_15 7_16 7_7 7_8 8_15 8_6 9_16,3_6,0.666667,0.666667,0.481481,0.379310,0.212121,0.538462,0.142857,0.052632,0.081081,
2025-03-17,HierBayes,1,0.000000,0.000000,,3_10 3_11 3_14 4_10 4_8 4_9 5_14 5_15 5_8 5_9 6_14 6_15 6_7 7_15 7_16 7_8 8_15 9_14 9_15 9_16,3_6,,1.000000,0.538462,0.333333,0.176471,0.818182,0.111111,0.052632,0.052632,0.666667
2025-03-17,B1: Static prior,1,0.000000,0.000000,,3_10 3_11 3_14 4_10 4_8 4_9 5_14 5_15 5_8 5_9 6_14 6_15 6_7 7_15 7_16 7_8 8_15 9_14 9_15 9_16,3_6,1.000000,,0.538462,0.333333,0.176471,0.818182,0.111111,0.052632,0.052632,0.666667
2025-03-17,TTM,1,0.000000,0.000000,,3_10 3_11 3_12 3_9 4_10 4_9 5_8 5_9 6_14 6_15 6_3 6_7 7_15 7_6 7_8 8_15 8_6 8_8 9_14 9_16,3_6,0.538462,0.538462,,0.333333,0.142857,0.538462,0.081081,0.052632,0.081081,0.481481
2025-03-17,ET,1,1.000000,0.050000,3_6,10_14 3_10 3_11 3_8 4_10 4_4 4_8 4_9 5_5 5_7 6_14 6_15 6_6 7_15 7_8 8_14 8_15 8_6 8_9,,0.333333,0.333333,0.333333,,0.379310,0.428571,0.111111,0.212121,0.142857,0.379310
2025-03-17,B5: B2+B3,1,0.000000,0.000000,,12_13 12_14 12_15 1_12 2_5 3_11 3_14 3_8 4_4 4_9 5_13 5_7 6_14 6_6 7_4 7_7 7_8 8_14 8_15 8_9,3_6,0.176471,0.176471,0.142857,0.379310,,0.212121,0.481481,0.333333,0.052632,0.212121
2025-03-17,B4: B1+B3,1,0.000000,0.000000,,3_10 3_11 4_10 4_8 4_9 5_15 5_7 5_8 5_9 6_14 6_15 6_6 6_7 7_15 7_16 7_8 8_15 9_14 9_15 9_16,3_6,0.818182,0.818182,0.538462,0.428571,0.212121,,0.081081,0.111111,0.081081,0.538462
2025-03-17,B2: Recent MA,1,0.000000,0.000000,,12_10 12_11 12_12 12_13 12_14 12_15 12_6 12_7 12_8 12_9 1_12 2_5 3_11 3_14 3_8 5_13 7_4 7_7 7_8 8_15,3_6,0.111111,0.111111,0.081081,0.111111,0.481481,0.081081,,0.333333,0.025641,0.142857
2025-03-17,B3: DoY season,1,0.000000,0.000000,,12_10 12_11 12_12 12_13 12_14 12_15 12_3 12_4 12_5 12_6 12_7 12_8 12_9 4_4 4_9 5_7 6_14 6_6 8_14 8_9,3_6,0.052632,0.052632,0.052632,0.212121,0.333333,0.111111,0.333333,,0.025641,0.052632
2025-03-17,B0: Random,1,1.000000,0.050000,3_6,0_18 0_3 0_4 10_18 11_13 11_17 1_1 1_14 3_10 3_8 4_11 5_1 5_2 5_6 5_7 6_11 6_7 8_6 9_11,,0.052632,0.052632,0.081081,0.142857,0.052632,0.081081,0.025641,0.025641,,0.081081
2025-03-18,GLM-Logit,1,0.000000,0.000000,,3_10 3_11 3_13 3_14 3_6 3_7 4_10 4_8 4_9 5_14 5_8 6_14 6_15 6_7 7_15 7_16 7_7 7_8 8_15 8_6,8_3,0.600000,0.600000,0.428571,0.428571,0.290323,0.481481,0.176471,0.081081,0.081081,
2025-03-18,HierBayes,1,0.000000,0.000000,,3_10 3_11 3_14 4_10 4_8 4_9 5_14 5_15 5_8 5_9 6_14 6_15 6_7 7_15 7_16 7_8 8_15 9_14 9_15 9_16,8_3,,1.000000,0.600000,0.333333,0.212121,0.818182,0.111111,0.081081,0.081081,0.600000
2025-03-18,B1: Static prior,1,0.000000,0.000000,,3_10 3_11 3_14 4_10 4_8 4_9 5_14 5_15 5_8 5_9 6_14 6_15 6_7 7_15 7_16 7_8 8_15 9_14 9_15 9_16,8_3,1.000000,,0.600000,0.333333,0.212121,0.818182,0.111111,0.081081,0.081081,0.600000
2025-03-18,TTM,1,0.000000,0.000000,,3_10 3_11 3_12 4_10 4_9 5_15 5_8 5_9 6_13 6_14 6_15 6_3 6_7 7_15 7_8 8_15 8_6 8_8 9_15 9_16,8_3,0.600000,0.600000,,0.333333,0.176471,0.600000,0.081081,0.081081,0.081081,0.428571
2025-03-18,ET,1,0.000000,0.000000,,10_14 3_10 3_11 3_6 3_8 4_10 4_4 4_8 4_9 5_5 5_7 6_14 6_15 6_6 7_15 7_8 8_14 8_15 8_6 8_9,8_3,0.333333,0.333333,0.333333,,0.481481,0.428571,0.142857,0.250000,0.142857,0.428571
2025-03-18,B5: B2+B3,1,0.000000,0.000000,,12_15 1_12 2_5 3_10 3_11 3_14 3_6 3_8 4_4 4_9 5_13 5_7 6_14 6_6 7_4 7_7 7_8 8_14 8_15 8_9,8_3,0.212121,0.212121,0.176471,0.481481,,0.250000,0.428571,0.290323,0.142857,0.290323
2025-03-18,B4: B1+B3,1,0.000000,0.000000,,3_10 3_11 4_10 4_8 4_9 5_15 5_7 5_8 5_9 6_14 6_15 6_6 6_7 7_15 7_16 7_8 8_15 9_14 9_15 9_16,8_3,0.818182,0.818182,0.600000,0.428571,0.250000,,0.081081,0.142857,0.081081,0.481481
2025-03-18,B2: Recent MA,1,0.000000,0.000000,,12_10 12_11 12_12 12_13 12_14 12_15 12_7 12_8 12_9 1_12 2_5 3_11 3_14 3_6 3_8 5_13 7_4 7_7 7_8 8_15,8_3,0.111111,0.111111,0.081081,0.142857,0.428571,0.081081,,0.290323,0.081081,0.176471
2025-03-18,B3: DoY season,1,0.000000,0.000000,,12_10 12_11 12_12 12_13 12_14 12_15 12_4 12_5 12_6 12_7 12_8 12_9 3_10 4_4 4_9 5_7 6_14 6_6 8_14 8_9,8_3,0.081081,0.081081,0.081081,0.250000,0.290323,0.142857,0.290323,,0.052632,0.081081
2025-03-18,B0: Random,1,0.000000,0.000000,,10_2 10_3 12_1 2_11 2_19 3_6 4_1 4_2 4_4 5_16 5_3 7_2 7_5 7_8 8_10 8_15 8_9 9_0 9_13 9_15,8_3,0.081081,0.081081,0.081081,0.142857,0.142857,0.081081,0.081081,0.052632,,0.081081
2025-03-19,GLM-Logit,1,0.000000,0.000000,,3_10 3_11 3_13 3_14 3_6 3_7 4_10 4_8 4_9 5_14 5_8 6_14 6_15 6_7 7_15 7_16 7_7 7_8 8_15 8_6,4_12,0.600000,0.600000,0.428571,0.428571,0.290323,0.481481,0.176471,0.081081,0.025641,
2025-03-19,HierBayes,1,0.000000,0.000000,,3_10 3_11 3_14 4_10 4_8 4_9 5_14 5_15 5_8 5_9 6_14 6_15 6_7 7_15 7_16 7_8 8_15 9_14 9_15 9_16,4_12,,1.000000,0.538462,0.333333,0.212121,0.818182,0.111111,0.081081,0.025641,0.600000
2025-03-19,B1: Static prior,1,0.000000,0.000000,,3_10 3_11 3_14 4_10 4_8 4_9 5_14 5_15 5_8 5_9 6_14 6_15 6_7 7_15 7_16 7_8 8_15 9_14 9_15 9_16,4_12,1.000000,,0.538462,0.333333,0.212121,0.818182,0.111111,0.081081,0.025641,0.600000
2025-03-19,TTM,1,0.000000,0.000000,,3_10 3_11 3_12 3_9 4_10 4_8 4_9 5_15 5_7 5_8 5_9 6_13 6_15 6_7 7_15 7_7 7_8 8_15 8_8 9_14,4_12,0.538462,0.538462,,0.333333,0.212121,0.600000,0.111111,0.081081,0.000000,0.428571
2025-03-19,ET,1,0.000000,0.000000,,10_14 3_10 3_11 3_6 3_8 4_10 4_4 4_8 4_9 5_5 5_7 6_14 6_15 6_6 7_15 7_8 8_14 8_15 8_6 8_9,4_12,0.333333,0.333333,0.333333,,0.481481,0.428571,0.142857,0.250000,0.052632,0.428571
2025-03-19,B5: B2+B3,1,0.000000,0.000000,,1_12 2_5 3_10 3_11 3_14 3_6 3_8 4_4 4_9 5_13 5_7 6_14 6_6 7_4 7_7 7_8 8_14 8_15 8_3 8_9,4_12,0.212121,0.212121,0.212121,0.481481,,0.250000,0.428571,0.250000,0.025641,0.290323
2025-03-19,B4: B1+B3,1,0.000000,0.000000,,3_10 3_11 4_10 4_8 4_9 5_15 5_7 5_8 5_9 6_14 6_15 6_6 6_7 7_15 7_16 7_8 8_15 9_14 9_15 9_16,4_12,0.818182,0.818182,0.600000,0.428571,0.250000,,0.081081,0.142857,0.025641,0.481481
2025-03-19,B2: Recent MA,1,0.000000,0.000000,,12_10 12_11 12_12 12_13 12_14 12_15 12_8 12_9 1_12 2_5 3_11 3_14 3_6 3_8 5_13 7_4 7_7 7_8 8_15 8_3,4_12,0.111111,0.111111,0.111111,0.142857,0.428571,0.081081,,0.250000,0.025641,0.176471
2025-03-19,B3: DoY season,1,0.000000,0.000000,,12_10 12_11 12_12 12_13 12_14 12_15 12_4 12_5 12_6 12_7 12_8 12_9 3_10 4_4 4_9 5_7 6_14 6_6 8_14 8_9,4_12,0.081081,0.081081,0.081081,0.250000,0.250000,0.142857,0.250000,,0.025641,0.081081
2025-03-19,B0: Random,1,0.000000,0.000000,,10_17 11_11 11_19 12_5 1_17 1_19 1_2 2_11 2_15 3_4 3_6 4_1 4_3 5_2 5_5 6_9 7_11 9_16 9_19 9_6,4_12,0.025641,0.025641,0.000000,0.052632,0.025641,0.025641,0.025641,0.025641,,0.025641
2025-03-20,GLM-Logit,0,,0.000000,,3_10 3_11 3_13 3_14 3_6 3_7 4_10 4_8 4_9 5_14 5_8 6_14 6_15 6_7 7_15 7_16 7_7 7_8 8_15 8_6,,0.600000,0.600000,0.333333,0.428571,0.250000,0.481481,0.142857,0.081081,0.081081,
2025-03-20,HierBayes,0,,0.000000,,3_10 3_11 3_14 4_10 4_8 4_9 5_14 5_15 5_8 5_9 6_14 6_15 6_7 7_15 7_16 7_8 8_15 9_14 9_15 9_16,,,1.000000,0.428571,0.333333,0.176471,0.818182,0.081081,0.081081,0.111111,0.600000
2025-03-20,B1: Static prior,0,,0.000000,,3_10 3_11 3_14 4_10 4_8 4_9 5_14 5_15 5_8 5_9 6_14 6_15 6_7 7_15 7_16 7_8 8_15 9_14 9_15 9_16,,1.000000,,0.428571,0.333333,0.176471,0.818182,0.081081,0.081081,0.111111,0.600000
2025-03-20,TTM,0,,0.000000,,3_10 3_11 3_12 3_6 3_9 4_9 5_15 5_8 5_9 6_15 6_7 7_15 7_3 7_5 7_8 8_15 8_16 8_7 8_8 9_16,,0.428571,0.428571,,0.250000,0.142857,0.428571,0.081081,0.052632,0.052632,0.333333
2025-03-20,ET,0,,0.000000,,10_14 3_10 3_11 3_6 3_8 4_10 4_4 4_8 4_9 5_5 5_7 6_14 6_15 6_6 7_15 7_8 8_14 8_15 8_6 8_9,,0.333333,0.333333,0.250000,,0.428571,0.428571,0.111111,0.250000,0.025641,0.428571
2025-03-20,B5: B2+B3,0,,0.000000,,1_12 2_5 3_10 3_14 3_6 3_8 4_12 4_4 4_9 5_13 5_7 6_14 6_6 7_4 7_7 7_8 8_14 8_15 8_3 8_9,,0.176471,0.176471,0.142857,0.428571,,0.212121,0.428571,0.250000,0.000000,0.250000
2025-03-20,B4: B1+B3,0,,0.000000,,3_10 3_11 4_10 4_8 4_9 5_15 5_7 5_8 5_9 6_14 6_15 6_6 6_7 7_15 7_16 7_8 8_15 9_14 9_15 9_16,,0.818182,0.818182,0.428571,0.428571,0.212121,,0.052632,0.142857,0.081081,0.481481
2025-03-20,B2: Recent MA,0,,0.000000,,12_10 12_11 12_12 12_13 12_14 12_15 12_8 12_9 1_12 2_5 3_14 3_6 3_8 4_12 5_13 7_4 7_7 7_8 8_15 8_3,,0.081081,0.081081,0.081081,0.111111,0.428571,0.052632,,0.250000,0.025641,0.142857
2025-03-20,B3: DoY season,0,,0.000000,,12_10 12_11 12_12 12_13 12_14 12_15 12_4 12_5 12_6 12_7 12_8 12_9 3_10 4_4 4_9 5_7 6_14 6_6 8_14 8_9,,0.081081,0.081081,0.052632,0.250000,0.250000,0.142857,0.250000,,0.025641,0.081081
2025-03-20,B0: Random,0,,0.000000,,0_18 10_5 10_6 11_0 11_17 11_18 11_3 12_9 1_0 1_3 3_17 3_7 4_8 5_14 5_15 5_17 5_6 9_11 9_16 9_8,,0.111111,0.111111,0.052632,0.025641,0.000000,0.081081,0.025641,0.025641,,0.081081
2025-03-21,GLM-Logit,0,,0.000000,,3_10 3_11 3_13 3_14 3_6 3_7 4_10 4_8 4_9 5_14 5_8 6_14 6_15 6_7 7_15 7_16 7_7 7_8 8_15 8_6,,0.600000,0.600000,0.290323,0.428571,0.250000,0.481481,0.142857,0.111111,0.052632,
2025-03-21,HierBayes,0,,0.000000,,3_10 3_11 3_14 4_10 4_8 4_9 5_14 5_15 5_8 5_9 6_14 6_15 6_7 7_15 7_16 7_8 8_15 9_14 9_15 9_16,,,1.000000,0.428571,0.333333,0.176471,0.818182,0.081081,0.111111,0.052632,0.600000
2025-03-21,B1: Static prior,0,,0.000000,,3_10 3_11 3_14 4_10 4_8 4_9 5_14 5_15 5_8 5_9 6_14 6_15 6_7 7_15 7_16 7_8 8_15 9_14 9_15 9_16,,1.000000,,0.428571,0.333333,0.176471,0.818182,0.081081,0.111111,0.052632,0.600000
2025-03-21,TTM,0,,0.000000,,3_10 3_11 3_12 3_9 4_9 5_8 5_9 6_13 6_15 6_4 6_7 7_15 7_3 7_5 7_8 8_15 8_7 8_8 9_14 9_15,,0.428571,0.428571,,0.212121,0.111111,0.428571,0.052632,0.081081,0.052632,0.290323
2025-03-21,ET,0,,0.000000,,10_14 3_10 3_11 3_6 3_8 4_10 4_4 4_8 4_9 5_5 5_7 6_14 6_15 6_6 7_15 7_8 8_14 8_15 8_6 8_9,,0.333333,0.333333,0.212121,,0.481481,0.428571,0.111111,0.333333,0.052632,0.428571
2025-03-21,B5: B2+B3,0,,0.000000,,1_12 3_10 3_14 3_6 3_8 4_12 4_4 4_9 5_13 5_5 5_7 6_14 6_6 7_4 7_7 7_8 8_14 8_15 8_3 8_9,,0.176471,0.176471,0.111111,0.481481,,0.212121,0.379310,0.333333,0.052632,0.250000
2025-03-21,B4: B1+B3,0,,0.000000,,3_10 3_11 4_10 4_8 4_9 5_15 5_7 5_8 5_9 6_14 6_15 6_6 6_7 7_15 7_16 7_8 8_15 9_14 9_15 9_16,,0.818182,0.818182,0.428571,0.428571,0.212121,,0.052632,0.176471,0.081081,0.481481
2025-03-21,B2: Recent MA,0,,0.000000,,12_10 12_11 12_12 12_13 12_14 12_15 12_8 12_9 1_12 2_5 3_14 3_6 3_8 4_12 5_13 7_4 7_7 7_8 8_15 8_3,,0.081081,0.081081,0.052632,0.111111,0.379310,0.052632,,0.290323,0.025641,0.142857
2025-03-21,B3: DoY season,0,,0.000000,,12_10 12_11 12_12 12_13 12_14 12_15 12_6 12_7 12_8 12_9 3_10 4_4 4_9 5_5 5_7 6_14 6_6 7_8 8_14 8_9,,0.111111,0.111111,0.081081,0.333333,0.333333,0.176471,0.290323,,0.081081,0.111111
2025-03-21,B0: Random,0,,0.000000,,0_9 10_1 10_11 10_5 11_5 12_2 12_8 1_0 1_3 2_13 4_7 4_9 5_1 6_12 6_6 6_7 7_6 8_1 8_18 9_8,,0.052632,0.052632,0.052632,0.052632,0.052632,0.081081,0.025641,0.081081,,0.052632
2025-03-22,GLM-Logit,0,,0.000000,,3_10 3_11 3_13 3_14 3_6 3_7 4_10 4_8 4_9 5_14 5_8 6_14 6_15 6_7 7_15 7_16 7_7 7_8 8_15 8_6,,0.600000,0.600000,0.333333,0.428571,0.250000,0.481481,0.142857,0.111111,0.000000,
2025-03-22,HierBayes,0,,0.000000,,3_10 3_11 3_14 4_10 4_8 4_9 5_14 5_15 5_8 5_9 6_14 6_15 6_7 7_15 7_16 7_8 8_15 9_14 9_15 9_16,,,1.000000,0.428571,0.333333,0.176471,0.818182,0.081081,0.111111,0.000000,0.600000
2025-03-22,B1: Static prior,0,,0.000000,,3_10 3_11 3_14 4_10 4_8 4_9 5_14 5_15 5_8 5_9 6_14 6_15 6_7 7_15 7_16 7_8 8_15 9_14 9_15 9_16,,1.000000,,0.428571,0.333333,0.176471,0.818182,0.081081,0.111111,0.000000,0.600000
2025-03-22,TTM,0,,0.000000,,3_10 3_11 3_12 3_9 4_10 4_9 5_8 5_9 6_13 6_14 6_15 6_4 6_7 7_15 7_3 7_5 7_8 8_7 8_8 9_15,,0.428571,0.428571,,0.250000,0.111111,0.428571,0.025641,0.111111,0.052632,0.333333
2025-03-22,ET,0,,0.000000,,10_14 3_10 3_11 3_6 3_8 4_10 4_4 4_8 4_9 5_5 5_7 6_14 6_15 6_6 7_15 7_8 8_14 8_15 8_6 8_9,,0.333333,0.333333,0.250000,,0.481481,0.428571,0.111111,0.333333,0.025641,0.428571
2025-03-22,B5: B2+B3,0,,0.000000,,1_12 3_10 3_14 3_6 3_8 4_12 4_4 4_9 5_13 5_5 5_7 6_14 6_6 7_4 7_7 7_8 8_14 8_15 8_3 8_9,,0.176471,0.176471,0.111111,0.481481,,0.212121,0.379310,0.333333,0.025641,0.250000
2025-03-22,B4: B1+B3,0,,0.000000,,3_10 3_11 4_10 4_8 4_9 5_15 5_7 5_8 5_9 6_14 6_15 6_6 6_7 7_15 7_16 7_8 8_15 9_14 9_15 9_16,,0.818182,0.818182,0.428571,0.428571,0.212121,,0.052632,0.176471,0.000000,0.481481
2025-03-22,B2: Recent MA,0,,0.000000,,12_10 12_11 12_12 12_13 12_14 12_15 12_8 12_9 1_12 2_5 3_14 3_6 3_8 4_12 5_13 7_4 7_7 7_8 8_15 8_3,,0.081081,0.081081,0.025641,0.111111,0.379310,0.052632,,0.290323,0.000000,0.142857
2025-03-22,B3: DoY season,0,,0.000000,,12_10 12_11 12_12 12_13 12_14 12_15 12_6 12_7 12_8 12_9 3_10 4_4 4_9 5_5 5_7 6_14 6_6 7_8 8_14 8_9,,0.111111,0.111111,0.111111,0.333333,0.333333,0.176471,0.290323,,0.025641,0.111111
2025-03-22,B0: Random,0,,0.000000,,0_1 0_15 0_2 0_5 0_7 10_7 11_1 11_10 1_19 1_9 3_17 3_9 6_13 6_17 7_10 7_12 7_2 8_10 8_14 9_0,,0.000000,0.000000,0.052632,0.025641,0.025641,0.000000,0.000000,0.025641,,0.000000
2025-03-23,GLM-Logit,2,1.000000,0.100000,3_10 3_14,3_11 3_13 3_6 3_7 4_10 4_8 4_9 5_14 5_8 6_14 6_15 6_7 7_15 7_16 7_7 7_8 8_15 8_6,,0.600000,0.600000,0.379310,0.428571,0.212121,0.538462,0.142857,0.142857,0.000000,
2025-03-23,HierBayes,2,1.000000,0.100000,3_10 3_14,3_11 4_10 4_8 4_9 5_14 5_15 5_8 5_9 6_14 6_15 6_7 7_15 7_16 7_8 8_15 9_14 9_15 9_16,,,1.000000,0.428571,0.333333,0.111111,0.818182,0.081081,0.111111,0.000000,0.600000
2025-03-23,B1: Static prior,2,1.000000,0.100000,3_10 3_14,3_11 4_10 4_8 4_9 5_14 5_15 5_8 5_9 6_14 6_15 6_7 7_15 7_16 7_8 8_15 9_14 9_15 9_16,,1.000000,,0.428571,0.333333,0.111111,0.818182,0.081081,0.111111,0.000000,0.600000
2025-03-23,TTM,2,0.500000,0.050000,3_10,3_11 3_12 3_7 3_9 4_10 4_9 5_15 5_8 5_9 6_15 6_7 7_15 7_5 7_7 7_8 7_9 8_7 8_8 9_15,3_14,0.428571,0.428571,,0.212121,0.081081,0.428571,0.052632,0.081081,0.000000,0.379310
2025-03-23,ET,2,0.500000,0.050000,3_10,10_14 3_11 3_6 3_8 4_10 4_4 4_8 4_9 5_5 5_7 6_14 6_15 6_6 7_15 7_8 8_14 8_15 8_6 8_9,3_14,0.333333,0.333333,0.212121,,0.481481,0.428571,0.111111,0.428571,0.000000,0.428571
2025-03-23,B5: B2+B3,2,0.000000,0.000000,,1_12 2_5 3_6 3_8 4_12 4_4 4_9 5_13 5_5 5_7 6_14 6_6 7_4 7_7 7_8 8_14 8_15 8_3 8_6 8_9,3_10 3_14,0.111111,0.111111,0.081081,0.481481,,0.176471,0.379310,0.379310,0.052632,0.212121
2025-03-23,B4: B1+B3,2,0.500000,0.050000,3_10,3_11 4_10 4_8 4_9 5_15 5_8 5_9 6_14 6_15 6_6 6_7 7_15 7_16 7_8 8_15 8_6 9_14 9_15 9_16,3_14,0.818182,0.818182,0.428571,0.428571,0.176471,,0.052632,0.176471,0.000000,0.538462
2025-03-23,B2: Recent MA,2,0.500000,0.050000,3_14,12_10 12_11 12_12 12_13 12_14 12_15 12_8 12_9 1_12 2_5 3_6 3_8 4_12 5_13 7_4 7_7 7_8 8_15 8_3,3_10,0.081081,0.081081,0.052632,0.111111,0.379310,0.052632,,0.333333,0.081081,0.142857
2025-03-23,B3: DoY season,2,0.500000,0.050000,3_10,12_10 12_11 12_12 12_13 12_14 12_15 12_8 12_9 3_8 4_4 4_9 5_5 5_7 6_14 6_6 7_8 8_14 8_6 8_9,3_14,0.111111,0.111111,0.081081,0.428571,0.379310,0.176471,0.333333,,0.025641,0.142857
2025-03-23,B0: Random,2,0.000000,0.000000,,10_11 10_8 11_2 12_19 12_3 12_8 1_11 1_16 1_8 2_6 3_19 3_4 4_1 4_11 4_18 7_4 8_19 8_3 9_17 9_6,3_10 3_14,0.000000,0.000000,0.000000,0.000000,0.052632,0.000000,0.081081,0.025641,,0.000000
2025-03-24,GLM-Logit,0,,0.000000,,3_10 3_11 3_13 3_14 3_6 3_7 4_10 4_8 4_9 5_14 5_8 6_14 6_15 6_7 7_15 7_16 7_7 7_8 8_15 8_6,,0.600000,0.600000,0.428571,0.428571,0.290323,0.538462,0.176471,0.212121,0.081081,
2025-03-24,HierBayes,0,,0.000000,,3_10 3_11 3_14 4_10 4_8 4_9 5_14 5_15 5_8 5_9 6_14 6_15 6_7 7_15 7_16 7_8 8_15 9_14 9_15 9_16,,,1.000000,0.428571,0.333333,0.212121,0.818182,0.111111,0.176471,0.081081,0.600000
2025-03-24,B1: Static prior,0,,0.000000,,3_10 3_11 3_14 4_10 4_8 4_9 5_14 5_15 5_8 5_9 6_14 6_15 6_7 7_15 7_16 7_8 8_15 9_14 9_15 9_16,,1.000000,,0.428571,0.333333,0.212121,0.818182,0.111111,0.176471,0.081081,0.600000
2025-03-24,TTM,0,,0.000000,,3_10 3_11 3_12 3_6 3_7 4_10 4_9 5_8 5_9 6_13 6_15 6_7 7_15 7_5 7_6 7_8 7_9 8_15 8_8 9_16,,0.428571,0.428571,,0.290323,0.142857,0.428571,0.111111,0.142857,0.052632,0.428571
2025-03-24,ET,0,,0.000000,,10_14 3_10 3_11 3_6 3_8 4_10 4_4 4_8 4_9 5_5 5_7 6_14 6_15 6_6 7_15 7_8 8_14 8_15 8_6 8_9,,0.333333,0.333333,0.290323,,0.538462,0.428571,0.142857,0.538462,0.052632,0.428571
2025-03-24,B5: B2+B3,0,,0.000000,,3_10 3_14 3_8 4_12 4_4 4_9 5_13 5_5 5_7 6_14 6_15 6_6 7_4 7_7 7_8 8_14 8_15 8_3 8_6 8_9,,0.212121,0.212121,0.142857,0.538462,,0.250000,0.333333,0.538462,0.025641,0.290323
2025-03-24,B4: B1+B3,0,,0.000000,,3_10 3_11 4_10 4_8 4_9 5_15 5_8 5_9 6_14 6_15 6_6 6_7 7_15 7_16 7_8 8_15 8_6 9_14 9_15 9_16,,0.818182,0.818182,0.428571,0.428571,0.250000,,0.081081,0.250000,0.081081,0.538462
2025-03-24,B2: Recent MA,0,,0.000000,,12_10 12_11 12_12 12_13 12_14 12_15 12_9 1_12 2_5 3_10 3_14 3_6 3_8 4_12 5_13 7_4 7_7 7_8 8_15 8_3,,0.111111,0.111111,0.111111,0.142857,0.333333,0.081081,,0.333333,0.000000,0.176471
2025-03-24,B3: DoY season,0,,0.000000,,12_10 12_11 12_12 12_13 12_14 12_15 3_10 3_8 4_4 4_9 5_5 5_7 6_14 6_15 6_6 7_8 8_14 8_15 8_6 8_9,,0.176471,0.176471,0.142857,0.538462,0.538462,0.250000,0.333333,,0.025641,0.212121
2025-03-24,B0: Random,0,,0.000000,,0_12 0_13 10_1 10_10 10_3 11_12 11_6 1_7 2_16 2_9 4_10 4_19 4_7 5_0 5_8 6_14 6_17 7_18 7_3 9_10,,0.081081,0.081081,0.052632,0.052632,0.025641,0.081081,0.000000,0.025641,,0.081081
2025-03-25,GLM-Logit,1,0.000000,0.000000,,3_10 3_11 3_13 3_14 3_6 3_7 4_10 4_8 4_9 5_14 5_8 6_14 6_15 6_7 7_15 7_16 7_7 7_8 8_15 8_6,4_6,0.600000,0.600000,0.379310,0.428571,0.333333,0.538462,0.176471,0.250000,0.052632,
2025-03-25,HierBayes,1,0.000000,0.000000,,3_10 3_11 3_14 4_10 4_8 4_9 5_14 5_15 5_8 5_9 6_14 6_15 6_7 7_15 7_16 7_8 8_15 9_14 9_15 9_16,4_6,,1.000000,0.481481,0.333333,0.250000,0.818182,0.111111,0.212121,0.025641,0.600000
2025-03-25,B1: Static prior,1,0.000000,0.000000,,3_10 3_11 3_14 4_10 4_8 4_9 5_14 5_15 5_8 5_9 6_14 6_15 6_7 7_15 7_16 7_8 8_15 9_14 9_15 9_16,4_6,1.000000,,0.481481,0.333333,0.250000,0.818182,0.111111,0.212121,0.025641,0.600000
2025-03-25,TTM,1,0.000000,0.000000,,3_10 3_11 3_12 3_7 4_8 4_9 5_8 5_9 6_13 6_15 6_3 6_7 6_8 7_15 7_5 7_8 8_15 8_8 9_15 9_16,4_6,0.481481,0.481481,,0.250000,0.176471,0.481481,0.081081,0.176471,0.025641,0.379310
2025-03-25,ET,1,0.000000,0.000000,,10_14 3_10 3_11 3_6 3_8 4_10 4_4 4_8 4_9 5_5 5_7 6_14 6_15 6_6 7_15 7_8 8_14 8_15 8_6 8_9,4_6,0.333333,0.333333,0.250000,,0.379310,0.428571,0.142857,0.481481,0.025641,0.428571
2025-03-25,B5: B2+B3,1,0.000000,0.000000,,1_12 2_5 3_10 3_14 3_6 3_8 4_12 4_4 4_9 5_13 5_5 6_14 6_15 6_6 6_7 7_4 7_7 7_8 8_15 8_3,4_6,0.250000,0.250000,0.176471,0.379310,,0.250000,0.481481,0.379310,0.052632,0.333333
2025-03-25,B4: B1+B3,1,0.000000,0.000000,,3_10 3_11 4_10 4_8 4_9 5_15 5_8 5_9 6_14 6_15 6_6 6_7 7_15 7_16 7_8 8_15 8_6 9_14 9_15 9_16,4_6,0.818182,0.818182,0.481481,0.428571,0.250000,,0.081081,0.290323,0.025641,0.538462
2025-03-25,B2: Recent MA,1,0.000000,0.000000,,12_10 12_11 12_12 12_13 12_14 12_15 12_9 1_12 2_5 3_10 3_14 3_6 3_8 4_12 5_13 7_4 7_7 7_8 8_15 8_3,4_6,0.111111,0.111111,0.081081,0.142857,0.481481,0.081081,,0.333333,0.052632,0.176471
2025-03-25,B3: DoY season,1,0.000000,0.000000,,12_10 12_11 12_12 12_13 12_14 12_15 3_10 3_8 4_4 4_9 5_5 6_14 6_15 6_6 6_7 7_8 8_14 8_15 8_6 8_9,4_6,0.212121,0.212121,0.176471,0.481481,0.379310,0.290323,0.333333,,0.052632,0.250000
2025-03-25,B0: Random,1,0.000000,0.000000,,0_2 10_13 10_9 11_19 12_11 12_19 1_7 2_3 2_4 4_1 5_5 5_8 7_19 7_3 7_7 8_10 8_5 9_1 9_10 9_8,4_6,0.025641,0.025641,0.025641,0.025641,0.052632,0.025641,0.052632,0.052632,,0.052632
2025-03-26,GLM-Logit,0,,0.000000,,3_10 3_11 3_13 3_14 3_6 3_7 4_10 4_8 4_9 5_14 5_8 6_14 6_15 6_7 7_15 7_16 7_7 7_8 8_15 8_6,,0.600000,0.600000,0.481481,0.428571,0.290323,0.600000,0.176471,0.250000,0.000000,
2025-03-26,HierBayes,0,,0.000000,,3_10 3_11 3_14 4_10 4_8 4_9 5_14 5_15 5_8 5_9 6_14 6_15 6_7 7_15 7_16 7_8 8_15 9_14 9_15 9_16,,,1.000000,0.538462,0.333333,0.212121,0.904762,0.111111,0.212121,0.000000,0.600000
2025-03-26,B1: Static prior,0,,0.000000,,3_10 3_11 3_14 4_10 4_8 4_9 5_14 5_15 5_8 5_9 6_14 6_15 6_7 7_15 7_16 7_8 8_15 9_14 9_15 9_16,,1.000000,,0.538462,0.333333,0.212121,0.904762,0.111111,0.212121,0.000000,0.600000
2025-03-26,TTM,0,,0.000000,,3_10 3_11 3_12 3_13 4_9 5_15 5_8 5_9 6_14 6_15 6_3 6_7 7_15 7_16 7_5 7_7 7_8 8_15 8_8 9_15,,0.538462,0.538462,,0.250000,0.212121,0.538462,0.111111,0.212121,0.000000,0.481481
2025-03-26,ET,0,,0.000000,,10_14 3_10 3_11 3_6 3_8 4_10 4_4 4_8 4_9 5_5 5_7 6_14 6_15 6_6 7_15 7_8 8_14 8_15 8_6 8_9,,0.333333,0.333333,0.250000,,0.333333,0.379310,0.142857,0.481481,0.000000,0.428571
2025-03-26,B5: B2+B3,0,,0.000000,,1_12 2_5 3_10 3_14 3_6 3_8 4_12 4_4 4_6 4_9 5_13 5_5 6_15 6_6 6_7 7_4 7_7 7_8 8_15 8_3,,0.212121,0.212121,0.212121,0.333333,,0.212121,0.538462,0.333333,0.000000,0.290323
2025-03-26,B4: B1+B3,0,,0.000000,,3_10 3_11 3_14 4_10 4_8 4_9 5_15 5_8 5_9 6_14 6_15 6_7 7_15 7_16 7_8 8_15 8_6 9_14 9_15 9_16,,0.904762,0.904762,0.538462,0.379310,0.212121,,0.111111,0.250000,0.000000,0.600000
2025-03-26,B2: Recent MA,0,,0.000000,,12_10 12_11 12_12 12_13 12_14 12_15 1_12 2_5 3_10 3_14 3_6 3_8 4_12 4_6 5_13 7_4 7_7 7_8 8_15 8_3,,0.111111,0.111111,0.111111,0.142857,0.538462,0.111111,,0.333333,0.025641,0.176471
2025-03-26,B3: DoY season,0,,0.000000,,12_10 12_11 12_12 12_13 12_14 12_15 3_10 3_8 4_4 4_9 5_5 6_14 6_15 6_6 6_7 7_8 8_14 8_15 8_6 8_9,,0.212121,0.212121,0.212121,0.481481,0.333333,0.250000,0.333333,,0.025641,0.250000
2025-03-26,B0: Random,0,,0.000000,,0_1 0_19 10_16 10_9 11_18 12_11 12_17 12_18 1_11 2_14 2_18 3_19 5_12 5_6 6_1 7_14 7_2 8_7 9_19 9_3,,0.000000,0.000000,0.000000,0.000000,0.000000,0.000000,0.025641,0.025641,,0.000000
2025-03-27,GLM-Logit,1,1.000000,0.050000,4_8,3_10 3_11 3_13 3_14 3_6 3_7 4_10 4_9 5_14 5_8 6_14 6_15 6_7 7_15 7_16 7_7 7_8 8_15 8_6,,0.600000,0.600000,0.481481,0.428571,0.290323,0.600000,0.176471,0.250000,0.111111,
2025-03-27,HierBayes,1,1.000000,0.050000,4_8,3_10 3_11 3_14 4_10 4_9 5_14 5_15 5_8 5_9 6_14 6_15 6_7 7_15 7_16 7_8 8_15 9_14 9_15 9_16,,,1.000000,0.600000,0.333333,0.212121,0.904762,0.111111,0.212121,0.081081,0.600000
2025-03-27,B1: Static prior,1,1.000000,0.050000,4_8,3_10 3_11 3_14 4_10 4_9 5_14 5_15 5_8 5_9 6_14 6_15 6_7 7_15 7_16 7_8 8_15 9_14 9_15 9_16,,1.000000,,0.600000,0.333333,0.212121,0.904762,0.111111,0.212121,0.081081,0.600000
2025-03-27,TTM,1,0.000000,0.000000,,3_10 3_11 3_12 3_13 3_7 4_10 4_9 5_15 5_8 5_9 6_14 6_15 6_7 7_15 7_5 7_8 8_15 8_8 9_14 9_15,4_8,0.600000,0.600000,,0.290323,0.176471,0.600000,0.081081,0.212121,0.111111,0.481481
2025-03-27,ET,1,1.000000,0.050000,4_8,10_14 3_10 3_11 3_6 3_8 4_10 4_4 4_9 5_5 5_7 6_14 6_15 6_6 7_15 7_8 8_14 8_15 8_6 8_9,,0.333333,0.333333,0.290323,,0.333333,0.379310,0.142857,0.481481,0.142857,0.428571
2025-03-27,B5: B2+B3,1,0.000000,0.000000,,1_12 2_5 3_10 3_14 3_6 3_8 4_12 4_4 4_6 4_9 5_13 5_5 6_15 6_6 6_7 7_4 7_7 7_8 8_15 8_3,4_8,0.212121,0.212121,0.176471,0.333333,,0.212121,0.538462,0.333333,0.142857,0.290323
2025-03-27,B4: B1+B3,1,1.000000,0.050000,4_8,3_10 3_11 3_14 4_10 4_9 5_15 5_8 5_9 6_14 6_15 6_7 7_15 7_16 7_8 8_15 8_6 9_14 9_15 9_16,,0.904762,0.904762,0.600000,0.379310,0.212121,,0.111111,0.250000,0.081081,0.600000
2025-03-27,B2: Recent MA,1,0.000000,0.000000,,12_10 12_11 12_12 12_13 12_14 12_15 1_12 2_5 3_10 3_14 3_6 3_8 4_12 4_6 5_13 7_4 7_7 7_8 8_15 8_3,4_8,0.111111,0.111111,0.081081,0.142857,0.538462,0.111111,,0.333333,0.111111,0.176471
2025-03-27,B3: DoY season,1,0.000000,0.000000,,12_10 12_11 12_12 12_13 12_14 12_15 3_10 3_8 4_4 4_9 5_5 6_14 6_15 6_6 6_7 7_8 8_14 8_15 8_6 8_9,4_8,0.212121,0.212121,0.212121,0.481481,0.333333,0.250000,0.333333,,0.142857,0.250000
2025-03-27,B0: Random,1,0.000000,0.000000,,0_17 0_2 10_11 10_7 10_8 11_5 12_7 1_16 2_2 3_10 3_7 3_8 4_0 4_4 5_1 6_9 7_8 8_1 8_15 8_19,4_8,0.081081,0.081081,0.111111,0.142857,0.142857,0.081081,0.111111,0.142857,,0.111111
2025-03-28,GLM-Logit,0,,0.000000,,3_10 3_11 3_13 3_14 3_6 3_7 4_10 4_8 4_9 5_14 5_8 6_14 6_15 6_7 7_15 7_16 7_7 7_8 8_15 8_6,,0.600000,0.600000,0.538462,0.428571,0.333333,0.600000,0.212121,0.250000,0.052632,
2025-03-28,HierBayes,0,,0.000000,,3_10 3_11 3_14 4_10 4_8 4_9 5_14 5_15 5_8 5_9 6_14 6_15 6_7 7_15 7_16 7_8 8_15 9_14 9_15 9_16,,,1.000000,0.600000,0.333333,0.250000,0.904762,0.142857,0.176471,0.025641,0.600000
2025-03-28,B1: Static prior,0,,0.000000,,3_10 3_11 3_14 4_10 4_8 4_9 5_14 5_15 5_8 5_9 6_14 6_15 6_7 7_15 7_16 7_8 8_15 9_14 9_15 9_16,,1.000000,,0.600000,0.333333,0.250000,0.904762,0.142857,0.176471,0.025641,0.600000
2025-03-28,TTM,0,,0.000000,,3_10 3_11 3_12 3_13 3_7 4_10 4_9 5_8 5_9 6_14 6_15 6_7 7_15 7_16 7_5 7_8 8_15 8_8 9_15 9_16,,0.600000,0.600000,,0.290323,0.176471,0.600000,0.081081,0.176471,0.081081,0.538462
2025-03-28,ET,0,,0.000000,,10_14 3_10 3_11 3_6 3_8 4_10 4_4 4_8 4_9 5_5 5_7 6_14 6_15 6_6 7_15 7_8 8_14 8_15 8_6 8_9,,0.333333,0.333333,0.290323,,0.333333,0.379310,0.176471,0.428571,0.025641,0.428571
2025-03-28,B5: B2+B3,0,,0.000000,,1_12 2_5 3_10 3_14 3_6 3_8 4_12 4_6 4_8 4_9 5_13 5_5 6_15 6_7 7_4 7_7 7_8 8_15 8_3 8_9,,0.250000,0.250000,0.176471,0.333333,,0.250000,0.600000,0.333333,0.000000,0.333333
2025-03-28,B4: B1+B3,0,,0.000000,,3_10 3_11 3_14 4_10 4_8 4_9 5_15 5_8 5_9 6_14 6_15 6_7 7_15 7_16 7_8 8_15 8_6 9_14 9_15 9_16,,0.904762,0.904762,0.600000,0.379310,0.250000,,0.142857,0.212121,0.025641,0.600000
2025-03-28,B2: Recent MA,0,,0.000000,,12_11 12_12 12_13 12_14 12_15 1_12 2_5 3_10 3_14 3_6 3_8 4_12 4_6 4_8 5_13 7_4 7_7 7_8 8_15 8_3,,0.142857,0.142857,0.081081,0.176471,0.600000,0.142857,,0.333333,0.000000,0.212121
2025-03-28,B3: DoY season,0,,0.000000,,12_10 12_11 12_12 12_13 12_14 12_15 2_13 3_10 3_6 3_8 4_9 5_5 6_15 6_6 6_7 7_8 8_14 8_15 8_6 8_9,,0.176471,0.176471,0.176471,0.428571,0.333333,0.212121,0.333333,,0.000000,0.250000
2025-03-28,B0: Random,0,,0.000000,,0_1 0_9 10_8 11_17 11_2 12_7 1_11 1_4 3_12 3_7 4_1 4_19 6_0 6_14 7_11 8_1 8_19 9_17 9_19 9_8,,0.025641,0.025641,0.081081,0.025641,0.000000,0.025641,0.000000,0.000000,,0.052632
2025-03-29,GLM-Logit,1,1.000000,0.050000,3_13,3_10 3_11 3_14 3_6 3_7 4_10 4_8 4_9 5_14 5_8 6_14 6_15 6_7 7_15 7_16 7_7 7_8 8_15 8_6,,0.600000,0.600000,0.428571,0.428571,0.333333,0.600000,0.212121,0.250000,0.081081,
2025-03-29,HierBayes,1,0.000000,0.000000,,3_10 3_11 3_14 4_10 4_8 4_9 5_14 5_15 5_8 5_9 6_14 6_15 6_7 7_15 7_16 7_8 8_15 9_14 9_15 9_16,3_13,,1.000000,0.600000,0.333333,0.250000,0.904762,0.142857,0.176471,0.025641,0.600000
2025-03-29,B1: Static prior,1,0.000000,0.000000,,3_10 3_11 3_14 4_10 4_8 4_9 5_14 5_15 5_8 5_9 6_14 6_15 6_7 7_15 7_16 7_8 8_15 9_14 9_15 9_16,3_13,1.000000,,0.600000,0.333333,0.250000,0.904762,0.142857,0.176471,0.025641,0.600000
2025-03-29,TTM,1,1.000000,0.050000,3_13,3_10 3_11 3_12 3_14 4_10 4_9 5_15 5_8 5_9 6_14 6_15 6_7 6_8 7_15 7_5 7_8 8_8 9_15 9_16,,0.600000,0.600000,,0.250000,0.176471,0.600000,0.081081,0.142857,0.000000,0.428571
2025-03-29,ET,1,0.000000,0.000000,,10_14 3_10 3_11 3_6 3_8 4_10 4_4 4_8 4_9 5_5 5_7 6_14 6_15 6_6 7_15 7_8 8_14 8_15 8_6 8_9,3_13,0.333333,0.333333,0.250000,,0.333333,0.379310,0.176471,0.428571,0.052632,0.428571
2025-03-29,B5: B2+B3,1,0.000000,0.000000,,1_12 2_5 3_10 3_14 3_6 3_8 4_12 4_6 4_8 4_9 5_13 5_5 6_15 6_7 7_4 7_7 7_8 8_15 8_3 8_9,3_13,0.250000,0.250000,0.176471,0.333333,,0.250000,0.600000,0.333333,0.025641,0.333333
2025-03-29,B4: B1+B3,1,0.000000,0.000000,,3_10 3_11 3_14 4_10 4_8 4_9 5_15 5_8 5_9 6_14 6_15 6_7 7_15 7_16 7_8 8_15 8_6 9_14 9_15 9_16,3_13,0.904762,0.904762,0.600000,0.379310,0.250000,,0.142857,0.212121,0.000000,0.600000
2025-03-29,B2: Recent MA,1,0.000000,0.000000,,12_11 12_12 12_13 12_14 12_15 1_12 2_5 3_10 3_14 3_6 3_8 4_12 4_6 4_8 5_13 7_4 7_7 7_8 8_15 8_3,3_13,0.142857,0.142857,0.081081,0.176471,0.600000,0.142857,,0.333333,0.025641,0.212121
2025-03-29,B3: DoY season,1,0.000000,0.000000,,12_10 12_11 12_12 12_13 12_14 12_15 2_13 3_10 3_6 3_8 4_9 5_5 6_15 6_6 6_7 7_8 8_14 8_15 8_6 8_9,3_13,0.176471,0.176471,0.142857,0.428571,0.333333,0.212121,0.333333,,0.025641,0.250000
2025-03-29,B0: Random,1,0.000000,0.000000,,10_14 10_3 12_0 12_1 12_10 12_18 1_3 1_5 3_7 4_11 4_5 5_14 5_4 5_7 6_2 6_4 7_7 8_16 8_2 9_6,3_13,0.025641,0.025641,0.000000,0.052632,0.025641,0.000000,0.025641,0.025641,,0.081081
2025-03-30,GLM-Logit,0,,0.000000,,3_10 3_11 3_13 3_14 3_6 3_7 4_10 4_8 4_9 5_14 5_8 6_14 6_15 6_7 7_15 7_16 7_7 7_8 8_15 8_6,,0.666667,0.600000,0.428571,0.428571,0.379310,0.600000,0.250000,0.250000,0.025641,
2025-03-30,HierBayes,0,,0.000000,,3_10 3_11 3_13 3_14 4_10 4_8 4_9 5_14 5_8 5_9 6_14 6_15 6_7 7_15 7_16 7_8 8_15 9_14 9_15 9_16,,,0.904762,0.481481,0.333333,0.250000,0.818182,0.176471,0.176471,0.052632,0.666667
2025-03-30,B1: Static prior,0,,0.000000,,3_10 3_11 3_14 4_10 4_8 4_9 5_14 5_15 5_8 5_9 6_14 6_15 6_7 7_15 7_16 7_8 8_15 9_14 9_15 9_16,,0.904762,,0.481481,0.333333,0.212121,0.904762,0.142857,0.176471,0.052632,0.600000
2025-03-30,TTM,0,,0.000000,,3_10 3_11 3_12 3_6 4_10 4_9 5_14 5_8 5_9 6_13 6_15 7_15 7_5 7_8 8_15 8_6 8_8 9_12 9_15 9_16,,0.481481,0.481481,,0.333333,0.212121,0.481481,0.111111,0.212121,0.025641,0.428571
2025-03-30,ET,0,,0.000000,,10_14 3_10 3_11 3_6 3_8 4_10 4_4 4_8 4_9 5_5 5_7 6_14 6_15 6_6 7_15 7_8 8_14 8_15 8_6 8_9,,0.333333,0.333333,0.333333,,0.333333,0.379310,0.176471,0.379310,0.000000,0.428571
2025-03-30,B5: B2+B3,0,,0.000000,,1_12 2_5 3_10 3_13 3_14 3_6 3_8 4_12 4_6 4_8 4_9 5_13 5_5 6_15 7_4 7_7 7_8 8_15 8_3 8_6,,0.250000,0.212121,0.212121,0.333333,,0.250000,0.666667,0.290323,0.000000,0.379310
2025-03-30,B4: B1+B3,0,,0.000000,,3_10 3_11 3_14 4_10 4_8 4_9 5_15 5_8 5_9 6_14 6_15 6_7 7_15 7_16 7_8 8_15 8_6 9_14 9_15 9_16,,0.818182,0.904762,0.481481,0.379310,0.250000,,0.142857,0.212121,0.052632,0.600000
2025-03-30,B2: Recent MA,0,,0.000000,,12_12 12_13 12_14 12_15 1_12 2_5 3_10 3_13 3_14 3_6 3_8 4_12 4_6 4_8 5_13 7_4 7_7 7_8 8_15 8_3,,0.176471,0.142857,0.111111,0.176471,0.666667,0.142857,,0.290323,0.000000,0.250000
2025-03-30,B3: DoY season,0,,0.000000,,12_10 12_11 12_12 12_13 12_14 12_15 2_13 3_10 3_6 3_8 4_9 5_5 6_15 6_7 7_8 7_9 8_14 8_15 8_6 8_9,,0.176471,0.176471,0.212121,0.379310,0.290323,0.212121,0.290323,,0.000000,0.250000
2025-03-30,B0: Random,0,,0.000000,,0_1 10_6 11_15 12_0 1_13 1_16 2_0 3_19 4_14 5_0 5_4 6_5 6_9 7_10 7_16 8_11 8_5 9_11 9_15 9_17,,0.052632,0.052632,0.025641,0.000000,0.000000,0.052632,0.000000,0.000000,,0.025641
2025-03-31,GLM-Logit,1,1.000000,0.050000,6_15,3_10 3_11 3_13 3_14 3_6 3_7 4_10 4_8 4_9 5_14 5_8 6_14 6_7 7_15 7_16 7_7 7_8 8_15 8_6,,0.666667,0.600000,0.333333,0.428571,0.379310,0.600000,0.250000,0.250000,0.000000,
2025-03-31,HierBayes,1,1.000000,0.050000,6_15,3_10 3_11 3_13 3_14 4_10 4_8 4_9 5_14 5_8 5_9 6_14 6_7 7_15 7_16 7_8 8_15 9_14 9_15 9_16,,,0.904762,0.481481,0.333333,0.250000,0.818182,0.176471,0.176471,0.000000,0.666667
2025-03-31,B1: Static prior,1,1.000000,0.050000,6_15,3_10 3_11 3_14 4_10 4_8 4_9 5_14 5_15 5_8 5_9 6_14 6_7 7_15 7_16 7_8 8_15 9_14 9_15 9_16,,0.904762,,0.481481,0.333333,0.212121,0.904762,0.142857,0.212121,0.000000,0.600000
2025-03-31,TTM,1,1.000000,0.050000,6_15,3_10 3_11 3_12 3_6 3_9 4_9 5_7 5_8 5_9 6_13 6_14 7_15 7_5 7_8 8_15 8_8 9_14 9_15 9_16,,0.481481,0.481481,,0.333333,0.176471,0.481481,0.111111,0.176471,0.025641,0.333333
2025-03-31,ET,1,1.000000,0.050000,6_15,10_14 3_10 3_11 3_6 3_8 4_10 4_4 4_8 4_9 5_5 5_7 6_14 6_6 7_15 7_8 8_14 8_15 8_6 8_9,,0.333333,0.333333,0.333333,,0.333333,0.379310,0.176471,0.379310,0.052632,0.428571
2025-03-31,B5: B2+B3,1,1.000000,0.050000,6_15,1_12 2_5 3_10 3_13 3_14 3_6 3_8 4_12 4_6 4_8 4_9 5_13 5_5 7_4 7_7 7_8 8_15 8_3 8_6,,0.250000,0.212121,0.176471,0.333333,,0.250000,0.666667,0.290323,0.081081,0.379310
2025-03-31,B4: B1+B3,1,1.000000,0.050000,6_15,3_10 3_11 3_14 4_10 4_8 4_9 5_15 5_8 5_9 6_14 6_7 7_15 7_16 7_8 8_15 8_6 9_14 9_15 9_16,,0.818182,0.904762,0.481481,0.379310,0.250000,,0.142857,0.250000,0.000000,0.600000
2025-03-31,B2: Recent MA,1,0.000000,0.000000,,12_12 12_13 12_14 12_15 1_12 2_5 3_10 3_13 3_14 3_6 3_8 4_12 4_6 4_8 5_13 7_4 7_7 7_8 8_15 8_3,6_15,0.176471,0.142857,0.111111,0.176471,0.666667,0.142857,,0.290323,0.052632,0.250000
2025-03-31,B3: DoY season,1,1.000000,0.050000,6_15,12_11 12_12 12_13 12_14 12_15 2_13 3_10 3_6 3_8 4_9 5_15 5_5 6_6 6_7 7_8 7_9 8_14 8_15 8_6,,0.176471,0.212121,0.176471,0.379310,0.290323,0.250000,0.290323,,0.052632,0.250000
2025-03-31,B0: Random,1,0.000000,0.000000,,0_11 10_7 11_1 11_3 11_6 12_4 1_18 2_9 3_18 3_8 4_1 4_12 5_0 5_11 5_5 6_9 7_19 8_1 8_8 9_6,6_15,0.000000,0.000000,0.025641,0.052632,0.081081,0.000000,0.052632,0.052632,,0.000000
2025-04-01,GLM-Logit,0,,0.000000,,3_10 3_11 3_13 3_14 3_6 3_7 4_10 4_8 4_9 5_14 5_8 6_14 6_15 6_7 7_15 7_16 7_7 7_8 8_15 8_6,,0.666667,0.600000,0.333333,0.333333,0.379310,0.600000,0.290323,0.250000,0.052632,
2025-04-01,HierBayes,0,,0.000000,,3_10 3_11 3_13 3_14 4_10 4_8 4_9 5_14 5_8 5_9 6_14 6_15 6_7 7_15 7_16 7_8 8_15 9_14 9_15 9_16,,,0.904762,0.428571,0.333333,0.250000,0.818182,0.212121,0.176471,0.052632,0.666667
2025-04-01,B1: Static prior,0,,0.000000,,3_10 3_11 3_14 4_10 4_8 4_9 5_14 5_15 5_8 5_9 6_14 6_15 6_7 7_15 7_16 7_8 8_15 9_14 9_15 9_16,,0.904762,,0.428571,0.290323,0.212121,0.904762,0.176471,0.212121,0.025641,0.600000
2025-04-01,TTM,0,,0.000000,,10_16 3_10 3_11 3_12 3_6 4_10 4_9 5_7 5_8 5_9 6_13 6_14 6_15 6_8 7_15 7_5 7_8 8_8 9_14 9_15,,0.428571,0.428571,,0.212121,0.142857,0.428571,0.111111,0.142857,0.052632,0.333333
2025-04-01,ET,0,,0.000000,,10_14 10_16 3_13 3_14 3_6 3_7 4_10 4_6 4_7 4_8 5_7 6_15 6_6 6_7 7_8 8_15 8_9 9_12 9_15 9_16,,0.333333,0.290323,0.212121,,0.250000,0.290323,0.250000,0.176471,0.025641,0.333333
2025-04-01,B5: B2+B3,0,,0.000000,,1_12 2_5 3_10 3_13 3_14 3_6 3_8 4_12 4_6 4_8 4_9 5_13 5_5 6_15 7_4 7_7 7_8 8_15 8_3 8_6,,0.250000,0.212121,0.142857,0.250000,,0.250000,0.739130,0.290323,0.052632,0.379310
2025-04-01,B4: B1+B3,0,,0.000000,,3_10 3_11 3_14 4_10 4_8 4_9 5_15 5_8 5_9 6_14 6_15 6_7 7_15 7_16 7_8 8_15 8_6 9_14 9_15 9_16,,0.818182,0.904762,0.428571,0.290323,0.250000,,0.176471,0.250000,0.025641,0.600000
2025-04-01,B2: Recent MA,0,,0.000000,,12_13 12_14 12_15 1_12 2_5 3_10 3_13 3_14 3_6 3_8 4_12 4_6 4_8 5_13 6_15 7_4 7_7 7_8 8_15 8_3,,0.212121,0.176471,0.111111,0.250000,0.739130,0.176471,,0.290323,0.052632,0.290323
2025-04-01,B3: DoY season,0,,0.000000,,12_10 12_11 12_12 12_13 12_14 12_15 2_13 3_10 3_6 3_8 4_9 5_15 5_5 6_15 6_6 6_7 7_8 7_9 8_15 8_6,,0.176471,0.212121,0.142857,0.176471,0.290323,0.250000,0.290323,,0.000000,0.250000
2025-04-01,B0: Random,0,,0.000000,,0_3 10_0 10_10 11_12 12_1 12_2 12_7 1_12 1_4 2_2 3_1 3_12 3_13 4_13 4_2 5_4 6_4 7_0 7_15 8_10,,0.052632,0.025641,0.052632,0.025641,0.052632,0.025641,0.052632,0.000000,,0.052632
2025-04-02,GLM-Logit,1,0.000000,0.000000,,3_10 3_11 3_13 3_14 3_6 3_7 4_10 4_8 4_9 5_14 5_8 6_14 6_15 6_7 7_15 7_16 7_7 7_8 8_15 8_6,5_6,0.666667,0.600000,0.481481,0.333333,0.379310,0.600000,0.290323,0.212121,0.052632,
2025-04-02,HierBayes,1,0.000000,0.000000,,3_10 3_11 3_13 3_14 4_10 4_8 4_9 5_14 5_8 5_9 6_14 6_15 6_7 7_15 7_16 7_8 8_15 9_14 9_15 9_16,5_6,,0.904762,0.666667,0.333333,0.250000,0.818182,0.212121,0.142857,0.052632,0.666667
2025-04-02,B1: Static prior,1,0.000000,0.000000,,3_10 3_11 3_14 4_10 4_8 4_9 5_14 5_15 5_8 5_9 6_14 6_15 6_7 7_15 7_16 7_8 8_15 9_14 9_15 9_16,5_6,0.904762,,0.600000,0.290323,0.212121,0.904762,0.176471,0.176471,0.052632,0.600000
2025-04-02,TTM,1,0.000000,0.000000,,3_10 3_11 3_12 3_13 3_14 3_6 4_10 4_9 5_8 5_9 6_14 6_15 7_15 7_5 7_8 8_15 8_8 9_14 9_15 9_16,5_6,0.666667,0.600000,,0.290323,0.250000,0.600000,0.212121,0.142857,0.025641,0.481481
2025-04-02,ET,1,0.000000,0.000000,,10_14 10_16 3_13 3_14 3_6 3_7 4_10 4_6 4_7 4_8 5_7 6_15 6_6 6_7 7_8 8_15 8_9 9_12 9_15 9_16,5_6,0.333333,0.290323,0.290323,,0.250000,0.290323,0.250000,0.176471,0.052632,0.333333
2025-04-02,B5: B2+B3,1,0.000000,0.000000,,1_12 2_5 3_10 3_13 3_14 3_6 3_8 4_12 4_6 4_8 4_9 5_13 5_5 6_15 7_4 7_7 7_8 8_15 8_3 8_6,5_6,0.250000,0.212121,0.250000,0.250000,,0.250000,0.739130,0.250000,0.000000,0.379310
2025-04-02,B4: B1+B3,1,0.000000,0.000000,,3_10 3_11 3_14 4_10 4_8 4_9 5_15 5_8 5_9 6_14 6_15 6_7 7_15 7_16 7_8 8_15 8_6 9_14 9_15 9_16,5_6,0.818182,0.904762,0.600000,0.290323,0.250000,,0.176471,0.212121,0.052632,0.600000
2025-04-02,B2: Recent MA,1,0.000000,0.000000,,12_13 12_14 12_15 1_12 2_5 3_10 3_13 3_14 3_6 3_8 4_12 4_6 4_8 5_13 6_15 7_4 7_7 7_8 8_15 8_3,5_6,0.212121,0.176471,0.212121,0.250000,0.739130,0.176471,,0.250000,0.025641,0.290323
2025-04-02,B3: DoY season,1,0.000000,0.000000,,12_10 12_11 12_12 12_13 12_14 12_15 2_13 3_6 3_8 4_9 5_15 5_5 6_15 6_6 6_7 7_8 7_9 8_15 8_6 9_2,5_6,0.142857,0.176471,0.142857,0.176471,0.250000,0.212121,0.250000,,0.176471,0.212121
2025-04-02,B0: Random,1,0.000000,0.000000,,0_0 0_13 10_12 10_19 10_4 11_16 12_10 12_11 12_15 1_0 1_6 2_13 3_1 3_16 3_4 4_10 6_3 6_7 7_9 9_19,5_6,0.052632,0.052632,0.025641,0.052632,0.000000,0.052632,0.025641,0.176471,,0.052632
2025-04-03,GLM-Logit,1,1.000000,0.050000,4_10,3_10 3_11 3_13 3_14 3_6 3_7 4_8 4_9 5_14 5_8 6_14 6_15 6_7 7_15 7_16 7_7 7_8 8_15 8_6,,0.666667,0.600000,0.538462,0.333333,0.379310,0.600000,0.290323,0.250000,0.111111,
2025-04-03,HierBayes,1,1.000000,0.050000,4_10,3_10 3_11 3_13 3_14 4_8 4_9 5_14 5_8 5_9 6_14 6_15 6_7 7_15 7_16 7_8 8_15 9_14 9_15 9_16,,,0.904762,0.600000,0.333333,0.250000,0.739130,0.212121,0.142857,0.111111,0.666667
2025-04-03,B1: Static prior,1,1.000000,0.050000,4_10,3_10 3_11 3_14 4_8 4_9 5_14 5_15 5_8 5_9 6_14 6_15 6_7 7_15 7_16 7_8 8_15 9_14 9_15 9_16,,0.904762,,0.600000,0.290323,0.250000,0.818182,0.176471,0.176471,0.111111,0.600000
2025-04-03,TTM,1,1.000000,0.050000,4_10,3_10 3_11 3_12 3_6 3_7 4_8 4_9 5_8 5_9 6_14 6_15 7_15 7_16 7_5 7_8 8_15 8_8 9_14 9_15,,0.600000,0.600000,,0.250000,0.212121,0.666667,0.176471,0.176471,0.081081,0.538462
2025-04-03,ET,1,1.000000,0.050000,4_10,10_14 10_16 3_13 3_14 3_6 3_7 4_6 4_7 4_8 5_7 6_15 6_6 6_7 7_8 8_15 8_9 9_12 9_15 9_16,,0.333333,0.290323,0.250000,,0.250000,0.290323,0.250000,0.290323,0.111111,0.333333
2025-04-03,B5: B2+B3,1,0.000000,0.000000,,1_12 2_5 3_10 3_13 3_14 3_6 3_8 4_12 4_6 4_8 4_9 5_15 5_6 6_15 7_4 7_7 7_8 8_15 8_3 8_6,4_10,0.250000,0.250000,0.212121,0.250000,,0.250000,0.739130,0.250000,0.081081,0.379310
2025-04-03,B4: B1+B3,1,1.000000,0.050000,4_10,3_10 3_11 3_7 4_8 4_9 5_15 5_8 5_9 6_14 6_15 6_7 7_15 7_16 7_8 8_15 8_6 9_14 9_15 9_16,,0.739130,0.818182,0.666667,0.290323,0.250000,,0.142857,0.250000,0.081081,0.600000
2025-04-03,B2: Recent MA,1,0.000000,0.000000,,12_13 12_14 12_15 1_12 2_5 3_10 3_13 3_14 3_6 3_8 4_12 4_6 4_8 5_6 6_15 7_4 7_7 7_8 8_15 8_3,4_10,0.212121,0.176471,0.176471,0.250000,0.739130,0.142857,,0.250000,0.081081,0.290323
2025-04-03,B3: DoY season,1,0.000000,0.000000,,12_13 12_14 12_15 2_13 3_6 3_7 3_8 4_7 4_9 5_15 5_5 6_15 6_6 6_7 7_8 7_9 8_15 8_6 8_9 9_2,4_10,0.142857,0.176471,0.176471,0.290323,0.250000,0.250000,0.250000,,0.052632,0.250000
2025-04-03,B0: Random,1,1.000000,0.050000,4_10,10_3 11_1 11_12 12_18 12_6 1_13 2_10 3_14 3_3 4_12 4_15 5_0 6_11 6_14 6_19 6_4 6_6 8_15 8_19,,0.111111,0.111111,0.081081,0.111111,0.081081,0.081081,0.081081,0.052632,,0.111111
2025-04-04,GLM-Logit,0,,0.000000,,3_10 3_11 3_13 3_14 3_6 3_7 4_10 4_8 4_9 5_14 5_8 6_14 6_15 6_7 7_15 7_16 7_8 8_15 8_6 9_16,,0.739130,0.666667,0.428571,0.379310,0.428571,0.666667,0.290323,0.250000,0.025641,
2025-04-04,HierBayes,0,,0.000000,,3_10 3_11 3_13 3_14 4_10 4_8 4_9 5_14 5_8 5_9 6_14 6_15 6_7 7_15 7_16 7_8 8_15 9_14 9_15 9_16,,,0.904762,0.538462,0.333333,0.333333,0.666667,0.250000,0.142857,0.025641,0.739130
2025-04-04,B1: Static prior,0,,0.000000,,3_10 3_11 3_14 4_10 4_8 4_9 5_14 5_15 5_8 5_9 6_14 6_15 6_7 7_15 7_16 7_8 8_15 9_14 9_15 9_16,,0.904762,,0.600000,0.290323,0.290323,0.739130,0.212121,0.176471,0.025641,0.666667
2025-04-04,TTM,0,,0.000000,,3_11 3_12 3_7 3_9 4_10 4_9 5_15 5_8 5_9 6_14 6_15 7_15 7_16 7_8 8_15 8_16 8_8 9_14 9_15 9_16,,0.538462,0.600000,,0.212121,0.142857,0.666667,0.111111,0.176471,0.052632,0.428571
2025-04-04,ET,0,,0.000000,,10_14 10_16 3_13 3_14 3_6 3_7 4_10 4_6 4_7 4_8 5_7 6_15 6_6 6_7 7_8 8_15 8_9 9_12 9_15 9_16,,0.333333,0.290323,0.212121,,0.333333,0.290323,0.290323,0.290323,0.025641,0.379310
2025-04-04,B5: B2+B3,0,,0.000000,,1_12 2_5 3_10 3_13 3_14 3_6 3_8 4_10 4_12 4_6 4_8 4_9 5_6 6_15 6_7 7_4 7_8 8_15 8_3 8_6,,0.333333,0.290323,0.142857,0.333333,,0.290323,0.739130,0.250000,0.052632,0.428571
2025-04-04,B4: B1+B3,0,,0.000000,,3_10 3_11 3_6 3_7 4_10 4_9 5_15 5_8 5_9 6_14 6_15 6_7 7_15 7_16 7_8 8_15 8_6 9_14 9_15 9_16,,0.666667,0.739130,0.666667,0.290323,0.290323,,0.176471,0.290323,0.025641,0.666667
2025-04-04,B2: Recent MA,0,,0.000000,,12_13 12_14 12_15 1_12 2_5 3_10 3_13 3_14 3_6 3_8 4_10 4_12 4_6 4_8 5_6 6_15 7_4 7_8 8_15 8_3,,0.250000,0.212121,0.111111,0.290323,0.739130,0.176471,,0.250000,0.052632,0.290323
2025-04-04,B3: DoY season,0,,0.000000,,12_13 12_14 12_15 2_13 3_6 3_7 3_8 4_7 4_9 5_15 5_5 6_15 6_6 6_7 7_8 7_9 8_15 8_6 8_9 9_2,,0.142857,0.176471,0.176471,0.290323,0.250000,0.290323,0.250000,,0.000000,0.250000
2025-04-04,B0: Random,0,,0.000000,,0_0 0_6 0_8 10_13 11_0 11_16 12_1 1_5 2_17 4_10 4_16 4_18 4_4 6_11 7_11 8_0 8_14 8_16 8_3 9_8,,0.025641,0.025641,0.052632,0.025641,0.052632,0.025641,0.052632,0.000000,,0.025641
2025-04-05,GLM-Logit,3,0.333333,0.050000,8_15,3_10 3_11 3_13 3_14 3_6 3_7 4_10 4_8 4_9 5_14 5_8 6_14 6_15 6_7 7_15 7_16 7_8 8_6 9_16,5_10 6_6,0.739130,0.666667,0.428571,0.379310,0.428571,0.666667,0.290323,0.250000,0.025641,
2025-04-05,HierBayes,3,0.333333,0.050000,8_15,3_10 3_11 3_13 3_14 4_10 4_8 4_9 5_14 5_8 5_9 6_14 6_15 6_7 7_15 7_16 7_8 9_14 9_15 9_16,5_10 6_6,,0.904762,0.538462,0.333333,0.379310,0.666667,0.250000,0.176471,0.025641,0.739130
2025-04-05,B1: Static prior,3,0.333333,0.050000,8_15,3_10 3_11 3_14 4_10 4_8 4_9 5_14 5_15 5_8 5_9 6_14 6_15 6_7 7_15 7_16 7_8 9_14 9_15 9_16,5_10 6_6,0.904762,,0.538462,0.290323,0.333333,0.739130,0.212121,0.212121,0.025641,0.666667
2025-04-05,TTM,3,0.333333,0.050000,8_15,3_10 3_11 3_12 3_5 3_6 4_10 4_9 5_14 5_8 5_9 6_13 6_14 6_15 6_3 7_15 8_8 9_14 9_15 9_16,5_10 6_6,0.538462,0.538462,,0.176471,0.212121,0.538462,0.142857,0.142857,0.025641,0.428571
2025-04-05,ET,3,0.666667,0.100000,6_6 8_15,10_14 10_16 3_13 3_14 3_6 3_7 4_10 4_6 4_7 4_8 5_7 6_15 6_7 7_8 8_9 9_12 9_15 9_16,5_10,0.333333,0.290323,0.176471,,0.333333,0.290323,0.290323,0.290323,0.000000,0.379310
2025-04-05,B5: B2+B3,3,0.333333,0.050000,8_15,1_12 3_10 3_13 3_14 3_6 3_8 4_10 4_12 4_6 4_8 4_9 5_6 6_15 6_7 7_4 7_8 8_3 8_6 9_14,5_10 6_6,0.379310,0.333333,0.212121,0.333333,,0.333333,0.666667,0.290323,0.000000,0.428571
2025-04-05,B4: B1+B3,3,0.333333,0.050000,8_15,3_10 3_11 3_6 3_7 4_10 4_9 5_15 5_8 5_9 6_14 6_15 6_7 7_15 7_16 7_8 8_6 9_14 9_15 9_16,5_10 6_6,0.666667,0.739130,0.538462,0.290323,0.333333,,0.176471,0.333333,0.000000,0.666667
2025-04-05,B2: Recent MA,3,0.333333,0.050000,8_15,12_13 12_14 12_15 1_12 2_5 3_10 3_13 3_14 3_6 3_8 4_10 4_12 4_6 4_8 5_6 6_15 7_4 7_8 8_3,5_10 6_6,0.250000,0.212121,0.142857,0.290323,0.666667,0.176471,,0.212121,0.000000,0.290323
2025-04-05,B3: DoY season,3,0.666667,0.100000,6_6 8_15,12_14 12_15 2_13 3_6 3_7 3_8 4_7 4_9 5_15 6_15 6_7 7_8 7_9 8_5 8_6 8_9 9_14 9_2,5_10,0.176471,0.212121,0.142857,0.290323,0.290323,0.333333,0.212121,,0.000000,0.250000
2025-04-05,B0: Random,3,0.000000,0.000000,,0_10 0_9 10_10 10_5 10_9 11_13 11_19 12_16 12_17 2_0 2_8 3_16 3_3 4_13 5_12 5_14 5_18 6_12 7_5 8_14,5_10 6_6 8_15,0.025641,0.025641,0.025641,0.000000,0.000000,0.000000,0.000000,0.000000,,0.025641
2025-04-06,GLM-Logit,2,0.500000,0.050000,3_7,3_10 3_11 3_13 3_14 3_6 4_10 4_8 4_9 5_14 5_8 6_14 6_15 6_6 6_7 7_15 7_16 7_8 8_15 8_6,9_9,0.666667,0.600000,0.333333,0.379310,0.481481,0.600000,0.333333,0.333333,0.081081,
2025-04-06,HierBayes,2,0.000000,0.000000,,3_10 3_11 3_13 3_14 4_10 4_8 4_9 5_14 5_8 5_9 6_14 6_15 6_7 7_15 7_16 7_8 8_15 9_14 9_15 9_16,3_7 9_9,,0.904762,0.481481,0.333333,0.379310,0.600000,0.250000,0.212121,0.052632,0.666667
2025-04-06,B1: Static prior,2,0.000000,0.000000,,3_10 3_11 3_14 4_10 4_8 4_9 5_14 5_15 5_8 5_9 6_14 6_15 6_7 7_15 7_16 7_8 8_15 9_14 9_15 9_16,3_7 9_9,0.904762,,0.481481,0.290323,0.333333,0.666667,0.212121,0.250000,0.052632,0.600000
2025-04-06,TTM,2,0.000000,0.000000,,3_10 3_11 3_12 3_5 3_9 4_10 4_9 5_8 5_9 6_13 6_15 6_3 6_7 7_15 7_8 8_15 8_5 8_8 9_15 9_16,3_7 9_9,0.481481,0.481481,,0.212121,0.212121,0.481481,0.142857,0.212121,0.052632,0.333333
2025-04-06,ET,2,0.500000,0.050000,3_7,10_14 10_16 3_13 3_14 3_6 4_10 4_6 4_7 4_8 5_7 6_15 6_6 6_7 7_8 8_15 8_9 9_12 9_15 9_16,9_9,0.333333,0.290323,0.212121,,0.379310,0.333333,0.333333,0.379310,0.052632,0.379310
2025-04-06,B5: B2+B3,2,0.000000,0.000000,,3_10 3_13 3_14 3_6 3_8 4_10 4_12 4_6 4_8 4_9 5_6 6_15 6_6 6_7 7_4 7_8 8_15 8_3 8_6 9_14,3_7 9_9,0.379310,0.333333,0.212121,0.379310,,0.379310,0.666667,0.379310,0.081081,0.481481
2025-04-06,B4: B1+B3,2,0.500000,0.050000,3_7,3_10 3_11 3_6 4_10 4_9 5_15 5_8 5_9 6_14 6_15 6_6 6_7 7_15 7_8 8_15 8_6 9_14 9_15 9_16,9_9,0.600000,0.666667,0.481481,0.333333,0.379310,,0.212121,0.428571,0.081081,0.600000
2025-04-06,B2: Recent MA,2,0.000000,0.000000,,12_14 12_15 1_12 3_10 3_13 3_14 3_6 3_8 4_10 4_12 4_6 4_8 5_10 5_6 6_15 6_6 7_4 7_8 8_15 8_3,3_7 9_9,0.250000,0.212121,0.142857,0.333333,0.666667,0.212121,,0.212121,0.081081,0.333333
2025-04-06,B3: DoY season,2,0.500000,0.050000,3_7,3_6 4_10 4_7 4_9 5_15 5_6 5_7 6_15 6_6 6_7 7_8 7_9 8_15 8_5 8_6 8_9 9_14 9_17 9_2,9_9,0.212121,0.250000,0.212121,0.379310,0.379310,0.428571,0.212121,,0.081081,0.333333
2025-04-06,B0: Random,2,0.500000,0.050000,3_7,0_11 11_10 11_14 12_8 3_1 3_10 3_17 4_12 4_14 5_12 5_19 5_5 6_4 6_9 7_14 7_8 8_14 9_1 9_17,9_9,0.052632,0.052632,0.052632,0.052632,0.081081,0.081081,0.081081,0.081081,,0.081081
2025-04-07,GLM-Logit,1,0.000000,0.000000,,3_10 3_11 3_13 3_14 3_6 3_7 4_10 4_8 4_9 5_14 5_8 6_14 6_15 6_6 6_7 7_15 7_16 7_8 8_15 8_6,5_13,0.739130,0.600000,0.379310,0.379310,0.333333,0.600000,0.333333,0.333333,0.052632,
2025-04-07,HierBayes,1,0.000000,0.000000,,3_10 3_11 3_13 3_14 3_7 4_10 4_8 4_9 5_14 5_8 5_9 6_14 6_15 6_7 7_15 7_16 7_8 8_15 9_14 9_16,5_13,,0.818182,0.481481,0.333333,0.290323,0.600000,0.250000,0.250000,0.052632,0.739130
2025-04-07,B1: Static prior,1,0.000000,0.000000,,3_10 3_11 3_14 4_10 4_8 4_9 5_14 5_15 5_8 5_9 6_14 6_15 6_7 7_15 7_16 7_8 8_15 9_14 9_15 9_16,5_13,0.818182,,0.538462,0.290323,0.250000,0.666667,0.176471,0.250000,0.052632,0.600000
2025-04-07,TTM,1,0.000000,0.000000,,3_10 3_11 3_12 3_9 4_10 4_9 5_14 5_8 5_9 6_13 6_14 6_15 6_3 6_7 7_15 8_15 8_5 8_8 9_15 9_16,5_13,0.481481,0.538462,,0.176471,0.176471,0.481481,0.111111,0.176471,0.052632,0.379310
2025-04-07,ET,1,0.000000,0.000000,,10_14 10_16 3_13 3_14 3_6 3_7 4_10 4_6 4_7 4_8 5_7 6_15 6_6 6_7 7_8 8_15 8_9 9_12 9_15 9_16,5_13,0.333333,0.290323,0.176471,,0.290323,0.333333,0.333333,0.379310,0.025641,0.379310
2025-04-07,B5: B2+B3,1,0.000000,0.000000,,1_12 3_10 3_6 3_7 3_8 4_10 4_12 4_6 4_8 4_9 5_10 5_6 6_15 6_6 6_7 7_4 8_15 8_3 9_14 9_9,5_13,0.290323,0.250000,0.176471,0.290323,,0.333333,0.739130,0.333333,0.025641,0.333333
2025-04-07,B4: B1+B3,1,0.000000,0.000000,,3_10 3_11 3_6 3_7 4_10 4_9 5_15 5_8 5_9 6_14 6_15 6_6 6_7 7_15 7_8 8_15 8_6 9_14 9_15 9_16,5_13,0.600000,0.666667,0.481481,0.333333,0.333333,,0.212121,0.428571,0.052632,0.600000
2025-04-07,B2: Recent MA,1,0.000000,0.000000,,12_15 1_12 3_10 3_13 3_14 3_6 3_7 3_8 4_10 4_12 4_6 4_8 5_10 5_6 6_15 6_6 7_4 8_15 8_3 9_9,5_13,0.250000,0.176471,0.111111,0.333333,0.739130,0.212121,,0.212121,0.000000,0.333333
2025-04-07,B3: DoY season,1,0.000000,0.000000,,3_6 3_7 4_10 4_7 4_9 5_15 5_6 5_7 6_15 6_6 6_7 7_8 7_9 8_15 8_5 8_6 8_9 9_14 9_17 9_2,5_13,0.250000,0.250000,0.176471,0.379310,0.333333,0.428571,0.212121,,0.025641,0.333333
2025-04-07,B0: Random,1,0.000000,0.000000,,0_12 0_15 10_13 11_8 12_11 12_8 1_10 1_4 2_0 2_1 3_0 4_11 4_15 4_5 5_1 5_8 6_7 7_7 8_11 9_8,5_13,0.052632,0.052632,0.052632,0.025641,0.025641,0.052632,0.000000,0.025641,,0.052632
2025-04-08,GLM-Logit,2,1.000000,0.100000,4_9 8_15,3_10 3_11 3_13 3_14 3_6 3_7 4_10 4_8 5_14 5_8 6_14 6_15 6_6 6_7 7_15 7_16 7_8 8_6,,0.739130,0.600000,0.428571,0.379310,0.333333,0.538462,0.333333,0.290323,0.142857,
2025-04-08,HierBayes,2,1.000000,0.100000,4_9 8_15,3_10 3_11 3_13 3_14 3_7 4_10 4_8 5_14 5_8 5_9 6_14 6_15 6_7 7_15 7_16 7_8 9_14 9_16,,,0.818182,0.538462,0.333333,0.290323,0.538462,0.250000,0.212121,0.142857,0.739130
2025-04-08,B1: Static prior,2,1.000000,0.100000,4_9 8_15,3_10 3_11 3_14 4_10 4_8 5_14 5_15 5_8 5_9 6_14 6_15 6_7 7_15 7_16 7_8 9_14 9_15 9_16,,0.818182,,0.666667,0.290323,0.250000,0.666667,0.176471,0.250000,0.142857,0.600000
2025-04-08,TTM,2,1.000000,0.100000,4_9 8_15,3_10 3_11 3_12 3_6 3_9 4_10 5_15 5_8 5_9 6_15 6_7 7_15 7_16 7_8 8_8 9_14 9_15 9_16,,0.538462,0.666667,,0.250000,0.250000,0.739130,0.142857,0.290323,0.142857,0.428571
2025-04-08,ET,2,0.500000,0.050000,8_15,10_14 10_16 3_13 3_14 3_6 3_7 4_10 4_6 4_7 4_8 5_7 6_15 6_6 6_7 7_8 8_9 9_12 9_15 9_16,4_9,0.333333,0.290323,0.250000,,0.290323,0.290323,0.333333,0.379310,0.081081,0.379310
2025-04-08,B5: B2+B3,2,1.000000,0.100000,4_9 8_15,3_10 3_6 3_7 3_8 4_10 4_12 4_6 4_8 5_10 5_13 5_6 6_15 6_6 6_7 7_4 8_3 9_14 9_9,,0.290323,0.250000,0.250000,0.290323,,0.290323,0.739130,0.290323,0.142857,0.333333
2025-04-08,B4: B1+B3,2,1.000000,0.100000,4_9 8_15,3_10 3_11 3_12 3_6 4_10 5_15 5_8 5_9 6_14 6_15 6_6 6_7 7_15 7_8 8_6 9_14 9_15 9_16,,0.538462,0.666667,0.739130,0.290323,0.290323,,0.176471,0.379310,0.142857,0.538462
2025-04-08,B2: Recent MA,2,0.500000,0.050000,8_15,12_15 3_10 3_13 3_14 3_6 3_7 3_8 4_10 4_12 4_6 4_8 5_10 5_13 5_6 6_15 6_6 7_4 8_3 9_9,4_9,0.250000,0.176471,0.142857,0.333333,0.739130,0.176471,,0.176471,0.081081,0.333333
2025-04-08,B3: DoY season,2,1.000000,0.100000,4_9 8_15,3_6 4_10 4_7 5_15 5_6 5_7 6_15 6_6 6_7 7_8 7_9 8_5 8_6 8_9 9_12 9_14 9_17 9_2,,0.212121,0.250000,0.290323,0.379310,0.290323,0.379310,0.176471,,0.142857,0.290323
2025-04-08,B0: Random,2,0.500000,0.050000,4_9,0_19 0_5 10_15 11_19 12_14 12_6 1_10 1_9 2_10 2_6 3_11 4_10 5_12 6_15 6_7 7_17 7_9 8_0 9_9,8_15,0.142857,0.142857,0.142857,0.081081,0.142857,0.142857,0.081081,0.142857,,0.142857
2025-04-09,GLM-Logit,3,0.333333,0.050000,6_7,3_10 3_11 3_13 3_14 3_6 3_7 4_10 4_8 4_9 5_14 5_8 6_14 6_15 6_6 7_15 7_16 7_8 8_15 8_6,3_12 7_2,0.739130,0.600000,0.428571,0.379310,0.290323,0.600000,0.379310,0.250000,0.081081,
2025-04-09,HierBayes,3,0.333333,0.050000,6_7,3_10 3_11 3_13 3_14 3_7 4_10 4_8 4_9 5_14 5_8 5_9 6_14 6_15 7_15 7_16 7_8 8_15 9_14 9_16,3_12 7_2,,0.818182,0.538462,0.333333,0.250000,0.538462,0.290323,0.176471,0.111111,0.739130
2025-04-09,B1: Static prior,3,0.333333,0.050000,6_7,3_10 3_11 3_14 4_10 4_8 4_9 5_14 5_15 5_8 5_9 6_14 6_15 7_15 7_16 7_8 8_15 9_14 9_15 9_16,3_12 7_2,0.818182,,0.600000,0.290323,0.212121,0.666667,0.212121,0.212121,0.111111,0.600000
2025-04-09,TTM,3,0.666667,0.100000,3_12 6_7,3_10 3_11 3_9 4_10 4_9 5_8 5_9 6_15 6_3 7_15 7_16 7_8 8_15 8_6 8_8 9_14 9_15 9_16,7_2,0.538462,0.600000,,0.212121,0.176471,0.538462,0.142857,0.212121,0.081081,0.428571
2025-04-09,ET,3,0.333333,0.050000,6_7,10_14 10_16 3_13 3_14 3_6 3_7 4_10 4_6 4_7 4_8 5_7 6_15 6_6 7_8 8_15 8_9 9_12 9_15 9_16,3_12 7_2,0.333333,0.290323,0.212121,,0.290323,0.333333,0.333333,0.379310,0.111111,0.379310
2025-04-09,B5: B2+B3,3,0.000000,0.000000,,3_10 3_6 3_7 3_8 4_10 4_12 4_6 4_8 4_9 5_10 5_13 5_6 5_7 6_15 6_6 7_4 8_15 8_3 9_14 9_9,3_12 6_7 7_2,0.250000,0.212121,0.176471,0.290323,,0.333333,0.818182,0.250000,0.025641,0.290323
2025-04-09,B4: B1+B3,3,0.333333,0.050000,6_7,3_10 3_11 3_6 4_10 4_8 4_9 5_15 5_7 5_8 5_9 6_14 6_15 6_6 7_15 7_8 8_15 8_6 9_14 9_15,3_12 7_2,0.538462,0.666667,0.538462,0.333333,0.333333,,0.250000,0.379310,0.081081,0.600000
2025-04-09,B2: Recent MA,3,0.000000,0.000000,,3_10 3_13 3_14 3_6 3_7 3_8 4_10 4_12 4_6 4_8 4_9 5_10 5_13 5_6 6_15 6_6 7_4 8_15 8_3 9_9,3_12 6_7 7_2,0.290323,0.212121,0.142857,0.333333,0.818182,0.250000,,0.176471,0.025641,0.379310
2025-04-09,B3: DoY season,3,0.333333,0.050000,6_7,10_14 3_6 4_7 4_9 5_15 5_6 5_7 6_15 6_6 7_8 7_9 8_15 8_5 8_6 8_9 9_12 9_14 9_17 9_2,3_12 7_2,0.176471,0.212121,0.212121,0.379310,0.250000,0.379310,0.176471,,0.052632,0.250000
2025-04-09,B0: Random,3,0.333333,0.050000,6_7,0_12 0_17 10_16 10_6 10_9 11_10 11_5 1_0 1_17 4_18 5_5 6_14 6_15 6_17 6_8 9_11 9_13 9_16 9_4,3_12 7_2,0.111111,0.111111,0.081081,0.111111,0.025641,0.081081,0.025641,0.052632,,0.081081
2025-04-10,GLM-Logit,1,1.000000,0.050000,4_9,3_10 3_11 3_13 3_14 3_6 3_7 4_10 4_8 5_14 5_8 6_14 6_15 6_6 6_7 7_15 7_16 7_8 8_15 8_6,,0.739130,0.600000,0.428571,0.379310,0.290323,0.600000,0.333333,0.290323,0.081081,
2025-04-10,HierBayes,1,1.000000,0.050000,4_9,3_10 3_11 3_13 3_14 3_7 4_10 4_8 5_14 5_8 5_9 6_14 6_15 6_7 7_15 7_16 7_8 8_15 9_14 9_16,,,0.818182,0.538462,0.333333,0.250000,0.538462,0.250000,0.212121,0.111111,0.739130
2025-04-10,B1: Static prior,1,1.000000,0.050000,4_9,3_10 3_11 3_14 4_10 4_8 5_14 5_15 5_8 5_9 6_14 6_15 6_7 7_15 7_16 7_8 8_15 9_14 9_15 9_16,,0.818182,,0.600000,0.290323,0.250000,0.666667,0.212121,0.250000,0.111111,0.600000
2025-04-10,TTM,1,1.000000,0.050000,4_9,3_10 3_11 3_12 3_14 3_9 4_10 5_8 5_9 6_15 6_3 6_7 7_15 7_8 8_15 8_6 8_8 9_14 9_15 9_16,,0.538462,0.600000,,0.250000,0.212121,0.538462,0.176471,0.212121,0.111111,0.428571
2025-04-10,ET,1,0.000000,0.000000,,10_14 10_16 3_13 3_14 3_6 3_7 4_10 4_6 4_7 4_8 5_7 6_15 6_6 6_7 7_8 8_15 8_9 9_12 9_15 9_16,4_9,0.333333,0.290323,0.250000,,0.290323,0.333333,0.290323,0.379310,0.052632,0.379310
2025-04-10,B5: B2+B3,1,1.000000,0.050000,4_9,3_12 3_6 3_7 4_10 4_8 5_10 5_13 5_15 5_6 5_7 6_15 6_6 6_7 7_4 8_15 8_3 9_14 9_17 9_9,,0.250000,0.250000,0.212121,0.290323,,0.379310,0.600000,0.428571,0.025641,0.290323
2025-04-10,B4: B1+B3,1,1.000000,0.050000,4_9,3_10 3_11 3_6 4_10 4_8 5_15 5_7 5_8 5_9 6_14 6_15 6_6 6_7 7_15 7_8 8_15 8_6 9_14 9_15,,0.538462,0.666667,0.538462,0.333333,0.379310,,0.290323,0.428571,0.111111,0.600000
2025-04-10,B2: Recent MA,1,1.000000,0.050000,4_9,3_10 3_6 3_7 3_8 4_10 4_12 4_6 4_8 5_10 5_13 5_6 6_15 6_6 6_7 7_2 7_4 8_15 8_3 9_9,,0.250000,0.212121,0.176471,0.290323,0.600000,0.290323,,0.250000,0.025641,0.333333
2025-04-10,B3: DoY season,1,1.000000,0.050000,4_9,10_14 3_6 4_8 5_15 5_6 5_7 6_15 6_6 6_7 7_8 7_9 8_15 8_5 8_6 8_9 9_12 9_14 9_17 9_2,,0.212121,0.250000,0.212121,0.379310,0.428571,0.428571,0.250000,,0.025641,0.290323
2025-04-10,B0: Random,1,0.000000,0.000000,,0_17 0_19 0_7 10_15 11_16 11_18 11_9 12_5 1_8 2_17 2_3 3_0 4_10 5_8 5_9 6_10 6_16 7_15 8_9 9_3,4_9,0.111111,0.111111,0.111111,0.052632,0.025641,0.111111,0.025641,0.025641,,0.081081
2025-04-11,GLM-Logit,3,0.666667,0.100000,3_13 7_15,3_10 3_11 3_14 3_6 3_7 4_10 4_8 4_9 5_14 5_8 6_14 6_15 6_6 6_7 7_16 7_8 8_15 8_6,7_5,0.739130,0.600000,0.379310,0.379310,0.290323,0.600000,0.333333,0.290323,0.025641,
2025-04-11,HierBayes,3,0.666667,0.100000,3_13 7_15,3_10 3_11 3_14 3_7 4_10 4_8 4_9 5_14 5_8 5_9 6_14 6_15 6_7 7_16 7_8 8_15 9_14 9_16,7_5,,0.818182,0.538462,0.333333,0.250000,0.538462,0.250000,0.212121,0.025641,0.739130
2025-04-11,B1: Static prior,3,0.333333,0.050000,7_15,3_10 3_11 3_14 4_10 4_8 4_9 5_14 5_15 5_8 5_9 6_14 6_15 6_7 7_16 7_8 8_15 9_14 9_15 9_16,3_13 7_5,0.818182,,0.600000,0.290323,0.250000,0.666667,0.212121,0.250000,0.025641,0.600000
2025-04-11,TTM,3,0.666667,0.100000,3_13 7_15,3_10 3_11 3_12 3_5 4_10 4_9 5_15 5_8 5_9 6_14 6_15 6_3 6_7 7_8 8_8 9_14 9_15 9_16,7_5,0.538462,0.600000,,0.212121,0.212121,0.538462,0.142857,0.176471,0.025641,0.379310
2025-04-11,ET,3,0.333333,0.050000,3_13,10_14 10_16 3_14 3_6 3_7 4_10 4_6 4_7 4_8 5_7 6_15 6_6 6_7 7_8 8_15 8_9 9_12 9_15 9_16,7_15 7_5,0.333333,0.290323,0.212121,,0.290323,0.333333,0.290323,0.379310,0.025641,0.379310
2025-04-11,B5: B2+B3,3,0.000000,0.000000,,3_12 3_6 3_7 4_10 4_8 4_9 5_10 5_13 5_15 5_6 5_7 6_15 6_6 6_7 7_4 8_15 8_3 9_14 9_17 9_9,3_13 7_15 7_5,0.250000,0.250000,0.212121,0.290323,,0.379310,0.600000,0.428571,0.000000,0.290323
2025-04-11,B4: B1+B3,3,0.333333,0.050000,7_15,3_10 3_11 3_6 4_10 4_8 4_9 5_15 5_7 5_8 5_9 6_14 6_15 6_6 6_7 7_8 8_15 8_6 9_14 9_15,3_13 7_5,0.538462,0.666667,0.538462,0.333333,0.379310,,0.290323,0.428571,0.025641,0.600000
2025-04-11,B2: Recent MA,3,0.000000,0.000000,,3_10 3_6 3_7 3_8 4_10 4_12 4_6 4_8 4_9 5_10 5_13 5_6 6_15 6_6 6_7 7_2 7_4 8_15 8_3 9_9,3_13 7_15 7_5,0.250000,0.212121,0.142857,0.290323,0.600000,0.290323,,0.250000,0.000000,0.333333
2025-04-11,B3: DoY season,3,0.000000,0.000000,,10_14 3_6 4_8 4_9 5_15 5_6 5_7 6_15 6_6 6_7 7_8 7_9 8_15 8_5 8_6 8_9 9_12 9_14 9_17 9_2,3_13 7_15 7_5,0.212121,0.250000,0.176471,0.379310,0.428571,0.428571,0.250000,,0.081081,0.290323
2025-04-11,B0: Random,3,0.000000,0.000000,,0_1 0_13 0_6 10_18 10_19 11_13 11_6 12_1 12_18 1_19 4_4 5_12 6_11 6_2 7_17 7_9 8_12 8_5 8_6 9_16,3_13 7_15 7_5,0.025641,0.025641,0.025641,0.025641,0.000000,0.025641,0.000000,0.081081,,0.025641
2025-04-12,GLM-Logit,1,1.000000,0.050000,5_14,3_10 3_11 3_13 3_14 3_6 3_7 4_10 4_8 4_9 5_8 6_14 6_15 6_6 6_7 7_15 7_16 7_5 8_15 8_6,,0.666667,0.538462,0.379310,0.333333,0.379310,0.538462,0.379310,0.176471,0.081081,
2025-04-12,HierBayes,1,1.000000,0.050000,5_14,3_10 3_11 3_13 3_14 3_7 4_10 4_8 4_9 5_8 5_9 6_14 6_15 6_7 7_15 7_16 7_8 8_15 9_14 9_16,,,0.818182,0.600000,0.333333,0.333333,0.600000,0.250000,0.176471,0.081081,0.666667
2025-04-12,B1: Static prior,1,1.000000,0.050000,5_14,3_10 3_11 3_14 4_10 4_8 4_9 5_15 5_8 5_9 6_14 6_15 6_7 7_15 7_16 7_8 8_15 9_14 9_15 9_16,,0.818182,,0.739130,0.290323,0.290323,0.739130,0.212121,0.212121,0.052632,0.538462
2025-04-12,TTM,1,1.000000,0.050000,5_14,3_10 3_11 3_12 3_14 3_9 4_10 4_9 5_15 5_8 5_9 6_15 6_7 7_15 7_8 8_15 8_8 9_14 9_15 9_16,,0.600000,0.739130,,0.250000,0.290323,0.600000,0.176471,0.176471,0.052632,0.379310
2025-04-12,ET,1,0.000000,0.000000,,10_14 10_16 3_13 3_14 3_6 3_7 4_10 4_6 4_7 4_8 5_7 6_15 6_6 6_7 7_8 8_15 8_9 9_12 9_15 9_16,5_14,0.333333,0.290323,0.250000,,0.428571,0.379310,0.290323,0.333333,0.052632,0.333333
2025-04-12,B5: B2+B3,1,0.000000,0.000000,,3_12 3_13 3_14 3_6 3_7 4_10 4_6 4_8 4_9 5_15 5_6 5_7 6_15 6_6 6_7 7_4 7_9 8_15 9_14 9_17,5_14,0.333333,0.290323,0.290323,0.428571,,0.428571,0.428571,0.428571,0.052632,0.379310
2025-04-12,B4: B1+B3,1,0.000000,0.000000,,3_10 3_11 3_14 3_6 4_10 4_8 4_9 5_15 5_7 5_8 5_9 6_14 6_15 6_6 6_7 7_15 7_8 8_15 9_14 9_15,5_14,0.600000,0.739130,0.600000,0.379310,0.428571,,0.290323,0.333333,0.052632,0.538462
2025-04-12,B2: Recent MA,1,0.000000,0.000000,,3_13 3_6 4_10 4_12 4_6 4_8 4_9 5_10 5_13 5_6 6_15 6_6 6_7 7_15 7_2 7_4 7_5 8_15 8_3 9_9,5_14,0.250000,0.212121,0.176471,0.290323,0.428571,0.290323,,0.212121,0.052632,0.379310
2025-04-12,B3: DoY season,1,0.000000,0.000000,,10_14 1_3 3_6 4_8 4_9 5_15 5_6 5_7 6_15 6_6 7_3 7_8 7_9 8_15 8_5 8_9 9_12 9_14 9_17 9_2,5_14,0.176471,0.212121,0.176471,0.333333,0.428571,0.333333,0.212121,,0.000000,0.176471
2025-04-12,B0: Random,1,0.000000,0.000000,,0_5 10_11 10_3 11_14 11_17 12_18 3_0 3_10 3_13 4_1 5_19 6_12 6_3 6_7 6_9 7_13 8_1 8_11 8_14 9_6,5_14,0.081081,0.052632,0.052632,0.052632,0.052632,0.052632,0.052632,0.000000,,0.081081
2025-04-13,GLM-Logit,4,0.250000,0.050000,3_14,3_10 3_11 3_13 3_6 3_7 4_10 4_8 4_9 5_14 5_8 6_14 6_15 6_6 6_7 7_15 7_16 7_5 8_15 8_6,4_12 5_2 6_12,0.666667,0.538462,0.333333,0.333333,0.379310,0.538462,0.379310,0.250000,0.025641,
2025-04-13,HierBayes,4,0.250000,0.050000,3_14,3_10 3_11 3_13 3_7 4_10 4_8 4_9 5_14 5_8 5_9 6_14 6_15 6_7 7_15 7_16 7_8 8_15 9_14 9_16,4_12 5_2 6_12,,0.818182,0.481481,0.333333,0.290323,0.600000,0.290323,0.212121,0.025641,0.666667
2025-04-13,B1: Static prior,4,0.250000,0.050000,3_14,3_10 3_11 4_10 4_8 4_9 5_14 5_15 5_8 5_9 6_14 6_15 6_7 7_15 7_16 7_8 8_15 9_14 9_15 9_16,4_12 5_2 6_12,0.818182,,0.600000,0.290323,0.250000,0.739130,0.250000,0.250000,0.025641,0.538462
2025-04-13,TTM,4,0.000000,0.000000,,3_10 3_11 3_8 3_9 4_10 4_9 5_15 5_8 5_9 6_15 6_7 7_15 7_3 7_5 7_8 8_15 8_8 9_14 9_15 9_16,3_14 4_12 5_2 6_12,0.481481,0.600000,,0.212121,0.212121,0.538462,0.212121,0.250000,0.025641,0.333333
2025-04-13,ET,4,0.250000,0.050000,3_14,10_14 10_16 3_13 3_6 3_7 4_10 4_6 4_7 4_8 5_7 6_15 6_6 6_7 7_8 8_15 8_9 9_12 9_15 9_16,4_12 5_2 6_12,0.333333,0.290323,0.212121,,0.481481,0.379310,0.250000,0.333333,0.025641,0.333333
2025-04-13,B5: B2+B3,4,0.250000,0.050000,3_14,10_16 3_12 3_13 3_6 3_7 4_10 4_6 4_8 4_9 5_15 5_6 5_7 6_15 6_6 6_7 7_3 7_4 7_9 8_15,4_12 5_2 6_12,0.290323,0.250000,0.212121,0.481481,,0.379310,0.379310,0.481481,0.025641,0.379310
2025-04-13,B4: B1+B3,4,0.250000,0.050000,3_14,3_10 3_11 3_6 4_10 4_8 4_9 5_15 5_7 5_8 5_9 6_14 6_15 6_6 6_7 7_15 7_8 8_15 9_14 9_15,4_12 5_2 6_12,0.600000,0.739130,0.538462,0.379310,0.379310,,0.250000,0.379310,0.025641,0.538462
2025-04-13,B2: Recent MA,4,0.250000,0.050000,4_12,3_13 4_10 4_6 4_8 4_9 5_10 5_13 5_14 5_6 6_15 6_6 6_7 7_15 7_2 7_4 7_5 8_15 8_3 9_9,3_14 5_2 6_12,0.290323,0.250000,0.212121,0.250000,0.379310,0.250000,,0.212121,0.052632,0.379310
2025-04-13,B3: DoY season,4,0.000000,0.000000,,10_16 1_3 3_6 4_8 4_9 5_15 5_6 5_7 6_15 6_6 6_7 7_3 7_8 7_9 8_15 8_5 8_6 8_9 9_14 9_17,3_14 4_12 5_2 6_12,0.212121,0.250000,0.250000,0.333333,0.481481,0.379310,0.212121,,0.025641,0.250000
2025-04-13,B0: Random,4,0.250000,0.050000,6_12,10_0 10_18 10_8 1_12 2_0 2_7 3_18 4_17 4_2 5_1 5_13 5_17 6_17 6_18 8_0 8_15 8_7 9_5 9_8,3_14 4_12 5_2,0.025641,0.025641,0.025641,0.025641,0.025641,0.025641,0.052632,0.025641,,0.025641
2025-04-14,GLM-Logit,4,0.500000,0.100000,3_11 3_6,3_10 3_13 3_14 3_7 4_10 4_8 4_9 5_14 5_8 6_14 6_15 6_6 6_7 7_15 7_16 7_5 8_15 8_6,5_6 5_7,0.666667,0.538462,0.333333,0.333333,0.379310,0.481481,0.333333,0.212121,0.111111,
2025-04-14,HierBayes,4,0.250000,0.050000,3_11,3_10 3_13 3_14 3_7 4_10 4_8 4_9 5_14 5_8 5_9 6_14 6_15 6_7 7_15 7_16 7_8 8_15 9_14 9_16,3_6 5_6 5_7,,0.818182,0.481481,0.333333,0.333333,0.600000,0.250000,0.212121,0.142857,0.666667
2025-04-14,B1: Static prior,4,0.250000,0.050000,3_11,3_10 3_14 4_10 4_8 4_9 5_14 5_15 5_8 5_9 6_14 6_15 6_7 7_15 7_16 7_8 8_15 9_14 9_15 9_16,3_6 5_6 5_7,0.818182,,0.538462,0.290323,0.290323,0.666667,0.212121,0.250000,0.081081,0.538462
2025-04-14,TTM,4,0.250000,0.050000,3_11,3_10 3_12 3_9 4_9 5_8 5_9 6_15 6_7 6_8 7_15 7_16 7_3 7_5 7_8 8_15 8_8 9_14 9_15 9_16,3_6 5_6 5_7,0.481481,0.538462,,0.176471,0.212121,0.481481,0.176471,0.250000,0.052632,0.333333
2025-04-14,ET,4,0.500000,0.100000,3_6 5_7,10_14 10_16 3_13 3_14 3_7 4_10 4_6 4_7 4_8 6_15 6_6 6_7 7_8 8_15 8_9 9_12 9_15 9_16,3_11 5_6,0.333333,0.290323,0.176471,,0.428571,0.333333,0.176471,0.379310,0.111111,0.333333
2025-04-14,B5: B2+B3,4,0.750000,0.150000,3_6 5_6 5_7,3_12 3_13 3_14 3_7 4_10 4_12 4_6 4_8 4_9 5_15 6_15 6_6 6_7 7_3 7_4 8_15 9_14,3_11,0.333333,0.290323,0.212121,0.428571,,0.428571,0.333333,0.481481,0.052632,0.379310
2025-04-14,B4: B1+B3,4,0.750000,0.150000,3_11 3_6 5_7,3_10 3_12 4_10 4_8 4_9 5_15 5_8 5_9 6_14 6_15 6_6 6_7 7_15 7_8 8_15 9_14 9_16,5_6,0.600000,0.666667,0.481481,0.333333,0.428571,,0.176471,0.428571,0.052632,0.481481
2025-04-14,B2: Recent MA,4,0.250000,0.050000,5_6,3_13 3_14 4_12 4_9 5_10 5_13 5_14 5_2 6_12 6_15 6_6 6_7 7_15 7_2 7_4 7_5 8_15 8_3 9_9,3_11 3_6 5_7,0.250000,0.212121,0.176471,0.176471,0.333333,0.176471,,0.176471,0.052632,0.333333
2025-04-14,B3: DoY season,4,0.750000,0.150000,3_6 5_6 5_7,10_16 3_12 4_8 4_9 5_15 6_15 6_6 6_7 7_3 7_8 7_9 8_15 8_9 9_12 9_14 9_17 9_2,3_11,0.212121,0.250000,0.250000,0.379310,0.481481,0.428571,0.176471,,0.081081,0.212121
2025-04-14,B0: Random,4,0.000000,0.000000,,0_15 0_19 10_19 11_16 12_1 12_13 2_7 3_13 3_18 3_7 4_0 5_14 6_11 6_14 6_19 6_8 7_8 7_9 8_10 9_12,3_11 3_6 5_6 5_7,0.142857,0.081081,0.052632,0.111111,0.052632,0.052632,0.052632,0.081081,,0.111111
2025-04-15,GLM-Logit,5,0.200000,0.050000,5_8,3_10 3_11 3_13 3_14 3_6 3_7 4_10 4_8 4_9 5_14 5_7 6_14 6_15 6_7 7_15 7_16 7_5 8_15 8_6,10_16 5_15 5_6 9_12,0.666667,0.538462,0.290323,0.333333,0.379310,0.538462,0.379310,0.212121,0.025641,
2025-04-15,HierBayes,5,0.200000,0.050000,5_8,3_10 3_11 3_13 3_14 3_6 3_7 4_10 4_8 4_9 5_14 5_9 6_14 6_15 6_7 7_15 7_8 8_15 9_14 9_16,10_16 5_15 5_6 9_12,,0.739130,0.481481,0.379310,0.379310,0.739130,0.290323,0.250000,0.025641,0.666667
2025-04-15,B1: Static prior,5,0.400000,0.100000,5_15 5_8,3_10 3_11 3_14 4_10 4_8 4_9 5_14 5_9 6_14 6_15 6_7 7_15 7_16 7_8 8_15 9_14 9_15 9_16,10_16 5_6 9_12,0.739130,,0.538462,0.290323,0.290323,0.739130,0.212121,0.250000,0.025641,0.538462
2025-04-15,TTM,5,0.200000,0.050000,5_8,3_10 3_11 3_12 3_9 4_10 4_9 5_9 6_15 6_3 6_7 6_8 7_15 7_3 7_8 8_15 8_8 9_14 9_15 9_16,10_16 5_15 5_6 9_12,0.481481,0.538462,,0.212121,0.250000,0.538462,0.142857,0.212121,0.052632,0.290323
2025-04-15,ET,5,0.400000,0.100000,10_16 9_12,10_14 3_13 3_14 3_6 3_7 4_10 4_6 4_7 4_8 5_7 6_15 6_6 6_7 7_8 8_15 8_9 9_15 9_16,5_15 5_6 5_8,0.379310,0.290323,0.212121,,0.481481,0.333333,0.250000,0.428571,0.025641,0.333333
2025-04-15,B5: B2+B3,5,0.600000,0.150000,10_16 5_15 5_6,3_12 3_13 3_14 3_6 3_7 4_10 4_12 4_6 4_8 4_9 5_7 6_15 6_6 6_7 7_3 8_15 9_14,5_8 9_12,0.379310,0.290323,0.250000,0.481481,,0.428571,0.379310,0.600000,0.052632,0.379310
2025-04-15,B4: B1+B3,5,0.400000,0.100000,5_15 5_8,3_10 3_11 3_12 3_14 3_6 4_10 4_8 4_9 5_7 5_9 6_14 6_15 6_7 7_15 7_8 8_15 9_14 9_16,10_16 5_6 9_12,0.739130,0.739130,0.538462,0.333333,0.428571,,0.250000,0.379310,0.025641,0.538462
2025-04-15,B2: Recent MA,5,0.200000,0.050000,5_6,3_13 3_14 3_6 4_12 4_9 5_14 5_2 5_7 6_12 6_15 6_6 6_7 7_15 7_2 7_4 7_5 8_15 8_3 9_9,10_16 5_15 5_8 9_12,0.290323,0.212121,0.142857,0.250000,0.379310,0.250000,,0.250000,0.025641,0.379310
2025-04-15,B3: DoY season,5,0.600000,0.150000,10_16 5_15 5_6,3_12 3_14 3_6 4_6 4_8 5_7 6_15 6_6 6_7 7_3 7_8 7_9 8_15 8_9 9_14 9_17 9_2,5_8 9_12,0.250000,0.250000,0.212121,0.428571,0.600000,0.379310,0.250000,,0.052632,0.212121
2025-04-15,B0: Random,5,0.600000,0.150000,5_6 5_8 9_12,0_0 0_8 10_13 10_19 11_8 1_11 1_14 1_16 1_3 2_12 2_15 2_18 2_6 4_15 5_4 7_18 7_3,10_16 5_15,0.025641,0.025641,0.052632,0.025641,0.052632,0.025641,0.025641,0.052632,,0.025641
2025-04-16,GLM-Logit,3,0.333333,0.050000,4_10,3_10 3_11 3_13 3_14 3_6 3_7 4_8 4_9 5_14 5_15 5_7 5_8 6_14 6_15 6_7 7_15 7_16 8_15 8_6,1_3 4_11,0.739130,0.600000,0.379310,0.333333,0.428571,0.600000,0.290323,0.250000,0.081081,
2025-04-16,HierBayes,3,0.333333,0.050000,4_10,3_10 3_11 3_13 3_14 3_6 3_7 4_8 4_9 5_14 5_15 5_8 5_9 6_14 6_15 6_7 7_15 7_8 8_15 9_14,1_3 4_11,,0.739130,0.481481,0.333333,0.428571,0.739130,0.290323,0.290323,0.081081,0.739130
2025-04-16,B1: Static prior,3,0.333333,0.050000,4_10,3_10 3_11 3_14 4_8 4_9 5_14 5_15 5_8 5_9 6_14 6_15 6_7 7_15 7_16 7_8 8_15 9_14 9_15 9_16,1_3 4_11,0.739130,,0.538462,0.290323,0.290323,0.739130,0.212121,0.250000,0.081081,0.600000
2025-04-16,TTM,3,0.333333,0.050000,4_10,3_10 3_11 3_12 3_7 3_9 4_9 5_15 5_8 5_9 6_15 6_7 6_8 7_15 7_8 7_9 8_15 8_8 9_15 9_16,1_3 4_11,0.481481,0.538462,,0.250000,0.250000,0.538462,0.176471,0.212121,0.025641,0.379310
2025-04-16,ET,3,0.333333,0.050000,4_10,10_14 10_16 3_13 3_14 3_6 3_7 4_6 4_7 4_8 5_7 6_15 6_6 6_7 7_8 8_15 8_9 9_12 9_15 9_16,1_3 4_11,0.333333,0.290323,0.250000,,0.481481,0.333333,0.290323,0.428571,0.081081,0.333333
2025-04-16,B5: B2+B3,3,0.000000,0.000000,,10_16 3_12 3_13 3_14 3_6 3_7 4_12 4_6 4_8 4_9 5_15 5_6 5_7 5_8 6_15 6_6 6_7 8_15 9_12 9_14,1_3 4_10 4_11,0.428571,0.290323,0.250000,0.481481,,0.428571,0.481481,0.538462,0.081081,0.428571
2025-04-16,B4: B1+B3,3,0.333333,0.050000,4_10,3_10 3_11 3_12 3_14 3_6 4_8 4_9 5_15 5_7 5_8 5_9 6_14 6_15 6_7 7_15 7_8 8_15 9_14 9_16,1_3 4_11,0.739130,0.739130,0.538462,0.333333,0.428571,,0.250000,0.379310,0.052632,0.600000
2025-04-16,B2: Recent MA,3,0.000000,0.000000,,10_16 3_13 3_14 3_6 4_12 4_9 5_15 5_2 5_6 6_12 6_15 6_6 6_7 7_15 7_2 7_5 8_15 8_3 9_12 9_9,1_3 4_10 4_11,0.290323,0.212121,0.176471,0.290323,0.481481,0.250000,,0.290323,0.025641,0.290323
2025-04-16,B3: DoY season,3,0.000000,0.000000,,10_16 3_12 3_14 3_6 4_6 4_8 5_15 5_6 5_7 6_15 6_6 6_7 7_3 7_8 7_9 8_15 8_9 9_14 9_17 9_2,1_3 4_10 4_11,0.290323,0.250000,0.212121,0.428571,0.538462,0.379310,0.290323,,0.111111,0.250000
2025-04-16,B0: Random,3,0.333333,0.050000,1_3,0_13 0_14 11_4 11_9 12_5 1_13 1_4 2_4 2_9 3_14 3_9 4_13 4_19 4_6 4_8 5_12 5_14 7_3 8_4,4_10 4_11,0.081081,0.081081,0.025641,0.081081,0.081081,0.052632,0.025641,0.111111,,0.081081
2025-04-17,GLM-Logit,3,0.666667,0.100000,3_14 4_10,3_10 3_11 3_13 3_6 3_7 4_8 4_9 5_14 5_15 5_7 5_8 6_14 6_15 6_7 7_15 7_16 8_15 8_6,1_3,0.666667,0.600000,0.333333,0.333333,0.481481,0.538462,0.290323,0.290323,0.111111,
2025-04-17,HierBayes,3,0.666667,0.100000,3_14 4_10,3_10 3_11 3_13 3_7 4_8 4_9 5_14 5_15 5_8 5_9 6_14 6_15 6_7 7_15 7_8 8_15 9_14 9_16,1_3,,0.818182,0.481481,0.333333,0.428571,0.666667,0.290323,0.290323,0.052632,0.666667
2025-04-17,B1: Static prior,3,0.666667,0.100000,3_14 4_10,3_10 3_11 4_8 4_9 5_14 5_15 5_8 5_9 6_14 6_15 6_7 7_15 7_16 7_8 8_15 9_14 9_15 9_16,1_3,0.818182,,0.481481,0.290323,0.333333,0.739130,0.250000,0.250000,0.052632,0.600000
2025-04-17,TTM,3,0.333333,0.050000,4_10,3_10 3_11 3_12 3_7 3_9 4_9 5_8 5_9 6_15 6_3 6_7 6_8 7_15 7_5 7_8 8_15 8_8 9_15 9_16,1_3 3_14,0.481481,0.481481,,0.250000,0.250000,0.538462,0.142857,0.176471,0.000000,0.333333
2025-04-17,ET,3,0.666667,0.100000,3_14 4_10,10_14 10_16 3_13 3_6 3_7 4_6 4_7 4_8 5_7 6_15 6_6 6_7 7_8 8_15 8_9 9_12 9_15 9_16,1_3,0.333333,0.290323,0.250000,,0.481481,0.379310,0.290323,0.481481,0.081081,0.333333
2025-04-17,B5: B2+B3,3,0.666667,0.100000,3_14 4_10,10_16 3_12 3_13 3_6 3_7 4_12 4_6 4_8 4_9 5_15 5_6 5_7 5_8 6_15 6_6 6_7 8_15 9_14,1_3,0.428571,0.333333,0.250000,0.481481,,0.481481,0.428571,0.600000,0.081081,0.481481
2025-04-17,B4: B1+B3,3,0.666667,0.100000,3_14 4_10,3_10 3_11 3_12 3_6 4_8 4_9 5_15 5_7 5_8 5_9 6_15 6_7 7_15 7_8 8_15 9_14 9_15 9_16,1_3,0.666667,0.739130,0.538462,0.379310,0.481481,,0.212121,0.379310,0.025641,0.538462
2025-04-17,B2: Recent MA,3,1.000000,0.150000,1_3 3_14 4_10,10_16 3_13 4_12 4_9 5_13 5_14 5_15 5_6 6_12 6_15 6_6 6_7 7_2 8_15 8_3 9_12 9_9,,0.290323,0.250000,0.142857,0.290323,0.428571,0.212121,,0.250000,0.081081,0.290323
2025-04-17,B3: DoY season,3,0.333333,0.050000,3_14,10_16 3_12 3_6 3_7 4_6 4_8 5_15 5_6 5_7 6_15 6_6 6_7 7_3 7_8 8_14 8_15 8_9 9_14 9_17,1_3 4_10,0.290323,0.250000,0.176471,0.481481,0.600000,0.379310,0.250000,,0.081081,0.290323
2025-04-17,B0: Random,3,0.000000,0.000000,,10_16 11_10 1_0 1_13 1_14 1_19 1_4 3_13 3_15 3_19 4_8 5_17 5_2 5_5 6_13 7_10 7_16 8_6 9_17 9_9,1_3 3_14 4_10,0.052632,0.052632,0.000000,0.081081,0.081081,0.025641,0.081081,0.081081,,0.111111
2025-04-18,GLM-Logit,3,0.666667,0.100000,3_11 3_13,3_10 3_14 3_6 3_7 4_10 4_8 4_9 5_14 5_15 5_7 5_8 6_14 6_15 6_7 7_15 7_16 8_15 8_6,9_14,0.666667,0.600000,0.379310,0.333333,0.379310,0.538462,0.290323,0.250000,0.000000,
2025-04-18,HierBayes,3,1.000000,0.150000,3_11 3_13 9_14,3_10 3_14 3_7 4_10 4_8 4_9 5_14 5_15 5_8 5_9 6_14 6_15 6_7 7_15 7_8 8_15 9_16,,,0.818182,0.538462,0.333333,0.333333,0.666667,0.290323,0.212121,0.025641,0.666667
2025-04-18,B1: Static prior,3,0.666667,0.100000,3_11 9_14,3_10 3_14 4_10 4_8 4_9 5_14 5_15 5_8 5_9 6_14 6_15 6_7 7_15 7_16 7_8 8_15 9_15 9_16,3_13,0.818182,,0.600000,0.290323,0.290323,0.739130,0.250000,0.250000,0.025641,0.600000
2025-04-18,TTM,3,0.333333,0.050000,3_11,3_10 3_12 4_10 4_8 4_9 5_14 5_8 5_9 6_15 6_3 6_7 6_8 7_15 7_5 7_8 8_15 8_8 9_15 9_16,3_13 9_14,0.538462,0.600000,,0.250000,0.212121,0.538462,0.212121,0.176471,0.000000,0.379310
2025-04-18,ET,3,0.333333,0.050000,3_13,10_14 10_16 3_14 3_6 3_7 4_10 4_6 4_7 4_8 5_7 6_15 6_6 6_7 7_8 8_15 8_9 9_12 9_15 9_16,3_11 9_14,0.333333,0.290323,0.250000,,0.481481,0.428571,0.290323,0.481481,0.000000,0.333333
2025-04-18,B5: B2+B3,3,0.666667,0.100000,3_13 9_14,10_16 1_3 3_12 3_14 3_6 4_10 4_12 4_6 4_8 4_9 5_15 5_6 5_7 6_15 6_6 6_7 8_15 9_12,3_11,0.333333,0.290323,0.212121,0.481481,,0.428571,0.538462,0.600000,0.052632,0.379310
2025-04-18,B4: B1+B3,3,0.666667,0.100000,3_11 9_14,3_10 3_14 3_6 4_10 4_8 4_9 5_15 5_7 5_8 5_9 6_15 6_6 6_7 7_15 7_8 8_15 9_15 9_16,3_13,0.666667,0.739130,0.538462,0.428571,0.428571,,0.290323,0.379310,0.025641,0.538462
2025-04-18,B2: Recent MA,3,0.333333,0.050000,3_13,10_16 1_3 3_14 4_10 4_12 4_9 5_13 5_15 5_2 5_6 6_15 6_6 6_7 7_15 7_2 7_5 8_15 9_12 9_9,3_11 9_14,0.290323,0.250000,0.212121,0.290323,0.538462,0.290323,,0.290323,0.025641,0.290323
2025-04-18,B3: DoY season,3,0.333333,0.050000,9_14,10_14 10_16 3_12 3_14 3_6 4_6 4_8 5_15 5_6 5_7 6_15 6_6 6_7 7_3 7_9 8_15 9_12 9_15 9_17,3_11 3_13,0.212121,0.250000,0.176471,0.481481,0.600000,0.379310,0.290323,,0.025641,0.250000
2025-04-18,B0: Random,3,0.333333,0.050000,9_14,0_1 0_16 0_3 0_4 10_13 11_9 12_10 12_19 12_4 12_9 1_3 1_5 2_8 3_0 7_12 7_19 8_13 8_5 9_4,3_11 3_13,0.025641,0.025641,0.000000,0.000000,0.052632,0.025641,0.025641,0.025641,,0.000000
2025-04-19,GLM-Logit,3,0.333333,0.050000,6_15,3_10 3_11 3_13 3_14 3_6 3_7 4_10 4_8 4_9 5_14 5_15 5_7 5_8 6_14 6_7 7_15 7_16 8_15 9_14,5_6 6_5,0.739130,0.666667,0.379310,0.333333,0.428571,0.600000,0.379310,0.333333,0.025641,
2025-04-19,HierBayes,3,0.333333,0.050000,6_15,3_10 3_11 3_13 3_14 3_7 4_10 4_8 4_9 5_14 5_15 5_8 5_9 6_14 6_7 7_15 7_8 8_15 9_14 9_16,5_6 6_5,,0.818182,0.538462,0.333333,0.333333,0.666667,0.379310,0.250000,0.025641,0.739130
2025-04-19,B1: Static prior,3,0.333333,0.050000,6_15,3_10 3_11 3_14 4_10 4_8 4_9 5_14 5_15 5_8 5_9 6_14 6_7 7_15 7_16 7_8 8_15 9_14 9_15 9_16,5_6 6_5,0.818182,,0.600000,0.290323,0.333333,0.739130,0.333333,0.290323,0.025641,0.666667
2025-04-19,TTM,3,0.333333,0.050000,6_15,3_10 3_11 3_12 3_14 3_9 4_9 5_15 5_8 5_9 6_14 6_3 6_7 7_15 7_5 7_8 8_15 8_8 9_15 9_16,5_6 6_5,0.538462,0.600000,,0.212121,0.250000,0.538462,0.212121,0.250000,0.052632,0.379310
2025-04-19,ET,3,0.333333,0.050000,6_15,10_14 10_16 3_13 3_14 3_6 3_7 4_10 4_6 4_7 4_8 5_7 6_6 6_7 7_8 8_15 8_9 9_12 9_15 9_16,5_6 6_5,0.333333,0.290323,0.212121,,0.538462,0.428571,0.290323,0.481481,0.025641,0.333333
2025-04-19,B5: B2+B3,3,0.666667,0.100000,5_6 6_15,10_16 1_3 3_12 3_13 3_14 3_6 4_10 4_6 4_8 5_15 5_7 5_8 6_6 6_7 8_15 9_12 9_14 9_15,6_5,0.333333,0.333333,0.250000,0.538462,,0.481481,0.481481,0.739130,0.052632,0.428571
2025-04-19,B4: B1+B3,3,0.333333,0.050000,6_15,3_10 3_11 3_14 3_6 4_10 4_8 4_9 5_15 5_7 5_8 5_9 6_6 6_7 7_15 7_8 8_15 9_14 9_15 9_16,5_6 6_5,0.666667,0.739130,0.538462,0.428571,0.481481,,0.333333,0.428571,0.025641,0.600000
2025-04-19,B2: Recent MA,3,0.666667,0.100000,5_6 6_15,10_16 1_3 3_11 3_13 3_14 4_10 4_9 5_13 5_14 5_15 6_12 6_6 6_7 7_2 8_15 9_12 9_14 9_9,6_5,0.379310,0.333333,0.212121,0.290323,0.481481,0.333333,,0.333333,0.025641,0.379310
2025-04-19,B3: DoY season,3,0.666667,0.100000,5_6 6_15,10_14 10_16 3_12 3_14 3_6 4_6 4_8 5_15 5_7 5_8 6_6 6_7 7_3 8_15 9_12 9_14 9_15 9_17,6_5,0.250000,0.290323,0.250000,0.481481,0.739130,0.428571,0.333333,,0.052632,0.333333
2025-04-19,B0: Random,3,0.000000,0.000000,,0_4 10_9 11_6 12_12 12_6 12_8 3_12 4_3 5_17 5_18 5_3 6_7 6_8 7_11 7_17 7_18 8_14 9_1 9_18 9_19,5_6 6_15 6_5,0.025641,0.025641,0.052632,0.025641,0.052632,0.025641,0.025641,0.052632,,0.025641
2025-04-20,GLM-Logit,2,0.500000,0.050000,3_10,3_11 3_13 3_14 3_6 3_7 4_10 4_8 4_9 5_14 5_15 5_7 5_8 6_14 6_15 6_7 7_15 7_16 8_15 9_14,7_5,0.739130,0.666667,0.481481,0.333333,0.428571,0.666667,0.379310,0.333333,0.025641,
2025-04-20,HierBayes,2,0.500000,0.050000,3_10,3_11 3_13 3_14 3_7 4_10 4_8 4_9 5_14 5_15 5_8 5_9 6_14 6_15 6_7 7_15 7_8 8_15 9_14 9_16,7_5,,0.818182,0.666667,0.333333,0.333333,0.666667,0.379310,0.250000,0.025641,0.739130
2025-04-20,B1: Static prior,2,0.500000,0.050000,3_10,3_11 3_14 4_10 4_8 4_9 5_14 5_15 5_8 5_9 6_14 6_15 6_7 7_15 7_16 7_8 8_15 9_14 9_15 9_16,7_5,0.818182,,0.739130,0.290323,0.333333,0.666667,0.333333,0.250000,0.000000,0.666667
2025-04-20,TTM,2,1.000000,0.100000,3_10 7_5,3_11 3_14 3_9 4_10 4_9 5_15 5_8 5_9 6_14 6_15 6_7 7_15 7_8 8_15 8_8 9_14 9_15 9_16,,0.666667,0.739130,,0.250000,0.290323,0.600000,0.290323,0.212121,0.025641,0.481481
2025-04-20,ET,2,0.000000,0.000000,,10_14 10_16 3_13 3_14 3_6 3_7 4_10 4_6 4_7 4_8 5_7 6_15 6_6 6_7 7_8 8_15 8_9 9_12 9_15 9_16,3_10 7_5,0.333333,0.290323,0.250000,,0.538462,0.428571,0.212121,0.428571,0.052632,0.333333
2025-04-20,B5: B2+B3,2,0.000000,0.000000,,10_16 1_3 3_12 3_13 3_14 3_6 4_10 4_6 4_8 5_15 5_6 5_7 5_8 6_15 6_6 6_7 8_15 9_12 9_14 9_15,3_10 7_5,0.333333,0.333333,0.290323,0.538462,,0.538462,0.379310,0.666667,0.000000,0.428571
2025-04-20,B4: B1+B3,2,0.500000,0.050000,3_10,3_11 3_13 3_14 3_6 4_10 4_8 4_9 5_15 5_7 5_8 5_9 6_15 6_6 6_7 7_15 7_8 8_15 9_14 9_15,7_5,0.666667,0.666667,0.600000,0.428571,0.538462,,0.379310,0.428571,0.000000,0.666667
2025-04-20,B2: Recent MA,2,0.000000,0.000000,,1_3 3_11 3_13 3_14 4_10 4_9 5_13 5_14 5_15 5_6 6_12 6_15 6_5 6_6 7_15 7_2 8_15 9_12 9_14 9_9,3_10 7_5,0.379310,0.333333,0.290323,0.212121,0.379310,0.379310,,0.250000,0.025641,0.379310
2025-04-20,B3: DoY season,2,0.000000,0.000000,,10_14 10_16 3_12 3_13 3_14 3_6 4_8 5_15 5_4 5_6 5_7 5_8 6_15 6_6 6_7 7_3 9_12 9_14 9_15 9_17,3_10 7_5,0.250000,0.250000,0.212121,0.428571,0.666667,0.428571,0.250000,,0.025641,0.333333
2025-04-20,B0: Random,2,0.000000,0.000000,,10_2 10_3 10_9 12_0 2_17 3_7 3_8 4_13 4_16 4_18 4_7 5_18 5_3 6_12 6_16 8_16 8_18 8_8 9_0 9_17,3_10 7_5,0.025641,0.000000,0.025641,0.052632,0.000000,0.000000,0.025641,0.025641,,0.025641
2025-04-21,GLM-Logit,3,0.333333,0.050000,4_10,3_10 3_11 3_13 3_14 3_6 3_7 4_8 4_9 5_14 5_15 5_7 5_8 6_14 6_15 6_7 7_15 7_5 8_15 9_14,4_14 7_16,0.818182,0.600000,0.428571,0.333333,0.481481,0.666667,0.481481,0.333333,0.000000,
2025-04-21,HierBayes,3,0.333333,0.050000,4_10,3_10 3_11 3_13 3_14 3_7 4_8 4_9 5_14 5_15 5_8 5_9 6_14 6_15 6_7 7_15 7_5 7_8 8_15 9_14,4_14 7_16,,0.739130,0.538462,0.290323,0.379310,0.666667,0.481481,0.250000,0.000000,0.818182
2025-04-21,B1: Static prior,3,0.666667,0.100000,4_10 7_16,3_10 3_11 3_14 4_8 4_9 5_14 5_15 5_8 5_9 6_14 6_15 6_7 7_15 7_8 8_15 9_14 9_15 9_16,4_14,0.739130,,0.600000,0.290323,0.333333,0.739130,0.379310,0.290323,0.000000,0.600000
2025-04-21,TTM,3,0.333333,0.050000,4_10,10_17 3_10 3_11 3_12 3_14 3_9 4_9 5_8 5_9 6_14 6_15 6_7 7_15 7_5 7_8 8_15 8_8 9_15 9_16,4_14 7_16,0.538462,0.600000,,0.250000,0.250000,0.538462,0.290323,0.176471,0.000000,0.428571
2025-04-21,ET,3,0.333333,0.050000,4_10,10_14 10_16 3_13 3_14 3_6 3_7 4_6 4_7 4_8 5_7 6_15 6_6 6_7 7_8 8_15 8_9 9_12 9_15 9_16,4_14 7_16,0.290323,0.290323,0.250000,,0.481481,0.428571,0.212121,0.600000,0.000000,0.333333
2025-04-21,B5: B2+B3,3,0.333333,0.050000,4_10,10_16 1_3 3_10 3_12 3_13 3_14 3_6 4_6 4_8 5_15 5_6 5_7 5_8 6_15 6_6 6_7 8_15 9_12 9_14,4_14 7_16,0.379310,0.333333,0.250000,0.481481,,0.481481,0.428571,0.538462,0.000000,0.481481
2025-04-21,B4: B1+B3,3,0.333333,0.050000,4_10,3_10 3_11 3_13 3_14 3_6 4_8 4_9 5_15 5_7 5_8 5_9 6_15 6_7 7_15 7_8 8_15 9_14 9_15 9_16,4_14 7_16,0.666667,0.739130,0.538462,0.428571,0.481481,,0.379310,0.428571,0.000000,0.666667
2025-04-21,B2: Recent MA,3,0.333333,0.050000,4_10,1_3 3_10 3_11 3_13 3_14 4_9 5_14 5_15 5_6 6_12 6_15 6_5 6_6 7_15 7_2 7_5 8_15 9_12 9_14,4_14 7_16,0.481481,0.379310,0.290323,0.212121,0.428571,0.379310,,0.212121,0.000000,0.481481
2025-04-21,B3: DoY season,3,0.000000,0.000000,,10_14 10_16 3_13 3_14 3_6 4_6 4_7 4_8 5_15 5_4 5_7 5_8 6_15 6_6 6_7 7_3 9_12 9_14 9_15 9_16,4_10 4_14 7_16,0.250000,0.290323,0.176471,0.600000,0.538462,0.428571,0.212121,,0.000000,0.333333
2025-04-21,B0: Random,3,0.333333,0.050000,4_14,0_14 10_19 11_10 11_2 11_3 11_4 11_7 12_0 12_11 12_5 12_7 1_0 1_7 2_18 2_3 3_16 6_3 7_6 9_19,4_10 7_16,0.000000,0.000000,0.000000,0.000000,0.000000,0.000000,0.000000,0.000000,,0.000000
2025-04-22,GLM-Logit,2,0.500000,0.050000,4_9,3_10 3_11 3_13 3_14 3_7 4_10 4_8 5_14 5_15 5_7 5_8 6_14 6_15 6_7 7_15 7_16 7_5 8_15 9_14,6_6,0.818182,0.666667,0.481481,0.290323,0.379310,0.600000,0.538462,0.290323,0.025641,
2025-04-22,HierBayes,2,0.500000,0.050000,4_9,3_10 3_11 3_13 3_14 3_7 4_10 4_8 5_14 5_15 5_8 5_9 6_14 6_15 6_7 7_15 7_16 7_8 8_15 9_14,6_6,,0.818182,0.538462,0.290323,0.333333,0.666667,0.481481,0.250000,0.025641,0.818182
2025-04-22,B1: Static prior,2,0.500000,0.050000,4_9,3_10 3_11 3_14 4_10 4_8 5_14 5_15 5_8 5_9 6_14 6_15 6_7 7_15 7_16 7_8 8_15 9_14 9_15 9_16,6_6,0.818182,,0.666667,0.290323,0.290323,0.739130,0.428571,0.290323,0.052632,0.666667
2025-04-22,TTM,2,0.500000,0.050000,4_9,3_10 3_11 3_12 3_14 4_10 5_14 5_15 5_8 5_9 6_14 6_15 6_7 6_8 7_15 7_5 7_8 8_8 9_15 9_16,6_6,0.538462,0.666667,,0.212121,0.250000,0.600000,0.333333,0.212121,0.052632,0.481481
2025-04-22,ET,2,0.500000,0.050000,6_6,10_14 10_16 3_13 3_14 3_6 3_7 4_10 4_6 4_7 4_8 5_7 6_15 6_7 7_8 8_15 8_9 9_12 9_15 9_16,4_9,0.290323,0.290323,0.212121,,0.481481,0.379310,0.176471,0.538462,0.052632,0.290323
2025-04-22,B5: B2+B3,2,0.500000,0.050000,6_6,10_16 1_3 3_10 3_12 3_13 3_14 3_6 4_10 4_14 4_6 4_8 5_15 5_6 5_7 5_8 6_15 6_7 8_15 9_12,4_9,0.333333,0.290323,0.250000,0.481481,,0.428571,0.333333,0.481481,0.025641,0.379310
2025-04-22,B4: B1+B3,2,0.500000,0.050000,4_9,3_10 3_11 3_12 3_13 3_14 4_10 4_8 5_15 5_7 5_8 5_9 6_15 6_7 7_15 7_8 8_15 9_14 9_15 9_16,6_6,0.666667,0.739130,0.600000,0.379310,0.428571,,0.379310,0.379310,0.052632,0.600000
2025-04-22,B2: Recent MA,2,1.000000,0.100000,4_9 6_6,1_3 3_10 3_11 3_13 3_14 4_10 5_14 5_15 5_6 6_12 6_15 6_5 7_15 7_16 7_2 7_5 8_15 9_14,,0.481481,0.428571,0.333333,0.176471,0.333333,0.379310,,0.176471,0.025641,0.538462
2025-04-22,B3: DoY season,2,0.500000,0.050000,6_6,10_14 10_16 3_13 3_14 4_14 4_6 4_7 4_8 5_15 5_4 5_7 5_8 6_15 6_7 7_3 9_12 9_14 9_15 9_16,4_9,0.250000,0.290323,0.212121,0.538462,0.481481,0.379310,0.176471,,0.052632,0.290323
2025-04-22,B0: Random,2,0.000000,0.000000,,0_3 0_4 0_6 10_10 10_8 11_10 11_18 11_9 12_10 12_19 12_4 3_14 5_11 5_5 7_17 7_7 9_0 9_13 9_16 9_5,4_9 6_6,0.025641,0.052632,0.052632,0.052632,0.025641,0.052632,0.025641,0.052632,,0.025641
2025-04-23,GLM-Logit,1,1.000000,0.050000,4_9,3_10 3_11 3_13 3_14 3_7 4_10 4_8 5_14 5_15 5_7 5_8 6_15 6_6 6_7 7_15 7_16 7_5 8_15 9_14,,0.739130,0.600000,0.428571,0.333333,0.481481,0.538462,0.538462,0.333333,0.025641,
2025-04-23,HierBayes,1,1.000000,0.050000,4_9,3_10 3_11 3_13 3_14 3_7 4_10 4_8 5_14 5_15 5_8 5_9 6_14 6_15 6_7 7_15 7_16 7_8 8_15 9_14,,,0.818182,0.481481,0.290323,0.379310,0.600000,0.428571,0.250000,0.025641,0.739130
2025-04-23,B1: Static prior,1,1.000000,0.050000,4_9,3_10 3_11 3_14 4_10 4_8 5_14 5_15 5_8 5_9 6_14 6_15 6_7 7_15 7_16 7_8 8_15 9_14 9_15 9_16,,0.818182,,0.600000,0.290323,0.333333,0.666667,0.379310,0.290323,0.025641,0.600000
2025-04-23,TTM,1,1.000000,0.050000,4_9,3_10 3_11 3_12 3_14 3_9 4_10 5_14 5_15 5_9 6_15 6_8 7_15 7_5 7_8 8_15 8_8 9_14 9_15 9_16,,0.481481,0.600000,,0.212121,0.250000,0.481481,0.379310,0.176471,0.025641,0.428571
2025-04-23,ET,1,0.000000,0.000000,,10_14 10_16 3_13 3_14 3_6 3_7 4_10 4_6 4_7 4_8 5_7 6_15 6_6 6_7 7_8 8_15 8_9 9_12 9_15 9_16,4_9,0.290323,0.290323,0.212121,,0.481481,0.481481,0.176471,0.600000,0.025641,0.333333
2025-04-23,B5: B2+B3,1,1.000000,0.050000,4_9,10_16 1_3 3_10 3_13 3_14 3_6 4_10 4_14 4_6 4_7 4_8 5_15 5_6 5_7 6_15 6_6 6_7 8_15 9_14,,0.379310,0.333333,0.250000,0.481481,,0.538462,0.379310,0.481481,0.052632,0.481481
2025-04-23,B4: B1+B3,1,1.000000,0.050000,4_9,3_10 3_13 3_14 3_6 4_10 4_7 4_8 5_15 5_7 5_8 5_9 6_15 6_7 7_15 7_8 8_15 9_14 9_15 9_16,,0.600000,0.666667,0.481481,0.481481,0.538462,,0.290323,0.481481,0.025641,0.538462
2025-04-23,B2: Recent MA,1,1.000000,0.050000,4_9,1_3 3_11 3_13 3_14 4_10 5_13 5_14 5_15 5_6 6_12 6_15 6_5 6_6 7_15 7_16 7_2 7_5 8_15 9_14,,0.428571,0.379310,0.379310,0.176471,0.379310,0.290323,,0.176471,0.025641,0.538462
2025-04-23,B3: DoY season,1,0.000000,0.000000,,10_14 10_16 10_17 3_13 3_14 3_6 4_6 4_7 4_8 5_15 5_4 5_7 5_8 6_15 6_6 6_7 9_12 9_14 9_15 9_16,4_9,0.250000,0.290323,0.176471,0.600000,0.481481,0.481481,0.176471,,0.052632,0.333333
2025-04-23,B0: Random,1,0.000000,0.000000,,0_1 10_1 10_4 12_18 12_3 1_0 1_10 1_17 1_19 2_9 4_1 4_6 5_1 5_5 6_18 7_11 7_7 8_14 9_14 9_5,4_9,0.025641,0.025641,0.025641,0.025641,0.052632,0.025641,0.025641,0.052632,,0.025641
2025-04-24,GLM-Logit,1,0.000000,0.000000,,3_10 3_11 3_13 3_14 3_7 4_10 4_8 4_9 5_14 5_15 5_7 5_8 6_15 6_6 6_7 7_15 7_16 7_5 8_15 9_14,5_6,0.739130,0.600000,0.428571,0.333333,0.481481,0.538462,0.538462,0.290323,0.052632,
2025-04-24,HierBayes,1,0.000000,0.000000,,3_10 3_11 3_13 3_14 3_7 4_10 4_8 4_9 5_14 5_15 5_8 5_9 6_14 6_15 6_7 7_15 7_16 7_8 8_15 9_14,5_6,,0.818182,0.481481,0.290323,0.379310,0.600000,0.428571,0.250000,0.081081,0.739130
2025-04-24,B1: Static prior,1,0.000000,0.000000,,3_10 3_11 3_14 4_10 4_8 4_9 5_14 5_15 5_8 5_9 6_14 6_15 6_7 7_15 7_16 7_8 8_15 9_14 9_15 9_16,5_6,0.818182,,0.600000,0.290323,0.333333,0.666667,0.379310,0.290323,0.142857,0.600000
2025-04-24,TTM,1,0.000000,0.000000,,3_10 3_11 3_12 3_9 4_10 4_9 5_14 5_7 5_8 5_9 6_14 6_15 7_15 7_5 7_8 8_15 8_8 9_14 9_15 9_16,5_6,0.481481,0.600000,,0.212121,0.212121,0.481481,0.290323,0.212121,0.142857,0.428571
2025-04-24,ET,1,0.000000,0.000000,,10_14 10_16 3_13 3_14 3_6 3_7 4_10 4_6 4_7 4_8 5_7 6_15 6_6 6_7 7_8 8_15 8_9 9_12 9_15 9_16,5_6,0.290323,0.290323,0.212121,,0.481481,0.481481,0.176471,0.481481,0.111111,0.333333
2025-04-24,B5: B2+B3,1,1.000000,0.050000,5_6,10_16 1_3 3_10 3_13 3_14 3_6 4_10 4_14 4_6 4_7 4_8 4_9 5_15 5_7 6_15 6_6 6_7 8_15 9_14,,0.379310,0.333333,0.212121,0.481481,,0.538462,0.379310,0.428571,0.052632,0.481481
2025-04-24,B4: B1+B3,1,0.000000,0.000000,,3_10 3_13 3_14 3_6 4_10 4_7 4_8 4_9 5_15 5_7 5_8 5_9 6_15 6_7 7_15 7_8 8_15 9_14 9_15 9_16,5_6,0.600000,0.666667,0.481481,0.481481,0.538462,,0.290323,0.481481,0.142857,0.538462
2025-04-24,B2: Recent MA,1,1.000000,0.050000,5_6,1_3 3_11 3_13 3_14 4_10 4_9 5_13 5_14 5_15 6_12 6_15 6_5 6_6 7_15 7_16 7_2 7_5 8_15 9_14,,0.428571,0.379310,0.290323,0.176471,0.379310,0.290323,,0.176471,0.052632,0.538462
2025-04-24,B3: DoY season,1,0.000000,0.000000,,10_16 10_17 3_13 3_14 3_6 4_6 4_7 5_15 5_4 5_7 5_8 5_9 6_15 6_6 6_7 6_8 9_12 9_14 9_15 9_16,5_6,0.250000,0.290323,0.212121,0.481481,0.428571,0.481481,0.176471,,0.052632,0.290323
2025-04-24,B0: Random,1,0.000000,0.000000,,0_11 0_12 1_4 2_15 2_18 2_8 3_10 3_17 4_1 4_10 5_1 5_13 7_8 8_19 8_4 9_15 9_16 9_17 9_5 9_7,5_6,0.081081,0.142857,0.142857,0.111111,0.052632,0.142857,0.052632,0.052632,,0.052632
2025-04-25,GLM-Logit,2,0.500000,0.050000,8_15,3_10 3_11 3_13 3_14 3_7 4_10 4_8 4_9 5_14 5_15 5_7 5_8 6_15 6_6 6_7 7_15 7_16 7_5 9_14,9_15,0.739130,0.600000,0.428571,0.333333,0.481481,0.538462,0.538462,0.333333,0.081081,
2025-04-25,HierBayes,2,0.500000,0.050000,8_15,3_10 3_11 3_13 3_14 3_7 4_10 4_8 4_9 5_14 5_15 5_8 5_9 6_14 6_15 6_7 7_15 7_16 7_8 9_14,9_15,,0.818182,0.600000,0.290323,0.379310,0.600000,0.428571,0.290323,0.111111,0.739130
2025-04-25,B1: Static prior,2,1.000000,0.100000,8_15 9_15,3_10 3_11 3_14 4_10 4_8 4_9 5_14 5_15 5_8 5_9 6_14 6_15 6_7 7_15 7_16 7_8 9_14 9_16,,0.818182,,0.666667,0.290323,0.333333,0.666667,0.379310,0.333333,0.111111,0.600000
2025-04-25,TTM,2,1.000000,0.100000,8_15 9_15,10_16 3_10 3_11 3_13 3_9 4_10 4_9 5_14 5_15 5_8 5_9 6_14 6_15 7_15 7_8 8_8 9_14 9_16,,0.600000,0.666667,,0.250000,0.290323,0.538462,0.333333,0.290323,0.111111,0.428571
2025-04-25,ET,2,1.000000,0.100000,8_15 9_15,10_14 10_16 3_13 3_14 3_6 3_7 4_10 4_6 4_7 4_8 5_7 6_15 6_6 6_7 7_8 8_9 9_12 9_16,,0.290323,0.290323,0.250000,,0.428571,0.428571,0.176471,0.538462,0.025641,0.333333
2025-04-25,B5: B2+B3,2,0.500000,0.050000,8_15,10_16 1_3 3_10 3_13 3_14 3_6 4_10 4_14 4_7 4_9 5_6 5_7 5_8 6_15 6_6 6_7 7_16 9_12 9_14,9_15,0.379310,0.333333,0.290323,0.428571,,0.538462,0.379310,0.538462,0.081081,0.481481
2025-04-25,B4: B1+B3,2,1.000000,0.100000,8_15 9_15,3_10 3_11 3_13 3_14 3_6 4_10 4_7 4_9 5_7 5_8 5_9 6_15 6_7 7_15 7_16 7_8 9_14 9_16,,0.600000,0.666667,0.538462,0.428571,0.538462,,0.333333,0.538462,0.142857,0.538462
2025-04-25,B2: Recent MA,2,0.500000,0.050000,8_15,1_3 3_11 3_13 3_14 4_10 4_9 5_13 5_14 5_15 5_6 6_12 6_15 6_5 6_6 7_15 7_16 7_2 7_5 9_14,9_15,0.428571,0.379310,0.333333,0.176471,0.379310,0.333333,,0.212121,0.081081,0.538462
2025-04-25,B3: DoY season,2,1.000000,0.100000,8_15 9_15,10_16 3_13 3_14 3_6 4_6 4_7 5_4 5_7 5_8 5_9 6_15 6_6 6_7 7_16 7_3 9_12 9_14 9_16,,0.290323,0.333333,0.290323,0.538462,0.538462,0.538462,0.212121,,0.081081,0.333333
2025-04-25,B0: Random,2,0.000000,0.000000,,0_12 0_14 0_5 10_3 11_9 12_11 1_9 3_11 3_6 4_1 4_16 5_10 5_19 5_3 5_6 5_8 5_9 7_15 8_12 9_11,8_15 9_15,0.111111,0.111111,0.111111,0.025641,0.081081,0.142857,0.081081,0.081081,,0.081081
2025-04-26,GLM-Logit,5,0.200000,0.050000,8_15,3_10 3_11 3_13 3_14 3_7 4_10 4_8 4_9 5_14 5_15 5_8 6_15 6_6 6_7 7_15 7_16 7_5 9_14 9_15,0_11 2_4 4_15 5_6,0.739130,0.666667,0.600000,0.333333,0.379310,0.538462,0.600000,0.290323,0.111111,
2025-04-26,HierBayes,5,0.200000,0.050000,8_15,3_10 3_11 3_13 3_14 4_10 4_8 4_9 5_14 5_15 5_8 5_9 6_14 6_15 6_7 7_15 7_16 7_8 9_14 9_15,0_11 2_4 4_15 5_6,,0.904762,0.666667,0.290323,0.333333,0.739130,0.481481,0.333333,0.081081,0.739130
2025-04-26,B1: Static prior,5,0.200000,0.050000,8_15,3_10 3_11 3_14 4_10 4_8 4_9 5_14 5_15 5_8 5_9 6_14 6_15 6_7 7_15 7_16 7_8 9_14 9_15 9_16,0_11 2_4 4_15 5_6,0.904762,,0.666667,0.290323,0.333333,0.739130,0.428571,0.333333,0.081081,0.666667
2025-04-26,TTM,5,0.200000,0.050000,8_15,3_10 3_11 3_13 3_14 3_9 4_10 4_9 5_15 5_8 5_9 6_15 6_7 7_15 7_5 7_8 8_8 9_14 9_15 9_16,0_11 2_4 4_15 5_6,0.666667,0.666667,,0.290323,0.379310,0.600000,0.428571,0.333333,0.052632,0.600000
2025-04-26,ET,5,0.200000,0.050000,8_15,10_14 10_16 3_13 3_14 3_6 3_7 4_10 4_6 4_7 4_8 5_7 6_15 6_6 6_7 7_8 8_9 9_12 9_15 9_16,0_11 2_4 4_15 5_6,0.290323,0.290323,0.290323,,0.600000,0.428571,0.212121,0.538462,0.052632,0.333333
2025-04-26,B5: B2+B3,5,0.400000,0.100000,5_6 8_15,10_16 1_3 3_13 3_14 3_6 4_10 4_6 4_7 4_9 5_7 5_8 6_15 6_6 6_7 9_12 9_14 9_15 9_16,0_11 2_4 4_15,0.333333,0.333333,0.379310,0.600000,,0.481481,0.379310,0.666667,0.025641,0.379310
2025-04-26,B4: B1+B3,5,0.200000,0.050000,8_15,3_10 3_13 3_14 3_6 4_10 4_7 4_8 4_9 5_8 5_9 6_14 6_15 6_7 7_15 7_16 7_8 9_14 9_15 9_16,0_11 2_4 4_15 5_6,0.739130,0.739130,0.600000,0.428571,0.481481,,0.333333,0.481481,0.081081,0.538462
2025-04-26,B2: Recent MA,5,0.400000,0.100000,5_6 8_15,1_3 3_11 3_13 3_14 4_10 4_9 5_13 5_14 5_15 6_12 6_15 6_6 7_15 7_16 7_2 7_5 9_14 9_15,0_11 2_4 4_15,0.481481,0.428571,0.428571,0.212121,0.379310,0.333333,,0.212121,0.081081,0.600000
2025-04-26,B3: DoY season,5,0.200000,0.050000,8_15,10_16 3_13 3_14 3_6 4_6 4_7 5_4 5_7 5_8 5_9 6_14 6_15 6_6 6_7 7_3 9_12 9_14 9_15 9_16,0_11 2_4 4_15 5_6,0.333333,0.333333,0.333333,0.538462,0.666667,0.481481,0.212121,,0.025641,0.290323
2025-04-26,B0: Random,5,0.000000,0.000000,,10_11 10_19 10_9 11_0 11_2 11_4 12_1 12_3 2_9 4_11 4_14 4_18 4_8 5_2 6_15 6_3 6_5 7_16 7_5 7_7,0_11 2_4 4_15 5_6 8_15,0.081081,0.081081,0.052632,0.052632,0.025641,0.081081,0.081081,0.025641,,0.111111
2025-04-27,GLM-Logit,5,0.600000,0.150000,3_13 4_10 5_14,3_10 3_11 3_14 3_7 4_9 5_15 5_7 5_8 6_15 6_6 6_7 7_15 7_16 7_5 8_15 9_14 9_15,6_14 8_16,0.739130,0.600000,0.428571,0.333333,0.538462,0.481481,0.600000,0.333333,0.052632,
2025-04-27,HierBayes,5,0.800000,0.200000,3_13 4_10 5_14 6_14,3_10 3_11 3_14 3_7 4_9 5_15 5_8 5_9 6_15 6_7 7_15 7_16 7_8 8_15 9_14 9_15,8_16,,0.818182,0.538462,0.290323,0.428571,0.666667,0.481481,0.333333,0.081081,0.739130
2025-04-27,B1: Static prior,5,0.600000,0.150000,4_10 5_14 6_14,3_10 3_11 3_14 4_8 4_9 5_15 5_8 5_9 6_15 6_7 7_15 7_16 7_8 8_15 9_14 9_15 9_16,3_13 8_16,0.818182,,0.666667,0.290323,0.428571,0.739130,0.428571,0.333333,0.081081,0.600000
2025-04-27,TTM,5,0.400000,0.100000,4_10 6_14,3_10 3_11 3_9 4_8 4_9 5_8 5_9 6_15 7_15 7_16 7_3 7_5 7_8 8_15 8_8 9_14 9_15 9_16,3_13 5_14 8_16,0.538462,0.666667,,0.212121,0.333333,0.600000,0.333333,0.290323,0.052632,0.428571
2025-04-27,ET,5,0.400000,0.100000,3_13 4_10,10_14 10_16 3_14 3_6 3_7 4_6 4_7 4_8 5_7 6_15 6_6 6_7 7_8 8_15 8_9 9_12 9_15 9_16,5_14 6_14 8_16,0.290323,0.290323,0.212121,,0.538462,0.428571,0.212121,0.428571,0.052632,0.333333
2025-04-27,B5: B2+B3,5,0.400000,0.100000,3_13 4_10,10_16 3_10 3_14 3_6 4_7 4_9 5_6 5_7 5_8 6_15 6_6 6_7 7_16 8_15 9_12 9_14 9_15 9_16,5_14 6_14 8_16,0.428571,0.428571,0.333333,0.538462,,0.600000,0.379310,0.538462,0.052632,0.538462
2025-04-27,B4: B1+B3,5,0.600000,0.150000,3_13 4_10 6_14,3_10 3_14 3_6 4_7 4_8 4_9 5_8 5_9 6_15 6_7 7_15 7_16 7_8 8_15 9_14 9_15 9_16,5_14 8_16,0.666667,0.739130,0.600000,0.428571,0.600000,,0.333333,0.481481,0.081081,0.481481
2025-04-27,B2: Recent MA,5,0.600000,0.150000,3_13 4_10 5_14,1_3 3_11 3_14 4_9 5_13 5_15 5_6 6_12 6_15 6_6 7_15 7_16 7_2 7_5 8_15 9_14 9_15,6_14 8_16,0.481481,0.428571,0.333333,0.212121,0.379310,0.333333,,0.212121,0.081081,0.600000
2025-04-27,B3: DoY season,5,0.400000,0.100000,3_13 6_14,3_6 4_6 4_7 5_4 5_7 5_8 5_9 6_15 6_6 6_7 6_8 6_9 7_16 8_15 9_12 9_14 9_15 9_16,4_10 5_14 8_16,0.333333,0.333333,0.290323,0.428571,0.538462,0.481481,0.212121,,0.052632,0.333333
2025-04-27,B0: Random,5,0.200000,0.050000,6_14,11_13 11_5 11_6 1_15 1_3 1_9 2_2 3_14 3_16 3_17 3_2 4_15 4_16 4_4 5_2 7_0 7_18 8_15 9_7,3_13 4_10 5_14 8_16,0.081081,0.081081,0.052632,0.052632,0.052632,0.081081,0.081081,0.052632,,0.052632
2025-04-28,GLM-Logit,2,0.000000,0.000000,,3_10 3_11 3_13 3_14 3_7 4_10 4_9 5_14 5_15 5_8 6_14 6_15 6_6 6_7 7_15 7_16 7_5 8_15 9_14 9_15,4_7 8_16,0.818182,0.666667,0.481481,0.290323,0.481481,0.538462,0.481481,0.333333,0.052632,
2025-04-28,HierBayes,2,0.000000,0.000000,,3_10 3_11 3_13 3_14 3_7 4_10 4_9 5_14 5_15 5_8 5_9 6_14 6_15 6_7 7_15 7_16 7_8 8_15 9_14 9_15,4_7 8_16,,0.818182,0.600000,0.290323,0.481481,0.666667,0.379310,0.333333,0.052632,0.818182
2025-04-28,B1: Static prior,2,0.000000,0.000000,,3_10 3_11 3_14 4_10 4_8 4_9 5_14 5_15 5_8 5_9 6_14 6_15 6_7 7_15 7_16 7_8 8_15 9_14 9_15 9_16,4_7 8_16,0.818182,,0.666667,0.290323,0.481481,0.739130,0.333333,0.379310,0.025641,0.666667
2025-04-28,TTM,2,0.000000,0.000000,,3_10 3_11 3_12 3_9 4_10 4_9 5_14 5_8 5_9 6_14 6_15 6_8 7_15 7_16 7_8 8_15 8_8 9_14 9_15 9_16,4_7 8_16,0.600000,0.666667,,0.176471,0.379310,0.538462,0.290323,0.333333,0.025641,0.481481
2025-04-28,ET,2,0.500000,0.050000,4_7,10_14 10_16 3_13 3_14 3_6 3_7 4_10 4_6 4_8 5_7 6_15 6_6 6_7 7_8 8_15 8_9 9_12 9_15 9_16,8_16,0.290323,0.290323,0.176471,,0.481481,0.428571,0.176471,0.481481,0.081081,0.290323
2025-04-28,B5: B2+B3,2,0.500000,0.050000,4_7,3_10 3_13 3_14 3_6 4_10 4_9 5_6 5_7 5_8 5_9 6_14 6_15 6_6 6_7 8_15 9_12 9_14 9_15 9_16,8_16,0.481481,0.481481,0.379310,0.481481,,0.666667,0.333333,0.666667,0.052632,0.481481
2025-04-28,B4: B1+B3,2,0.500000,0.050000,4_7,3_10 3_13 3_14 3_6 4_10 4_8 4_9 5_8 5_9 6_14 6_15 6_7 7_15 7_16 7_8 8_15 9_14 9_15 9_16,8_16,0.666667,0.739130,0.538462,0.428571,0.666667,,0.290323,0.538462,0.052632,0.538462
2025-04-28,B2: Recent MA,2,0.500000,0.050000,8_16,1_3 3_11 3_13 3_14 4_10 4_9 5_13 5_14 5_6 6_12 6_14 6_15 6_6 7_16 7_2 7_5 8_15 9_14 9_9,4_7,0.379310,0.333333,0.290323,0.176471,0.333333,0.290323,,0.176471,0.025641,0.481481
2025-04-28,B3: DoY season,2,0.500000,0.050000,4_7,3_10 3_13 3_6 4_6 4_8 5_4 5_7 5_8 5_9 6_14 6_15 6_6 6_7 6_8 8_15 9_12 9_14 9_15 9_16,8_16,0.333333,0.379310,0.333333,0.481481,0.666667,0.538462,0.176471,,0.052632,0.333333
2025-04-28,B0: Random,2,0.000000,0.000000,,0_16 0_19 10_11 10_19 11_2 11_6 12_17 1_14 1_5 2_11 3_13 3_7 5_10 5_11 5_12 5_19 5_3 8_10 8_4 9_16,4_7 8_16,0.052632,0.025641,0.025641,0.081081,0.052632,0.052632,0.025641,0.052632,,0.052632
2025-04-29,GLM-Logit,3,0.666667,0.100000,6_6 7_15,3_10 3_11 3_13 3_14 3_7 4_10 4_9 5_14 5_15 5_8 6_14 6_15 6_7 7_16 7_5 8_15 8_16 9_14,3_15,0.739130,0.600000,0.481481,0.250000,0.428571,0.481481,0.481481,0.290323,0.025641,
2025-04-29,HierBayes,3,0.333333,0.050000,7_15,3_10 3_11 3_13 3_14 4_10 4_9 5_14 5_15 5_8 5_9 6_14 6_15 6_7 7_16 7_8 8_15 8_16 9_14 9_15,3_15 6_6,,0.818182,0.600000,0.250000,0.481481,0.666667,0.428571,0.333333,0.025641,0.739130
2025-04-29,B1: Static prior,3,0.333333,0.050000,7_15,3_10 3_11 3_14 4_10 4_8 4_9 5_14 5_15 5_8 5_9 6_14 6_15 6_7 7_16 7_8 8_15 9_14 9_15 9_16,3_15 6_6,0.818182,,0.600000,0.290323,0.481481,0.739130,0.333333,0.379310,0.025641,0.600000
2025-04-29,TTM,3,0.333333,0.050000,7_15,3_10 3_11 3_13 3_5 3_9 4_10 4_9 5_14 5_8 5_9 6_14 6_15 6_3 6_7 8_15 8_8 9_14 9_15 9_16,3_15 6_6,0.600000,0.600000,,0.212121,0.481481,0.538462,0.290323,0.333333,0.025641,0.481481
2025-04-29,ET,3,0.333333,0.050000,6_6,10_14 10_16 3_13 3_14 3_6 3_7 4_10 4_6 4_7 4_8 5_7 6_15 6_7 7_8 8_15 8_9 9_12 9_15 9_16,3_15 7_15,0.250000,0.290323,0.212121,,0.481481,0.428571,0.212121,0.428571,0.025641,0.250000
2025-04-29,B5: B2+B3,3,0.333333,0.050000,6_6,3_10 3_13 3_14 3_6 4_10 4_7 4_9 5_14 5_6 5_7 5_8 5_9 6_14 6_15 6_7 8_15 9_12 9_15 9_16,3_15 7_15,0.481481,0.481481,0.481481,0.481481,,0.600000,0.379310,0.600000,0.052632,0.428571
2025-04-29,B4: B1+B3,3,0.333333,0.050000,7_15,3_10 3_13 3_14 3_6 4_10 4_7 4_8 4_9 5_8 5_9 6_14 6_15 6_7 7_16 7_8 8_15 9_14 9_15 9_16,3_15 6_6,0.666667,0.739130,0.538462,0.428571,0.600000,,0.290323,0.538462,0.052632,0.481481
2025-04-29,B2: Recent MA,3,0.333333,0.050000,6_6,1_3 3_11 3_13 3_14 4_10 4_9 5_13 5_14 5_6 6_12 6_14 6_15 7_16 7_2 7_5 8_15 8_16 9_15 9_9,3_15 7_15,0.428571,0.333333,0.290323,0.212121,0.379310,0.290323,,0.212121,0.025641,0.481481
2025-04-29,B3: DoY season,3,0.333333,0.050000,6_6,3_10 3_13 3_6 4_6 4_7 4_8 4_9 5_4 5_7 5_8 5_9 6_14 6_7 6_9 7_16 8_15 9_12 9_15 9_16,3_15 7_15,0.333333,0.379310,0.333333,0.428571,0.600000,0.538462,0.212121,,0.052632,0.290323
2025-04-29,B0: Random,3,0.000000,0.000000,,0_16 0_2 0_9 11_14 11_18 11_19 12_14 12_2 3_8 4_7 5_10 5_17 5_5 6_14 6_8 7_0 7_1 7_19 7_9 8_4,3_15 6_6 7_15,0.025641,0.025641,0.025641,0.025641,0.052632,0.052632,0.025641,0.052632,,0.025641
2025-04-30,GLM-Logit,2,0.500000,0.050000,7_15,3_10 3_11 3_13 3_14 3_7 4_10 4_9 5_14 5_15 5_8 6_14 6_15 6_6 6_7 7_16 7_5 8_15 8_16 9_14,9_15,0.739130,0.600000,0.428571,0.250000,0.428571,0.428571,0.481481,0.333333,0.052632,
2025-04-30,HierBayes,2,1.000000,0.100000,7_15 9_15,3_10 3_11 3_13 3_14 4_10 4_9 5_14 5_8 5_9 6_14 6_15 6_6 6_7 7_16 7_8 8_15 8_16 9_14,,,0.739130,0.538462,0.290323,0.538462,0.600000,0.428571,0.428571,0.052632,0.739130
2025-04-30,B1: Static prior,2,1.000000,0.100000,7_15 9_15,3_10 3_11 3_14 4_10 4_8 4_9 5_14 5_15 5_8 5_9 6_14 6_15 6_7 7_16 7_8 8_15 9_14 9_16,,0.739130,,0.600000,0.290323,0.481481,0.666667,0.290323,0.428571,0.052632,0.600000
2025-04-30,TTM,2,1.000000,0.100000,7_15 9_15,3_10 3_11 3_12 3_14 3_5 3_9 4_10 4_9 5_14 5_8 5_9 6_14 6_15 6_3 6_7 8_15 8_8 9_16,,0.538462,0.600000,,0.212121,0.481481,0.428571,0.290323,0.333333,0.052632,0.428571
2025-04-30,ET,2,0.500000,0.050000,9_15,10_14 10_16 3_13 3_14 3_6 3_7 4_10 4_6 4_7 4_8 5_7 6_15 6_6 6_7 7_8 8_15 8_9 9_12 9_16,7_15,0.290323,0.290323,0.212121,,0.428571,0.428571,0.212121,0.428571,0.025641,0.250000
2025-04-30,B5: B2+B3,2,1.000000,0.100000,7_15 9_15,3_10 3_13 3_6 4_10 4_7 4_9 5_14 5_6 5_7 5_8 5_9 6_14 6_15 6_6 6_7 8_15 9_12 9_16,,0.538462,0.481481,0.481481,0.428571,,0.666667,0.379310,0.666667,0.052632,0.428571
2025-04-30,B4: B1+B3,2,1.000000,0.100000,7_15 9_15,3_10 3_13 3_6 4_10 4_7 4_8 4_9 5_7 5_8 5_9 6_14 6_15 6_7 7_16 7_8 8_15 9_14 9_16,,0.600000,0.666667,0.428571,0.428571,0.666667,,0.212121,0.666667,0.052632,0.428571
2025-04-30,B2: Recent MA,2,0.500000,0.050000,7_15,1_3 3_11 3_13 3_14 4_10 4_9 5_13 5_14 5_6 6_12 6_14 6_15 6_6 7_2 7_5 8_15 8_16 9_12 9_9,9_15,0.428571,0.290323,0.290323,0.212121,0.379310,0.212121,,0.212121,0.000000,0.481481
2025-04-30,B3: DoY season,2,0.500000,0.050000,9_15,3_10 3_13 3_6 4_7 4_8 4_9 5_4 5_7 5_8 5_9 6_14 6_15 6_4 6_6 6_7 7_16 8_15 9_12 9_16,7_15,0.428571,0.428571,0.333333,0.428571,0.666667,0.666667,0.212121,,0.081081,0.333333
2025-04-30,B0: Random,2,0.000000,0.000000,,0_8 11_17 11_18 11_2 12_13 12_3 3_10 3_8 4_13 4_5 5_4 6_10 6_7 8_0 8_12 8_14 8_4 9_1 9_17 9_7,7_15 9_15,0.052632,0.052632,0.052632,0.025641,0.052632,0.052632,0.000000,0.081081,,0.052632
2025-05-01,GLM-Logit,4,0.250000,0.050000,6_14,3_10 3_11 3_13 3_14 3_7 4_10 4_9 5_14 5_15 5_8 6_15 6_6 6_7 7_15 7_16 7_5 8_15 8_16 9_15,3_15 6_16 6_3,0.739130,0.600000,0.428571,0.666667,0.481481,0.428571,0.600000,0.290323,0.111111,
2025-05-01,HierBayes,4,0.250000,0.050000,6_14,3_10 3_11 3_13 3_14 4_10 4_9 5_14 5_8 5_9 6_15 6_6 6_7 7_15 7_16 7_8 8_15 8_16 9_14 9_15,3_15 6_16 6_3,,0.739130,0.538462,0.600000,0.481481,0.600000,0.538462,0.333333,0.081081,0.739130
2025-05-01,B1: Static prior,4,0.250000,0.050000,6_14,3_10 3_11 3_14 4_10 4_8 4_9 5_14 5_15 5_8 5_9 6_15 6_7 7_15 7_16 7_8 8_15 9_14 9_15 9_16,3_15 6_16 6_3,0.739130,,0.600000,0.600000,0.428571,0.666667,0.379310,0.333333,0.052632,0.600000
2025-05-01,TTM,4,0.500000,0.100000,6_14 6_3,3_10 3_11 3_9 4_10 4_9 5_14 5_8 5_9 6_15 6_7 7_15 7_3 8_15 8_5 8_8 9_14 9_15 9_16,3_15 6_16,0.538462,0.600000,,0.481481,0.379310,0.481481,0.290323,0.250000,0.081081,0.428571
2025-05-01,ET,4,0.250000,0.050000,6_14,3_10 3_11 3_6 3_7 4_10 4_7 4_9 5_14 5_15 5_7 5_8 6_15 6_7 7_15 7_16 8_15 8_16 9_14 9_15,3_15 6_16 6_3,0.600000,0.600000,0.481481,,0.481481,0.600000,0.379310,0.333333,0.111111,0.666667
2025-05-01,B5: B2+B3,4,0.250000,0.050000,6_14,3_13 3_14 3_6 3_7 4_10 4_7 4_9 5_14 5_6 5_7 5_8 5_9 6_6 6_7 7_15 8_15 9_12 9_15 9_16,3_15 6_16 6_3,0.481481,0.428571,0.379310,0.481481,,0.538462,0.379310,0.538462,0.081081,0.481481
2025-05-01,B4: B1+B3,4,0.250000,0.050000,6_14,3_10 3_13 3_6 4_10 4_7 4_8 4_9 5_7 5_8 5_9 6_15 6_7 7_15 7_16 7_8 8_15 9_14 9_15 9_16,3_15 6_16 6_3,0.600000,0.666667,0.481481,0.600000,0.538462,,0.290323,0.538462,0.052632,0.428571
2025-05-01,B2: Recent MA,4,0.250000,0.050000,6_14,1_3 3_11 3_13 3_14 4_10 4_9 5_13 5_14 5_6 6_15 6_6 7_15 7_16 7_2 7_5 8_15 8_16 9_15 9_9,3_15 6_16 6_3,0.538462,0.379310,0.290323,0.379310,0.379310,0.290323,,0.212121,0.052632,0.600000
2025-05-01,B3: DoY season,4,0.250000,0.050000,6_14,3_13 3_6 4_7 4_8 4_9 5_4 5_7 5_8 5_9 6_4 6_5 6_6 6_7 6_8 7_16 8_15 9_12 9_15 9_16,3_15 6_16 6_3,0.333333,0.333333,0.250000,0.333333,0.538462,0.538462,0.212121,,0.081081,0.290323
2025-05-01,B0: Random,4,0.250000,0.050000,6_3,0_10 0_19 10_16 11_12 11_19 11_6 12_1 12_13 12_16 1_13 2_0 2_5 3_12 3_7 4_9 5_4 6_7 7_14 8_16,3_15 6_14 6_16,0.081081,0.052632,0.081081,0.111111,0.081081,0.052632,0.052632,0.081081,,0.111111
2025-05-02,GLM-Logit,4,0.250000,0.050000,9_15,3_10 3_11 3_13 3_14 3_7 4_10 4_9 5_14 5_15 5_8 6_14 6_15 6_6 6_7 7_15 7_16 7_5 8_15 8_16,2_13 4_8 6_3,0.739130,0.600000,0.481481,0.666667,0.379310,0.481481,0.538462,0.250000,0.025641,
2025-05-02,HierBayes,4,0.250000,0.050000,9_15,3_10 3_11 3_13 3_14 4_10 4_9 5_14 5_8 5_9 6_14 6_15 6_6 6_7 7_15 7_16 7_8 8_15 8_16 9_14,2_13 4_8 6_3,,0.739130,0.600000,0.600000,0.428571,0.666667,0.481481,0.290323,0.052632,0.739130
2025-05-02,B1: Static prior,4,0.500000,0.100000,4_8 9_15,3_10 3_11 3_14 4_10 4_9 5_14 5_15 5_8 5_9 6_14 6_15 6_7 7_15 7_16 7_8 8_15 9_14 9_16,2_13 6_3,0.739130,,0.739130,0.600000,0.428571,0.739130,0.333333,0.333333,0.025641,0.600000
2025-05-02,TTM,4,0.250000,0.050000,9_15,3_10 3_11 3_14 3_6 3_9 4_10 4_9 5_15 5_8 5_9 6_15 6_7 7_15 7_16 7_8 8_15 8_8 9_14 9_16,2_13 4_8 6_3,0.600000,0.739130,,0.538462,0.333333,0.600000,0.250000,0.250000,0.052632,0.481481
2025-05-02,ET,4,0.250000,0.050000,9_15,3_10 3_11 3_6 3_7 4_10 4_7 4_9 5_14 5_15 5_7 5_8 6_14 6_15 6_7 7_15 7_16 8_15 8_16 9_14,2_13 4_8 6_3,0.600000,0.600000,0.538462,,0.428571,0.600000,0.333333,0.333333,0.000000,0.666667
2025-05-02,B5: B2+B3,4,0.500000,0.100000,4_8 9_15,3_13 3_6 4_10 4_7 4_9 5_14 5_6 5_7 5_8 5_9 6_14 6_5 6_6 6_7 7_15 8_15 9_12 9_16,2_13 6_3,0.428571,0.428571,0.333333,0.428571,,0.600000,0.333333,0.600000,0.052632,0.379310
2025-05-02,B4: B1+B3,4,0.500000,0.100000,4_8 9_15,3_10 3_13 3_6 4_10 4_7 4_9 5_14 5_8 5_9 6_14 6_15 6_7 7_15 7_16 7_8 8_15 9_14 9_16,2_13 6_3,0.666667,0.739130,0.600000,0.600000,0.600000,,0.290323,0.481481,0.025641,0.481481
2025-05-02,B2: Recent MA,4,0.250000,0.050000,9_15,1_3 3_11 3_13 3_14 3_15 4_10 4_9 5_14 5_6 6_12 6_14 6_15 6_16 6_6 7_15 7_2 7_5 8_15 8_16,2_13 4_8 6_3,0.481481,0.333333,0.250000,0.333333,0.333333,0.290323,,0.142857,0.025641,0.538462
2025-05-02,B3: DoY season,4,0.250000,0.050000,4_8,3_13 3_6 4_7 4_9 5_14 5_4 5_7 5_8 5_9 6_14 6_5 6_7 6_8 6_9 7_16 7_6 8_15 9_12 9_16,2_13 6_3 9_15,0.290323,0.333333,0.250000,0.333333,0.600000,0.481481,0.142857,,0.025641,0.250000
2025-05-02,B0: Random,4,0.000000,0.000000,,0_11 0_7 11_0 11_11 11_14 11_6 1_12 1_2 1_9 3_16 3_9 4_12 4_3 5_18 5_5 5_9 6_19 6_6 8_17 8_6,2_13 4_8 6_3 9_15,0.052632,0.025641,0.052632,0.000000,0.052632,0.025641,0.025641,0.025641,,0.025641
2025-05-03,GLM-Logit,9,0.555556,0.250000,4_8 5_8 6_14 6_15 8_16,3_10 3_11 3_13 3_14 3_7 4_10 4_9 5_14 6_6 6_7 7_15 7_16 7_5 8_15 9_15,5_9 6_13 6_9 8_6,0.739130,0.600000,0.428571,0.600000,0.481481,0.538462,0.538462,0.250000,0.081081,
2025-05-03,HierBayes,9,0.555556,0.250000,4_8 5_8 5_9 6_14 6_15,3_10 3_11 3_13 3_14 4_10 4_9 5_14 6_6 6_7 7_15 7_16 7_8 8_15 9_14 9_15,6_13 6_9 8_16 8_6,,0.818182,0.600000,0.538462,0.538462,0.739130,0.428571,0.290323,0.081081,0.739130
2025-05-03,B1: Static prior,9,0.555556,0.250000,4_8 5_8 5_9 6_14 6_15,3_10 3_11 3_14 4_10 4_9 5_14 5_15 6_7 7_15 7_16 7_8 8_15 9_14 9_15 9_16,6_13 6_9 8_16 8_6,0.818182,,0.739130,0.600000,0.481481,0.739130,0.333333,0.290323,0.081081,0.600000
2025-05-03,TTM,9,0.333333,0.150000,5_8 5_9 6_15,3_10 3_11 3_14 3_9 4_10 4_9 5_15 6_3 6_7 7_15 7_16 7_8 8_15 8_8 9_14 9_15 9_16,4_8 6_13 6_14 6_9 8_16 8_6,0.600000,0.739130,,0.481481,0.333333,0.538462,0.290323,0.176471,0.081081,0.428571
2025-05-03,ET,9,0.444444,0.200000,5_8 6_14 6_15 8_16,3_10 3_11 3_6 3_7 4_10 4_7 4_9 5_14 5_15 5_7 6_7 7_15 7_16 8_15 9_14 9_15,4_8 5_9 6_13 6_9 8_6,0.538462,0.600000,0.481481,,0.379310,0.600000,0.333333,0.250000,0.081081,0.600000
2025-05-03,B5: B2+B3,9,0.444444,0.200000,4_8 5_8 5_9 6_14,3_13 3_14 3_15 3_6 4_10 4_7 4_9 5_14 5_6 6_5 6_6 6_7 7_15 8_15 9_15 9_16,6_13 6_15 6_9 8_16 8_6,0.538462,0.481481,0.333333,0.379310,,0.600000,0.428571,0.428571,0.052632,0.481481
2025-05-03,B4: B1+B3,9,0.555556,0.250000,4_8 5_8 5_9 6_14 6_15,3_10 3_13 3_6 4_10 4_7 4_9 5_14 6_7 7_15 7_16 7_8 8_15 9_14 9_15 9_16,6_13 6_9 8_16 8_6,0.739130,0.739130,0.538462,0.600000,0.600000,,0.290323,0.428571,0.081081,0.538462
2025-05-03,B2: Recent MA,9,0.333333,0.150000,6_14 6_15 8_16,1_3 3_11 3_13 3_14 3_15 4_10 4_9 5_14 5_6 6_16 6_3 6_6 7_15 7_2 7_5 8_15 9_15,4_8 5_8 5_9 6_13 6_9 8_6,0.428571,0.333333,0.290323,0.333333,0.428571,0.290323,,0.111111,0.025641,0.538462
2025-05-03,B3: DoY season,9,0.555556,0.250000,4_8 5_8 5_9 6_14 6_9,3_13 3_6 4_7 4_9 5_14 5_4 6_4 6_5 6_7 6_8 7_16 7_6 8_5 9_12 9_16,6_13 6_15 8_16 8_6,0.290323,0.290323,0.176471,0.250000,0.428571,0.428571,0.111111,,0.081081,0.250000
2025-05-03,B0: Random,9,0.111111,0.050000,5_8,0_11 0_18 0_2 10_18 10_2 10_9 11_14 11_9 12_0 12_17 1_1 4_6 4_9 6_19 7_16 7_17 8_4 9_17 9_7,4_8 5_9 6_13 6_14 6_15 6_9 8_16 8_6,0.081081,0.081081,0.081081,0.081081,0.052632,0.081081,0.025641,0.081081,,0.081081
2025-05-04,GLM-Logit,6,0.666667,0.200000,5_8 6_14 6_7 7_5,3_10 3_11 3_13 3_14 4_10 4_8 4_9 5_14 6_15 6_6 7_15 7_16 8_15 8_16 8_6 9_15,4_15 4_6,0.739130,0.600000,0.481481,0.538462,0.538462,0.428571,0.666667,0.250000,0.081081,
2025-05-04,HierBayes,6,0.500000,0.150000,5_8 6_14 6_7,3_10 3_11 3_13 3_14 4_10 4_8 4_9 5_14 5_9 6_15 6_6 7_15 7_8 8_15 8_16 9_14 9_15,4_15 4_6 7_5,,0.739130,0.600000,0.538462,0.600000,0.538462,0.600000,0.290323,0.052632,0.739130
2025-05-04,B1: Static prior,6,0.500000,0.150000,5_8 6_14 6_7,3_10 3_11 3_14 4_10 4_8 4_9 5_14 5_15 5_9 6_15 7_15 7_16 7_8 8_15 9_14 9_15 9_16,4_15 4_6 7_5,0.739130,,0.666667,0.600000,0.481481,0.600000,0.428571,0.290323,0.052632,0.600000
2025-05-04,TTM,6,0.333333,0.100000,5_8 6_7,3_10 3_11 3_14 4_10 4_9 5_9 6_15 6_3 6_6 6_8 7_15 7_16 7_8 8_15 8_8 9_14 9_15 9_16,4_15 4_6 6_14 7_5,0.600000,0.666667,,0.428571,0.379310,0.428571,0.379310,0.212121,0.052632,0.481481
2025-05-04,ET,6,0.500000,0.150000,5_8 6_14 6_7,3_10 3_11 3_6 3_7 4_10 4_7 4_9 5_14 5_15 5_7 6_15 7_15 7_16 8_15 8_16 9_14 9_15,4_15 4_6 7_5,0.538462,0.600000,0.428571,,0.481481,0.481481,0.379310,0.290323,0.025641,0.538462
2025-05-04,B5: B2+B3,6,0.500000,0.150000,5_8 6_14 6_7,3_10 3_13 3_6 4_10 4_7 4_8 4_9 5_14 5_6 5_9 6_5 6_6 7_15 8_15 8_16 9_15 9_16,4_15 4_6 7_5,0.600000,0.481481,0.379310,0.481481,,0.538462,0.481481,0.481481,0.081081,0.538462
2025-05-04,B4: B1+B3,6,0.500000,0.150000,5_8 6_14 6_7,3_10 3_13 3_6 4_10 4_7 4_8 4_9 5_14 5_9 6_15 7_16 7_6 7_7 7_8 8_15 9_14 9_16,4_15 4_6 7_5,0.538462,0.600000,0.428571,0.481481,0.538462,,0.290323,0.538462,0.081081,0.428571
2025-05-04,B2: Recent MA,6,0.500000,0.150000,5_8 6_14 7_5,1_3 3_11 3_13 3_14 3_15 4_10 4_8 4_9 5_14 5_6 6_15 6_3 6_6 7_15 8_15 8_16 9_15,4_15 4_6 6_7,0.600000,0.428571,0.379310,0.379310,0.481481,0.290323,,0.176471,0.052632,0.666667
2025-05-04,B3: DoY season,6,0.500000,0.150000,5_8 6_14 6_7,3_10 3_13 3_6 4_7 4_8 4_9 5_14 5_4 5_7 5_9 6_4 6_5 6_8 6_9 7_6 7_7 9_16,4_15 4_6 7_5,0.290323,0.290323,0.212121,0.290323,0.481481,0.538462,0.176471,,0.081081,0.250000
2025-05-04,B0: Random,6,0.166667,0.050000,7_5,0_16 0_17 11_10 12_17 12_3 1_18 1_19 1_6 2_2 3_10 3_13 3_3 4_12 5_12 6_17 7_3 8_18 9_16 9_19,4_15 4_6 5_8 6_14 6_7,0.052632,0.052632,0.052632,0.025641,0.081081,0.081081,0.052632,0.081081,,0.081081
2025-05-05,GLM-Logit,6,0.500000,0.150000,3_14 5_8 8_15,3_10 3_11 3_13 4_10 4_8 4_9 5_14 6_14 6_15 6_6 6_7 7_15 7_16 7_5 8_16 8_6 9_15,6_16 7_7 7_8,0.818182,0.600000,0.428571,0.538462,0.538462,0.428571,0.666667,0.290323,0.000000,
2025-05-05,HierBayes,6,0.500000,0.150000,3_14 5_8 8_15,3_10 3_11 3_13 4_10 4_8 4_9 5_14 5_9 6_14 6_15 6_6 6_7 7_15 7_5 8_16 9_14 9_15,6_16 7_7 7_8,,0.666667,0.538462,0.538462,0.538462,0.481481,0.666667,0.290323,0.000000,0.818182
2025-05-05,B1: Static prior,6,0.666667,0.200000,3_14 5_8 7_8 8_15,3_10 3_11 4_10 4_8 4_9 5_14 5_15 5_9 6_14 6_15 6_7 7_15 7_16 9_14 9_15 9_16,6_16 7_7,0.666667,,0.600000,0.600000,0.481481,0.666667,0.428571,0.333333,0.000000,0.600000
2025-05-05,TTM,6,0.500000,0.150000,3_14 5_8 7_8,3_10 3_11 3_5 3_7 4_10 4_9 5_9 6_14 6_15 6_3 6_6 6_7 7_15 8_8 9_14 9_15 9_16,6_16 7_7 8_15,0.538462,0.600000,,0.428571,0.333333,0.428571,0.379310,0.212121,0.025641,0.428571
2025-05-05,ET,6,0.333333,0.100000,5_8 8_15,3_10 3_11 3_6 3_7 4_10 4_7 4_9 5_14 5_15 5_7 6_14 6_15 6_7 7_15 7_16 8_16 9_14 9_15,3_14 6_16 7_7 7_8,0.538462,0.600000,0.428571,,0.481481,0.538462,0.428571,0.290323,0.000000,0.538462
2025-05-05,B5: B2+B3,6,0.333333,0.100000,5_8 8_15,3_10 3_13 3_6 4_10 4_7 4_8 4_9 5_14 5_6 5_9 6_14 6_5 6_6 6_7 7_15 7_16 8_16 9_16,3_14 6_16 7_7 7_8,0.538462,0.481481,0.333333,0.481481,,0.538462,0.428571,0.538462,0.000000,0.538462
2025-05-05,B4: B1+B3,6,0.666667,0.200000,5_8 7_7 7_8 8_15,3_10 3_11 3_6 4_10 4_7 4_8 4_9 5_14 5_9 6_14 6_15 6_7 7_16 7_6 9_14 9_16,3_14 6_16,0.481481,0.666667,0.428571,0.538462,0.538462,,0.290323,0.538462,0.000000,0.428571
2025-05-05,B2: Recent MA,6,0.500000,0.150000,3_14 5_8 8_15,1_3 3_11 3_13 3_15 4_10 4_15 4_9 5_14 5_6 6_14 6_15 6_6 6_7 7_15 7_5 8_16 9_15,6_16 7_7 7_8,0.666667,0.428571,0.379310,0.428571,0.428571,0.290323,,0.176471,0.000000,0.666667
2025-05-05,B3: DoY season,6,0.333333,0.100000,5_8 7_7,3_10 3_13 3_6 4_7 4_8 4_9 5_14 5_4 5_9 6_14 6_4 6_5 6_7 6_8 6_9 7_16 7_6 9_16,3_14 6_16 7_8 8_15,0.290323,0.333333,0.212121,0.290323,0.538462,0.538462,0.176471,,0.000000,0.290323
2025-05-05,B0: Random,6,0.000000,0.000000,,0_5 11_12 12_7 1_10 1_13 3_18 4_5 5_12 5_3 6_0 6_3 7_4 8_10 8_14 8_18 8_19 8_2 8_5 9_17 9_9,3_14 5_8 6_16 7_7 7_8 8_15,0.000000,0.000000,0.025641,0.000000,0.000000,0.000000,0.000000,0.000000,,0.000000
2025-05-06,GLM-Logit,5,0.200000,0.050000,8_15,3_10 3_11 3_13 3_14 3_7 4_10 4_8 4_9 5_14 5_8 6_14 6_15 6_7 7_15 7_16 7_5 8_16 8_6 9_15,3_5 5_15 6_6 8_10,0.739130,0.600000,0.428571,0.600000,0.379310,0.428571,0.600000,0.250000,0.052632,
2025-05-06,HierBayes,5,0.200000,0.050000,8_15,3_10 3_11 3_13 3_14 4_10 4_8 4_9 5_14 5_8 5_9 6_14 6_15 6_7 7_15 7_5 7_8 8_16 9_14 9_15,3_5 5_15 6_6 8_10,,0.739130,0.600000,0.538462,0.428571,0.538462,0.600000,0.250000,0.052632,0.739130
2025-05-06,B1: Static prior,5,0.400000,0.100000,5_15 8_15,3_10 3_11 3_14 4_10 4_8 4_9 5_14 5_8 5_9 6_14 6_15 6_7 7_15 7_16 7_8 9_14 9_15 9_16,3_5 6_6 8_10,0.739130,,0.739130,0.600000,0.333333,0.666667,0.428571,0.290323,0.000000,0.600000
2025-05-06,TTM,5,0.400000,0.100000,5_15 8_15,3_10 3_11 3_12 3_14 3_9 4_10 4_9 5_14 5_8 5_9 6_15 6_7 7_15 7_8 8_8 9_14 9_15 9_16,3_5 6_6 8_10,0.600000,0.739130,,0.481481,0.250000,0.481481,0.333333,0.212121,0.000000,0.428571
2025-05-06,ET,5,0.400000,0.100000,5_15 8_15,3_10 3_11 3_6 3_7 4_10 4_7 4_9 5_14 5_7 5_8 6_14 6_15 6_7 7_15 7_16 8_16 9_14 9_15,3_5 6_6 8_10,0.538462,0.600000,0.481481,,0.379310,0.538462,0.379310,0.290323,0.025641,0.600000
2025-05-06,B5: B2+B3,5,0.200000,0.050000,8_15,3_13 3_6 4_10 4_7 4_8 4_9 5_14 5_6 5_7 5_8 5_9 6_14 6_5 6_7 6_9 7_5 7_7 8_16 9_16,3_5 5_15 6_6 8_10,0.428571,0.333333,0.250000,0.379310,,0.481481,0.428571,0.538462,0.111111,0.379310
2025-05-06,B4: B1+B3,5,0.200000,0.050000,8_15,3_10 3_11 3_6 4_10 4_8 4_9 5_14 5_7 5_8 5_9 6_14 6_15 6_7 7_16 7_6 7_7 7_8 9_14 9_16,3_5 5_15 6_6 8_10,0.538462,0.666667,0.481481,0.538462,0.481481,,0.290323,0.481481,0.052632,0.428571
2025-05-06,B2: Recent MA,5,0.400000,0.100000,6_6 8_15,1_3 3_11 3_13 3_14 4_10 4_15 4_8 4_9 5_14 5_6 5_8 6_14 6_3 6_7 7_15 7_5 8_16 9_15,3_5 5_15 8_10,0.600000,0.428571,0.333333,0.379310,0.428571,0.290323,,0.176471,0.052632,0.600000
2025-05-06,B3: DoY season,5,0.000000,0.000000,,3_10 3_6 3_8 4_6 4_7 4_8 4_9 5_14 5_7 5_8 5_9 6_14 6_4 6_5 6_7 6_9 7_6 7_7 8_6 9_16,3_5 5_15 6_6 8_10 8_15,0.250000,0.290323,0.212121,0.290323,0.538462,0.481481,0.176471,,0.081081,0.250000
2025-05-06,B0: Random,5,0.000000,0.000000,,0_1 0_11 0_13 0_17 0_19 0_6 10_19 1_19 2_7 3_13 3_4 4_14 4_19 4_2 5_4 5_7 6_4 7_5 7_7 8_2,3_5 5_15 6_6 8_10 8_15,0.052632,0.000000,0.000000,0.025641,0.111111,0.052632,0.052632,0.081081,,0.052632
2025-05-07,GLM-Logit,7,0.571429,0.200000,3_11 4_10 6_6 8_15,3_13 3_14 4_8 4_9 5_14 5_15 5_8 6_14 6_15 6_7 7_15 7_16 7_5 8_16 8_6 9_15,5_7 7_6 9_16,0.666667,0.600000,0.481481,0.538462,0.481481,0.379310,0.666667,0.250000,0.052632,
2025-05-07,HierBayes,7,0.428571,0.150000,3_11 4_10 8_15,3_10 3_13 3_14 4_8 4_9 5_14 5_8 5_9 6_14 6_15 6_7 7_15 7_5 7_8 8_16 9_14 9_15,5_7 6_6 7_6 9_16,,0.739130,0.538462,0.538462,0.428571,0.538462,0.538462,0.250000,0.052632,0.666667
2025-05-07,B1: Static prior,7,0.571429,0.200000,3_11 4_10 8_15 9_16,3_10 3_14 4_8 4_9 5_14 5_15 5_8 5_9 6_14 6_15 6_7 7_15 7_16 7_8 9_14 9_15,5_7 6_6 7_6,0.739130,,0.666667,0.600000,0.333333,0.666667,0.428571,0.333333,0.052632,0.600000
2025-05-07,TTM,7,0.571429,0.200000,3_11 4_10 8_15 9_16,3_14 3_9 4_9 5_15 5_8 5_9 6_15 6_7 7_15 7_16 7_3 7_5 7_8 8_8 9_14 9_15,5_7 6_6 7_6,0.538462,0.666667,,0.428571,0.250000,0.428571,0.333333,0.176471,0.052632,0.481481
2025-05-07,ET,7,0.571429,0.200000,3_11 4_10 5_7 8_15,3_10 3_6 3_7 4_7 4_9 5_14 5_15 5_8 6_14 6_15 6_7 7_15 7_16 8_16 9_14 9_15,6_6 7_6 9_16,0.538462,0.600000,0.428571,,0.379310,0.538462,0.379310,0.333333,0.052632,0.538462
2025-05-07,B5: B2+B3,7,0.571429,0.200000,4_10 5_7 6_6 8_15,3_13 3_6 4_8 4_9 5_14 5_6 5_8 5_9 6_14 6_5 6_7 6_9 7_16 7_5 7_7 8_16,3_11 7_6 9_16,0.428571,0.333333,0.250000,0.379310,,0.481481,0.428571,0.481481,0.052632,0.481481
2025-05-07,B4: B1+B3,7,0.857143,0.300000,3_11 4_10 5_7 7_6 8_15 9_16,3_10 3_6 4_8 4_9 5_14 5_8 5_9 6_14 6_15 6_7 7_16 7_7 7_8 9_14,6_6,0.538462,0.666667,0.428571,0.538462,0.481481,,0.250000,0.538462,0.052632,0.379310
2025-05-07,B2: Recent MA,7,0.571429,0.200000,3_11 4_10 6_6 8_15,3_13 3_14 4_15 4_8 4_9 5_14 5_15 5_6 5_8 6_14 6_16 6_3 7_15 7_5 8_16 9_15,5_7 7_6 9_16,0.538462,0.428571,0.333333,0.379310,0.428571,0.250000,,0.142857,0.052632,0.666667
2025-05-07,B3: DoY season,7,0.428571,0.150000,5_7 7_6 9_16,3_10 3_6 4_6 4_7 4_8 4_9 5_14 5_8 5_9 6_14 6_5 6_7 6_8 6_9 7_16 7_7 8_6,3_11 4_10 6_6 8_15,0.250000,0.333333,0.176471,0.333333,0.481481,0.538462,0.142857,,0.025641,0.250000
2025-05-07,B0: Random,7,0.285714,0.100000,3_11 8_15,0_19 0_8 11_19 11_6 12_16 12_4 2_6 3_15 4_19 5_12 6_11 6_9 7_13 7_9 8_13 9_0 9_19 9_6,4_10 5_7 6_6 7_6 9_16,0.052632,0.052632,0.052632,0.052632,0.052632,0.052632,0.052632,0.025641,,0.052632
2025-05-08,GLM-Logit,13,0.538462,0.350000,3_11 3_13 5_7 6_14 6_6 8_15 8_16,3_14 4_10 4_8 4_9 5_14 5_15 5_8 6_15 6_7 7_15 7_16 7_5 9_15,3_7 5_9 6_9 7_6 8_8 9_16,0.666667,0.600000,0.379310,0.600000,0.538462,0.428571,0.739130,0.250000,0.025641,
2025-05-08,HierBayes,13,0.538462,0.350000,3_11 3_13 5_9 6_14 6_6 8_15 8_16,3_10 3_14 4_10 4_8 4_9 5_14 5_8 6_15 6_7 7_15 7_8 9_14 9_15,3_7 5_7 6_9 7_6 8_8 9_16,,0.739130,0.481481,0.538462,0.481481,0.538462,0.600000,0.250000,0.025641,0.666667
2025-05-08,B1: Static prior,13,0.384615,0.250000,3_11 5_9 6_14 8_15 9_16,3_10 3_14 4_10 4_8 4_9 5_14 5_15 5_8 6_15 6_7 7_15 7_16 7_8 9_14 9_15,3_13 3_7 5_7 6_6 6_9 7_6 8_16 8_8,0.739130,,0.600000,0.600000,0.428571,0.666667,0.481481,0.333333,0.025641,0.600000
2025-05-08,TTM,13,0.384615,0.250000,3_11 5_9 8_15 8_8 9_16,3_10 4_10 4_9 5_8 6_15 6_3 6_7 6_8 7_15 7_16 7_3 7_5 7_8 9_14 9_15,3_13 3_7 5_7 6_14 6_6 6_9 7_6 8_16,0.481481,0.600000,,0.428571,0.290323,0.481481,0.290323,0.250000,0.025641,0.379310
2025-05-08,ET,13,0.461538,0.300000,3_11 3_7 5_7 6_14 8_15 8_16,3_10 3_6 4_10 4_7 4_9 5_14 5_15 5_8 6_15 6_7 7_15 7_16 9_14 9_15,3_13 5_9 6_6 6_9 7_6 8_8 9_16,0.538462,0.600000,0.428571,,0.428571,0.538462,0.428571,0.290323,0.052632,0.600000
2025-05-08,B5: B2+B3,13,0.769231,0.500000,3_11 3_13 5_7 5_9 6_14 6_6 7_6 8_15 8_16 9_16,3_6 4_10 4_8 4_9 5_14 5_6 5_8 6_7 7_16 7_7,3_7 6_9 8_8,0.481481,0.428571,0.290323,0.428571,,0.600000,0.481481,0.481481,0.052632,0.538462
2025-05-08,B4: B1+B3,13,0.461538,0.300000,3_11 5_7 5_9 6_14 8_15 9_16,3_10 3_6 3_9 4_10 4_8 4_9 5_14 5_8 6_15 6_7 7_16 7_7 7_8 9_14,3_13 3_7 6_6 6_9 7_6 8_16 8_8,0.538462,0.666667,0.481481,0.538462,0.600000,,0.290323,0.538462,0.025641,0.428571
2025-05-08,B2: Recent MA,13,0.461538,0.300000,3_11 3_13 6_14 6_6 8_15 8_16,3_14 4_10 4_15 4_8 4_9 5_14 5_15 5_6 5_8 6_16 6_7 7_15 7_5 9_15,3_7 5_7 5_9 6_9 7_6 8_8 9_16,0.600000,0.481481,0.290323,0.428571,0.481481,0.290323,,0.176471,0.052632,0.739130
2025-05-08,B3: DoY season,13,0.384615,0.250000,5_7 5_9 6_14 7_6 9_16,2_12 3_10 3_6 3_8 3_9 4_8 4_9 5_14 5_8 6_4 6_5 6_7 6_8 7_16 7_7,3_11 3_13 3_7 6_6 6_9 8_15 8_16 8_8,0.250000,0.333333,0.250000,0.290323,0.481481,0.538462,0.176471,,0.025641,0.250000
2025-05-08,B0: Random,13,0.076923,0.050000,3_7,0_8 0_9 10_1 10_12 10_18 11_15 11_7 11_9 12_10 1_16 1_19 2_13 2_14 3_8 4_10 5_6 8_14 8_7 9_8,3_11 3_13 5_7 5_9 6_14 6_6 6_9 7_6 8_15 8_16 8_8 9_16,0.025641,0.025641,0.025641,0.052632,0.052632,0.025641,0.052632,0.025641,,0.025641
2025-05-09,GLM-Logit,13,0.461538,0.300000,4_10 4_8 5_15 6_6 8_15 8_16,3_11 3_13 3_14 4_9 5_14 5_7 5_8 6_14 6_15 6_7 7_15 7_5 9_15 9_16,2_15 5_9 6_2 6_9 8_6 9_13 9_14,0.739130,0.600000,0.333333,0.538462,0.666667,0.428571,0.739130,0.290323,0.052632,
2025-05-09,HierBayes,13,0.538462,0.350000,4_10 4_8 5_9 6_6 8_15 8_16 9_14,3_11 3_13 3_14 4_9 5_7 5_8 6_14 6_15 6_7 7_15 7_8 9_15 9_16,2_15 5_15 6_2 6_9 8_6 9_13,,0.666667,0.481481,0.481481,0.666667,0.538462,0.538462,0.290323,0.052632,0.739130
2025-05-09,B1: Static prior,13,0.461538,0.300000,4_10 4_8 5_15 5_9 8_15 9_14,3_10 3_11 3_14 4_9 5_14 5_8 6_14 6_15 6_7 7_15 7_16 7_8 9_15 9_16,2_15 6_2 6_6 6_9 8_16 8_6 9_13,0.666667,,0.538462,0.600000,0.481481,0.739130,0.428571,0.333333,0.052632,0.600000
2025-05-09,TTM,13,0.307692,0.200000,4_10 5_9 8_15 9_14,3_10 3_11 3_12 3_7 3_9 4_9 5_8 6_15 6_3 6_4 6_7 7_15 7_8 8_8 9_15 9_16,2_15 4_8 5_15 6_2 6_6 6_9 8_16 8_6 9_13,0.481481,0.538462,,0.428571,0.290323,0.538462,0.290323,0.250000,0.000000,0.333333
2025-05-09,ET,13,0.384615,0.250000,4_10 5_15 8_15 8_16 9_14,3_10 3_11 3_6 3_7 4_7 4_9 5_14 5_7 5_8 6_14 6_15 6_7 7_15 7_16 9_15,2_15 4_8 5_9 6_2 6_6 6_9 8_6 9_13,0.481481,0.600000,0.428571,,0.428571,0.538462,0.481481,0.290323,0.081081,0.538462
2025-05-09,B5: B2+B3,13,0.461538,0.300000,4_10 4_8 5_9 6_6 8_15 8_16,3_11 3_13 3_14 3_6 4_9 5_14 5_6 5_7 5_8 6_14 6_7 7_6 9_15 9_16,2_15 5_15 6_2 6_9 8_6 9_13 9_14,0.666667,0.481481,0.290323,0.428571,,0.538462,0.666667,0.428571,0.052632,0.666667
2025-05-09,B4: B1+B3,13,0.384615,0.250000,4_10 4_8 5_9 8_15 9_14,3_10 3_11 3_6 3_9 4_9 5_14 5_8 6_14 6_15 6_7 7_16 7_6 7_8 9_15 9_16,2_15 5_15 6_2 6_6 6_9 8_16 8_6 9_13,0.538462,0.739130,0.538462,0.538462,0.538462,,0.333333,0.481481,0.052632,0.428571
2025-05-09,B2: Recent MA,13,0.384615,0.250000,4_10 5_15 6_6 8_15 8_16,3_11 3_13 3_14 4_9 5_14 5_6 5_7 5_8 6_14 6_3 6_7 7_15 7_5 7_6 9_15,2_15 4_8 5_9 6_2 6_9 8_6 9_13 9_14,0.538462,0.428571,0.290323,0.481481,0.666667,0.333333,,0.250000,0.052632,0.739130
2025-05-09,B3: DoY season,13,0.230769,0.150000,4_8 5_9 6_9,2_12 3_10 3_13 3_6 3_9 4_9 5_14 5_7 5_8 6_14 6_4 6_5 6_7 6_8 7_16 7_6 9_16,2_15 4_10 5_15 6_2 6_6 8_15 8_16 8_6 9_13 9_14,0.290323,0.333333,0.250000,0.290323,0.428571,0.481481,0.250000,,0.081081,0.290323
2025-05-09,B0: Random,13,0.000000,0.000000,,10_1 10_3 12_18 1_0 1_16 1_3 1_8 1_9 2_0 2_16 2_19 2_7 3_15 3_16 3_17 5_7 6_14 7_16 7_3 8_1,2_15 4_10 4_8 5_15 5_9 6_2 6_6 6_9 8_15 8_16 8_6 9_13 9_14,0.052632,0.052632,0.000000,0.081081,0.052632,0.052632,0.052632,0.081081,,0.052632
2025-05-10,GLM-Logit,7,0.285714,0.100000,7_5 8_15,3_11 3_13 3_14 4_10 4_8 4_9 5_14 5_15 5_7 5_8 5_9 6_14 6_15 6_6 7_15 8_16 8_6 9_15,3_9 6_3 7_7 8_14 8_7,0.739130,0.538462,0.333333,0.481481,0.538462,0.333333,0.818182,0.176471,0.052632,
2025-05-10,HierBayes,7,0.142857,0.050000,8_15,3_11 3_13 3_14 4_10 4_8 4_9 5_15 5_7 5_8 5_9 6_14 6_15 6_6 7_15 7_8 8_16 9_14 9_15 9_16,3_9 6_3 7_5 7_7 8_14 8_7,,0.666667,0.428571,0.481481,0.600000,0.481481,0.739130,0.212121,0.052632,0.739130
2025-05-10,B1: Static prior,7,0.142857,0.050000,8_15,3_10 3_11 3_14 4_10 4_8 4_9 5_14 5_15 5_8 5_9 6_14 6_15 6_7 7_15 7_16 7_8 9_14 9_15 9_16,3_9 6_3 7_5 7_7 8_14 8_7,0.666667,,0.538462,0.600000,0.428571,0.600000,0.481481,0.290323,0.000000,0.538462
2025-05-10,TTM,7,0.428571,0.150000,3_9 6_3 8_15,3_10 3_11 3_12 3_7 4_10 4_9 5_15 5_8 5_9 6_15 6_4 6_7 7_15 7_8 8_8 9_15 9_16,7_5 7_7 8_14 8_7,0.428571,0.538462,,0.428571,0.290323,0.481481,0.333333,0.250000,0.000000,0.333333
2025-05-10,ET,7,0.142857,0.050000,8_15,3_10 3_11 3_6 3_7 4_10 4_7 4_9 5_14 5_15 5_7 5_8 6_14 6_15 6_7 7_15 7_16 8_16 9_14 9_15,3_9 6_3 7_5 7_7 8_14 8_7,0.481481,0.600000,0.428571,,0.379310,0.481481,0.428571,0.250000,0.025641,0.481481
2025-05-10,B5: B2+B3,7,0.142857,0.050000,8_15,3_11 3_13 3_14 3_6 4_10 4_8 4_9 5_6 5_7 5_8 5_9 6_14 6_6 6_7 6_9 7_6 8_16 9_15 9_16,3_9 6_3 7_5 7_7 8_14 8_7,0.600000,0.428571,0.290323,0.379310,,0.428571,0.666667,0.333333,0.052632,0.538462
2025-05-10,B4: B1+B3,7,0.428571,0.150000,3_9 7_7 8_15,3_10 3_11 3_13 3_6 3_7 4_10 4_8 4_9 5_8 5_9 6_14 6_15 6_7 7_16 7_8 9_14 9_16,6_3 7_5 8_14 8_7,0.481481,0.600000,0.481481,0.481481,0.428571,,0.333333,0.538462,0.025641,0.333333
2025-05-10,B2: Recent MA,7,0.285714,0.100000,7_5 8_15,3_11 3_13 3_14 4_10 4_8 4_9 5_15 5_6 5_7 5_8 5_9 6_14 6_15 6_6 6_9 7_15 8_16 9_15,3_9 6_3 7_7 8_14 8_7,0.739130,0.481481,0.333333,0.428571,0.666667,0.333333,,0.176471,0.052632,0.818182
2025-05-10,B3: DoY season,7,0.285714,0.100000,3_9 7_7,2_12 3_10 3_13 3_6 3_7 4_15 4_8 4_9 5_4 5_8 5_9 6_14 6_5 6_7 6_8 7_16 7_6 9_16,6_3 7_5 8_14 8_15 8_7,0.212121,0.290323,0.250000,0.250000,0.333333,0.538462,0.176471,,0.025641,0.176471
2025-05-10,B0: Random,7,0.000000,0.000000,,0_0 0_9 10_19 10_3 10_6 11_11 11_12 12_12 12_17 1_15 3_1 3_13 3_8 5_11 6_13 6_16 8_1 8_16 9_2 9_9,3_9 6_3 7_5 7_7 8_14 8_15 8_7,0.052632,0.000000,0.000000,0.025641,0.052632,0.025641,0.052632,0.025641,,0.052632
2025-05-11,GLM-Logit,7,0.571429,0.200000,4_10 4_8 4_9 5_15,3_11 3_13 3_14 5_14 5_7 5_8 5_9 6_14 6_15 6_6 7_15 7_5 8_15 8_16 8_6 9_15,3_9 7_6 8_17,0.739130,0.538462,0.379310,0.481481,0.481481,0.379310,0.739130,0.290323,0.025641,
2025-05-11,HierBayes,7,0.571429,0.200000,4_10 4_8 4_9 5_15,3_11 3_13 3_14 5_8 5_9 6_14 6_15 6_6 7_15 7_5 7_8 8_15 8_16 9_14 9_15 9_16,3_9 7_6 8_17,,0.666667,0.481481,0.428571,0.481481,0.481481,0.600000,0.250000,0.025641,0.739130
2025-05-11,B1: Static prior,7,0.571429,0.200000,4_10 4_8 4_9 5_15,3_10 3_11 3_14 5_14 5_8 5_9 6_14 6_15 6_7 7_15 7_16 7_8 8_15 9_14 9_15 9_16,3_9 7_6 8_17,0.666667,,0.600000,0.600000,0.379310,0.600000,0.428571,0.290323,0.000000,0.538462
2025-05-11,TTM,7,0.285714,0.100000,4_10 4_9,3_10 3_11 3_12 3_7 5_14 5_8 5_9 6_15 6_3 6_7 7_15 7_5 7_8 8_15 8_8 9_14 9_15 9_16,3_9 4_8 5_15 7_6 8_17,0.481481,0.600000,,0.481481,0.290323,0.538462,0.333333,0.290323,0.025641,0.379310
2025-05-11,ET,7,0.428571,0.150000,4_10 4_9 5_15,3_10 3_11 3_6 3_7 4_7 5_14 5_7 5_8 6_14 6_15 6_7 7_15 7_16 8_15 8_16 9_14 9_15,3_9 4_8 7_6 8_17,0.428571,0.600000,0.481481,,0.379310,0.481481,0.379310,0.290323,0.000000,0.481481
2025-05-11,B5: B2+B3,7,0.714286,0.250000,3_9 4_10 4_8 4_9 7_6,3_11 3_13 3_6 5_6 5_7 5_8 5_9 6_14 6_6 6_7 6_9 8_15 8_16 9_15 9_16,5_15 8_17,0.481481,0.379310,0.290323,0.379310,,0.481481,0.538462,0.481481,0.000000,0.481481
2025-05-11,B4: B1+B3,7,0.571429,0.200000,3_9 4_10 4_8 4_9,3_10 3_11 3_13 3_6 3_7 5_14 5_8 5_9 6_14 6_15 6_7 6_8 7_8 9_14 9_15 9_16,5_15 7_6 8_17,0.481481,0.600000,0.538462,0.481481,0.481481,,0.290323,0.538462,0.000000,0.379310
2025-05-11,B2: Recent MA,7,0.428571,0.150000,4_10 4_8 5_15,3_11 3_13 3_14 5_14 5_6 5_7 5_8 5_9 6_14 6_3 6_6 6_9 7_15 7_5 8_15 8_16 9_15,3_9 4_9 7_6 8_17,0.600000,0.428571,0.333333,0.379310,0.538462,0.290323,,0.250000,0.025641,0.739130
2025-05-11,B3: DoY season,7,0.714286,0.250000,3_9 4_10 4_8 4_9 7_6,3_10 3_13 3_6 3_7 5_14 5_4 5_7 5_8 5_9 6_5 6_6 6_7 6_8 7_7 9_16,5_15 8_17,0.250000,0.290323,0.290323,0.290323,0.481481,0.538462,0.250000,,0.000000,0.290323
2025-05-11,B0: Random,7,0.000000,0.000000,,0_12 0_14 10_16 11_15 11_8 12_10 1_10 2_0 2_10 3_3 4_13 4_17 4_19 4_5 6_19 7_12 7_17 7_5 8_14 9_17,3_9 4_10 4_8 4_9 5_15 7_6 8_17,0.025641,0.000000,0.025641,0.000000,0.000000,0.000000,0.025641,0.000000,,0.025641
2025-05-12,GLM-Logit,7,0.714286,0.250000,4_10 4_8 4_9 5_15 8_6,3_11 3_13 3_14 5_14 5_7 5_8 5_9 6_14 6_15 6_6 7_5 8_15 8_16 9_15 9_16,7_16 7_6,0.739130,0.538462,0.379310,0.428571,0.600000,0.428571,0.666667,0.290323,0.025641,
2025-05-12,HierBayes,7,0.571429,0.200000,4_10 4_8 4_9 5_15,3_11 3_13 3_14 5_7 5_8 5_9 6_14 6_15 6_6 7_15 7_8 8_15 8_16 9_14 9_15 9_16,7_16 7_6 8_6,,0.666667,0.428571,0.481481,0.538462,0.481481,0.600000,0.250000,0.025641,0.739130
2025-05-12,B1: Static prior,7,0.714286,0.250000,4_10 4_8 4_9 5_15 7_16,3_10 3_11 3_14 5_14 5_8 5_9 6_14 6_15 6_7 7_15 7_8 8_15 9_14 9_15 9_16,7_6 8_6,0.666667,,0.600000,0.600000,0.481481,0.600000,0.379310,0.333333,0.025641,0.538462
2025-05-12,TTM,7,0.285714,0.100000,4_8 4_9,3_10 3_11 3_12 3_6 5_14 5_8 5_9 6_15 6_3 6_7 7_15 7_5 7_8 8_15 8_8 9_14 9_15 9_16,4_10 5_15 7_16 7_6 8_6,0.428571,0.600000,,0.428571,0.379310,0.538462,0.290323,0.333333,0.025641,0.379310
2025-05-12,ET,7,0.571429,0.200000,4_10 4_9 5_15 7_16,3_10 3_11 3_6 3_7 4_7 5_14 5_7 5_8 6_14 6_15 6_7 7_15 8_15 8_16 9_14 9_15,4_8 7_6 8_6,0.481481,0.600000,0.428571,,0.428571,0.481481,0.333333,0.290323,0.025641,0.428571
2025-05-12,B5: B2+B3,7,0.714286,0.250000,4_10 4_8 4_9 5_15 7_6,3_11 3_13 3_6 3_9 5_14 5_6 5_8 5_9 6_14 6_6 6_7 8_15 8_16 9_15 9_16,7_16 8_6,0.538462,0.481481,0.379310,0.428571,,0.538462,0.600000,0.481481,0.000000,0.600000
2025-05-12,B4: B1+B3,7,0.428571,0.150000,4_10 4_8 4_9,3_10 3_11 3_13 3_6 3_7 3_9 5_14 5_8 5_9 6_14 6_15 6_7 6_8 7_8 9_14 9_15 9_16,5_15 7_16 7_6 8_6,0.481481,0.600000,0.538462,0.481481,0.538462,,0.290323,0.600000,0.025641,0.428571
2025-05-12,B2: Recent MA,7,0.714286,0.250000,4_10 4_8 4_9 5_15 7_6,3_11 3_13 3_14 5_6 5_7 5_8 5_9 6_14 6_3 6_6 6_9 7_5 8_15 8_16 9_15,7_16 8_6,0.600000,0.379310,0.290323,0.333333,0.600000,0.290323,,0.250000,0.000000,0.666667
2025-05-12,B3: DoY season,7,0.571429,0.200000,4_10 4_8 4_9 7_6,2_12 3_10 3_13 3_6 3_7 3_9 5_14 5_8 5_9 6_5 6_7 6_8 7_3 7_7 9_15 9_16,5_15 7_16 8_6,0.250000,0.333333,0.333333,0.290323,0.481481,0.600000,0.250000,,0.000000,0.290323
2025-05-12,B0: Random,7,0.000000,0.000000,,0_2 10_1 10_12 10_9 11_14 11_17 12_1 12_16 12_2 1_17 2_2 4_12 5_18 5_4 6_15 6_2 7_18 8_0 8_4 9_0,4_10 4_8 4_9 5_15 7_16 7_6 8_6,0.025641,0.025641,0.025641,0.025641,0.000000,0.025641,0.000000,0.000000,,0.025641
2025-05-13,GLM-Logit,10,0.500000,0.250000,4_10 5_15 5_7 6_15 9_16,3_11 3_13 3_14 4_8 4_9 5_8 5_9 6_14 6_6 7_16 7_5 8_15 8_16 8_6 9_15,3_10 3_9 4_7 6_9 8_7,0.739130,0.538462,0.379310,0.428571,0.600000,0.379310,0.666667,0.333333,0.025641,
2025-05-13,HierBayes,10,0.400000,0.200000,4_10 5_15 6_15 9_16,3_11 3_13 3_14 4_8 4_9 5_8 5_9 6_14 6_6 7_15 7_8 8_15 8_16 8_6 9_14 9_15,3_10 3_9 4_7 5_7 6_9 8_7,,0.666667,0.428571,0.428571,0.538462,0.481481,0.538462,0.333333,0.052632,0.739130
2025-05-13,B1: Static prior,10,0.500000,0.250000,3_10 4_10 5_15 6_15 9_16,3_11 3_14 4_8 4_9 5_14 5_8 5_9 6_14 6_7 7_15 7_16 7_8 8_15 9_14 9_15,3_9 4_7 5_7 6_9 8_7,0.666667,,0.538462,0.600000,0.379310,0.600000,0.333333,0.379310,0.052632,0.538462
2025-05-13,TTM,10,0.300000,0.150000,3_10 6_15 9_16,3_11 3_12 3_14 4_9 5_8 5_9 6_3 6_4 6_6 6_7 7_15 7_16 7_5 7_8 8_8 9_14 9_15,3_9 4_10 4_7 5_15 5_7 6_9 8_7,0.428571,0.538462,,0.333333,0.212121,0.379310,0.250000,0.212121,0.052632,0.379310
2025-05-13,ET,10,0.600000,0.300000,3_10 4_10 4_7 5_15 5_7 6_15,3_11 3_6 3_7 4_9 5_14 5_8 6_14 6_7 7_15 7_16 8_15 8_16 9_14 9_15,3_9 6_9 8_7 9_16,0.428571,0.600000,0.333333,,0.428571,0.481481,0.333333,0.333333,0.000000,0.428571
2025-05-13,B5: B2+B3,10,0.400000,0.200000,3_9 4_10 5_15 5_7,3_11 3_13 3_6 4_8 4_9 5_6 5_8 5_9 6_14 6_6 6_7 7_6 8_15 8_16 8_6 9_15,3_10 4_7 6_15 6_9 8_7 9_16,0.538462,0.379310,0.212121,0.428571,,0.428571,0.666667,0.481481,0.000000,0.600000
2025-05-13,B4: B1+B3,10,0.500000,0.250000,3_10 3_9 4_10 6_15 9_16,3_11 3_13 3_6 3_7 4_8 4_9 5_14 5_8 5_9 6_14 6_7 7_3 7_8 9_14 9_15,4_7 5_15 5_7 6_9 8_7,0.481481,0.600000,0.379310,0.481481,0.428571,,0.250000,0.666667,0.052632,0.379310
2025-05-13,B2: Recent MA,10,0.400000,0.200000,4_10 5_15 5_7 6_9,3_11 3_13 3_14 4_8 4_9 5_6 5_8 6_14 6_3 6_6 7_5 7_6 8_15 8_16 8_6 9_15,3_10 3_9 4_7 6_15 8_7 9_16,0.538462,0.333333,0.250000,0.333333,0.666667,0.250000,,0.290323,0.000000,0.666667
2025-05-13,B3: DoY season,10,0.300000,0.150000,3_9 4_10 9_16,3_11 3_13 3_6 3_7 4_8 4_9 5_14 5_8 5_9 6_14 6_5 6_7 6_8 7_3 7_6 7_7 9_15,3_10 4_7 5_15 5_7 6_15 6_9 8_7,0.333333,0.379310,0.212121,0.333333,0.481481,0.666667,0.290323,,0.052632,0.333333
2025-05-13,B0: Random,10,0.100000,0.050000,9_16,0_11 10_1 10_14 10_17 11_19 11_2 11_7 1_14 1_17 2_13 3_15 4_14 7_1 7_7 7_8 8_3 9_1 9_10 9_13,3_10 3_9 4_10 4_7 5_15 5_7 6_15 6_9 8_7,0.052632,0.052632,0.052632,0.000000,0.000000,0.052632,0.000000,0.052632,,0.025641
2025-05-14,GLM-Logit,11,0.636364,0.350000,3_9 4_10 4_9 6_15 6_6 8_15 9_16,3_10 3_11 3_13 4_8 5_15 5_7 5_8 5_9 6_14 7_16 8_16 8_6 9_15,3_8 6_3 7_9 8_14,0.818182,0.538462,0.379310,0.481481,0.666667,0.538462,0.600000,0.379310,0.052632,
2025-05-14,HierBayes,11,0.636364,0.350000,3_9 4_10 4_9 6_15 6_6 8_15 9_16,3_10 3_11 3_14 4_8 5_15 5_7 5_8 5_9 6_14 8_16 8_6 9_14 9_15,3_8 6_3 7_9 8_14,,0.600000,0.481481,0.481481,0.600000,0.428571,0.600000,0.290323,0.081081,0.818182
2025-05-14,B1: Static prior,11,0.454545,0.250000,4_10 4_9 6_15 8_15 9_16,3_10 3_11 3_14 4_8 5_14 5_15 5_8 5_9 6_14 6_7 7_15 7_16 7_8 9_14 9_15,3_8 3_9 6_3 6_6 7_9 8_14,0.600000,,0.666667,0.600000,0.428571,0.600000,0.379310,0.379310,0.081081,0.538462
2025-05-14,TTM,11,0.454545,0.250000,4_10 4_9 6_15 8_15 9_16,10_17 3_10 3_11 3_14 5_8 5_9 6_14 6_4 6_7 7_15 7_5 7_8 8_8 9_14 9_15,3_8 3_9 6_3 6_6 7_9 8_14,0.481481,0.666667,,0.428571,0.333333,0.428571,0.333333,0.250000,0.081081,0.379310
2025-05-14,ET,11,0.363636,0.200000,4_10 4_9 6_15 8_15,3_10 3_11 3_6 3_7 4_7 5_14 5_15 5_7 5_8 6_14 6_7 7_15 7_16 8_16 9_14 9_15,3_8 3_9 6_3 6_6 7_9 8_14 9_16,0.481481,0.600000,0.428571,,0.428571,0.481481,0.379310,0.333333,0.081081,0.481481
2025-05-14,B5: B2+B3,11,0.545455,0.300000,3_9 4_10 4_9 6_6 8_15 9_16,3_11 3_13 3_6 4_8 5_15 5_6 5_7 5_8 5_9 6_14 6_7 7_6 8_16 9_15,3_8 6_15 6_3 7_9 8_14,0.600000,0.428571,0.333333,0.428571,,0.481481,0.600000,0.428571,0.025641,0.666667
2025-05-14,B4: B1+B3,11,0.454545,0.250000,3_9 4_10 4_9 6_15 9_16,3_10 3_11 3_13 3_6 3_7 4_8 5_14 5_8 5_9 6_14 6_7 7_16 7_7 7_8 9_15,3_8 6_3 6_6 7_9 8_14 8_15,0.428571,0.600000,0.428571,0.481481,0.481481,,0.290323,0.666667,0.052632,0.538462
2025-05-14,B2: Recent MA,11,0.636364,0.350000,4_10 4_9 6_15 6_3 6_6 8_15 9_16,3_11 4_8 5_15 5_6 5_7 5_8 6_14 6_9 7_5 7_6 8_16 8_6 9_15,3_8 3_9 7_9 8_14,0.600000,0.379310,0.333333,0.379310,0.600000,0.290323,,0.250000,0.025641,0.600000
2025-05-14,B3: DoY season,11,0.454545,0.250000,3_9 4_10 4_9 6_15 9_16,3_13 3_6 3_7 4_8 5_14 5_9 6_14 6_5 6_7 6_8 7_16 7_3 7_6 7_7 9_15,3_8 6_3 6_6 7_9 8_14 8_15,0.290323,0.379310,0.250000,0.333333,0.428571,0.666667,0.250000,,0.025641,0.379310
2025-05-14,B0: Random,11,0.000000,0.000000,,0_1 0_11 10_1 10_12 11_5 12_19 1_1 1_15 2_18 3_10 3_4 4_16 6_0 6_1 6_11 6_16 8_10 9_14 9_15 9_7,3_8 3_9 4_10 4_9 6_15 6_3 6_6 7_9 8_14 8_15 9_16,0.081081,0.081081,0.081081,0.081081,0.025641,0.052632,0.025641,0.025641,,0.052632
2025-05-15,GLM-Logit,10,0.500000,0.250000,4_9 6_15 6_6 8_15 9_16,3_11 3_13 3_9 4_10 4_8 5_15 5_7 5_8 5_9 6_14 6_3 7_16 8_16 8_6 9_15,2_4 3_7 6_7 7_13 7_8,0.739130,0.481481,0.333333,0.428571,0.666667,0.481481,0.666667,0.379310,0.052632,
2025-05-15,HierBayes,10,0.500000,0.250000,4_9 6_15 6_6 8_15 9_16,3_10 3_11 3_13 3_14 3_9 4_10 4_8 5_15 5_8 5_9 6_14 8_16 8_6 9_14 9_15,2_4 3_7 6_7 7_13 7_8,,0.600000,0.428571,0.428571,0.666667,0.600000,0.600000,0.333333,0.081081,0.739130
2025-05-15,B1: Static prior,10,0.600000,0.300000,4_9 6_15 6_7 7_8 8_15 9_16,3_10 3_11 3_14 4_10 4_8 5_14 5_15 5_8 5_9 6_14 7_15 7_16 9_14 9_15,2_4 3_7 6_6 7_13,0.600000,,0.600000,0.600000,0.538462,0.739130,0.379310,0.428571,0.025641,0.481481
2025-05-15,TTM,10,0.700000,0.350000,3_7 4_9 6_15 6_7 7_8 8_15 9_16,10_17 3_10 3_11 4_10 5_8 5_9 6_14 6_8 7_15 7_5 8_8 9_14 9_15,2_4 6_6 7_13,0.428571,0.600000,,0.481481,0.379310,0.538462,0.333333,0.379310,0.025641,0.333333
2025-05-15,ET,10,0.500000,0.250000,3_7 4_9 6_15 6_7 8_15,3_10 3_11 3_6 4_10 4_7 5_14 5_15 5_7 5_8 6_14 7_15 7_16 8_16 9_14 9_15,2_4 6_6 7_13 7_8 9_16,0.428571,0.600000,0.481481,,0.481481,0.538462,0.290323,0.379310,0.025641,0.428571
2025-05-15,B5: B2+B3,10,0.600000,0.300000,4_9 6_15 6_6 6_7 8_15 9_16,3_11 3_13 3_6 3_9 4_10 4_8 5_14 5_15 5_8 5_9 6_14 7_6 8_16 9_15,2_4 3_7 7_13 7_8,0.666667,0.538462,0.379310,0.481481,,0.666667,0.600000,0.481481,0.025641,0.666667
2025-05-15,B4: B1+B3,10,0.500000,0.250000,4_9 6_15 6_7 7_8 9_16,3_10 3_11 3_13 3_6 3_9 4_10 4_8 5_14 5_15 5_8 5_9 6_14 7_15 9_14 9_15,2_4 3_7 6_6 7_13 8_15,0.600000,0.739130,0.538462,0.538462,0.666667,,0.379310,0.538462,0.025641,0.481481
2025-05-15,B2: Recent MA,10,0.500000,0.250000,4_9 6_15 6_6 8_15 9_16,3_9 4_10 4_8 5_15 5_6 5_8 5_9 6_14 6_3 6_9 7_5 7_6 8_16 8_6 9_15,2_4 3_7 6_7 7_13 7_8,0.600000,0.379310,0.333333,0.290323,0.600000,0.379310,,0.250000,0.052632,0.666667
2025-05-15,B3: DoY season,10,0.500000,0.250000,3_7 4_9 6_15 6_7 7_8,3_11 3_13 3_6 3_9 4_10 4_8 5_14 5_9 6_14 6_5 6_8 7_16 7_3 7_7 9_15,2_4 6_6 7_13 8_15 9_16,0.333333,0.428571,0.379310,0.379310,0.481481,0.538462,0.250000,,0.000000,0.379310
2025-05-15,B0: Random,10,0.100000,0.050000,6_6,0_15 10_2 10_5 10_8 11_11 11_3 1_1 2_8 4_16 5_4 6_1 6_10 6_11 7_2 7_9 8_6 9_14 9_6 9_7,2_4 3_7 4_9 6_15 6_7 7_13 7_8 8_15 9_16,0.081081,0.025641,0.025641,0.025641,0.025641,0.025641,0.052632,0.000000,,0.052632
2025-05-16,GLM-Logit,9,0.333333,0.150000,4_9 6_15 6_6,3_11 3_13 3_9 4_10 4_8 5_15 5_7 5_8 5_9 6_14 6_3 6_7 8_15 8_16 8_6 9_15 9_16,2_17 3_14 3_7 7_7 8_17 8_9,0.666667,0.481481,0.333333,0.428571,0.739130,0.538462,0.739130,0.428571,0.000000,
2025-05-16,HierBayes,9,0.444444,0.200000,3_14 4_9 6_15 6_6,3_10 3_11 3_9 4_10 4_8 5_15 5_8 5_9 6_14 7_8 8_15 8_16 8_6 9_14 9_15 9_16,2_17 3_7 7_7 8_17 8_9,,0.666667,0.481481,0.428571,0.600000,0.600000,0.600000,0.379310,0.025641,0.666667
2025-05-16,B1: Static prior,9,0.333333,0.150000,3_14 4_9 6_15,3_10 3_11 4_10 4_8 5_14 5_15 5_8 5_9 6_14 6_7 7_15 7_16 7_8 8_15 9_14 9_15 9_16,2_17 3_7 6_6 7_7 8_17 8_9,0.666667,,0.600000,0.600000,0.538462,0.739130,0.379310,0.538462,0.025641,0.481481
2025-05-16,TTM,9,0.333333,0.150000,3_14 4_9 6_15,10_17 3_10 3_11 3_12 4_10 5_8 5_9 6_14 6_7 6_8 7_15 7_5 7_8 8_8 9_14 9_15 9_16,2_17 3_7 6_6 7_7 8_17 8_9,0.481481,0.600000,,0.379310,0.333333,0.538462,0.290323,0.379310,0.052632,0.333333
2025-05-16,ET,9,0.333333,0.150000,3_7 4_9 6_15,3_10 3_11 3_6 4_10 4_7 5_14 5_15 5_7 5_8 6_14 6_7 7_15 7_16 8_15 8_16 9_14 9_15,2_17 3_14 6_6 7_7 8_17 8_9,0.428571,0.600000,0.379310,,0.428571,0.538462,0.333333,0.379310,0.025641,0.428571
2025-05-16,B5: B2+B3,9,0.333333,0.150000,4_9 6_15 6_6,3_11 3_13 3_9 4_10 4_8 5_14 5_15 5_8 5_9 6_14 6_7 6_9 7_6 8_15 8_16 9_15 9_16,2_17 3_14 3_7 7_7 8_17 8_9,0.600000,0.538462,0.333333,0.428571,,0.600000,0.666667,0.481481,0.000000,0.739130
2025-05-16,B4: B1+B3,9,0.222222,0.100000,4_9 6_15,3_10 3_11 3_13 3_6 3_9 4_10 4_8 5_14 5_15 5_8 5_9 6_14 6_7 7_15 7_8 9_14 9_15 9_16,2_17 3_14 3_7 6_6 7_7 8_17 8_9,0.600000,0.739130,0.538462,0.538462,0.600000,,0.379310,0.666667,0.025641,0.538462
2025-05-16,B2: Recent MA,9,0.333333,0.150000,4_9 6_15 6_6,3_9 4_10 4_8 5_15 5_7 5_8 5_9 6_14 6_3 6_9 7_5 7_6 8_15 8_16 8_6 9_15 9_16,2_17 3_14 3_7 7_7 8_17 8_9,0.600000,0.379310,0.290323,0.333333,0.666667,0.379310,,0.290323,0.000000,0.739130
2025-05-16,B3: DoY season,9,0.333333,0.150000,4_9 6_15 7_7,10_17 3_11 3_13 3_6 3_9 4_10 4_8 5_14 5_15 5_9 6_7 7_15 7_16 7_3 7_8 9_15 9_16,2_17 3_14 3_7 6_6 8_17 8_9,0.379310,0.538462,0.379310,0.379310,0.481481,0.666667,0.290323,,0.025641,0.428571
2025-05-16,B0: Random,9,0.111111,0.050000,7_7,0_15 10_18 11_1 11_13 11_15 12_13 1_1 2_19 3_12 4_1 4_18 4_4 6_11 6_18 6_2 7_0 9_14 9_18 9_7,2_17 3_14 3_7 4_9 6_15 6_6 8_17 8_9,0.025641,0.025641,0.052632,0.025641,0.000000,0.025641,0.000000,0.025641,,0.000000
2025-05-17,GLM-Logit,6,0.666667,0.200000,3_7 3_9 4_10 6_15,3_11 3_13 3_14 4_8 4_9 5_15 5_8 5_9 6_14 6_3 6_6 8_15 8_16 8_6 9_15 9_16,2_4 4_5,0.739130,0.481481,0.379310,0.379310,0.739130,0.481481,0.600000,0.428571,0.000000,
2025-05-17,HierBayes,6,0.666667,0.200000,3_7 3_9 4_10 6_15,3_10 3_11 3_14 4_8 4_9 5_15 5_8 5_9 6_14 6_6 7_8 8_15 8_16 8_6 9_14 9_16,2_4 4_5,,0.600000,0.481481,0.428571,0.600000,0.538462,0.481481,0.379310,0.025641,0.739130
2025-05-17,B1: Static prior,6,0.333333,0.100000,4_10 6_15,3_10 3_11 3_14 4_8 4_9 5_14 5_15 5_8 5_9 6_14 6_7 7_15 7_16 7_8 8_15 9_14 9_15 9_16,2_4 3_7 3_9 4_5,0.600000,,0.600000,0.600000,0.481481,0.739130,0.379310,0.481481,0.052632,0.481481
2025-05-17,TTM,6,0.500000,0.150000,3_9 4_10 6_15,3_10 3_11 3_12 3_14 4_9 5_8 5_9 6_7 6_8 7_15 7_5 7_8 8_15 8_8 9_14 9_15 9_16,2_4 3_7 4_5,0.481481,0.600000,,0.379310,0.379310,0.538462,0.290323,0.379310,0.052632,0.379310
2025-05-17,ET,6,0.500000,0.150000,3_7 4_10 6_15,3_10 3_11 3_6 4_7 4_9 5_14 5_15 5_7 5_8 6_14 6_7 7_15 7_16 8_15 8_16 9_14 9_15,2_4 3_9 4_5,0.428571,0.600000,0.379310,,0.481481,0.538462,0.333333,0.379310,0.052632,0.379310
2025-05-17,B5: B2+B3,6,0.666667,0.200000,3_7 3_9 4_10 6_15,3_11 3_13 3_6 4_8 4_9 5_15 5_8 5_9 6_14 6_6 6_7 7_7 8_15 8_16 9_15 9_16,2_4 4_5,0.600000,0.481481,0.379310,0.481481,,0.600000,0.600000,0.600000,0.025641,0.739130
2025-05-17,B4: B1+B3,6,0.500000,0.150000,3_9 4_10 6_15,3_10 3_11 3_13 3_6 4_8 4_9 5_14 5_15 5_8 5_9 6_14 6_7 7_15 7_8 9_14 9_15 9_16,2_4 3_7 4_5,0.538462,0.739130,0.538462,0.538462,0.600000,,0.379310,0.666667,0.052632,0.481481
2025-05-17,B2: Recent MA,6,0.500000,0.150000,3_9 4_10 6_15,4_8 4_9 5_15 5_6 5_7 5_8 5_9 6_14 6_3 6_6 6_9 7_6 7_7 8_15 8_16 9_15 9_16,2_4 3_7 4_5,0.481481,0.379310,0.290323,0.333333,0.600000,0.379310,,0.379310,0.000000,0.600000
2025-05-17,B3: DoY season,6,0.500000,0.150000,3_9 4_10 6_15,10_17 3_11 3_13 3_6 4_8 4_9 5_14 5_15 5_8 5_9 6_14 6_7 6_8 7_3 7_7 7_8 9_15,2_4 3_7 4_5,0.379310,0.481481,0.379310,0.379310,0.600000,0.666667,0.379310,,0.025641,0.428571
2025-05-17,B0: Random,6,0.000000,0.000000,,0_16 0_9 10_19 11_17 11_5 11_8 1_3 1_4 2_18 2_19 3_18 6_0 6_1 6_7 7_1 7_13 7_18 8_10 9_14 9_19,2_4 3_7 3_9 4_10 4_5 6_15,0.025641,0.052632,0.052632,0.052632,0.025641,0.052632,0.000000,0.025641,,0.000000
2025-05-18,GLM-Logit,9,0.333333,0.150000,3_13 3_9 6_6,3_11 3_7 4_10 4_8 4_9 5_15 5_7 5_8 5_9 6_14 6_15 6_3 8_15 8_16 8_6 9_15 9_16,10_12 1_11 3_14 4_3 6_8 8_8,0.739130,0.428571,0.379310,0.428571,0.600000,0.379310,0.600000,0.428571,0.000000,
2025-05-18,HierBayes,9,0.222222,0.100000,3_9 6_6,3_10 3_11 3_7 4_10 4_8 4_9 5_15 5_8 5_9 6_14 6_15 7_8 8_15 8_16 8_6 9_14 9_15 9_16,10_12 1_11 3_13 3_14 4_3 6_8 8_8,,0.600000,0.481481,0.481481,0.600000,0.481481,0.538462,0.428571,0.000000,0.739130
2025-05-18,B1: Static prior,9,0.111111,0.050000,3_14,3_10 3_11 4_10 4_8 4_9 5_14 5_15 5_8 5_9 6_14 6_15 6_7 7_15 7_16 7_8 8_15 9_14 9_15 9_16,10_12 1_11 3_13 3_9 4_3 6_6 6_8 8_8,0.600000,,0.600000,0.600000,0.481481,0.666667,0.333333,0.481481,0.000000,0.428571
2025-05-18,TTM,9,0.222222,0.100000,3_9 8_8,3_10 3_11 3_12 4_10 4_8 4_9 5_14 5_7 5_9 6_15 7_15 7_16 7_5 7_8 8_15 9_14 9_15 9_16,10_12 1_11 3_13 3_14 4_3 6_6 6_8,0.481481,0.600000,,0.428571,0.379310,0.538462,0.290323,0.379310,0.000000,0.379310
2025-05-18,ET,9,0.000000,0.000000,,3_10 3_11 3_6 3_7 4_10 4_7 4_9 5_14 5_15 5_7 5_8 6_14 6_15 6_7 7_15 7_16 8_15 8_16 9_14 9_15,10_12 1_11 3_13 3_14 3_9 4_3 6_6 6_8 8_8,0.481481,0.600000,0.428571,,0.481481,0.538462,0.290323,0.428571,0.000000,0.428571
2025-05-18,B5: B2+B3,9,0.333333,0.150000,3_13 3_9 6_6,3_11 3_6 3_7 4_10 4_8 4_9 5_14 5_15 6_14 6_15 6_7 7_7 7_8 8_15 8_16 9_15 9_16,10_12 1_11 3_14 4_3 6_8 8_8,0.600000,0.481481,0.379310,0.481481,,0.600000,0.481481,0.666667,0.000000,0.600000
2025-05-18,B4: B1+B3,9,0.222222,0.100000,3_13 3_9,3_10 3_11 3_6 4_10 4_8 4_9 5_14 5_15 5_9 6_14 6_15 6_7 7_15 7_16 7_7 7_8 9_14 9_15,10_12 1_11 3_14 4_3 6_6 6_8 8_8,0.481481,0.666667,0.538462,0.538462,0.600000,,0.290323,0.739130,0.000000,0.379310
2025-05-18,B2: Recent MA,9,0.222222,0.100000,3_9 6_6,2_4 3_7 4_10 4_8 4_9 5_15 5_8 5_9 6_14 6_15 6_3 6_9 7_5 7_6 7_7 8_15 8_16 9_16,10_12 1_11 3_13 3_14 4_3 6_8 8_8,0.538462,0.333333,0.290323,0.290323,0.481481,0.290323,,0.333333,0.000000,0.600000
2025-05-18,B3: DoY season,9,0.333333,0.150000,3_13 3_9 6_8,3_11 3_6 3_7 4_10 4_8 4_9 5_14 5_15 5_9 6_14 6_15 6_7 7_16 7_3 7_7 7_8 9_15,10_12 1_11 3_14 4_3 6_6 8_8,0.428571,0.481481,0.379310,0.428571,0.666667,0.739130,0.333333,,0.000000,0.428571
2025-05-18,B0: Random,9,0.000000,0.000000,,0_1 0_11 0_14 10_18 10_6 11_9 12_10 12_18 12_7 1_0 1_1 1_8 3_15 4_4 7_13 8_5 8_7 9_17 9_2 9_5,10_12 1_11 3_13 3_14 3_9 4_3 6_6 6_8 8_8,0.000000,0.000000,0.000000,0.000000,0.000000,0.000000,0.000000,0.000000,,0.000000
2025-05-19,GLM-Logit,5,0.800000,0.200000,3_13 3_14 3_9 6_15,3_7 4_10 4_8 4_9 5_15 5_7 5_8 5_9 6_14 6_3 6_6 8_15 8_16 8_6 9_15 9_16,5_14,0.739130,0.428571,0.250000,0.379310,0.600000,0.379310,0.666667,0.333333,0.000000,
2025-05-19,HierBayes,5,0.600000,0.150000,3_14 3_9 6_15,3_10 3_7 4_10 4_8 4_9 5_15 5_8 5_9 6_14 6_6 7_8 8_15 8_16 8_6 9_14 9_15 9_16,3_13 5_14,,0.600000,0.333333,0.428571,0.600000,0.481481,0.538462,0.333333,0.000000,0.739130
2025-05-19,B1: Static prior,5,0.600000,0.150000,3_14 5_14 6_15,3_10 3_11 4_10 4_8 4_9 5_15 5_8 5_9 6_14 6_7 7_15 7_16 7_8 8_15 9_14 9_15 9_16,3_13 3_9,0.600000,,0.481481,0.600000,0.481481,0.739130,0.290323,0.428571,0.000000,0.428571
2025-05-19,TTM,5,0.800000,0.200000,3_13 3_9 5_14 6_15,10_16 3_10 3_11 3_6 4_10 4_9 5_9 6_4 7_15 7_16 7_5 7_8 8_8 9_14 9_15 9_16,3_14,0.333333,0.481481,,0.379310,0.379310,0.600000,0.142857,0.379310,0.000000,0.250000
2025-05-19,ET,5,0.400000,0.100000,5_14 6_15,3_10 3_11 3_6 3_7 4_10 4_7 4_9 5_15 5_7 5_8 6_14 6_7 7_15 7_16 8_15 8_16 9_14 9_15,3_13 3_14 3_9,0.428571,0.600000,0.379310,,0.428571,0.600000,0.333333,0.428571,0.000000,0.379310
2025-05-19,B5: B2+B3,5,0.600000,0.150000,3_13 3_9 6_15,3_11 3_6 3_7 4_10 4_8 4_9 5_15 5_9 6_14 6_6 6_7 7_7 7_8 8_15 8_16 9_15 9_16,3_14 5_14,0.600000,0.481481,0.379310,0.428571,,0.600000,0.481481,0.600000,0.000000,0.600000
2025-05-19,B4: B1+B3,5,0.800000,0.200000,3_13 3_9 5_14 6_15,3_10 3_11 3_6 4_10 4_8 4_9 5_15 5_9 6_14 6_7 7_15 7_16 7_8 8_15 9_14 9_15,3_14,0.481481,0.739130,0.600000,0.600000,0.600000,,0.250000,0.600000,0.000000,0.379310
2025-05-19,B2: Recent MA,5,0.400000,0.100000,3_9 6_15,2_4 3_7 4_10 4_8 4_9 5_15 5_7 5_8 6_14 6_3 6_6 6_9 7_6 7_7 8_15 8_16 8_6 9_16,3_13 3_14 5_14,0.538462,0.290323,0.142857,0.333333,0.481481,0.250000,,0.290323,0.000000,0.666667
2025-05-19,B3: DoY season,5,0.800000,0.200000,3_13 3_9 5_14 6_15,10_17 3_11 3_6 3_7 4_10 4_8 4_9 5_15 6_14 6_7 6_8 7_16 7_3 7_7 7_8 9_15,3_14,0.333333,0.428571,0.379310,0.428571,0.600000,0.600000,0.290323,,0.000000,0.333333
2025-05-19,B0: Random,5,0.000000,0.000000,,0_3 10_13 11_19 1_11 1_8 2_3 2_9 3_12 3_15 3_4 4_16 5_18 5_4 7_13 7_17 8_2 8_5 9_1 9_2 9_8,3_13 3_14 3_9 5_14 6_15,0.000000,0.000000,0.000000,0.000000,0.000000,0.000000,0.000000,0.000000,,0.000000
2025-05-20,GLM-Logit,8,0.375000,0.150000,3_9 6_14 8_15,3_13 3_14 3_7 4_10 4_8 4_9 5_15 5_7 5_8 5_9 6_15 6_3 6_6 8_16 8_6 9_15 9_16,3_5 3_6 6_5 6_7 7_14,0.818182,0.428571,0.333333,0.379310,0.666667,0.428571,0.666667,0.379310,0.025641,
2025-05-20,HierBayes,8,0.375000,0.150000,3_9 6_14 8_15,3_10 3_13 3_14 3_7 4_10 4_8 4_9 5_15 5_8 5_9 6_15 6_6 7_8 8_16 8_6 9_15 9_16,3_5 3_6 6_5 6_7 7_14,,0.538462,0.428571,0.379310,0.666667,0.538462,0.600000,0.481481,0.025641,0.818182
2025-05-20,B1: Static prior,8,0.375000,0.150000,6_14 6_7 8_15,3_10 3_11 3_14 4_10 4_8 4_9 5_14 5_15 5_8 5_9 6_15 7_15 7_16 7_8 9_14 9_15 9_16,3_5 3_6 3_9 6_5 7_14,0.538462,,0.666667,0.600000,0.538462,0.600000,0.290323,0.481481,0.081081,0.428571
2025-05-20,TTM,8,0.375000,0.150000,3_9 6_7 8_15,3_10 3_11 3_14 4_10 4_9 5_8 5_9 6_15 6_4 7_15 7_16 7_5 7_8 8_8 9_14 9_15 9_16,3_5 3_6 6_14 6_5 7_14,0.428571,0.666667,,0.428571,0.379310,0.428571,0.212121,0.333333,0.081081,0.333333
2025-05-20,ET,8,0.500000,0.200000,3_6 6_14 6_7 8_15,3_10 3_11 3_7 4_10 4_7 4_9 5_14 5_15 5_7 5_8 6_15 7_15 7_16 8_16 9_14 9_15,3_5 3_9 6_5 7_14,0.379310,0.600000,0.428571,,0.333333,0.538462,0.250000,0.428571,0.081081,0.379310
2025-05-20,B5: B2+B3,8,0.500000,0.200000,3_9 6_14 6_7 8_15,3_13 3_14 3_7 4_10 4_8 4_9 5_14 5_15 5_9 6_15 6_3 6_6 7_7 7_8 9_15 9_16,3_5 3_6 6_5 7_14,0.666667,0.538462,0.379310,0.333333,,0.666667,0.600000,0.600000,0.025641,0.666667
2025-05-20,B4: B1+B3,8,0.625000,0.250000,3_6 3_9 6_14 6_7 8_15,3_10 3_11 3_13 3_7 4_10 4_8 4_9 5_14 5_15 5_9 6_15 7_7 7_8 9_14 9_15,3_5 6_5 7_14,0.538462,0.600000,0.428571,0.538462,0.666667,,0.379310,0.818182,0.052632,0.428571
2025-05-20,B2: Recent MA,8,0.375000,0.150000,3_9 6_14 8_15,2_4 3_13 3_14 3_7 4_10 4_8 4_9 5_15 6_15 6_3 6_6 6_9 7_6 7_7 8_16 8_6 9_16,3_5 3_6 6_5 6_7 7_14,0.600000,0.290323,0.212121,0.250000,0.600000,0.379310,,0.333333,0.052632,0.666667
2025-05-20,B3: DoY season,8,0.500000,0.200000,3_6 3_9 6_14 6_7,3_10 3_11 3_13 3_7 4_10 4_8 4_9 5_14 5_15 5_9 6_15 6_8 7_3 7_7 7_8 9_15,3_5 6_5 7_14 8_15,0.481481,0.481481,0.333333,0.428571,0.600000,0.818182,0.333333,,0.052632,0.379310
2025-05-20,B0: Random,8,0.000000,0.000000,,11_1 11_17 11_8 12_8 1_1 1_4 2_16 3_0 3_11 4_11 4_3 5_10 5_17 5_6 6_12 6_15 6_9 7_12 7_15 9_11,3_5 3_6 3_9 6_14 6_5 6_7 7_14 8_15,0.025641,0.081081,0.081081,0.081081,0.025641,0.052632,0.052632,0.052632,,0.025641
2025-05-21,GLM-Logit,9,0.111111,0.050000,6_7,3_13 3_14 3_7 3_9 4_10 4_8 4_9 5_15 5_8 5_9 6_14 6_15 6_3 6_6 8_15 8_16 8_6 9_15 9_16,11_17 2_4 3_5 3_6 6_16 6_4 6_5 9_9,0.904762,0.481481,0.333333,0.379310,0.739130,0.481481,0.739130,0.428571,0.052632,
2025-05-21,HierBayes,9,0.111111,0.050000,6_7,3_13 3_14 3_7 3_9 4_10 4_8 4_9 5_15 5_8 5_9 6_14 6_15 6_6 7_8 8_15 8_16 8_6 9_15 9_16,11_17 2_4 3_5 3_6 6_16 6_4 6_5 9_9,,0.538462,0.379310,0.379310,0.818182,0.538462,0.666667,0.481481,0.052632,0.904762
2025-05-21,B1: Static prior,9,0.111111,0.050000,6_7,3_10 3_11 3_14 4_10 4_8 4_9 5_14 5_15 5_8 5_9 6_14 6_15 7_15 7_16 7_8 8_15 9_14 9_15 9_16,11_17 2_4 3_5 3_6 6_16 6_4 6_5 9_9,0.538462,,0.666667,0.600000,0.481481,0.600000,0.333333,0.538462,0.025641,0.481481
2025-05-21,TTM,9,0.000000,0.000000,,3_10 3_11 3_9 4_10 4_8 4_9 5_14 5_8 5_9 6_15 7_15 7_16 7_3 7_5 7_8 8_15 8_8 9_14 9_15 9_16,11_17 2_4 3_5 3_6 6_16 6_4 6_5 6_7 9_9,0.379310,0.666667,,0.428571,0.333333,0.481481,0.250000,0.428571,0.025641,0.333333
2025-05-21,ET,9,0.222222,0.100000,3_6 6_7,3_10 3_11 3_7 4_10 4_7 4_9 5_14 5_15 5_7 5_8 6_14 6_15 7_15 7_16 8_15 8_16 9_14 9_15,11_17 2_4 3_5 6_16 6_4 6_5 9_9,0.379310,0.600000,0.428571,,0.428571,0.600000,0.290323,0.600000,0.025641,0.379310
2025-05-21,B5: B2+B3,9,0.222222,0.100000,3_6 6_7,3_13 3_14 3_7 3_9 4_10 4_8 4_9 5_15 5_8 6_14 6_15 6_6 7_7 7_8 8_15 8_16 9_15 9_16,11_17 2_4 3_5 6_16 6_4 6_5 9_9,0.818182,0.481481,0.333333,0.428571,,0.600000,0.600000,0.600000,0.052632,0.739130
2025-05-21,B4: B1+B3,9,0.222222,0.100000,3_6 6_7,3_10 3_11 3_13 3_7 3_9 4_10 4_9 5_14 5_15 5_8 5_9 6_14 6_15 7_7 7_8 8_15 9_14 9_15,11_17 2_4 3_5 6_16 6_4 6_5 9_9,0.538462,0.600000,0.481481,0.600000,0.600000,,0.333333,0.818182,0.025641,0.481481
2025-05-21,B2: Recent MA,9,0.111111,0.050000,2_4,3_13 3_14 3_7 3_9 4_10 4_8 4_9 5_15 5_8 6_14 6_15 6_3 6_6 6_9 7_6 8_15 8_16 8_6 9_16,11_17 3_5 3_6 6_16 6_4 6_5 6_7 9_9,0.666667,0.333333,0.250000,0.290323,0.600000,0.333333,,0.333333,0.052632,0.739130
2025-05-21,B3: DoY season,9,0.222222,0.100000,3_6 6_7,3_10 3_11 3_13 3_15 3_7 3_9 4_10 4_9 5_14 5_15 5_8 6_14 6_15 7_16 7_7 7_8 8_15 9_15,11_17 2_4 3_5 6_16 6_4 6_5 9_9,0.481481,0.538462,0.428571,0.600000,0.600000,0.818182,0.333333,,0.025641,0.428571
2025-05-21,B0: Random,9,0.000000,0.000000,,0_19 10_14 10_19 10_8 10_9 11_0 11_12 11_3 12_11 1_14 1_3 4_5 4_9 5_5 6_0 6_6 7_11 7_2 9_17 9_19,11_17 2_4 3_5 3_6 6_16 6_4 6_5 6_7 9_9,0.052632,0.025641,0.025641,0.025641,0.052632,0.025641,0.052632,0.025641,,0.052632
2025-05-22,GLM-Logit,15,0.266667,0.200000,2_4 4_10 4_9 6_15,3_13 3_14 3_7 3_9 4_8 5_15 5_8 6_14 6_3 6_6 6_7 8_15 8_16 8_6 9_15 9_16,10_16 1_12 3_10 3_5 4_7 5_3 5_7 5_9 7_16 7_5 9_14,0.818182,0.428571,0.290323,0.379310,0.739130,0.379310,0.818182,0.379310,0.025641,
2025-05-22,HierBayes,15,0.266667,0.200000,4_10 4_9 5_9 6_15,3_13 3_14 3_7 3_9 4_8 5_15 5_8 6_14 6_6 6_7 7_8 8_15 8_16 8_6 9_15 9_16,10_16 1_12 2_4 3_10 3_5 4_7 5_3 5_7 7_16 7_5 9_14,,0.538462,0.379310,0.379310,0.739130,0.481481,0.666667,0.428571,0.025641,0.818182
2025-05-22,B1: Static prior,15,0.466667,0.350000,3_10 4_10 4_9 5_9 6_15 7_16 9_14,3_11 3_14 4_8 5_14 5_15 5_8 6_14 6_7 7_15 7_8 8_15 9_15 9_16,10_16 1_12 2_4 3_5 4_7 5_3 5_7 7_5,0.538462,,0.600000,0.600000,0.428571,0.600000,0.379310,0.481481,0.052632,0.428571
2025-05-22,TTM,15,0.533333,0.400000,3_10 4_10 4_9 5_9 6_15 7_16 7_5 9_14,10_17 3_11 3_9 5_14 5_8 7_15 7_8 8_15 8_16 8_8 9_15 9_16,10_16 1_12 2_4 3_5 4_7 5_3 5_7,0.379310,0.600000,,0.481481,0.290323,0.481481,0.250000,0.379310,0.081081,0.290323
2025-05-22,ET,15,0.533333,0.400000,3_10 4_10 4_7 4_9 5_7 6_15 7_16 9_14,3_11 3_6 3_7 5_14 5_15 5_8 6_14 6_7 7_15 8_15 8_16 9_15,10_16 1_12 2_4 3_5 5_3 5_9 7_5,0.379310,0.600000,0.481481,,0.379310,0.600000,0.333333,0.538462,0.052632,0.379310
2025-05-22,B5: B2+B3,15,0.200000,0.150000,4_10 4_9 6_15,3_13 3_14 3_6 3_7 3_9 4_8 5_15 6_14 6_3 6_6 6_7 7_7 7_8 8_15 8_16 9_15 9_16,10_16 1_12 2_4 3_10 3_5 4_7 5_3 5_7 5_9 7_16 7_5 9_14,0.739130,0.428571,0.290323,0.379310,,0.538462,0.739130,0.538462,0.025641,0.739130
2025-05-22,B4: B1+B3,15,0.400000,0.300000,3_10 4_10 4_9 5_9 6_15 9_14,3_11 3_13 3_6 3_7 3_9 5_14 5_15 6_14 6_7 7_15 7_7 7_8 8_15 9_15,10_16 1_12 2_4 3_5 4_7 5_3 5_7 7_16 7_5,0.481481,0.600000,0.481481,0.600000,0.538462,,0.379310,0.818182,0.025641,0.379310
2025-05-22,B2: Recent MA,15,0.266667,0.200000,2_4 4_10 4_9 6_15,3_13 3_14 3_7 3_9 4_8 5_15 6_14 6_3 6_6 6_7 6_9 7_6 8_15 8_16 9_15 9_16,10_16 1_12 3_10 3_5 4_7 5_3 5_7 5_9 7_16 7_5 9_14,0.666667,0.379310,0.250000,0.333333,0.739130,0.379310,,0.379310,0.025641,0.818182
2025-05-22,B3: DoY season,15,0.400000,0.300000,3_10 3_5 4_10 4_9 6_15 9_14,3_11 3_13 3_15 3_6 3_7 3_9 5_14 5_15 6_14 6_7 7_7 7_8 8_15 9_15,10_16 1_12 2_4 4_7 5_3 5_7 5_9 7_16 7_5,0.428571,0.481481,0.379310,0.538462,0.538462,0.818182,0.379310,,0.025641,0.379310
2025-05-22,B0: Random,15,0.133333,0.100000,6_15 7_16,10_4 11_1 11_5 1_11 1_13 1_5 2_0 2_17 2_2 2_9 3_1 3_19 5_16 6_19 7_9 8_14 8_8 9_8,10_16 1_12 2_4 3_10 3_5 4_10 4_7 4_9 5_3 5_7 5_9 7_5 9_14,0.025641,0.052632,0.081081,0.052632,0.025641,0.025641,0.025641,0.025641,,0.025641
2025-05-23,GLM-Logit,9,0.222222,0.100000,3_9 6_6,2_4 3_13 3_14 3_7 4_10 4_8 4_9 5_15 5_7 5_8 5_9 6_14 6_15 6_7 8_15 8_16 8_6 9_16,10_14 2_5 3_16 4_13 7_8 8_17 9_14,0.904762,0.428571,0.333333,0.379310,0.538462,0.333333,0.739130,0.333333,0.025641,
2025-05-23,HierBayes,9,0.333333,0.150000,3_9 6_6 9_14,2_4 3_13 3_14 3_7 4_10 4_8 4_9 5_15 5_7 5_8 5_9 6_14 6_15 6_7 8_15 8_16 9_16,10_14 2_5 3_16 4_13 7_8 8_17,,0.481481,0.379310,0.428571,0.538462,0.379310,0.739130,0.379310,0.025641,0.904762
2025-05-23,B1: Static prior,9,0.222222,0.100000,7_8 9_14,3_10 3_11 3_14 4_10 4_8 4_9 5_14 5_15 5_8 5_9 6_14 6_15 6_7 7_15 7_16 8_15 9_15 9_16,10_14 2_5 3_16 3_9 4_13 6_6 8_17,0.481481,,0.538462,0.600000,0.428571,0.600000,0.379310,0.481481,0.081081,0.428571
2025-05-23,TTM,9,0.222222,0.100000,3_9 9_14,10_17 3_10 3_11 3_13 4_10 4_9 5_14 5_8 5_9 6_15 6_3 6_4 6_7 7_15 8_15 8_8 9_15 9_16,10_14 2_5 3_16 4_13 6_6 7_8 8_17,0.379310,0.538462,,0.428571,0.379310,0.481481,0.290323,0.481481,0.081081,0.333333
2025-05-23,ET,9,0.111111,0.050000,9_14,3_10 3_11 3_6 3_7 4_10 4_7 4_9 5_14 5_15 5_7 5_8 6_14 6_15 6_7 7_15 7_16 8_15 8_16 9_15,10_14 2_5 3_16 3_9 4_13 6_6 7_8 8_17,0.428571,0.600000,0.428571,,0.333333,0.600000,0.333333,0.538462,0.052632,0.379310
2025-05-23,B5: B2+B3,9,0.333333,0.150000,3_9 6_6 7_8,2_4 3_11 3_13 3_5 3_7 4_10 4_8 4_9 5_15 6_14 6_15 6_3 6_7 7_7 8_15 9_15 9_16,10_14 2_5 3_16 4_13 8_17 9_14,0.538462,0.428571,0.379310,0.333333,,0.538462,0.600000,0.666667,0.000000,0.538462
2025-05-23,B4: B1+B3,9,0.222222,0.100000,7_8 9_14,3_10 3_11 3_13 3_5 3_6 3_7 4_10 4_9 5_14 5_15 5_9 6_14 6_15 6_7 7_15 7_7 8_15 9_15,10_14 2_5 3_16 3_9 4_13 6_6 8_17,0.379310,0.600000,0.481481,0.600000,0.538462,,0.333333,0.818182,0.052632,0.333333
2025-05-23,B2: Recent MA,9,0.222222,0.100000,3_9 6_6,2_4 3_14 3_5 3_7 4_10 4_8 4_9 5_15 5_7 5_9 6_14 6_15 6_3 6_7 6_9 8_15 8_16 9_16,10_14 2_5 3_16 4_13 7_8 8_17 9_14,0.739130,0.379310,0.290323,0.333333,0.600000,0.333333,,0.379310,0.025641,0.739130
2025-05-23,B3: DoY season,9,0.333333,0.150000,3_9 7_8 9_14,3_10 3_11 3_13 3_5 3_6 3_7 4_10 4_9 5_14 5_15 6_14 6_15 6_3 6_7 7_7 8_15 9_15,10_14 2_5 3_16 4_13 6_6 8_17,0.379310,0.481481,0.481481,0.538462,0.666667,0.818182,0.379310,,0.000000,0.333333
2025-05-23,B0: Random,9,0.111111,0.050000,3_16,0_14 0_17 10_17 11_10 11_2 11_6 11_8 4_15 4_17 5_11 5_9 6_17 7_1 7_15 7_16 7_5 8_1 8_2 9_10,10_14 2_5 3_9 4_13 6_6 7_8 8_17 9_14,0.025641,0.081081,0.081081,0.052632,0.000000,0.052632,0.025641,0.000000,,0.025641
2025-05-24,GLM-Logit,11,0.272727,0.150000,5_8 6_14 9_16,2_4 3_13 3_14 3_7 3_9 4_10 4_8 4_9 5_15 5_7 5_9 6_15 6_6 6_7 8_15 8_16 8_6,2_17 3_6 4_12 6_13 6_16 7_6 7_8 8_17,0.818182,0.428571,0.333333,0.379310,0.481481,0.379310,0.666667,0.290323,0.025641,
2025-05-24,HierBayes,11,0.363636,0.200000,5_8 6_14 7_8 9_16,2_4 3_13 3_14 3_7 3_9 4_10 4_8 4_9 5_15 5_9 6_15 6_6 6_7 8_15 8_16 9_14,2_17 3_6 4_12 6_13 6_16 7_6 8_17,,0.538462,0.379310,0.379310,0.538462,0.481481,0.600000,0.379310,0.025641,0.818182
2025-05-24,B1: Static prior,11,0.363636,0.200000,5_8 6_14 7_8 9_16,3_10 3_11 3_14 4_10 4_8 4_9 5_14 5_15 5_9 6_15 6_7 7_15 7_16 8_15 9_14 9_15,2_17 3_6 4_12 6_13 6_16 7_6 8_17,0.538462,,0.600000,0.600000,0.481481,0.666667,0.290323,0.481481,0.025641,0.428571
2025-05-24,TTM,11,0.181818,0.100000,5_8 9_16,3_10 3_11 3_12 3_14 3_9 4_10 4_9 5_14 5_9 6_15 6_3 6_4 6_7 7_15 8_15 8_8 9_14 9_15,2_17 3_6 4_12 6_13 6_14 6_16 7_6 7_8 8_17,0.379310,0.600000,,0.428571,0.379310,0.481481,0.250000,0.379310,0.025641,0.333333
2025-05-24,ET,11,0.272727,0.150000,3_6 5_8 6_14,3_10 3_11 3_7 4_10 4_7 4_9 5_14 5_15 5_7 6_15 6_7 7_15 7_16 8_15 8_16 9_14 9_15,2_17 4_12 6_13 6_16 7_6 7_8 8_17 9_16,0.379310,0.600000,0.428571,,0.379310,0.538462,0.333333,0.538462,0.052632,0.379310
2025-05-24,B5: B2+B3,11,0.272727,0.150000,6_14 7_8 9_16,3_11 3_13 3_5 3_7 3_9 4_10 4_8 4_9 5_14 5_15 6_15 6_3 6_6 6_7 7_7 8_15 9_15,2_17 3_6 4_12 5_8 6_13 6_16 7_6 8_17,0.538462,0.481481,0.379310,0.379310,,0.666667,0.600000,0.666667,0.000000,0.481481
2025-05-24,B4: B1+B3,11,0.272727,0.150000,6_14 7_8 9_16,3_10 3_11 3_13 3_5 3_7 4_10 4_9 5_14 5_15 5_9 6_15 6_7 7_15 7_7 8_15 9_14 9_15,2_17 3_6 4_12 5_8 6_13 6_16 7_6 8_17,0.481481,0.666667,0.481481,0.538462,0.666667,,0.379310,0.739130,0.025641,0.379310
2025-05-24,B2: Recent MA,11,0.272727,0.150000,6_14 7_6 9_16,2_4 3_13 3_5 3_7 3_9 4_10 4_8 4_9 5_15 5_7 6_15 6_3 6_6 6_7 6_9 8_15 8_16,2_17 3_6 4_12 5_8 6_13 6_16 7_8 8_17,0.600000,0.290323,0.250000,0.333333,0.600000,0.379310,,0.379310,0.025641,0.666667
2025-05-24,B3: DoY season,11,0.272727,0.150000,3_6 6_14 7_8,10_17 3_11 3_13 3_5 3_7 4_10 4_9 5_14 5_15 6_15 6_3 6_7 7_15 7_7 8_15 9_14 9_15,2_17 4_12 5_8 6_13 6_16 7_6 8_17 9_16,0.379310,0.481481,0.379310,0.538462,0.666667,0.739130,0.379310,,0.025641,0.290323
2025-05-24,B0: Random,11,0.000000,0.000000,,0_10 0_11 0_17 11_14 12_10 12_3 12_7 1_10 1_11 1_17 2_14 5_1 5_10 5_3 5_7 6_19 7_10 8_1 8_2 9_14,2_17 3_6 4_12 5_8 6_13 6_14 6_16 7_6 7_8 8_17 9_16,0.025641,0.025641,0.025641,0.052632,0.000000,0.025641,0.025641,0.025641,,0.025641
2025-05-25,GLM-Logit,6,0.833333,0.250000,2_4 4_9 5_15 6_6 7_8,3_13 3_14 3_7 3_9 4_10 4_8 5_7 5_8 5_9 6_14 6_15 6_7 8_15 8_16 9_16,3_11,0.904762,0.481481,0.290323,0.379310,0.481481,0.379310,0.600000,0.379310,0.081081,
2025-05-25,HierBayes,6,0.833333,0.250000,2_4 4_9 5_15 6_6 7_8,3_13 3_14 3_7 3_9 4_10 4_8 5_8 5_9 6_14 6_15 6_7 8_15 8_16 9_14 9_16,3_11,,0.538462,0.333333,0.379310,0.481481,0.428571,0.600000,0.428571,0.081081,0.904762
2025-05-25,B1: Static prior,6,0.666667,0.200000,3_11 4_9 5_15 7_8,3_10 3_14 4_10 4_8 5_14 5_8 5_9 6_14 6_15 6_7 7_15 7_16 8_15 9_14 9_15 9_16,2_4 6_6,0.538462,,0.538462,0.600000,0.481481,0.666667,0.290323,0.538462,0.142857,0.481481
2025-05-25,TTM,6,0.333333,0.100000,3_11 4_9,3_10 3_12 3_9 4_10 5_14 5_8 5_9 6_14 6_15 6_4 6_7 7_15 7_3 8_5 8_8 9_14 9_15 9_16,2_4 5_15 6_6 7_8,0.333333,0.538462,,0.428571,0.333333,0.481481,0.212121,0.379310,0.111111,0.290323
2025-05-25,ET,6,0.500000,0.150000,3_11 4_9 5_15,3_10 3_6 3_7 4_10 4_7 5_14 5_7 5_8 6_14 6_15 6_7 7_15 7_16 8_15 8_16 9_14 9_15,2_4 6_6 7_8,0.379310,0.600000,0.428571,,0.379310,0.538462,0.290323,0.538462,0.111111,0.379310
2025-05-25,B5: B2+B3,6,0.833333,0.250000,3_11 4_9 5_15 6_6 7_8,3_13 3_5 3_6 3_9 4_10 4_8 5_14 6_14 6_15 6_3 6_7 7_7 8_15 9_15 9_16,2_4,0.481481,0.481481,0.333333,0.379310,,0.666667,0.538462,0.739130,0.176471,0.481481
2025-05-25,B4: B1+B3,6,0.666667,0.200000,3_11 4_9 5_15 7_8,3_10 3_13 3_5 3_6 4_10 5_14 5_9 6_14 6_15 6_7 7_15 7_7 8_15 9_14 9_15 9_16,2_4 6_6,0.428571,0.666667,0.481481,0.538462,0.666667,,0.333333,0.818182,0.176471,0.379310
2025-05-25,B2: Recent MA,6,0.666667,0.200000,2_4 4_9 5_15 6_6,3_13 3_5 3_7 3_9 4_10 4_8 6_14 6_15 6_16 6_3 6_7 6_9 7_6 8_15 8_16 9_16,3_11 7_8,0.600000,0.290323,0.212121,0.290323,0.538462,0.333333,,0.428571,0.111111,0.600000
2025-05-25,B3: DoY season,6,0.666667,0.200000,3_11 4_9 5_15 7_8,3_13 3_5 3_6 3_7 4_10 5_14 6_14 6_15 6_3 6_7 7_15 7_7 8_15 9_14 9_15 9_16,2_4 6_6,0.428571,0.538462,0.379310,0.538462,0.739130,0.818182,0.428571,,0.212121,0.379310
2025-05-25,B0: Random,6,0.333333,0.100000,4_9 7_8,0_8 12_17 12_9 1_16 3_12 3_5 4_15 5_13 6_15 6_3 7_15 7_16 7_2 7_7 9_0 9_10 9_7 9_8,2_4 3_11 5_15 6_6,0.081081,0.142857,0.111111,0.111111,0.176471,0.176471,0.111111,0.212121,,0.081081
2025-05-26,GLM-Logit,11,0.545455,0.300000,3_13 5_15 5_8 5_9 6_14 7_8,2_4 3_14 3_7 3_9 4_10 4_8 4_9 5_7 6_15 6_6 6_7 8_15 8_16 9_16,4_15 5_13 6_3 6_5 9_15,0.904762,0.481481,0.333333,0.379310,0.600000,0.428571,0.666667,0.379310,0.025641,
2025-05-26,HierBayes,11,0.545455,0.300000,3_13 5_15 5_8 5_9 6_14 7_8,2_4 3_14 3_7 3_9 4_10 4_8 4_9 6_15 6_6 6_7 8_15 8_16 9_14 9_16,4_15 5_13 6_3 6_5 9_15,,0.538462,0.379310,0.379310,0.600000,0.481481,0.666667,0.428571,0.025641,0.904762
2025-05-26,B1: Static prior,11,0.545455,0.300000,5_15 5_8 5_9 6_14 7_8 9_15,3_10 3_11 3_14 4_10 4_8 4_9 5_14 6_15 6_7 7_15 7_16 8_15 9_14 9_16,3_13 4_15 5_13 6_3 6_5,0.538462,,0.600000,0.600000,0.428571,0.666667,0.333333,0.538462,0.081081,0.481481
2025-05-26,TTM,11,0.363636,0.200000,5_15 5_8 5_9 9_15,3_10 3_11 3_12 3_6 3_9 4_10 4_9 6_15 6_4 6_7 7_15 7_16 8_15 8_8 9_14 9_16,3_13 4_15 5_13 6_14 6_3 6_5 7_8,0.379310,0.600000,,0.538462,0.333333,0.481481,0.250000,0.428571,0.025641,0.333333
2025-05-26,ET,11,0.363636,0.200000,5_15 5_8 6_14 9_15,3_10 3_11 3_6 3_7 4_10 4_7 4_9 5_14 5_7 6_15 6_7 7_15 7_16 8_15 8_16 9_14,3_13 4_15 5_13 5_9 6_3 6_5 7_8,0.379310,0.600000,0.538462,,0.333333,0.538462,0.290323,0.538462,0.052632,0.379310
2025-05-26,B5: B2+B3,11,0.545455,0.300000,3_13 5_15 6_14 6_3 7_8 9_15,2_4 3_11 3_5 3_7 3_9 4_10 4_8 4_9 6_15 6_6 6_7 7_7 8_15 9_16,4_15 5_13 5_8 5_9 6_5,0.600000,0.428571,0.333333,0.333333,,0.600000,0.739130,0.666667,0.000000,0.600000
2025-05-26,B4: B1+B3,11,0.636364,0.350000,3_13 5_15 5_9 6_14 6_3 7_8 9_15,3_10 3_11 3_7 4_10 4_9 5_14 6_15 6_7 7_15 7_7 8_15 9_14 9_16,4_15 5_13 5_8 6_5,0.481481,0.666667,0.481481,0.538462,0.600000,,0.428571,0.818182,0.052632,0.428571
2025-05-26,B2: Recent MA,11,0.454545,0.250000,3_13 5_15 6_14 6_3 7_8,2_4 3_5 3_7 3_9 4_10 4_8 4_9 6_15 6_16 6_6 6_7 7_6 8_15 8_16 9_16,4_15 5_13 5_8 5_9 6_5 9_15,0.666667,0.333333,0.250000,0.290323,0.739130,0.428571,,0.481481,0.000000,0.666667
2025-05-26,B3: DoY season,11,0.545455,0.300000,3_13 5_15 6_14 6_3 7_8 9_15,3_11 3_5 3_6 3_7 4_10 4_9 5_14 6_15 6_7 7_15 7_7 8_15 9_14 9_16,4_15 5_13 5_8 5_9 6_5,0.428571,0.538462,0.428571,0.538462,0.666667,0.818182,0.481481,,0.025641,0.379310
2025-05-26,B0: Random,11,0.090909,0.050000,4_15,0_4 10_10 10_16 10_18 11_11 11_9 12_12 12_4 1_16 2_6 3_10 3_14 3_18 3_3 5_0 5_14 8_10 8_14 9_8,3_13 5_13 5_15 5_8 5_9 6_14 6_3 6_5 7_8 9_15,0.025641,0.081081,0.025641,0.052632,0.000000,0.052632,0.000000,0.025641,,0.025641
2025-05-27,GLM-Logit,18,0.388889,0.350000,2_4 3_13 3_7 4_8 4_9 5_8 7_8,3_14 3_9 4_10 5_15 5_9 6_14 6_15 6_3 6_6 6_7 8_15 8_16 9_16,3_6 5_14 5_3 5_4 6_16 6_5 6_8 8_17 9_14 9_15 9_9,0.904762,0.481481,0.379310,0.333333,0.666667,0.428571,0.739130,0.428571,0.025641,
2025-05-27,HierBayes,18,0.444444,0.400000,2_4 3_13 3_7 4_8 4_9 5_8 7_8 9_14,3_14 3_9 4_10 5_15 5_9 6_14 6_15 6_6 6_7 8_15 8_16 9_16,3_6 5_14 5_3 5_4 6_16 6_5 6_8 8_17 9_15 9_9,,0.538462,0.379310,0.379310,0.600000,0.428571,0.666667,0.379310,0.025641,0.904762
2025-05-27,B1: Static prior,18,0.388889,0.350000,4_8 4_9 5_14 5_8 7_8 9_14 9_15,3_10 3_11 3_14 4_10 5_15 5_9 6_14 6_15 6_7 7_15 7_16 8_15 9_16,2_4 3_13 3_6 3_7 5_3 5_4 6_16 6_5 6_8 8_17 9_9,0.538462,,0.666667,0.600000,0.538462,0.739130,0.379310,0.538462,0.052632,0.481481
2025-05-27,TTM,18,0.333333,0.300000,4_9 5_14 5_8 7_8 9_14 9_15,3_10 3_11 3_9 4_10 5_9 6_15 6_3 6_4 6_7 7_15 7_16 8_15 8_8 9_16,2_4 3_13 3_6 3_7 4_8 5_3 5_4 6_16 6_5 6_8 8_17 9_9,0.379310,0.666667,,0.481481,0.481481,0.666667,0.333333,0.481481,0.025641,0.379310
2025-05-27,ET,18,0.388889,0.350000,3_6 3_7 4_9 5_14 5_8 9_14 9_15,3_10 3_11 4_10 4_7 5_15 5_7 6_14 6_15 6_7 7_15 7_16 8_15 8_16,2_4 3_13 4_8 5_3 5_4 6_16 6_5 6_8 7_8 8_17 9_9,0.379310,0.600000,0.481481,,0.333333,0.538462,0.290323,0.538462,0.081081,0.333333
2025-05-27,B5: B2+B3,18,0.333333,0.300000,3_13 4_8 4_9 5_8 7_8 9_15,3_11 3_5 3_9 4_10 5_15 5_9 6_14 6_15 6_3 6_6 6_7 7_7 8_15 9_16,2_4 3_6 3_7 5_14 5_3 5_4 6_16 6_5 6_8 8_17 9_14 9_9,0.600000,0.538462,0.481481,0.333333,,0.600000,0.666667,0.600000,0.025641,0.666667
2025-05-27,B4: B1+B3,18,0.333333,0.300000,3_13 4_9 5_14 7_8 9_14 9_15,3_10 3_11 4_10 5_15 5_9 6_14 6_15 6_3 6_7 7_15 7_16 7_7 8_15 9_16,2_4 3_6 3_7 4_8 5_3 5_4 5_8 6_16 6_5 6_8 8_17 9_9,0.428571,0.739130,0.666667,0.538462,0.600000,,0.379310,0.739130,0.052632,0.428571
2025-05-27,B2: Recent MA,18,0.333333,0.300000,2_4 3_13 4_8 4_9 5_8 7_8,3_5 3_9 4_10 5_15 5_7 5_9 6_14 6_15 6_3 6_6 7_6 8_15 8_16 9_16,3_6 3_7 5_14 5_3 5_4 6_16 6_5 6_8 8_17 9_14 9_15 9_9,0.666667,0.379310,0.333333,0.290323,0.666667,0.379310,,0.379310,0.025641,0.739130
2025-05-27,B3: DoY season,18,0.388889,0.350000,3_13 3_6 3_7 4_9 5_14 7_8 9_15,3_11 3_5 4_10 5_15 6_14 6_15 6_3 6_7 7_15 7_16 7_7 8_15 9_16,2_4 4_8 5_3 5_4 5_8 6_16 6_5 6_8 8_17 9_14 9_9,0.379310,0.538462,0.481481,0.538462,0.600000,0.739130,0.379310,,0.052632,0.428571
2025-05-27,B0: Random,18,0.166667,0.150000,3_6 6_8 8_17,0_10 0_15 10_1 11_1 1_19 2_1 2_3 2_7 3_10 4_13 4_3 5_13 6_14 7_4 8_5 8_6 8_9,2_4 3_13 3_7 4_8 4_9 5_14 5_3 5_4 5_8 6_16 6_5 7_8 9_14 9_15 9_9,0.025641,0.052632,0.025641,0.081081,0.025641,0.052632,0.025641,0.052632,,0.025641
2025-05-28,GLM-Logit,8,0.750000,0.300000,3_13 3_14 4_9 5_9 6_15 9_16,2_4 3_7 3_9 4_10 4_8 5_15 5_8 6_14 6_6 6_7 7_8 8_15 9_14 9_15,6_5 8_8,0.904762,0.600000,0.379310,0.379310,0.739130,0.538462,0.666667,0.538462,0.000000,
2025-05-28,HierBayes,8,0.750000,0.300000,3_13 3_14 4_9 5_9 6_15 9_16,2_4 3_6 3_7 3_9 4_10 4_8 5_15 5_8 6_14 6_6 6_7 7_8 8_15 9_14,6_5 8_8,,0.538462,0.333333,0.379310,0.666667,0.481481,0.666667,0.481481,0.000000,0.904762
2025-05-28,B1: Static prior,8,0.625000,0.250000,3_14 4_9 5_9 6_15 9_16,3_10 3_11 4_10 4_8 5_14 5_15 5_8 6_14 6_7 7_15 7_16 7_8 8_15 9_14 9_15,3_13 6_5 8_8,0.538462,,0.600000,0.600000,0.481481,0.739130,0.379310,0.600000,0.025641,0.600000
2025-05-28,TTM,8,0.625000,0.250000,4_9 5_9 6_15 8_8 9_16,3_10 3_11 4_10 5_14 5_8 6_3 6_4 6_6 6_7 7_15 7_16 8_15 8_6 9_14 9_15,3_13 3_14 6_5,0.333333,0.600000,,0.481481,0.379310,0.600000,0.290323,0.481481,0.052632,0.379310
2025-05-28,ET,8,0.250000,0.100000,4_9 6_15,3_10 3_11 3_6 3_7 4_10 4_7 5_14 5_15 5_7 5_8 6_14 6_7 7_15 7_16 8_15 8_16 9_14 9_15,3_13 3_14 5_9 6_5 8_8 9_16,0.379310,0.600000,0.481481,,0.333333,0.538462,0.250000,0.481481,0.025641,0.379310
2025-05-28,B5: B2+B3,8,0.625000,0.250000,3_13 4_9 5_9 6_15 9_16,2_4 3_11 3_7 3_9 4_10 4_8 5_15 5_8 6_14 6_3 6_6 7_7 7_8 8_15 9_15,3_14 6_5 8_8,0.666667,0.481481,0.379310,0.333333,,0.600000,0.739130,0.666667,0.000000,0.739130
2025-05-28,B4: B1+B3,8,0.625000,0.250000,3_13 4_9 5_9 6_15 9_16,3_10 3_11 4_10 5_14 5_15 5_8 6_14 6_3 6_7 7_15 7_7 7_8 8_15 9_14 9_15,3_14 6_5 8_8,0.481481,0.739130,0.600000,0.538462,0.600000,,0.428571,0.818182,0.025641,0.538462
2025-05-28,B2: Recent MA,8,0.625000,0.250000,3_13 4_9 5_9 6_15 9_16,2_4 3_7 3_9 4_10 4_8 5_15 5_8 6_14 6_16 6_3 6_6 7_6 7_8 8_15 8_17,3_14 6_5 8_8,0.666667,0.379310,0.290323,0.250000,0.739130,0.428571,,0.481481,0.000000,0.666667
2025-05-28,B3: DoY season,8,0.625000,0.250000,3_13 4_9 5_9 6_15 9_16,3_11 3_5 3_7 4_10 5_14 5_15 5_8 6_14 6_3 6_7 7_15 7_7 7_8 8_15 9_15,3_14 6_5 8_8,0.481481,0.600000,0.481481,0.481481,0.666667,0.818182,0.481481,,0.025641,0.538462
2025-05-28,B0: Random,8,0.000000,0.000000,,0_0 0_16 10_11 10_17 10_3 10_6 11_13 11_7 12_18 12_19 12_3 1_14 2_14 2_15 3_15 5_14 6_13 6_17 6_4 8_0,3_13 3_14 4_9 5_9 6_15 6_5 8_8 9_16,0.000000,0.025641,0.052632,0.025641,0.000000,0.025641,0.000000,0.025641,,0.000000
2025-05-29,GLM-Logit,16,0.500000,0.400000,2_4 3_7 4_9 5_15 6_14 6_15 6_6 6_7,3_13 3_14 3_9 4_10 4_8 5_8 5_9 6_3 7_8 8_15 9_14 9_16,10_14 2_14 3_15 3_5 4_6 5_6 5_7 8_6,0.904762,0.538462,0.538462,0.333333,0.739130,0.538462,0.818182,0.538462,0.052632,
2025-05-29,HierBayes,16,0.500000,0.400000,2_4 3_7 4_9 5_15 6_14 6_15 6_6 6_7,3_13 3_14 3_6 3_9 4_10 4_8 5_8 5_9 7_8 8_15 9_14 9_16,10_14 2_14 3_15 3_5 4_6 5_6 5_7 8_6,,0.538462,0.481481,0.379310,0.666667,0.481481,0.739130,0.481481,0.052632,0.904762
2025-05-29,B1: Static prior,16,0.312500,0.250000,4_9 5_15 6_14 6_15 6_7,3_10 3_11 3_14 4_10 4_8 5_14 5_8 5_9 7_15 7_16 7_8 8_15 9_14 9_15 9_16,10_14 2_14 2_4 3_15 3_5 3_7 4_6 5_6 5_7 6_6 8_6,0.538462,,0.666667,0.600000,0.538462,0.666667,0.428571,0.538462,0.025641,0.538462
2025-05-29,TTM,16,0.312500,0.250000,4_9 6_14 6_15 6_6 6_7,3_10 3_11 3_14 3_9 4_10 5_14 5_8 5_9 6_3 7_15 7_8 8_8 9_14 9_15 9_16,10_14 2_14 2_4 3_15 3_5 3_7 4_6 5_15 5_6 5_7 8_6,0.481481,0.666667,,0.428571,0.538462,0.600000,0.428571,0.481481,0.025641,0.538462
2025-05-29,ET,16,0.437500,0.350000,3_7 4_9 5_15 5_7 6_14 6_15 6_7,3_10 3_11 3_6 4_10 4_7 5_14 5_8 7_15 7_16 8_15 8_16 9_14 9_15,10_14 2_14 2_4 3_15 3_5 4_6 5_6 6_6 8_6,0.379310,0.600000,0.428571,,0.379310,0.538462,0.250000,0.428571,0.052632,0.333333
2025-05-29,B5: B2+B3,16,0.437500,0.350000,2_4 3_7 4_9 5_15 6_14 6_15 6_6,3_11 3_13 3_9 4_10 4_8 5_8 5_9 6_3 7_15 7_8 8_15 9_15 9_16,10_14 2_14 3_15 3_5 4_6 5_6 5_7 6_7 8_6,0.666667,0.538462,0.538462,0.379310,,0.666667,0.739130,0.739130,0.025641,0.739130
2025-05-29,B4: B1+B3,16,0.312500,0.250000,3_7 4_9 5_15 6_14 6_15,3_10 3_11 3_13 4_10 5_14 5_8 5_9 6_3 7_15 7_7 7_8 8_15 9_14 9_15 9_16,10_14 2_14 2_4 3_15 3_5 4_6 5_6 5_7 6_6 6_7 8_6,0.481481,0.666667,0.600000,0.538462,0.666667,,0.481481,0.818182,0.025641,0.538462
2025-05-29,B2: Recent MA,16,0.437500,0.350000,2_4 3_7 4_9 5_15 6_14 6_15 6_6,3_13 3_14 3_9 4_10 4_8 5_8 5_9 6_16 6_3 6_5 7_8 8_15 9_16,10_14 2_14 3_15 3_5 4_6 5_6 5_7 6_7 8_6,0.739130,0.428571,0.428571,0.250000,0.739130,0.481481,,0.538462,0.052632,0.818182
2025-05-29,B3: DoY season,16,0.437500,0.350000,2_4 3_5 3_7 4_9 5_15 6_14 6_15,3_11 3_13 4_10 5_14 5_8 5_9 6_3 7_15 7_7 7_8 8_15 9_15 9_16,10_14 2_14 3_15 4_6 5_6 5_7 6_6 6_7 8_6,0.481481,0.538462,0.481481,0.428571,0.739130,0.818182,0.538462,,0.025641,0.538462
2025-05-29,B0: Random,16,0.062500,0.050000,3_7,0_8 11_11 11_14 12_0 1_1 1_10 1_9 2_1 2_5 3_14 3_16 5_0 5_10 5_13 8_13 8_16 8_9 9_11 9_13,10_14 2_14 2_4 3_15 3_5 4_6 4_9 5_15 5_6 5_7 6_14 6_15 6_6 6_7 8_6,0.052632,0.025641,0.025641,0.052632,0.025641,0.025641,0.052632,0.025641,,0.052632
2025-05-30,GLM-Logit,12,0.583333,0.350000,3_13 3_14 3_5 5_7 5_8 6_15 7_8,2_4 3_7 3_9 4_10 4_8 4_9 5_15 5_9 6_14 6_6 6_7 8_15 9_16,1_3 3_11 6_12 6_8 8_17,1.000000,0.481481,0.379310,0.333333,0.739130,0.428571,0.818182,0.481481,0.052632,
2025-05-30,HierBayes,12,0.583333,0.350000,3_13 3_14 3_5 5_7 5_8 6_15 7_8,2_4 3_7 3_9 4_10 4_8 4_9 5_15 5_9 6_14 6_6 6_7 8_15 9_16,1_3 3_11 6_12 6_8 8_17,,0.481481,0.379310,0.333333,0.739130,0.428571,0.818182,0.481481,0.052632,1.000000
2025-05-30,B1: Static prior,12,0.416667,0.250000,3_11 3_14 5_8 6_15 7_8,3_10 4_10 4_8 4_9 5_14 5_15 5_9 6_14 6_7 7_15 7_16 8_15 9_14 9_15 9_16,1_3 3_13 3_5 5_7 6_12 6_8 8_17,0.481481,,0.666667,0.600000,0.538462,0.666667,0.428571,0.600000,0.052632,0.481481
2025-05-30,TTM,12,0.416667,0.250000,3_11 3_14 5_8 6_15 7_8,10_17 3_10 3_12 3_9 4_10 4_9 5_14 5_15 5_9 7_15 8_15 8_8 9_14 9_15 9_16,1_3 3_13 3_5 5_7 6_12 6_8 8_17,0.379310,0.666667,,0.428571,0.428571,0.481481,0.333333,0.428571,0.052632,0.379310
2025-05-30,ET,12,0.333333,0.200000,3_11 5_7 5_8 6_15,3_10 3_6 3_7 4_10 4_7 4_9 5_14 5_15 6_14 6_7 7_15 7_16 8_15 8_16 9_14 9_15,1_3 3_13 3_14 3_5 6_12 6_8 7_8 8_17,0.333333,0.600000,0.428571,,0.379310,0.538462,0.290323,0.481481,0.081081,0.333333
2025-05-30,B5: B2+B3,12,0.416667,0.250000,3_11 3_13 5_8 6_15 7_8,2_4 3_7 3_9 4_10 4_8 4_9 5_15 5_9 6_14 6_3 6_6 6_7 8_15 9_15 9_16,1_3 3_14 3_5 5_7 6_12 6_8 8_17,0.739130,0.538462,0.428571,0.379310,,0.600000,0.739130,0.600000,0.081081,0.739130
2025-05-30,B4: B1+B3,12,0.416667,0.250000,3_11 3_13 5_8 6_15 7_8,3_10 3_7 4_10 4_9 5_9 6_14 6_3 6_7 7_15 7_16 7_7 8_15 9_14 9_15 9_16,1_3 3_14 3_5 5_7 6_12 6_8 8_17,0.428571,0.666667,0.481481,0.538462,0.600000,,0.428571,0.904762,0.081081,0.428571
2025-05-30,B2: Recent MA,12,0.416667,0.250000,3_13 3_5 5_8 6_15 7_8,2_4 3_7 3_9 4_10 4_8 4_9 5_15 5_9 6_14 6_16 6_5 6_6 6_7 8_15 9_16,1_3 3_11 3_14 5_7 6_12 6_8 8_17,0.818182,0.428571,0.333333,0.290323,0.739130,0.428571,,0.481481,0.052632,0.818182
2025-05-30,B3: DoY season,12,0.500000,0.300000,3_11 3_13 3_5 5_8 6_15 7_8,3_10 3_7 4_10 4_9 5_9 6_14 6_3 6_7 7_15 7_16 7_7 8_15 9_15 9_16,1_3 3_14 5_7 6_12 6_8 8_17,0.481481,0.600000,0.428571,0.481481,0.600000,0.904762,0.481481,,0.081081,0.481481
2025-05-30,B0: Random,12,0.000000,0.000000,,0_17 0_2 10_0 11_11 12_3 12_7 1_11 1_17 1_18 1_19 2_17 2_2 2_8 3_18 3_7 4_10 5_4 5_6 7_17 9_15,1_3 3_11 3_13 3_14 3_5 5_7 5_8 6_12 6_15 6_8 7_8 8_17,0.052632,0.052632,0.052632,0.081081,0.081081,0.081081,0.052632,0.081081,,0.052632
2025-05-31,GLM-Logit,15,0.333333,0.250000,2_4 3_13 3_5 4_9 5_15,3_14 3_7 3_9 4_10 4_8 5_7 5_8 5_9 6_14 6_15 6_6 6_7 7_8 8_15 9_16,10_16 2_14 2_5 4_15 5_13 6_5 6_9 7_7 8_6 9_14,1.000000,0.481481,0.379310,0.333333,0.818182,0.428571,0.904762,0.481481,0.000000,
2025-05-31,HierBayes,15,0.333333,0.250000,2_4 3_13 3_5 4_9 5_15,3_14 3_7 3_9 4_10 4_8 5_7 5_8 5_9 6_14 6_15 6_6 6_7 7_8 8_15 9_16,10_16 2_14 2_5 4_15 5_13 6_5 6_9 7_7 8_6 9_14,,0.481481,0.379310,0.333333,0.818182,0.428571,0.904762,0.481481,0.000000,1.000000
2025-05-31,B1: Static prior,15,0.200000,0.150000,4_9 5_15 9_14,3_10 3_11 3_14 4_10 4_8 5_14 5_8 5_9 6_14 6_15 6_7 7_15 7_16 7_8 8_15 9_15 9_16,10_16 2_14 2_4 2_5 3_13 3_5 4_15 5_13 6_5 6_9 7_7 8_6,0.481481,,0.600000,0.600000,0.481481,0.739130,0.428571,0.666667,0.000000,0.481481
2025-05-31,TTM,15,0.200000,0.150000,4_9 5_15 9_14,3_11 3_14 3_9 4_10 5_8 5_9 6_15 7_15 7_16 7_3 7_5 7_8 8_15 8_16 8_8 9_15 9_16,10_16 2_14 2_4 2_5 3_13 3_5 4_15 5_13 6_5 6_9 7_7 8_6,0.379310,0.600000,,0.428571,0.379310,0.481481,0.379310,0.428571,0.025641,0.379310
2025-05-31,ET,15,0.200000,0.150000,4_9 5_15 9_14,3_10 3_11 3_6 3_7 4_10 4_7 5_14 5_7 5_8 6_14 6_15 6_7 7_15 7_16 8_15 8_16 9_15,10_16 2_14 2_4 2_5 3_13 3_5 4_15 5_13 6_5 6_9 7_7 8_6,0.333333,0.600000,0.428571,,0.333333,0.538462,0.290323,0.481481,0.000000,0.333333
2025-05-31,B5: B2+B3,15,0.333333,0.250000,2_4 3_13 3_5 4_9 5_15,3_11 3_7 3_9 4_10 4_8 5_8 5_9 6_14 6_15 6_3 6_6 6_7 7_8 8_15 9_16,10_16 2_14 2_5 4_15 5_13 6_5 6_9 7_7 8_6 9_14,0.818182,0.481481,0.379310,0.333333,,0.538462,0.739130,0.600000,0.000000,0.818182
2025-05-31,B4: B1+B3,15,0.200000,0.150000,4_9 7_7 9_14,3_10 3_11 3_7 4_10 4_8 5_8 5_9 6_14 6_15 6_3 6_7 7_15 7_16 7_8 8_15 9_15 9_16,10_16 2_14 2_4 2_5 3_13 3_5 4_15 5_13 5_15 6_5 6_9 8_6,0.428571,0.739130,0.481481,0.538462,0.538462,,0.379310,0.904762,0.000000,0.428571
2025-05-31,B2: Recent MA,15,0.333333,0.250000,2_4 3_13 3_5 4_9 5_15,3_14 3_7 3_9 4_10 4_8 5_7 5_8 5_9 6_14 6_15 6_6 7_8 8_15 8_17 9_16,10_16 2_14 2_5 4_15 5_13 6_5 6_9 7_7 8_6 9_14,0.904762,0.428571,0.379310,0.290323,0.739130,0.379310,,0.428571,0.000000,0.904762
2025-05-31,B3: DoY season,15,0.200000,0.150000,3_13 4_9 7_7,3_10 3_11 3_7 4_10 4_8 5_8 5_9 6_14 6_15 6_3 6_7 7_15 7_16 7_8 8_15 9_15 9_16,10_16 2_14 2_4 2_5 3_5 4_15 5_13 5_15 6_5 6_9 8_6 9_14,0.481481,0.666667,0.428571,0.481481,0.600000,0.904762,0.428571,,0.000000,0.481481
2025-05-31,B0: Random,15,0.000000,0.000000,,10_13 11_0 11_10 11_19 12_17 12_19 12_8 1_3 1_8 1_9 2_8 4_18 5_1 6_18 7_13 7_3 8_2 8_3 9_11 9_18,10_16 2_14 2_4 2_5 3_13 3_5 4_15 4_9 5_13 5_15 6_5 6_9 7_7 8_6 9_14,0.000000,0.000000,0.025641,0.000000,0.000000,0.000000,0.000000,0.000000,,0.000000
2025-06-01,GLM-Logit,18,0.388889,0.350000,2_4 3_7 4_10 4_9 5_9 6_15 7_8,3_13 3_14 3_5 3_9 4_8 5_15 5_7 5_8 6_14 6_6 6_7 8_15 9_16,3_10 3_11 4_15 5_3 5_4 6_5 6_8 7_7 8_6 9_17 9_9,0.904762,0.481481,0.290323,0.428571,0.818182,0.428571,0.818182,0.481481,0.081081,
2025-06-01,HierBayes,18,0.388889,0.350000,2_4 3_7 4_10 4_9 5_9 6_15 7_8,3_13 3_14 3_5 3_9 4_8 5_15 5_7 5_8 6_14 6_6 8_15 9_14 9_16,3_10 3_11 4_15 5_3 5_4 6_5 6_8 7_7 8_6 9_17 9_9,,0.481481,0.290323,0.481481,0.739130,0.428571,0.818182,0.428571,0.081081,0.904762
2025-06-01,B1: Static prior,18,0.388889,0.350000,3_10 3_11 4_10 4_9 5_9 6_15 7_8,3_14 4_8 5_14 5_15 5_8 6_14 6_7 7_15 7_16 8_15 9_14 9_15 9_16,2_4 3_7 4_15 5_3 5_4 6_5 6_8 7_7 8_6 9_17 9_9,0.481481,,0.538462,0.481481,0.481481,0.739130,0.379310,0.666667,0.025641,0.481481
2025-06-01,TTM,18,0.388889,0.350000,3_10 4_10 4_9 5_9 6_15 6_8 7_8,10_16 4_8 6_4 6_7 7_15 7_16 7_3 7_5 8_15 8_8 9_14 9_15 9_16,2_4 3_11 3_7 4_15 5_3 5_4 6_5 7_7 8_6 9_17 9_9,0.290323,0.538462,,0.333333,0.290323,0.538462,0.250000,0.428571,0.025641,0.290323
2025-06-01,ET,18,0.444444,0.400000,3_10 4_10 4_9 5_4 5_9 6_15 7_8 8_6,3_13 3_14 3_9 4_8 5_14 6_13 6_14 6_3 8_15 8_9 9_14 9_16,2_4 3_11 3_7 4_15 5_3 6_5 6_8 7_7 9_17 9_9,0.481481,0.481481,0.333333,,0.428571,0.428571,0.379310,0.379310,0.081081,0.428571
2025-06-01,B5: B2+B3,18,0.444444,0.400000,2_4 3_11 3_7 4_10 4_9 5_9 6_15 7_8,3_13 3_5 3_9 4_8 5_15 5_8 6_14 6_3 6_6 6_7 8_15 9_16,3_10 4_15 5_3 5_4 6_5 6_8 7_7 8_6 9_17 9_9,0.739130,0.481481,0.290323,0.428571,,0.538462,0.739130,0.600000,0.081081,0.818182
2025-06-01,B4: B1+B3,18,0.500000,0.450000,3_10 3_11 3_7 4_10 4_9 5_9 6_15 7_7 7_8,4_8 5_8 6_14 6_3 6_7 7_15 7_16 8_15 9_14 9_15 9_16,2_4 4_15 5_3 5_4 6_5 6_8 8_6 9_17 9_9,0.428571,0.739130,0.538462,0.428571,0.538462,,0.379310,0.818182,0.025641,0.428571
2025-06-01,B2: Recent MA,18,0.444444,0.400000,2_4 3_7 4_10 4_9 5_9 6_15 6_5 7_8,3_13 3_5 3_9 4_8 5_15 5_7 5_8 6_14 6_6 8_15 8_17 9_16,3_10 3_11 4_15 5_3 5_4 6_8 7_7 8_6 9_17 9_9,0.818182,0.379310,0.250000,0.379310,0.739130,0.379310,,0.428571,0.081081,0.818182
2025-06-01,B3: DoY season,18,0.500000,0.450000,2_4 3_11 3_7 4_10 4_9 5_9 6_15 7_7 7_8,4_8 5_14 5_8 6_14 6_3 6_7 7_15 7_16 8_15 9_15 9_16,3_10 4_15 5_3 5_4 6_5 6_8 8_6 9_17 9_9,0.428571,0.666667,0.428571,0.379310,0.600000,0.818182,0.428571,,0.025641,0.481481
2025-06-01,B0: Random,18,0.055556,0.050000,6_15,0_2 10_17 10_3 10_5 11_0 11_1 12_10 1_17 1_18 1_8 3_13 3_19 3_3 3_9 4_17 4_19 6_18 7_1 7_13,2_4 3_10 3_11 3_7 4_10 4_15 4_9 5_3 5_4 5_9 6_5 6_8 7_7 7_8 8_6 9_17 9_9,0.081081,0.025641,0.025641,0.081081,0.081081,0.025641,0.081081,0.025641,,0.081081
2025-06-02,GLM-Logit,18,0.388889,0.350000,2_4 3_9 4_10 4_8 5_8 5_9 6_15,3_13 3_14 3_5 3_7 4_9 5_15 6_14 6_6 6_7 7_8 8_15 8_6 9_16,10_15 10_16 3_10 3_11 4_15 4_7 5_7 6_4 7_16 7_7 9_15,0.904762,0.481481,0.379310,0.481481,0.739130,0.428571,0.818182,0.428571,0.000000,
2025-06-02,HierBayes,18,0.444444,0.400000,2_4 3_9 4_10 4_8 5_7 5_8 5_9 6_15,3_13 3_14 3_5 3_7 4_9 5_15 6_14 6_6 7_8 8_15 8_6 9_16,10_15 10_16 3_10 3_11 4_15 4_7 6_4 7_16 7_7 9_15,,0.428571,0.333333,0.481481,0.666667,0.379310,0.904762,0.379310,0.000000,0.904762
2025-06-02,B1: Static prior,18,0.500000,0.450000,3_10 3_11 4_10 4_8 5_8 5_9 6_15 7_16 9_15,3_14 4_9 5_14 5_15 6_14 6_7 7_15 7_8 8_15 9_14 9_16,10_15 10_16 2_4 3_9 4_15 4_7 5_7 6_4 7_7,0.428571,,0.666667,0.481481,0.428571,0.739130,0.379310,0.600000,0.000000,0.481481
2025-06-02,TTM,18,0.555556,0.500000,3_10 3_11 3_9 4_10 4_8 5_8 5_9 6_15 6_4 9_15,4_9 5_14 6_3 6_7 7_15 7_8 8_15 8_8 9_14 9_16,10_15 10_16 2_4 4_15 4_7 5_7 7_16 7_7,0.333333,0.666667,,0.481481,0.428571,0.666667,0.290323,0.538462,0.000000,0.379310
2025-06-02,ET,18,0.333333,0.300000,3_10 3_9 4_10 4_8 5_9 6_15,3_13 3_14 4_9 5_14 5_4 6_13 6_14 6_3 7_8 8_15 8_6 8_9 9_14 9_16,10_15 10_16 2_4 3_11 4_15 4_7 5_7 5_8 6_4 7_16 7_7 9_15,0.481481,0.481481,0.481481,,0.379310,0.428571,0.428571,0.333333,0.000000,0.481481
2025-06-02,B5: B2+B3,18,0.444444,0.400000,2_4 3_11 3_9 4_10 5_8 5_9 6_15 7_7,3_13 3_5 3_7 4_9 5_15 6_14 6_3 6_6 6_7 7_8 8_15 9_16,10_15 10_16 3_10 4_15 4_7 4_8 5_7 6_4 7_16 9_15,0.666667,0.428571,0.428571,0.379310,,0.538462,0.666667,0.538462,0.000000,0.739130
2025-06-02,B4: B1+B3,18,0.555556,0.500000,3_10 3_11 4_10 4_8 5_8 5_9 6_15 7_16 7_7 9_15,3_7 4_9 6_14 6_3 6_7 7_15 7_8 8_15 9_14 9_16,10_15 10_16 2_4 3_9 4_15 4_7 5_7 6_4,0.379310,0.739130,0.666667,0.428571,0.538462,,0.333333,0.818182,0.000000,0.428571
2025-06-02,B2: Recent MA,18,0.388889,0.350000,2_4 3_9 4_10 5_7 5_8 5_9 6_15,3_13 3_14 3_5 3_7 4_9 5_15 6_14 6_5 6_6 7_8 8_15 8_6 9_16,10_15 10_16 3_10 3_11 4_15 4_7 4_8 6_4 7_16 7_7 9_15,0.904762,0.379310,0.290323,0.428571,0.666667,0.333333,,0.333333,0.025641,0.818182
2025-06-02,B3: DoY season,18,0.555556,0.500000,2_4 3_10 3_11 4_10 4_8 5_8 6_15 7_16 7_7 9_15,3_7 3_8 4_9 6_14 6_3 6_7 7_15 7_8 8_15 9_16,10_15 10_16 3_9 4_15 4_7 5_7 5_9 6_4,0.379310,0.600000,0.538462,0.333333,0.538462,0.818182,0.333333,,0.000000,0.428571
2025-06-02,B0: Random,18,0.055556,0.050000,4_7,0_13 10_13 11_10 11_15 12_14 12_3 3_1 3_17 4_17 4_2 5_1 5_3 6_5 6_9 7_0 8_10 8_13 8_18 8_4,10_15 10_16 2_4 3_10 3_11 3_9 4_10 4_15 4_8 5_7 5_8 5_9 6_15 6_4 7_16 7_7 9_15,0.000000,0.000000,0.000000,0.000000,0.000000,0.000000,0.025641,0.000000,,0.000000
2025-06-03,GLM-Logit,22,0.318182,0.350000,2_4 4_8 4_9 5_15 6_14 6_15 9_16,3_11 3_13 3_14 3_5 3_7 3_9 4_10 5_7 5_8 5_9 6_6 7_8 8_15,0_12 10_15 10_16 3_10 3_6 4_5 5_14 5_4 5_5 6_4 6_7 6_8 7_16 8_6 9_17,1.000000,0.481481,0.333333,0.428571,0.818182,0.428571,0.818182,0.428571,0.000000,
2025-06-03,HierBayes,22,0.318182,0.350000,2_4 4_8 4_9 5_15 6_14 6_15 9_16,3_11 3_13 3_14 3_5 3_7 3_9 4_10 5_7 5_8 5_9 6_6 7_8 8_15,0_12 10_15 10_16 3_10 3_6 4_5 5_14 5_4 5_5 6_4 6_7 6_8 7_16 8_6 9_17,,0.481481,0.333333,0.428571,0.818182,0.428571,0.818182,0.428571,0.000000,1.000000
2025-06-03,B1: Static prior,22,0.454545,0.500000,3_10 4_8 4_9 5_14 5_15 6_14 6_15 6_7 7_16 9_16,3_11 3_14 4_10 5_8 5_9 7_15 7_8 8_15 9_14 9_15,0_12 10_15 10_16 2_4 3_6 4_5 5_4 5_5 6_4 6_8 8_6 9_17,0.481481,,0.538462,0.481481,0.428571,0.818182,0.379310,0.666667,0.000000,0.481481
2025-06-03,TTM,22,0.363636,0.400000,3_10 4_9 5_14 5_15 6_15 6_4 6_7 9_16,3_11 3_12 3_7 3_9 4_10 5_8 5_9 6_3 7_15 8_8 9_14 9_15,0_12 10_15 10_16 2_4 3_6 4_5 4_8 5_4 5_5 6_14 6_8 7_16 8_6 9_17,0.333333,0.538462,,0.333333,0.379310,0.600000,0.290323,0.481481,0.000000,0.333333
2025-06-03,ET,22,0.409091,0.450000,3_10 4_8 4_9 5_14 5_4 6_14 6_15 8_6 9_16,3_13 3_14 3_9 4_10 5_9 6_13 6_3 7_8 8_15 8_9 9_14,0_12 10_15 10_16 2_4 3_6 4_5 5_15 5_5 6_4 6_7 6_8 7_16 9_17,0.428571,0.481481,0.333333,,0.428571,0.481481,0.379310,0.379310,0.000000,0.428571
2025-06-03,B5: B2+B3,22,0.318182,0.350000,2_4 4_8 4_9 5_15 6_14 6_15 9_16,3_11 3_13 3_5 3_7 3_9 4_10 5_8 5_9 6_3 6_6 7_7 7_8 8_15,0_12 10_15 10_16 3_10 3_6 4_5 5_14 5_4 5_5 6_4 6_7 6_8 7_16 8_6 9_17,0.818182,0.428571,0.379310,0.428571,,0.481481,0.666667,0.481481,0.000000,0.818182
2025-06-03,B4: B1+B3,22,0.409091,0.450000,3_10 4_8 4_9 5_14 6_14 6_15 6_7 7_16 9_16,3_11 3_7 4_10 5_8 5_9 6_3 7_15 7_8 8_15 9_14 9_15,0_12 10_15 10_16 2_4 3_6 4_5 5_15 5_4 5_5 6_4 6_8 8_6 9_17,0.428571,0.818182,0.600000,0.481481,0.481481,,0.333333,0.818182,0.000000,0.428571
2025-06-03,B2: Recent MA,22,0.272727,0.300000,2_4 4_9 5_15 6_14 6_15 9_16,3_13 3_14 3_5 3_7 3_9 4_10 5_7 5_8 5_9 6_5 6_6 7_8 8_15 8_17,0_12 10_15 10_16 3_10 3_6 4_5 4_8 5_14 5_4 5_5 6_4 6_7 6_8 7_16 8_6 9_17,0.818182,0.379310,0.290323,0.379310,0.666667,0.333333,,0.333333,0.000000,0.818182
2025-06-03,B3: DoY season,22,0.409091,0.450000,3_10 4_8 4_9 5_14 6_14 6_15 6_7 7_16 9_16,3_11 3_5 3_7 3_8 4_10 5_8 6_3 7_15 7_8 8_15 9_15,0_12 10_15 10_16 2_4 3_6 4_5 5_15 5_4 5_5 6_4 6_8 8_6 9_17,0.428571,0.666667,0.481481,0.379310,0.481481,0.818182,0.333333,,0.000000,0.428571
2025-06-03,B0: Random,22,0.090909,0.100000,10_16 3_6,0_4 10_13 11_4 12_19 12_6 1_9 2_14 2_15 3_19 4_18 5_13 6_16 7_1 7_17 8_11 8_14 9_11 9_8,0_12 10_15 2_4 3_10 4_5 4_8 4_9 5_14 5_15 5_4 5_5 6_14 6_15 6_4 6_7 6_8 7_16 8_6 9_16 9_17,0.000000,0.000000,0.000000,0.000000,0.000000,0.000000,0.000000,0.000000,,0.000000
2025-06-04,GLM-Logit,20,0.550000,0.550000,2_4 3_11 3_13 3_7 4_8 4_9 5_8 6_14 6_15 7_8 8_15,3_14 3_5 3_9 4_10 5_15 5_7 5_9 6_6 9_16,10_15 10_16 4_5 4_7 5_5 6_4 8_7 9_14 9_9,0.904762,0.481481,0.333333,0.428571,0.904762,0.428571,0.904762,0.481481,0.000000,
2025-06-04,HierBayes,20,0.500000,0.500000,2_4 3_13 3_7 4_8 4_9 5_8 6_14 6_15 7_8 8_15,3_14 3_5 3_9 4_10 5_15 5_7 5_9 6_6 8_6 9_16,10_15 10_16 3_11 4_5 4_7 5_5 6_4 8_7 9_14 9_9,,0.428571,0.290323,0.481481,0.818182,0.379310,0.904762,0.428571,0.000000,0.904762
2025-06-04,B1: Static prior,20,0.450000,0.450000,3_11 4_8 4_9 5_8 6_14 6_15 7_8 8_15 9_14,3_10 3_14 4_10 5_14 5_15 5_9 6_7 7_15 7_16 9_15 9_16,10_15 10_16 2_4 3_13 3_7 4_5 4_7 5_5 6_4 8_7 9_9,0.428571,,0.600000,0.481481,0.538462,0.818182,0.428571,0.666667,0.025641,0.481481
2025-06-04,TTM,20,0.400000,0.400000,3_11 3_7 4_8 4_9 5_8 6_15 7_8 9_14,3_10 3_12 4_10 5_14 5_9 6_3 6_7 7_15 7_5 8_8 9_15 9_16,10_15 10_16 2_4 3_13 4_5 4_7 5_5 6_14 6_4 8_15 8_7 9_9,0.290323,0.600000,,0.379310,0.379310,0.739130,0.290323,0.666667,0.025641,0.333333
2025-06-04,ET,20,0.400000,0.400000,3_13 4_8 4_9 6_14 6_15 7_8 8_15 9_14,3_10 3_14 3_9 4_10 5_14 5_4 5_9 6_13 6_3 8_6 8_9 9_16,10_15 10_16 2_4 3_11 3_7 4_5 4_7 5_5 5_8 6_4 8_7 9_9,0.481481,0.481481,0.379310,,0.481481,0.481481,0.428571,0.428571,0.000000,0.428571
2025-06-04,B5: B2+B3,20,0.550000,0.550000,2_4 3_11 3_13 3_7 4_8 4_9 5_8 6_14 6_15 7_8 8_15,3_10 3_14 3_5 3_9 4_10 5_15 5_9 6_6 9_16,10_15 10_16 4_5 4_7 5_5 6_4 8_7 9_14 9_9,0.818182,0.538462,0.379310,0.481481,,0.481481,0.818182,0.538462,0.000000,0.904762
2025-06-04,B4: B1+B3,20,0.500000,0.500000,3_11 3_7 4_8 4_9 5_8 6_14 6_15 7_8 8_15 9_14,3_10 4_10 5_14 5_9 6_3 6_7 7_15 7_16 9_15 9_16,10_15 10_16 2_4 3_13 4_5 4_7 5_5 6_4 8_7 9_9,0.379310,0.818182,0.739130,0.481481,0.481481,,0.379310,0.818182,0.025641,0.428571
2025-06-04,B2: Recent MA,20,0.500000,0.500000,2_4 3_13 3_7 4_8 4_9 5_8 6_14 6_15 7_8 8_15,3_14 3_5 3_9 4_10 5_15 5_7 5_9 6_5 6_6 9_16,10_15 10_16 3_11 4_5 4_7 5_5 6_4 8_7 9_14 9_9,0.904762,0.428571,0.290323,0.428571,0.818182,0.379310,,0.428571,0.000000,0.904762
2025-06-04,B3: DoY season,20,0.500000,0.500000,2_4 3_11 3_7 4_8 4_9 5_8 6_14 6_15 7_8 8_15,3_10 3_8 4_10 5_14 5_9 6_3 6_7 7_15 9_15 9_16,10_15 10_16 3_13 4_5 4_7 5_5 6_4 8_7 9_14 9_9,0.428571,0.666667,0.666667,0.428571,0.538462,0.818182,0.428571,,0.025641,0.481481
2025-06-04,B0: Random,20,0.000000,0.000000,,10_17 11_15 11_16 11_9 12_15 1_1 1_12 2_12 2_6 3_15 6_0 6_1 6_8 7_2 8_13 8_16 9_15 9_17 9_5 9_7,10_15 10_16 2_4 3_11 3_13 3_7 4_5 4_7 4_8 4_9 5_5 5_8 6_14 6_15 6_4 7_8 8_15 8_7 9_14 9_9,0.000000,0.025641,0.025641,0.000000,0.000000,0.025641,0.000000,0.025641,,0.000000
2025-06-05,GLM-Logit,17,0.529412,0.450000,2_4 3_13 4_10 4_8 5_15 5_8 7_8 8_6 9_16,3_11 3_5 3_7 3_9 4_9 5_7 5_9 6_14 6_15 6_6 8_15,10_15 3_15 4_7 5_14 6_4 7_15 7_4 8_11,1.000000,0.428571,0.290323,0.428571,0.904762,0.428571,0.904762,0.428571,0.052632,
2025-06-05,HierBayes,17,0.529412,0.450000,2_4 3_13 4_10 4_8 5_15 5_8 7_8 8_6 9_16,3_11 3_5 3_7 3_9 4_9 5_7 5_9 6_14 6_15 6_6 8_15,10_15 3_15 4_7 5_14 6_4 7_15 7_4 8_11,,0.428571,0.290323,0.428571,0.904762,0.428571,0.904762,0.428571,0.052632,1.000000
2025-06-05,B1: Static prior,17,0.470588,0.400000,4_10 4_8 5_14 5_15 5_8 7_15 7_8 9_16,3_10 3_11 3_14 4_9 5_9 6_14 6_15 6_7 7_16 8_15 9_14 9_15,10_15 2_4 3_13 3_15 4_7 6_4 7_4 8_11 8_6,0.428571,,0.538462,0.481481,0.428571,0.818182,0.428571,0.739130,0.052632,0.428571
2025-06-05,TTM,17,0.411765,0.350000,4_10 4_8 5_14 5_8 6_4 7_8 9_16,3_10 3_11 3_12 3_6 4_9 5_9 6_15 6_3 6_7 7_5 8_8 9_14 9_15,10_15 2_4 3_13 3_15 4_7 5_15 7_15 7_4 8_11 8_6,0.290323,0.538462,,0.379310,0.290323,0.538462,0.290323,0.481481,0.081081,0.290323
2025-06-05,ET,17,0.411765,0.350000,3_13 4_10 4_8 5_14 7_8 8_6 9_16,3_10 3_14 3_9 4_9 5_4 5_9 6_13 6_14 6_15 6_3 8_15 8_9 9_14,10_15 2_4 3_15 4_7 5_15 5_8 6_4 7_15 7_4 8_11,0.428571,0.481481,0.379310,,0.379310,0.481481,0.379310,0.428571,0.052632,0.428571
2025-06-05,B5: B2+B3,17,0.470588,0.400000,2_4 3_13 4_10 4_8 5_15 5_8 7_8 9_16,3_11 3_5 3_7 3_9 4_9 5_7 5_9 6_14 6_15 6_5 6_6 8_15,10_15 3_15 4_7 5_14 6_4 7_15 7_4 8_11 8_6,0.904762,0.428571,0.290323,0.379310,,0.428571,1.000000,0.428571,0.052632,0.904762
2025-06-05,B4: B1+B3,17,0.411765,0.350000,4_10 4_8 5_14 5_8 7_15 7_8 9_16,3_10 3_11 3_14 3_7 4_9 5_9 6_14 6_15 6_3 6_7 7_16 8_15 9_15,10_15 2_4 3_13 3_15 4_7 5_15 6_4 7_4 8_11 8_6,0.428571,0.818182,0.538462,0.481481,0.428571,,0.428571,0.904762,0.052632,0.428571
2025-06-05,B2: Recent MA,17,0.470588,0.400000,2_4 3_13 4_10 4_8 5_15 5_8 7_8 9_16,3_11 3_5 3_7 3_9 4_9 5_7 5_9 6_14 6_15 6_5 6_6 8_15,10_15 3_15 4_7 5_14 6_4 7_15 7_4 8_11 8_6,0.904762,0.428571,0.290323,0.379310,1.000000,0.428571,,0.428571,0.052632,0.904762
2025-06-05,B3: DoY season,17,0.470588,0.400000,2_4 4_10 4_8 5_14 5_8 7_15 7_8 9_16,3_10 3_11 3_14 3_7 4_9 6_14 6_15 6_3 6_7 7_16 8_15 9_15,10_15 3_13 3_15 4_7 5_15 6_4 7_4 8_11 8_6,0.428571,0.739130,0.481481,0.428571,0.428571,0.904762,0.428571,,0.052632,0.428571
2025-06-05,B0: Random,17,0.000000,0.000000,,0_14 11_4 11_8 1_13 1_16 2_18 2_9 3_12 3_3 4_18 4_3 5_5 6_15 6_17 6_6 6_7 7_0 7_6 8_9 9_3,10_15 2_4 3_13 3_15 4_10 4_7 4_8 5_14 5_15 5_8 6_4 7_15 7_4 7_8 8_11 8_6 9_16,0.052632,0.052632,0.081081,0.052632,0.052632,0.052632,0.052632,0.052632,,0.052632
2025-06-06,GLM-Logit,19,0.473684,0.450000,2_4 3_13 3_7 3_9 5_15 5_9 6_6 7_8 9_14,3_11 4_10 4_8 4_9 5_7 5_8 6_14 6_15 8_15 8_6 9_16,10_16 2_13 2_14 3_10 3_14 3_15 6_5 7_14 7_16 9_9,0.904762,0.481481,0.333333,0.481481,0.818182,0.481481,0.904762,0.428571,0.025641,
2025-06-06,HierBayes,19,0.421053,0.400000,2_4 3_13 3_7 3_9 5_15 5_9 6_6 7_8,3_11 3_5 4_10 4_8 4_9 5_7 5_8 6_14 6_15 8_15 8_6 9_16,10_16 2_13 2_14 3_10 3_14 3_15 6_5 7_14 7_16 9_14 9_9,,0.428571,0.290323,0.428571,0.818182,0.481481,0.904762,0.428571,0.025641,0.904762
2025-06-06,B1: Static prior,19,0.368421,0.350000,3_10 3_14 5_15 5_9 7_16 7_8 9_14,3_11 4_10 4_8 4_9 5_14 5_8 6_14 6_15 6_7 7_15 8_15 9_15 9_16,10_16 2_13 2_14 2_4 3_13 3_15 3_7 3_9 6_5 6_6 7_14 9_9,0.428571,,0.600000,0.481481,0.538462,0.739130,0.428571,0.666667,0.025641,0.481481
2025-06-06,TTM,19,0.315789,0.300000,3_10 3_14 5_15 5_9 7_8 9_14,3_11 3_12 4_8 4_9 5_8 6_15 6_3 6_4 6_7 7_15 7_5 8_8 9_15 9_16,10_16 2_13 2_14 2_4 3_13 3_15 3_7 3_9 6_5 6_6 7_14 7_16 9_9,0.290323,0.600000,,0.333333,0.379310,0.538462,0.290323,0.428571,0.052632,0.333333
2025-06-06,ET,19,0.368421,0.350000,3_10 3_13 3_14 3_9 5_9 7_8 9_14,4_10 4_8 4_9 5_14 5_4 6_13 6_14 6_15 6_3 8_15 8_6 8_9 9_16,10_16 2_13 2_14 2_4 3_15 3_7 5_15 6_5 6_6 7_14 7_16 9_9,0.428571,0.481481,0.333333,,0.481481,0.428571,0.428571,0.379310,0.081081,0.481481
2025-06-06,B5: B2+B3,19,0.473684,0.450000,2_4 3_13 3_14 3_7 3_9 5_15 5_9 6_6 7_8,3_11 4_10 4_8 4_9 5_8 6_14 6_15 6_7 8_15 8_6 9_16,10_16 2_13 2_14 3_10 3_15 6_5 7_14 7_16 9_14 9_9,0.818182,0.538462,0.379310,0.481481,,0.600000,0.818182,0.538462,0.025641,0.818182
2025-06-06,B4: B1+B3,19,0.368421,0.350000,2_4 3_10 3_14 3_7 5_9 7_16 7_8,3_11 4_10 4_8 4_9 5_8 6_14 6_15 6_3 6_7 7_15 8_15 9_15 9_16,10_16 2_13 2_14 3_13 3_15 3_9 5_15 6_5 6_6 7_14 9_14 9_9,0.481481,0.739130,0.538462,0.428571,0.600000,,0.481481,0.818182,0.025641,0.481481
2025-06-06,B2: Recent MA,19,0.473684,0.450000,2_4 3_13 3_7 3_9 5_15 5_9 6_5 6_6 7_8,3_11 4_10 4_8 4_9 5_7 5_8 6_14 6_15 8_15 8_6 9_16,10_16 2_13 2_14 3_10 3_14 3_15 7_14 7_16 9_14 9_9,0.904762,0.428571,0.290323,0.428571,0.818182,0.481481,,0.428571,0.025641,0.904762
2025-06-06,B3: DoY season,19,0.263158,0.250000,2_4 3_14 3_7 7_16 7_8,3_11 3_8 4_10 4_8 4_9 5_14 5_8 6_14 6_15 6_3 6_7 7_15 8_15 9_15 9_16,10_16 2_13 2_14 3_10 3_13 3_15 3_9 5_15 5_9 6_5 6_6 7_14 9_14 9_9,0.428571,0.666667,0.428571,0.379310,0.538462,0.818182,0.428571,,0.000000,0.428571
2025-06-06,B0: Random,19,0.157895,0.150000,2_14 3_10 3_13,0_11 0_12 0_13 0_15 0_7 11_12 11_3 12_2 1_17 1_19 4_0 4_17 5_17 5_4 6_11 6_2 7_5,10_16 2_13 2_4 3_14 3_15 3_7 3_9 5_15 5_9 6_5 6_6 7_14 7_16 7_8 9_14 9_9,0.025641,0.025641,0.052632,0.081081,0.025641,0.025641,0.025641,0.000000,,0.025641
2025-06-07,GLM-Logit,11,0.454545,0.250000,2_4 3_7 5_15 6_6 7_8,3_10 3_11 3_13 3_9 4_10 4_8 4_9 5_8 5_9 6_14 6_15 8_15 8_6 9_14 9_16,2_14 2_5 5_12 5_6 7_9 8_4,0.904762,0.538462,0.481481,0.538462,0.818182,0.481481,0.904762,0.428571,0.081081,
2025-06-07,HierBayes,11,0.454545,0.250000,2_4 3_7 5_15 6_6 7_8,3_10 3_13 3_9 4_10 4_8 4_9 5_8 5_9 6_14 6_15 6_5 8_15 8_6 9_14 9_16,2_14 2_5 5_12 5_6 7_9 8_4,,0.481481,0.428571,0.538462,0.739130,0.428571,1.000000,0.379310,0.081081,0.904762
2025-06-07,B1: Static prior,11,0.181818,0.100000,5_15 7_8,3_10 3_11 3_14 4_10 4_8 4_9 5_14 5_8 5_9 6_14 6_15 6_7 7_15 7_16 8_15 9_14 9_15 9_16,2_14 2_4 2_5 3_7 5_12 5_6 6_6 7_9 8_4,0.481481,,0.739130,0.481481,0.600000,0.739130,0.481481,0.666667,0.081081,0.538462
2025-06-07,TTM,11,0.181818,0.100000,5_15 7_8,3_10 3_11 3_14 4_10 4_8 4_9 5_8 5_9 6_14 6_15 6_4 6_7 7_15 7_5 8_8 9_14 9_15 9_16,2_14 2_4 2_5 3_7 5_12 5_6 6_6 7_9 8_4,0.428571,0.739130,,0.379310,0.538462,0.538462,0.428571,0.481481,0.081081,0.481481
2025-06-07,ET,11,0.090909,0.050000,7_8,3_10 3_13 3_14 3_9 4_10 4_8 4_9 5_14 5_4 5_9 6_13 6_14 6_15 6_3 8_15 8_6 8_9 9_14 9_16,2_14 2_4 2_5 3_7 5_12 5_15 5_6 6_6 7_9 8_4,0.538462,0.481481,0.379310,,0.481481,0.428571,0.538462,0.379310,0.081081,0.538462
2025-06-07,B5: B2+B3,11,0.454545,0.250000,2_4 3_7 5_15 6_6 7_8,3_10 3_11 3_13 3_14 3_9 4_10 4_8 4_9 5_8 5_9 6_14 6_15 6_7 8_15 9_16,2_14 2_5 5_12 5_6 7_9 8_4,0.739130,0.600000,0.538462,0.481481,,0.600000,0.739130,0.538462,0.111111,0.818182
2025-06-07,B4: B1+B3,11,0.272727,0.150000,2_4 3_7 7_8,3_10 3_11 3_14 4_10 4_8 4_9 5_14 5_8 5_9 6_14 6_15 6_3 6_7 7_15 7_16 8_15 9_15,2_14 2_5 5_12 5_15 5_6 6_6 7_9 8_4,0.428571,0.739130,0.538462,0.428571,0.600000,,0.428571,0.904762,0.081081,0.481481
2025-06-07,B2: Recent MA,11,0.454545,0.250000,2_4 3_7 5_15 6_6 7_8,3_10 3_13 3_9 4_10 4_8 4_9 5_8 5_9 6_14 6_15 6_5 8_15 8_6 9_14 9_16,2_14 2_5 5_12 5_6 7_9 8_4,1.000000,0.481481,0.428571,0.538462,0.739130,0.428571,,0.379310,0.081081,0.904762
2025-06-07,B3: DoY season,11,0.272727,0.150000,2_4 3_7 7_8,3_10 3_11 3_14 3_8 4_10 4_8 4_9 5_14 5_8 6_14 6_15 6_3 6_7 7_15 7_16 8_15 9_15,2_14 2_5 5_12 5_15 5_6 6_6 7_9 8_4,0.379310,0.666667,0.481481,0.379310,0.538462,0.904762,0.379310,,0.111111,0.428571
2025-06-07,B0: Random,11,0.181818,0.100000,5_15 7_8,0_10 0_7 11_12 12_8 3_13 3_6 3_8 4_12 4_17 4_6 5_18 6_11 6_3 6_7 7_18 7_19 8_2 9_10,2_14 2_4 2_5 3_7 5_12 5_6 6_6 7_9 8_4,0.081081,0.081081,0.081081,0.081081,0.111111,0.081081,0.081081,0.111111,,0.081081
2025-06-08,GLM-Logit,19,0.473684,0.450000,2_4 3_10 3_9 4_10 4_9 5_15 5_9 6_15 6_6,3_13 3_14 3_7 4_8 5_8 6_14 7_8 8_15 8_6 9_14 9_16,1_12 3_12 4_15 5_14 5_7 6_3 6_9 7_16 8_16 9_15,0.904762,0.538462,0.379310,0.600000,0.818182,0.538462,0.818182,0.428571,0.025641,
2025-06-08,HierBayes,19,0.473684,0.450000,2_4 3_10 3_9 4_10 4_9 5_15 5_9 6_15 6_6,3_13 3_14 3_7 4_8 5_8 6_14 6_5 7_8 8_6 9_14 9_16,1_12 3_12 4_15 5_14 5_7 6_3 6_9 7_16 8_16 9_15,,0.481481,0.333333,0.538462,0.739130,0.481481,0.904762,0.379310,0.025641,0.904762
2025-06-08,B1: Static prior,19,0.473684,0.450000,3_10 4_10 4_9 5_14 5_15 5_9 6_15 7_16 9_15,3_11 3_14 4_8 5_8 6_14 6_7 7_15 7_8 8_15 9_14 9_16,1_12 2_4 3_12 3_9 4_15 5_7 6_3 6_6 6_9 8_16,0.481481,,0.600000,0.481481,0.600000,0.739130,0.428571,0.666667,0.025641,0.538462
2025-06-08,TTM,19,0.368421,0.350000,3_10 4_10 4_9 5_9 6_15 7_16 9_15,10_17 3_11 3_7 5_8 6_7 6_8 7_15 7_5 7_8 8_15 8_8 9_14 9_16,1_12 2_4 3_12 3_9 4_15 5_14 5_15 5_7 6_3 6_6 6_9 8_16,0.333333,0.600000,,0.290323,0.428571,0.600000,0.333333,0.481481,0.052632,0.379310
2025-06-08,ET,19,0.421053,0.400000,3_10 3_9 4_10 4_9 5_14 5_9 6_15 6_3,3_13 3_14 4_8 5_4 6_13 6_14 7_8 8_15 8_6 8_9 9_14 9_16,1_12 2_4 3_12 4_15 5_15 5_7 6_6 6_9 7_16 8_16 9_15,0.538462,0.481481,0.290323,,0.481481,0.428571,0.481481,0.379310,0.000000,0.600000
2025-06-08,B5: B2+B3,19,0.526316,0.500000,2_4 3_10 3_9 4_10 4_9 5_15 5_9 6_15 6_6 7_16,3_13 3_14 3_7 4_8 5_8 6_14 6_7 7_8 8_15 9_16,1_12 3_12 4_15 5_14 5_7 6_3 6_9 8_16 9_15,0.739130,0.600000,0.428571,0.481481,,0.600000,0.666667,0.538462,0.025641,0.818182
2025-06-08,B4: B1+B3,19,0.473684,0.450000,2_4 3_10 4_10 4_9 5_9 6_15 6_3 7_16 9_15,3_11 3_14 3_7 4_8 5_8 6_14 6_7 7_15 7_8 8_15 9_14,1_12 3_12 3_9 4_15 5_14 5_15 5_7 6_6 6_9 8_16,0.481481,0.739130,0.600000,0.428571,0.600000,,0.428571,0.818182,0.025641,0.538462
2025-06-08,B2: Recent MA,19,0.473684,0.450000,2_4 3_10 3_9 4_10 4_9 5_15 5_9 6_15 6_6,3_13 3_14 3_5 3_7 4_8 5_8 6_5 7_8 8_6 9_14 9_16,1_12 3_12 4_15 5_14 5_7 6_3 6_9 7_16 8_16 9_15,0.904762,0.428571,0.333333,0.481481,0.666667,0.428571,,0.333333,0.025641,0.818182
2025-06-08,B3: DoY season,19,0.473684,0.450000,2_4 3_10 4_10 4_9 5_14 6_15 6_3 7_16 9_15,3_11 3_14 3_7 3_8 4_8 5_8 6_14 6_7 7_15 7_8 8_15,1_12 3_12 3_9 4_15 5_15 5_7 5_9 6_6 6_9 8_16,0.379310,0.666667,0.481481,0.379310,0.538462,0.818182,0.333333,,0.025641,0.428571
2025-06-08,B0: Random,19,0.000000,0.000000,,0_7 10_0 10_1 10_16 10_17 10_4 11_13 11_15 12_19 2_14 2_15 2_3 5_3 5_8 7_12 7_7 8_1 8_14 9_17 9_4,1_12 2_4 3_10 3_12 3_9 4_10 4_15 4_9 5_14 5_15 5_7 5_9 6_15 6_3 6_6 6_9 7_16 8_16 9_15,0.025641,0.025641,0.052632,0.000000,0.025641,0.025641,0.025641,0.025641,,0.025641
2025-06-09,GLM-Logit,19,0.315789,0.300000,2_4 3_9 4_9 6_14 6_15 9_16,3_10 3_13 3_14 3_7 4_10 4_8 5_15 5_8 5_9 6_6 7_16 7_8 8_6 9_14,0_12 10_15 3_11 3_15 3_6 3_8 7_14 7_15 7_3 7_7 8_16 8_5 9_15,0.904762,0.538462,0.379310,0.538462,0.818182,0.538462,0.818182,0.481481,0.025641,
2025-06-09,HierBayes,19,0.315789,0.300000,2_4 3_9 4_9 6_14 6_15 9_16,3_10 3_13 3_14 3_7 4_10 4_8 5_15 5_8 5_9 6_5 6_6 7_16 7_8 8_6,0_12 10_15 3_11 3_15 3_6 3_8 7_14 7_15 7_3 7_7 8_16 8_5 9_15,,0.481481,0.333333,0.481481,0.818182,0.481481,0.904762,0.481481,0.025641,0.904762
2025-06-09,B1: Static prior,19,0.368421,0.350000,3_11 4_9 6_14 6_15 7_15 9_15 9_16,3_10 3_14 4_10 4_8 5_14 5_15 5_8 5_9 6_7 7_16 7_8 8_15 9_14,0_12 10_15 2_4 3_15 3_6 3_8 3_9 7_14 7_3 7_7 8_16 8_5,0.481481,,0.600000,0.481481,0.600000,0.739130,0.481481,0.600000,0.025641,0.538462
2025-06-09,TTM,19,0.368421,0.350000,3_11 4_9 6_14 6_15 7_15 9_15 9_16,10_17 3_10 4_10 5_15 5_8 5_9 6_4 6_7 6_8 7_5 7_8 8_8 9_14,0_12 10_15 2_4 3_15 3_6 3_8 3_9 7_14 7_3 7_7 8_16 8_5,0.333333,0.600000,,0.290323,0.379310,0.481481,0.333333,0.379310,0.000000,0.379310
2025-06-09,ET,19,0.263158,0.250000,3_9 4_9 6_14 6_15 9_16,3_10 3_13 3_14 4_10 4_8 5_14 5_4 5_9 6_13 6_3 7_8 8_15 8_6 8_9 9_14,0_12 10_15 2_4 3_11 3_15 3_6 3_8 7_14 7_15 7_3 7_7 8_16 8_5 9_15,0.481481,0.481481,0.290323,,0.481481,0.428571,0.428571,0.333333,0.000000,0.538462
2025-06-09,B5: B2+B3,19,0.315789,0.300000,2_4 3_9 4_9 6_14 6_15 9_16,3_10 3_13 3_14 3_7 4_10 4_8 5_15 5_8 5_9 6_6 6_7 7_16 7_8 8_15,0_12 10_15 3_11 3_15 3_6 3_8 7_14 7_15 7_3 7_7 8_16 8_5 9_15,0.818182,0.600000,0.379310,0.481481,,0.600000,0.818182,0.600000,0.025641,0.818182
2025-06-09,B4: B1+B3,19,0.368421,0.350000,2_4 3_11 4_9 6_14 6_15 7_15 9_15,3_10 3_14 3_7 4_10 4_8 5_8 5_9 6_3 6_7 7_16 7_8 8_15 9_14,0_12 10_15 3_15 3_6 3_8 3_9 7_14 7_3 7_7 8_16 8_5 9_16,0.481481,0.739130,0.481481,0.428571,0.600000,,0.481481,0.818182,0.025641,0.538462
2025-06-09,B2: Recent MA,19,0.315789,0.300000,2_4 3_9 4_9 6_14 6_15 9_16,10_16 3_10 3_13 3_14 3_7 4_10 4_8 5_15 5_8 5_9 6_5 6_6 7_16 7_8,0_12 10_15 3_11 3_15 3_6 3_8 7_14 7_15 7_3 7_7 8_16 8_5 9_15,0.904762,0.481481,0.333333,0.428571,0.818182,0.481481,,0.481481,0.025641,0.818182
2025-06-09,B3: DoY season,19,0.421053,0.400000,2_4 3_11 3_8 4_9 6_14 6_15 7_15 9_15,3_10 3_14 3_7 4_10 4_8 5_8 6_3 6_6 6_7 7_16 7_8 8_15,0_12 10_15 3_15 3_6 3_9 7_14 7_3 7_7 8_16 8_5 9_16,0.481481,0.600000,0.379310,0.333333,0.600000,0.818182,0.481481,,0.025641,0.481481
2025-06-09,B0: Random,19,0.000000,0.000000,,10_13 10_5 11_5 1_8 2_0 2_13 2_19 2_6 3_2 3_4 4_5 5_16 6_0 6_1 7_12 7_16 8_3 9_1 9_18 9_19,0_12 10_15 2_4 3_11 3_15 3_6 3_8 3_9 4_9 6_14 6_15 7_14 7_15 7_3 7_7 8_16 8_5 9_15 9_16,0.025641,0.025641,0.000000,0.000000,0.025641,0.025641,0.025641,0.025641,,0.025641
2025-06-10,GLM-Logit,22,0.409091,0.450000,3_10 3_13 3_14 4_10 4_9 5_15 5_9 7_8 9_16,2_4 3_11 3_7 3_9 4_8 5_8 6_14 6_15 6_6 7_16 8_6,0_12 10_16 2_3 3_6 5_13 6_12 6_13 6_4 6_7 6_9 9_10 9_14 9_17,0.818182,0.538462,0.333333,0.481481,0.818182,0.538462,0.739130,0.481481,0.000000,
2025-06-10,HierBayes,22,0.409091,0.450000,3_10 3_13 3_6 4_10 4_9 5_15 5_9 7_8 9_16,2_4 3_7 3_9 4_8 5_8 6_14 6_15 6_5 6_6 7_16 8_6,0_12 10_16 2_3 3_14 5_13 6_12 6_13 6_4 6_7 6_9 9_10 9_14 9_17,,0.428571,0.250000,0.428571,0.739130,0.428571,0.904762,0.428571,0.000000,0.818182
2025-06-10,B1: Static prior,22,0.454545,0.500000,3_10 3_14 4_10 4_9 5_15 5_9 6_7 7_8 9_14 9_16,3_11 4_8 5_14 5_8 6_14 6_15 7_15 7_16 8_15 9_15,0_12 10_16 2_3 3_13 3_6 5_13 6_12 6_13 6_4 6_9 9_10 9_17,0.428571,,0.666667,0.481481,0.600000,0.818182,0.428571,0.538462,0.025641,0.538462
2025-06-10,TTM,22,0.409091,0.450000,3_10 3_14 4_10 4_9 5_9 6_7 7_8 9_14 9_16,3_11 3_12 5_14 5_8 6_15 6_8 7_15 7_5 8_15 8_8 9_15,0_12 10_16 2_3 3_13 3_6 5_13 5_15 6_12 6_13 6_4 6_9 9_10 9_17,0.250000,0.666667,,0.379310,0.379310,0.600000,0.250000,0.428571,0.052632,0.333333
2025-06-10,ET,22,0.454545,0.500000,3_10 3_13 3_14 4_10 4_9 5_9 6_13 7_8 9_14 9_16,3_9 4_8 5_14 5_4 6_14 6_15 6_3 8_15 8_6 8_9,0_12 10_16 2_3 3_6 5_13 5_15 6_12 6_4 6_7 6_9 9_10 9_17,0.428571,0.481481,0.379310,,0.428571,0.428571,0.379310,0.379310,0.000000,0.481481
2025-06-10,B5: B2+B3,22,0.454545,0.500000,3_10 3_13 3_14 4_10 4_9 5_15 5_9 6_7 7_8 9_16,2_4 3_7 3_9 4_8 5_8 6_14 6_15 6_6 7_16 9_15,0_12 10_16 2_3 3_6 5_13 6_12 6_13 6_4 6_9 9_10 9_14 9_17,0.739130,0.600000,0.379310,0.428571,,0.600000,0.739130,0.600000,0.000000,0.818182
2025-06-10,B4: B1+B3,22,0.363636,0.400000,3_10 3_14 4_10 4_9 5_9 6_7 7_8 9_14,2_4 3_11 3_7 4_8 5_14 5_8 6_14 6_15 7_15 7_16 8_15 9_15,0_12 10_16 2_3 3_13 3_6 5_13 5_15 6_12 6_13 6_4 6_9 9_10 9_16 9_17,0.428571,0.818182,0.600000,0.428571,0.600000,,0.428571,0.666667,0.025641,0.538462
2025-06-10,B2: Recent MA,22,0.454545,0.500000,10_16 3_10 3_13 3_6 4_10 4_9 5_15 5_9 7_8 9_16,2_4 3_7 3_9 4_8 5_8 6_14 6_15 6_5 6_6 7_16,0_12 2_3 3_14 5_13 6_12 6_13 6_4 6_7 6_9 9_10 9_14 9_17,0.904762,0.428571,0.250000,0.379310,0.739130,0.428571,,0.428571,0.000000,0.739130
2025-06-10,B3: DoY season,22,0.363636,0.400000,3_10 3_14 4_10 4_9 5_9 6_13 6_7 7_8,2_4 3_7 3_8 5_8 6_14 6_15 6_3 6_6 7_15 7_16 8_15 9_15,0_12 10_16 2_3 3_13 3_6 5_13 5_15 6_12 6_4 6_9 9_10 9_14 9_16 9_17,0.428571,0.538462,0.428571,0.379310,0.600000,0.666667,0.428571,,0.052632,0.481481
2025-06-10,B0: Random,22,0.045455,0.050000,0_12,0_4 11_9 12_0 12_5 1_8 3_16 3_8 4_1 4_15 4_17 5_7 6_11 6_16 6_17 6_18 6_8 7_15 7_9 8_4,10_16 2_3 3_10 3_13 3_14 3_6 4_10 4_9 5_13 5_15 5_9 6_12 6_13 6_4 6_7 6_9 7_8 9_10 9_14 9_16 9_17,0.000000,0.025641,0.052632,0.000000,0.000000,0.025641,0.000000,0.052632,,0.000000
2025-06-11,GLM-Logit,19,0.368421,0.350000,4_10 4_9 5_15 5_9 6_7 7_8 9_16,2_4 3_10 3_13 3_14 3_6 3_7 3_9 4_8 5_8 6_14 6_15 6_6 9_14,10_15 2_5 3_15 4_5 5_14 6_2 6_4 7_15 7_3 8_16 8_17 9_15,0.904762,0.538462,0.333333,0.481481,0.739130,0.538462,0.818182,0.481481,0.025641,
2025-06-11,HierBayes,19,0.315789,0.300000,4_10 4_9 5_15 5_9 7_8 9_16,2_4 3_10 3_13 3_14 3_6 3_7 3_9 4_8 5_8 6_14 6_15 6_6 7_16 9_14,10_15 2_5 3_15 4_5 5_14 6_2 6_4 6_7 7_15 7_3 8_16 8_17 9_15,,0.538462,0.379310,0.481481,0.818182,0.538462,0.818182,0.481481,0.025641,0.904762
2025-06-11,B1: Static prior,19,0.526316,0.500000,4_10 4_9 5_14 5_15 5_9 6_7 7_15 7_8 9_15 9_16,3_10 3_11 3_14 4_8 5_8 6_14 6_15 7_16 8_15 9_14,10_15 2_5 3_15 4_5 6_2 6_4 7_3 8_16 8_17,0.538462,,0.600000,0.481481,0.538462,0.739130,0.428571,0.600000,0.025641,0.538462
2025-06-11,TTM,19,0.473684,0.450000,3_15 4_10 4_9 5_14 5_9 7_15 7_8 9_15 9_16,3_10 3_11 3_12 3_9 4_8 6_15 7_16 7_5 8_15 8_8 9_14,10_15 2_5 4_5 5_15 6_2 6_4 6_7 7_3 8_16 8_17,0.379310,0.600000,,0.428571,0.379310,0.481481,0.290323,0.379310,0.025641,0.333333
2025-06-11,ET,19,0.315789,0.300000,4_10 4_9 5_14 5_9 7_8 9_16,3_10 3_13 3_14 3_9 4_8 5_4 6_13 6_14 6_15 6_3 8_15 8_6 8_9 9_14,10_15 2_5 3_15 4_5 5_15 6_2 6_4 6_7 7_15 7_3 8_16 8_17 9_15,0.481481,0.481481,0.428571,,0.428571,0.379310,0.428571,0.379310,0.025641,0.481481
2025-06-11,B5: B2+B3,19,0.368421,0.350000,4_10 4_9 5_15 5_9 7_8 9_15 9_16,2_4 3_10 3_13 3_14 3_7 3_9 5_7 5_8 6_14 6_15 6_6 7_16 9_14,10_15 2_5 3_15 4_5 5_14 6_2 6_4 6_7 7_15 7_3 8_16 8_17,0.818182,0.538462,0.379310,0.428571,,0.600000,0.739130,0.600000,0.025641,0.739130
2025-06-11,B4: B1+B3,19,0.368421,0.350000,4_10 4_9 5_9 6_7 7_15 7_8 9_15,2_4 3_10 3_11 3_14 3_7 4_8 5_7 5_8 6_14 6_15 7_16 8_15 9_14,10_15 2_5 3_15 4_5 5_14 5_15 6_2 6_4 7_3 8_16 8_17 9_16,0.538462,0.739130,0.481481,0.379310,0.600000,,0.428571,0.818182,0.000000,0.538462
2025-06-11,B2: Recent MA,19,0.315789,0.300000,4_10 4_9 5_15 5_9 7_8 9_16,10_16 2_4 3_10 3_13 3_14 3_6 3_7 3_9 5_8 6_14 6_15 6_5 6_6 9_14,10_15 2_5 3_15 4_5 5_14 6_2 6_4 6_7 7_15 7_3 8_16 8_17 9_15,0.818182,0.428571,0.290323,0.428571,0.739130,0.428571,,0.428571,0.025641,0.818182
2025-06-11,B3: DoY season,19,0.368421,0.350000,4_10 4_9 5_9 6_7 7_15 7_8 9_15,2_4 3_10 3_14 3_7 3_8 5_7 5_8 6_13 6_14 6_15 7_16 8_15 9_14,10_15 2_5 3_15 4_5 5_14 5_15 6_2 6_4 7_3 8_16 8_17 9_16,0.481481,0.600000,0.379310,0.379310,0.600000,0.818182,0.428571,,0.000000,0.481481
2025-06-11,B0: Random,19,0.052632,0.050000,9_16,11_16 11_7 11_9 1_0 1_5 2_0 2_13 2_2 2_6 3_18 4_0 4_15 5_11 6_1 7_11 7_14 7_6 9_11 9_12,10_15 2_5 3_15 4_10 4_5 4_9 5_14 5_15 5_9 6_2 6_4 6_7 7_15 7_3 7_8 8_16 8_17 9_15,0.025641,0.025641,0.025641,0.025641,0.025641,0.000000,0.025641,0.000000,,0.025641
2025-06-12,GLM-Logit,18,0.388889,0.350000,3_10 3_6 3_9 4_10 4_9 7_8 9_16,2_4 3_11 3_13 3_14 3_7 5_15 5_8 5_9 6_14 6_15 6_6 6_7 9_14,3_15 4_15 4_8 5_14 5_3 6_12 6_8 7_15 7_5 9_10 9_15,0.904762,0.538462,0.428571,0.428571,0.818182,0.600000,0.739130,0.538462,0.025641,
2025-06-12,HierBayes,18,0.388889,0.350000,3_10 3_6 3_9 4_10 4_9 7_8 9_16,2_4 3_13 3_14 3_7 5_15 5_8 5_9 6_14 6_15 6_5 6_6 6_7 9_14,3_15 4_15 4_8 5_14 5_3 6_12 6_8 7_15 7_5 9_10 9_15,,0.481481,0.379310,0.428571,0.818182,0.538462,0.818182,0.538462,0.052632,0.904762
2025-06-12,B1: Static prior,18,0.500000,0.450000,3_10 4_10 4_8 4_9 5_14 7_15 7_8 9_15 9_16,3_11 3_14 5_15 5_8 5_9 6_14 6_15 6_7 7_16 8_15 9_14,3_15 3_6 3_9 4_15 5_3 6_12 6_8 7_5 9_10,0.481481,,0.538462,0.481481,0.600000,0.818182,0.428571,0.739130,0.025641,0.538462
2025-06-12,TTM,18,0.555556,0.500000,3_10 3_9 4_10 4_9 5_14 7_15 7_5 7_8 9_15 9_16,10_16 3_11 3_13 3_14 5_9 6_15 6_4 7_16 8_8 9_14,3_15 3_6 4_15 4_8 5_3 6_12 6_8 9_10,0.379310,0.538462,,0.428571,0.481481,0.481481,0.481481,0.428571,0.052632,0.428571
2025-06-12,ET,18,0.444444,0.400000,3_10 3_9 4_10 4_8 4_9 5_14 7_8 9_16,3_13 3_14 5_4 5_9 6_13 6_14 6_15 6_3 8_15 8_6 8_9 9_14,3_15 3_6 4_15 5_3 6_12 6_8 7_15 7_5 9_10 9_15,0.428571,0.481481,0.428571,,0.428571,0.428571,0.428571,0.428571,0.025641,0.428571
2025-06-12,B5: B2+B3,18,0.388889,0.350000,3_10 3_9 4_10 4_9 7_8 9_15 9_16,2_4 3_13 3_14 3_7 5_15 5_8 5_9 6_14 6_15 6_6 6_7 7_16 9_14,3_15 3_6 4_15 4_8 5_14 5_3 6_12 6_8 7_15 7_5 9_10,0.818182,0.600000,0.481481,0.428571,,0.666667,0.739130,0.666667,0.025641,0.818182
2025-06-12,B4: B1+B3,18,0.444444,0.400000,3_10 4_10 4_8 4_9 7_15 7_8 9_15 9_16,2_4 3_11 3_14 3_7 5_8 5_9 6_14 6_15 6_7 7_16 8_15 9_14,3_15 3_6 3_9 4_15 5_14 5_3 6_12 6_8 7_5 9_10,0.538462,0.818182,0.481481,0.428571,0.666667,,0.481481,0.904762,0.025641,0.600000
2025-06-12,B2: Recent MA,18,0.333333,0.300000,3_10 3_9 4_10 4_9 7_8 9_16,10_16 2_4 3_13 3_14 3_7 5_15 5_9 6_14 6_15 6_4 6_5 6_6 6_7 9_14,3_15 3_6 4_15 4_8 5_14 5_3 6_12 6_8 7_15 7_5 9_10 9_15,0.818182,0.428571,0.481481,0.428571,0.739130,0.481481,,0.481481,0.081081,0.739130
2025-06-12,B3: DoY season,18,0.444444,0.400000,3_10 4_10 4_8 4_9 7_15 7_8 9_15 9_16,2_4 3_14 3_7 3_8 5_8 5_9 6_14 6_15 6_7 7_16 8_15 9_14,3_15 3_6 3_9 4_15 5_14 5_3 6_12 6_8 7_5 9_10,0.538462,0.739130,0.428571,0.428571,0.666667,0.904762,0.481481,,0.025641,0.538462
2025-06-12,B0: Random,18,0.055556,0.050000,6_12,0_11 0_2 0_3 10_16 12_5 1_18 1_4 2_18 4_13 4_17 4_19 4_7 5_11 6_1 6_19 6_5 8_10 9_1 9_14,3_10 3_15 3_6 3_9 4_10 4_15 4_8 4_9 5_14 5_3 6_8 7_15 7_5 7_8 9_10 9_15 9_16,0.052632,0.025641,0.052632,0.025641,0.025641,0.025641,0.081081,0.025641,,0.025641
2025-06-13,GLM-Logit,19,0.315789,0.300000,2_4 3_9 4_10 5_8 7_8 9_16,3_10 3_13 3_14 3_6 3_7 4_9 5_14 5_15 5_9 6_14 6_15 6_6 6_7 9_14,10_16 1_12 2_15 3_15 4_7 4_8 5_16 6_3 6_4 7_16 8_8 9_15 9_17,0.904762,0.538462,0.379310,0.481481,0.818182,0.538462,0.666667,0.538462,0.052632,
2025-06-13,HierBayes,19,0.368421,0.350000,2_4 3_9 4_10 4_8 5_8 7_8 9_16,3_10 3_13 3_14 3_6 3_7 4_9 5_14 5_15 5_9 6_14 6_15 6_6 6_7,10_16 1_12 2_15 3_15 4_7 5_16 6_3 6_4 7_16 8_8 9_15 9_17,,0.538462,0.379310,0.481481,0.739130,0.538462,0.666667,0.481481,0.052632,0.904762
2025-06-13,B1: Static prior,19,0.368421,0.350000,4_10 4_8 5_8 7_16 7_8 9_15 9_16,3_10 3_11 3_14 4_9 5_14 5_15 5_9 6_14 6_15 6_7 7_15 8_15 9_14,10_16 1_12 2_15 2_4 3_15 3_9 4_7 5_16 6_3 6_4 8_8 9_17,0.538462,,0.739130,0.481481,0.600000,0.818182,0.379310,0.600000,0.052632,0.538462
2025-06-13,TTM,19,0.421053,0.400000,4_10 4_8 6_4 7_16 7_8 8_8 9_15 9_16,3_10 3_11 3_14 4_9 5_14 5_9 6_15 6_7 7_15 7_5 8_15 9_14,10_16 1_12 2_15 2_4 3_15 3_9 4_7 5_16 5_8 6_3 9_17,0.379310,0.739130,,0.428571,0.428571,0.666667,0.333333,0.481481,0.025641,0.379310
2025-06-13,ET,19,0.315789,0.300000,3_9 4_10 4_8 6_3 7_8 9_16,3_10 3_13 3_14 4_9 5_14 5_4 5_9 6_13 6_14 6_15 8_15 8_6 8_9 9_14,10_16 1_12 2_15 2_4 3_15 4_7 5_16 5_8 6_4 7_16 8_8 9_15 9_17,0.481481,0.481481,0.428571,,0.428571,0.428571,0.333333,0.379310,0.052632,0.481481
2025-06-13,B5: B2+B3,19,0.421053,0.400000,2_4 3_9 4_10 5_8 7_16 7_8 9_15 9_16,3_10 3_13 3_14 3_7 4_9 5_15 5_9 6_14 6_15 6_6 6_7 9_14,10_16 1_12 2_15 3_15 4_7 4_8 5_16 6_3 6_4 8_8 9_17,0.739130,0.600000,0.428571,0.428571,,0.666667,0.666667,0.666667,0.052632,0.818182
2025-06-13,B4: B1+B3,19,0.421053,0.400000,2_4 4_10 4_8 5_8 7_16 7_8 9_15 9_16,3_10 3_11 3_14 3_7 4_9 5_9 6_14 6_15 6_7 7_15 8_15 9_14,10_16 1_12 2_15 3_15 3_9 4_7 5_16 6_3 6_4 8_8 9_17,0.538462,0.818182,0.666667,0.428571,0.666667,,0.428571,0.739130,0.052632,0.538462
2025-06-13,B2: Recent MA,19,0.421053,0.400000,10_16 2_4 3_9 4_10 6_4 7_8 9_15 9_16,3_10 3_13 3_6 3_7 4_9 5_15 5_9 6_14 6_15 6_5 6_6 6_7,1_12 2_15 3_15 4_7 4_8 5_16 5_8 6_3 7_16 8_8 9_17,0.666667,0.379310,0.333333,0.333333,0.666667,0.428571,,0.428571,0.052632,0.666667
2025-06-13,B3: DoY season,19,0.368421,0.350000,2_4 4_10 5_8 7_16 7_8 9_15 9_16,3_10 3_14 3_7 3_8 4_15 4_9 5_9 6_14 6_15 6_6 7_15 8_15 9_14,10_16 1_12 2_15 3_15 3_9 4_7 4_8 5_16 6_3 6_4 8_8 9_17,0.481481,0.600000,0.481481,0.379310,0.666667,0.739130,0.428571,,0.052632,0.538462
2025-06-13,B0: Random,19,0.000000,0.000000,,0_7 10_5 11_11 12_1 12_13 1_1 1_16 1_5 1_6 3_3 3_4 3_5 4_18 4_4 4_9 6_14 7_2 8_12 8_7 9_6,10_16 1_12 2_15 2_4 3_15 3_9 4_10 4_7 4_8 5_16 5_8 6_3 6_4 7_16 7_8 8_8 9_15 9_16 9_17,0.052632,0.052632,0.025641,0.052632,0.052632,0.052632,0.052632,0.052632,,0.052632
2025-06-14,GLM-Logit,13,0.384615,0.250000,2_4 3_13 3_9 4_9 9_16,3_10 3_14 3_6 3_7 4_10 4_8 5_15 5_8 5_9 6_14 6_15 6_6 6_7 7_8 9_15,2_3 3_15 5_13 6_4 7_15 7_2 8_16 9_10,0.904762,0.538462,0.333333,0.428571,0.818182,0.600000,0.666667,0.600000,0.025641,
2025-06-14,HierBayes,13,0.461538,0.300000,2_4 3_13 3_15 3_9 4_9 9_16,3_10 3_14 3_6 3_7 4_10 4_8 5_15 5_8 5_9 6_15 6_6 6_7 7_8 9_15,2_3 5_13 6_4 7_15 7_2 8_16 9_10,,0.481481,0.333333,0.379310,0.739130,0.538462,0.666667,0.538462,0.025641,0.904762
2025-06-14,B1: Static prior,13,0.230769,0.150000,4_9 7_15 9_16,3_10 3_11 3_14 4_10 4_8 5_14 5_15 5_8 5_9 6_14 6_15 6_7 7_16 7_8 8_15 9_14 9_15,2_3 2_4 3_13 3_15 3_9 5_13 6_4 7_2 8_16 9_10,0.481481,,0.600000,0.481481,0.600000,0.818182,0.379310,0.739130,0.025641,0.538462
2025-06-14,TTM,13,0.307692,0.200000,3_9 4_9 7_15 9_16,3_10 3_11 4_10 4_8 5_14 5_8 5_9 6_15 6_3 7_16 7_3 7_5 8_15 8_8 9_14 9_15,2_3 2_4 3_13 3_15 5_13 6_4 7_2 8_16 9_10,0.333333,0.600000,,0.428571,0.428571,0.538462,0.333333,0.481481,0.000000,0.333333
2025-06-14,ET,13,0.307692,0.200000,3_13 3_9 4_9 9_16,3_10 3_14 4_10 4_8 5_14 5_4 5_9 6_13 6_14 6_15 6_3 7_8 8_15 8_6 8_9 9_14,2_3 2_4 3_15 5_13 6_4 7_15 7_2 8_16 9_10,0.379310,0.481481,0.428571,,0.481481,0.428571,0.333333,0.428571,0.081081,0.428571
2025-06-14,B5: B2+B3,13,0.384615,0.250000,2_4 3_13 3_9 4_9 9_16,3_10 3_14 3_7 4_10 4_8 5_15 5_8 5_9 6_14 6_15 6_6 7_16 7_8 9_14 9_15,2_3 3_15 5_13 6_4 7_15 7_2 8_16 9_10,0.739130,0.600000,0.428571,0.481481,,0.666667,0.600000,0.666667,0.000000,0.818182
2025-06-14,B4: B1+B3,13,0.307692,0.200000,2_4 4_9 7_15 9_16,3_10 3_11 3_14 3_7 4_10 4_8 5_8 5_9 6_14 6_15 6_7 7_16 7_8 8_15 9_14 9_15,2_3 3_13 3_15 3_9 5_13 6_4 7_2 8_16 9_10,0.538462,0.818182,0.538462,0.428571,0.666667,,0.379310,0.904762,0.025641,0.600000
2025-06-14,B2: Recent MA,13,0.461538,0.300000,2_4 3_13 3_9 4_9 6_4 9_16,10_16 3_10 3_6 3_7 4_10 5_14 5_15 5_8 5_9 6_15 6_5 6_6 7_8 9_15,2_3 3_15 5_13 7_15 7_2 8_16 9_10,0.666667,0.379310,0.333333,0.333333,0.600000,0.379310,,0.379310,0.025641,0.666667
2025-06-14,B3: DoY season,13,0.307692,0.200000,2_4 4_9 7_15 9_16,3_10 3_14 3_7 4_10 4_15 4_8 5_8 5_9 6_14 6_15 6_7 7_16 7_8 8_15 9_14 9_15,2_3 3_13 3_15 3_9 5_13 6_4 7_2 8_16 9_10,0.538462,0.739130,0.481481,0.428571,0.666667,0.904762,0.379310,,0.025641,0.600000
2025-06-14,B0: Random,13,0.076923,0.050000,6_4,0_11 0_13 0_19 0_6 10_0 10_14 11_15 11_6 12_11 1_8 1_9 2_6 3_4 4_6 5_4 6_0 6_13 6_7 8_9,2_3 2_4 3_13 3_15 3_9 4_9 5_13 7_15 7_2 8_16 9_10 9_16,0.025641,0.025641,0.000000,0.081081,0.000000,0.025641,0.025641,0.025641,,0.025641
2025-06-15,GLM-Logit,15,0.666667,0.500000,2_4 3_14 3_7 4_10 4_9 5_9 6_14 6_6 9_15 9_16,3_10 3_13 3_6 3_9 4_8 5_14 5_15 5_8 6_15 7_8,3_11 6_4 6_7 8_16 9_4,0.904762,0.538462,0.333333,0.481481,0.818182,0.600000,0.666667,0.600000,0.025641,
2025-06-15,HierBayes,15,0.666667,0.500000,2_4 3_14 3_7 4_10 4_9 5_9 6_14 6_6 9_15 9_16,3_10 3_13 3_15 3_6 3_9 4_8 5_15 5_8 6_15 7_8,3_11 6_4 6_7 8_16 9_4,,0.481481,0.290323,0.428571,0.818182,0.600000,0.739130,0.600000,0.025641,0.904762
2025-06-15,B1: Static prior,15,0.600000,0.450000,3_11 3_14 4_10 4_9 5_9 6_14 6_7 9_15 9_16,3_10 4_8 5_14 5_15 5_8 6_15 7_15 7_16 7_8 8_15 9_14,2_4 3_7 6_4 6_6 8_16 9_4,0.481481,,0.600000,0.481481,0.600000,0.739130,0.333333,0.666667,0.025641,0.538462
2025-06-15,TTM,15,0.533333,0.400000,3_11 4_10 4_9 5_9 6_4 8_16 9_15 9_16,10_17 3_10 5_14 5_8 6_15 7_15 7_16 7_5 7_8 8_15 8_8 9_14,2_4 3_14 3_7 6_14 6_6 6_7 9_4,0.290323,0.600000,,0.333333,0.379310,0.538462,0.333333,0.481481,0.000000,0.333333
2025-06-15,ET,15,0.400000,0.300000,3_14 4_10 4_9 5_9 6_14 9_16,3_10 3_13 3_9 4_8 5_14 5_4 6_13 6_15 6_3 7_8 8_15 8_6 8_9 9_14,2_4 3_11 3_7 6_4 6_6 6_7 8_16 9_15 9_4,0.428571,0.481481,0.333333,,0.481481,0.481481,0.290323,0.428571,0.025641,0.481481
2025-06-15,B5: B2+B3,15,0.666667,0.500000,2_4 3_14 3_7 4_10 4_9 5_9 6_14 6_6 9_15 9_16,3_10 3_13 3_9 4_8 5_15 5_8 6_15 7_16 7_8 9_14,3_11 6_4 6_7 8_16 9_4,0.818182,0.600000,0.379310,0.481481,,0.739130,0.600000,0.739130,0.025641,0.818182
2025-06-15,B4: B1+B3,15,0.666667,0.500000,2_4 3_11 3_14 3_7 4_10 4_9 5_9 6_14 9_15 9_16,3_10 3_13 4_8 5_8 6_15 7_15 7_16 7_8 8_15 9_14,6_4 6_6 6_7 8_16 9_4,0.600000,0.739130,0.538462,0.481481,0.739130,,0.428571,0.818182,0.025641,0.600000
2025-06-15,B2: Recent MA,15,0.600000,0.450000,2_4 3_7 4_10 4_9 5_9 6_4 6_6 9_15 9_16,10_16 3_10 3_13 3_15 3_6 3_9 5_15 5_8 6_15 6_5 7_8,3_11 3_14 6_14 6_7 8_16 9_4,0.739130,0.333333,0.333333,0.290323,0.600000,0.428571,,0.428571,0.025641,0.666667
2025-06-15,B3: DoY season,15,0.666667,0.500000,2_4 3_14 3_7 4_10 4_9 5_9 6_14 6_6 9_15 9_16,3_10 4_15 4_8 5_8 6_15 7_15 7_16 7_8 8_15 9_14,3_11 6_4 6_7 8_16 9_4,0.600000,0.666667,0.481481,0.428571,0.739130,0.818182,0.428571,,0.052632,0.600000
2025-06-15,B0: Random,15,0.066667,0.050000,6_14,0_10 0_11 0_7 10_4 11_10 1_2 1_6 2_15 2_3 3_4 4_14 4_15 4_7 5_1 5_2 6_12 6_5 9_18 9_9,2_4 3_11 3_14 3_7 4_10 4_9 5_9 6_4 6_6 6_7 8_16 9_15 9_16 9_4,0.025641,0.025641,0.000000,0.025641,0.025641,0.025641,0.025641,0.052632,,0.025641
2025-06-16,GLM-Logit,13,0.461538,0.300000,2_4 3_13 3_14 6_15 6_4 9_15,3_10 3_6 3_7 3_9 4_10 4_8 4_9 5_15 5_8 5_9 6_14 6_7 7_8 9_16,10_14 10_15 11_16 5_13 6_5 8_17 8_6,0.818182,0.538462,0.379310,0.428571,0.739130,0.666667,0.666667,0.600000,0.052632,
2025-06-16,HierBayes,13,0.384615,0.250000,2_4 3_13 6_15 6_4 9_15,3_10 3_15 3_6 3_7 3_9 4_10 4_8 4_9 5_15 5_8 5_9 6_14 6_6 7_8 9_16,10_14 10_15 11_16 3_14 5_13 6_5 8_17 8_6,,0.428571,0.333333,0.379310,0.739130,0.538462,0.818182,0.538462,0.025641,0.818182
2025-06-16,B1: Static prior,13,0.230769,0.150000,3_14 6_15 9_15,3_10 3_11 4_10 4_8 4_9 5_14 5_15 5_8 5_9 6_14 6_7 7_15 7_16 7_8 8_15 9_14 9_16,10_14 10_15 11_16 2_4 3_13 5_13 6_4 6_5 8_17 8_6,0.428571,,0.666667,0.481481,0.538462,0.739130,0.333333,0.600000,0.052632,0.538462
2025-06-16,TTM,13,0.230769,0.150000,6_15 6_4 9_15,10_17 3_10 3_11 4_10 4_8 4_9 5_14 5_8 5_9 6_3 6_7 7_15 7_16 8_15 8_8 9_14 9_16,10_14 10_15 11_16 2_4 3_13 3_14 5_13 6_5 8_17 8_6,0.333333,0.666667,,0.379310,0.379310,0.538462,0.290323,0.428571,0.052632,0.379310
2025-06-16,ET,13,0.307692,0.200000,3_13 3_14 6_15 8_6,3_10 3_9 4_10 4_8 4_9 5_14 5_4 5_9 6_13 6_14 6_3 7_8 8_15 8_9 9_14 9_16,10_14 10_15 11_16 2_4 5_13 6_4 6_5 8_17 9_15,0.379310,0.481481,0.379310,,0.428571,0.481481,0.290323,0.481481,0.025641,0.428571
2025-06-16,B5: B2+B3,13,0.461538,0.300000,2_4 3_13 3_14 6_15 6_4 9_15,3_10 3_7 3_9 4_10 4_9 5_15 5_8 5_9 6_14 6_6 7_16 7_8 9_14 9_16,10_14 10_15 11_16 5_13 6_5 8_17 8_6,0.739130,0.538462,0.379310,0.428571,,0.666667,0.666667,0.666667,0.052632,0.739130
2025-06-16,B4: B1+B3,13,0.384615,0.250000,2_4 3_13 3_14 6_15 9_15,3_10 3_7 4_10 4_8 4_9 5_8 5_9 6_14 6_7 7_15 7_16 7_8 8_15 9_14 9_16,10_14 10_15 11_16 5_13 6_4 6_5 8_17 8_6,0.538462,0.739130,0.538462,0.481481,0.666667,,0.428571,0.818182,0.025641,0.666667
2025-06-16,B2: Recent MA,13,0.461538,0.300000,2_4 3_13 6_15 6_4 6_5 9_15,10_16 3_10 3_15 3_6 3_7 3_9 4_10 4_9 5_15 5_8 5_9 6_6 7_8 9_16,10_14 10_15 11_16 3_14 5_13 8_17 8_6,0.818182,0.333333,0.290323,0.290323,0.666667,0.428571,,0.428571,0.025641,0.666667
2025-06-16,B3: DoY season,13,0.384615,0.250000,2_4 3_13 3_14 6_15 9_15,3_10 3_7 3_8 4_10 4_15 4_8 4_9 5_8 5_9 6_14 7_16 7_8 8_15 9_14 9_16,10_14 10_15 11_16 5_13 6_4 6_5 8_17 8_6,0.538462,0.600000,0.428571,0.481481,0.666667,0.818182,0.428571,,0.025641,0.600000
2025-06-16,B0: Random,13,0.230769,0.150000,11_16 3_14 6_4,10_1 11_18 11_19 11_2 11_5 2_11 3_11 3_16 3_17 5_0 5_5 7_14 8_10 9_11 9_12 9_2 9_4,10_14 10_15 2_4 3_13 5_13 6_15 6_5 8_17 8_6 9_15,0.025641,0.052632,0.052632,0.025641,0.052632,0.025641,0.025641,0.025641,,0.052632
2025-06-17,GLM-Logit,17,0.529412,0.450000,2_4 3_10 3_13 4_8 5_8 5_9 7_8 9_15 9_16,3_11 3_14 3_6 3_9 4_10 4_9 5_15 6_14 6_15 6_4 6_7,2_14 3_15 3_5 3_7 4_7 7_14 7_15 9_14,0.818182,0.600000,0.428571,0.428571,0.739130,0.600000,0.739130,0.538462,0.052632,
2025-06-17,HierBayes,17,0.588235,0.500000,2_4 3_10 3_13 3_15 4_8 5_8 5_9 7_8 9_15 9_16,3_14 3_6 3_9 4_10 4_9 5_15 6_14 6_15 6_4 6_5,2_14 3_5 3_7 4_7 7_14 7_15 9_14,,0.481481,0.333333,0.428571,0.739130,0.538462,0.818182,0.538462,0.052632,0.818182
2025-06-17,B1: Static prior,17,0.529412,0.450000,3_10 4_8 5_8 5_9 7_15 7_8 9_14 9_15 9_16,3_11 3_14 4_10 4_9 5_14 5_15 6_14 6_15 6_7 7_16 8_15,2_14 2_4 3_13 3_15 3_5 3_7 4_7 7_14,0.481481,,0.600000,0.481481,0.600000,0.739130,0.428571,0.600000,0.000000,0.600000
2025-06-17,TTM,17,0.470588,0.400000,3_10 4_8 5_8 5_9 7_15 9_14 9_15 9_16,3_11 3_12 3_9 4_10 4_9 5_14 6_15 6_3 6_6 6_7 8_15 8_8,2_14 2_4 3_13 3_15 3_5 3_7 4_7 7_14 7_8,0.333333,0.600000,,0.428571,0.379310,0.481481,0.333333,0.428571,0.000000,0.428571
2025-06-17,ET,17,0.411765,0.350000,3_10 3_13 4_8 5_9 7_8 9_14 9_16,3_14 3_9 4_10 4_9 5_14 5_4 6_13 6_14 6_15 6_3 8_15 8_6 8_9,2_14 2_4 3_15 3_5 3_7 4_7 5_8 7_14 7_15 9_15,0.428571,0.481481,0.428571,,0.481481,0.481481,0.379310,0.481481,0.052632,0.428571
2025-06-17,B5: B2+B3,17,0.647059,0.550000,2_4 3_10 3_13 3_7 4_8 5_8 5_9 7_8 9_14 9_15 9_16,3_14 3_9 4_10 4_9 5_15 6_14 6_15 6_4 7_16,2_14 3_15 3_5 4_7 7_14 7_15,0.739130,0.600000,0.379310,0.481481,,0.739130,0.666667,0.739130,0.052632,0.739130
2025-06-17,B4: B1+B3,17,0.705882,0.600000,2_4 3_10 3_13 3_7 4_8 5_8 5_9 7_15 7_8 9_14 9_15 9_16,3_11 3_14 4_10 4_9 6_14 6_15 7_16 8_15,2_14 3_15 3_5 4_7 7_14,0.538462,0.739130,0.481481,0.481481,0.739130,,0.481481,0.818182,0.052632,0.600000
2025-06-17,B2: Recent MA,17,0.470588,0.400000,2_4 3_10 3_13 5_8 5_9 7_8 9_15 9_16,10_16 3_14 3_6 3_9 4_10 4_9 5_15 6_14 6_15 6_4 6_5 6_6,2_14 3_15 3_5 3_7 4_7 4_8 7_14 7_15 9_14,0.818182,0.428571,0.333333,0.379310,0.666667,0.481481,,0.538462,0.052632,0.739130
2025-06-17,B3: DoY season,17,0.647059,0.550000,2_4 3_10 3_13 3_7 4_8 5_8 5_9 7_8 9_14 9_15 9_16,3_14 4_10 4_15 4_9 6_14 6_15 6_6 7_16 8_15,2_14 3_15 3_5 4_7 7_14 7_15,0.538462,0.600000,0.428571,0.481481,0.739130,0.818182,0.538462,,0.052632,0.538462
2025-06-17,B0: Random,17,0.235294,0.200000,2_4 3_13 3_5 4_7,10_7 11_12 11_7 12_12 12_16 1_11 3_8 4_1 5_0 5_11 5_16 5_3 6_2 8_9 9_7 9_9,2_14 3_10 3_15 3_7 4_8 5_8 5_9 7_14 7_15 7_8 9_14 9_15 9_16,0.052632,0.000000,0.000000,0.052632,0.052632,0.052632,0.052632,0.052632,,0.052632
2025-06-18,GLM-Logit,16,0.312500,0.250000,3_7 4_9 5_15 9_15 9_16,2_4 3_10 3_13 3_15 3_6 3_9 4_10 4_8 5_8 5_9 6_14 6_15 6_4 7_8 9_14,1_3 3_14 3_5 4_5 6_9 7_3 7_5 8_15 8_7 8_8 9_2,0.904762,0.481481,0.428571,0.428571,0.818182,0.600000,0.904762,0.600000,0.025641,
2025-06-18,HierBayes,16,0.375000,0.300000,3_5 3_7 4_9 5_15 9_15 9_16,2_4 3_10 3_13 3_15 3_6 3_9 4_10 4_8 5_8 5_9 6_14 6_15 6_4 7_8,1_3 3_14 4_5 6_9 7_3 7_5 8_15 8_7 8_8 9_2,,0.428571,0.379310,0.379310,0.739130,0.538462,0.818182,0.538462,0.025641,0.904762
2025-06-18,B1: Static prior,16,0.375000,0.300000,3_14 4_9 5_15 8_15 9_15 9_16,3_10 3_11 4_10 4_8 5_14 5_8 5_9 6_14 6_15 6_7 7_15 7_16 7_8 9_14,1_3 3_5 3_7 4_5 6_9 7_3 7_5 8_7 8_8 9_2,0.428571,,0.538462,0.481481,0.600000,0.739130,0.481481,0.600000,0.052632,0.481481
2025-06-18,TTM,16,0.250000,0.200000,4_9 8_8 9_15 9_16,10_17 3_10 3_11 3_12 3_9 4_10 5_14 5_8 5_9 6_14 6_15 6_4 7_15 7_16 8_5 9_14,1_3 3_14 3_5 3_7 4_5 5_15 6_9 7_3 7_5 8_15 8_7 9_2,0.379310,0.538462,,0.333333,0.481481,0.481481,0.428571,0.379310,0.025641,0.428571
2025-06-18,ET,16,0.250000,0.200000,3_14 4_9 8_15 9_16,3_10 3_13 3_9 4_10 4_8 5_14 5_4 5_9 6_13 6_14 6_15 6_3 7_8 8_6 8_9 9_14,1_3 3_5 3_7 4_5 5_15 6_9 7_3 7_5 8_7 8_8 9_15 9_2,0.379310,0.481481,0.333333,,0.481481,0.481481,0.428571,0.481481,0.025641,0.428571
2025-06-18,B5: B2+B3,16,0.375000,0.300000,3_14 3_7 4_9 5_15 9_15 9_16,2_4 3_10 3_13 3_9 4_10 4_8 5_8 5_9 6_14 6_15 6_4 7_16 7_8 9_14,1_3 3_5 4_5 6_9 7_3 7_5 8_15 8_7 8_8 9_2,0.739130,0.600000,0.481481,0.481481,,0.739130,0.739130,0.739130,0.025641,0.818182
2025-06-18,B4: B1+B3,16,0.375000,0.300000,3_14 3_7 4_9 8_15 9_15 9_16,2_4 3_10 3_11 3_13 4_10 4_8 5_8 5_9 6_14 6_15 7_15 7_16 7_8 9_14,1_3 3_5 4_5 5_15 6_9 7_3 7_5 8_7 8_8 9_2,0.538462,0.739130,0.481481,0.481481,0.739130,,0.538462,0.818182,0.052632,0.600000
2025-06-18,B2: Recent MA,16,0.250000,0.200000,4_9 5_15 9_15 9_16,2_4 3_10 3_13 3_15 3_6 3_9 4_10 4_8 5_8 5_9 6_14 6_15 6_4 6_5 7_8 9_14,1_3 3_14 3_5 3_7 4_5 6_9 7_3 7_5 8_15 8_7 8_8 9_2,0.818182,0.481481,0.428571,0.428571,0.739130,0.538462,,0.538462,0.025641,0.904762
2025-06-18,B3: DoY season,16,0.375000,0.300000,3_14 3_7 4_9 8_15 9_15 9_16,2_4 3_10 3_13 4_10 4_15 4_8 5_8 5_9 6_14 6_15 6_6 7_16 7_8 9_14,1_3 3_5 4_5 5_15 6_9 7_3 7_5 8_7 8_8 9_2,0.538462,0.600000,0.379310,0.481481,0.739130,0.818182,0.538462,,0.052632,0.600000
2025-06-18,B0: Random,16,0.125000,0.100000,8_15 9_15,0_10 0_14 0_6 10_11 10_19 12_18 12_4 1_9 2_11 3_0 4_11 4_4 5_16 6_2 7_14 8_0 9_1 9_9,1_3 3_14 3_5 3_7 4_5 4_9 5_15 6_9 7_3 7_5 8_7 8_8 9_16 9_2,0.025641,0.052632,0.025641,0.025641,0.025641,0.052632,0.025641,0.052632,,0.025641
2025-06-19,GLM-Logit,24,0.333333,0.400000,3_10 3_13 3_6 6_14 6_4 7_8 9_14 9_15,2_4 3_15 3_7 3_9 4_10 4_8 4_9 5_15 5_8 5_9 6_15 9_16,2_13 3_14 3_5 4_15 5_6 6_2 6_9 7_15 7_16 7_4 7_5 8_16 8_5 8_6 8_7 9_4,0.904762,0.481481,0.481481,0.428571,0.818182,0.600000,0.818182,0.538462,0.081081,
2025-06-19,HierBayes,24,0.333333,0.400000,3_10 3_13 3_5 3_6 6_14 6_4 7_8 9_15,2_4 3_15 3_7 3_9 4_10 4_8 4_9 5_15 5_8 5_9 6_15 9_16,2_13 3_14 4_15 5_6 6_2 6_9 7_15 7_16 7_4 7_5 8_16 8_5 8_6 8_7 9_14 9_4,,0.428571,0.428571,0.379310,0.739130,0.538462,0.904762,0.481481,0.052632,0.904762
2025-06-19,B1: Static prior,24,0.333333,0.400000,3_10 3_14 6_14 7_15 7_16 7_8 9_14 9_15,3_11 4_10 4_8 4_9 5_14 5_15 5_8 5_9 6_15 6_7 8_15 9_16,2_13 3_13 3_5 3_6 4_15 5_6 6_2 6_4 6_9 7_4 7_5 8_16 8_5 8_6 8_7 9_4,0.428571,,0.739130,0.481481,0.600000,0.739130,0.428571,0.538462,0.081081,0.481481
2025-06-19,TTM,24,0.291667,0.350000,3_10 3_6 6_4 7_15 7_16 9_14 9_15,3_11 4_10 4_8 4_9 5_14 5_15 5_8 5_9 6_15 6_7 8_15 8_8 9_16,2_13 3_13 3_14 3_5 4_15 5_6 6_14 6_2 6_9 7_4 7_5 7_8 8_16 8_5 8_6 8_7 9_4,0.428571,0.739130,,0.333333,0.481481,0.538462,0.379310,0.379310,0.081081,0.481481
2025-06-19,ET,24,0.291667,0.350000,3_10 3_13 3_14 6_14 7_8 8_6 9_14,3_9 4_10 4_8 4_9 5_14 5_4 5_9 6_13 6_15 6_3 8_15 8_9 9_16,2_13 3_5 3_6 4_15 5_6 6_2 6_4 6_9 7_15 7_16 7_4 7_5 8_16 8_5 8_7 9_15 9_4,0.379310,0.481481,0.333333,,0.481481,0.481481,0.379310,0.428571,0.052632,0.428571
2025-06-19,B5: B2+B3,24,0.375000,0.450000,3_10 3_13 3_14 6_14 6_4 7_16 7_8 9_14 9_15,2_4 3_7 3_9 4_10 4_8 4_9 5_15 5_8 5_9 6_15 9_16,2_13 3_5 3_6 4_15 5_6 6_2 6_9 7_15 7_4 7_5 8_16 8_5 8_6 8_7 9_4,0.739130,0.600000,0.481481,0.481481,,0.739130,0.739130,0.666667,0.081081,0.818182
2025-06-19,B4: B1+B3,24,0.375000,0.450000,3_10 3_13 3_14 6_14 7_15 7_16 7_8 9_14 9_15,2_4 3_11 3_7 4_10 4_8 4_9 5_8 5_9 6_15 8_15 9_16,2_13 3_5 3_6 4_15 5_6 6_2 6_4 6_9 7_4 7_5 8_16 8_5 8_6 8_7 9_4,0.538462,0.739130,0.538462,0.481481,0.739130,,0.538462,0.739130,0.052632,0.600000
2025-06-19,B2: Recent MA,24,0.291667,0.350000,3_10 3_13 3_5 6_14 6_4 7_8 9_15,2_4 3_15 3_7 3_9 4_10 4_8 4_9 5_15 5_8 5_9 6_15 6_5 9_16,2_13 3_14 3_6 4_15 5_6 6_2 6_9 7_15 7_16 7_4 7_5 8_16 8_5 8_6 8_7 9_14 9_4,0.904762,0.428571,0.379310,0.379310,0.739130,0.538462,,0.481481,0.052632,0.818182
2025-06-19,B3: DoY season,24,0.416667,0.500000,3_10 3_13 3_14 4_15 6_14 7_16 7_8 8_16 9_14 9_15,2_4 3_7 4_10 4_8 4_9 5_8 5_9 6_6 8_15 9_16,2_13 3_5 3_6 5_6 6_2 6_4 6_9 7_15 7_4 7_5 8_5 8_6 8_7 9_4,0.481481,0.538462,0.379310,0.428571,0.666667,0.739130,0.481481,,0.052632,0.538462
2025-06-19,B0: Random,24,0.083333,0.100000,7_5 9_14,0_1 0_8 10_10 10_16 10_17 10_18 12_10 1_10 1_17 2_15 2_2 3_4 4_12 5_15 5_2 5_4 5_8 7_3,2_13 3_10 3_13 3_14 3_5 3_6 4_15 5_6 6_14 6_2 6_4 6_9 7_15 7_16 7_4 7_8 8_16 8_5 8_6 8_7 9_15 9_4,0.052632,0.081081,0.081081,0.052632,0.081081,0.052632,0.052632,0.052632,,0.081081
2025-06-20,GLM-Logit,19,0.684211,0.650000,3_10 3_14 3_15 3_7 3_9 4_9 5_8 6_14 6_15 6_4 9_14 9_15 9_16,2_4 3_13 4_10 4_8 5_15 5_9 7_8,10_14 3_12 4_15 5_4 7_16 8_2,0.818182,0.538462,0.428571,0.481481,0.904762,0.600000,0.904762,0.538462,0.052632,
2025-06-20,HierBayes,19,0.578947,0.550000,3_10 3_15 3_7 3_9 4_9 5_8 6_15 6_4 9_14 9_15 9_16,2_4 3_13 3_5 3_6 4_10 4_8 5_15 5_9 7_8,10_14 3_12 3_14 4_15 5_4 6_14 7_16 8_2,,0.428571,0.428571,0.379310,0.739130,0.538462,0.739130,0.481481,0.052632,0.818182
2025-06-20,B1: Static prior,19,0.526316,0.500000,3_10 3_14 4_9 5_8 6_14 6_15 7_16 9_14 9_15 9_16,3_11 4_10 4_8 5_14 5_15 5_9 6_7 7_15 7_8 8_15,10_14 3_12 3_15 3_7 3_9 4_15 5_4 6_4 8_2,0.428571,,0.739130,0.481481,0.600000,0.739130,0.538462,0.538462,0.111111,0.538462
2025-06-20,TTM,19,0.473684,0.450000,3_10 4_9 5_8 6_15 6_4 7_16 9_14 9_15 9_16,3_11 4_10 5_14 5_15 5_9 6_3 6_7 7_15 7_8 8_15 8_8,10_14 3_12 3_14 3_15 3_7 3_9 4_15 5_4 6_14 8_2,0.428571,0.739130,,0.379310,0.481481,0.600000,0.428571,0.428571,0.111111,0.428571
2025-06-20,ET,19,0.473684,0.450000,3_10 3_14 3_9 4_9 5_4 6_14 6_15 9_14 9_16,3_13 4_10 4_8 5_14 5_9 6_13 6_3 7_8 8_15 8_6 8_9,10_14 3_12 3_15 3_7 4_15 5_8 6_4 7_16 8_2 9_15,0.379310,0.481481,0.379310,,0.481481,0.428571,0.428571,0.428571,0.052632,0.481481
2025-06-20,B5: B2+B3,19,0.684211,0.650000,3_10 3_14 3_7 3_9 4_9 5_8 6_14 6_15 6_4 7_16 9_14 9_15 9_16,2_4 3_13 4_10 4_8 5_15 5_9 7_8,10_14 3_12 3_15 4_15 5_4 8_2,0.739130,0.600000,0.481481,0.481481,,0.666667,0.818182,0.600000,0.052632,0.904762
2025-06-20,B4: B1+B3,19,0.526316,0.500000,3_10 3_7 4_9 5_8 6_14 6_15 7_16 9_14 9_15 9_16,2_4 3_11 3_13 4_10 4_8 5_9 6_7 7_15 7_8 8_15,10_14 3_12 3_14 3_15 3_9 4_15 5_4 6_4 8_2,0.538462,0.739130,0.600000,0.428571,0.666667,,0.600000,0.739130,0.111111,0.600000
2025-06-20,B2: Recent MA,19,0.631579,0.600000,3_10 3_14 3_15 3_7 4_9 5_8 6_14 6_15 6_4 9_14 9_15 9_16,2_4 3_13 4_10 4_8 5_15 5_9 6_5 7_8,10_14 3_12 3_9 4_15 5_4 7_16 8_2,0.739130,0.538462,0.428571,0.428571,0.818182,0.600000,,0.538462,0.052632,0.904762
2025-06-20,B3: DoY season,19,0.526316,0.500000,3_10 3_7 4_15 4_9 5_8 6_14 7_16 9_14 9_15 9_16,2_4 3_11 3_13 4_10 4_8 5_9 6_6 7_8 8_15 8_6,10_14 3_12 3_14 3_15 3_9 5_4 6_15 6_4 8_2,0.481481,0.538462,0.428571,0.428571,0.600000,0.739130,0.538462,,0.081081,0.538462
2025-06-20,B0: Random,19,0.052632,0.050000,9_16,11_11 11_15 11_3 1_10 3_11 4_7 5_11 5_16 5_5 6_7 6_9 7_17 7_8 8_18 8_5 9_1 9_12 9_7 9_8,10_14 3_10 3_12 3_14 3_15 3_7 3_9 4_15 4_9 5_4 5_8 6_14 6_15 6_4 7_16 8_2 9_14 9_15,0.052632,0.111111,0.111111,0.052632,0.052632,0.111111,0.052632,0.081081,,0.052632
2025-06-21,GLM-Logit,22,0.318182,0.350000,3_7 4_9 6_14 6_15 6_4 9_15 9_16,2_4 3_10 3_13 3_14 3_15 3_9 4_10 4_8 5_15 5_8 5_9 7_8 9_14,10_14 11_16 11_17 1_12 3_5 4_12 4_15 5_16 7_1 7_15 7_16 7_9 8_15 8_6 8_7,0.904762,0.538462,0.333333,0.481481,0.904762,0.666667,1.000000,0.600000,0.052632,
2025-06-21,HierBayes,22,0.363636,0.400000,3_7 4_9 6_14 6_15 6_4 7_16 9_15 9_16,2_4 3_10 3_13 3_14 3_15 3_9 4_10 4_8 5_15 5_8 5_9 7_8,10_14 11_16 11_17 1_12 3_5 4_12 4_15 5_16 7_1 7_15 7_9 8_15 8_6 8_7,,0.538462,0.333333,0.428571,0.904762,0.666667,0.904762,0.600000,0.052632,0.904762
2025-06-21,B1: Static prior,22,0.363636,0.400000,4_9 6_14 6_15 7_15 7_16 8_15 9_15 9_16,3_10 3_11 3_14 4_10 4_8 5_14 5_15 5_8 5_9 6_7 7_8 9_14,10_14 11_16 11_17 1_12 3_5 3_7 4_12 4_15 5_16 6_4 7_1 7_9 8_6 8_7,0.538462,,0.600000,0.481481,0.600000,0.666667,0.538462,0.600000,0.025641,0.538462
2025-06-21,TTM,22,0.409091,0.450000,4_9 6_15 6_4 7_15 7_16 8_15 8_6 9_15 9_16,3_10 3_11 4_10 5_14 5_8 5_9 6_3 6_6 6_7 8_8 9_14,10_14 11_16 11_17 1_12 3_5 3_7 4_12 4_15 5_16 6_14 7_1 7_9 8_7,0.333333,0.600000,,0.379310,0.379310,0.428571,0.333333,0.428571,0.052632,0.333333
2025-06-21,ET,22,0.272727,0.300000,4_9 6_14 6_15 8_15 8_6 9_16,3_10 3_13 3_14 3_9 4_10 4_8 5_14 5_4 5_9 6_13 6_3 7_8 8_9 9_14,10_14 11_16 11_17 1_12 3_5 3_7 4_12 4_15 5_16 6_4 7_1 7_15 7_16 7_9 8_7 9_15,0.428571,0.481481,0.379310,,0.481481,0.481481,0.481481,0.428571,0.025641,0.481481
2025-06-21,B5: B2+B3,22,0.363636,0.400000,3_7 4_9 6_14 6_15 6_4 7_16 9_15 9_16,2_4 3_10 3_13 3_14 3_9 4_10 4_8 5_15 5_8 5_9 7_8 9_14,10_14 11_16 11_17 1_12 3_5 4_12 4_15 5_16 7_1 7_15 7_9 8_15 8_6 8_7,0.904762,0.600000,0.379310,0.481481,,0.739130,0.904762,0.666667,0.052632,0.904762
2025-06-21,B4: B1+B3,22,0.363636,0.400000,3_7 4_9 6_14 6_15 7_16 8_15 9_15 9_16,2_4 3_10 3_11 3_13 3_14 4_10 4_8 5_8 5_9 7_8 8_16 9_14,10_14 11_16 11_17 1_12 3_5 4_12 4_15 5_16 6_4 7_1 7_15 7_9 8_6 8_7,0.666667,0.666667,0.428571,0.481481,0.739130,,0.666667,0.904762,0.052632,0.666667
2025-06-21,B2: Recent MA,22,0.318182,0.350000,3_7 4_9 6_14 6_15 6_4 9_15 9_16,2_4 3_10 3_13 3_14 3_15 3_9 4_10 4_8 5_15 5_8 5_9 7_8 9_14,10_14 11_16 11_17 1_12 3_5 4_12 4_15 5_16 7_1 7_15 7_16 7_9 8_15 8_6 8_7,0.904762,0.538462,0.333333,0.481481,0.904762,0.666667,,0.600000,0.052632,1.000000
2025-06-21,B3: DoY season,22,0.318182,0.350000,3_7 4_9 6_14 7_16 8_15 9_15 9_16,2_4 3_10 3_11 3_13 3_14 4_10 4_8 5_8 5_9 6_6 7_8 8_16 9_14,10_14 11_16 11_17 1_12 3_5 4_12 4_15 5_16 6_15 6_4 7_1 7_15 7_9 8_6 8_7,0.600000,0.600000,0.428571,0.428571,0.666667,0.904762,0.600000,,0.081081,0.600000
2025-06-21,B0: Random,22,0.136364,0.150000,10_14 11_16 3_7,10_8 12_11 12_18 12_5 12_7 1_14 1_17 2_14 5_12 5_5 5_9 6_2 6_6 7_11 7_3 9_17 9_19,11_17 1_12 3_5 4_12 4_15 4_9 5_16 6_14 6_15 6_4 7_1 7_15 7_16 7_9 8_15 8_6 8_7 9_15 9_16,0.052632,0.025641,0.052632,0.025641,0.052632,0.052632,0.052632,0.081081,,0.052632
2025-06-22,GLM-Logit,21,0.285714,0.300000,3_15 4_9 5_8 6_14 6_15 9_14,2_4 3_10 3_13 3_14 3_7 3_9 4_10 4_8 5_15 5_9 6_4 7_8 9_15 9_16,11_16 2_12 2_3 5_11 6_16 6_5 6_7 7_3 7_4 7_5 8_14 8_6 8_7 8_8 9_9,0.904762,0.538462,0.481481,0.481481,0.904762,0.666667,0.904762,0.600000,0.000000,
2025-06-22,HierBayes,21,0.285714,0.300000,3_15 4_9 5_8 6_14 6_15 8_6,2_4 3_10 3_13 3_14 3_7 3_9 4_10 4_8 5_15 5_9 6_4 7_8 9_15 9_16,11_16 2_12 2_3 5_11 6_16 6_5 6_7 7_3 7_4 7_5 8_14 8_7 8_8 9_14 9_9,,0.481481,0.428571,0.481481,0.818182,0.600000,0.818182,0.538462,0.000000,0.904762
2025-06-22,B1: Static prior,21,0.285714,0.300000,4_9 5_8 6_14 6_15 6_7 9_14,3_10 3_11 3_14 4_10 4_8 5_14 5_15 5_9 7_15 7_16 7_8 8_15 9_15 9_16,11_16 2_12 2_3 3_15 5_11 6_16 6_5 7_3 7_4 7_5 8_14 8_6 8_7 8_8 9_9,0.481481,,0.666667,0.481481,0.600000,0.666667,0.481481,0.600000,0.025641,0.538462
2025-06-22,TTM,21,0.285714,0.300000,4_9 5_8 6_15 6_7 8_8 9_14,3_10 3_11 4_10 4_8 5_14 5_15 5_9 6_3 6_4 6_6 7_15 7_8 9_15 9_16,11_16 2_12 2_3 3_15 5_11 6_14 6_16 6_5 7_3 7_4 7_5 8_14 8_6 8_7 9_9,0.428571,0.666667,,0.379310,0.481481,0.428571,0.428571,0.428571,0.000000,0.481481
2025-06-22,ET,21,0.238095,0.250000,4_9 6_14 6_15 8_6 9_14,3_10 3_13 3_14 3_9 4_10 4_8 5_14 5_4 5_9 6_13 6_3 7_8 8_15 8_9 9_16,11_16 2_12 2_3 3_15 5_11 5_8 6_16 6_5 6_7 7_3 7_4 7_5 8_14 8_7 8_8 9_9,0.481481,0.481481,0.379310,,0.481481,0.481481,0.428571,0.428571,0.025641,0.481481
2025-06-22,B5: B2+B3,21,0.238095,0.250000,4_9 5_8 6_14 6_15 9_14,2_4 3_10 3_13 3_14 3_7 3_9 4_10 4_8 5_15 5_9 6_4 7_16 7_8 9_15 9_16,11_16 2_12 2_3 3_15 5_11 6_16 6_5 6_7 7_3 7_4 7_5 8_14 8_6 8_7 8_8 9_9,0.818182,0.600000,0.481481,0.481481,,0.739130,0.818182,0.666667,0.000000,0.904762
2025-06-22,B4: B1+B3,21,0.238095,0.250000,4_9 5_8 6_14 6_15 9_14,2_4 3_10 3_11 3_13 3_14 3_7 4_10 4_8 5_9 7_16 7_8 8_15 8_16 9_15 9_16,11_16 2_12 2_3 3_15 5_11 6_16 6_5 6_7 7_3 7_4 7_5 8_14 8_6 8_7 8_8 9_9,0.600000,0.666667,0.428571,0.481481,0.739130,,0.600000,0.904762,0.025641,0.666667
2025-06-22,B2: Recent MA,21,0.285714,0.300000,3_15 4_9 5_8 6_14 6_15 9_14,2_4 3_10 3_13 3_14 3_7 3_9 4_10 4_15 5_15 5_9 6_4 7_8 9_15 9_16,11_16 2_12 2_3 5_11 6_16 6_5 6_7 7_3 7_4 7_5 8_14 8_6 8_7 8_8 9_9,0.818182,0.481481,0.428571,0.428571,0.818182,0.600000,,0.538462,0.000000,0.904762
2025-06-22,B3: DoY season,21,0.190476,0.200000,4_9 5_8 6_14 9_14,2_4 3_10 3_11 3_13 3_14 3_7 4_10 4_8 5_9 6_6 7_16 7_8 8_15 8_16 9_15 9_16,11_16 2_12 2_3 3_15 5_11 6_15 6_16 6_5 6_7 7_3 7_4 7_5 8_14 8_6 8_7 8_8 9_9,0.538462,0.600000,0.428571,0.428571,0.666667,0.904762,0.538462,,0.025641,0.600000
2025-06-22,B0: Random,21,0.000000,0.000000,,0_12 0_15 0_7 10_5 12_3 12_5 1_0 1_15 3_4 3_5 4_4 4_7 5_18 6_10 6_11 7_10 7_11 7_19 8_15 9_5,11_16 2_12 2_3 3_15 4_9 5_11 5_8 6_14 6_15 6_16 6_5 6_7 7_3 7_4 7_5 8_14 8_6 8_7 8_8 9_14 9_9,0.000000,0.025641,0.000000,0.025641,0.000000,0.025641,0.000000,0.025641,,0.000000
2025-06-23,GLM-Logit,25,0.320000,0.400000,2_4 3_15 5_15 6_14 6_15 8_6 9_15 9_16,3_10 3_13 3_14 3_7 4_10 4_8 4_9 5_8 5_9 6_4 7_8 9_14,10_14 1_12 2_3 3_12 4_15 5_14 5_7 6_5 6_9 7_16 7_2 8_10 8_15 8_16 8_7 8_8 9_9,0.904762,0.538462,0.428571,0.481481,0.904762,0.600000,0.904762,0.538462,0.025641,
2025-06-23,HierBayes,25,0.320000,0.400000,2_4 3_15 5_15 6_14 6_15 8_6 9_15 9_16,3_10 3_13 3_14 3_7 3_9 4_10 4_8 4_9 5_8 5_9 6_4 7_8,10_14 1_12 2_3 3_12 4_15 5_14 5_7 6_5 6_9 7_16 7_2 8_10 8_15 8_16 8_7 8_8 9_9,,0.481481,0.428571,0.481481,0.818182,0.538462,0.818182,0.481481,0.025641,0.904762
2025-06-23,B1: Static prior,25,0.320000,0.400000,5_14 5_15 6_14 6_15 7_16 8_15 9_15 9_16,3_10 3_11 3_14 4_10 4_8 4_9 5_8 5_9 6_7 7_15 7_8 9_14,10_14 1_12 2_3 2_4 3_12 3_15 4_15 5_7 6_5 6_9 7_2 8_10 8_16 8_6 8_7 8_8 9_9,0.481481,,0.739130,0.481481,0.600000,0.739130,0.481481,0.600000,0.000000,0.538462
2025-06-23,TTM,25,0.320000,0.400000,5_14 5_15 6_15 7_16 8_15 8_8 9_15 9_16,10_17 3_10 3_11 3_14 3_9 4_10 4_9 5_8 5_9 7_15 7_8 9_14,10_14 1_12 2_3 2_4 3_12 3_15 4_15 5_7 6_14 6_5 6_9 7_2 8_10 8_16 8_6 8_7 9_9,0.428571,0.739130,,0.428571,0.481481,0.600000,0.428571,0.481481,0.000000,0.428571
2025-06-23,ET,25,0.240000,0.300000,5_14 6_14 6_15 8_15 8_6 9_16,3_10 3_13 3_14 3_9 4_10 4_8 4_9 5_4 5_9 6_13 6_3 7_8 8_9 9_14,10_14 1_12 2_3 2_4 3_12 3_15 4_15 5_15 5_7 6_5 6_9 7_16 7_2 8_10 8_16 8_7 8_8 9_15 9_9,0.481481,0.481481,0.428571,,0.481481,0.538462,0.428571,0.428571,0.025641,0.481481
2025-06-23,B5: B2+B3,25,0.320000,0.400000,2_4 5_15 6_14 6_15 7_16 8_6 9_15 9_16,3_10 3_13 3_14 3_7 4_10 4_8 4_9 5_8 5_9 6_4 7_8 9_14,10_14 1_12 2_3 3_12 3_15 4_15 5_14 5_7 6_5 6_9 7_2 8_10 8_15 8_16 8_7 8_8 9_9,0.818182,0.600000,0.481481,0.481481,,0.666667,0.818182,0.600000,0.025641,0.904762
2025-06-23,B4: B1+B3,25,0.320000,0.400000,5_14 6_14 6_15 7_16 8_15 8_16 9_15 9_16,3_10 3_11 3_13 3_14 3_7 4_10 4_8 4_9 5_8 5_9 7_8 9_14,10_14 1_12 2_3 2_4 3_12 3_15 4_15 5_15 5_7 6_5 6_9 7_2 8_10 8_6 8_7 8_8 9_9,0.538462,0.739130,0.600000,0.538462,0.666667,,0.538462,0.818182,0.000000,0.600000
2025-06-23,B2: Recent MA,25,0.360000,0.450000,2_4 3_15 4_15 5_15 6_14 6_15 8_6 9_15 9_16,3_10 3_13 3_14 3_7 4_10 4_9 5_8 5_9 6_4 7_8 9_14,10_14 1_12 2_3 3_12 5_14 5_7 6_5 6_9 7_16 7_2 8_10 8_15 8_16 8_7 8_8 9_9,0.818182,0.481481,0.428571,0.428571,0.818182,0.538462,,0.481481,0.025641,0.904762
2025-06-23,B3: DoY season,25,0.320000,0.400000,2_4 5_14 6_14 7_16 8_15 8_16 9_15 9_16,3_10 3_11 3_13 3_14 3_7 4_10 4_8 4_9 5_8 5_9 6_6 9_14,10_14 1_12 2_3 3_12 3_15 4_15 5_15 5_7 6_15 6_5 6_9 7_2 8_10 8_6 8_7 8_8 9_9,0.481481,0.600000,0.481481,0.428571,0.600000,0.818182,0.481481,,0.025641,0.538462
2025-06-23,B0: Random,25,0.040000,0.050000,2_4,0_9 10_4 10_6 11_14 12_11 12_14 12_5 1_11 1_13 2_0 2_1 3_6 4_11 4_13 4_5 5_4 6_10 6_18 7_1,10_14 1_12 2_3 3_12 3_15 4_15 5_14 5_15 5_7 6_14 6_15 6_5 6_9 7_16 7_2 8_10 8_15 8_16 8_6 8_7 8_8 9_15 9_16 9_9,0.025641,0.000000,0.000000,0.025641,0.025641,0.000000,0.025641,0.025641,,0.025641
2025-06-24,GLM-Logit,17,0.411765,0.350000,3_15 4_9 6_14 6_15 7_8 8_6 9_16,2_4 3_10 3_13 3_14 3_7 4_10 5_15 5_8 5_9 6_4 7_16 9_14 9_15,10_15 2_3 3_8 4_14 6_5 7_5 7_9 8_14 8_15 8_9,0.739130,0.538462,0.379310,0.428571,0.904762,0.600000,0.818182,0.538462,0.081081,
2025-06-24,HierBayes,17,0.411765,0.350000,3_15 4_9 6_14 6_15 7_8 8_6 9_16,2_4 3_10 3_13 3_7 3_9 4_10 4_15 4_8 5_15 5_8 6_4 7_16 9_15,10_15 2_3 3_8 4_14 6_5 7_5 7_9 8_14 8_15 8_9,,0.428571,0.333333,0.379310,0.739130,0.481481,0.818182,0.428571,0.081081,0.739130
2025-06-24,B1: Static prior,17,0.352941,0.300000,4_9 6_14 6_15 7_8 8_15 9_16,3_10 3_11 3_14 4_10 4_8 5_14 5_15 5_8 5_9 6_7 7_15 7_16 9_14 9_15,10_15 2_3 3_15 3_8 4_14 6_5 7_5 7_9 8_14 8_6 8_9,0.428571,,0.538462,0.481481,0.600000,0.739130,0.428571,0.666667,0.052632,0.538462
2025-06-24,TTM,17,0.352941,0.300000,4_9 6_15 7_5 7_8 8_15 9_16,3_11 3_9 4_10 5_15 5_9 6_4 6_7 7_15 7_16 7_3 8_16 8_8 9_14 9_15,10_15 2_3 3_15 3_8 4_14 6_14 6_5 7_9 8_14 8_6 8_9,0.333333,0.538462,,0.290323,0.379310,0.428571,0.333333,0.379310,0.052632,0.379310
2025-06-24,ET,17,0.470588,0.400000,4_9 6_14 6_15 7_8 8_15 8_6 8_9 9_16,3_10 3_13 3_14 3_9 4_10 4_8 5_14 5_4 5_9 6_13 6_3 9_14,10_15 2_3 3_15 3_8 4_14 6_5 7_5 7_9 8_14,0.379310,0.481481,0.290323,,0.481481,0.538462,0.333333,0.481481,0.081081,0.428571
2025-06-24,B5: B2+B3,17,0.352941,0.300000,4_9 6_14 6_15 7_8 8_6 9_16,2_4 3_10 3_13 3_14 3_7 4_10 4_8 5_15 5_8 5_9 6_4 7_16 9_14 9_15,10_15 2_3 3_15 3_8 4_14 6_5 7_5 7_9 8_14 8_15 8_9,0.739130,0.600000,0.379310,0.481481,,0.666667,0.739130,0.600000,0.081081,0.904762
2025-06-24,B4: B1+B3,17,0.352941,0.300000,4_9 6_14 6_15 7_8 8_15 9_16,3_10 3_11 3_13 3_14 3_7 4_10 4_8 5_14 5_8 5_9 7_16 8_16 9_14 9_15,10_15 2_3 3_15 3_8 4_14 6_5 7_5 7_9 8_14 8_6 8_9,0.481481,0.739130,0.428571,0.538462,0.666667,,0.481481,0.904762,0.052632,0.600000
2025-06-24,B2: Recent MA,17,0.470588,0.400000,3_15 4_9 6_14 6_15 6_5 7_8 8_6 9_16,2_4 3_10 3_13 3_7 4_10 4_15 5_15 5_8 5_9 6_4 7_16 9_15,10_15 2_3 3_8 4_14 7_5 7_9 8_14 8_15 8_9,0.818182,0.428571,0.333333,0.333333,0.739130,0.481481,,0.428571,0.052632,0.818182
2025-06-24,B3: DoY season,17,0.294118,0.250000,4_9 6_14 7_8 8_15 9_16,3_10 3_11 3_13 3_14 3_7 4_10 4_8 5_14 5_8 5_9 6_6 7_16 8_16 9_14 9_15,10_15 2_3 3_15 3_8 4_14 6_15 6_5 7_5 7_9 8_14 8_6 8_9,0.428571,0.666667,0.379310,0.481481,0.600000,0.904762,0.428571,,0.052632,0.538462
2025-06-24,B0: Random,17,0.058824,0.050000,8_14,0_14 11_3 11_6 12_13 1_11 1_12 1_4 2_4 3_14 3_4 3_9 5_14 6_0 6_16 6_19 6_4 7_6 9_11 9_2,10_15 2_3 3_15 3_8 4_14 4_9 6_14 6_15 6_5 7_5 7_8 7_9 8_15 8_6 8_9 9_16,0.081081,0.052632,0.052632,0.081081,0.081081,0.052632,0.052632,0.052632,,0.081081
2025-06-25,GLM-Logit,26,0.423077,0.550000,3_10 3_13 3_14 4_9 5_8 6_14 6_15 8_6 9_14 9_15 9_16,2_4 3_15 3_7 4_10 5_15 5_9 6_4 7_16 7_8,11_17 2_5 4_12 4_8 5_14 5_16 5_6 6_2 7_15 7_17 8_14 8_15 8_16 9_10 9_12,0.739130,0.538462,0.481481,0.428571,0.904762,0.538462,0.818182,0.428571,0.052632,
2025-06-25,HierBayes,26,0.384615,0.500000,3_10 3_13 4_8 4_9 5_8 6_14 6_15 8_6 9_15 9_16,2_4 3_15 3_7 3_9 4_10 4_15 5_15 6_4 7_16 7_8,11_17 2_5 3_14 4_12 5_14 5_16 5_6 6_2 7_15 7_17 8_14 8_15 8_16 9_10 9_12 9_14,,0.428571,0.379310,0.379310,0.739130,0.428571,0.818182,0.379310,0.052632,0.739130
2025-06-25,B1: Static prior,26,0.500000,0.650000,3_10 3_14 4_8 4_9 5_14 5_8 6_14 6_15 7_15 8_15 9_14 9_15 9_16,3_11 4_10 5_15 5_9 6_7 7_16 7_8,11_17 2_5 3_13 4_12 5_16 5_6 6_2 7_17 8_14 8_16 8_6 9_10 9_12,0.428571,,0.600000,0.481481,0.538462,0.739130,0.428571,0.538462,0.025641,0.538462
2025-06-25,TTM,26,0.346154,0.450000,3_10 4_9 5_8 6_15 7_15 8_15 9_14 9_15 9_16,4_10 5_15 5_9 6_3 6_4 6_7 7_16 7_3 7_5 7_8 8_8,11_17 2_5 3_13 3_14 4_12 4_8 5_14 5_16 5_6 6_14 6_2 7_17 8_14 8_16 8_6 9_10 9_12,0.379310,0.600000,,0.333333,0.428571,0.428571,0.428571,0.290323,0.025641,0.481481
2025-06-25,ET,26,0.461538,0.600000,3_10 3_13 3_14 4_8 4_9 5_14 6_14 6_15 8_15 8_6 9_14 9_16,3_9 4_10 5_4 5_9 6_13 6_3 7_8 8_9,11_17 2_5 4_12 5_16 5_6 5_8 6_2 7_15 7_17 8_14 8_16 9_10 9_12 9_15,0.379310,0.481481,0.333333,,0.428571,0.481481,0.333333,0.481481,0.025641,0.428571
2025-06-25,B5: B2+B3,26,0.423077,0.550000,3_13 3_14 4_8 4_9 5_8 6_14 6_15 8_6 9_14 9_15 9_16,2_4 3_15 3_7 4_10 5_15 5_9 6_4 7_16 7_8,11_17 2_5 3_10 4_12 5_14 5_16 5_6 6_2 7_15 7_17 8_14 8_15 8_16 9_10 9_12,0.739130,0.538462,0.428571,0.428571,,0.600000,0.739130,0.481481,0.052632,0.904762
2025-06-25,B4: B1+B3,26,0.538462,0.700000,3_13 3_14 4_8 4_9 5_14 5_8 6_14 6_15 7_15 8_15 8_16 9_14 9_15 9_16,3_11 3_7 4_10 5_9 7_16 7_8,11_17 2_5 3_10 4_12 5_16 5_6 6_2 7_17 8_14 8_6 9_10 9_12,0.428571,0.739130,0.428571,0.481481,0.600000,,0.428571,0.739130,0.052632,0.538462
2025-06-25,B2: Recent MA,26,0.346154,0.450000,3_10 3_13 4_9 5_8 6_14 6_15 8_6 9_15 9_16,2_4 3_15 3_7 4_10 4_15 5_15 5_9 6_4 6_5 7_16 7_8,11_17 2_5 3_14 4_12 4_8 5_14 5_16 5_6 6_2 7_15 7_17 8_14 8_15 8_16 9_10 9_12 9_14,0.818182,0.428571,0.428571,0.333333,0.739130,0.428571,,0.333333,0.052632,0.818182
2025-06-25,B3: DoY season,26,0.423077,0.550000,3_13 3_14 4_8 4_9 5_14 5_8 6_14 8_15 8_16 9_14 9_16,10_15 3_11 3_7 3_9 4_10 5_9 6_6 7_16 7_8,11_17 2_5 3_10 4_12 5_16 5_6 6_15 6_2 7_15 7_17 8_14 8_6 9_10 9_12 9_15,0.379310,0.538462,0.290323,0.481481,0.481481,0.739130,0.333333,,0.052632,0.428571
2025-06-25,B0: Random,26,0.076923,0.100000,5_16 6_15,0_1 0_2 0_8 10_10 10_16 10_7 12_1 12_3 12_8 1_12 1_9 2_7 3_7 4_19 5_1 6_11 6_6 7_7,11_17 2_5 3_10 3_13 3_14 4_12 4_8 4_9 5_14 5_6 5_8 6_14 6_2 7_15 7_17 8_14 8_15 8_16 8_6 9_10 9_12 9_14 9_15 9_16,0.052632,0.025641,0.025641,0.025641,0.052632,0.052632,0.052632,0.052632,,0.052632
2025-06-26,GLM-Logit,18,0.388889,0.350000,3_15 3_7 4_9 6_14 6_4 7_16 9_16,2_4 3_10 3_13 3_14 4_10 4_8 5_15 5_8 6_15 7_8 8_6 9_14 9_15,10_14 11_16 3_8 4_12 5_7 5_9 6_3 6_7 6_8 8_17 9_4,0.904762,0.538462,0.428571,0.428571,0.739130,0.538462,0.904762,0.481481,0.052632,
2025-06-26,HierBayes,18,0.388889,0.350000,3_15 3_7 4_9 6_14 6_4 7_16 9_16,2_4 3_10 3_13 3_14 3_9 4_10 4_8 5_15 5_8 6_15 7_8 8_6 9_15,10_14 11_16 3_8 4_12 5_7 5_9 6_3 6_7 6_8 8_17 9_4,,0.481481,0.428571,0.428571,0.666667,0.481481,0.818182,0.428571,0.052632,0.904762
2025-06-26,B1: Static prior,18,0.333333,0.300000,4_9 5_9 6_14 6_7 7_16 9_16,3_10 3_11 3_14 4_10 4_8 5_14 5_15 5_8 6_15 7_15 7_8 8_15 9_14 9_15,10_14 11_16 3_15 3_7 3_8 4_12 5_7 6_3 6_4 6_8 8_17 9_4,0.481481,,0.666667,0.481481,0.538462,0.739130,0.538462,0.600000,0.025641,0.538462
2025-06-26,TTM,18,0.388889,0.350000,4_9 5_9 6_3 6_4 6_7 7_16 9_16,3_10 3_9 4_10 4_8 5_14 5_8 6_15 7_15 7_8 8_15 8_8 9_14 9_15,10_14 11_16 3_15 3_7 3_8 4_12 5_7 6_14 6_8 8_17 9_4,0.428571,0.666667,,0.481481,0.481481,0.538462,0.428571,0.428571,0.052632,0.428571
2025-06-26,ET,18,0.277778,0.250000,4_9 5_9 6_14 6_3 9_16,3_10 3_13 3_14 3_9 4_10 4_8 5_14 5_4 6_13 6_15 7_8 8_15 8_6 8_9 9_14,10_14 11_16 3_15 3_7 3_8 4_12 5_7 6_4 6_7 6_8 7_16 8_17 9_4,0.428571,0.481481,0.481481,,0.481481,0.481481,0.428571,0.428571,0.000000,0.428571
2025-06-26,B5: B2+B3,18,0.388889,0.350000,3_7 4_9 5_9 6_14 6_4 7_16 9_16,2_4 3_13 3_14 4_10 4_8 5_8 6_15 7_8 8_15 8_16 8_6 9_14 9_15,10_14 11_16 3_15 3_8 4_12 5_7 6_3 6_7 6_8 8_17 9_4,0.666667,0.538462,0.481481,0.481481,,0.739130,0.666667,0.666667,0.025641,0.739130
2025-06-26,B4: B1+B3,18,0.333333,0.300000,3_7 4_9 5_9 6_14 7_16 9_16,3_11 3_13 3_14 4_10 4_8 5_14 5_8 6_15 7_15 7_8 8_15 8_16 9_14 9_15,10_14 11_16 3_15 3_8 4_12 5_7 6_3 6_4 6_7 6_8 8_17 9_4,0.481481,0.739130,0.538462,0.481481,0.739130,,0.538462,0.818182,0.025641,0.538462
2025-06-26,B2: Recent MA,18,0.333333,0.300000,3_15 3_7 4_9 6_14 6_4 9_16,2_4 3_10 3_13 3_14 4_10 4_8 5_15 5_8 6_15 7_15 7_8 8_6 9_14 9_15,10_14 11_16 3_8 4_12 5_7 5_9 6_3 6_7 6_8 7_16 8_17 9_4,0.818182,0.538462,0.428571,0.428571,0.666667,0.538462,,0.428571,0.052632,0.904762
2025-06-26,B3: DoY season,18,0.333333,0.300000,3_7 4_9 5_9 6_14 7_16 9_16,10_15 3_11 3_13 3_14 4_10 4_8 5_14 5_8 6_6 7_8 8_15 8_16 9_14 9_15,10_14 11_16 3_15 3_8 4_12 5_7 6_3 6_4 6_7 6_8 8_17 9_4,0.428571,0.600000,0.428571,0.428571,0.666667,0.818182,0.428571,,0.025641,0.481481
2025-06-26,B0: Random,18,0.055556,0.050000,3_15,10_6 11_0 11_10 11_11 11_3 12_18 2_19 2_8 3_1 3_4 5_0 5_3 6_16 7_14 7_3 7_9 8_8 9_15 9_2,10_14 11_16 3_7 3_8 4_12 4_9 5_7 5_9 6_14 6_3 6_4 6_7 6_8 7_16 8_17 9_16 9_4,0.052632,0.025641,0.052632,0.000000,0.025641,0.025641,0.052632,0.025641,,0.052632
2025-06-27,GLM-Logit,19,0.421053,0.400000,2_4 3_10 3_14 4_10 4_9 6_14 7_8 9_16,3_13 3_15 3_7 5_15 5_8 5_9 6_15 6_4 7_15 7_16 8_6 9_15,10_15 2_17 3_11 3_16 4_12 4_14 6_7 7_7 8_15 8_17 9_14,0.818182,0.538462,0.481481,0.379310,0.739130,0.481481,0.904762,0.428571,0.025641,
2025-06-27,HierBayes,19,0.421053,0.400000,2_4 3_10 3_14 4_10 4_9 6_14 7_8 9_16,3_13 3_15 3_7 3_9 4_8 5_15 5_9 6_15 6_4 7_16 8_6 9_15,10_15 2_17 3_11 3_16 4_12 4_14 6_7 7_7 8_15 8_17 9_14,,0.481481,0.379310,0.481481,0.739130,0.538462,0.818182,0.428571,0.052632,0.818182
2025-06-27,B1: Static prior,19,0.578947,0.550000,3_10 3_11 3_14 4_10 4_9 6_14 6_7 7_8 8_15 9_14 9_16,4_8 5_14 5_15 5_8 5_9 6_15 7_15 7_16 9_15,10_15 2_17 2_4 3_16 4_12 4_14 7_7 8_17,0.481481,,0.666667,0.481481,0.538462,0.666667,0.481481,0.600000,0.052632,0.538462
2025-06-27,TTM,19,0.421053,0.400000,3_11 4_10 4_9 6_7 7_8 8_15 9_14 9_16,3_7 5_14 5_15 5_8 5_9 6_15 6_3 6_4 7_15 7_16 8_8 9_15,10_15 2_17 2_4 3_10 3_14 3_16 4_12 4_14 6_14 7_7 8_17,0.379310,0.666667,,0.333333,0.481481,0.538462,0.428571,0.481481,0.025641,0.481481
2025-06-27,ET,19,0.473684,0.450000,3_10 3_14 4_10 4_9 6_14 7_8 8_15 9_14 9_16,3_13 3_9 4_8 5_14 5_4 5_9 6_13 6_15 6_3 8_6 8_9,10_15 2_17 2_4 3_11 3_16 4_12 4_14 6_7 7_7 8_17,0.481481,0.481481,0.333333,,0.481481,0.538462,0.379310,0.428571,0.081081,0.379310
2025-06-27,B5: B2+B3,19,0.473684,0.450000,2_4 3_14 4_10 4_9 6_14 7_8 8_15 9_14 9_16,3_13 3_15 3_7 4_8 5_8 5_9 6_15 6_4 7_16 8_6 9_15,10_15 2_17 3_10 3_11 3_16 4_12 4_14 6_7 7_7 8_17,0.739130,0.538462,0.481481,0.481481,,0.666667,0.666667,0.600000,0.025641,0.739130
2025-06-27,B4: B1+B3,19,0.473684,0.450000,3_11 3_14 4_10 4_9 6_14 7_8 8_15 9_14 9_16,3_13 3_7 3_9 4_8 5_14 5_8 5_9 6_15 7_16 8_16 9_15,10_15 2_17 2_4 3_10 3_16 4_12 4_14 6_7 7_7 8_17,0.538462,0.666667,0.538462,0.538462,0.666667,,0.428571,0.818182,0.081081,0.481481
2025-06-27,B2: Recent MA,19,0.421053,0.400000,2_4 3_10 3_14 4_10 4_9 6_14 7_8 9_16,3_13 3_15 3_7 4_15 5_15 5_9 6_15 6_4 7_15 7_16 8_6 9_15,10_15 2_17 3_11 3_16 4_12 4_14 6_7 7_7 8_15 8_17 9_14,0.818182,0.481481,0.428571,0.379310,0.666667,0.428571,,0.379310,0.025641,0.904762
2025-06-27,B3: DoY season,19,0.526316,0.500000,10_15 3_11 3_14 4_10 4_9 6_14 7_8 8_15 9_14 9_16,3_13 3_7 4_8 5_14 5_8 5_9 6_6 7_16 8_16 9_15,2_17 2_4 3_10 3_16 4_12 4_14 6_7 7_7 8_17,0.428571,0.600000,0.481481,0.428571,0.600000,0.818182,0.379310,,0.052632,0.428571
2025-06-27,B0: Random,19,0.052632,0.050000,6_14,0_19 10_6 10_9 11_15 11_8 12_10 12_14 12_16 2_13 2_2 3_9 4_1 5_14 5_3 5_7 6_5 7_0 7_6 9_3,10_15 2_17 2_4 3_10 3_11 3_14 3_16 4_10 4_12 4_14 4_9 6_7 7_7 7_8 8_15 8_17 9_14 9_16,0.052632,0.052632,0.025641,0.081081,0.025641,0.081081,0.025641,0.052632,,0.025641
2025-06-28,GLM-Logit,20,0.250000,0.250000,6_14 6_15 7_16 7_8 9_16,2_4 3_10 3_13 3_14 3_15 3_7 4_10 4_9 5_15 5_8 6_4 7_15 8_6 9_14 9_15,10_14 11_17 2_5 3_12 3_9 4_15 4_4 5_13 5_9 6_12 6_3 7_4 8_15 8_16 8_9,0.739130,0.538462,0.428571,0.379310,0.818182,0.481481,0.904762,0.379310,0.000000,
2025-06-28,HierBayes,20,0.300000,0.300000,3_9 6_14 6_15 7_16 7_8 9_16,10_15 2_4 3_10 3_13 3_14 3_15 3_7 4_10 4_8 4_9 5_15 6_4 8_6 9_15,10_14 11_17 2_5 3_12 4_15 4_4 5_13 5_9 6_12 6_3 7_4 8_15 8_16 8_9,,0.428571,0.290323,0.428571,0.739130,0.481481,0.739130,0.428571,0.000000,0.739130
2025-06-28,B1: Static prior,20,0.350000,0.350000,5_9 6_14 6_15 7_16 7_8 8_15 9_16,3_10 3_11 3_14 4_10 4_8 4_9 5_14 5_15 5_8 6_7 7_15 9_14 9_15,10_14 11_17 2_5 3_12 3_9 4_15 4_4 5_13 6_12 6_3 7_4 8_16 8_9,0.428571,,0.538462,0.481481,0.538462,0.666667,0.481481,0.538462,0.025641,0.538462
2025-06-28,TTM,20,0.350000,0.350000,3_12 5_9 6_15 6_3 7_8 8_16 9_16,3_10 3_11 3_7 4_10 4_9 5_14 5_8 6_4 6_7 7_15 8_8 9_14 9_15,10_14 11_17 2_5 3_9 4_15 4_4 5_13 6_12 6_14 7_16 7_4 8_15 8_9,0.290323,0.538462,,0.333333,0.379310,0.481481,0.379310,0.379310,0.052632,0.428571
2025-06-28,ET,20,0.450000,0.450000,3_9 5_9 6_14 6_15 6_3 7_8 8_15 8_9 9_16,3_10 3_13 3_14 4_10 4_8 4_9 5_14 5_4 6_13 8_6 9_14,10_14 11_17 2_5 3_12 4_15 4_4 5_13 6_12 7_16 7_4 8_16,0.428571,0.481481,0.333333,,0.481481,0.538462,0.379310,0.481481,0.052632,0.379310
2025-06-28,B5: B2+B3,20,0.350000,0.350000,5_9 6_14 6_15 7_16 7_8 8_15 9_16,2_4 3_10 3_13 3_14 3_15 3_7 4_10 4_9 5_15 6_4 8_6 9_14 9_15,10_14 11_17 2_5 3_12 3_9 4_15 4_4 5_13 6_12 6_3 7_4 8_16 8_9,0.739130,0.538462,0.379310,0.481481,,0.538462,0.818182,0.428571,0.000000,0.818182
2025-06-28,B4: B1+B3,20,0.450000,0.450000,3_9 5_9 6_14 6_15 7_16 7_8 8_15 8_16 9_16,3_11 3_13 3_14 3_7 4_10 4_8 4_9 5_14 5_8 9_14 9_15,10_14 11_17 2_5 3_12 4_15 4_4 5_13 6_12 6_3 7_4 8_9,0.481481,0.666667,0.481481,0.538462,0.538462,,0.428571,0.818182,0.052632,0.481481
2025-06-28,B2: Recent MA,20,0.300000,0.300000,4_15 6_14 6_15 7_16 7_8 9_16,2_4 3_10 3_13 3_14 3_15 3_7 4_10 4_9 5_15 6_4 7_15 8_6 9_14 9_15,10_14 11_17 2_5 3_12 3_9 4_4 5_13 5_9 6_12 6_3 7_4 8_15 8_16 8_9,0.739130,0.481481,0.379310,0.379310,0.818182,0.428571,,0.333333,0.000000,0.904762
2025-06-28,B3: DoY season,20,0.400000,0.400000,3_9 5_9 6_14 7_16 7_8 8_15 8_16 9_16,10_15 3_11 3_13 3_14 3_7 4_10 4_8 4_9 5_14 5_8 6_6 9_14,10_14 11_17 2_5 3_12 4_15 4_4 5_13 6_12 6_15 6_3 7_4 8_9,0.428571,0.538462,0.379310,0.481481,0.428571,0.818182,0.333333,,0.052632,0.379310
2025-06-28,B0: Random,20,0.150000,0.150000,11_17 8_16 8_9,0_10 10_2 1_10 1_7 1_8 3_11 3_4 4_6 5_0 5_3 5_4 5_7 6_18 8_5 8_7 9_13 9_9,10_14 2_5 3_12 3_9 4_15 4_4 5_13 5_9 6_12 6_14 6_15 6_3 7_16 7_4 7_8 8_15 9_16,0.000000,0.025641,0.052632,0.052632,0.000000,0.052632,0.000000,0.052632,,0.000000
2025-06-29,GLM-Logit,24,0.458333,0.550000,3_13 3_15 4_10 4_9 5_15 6_14 7_16 7_8 8_6 9_14 9_15,2_4 3_10 3_14 3_7 5_8 5_9 6_15 6_4 9_16,10_14 3_12 3_5 3_6 4_15 5_4 5_7 7_15 8_15 8_16 8_17 8_8 9_10,0.666667,0.538462,0.290323,0.428571,0.739130,0.481481,0.904762,0.481481,0.052632,
2025-06-29,HierBayes,24,0.416667,0.500000,3_13 3_15 4_10 4_15 4_9 6_14 7_16 7_8 8_6 9_15,10_15 2_4 3_10 3_14 3_7 3_9 4_8 6_15 6_4 9_16,10_14 3_12 3_5 3_6 5_15 5_4 5_7 7_15 8_15 8_16 8_17 8_8 9_10 9_14,,0.379310,0.212121,0.428571,0.600000,0.481481,0.739130,0.481481,0.025641,0.666667
2025-06-29,B1: Static prior,24,0.416667,0.500000,4_10 4_9 5_15 6_14 7_15 7_16 7_8 8_15 9_14 9_15,3_10 3_11 3_14 4_8 5_14 5_8 5_9 6_15 6_7 9_16,10_14 3_12 3_13 3_15 3_5 3_6 4_15 5_4 5_7 8_16 8_17 8_6 8_8 9_10,0.379310,,0.538462,0.481481,0.600000,0.600000,0.481481,0.600000,0.052632,0.538462
2025-06-29,TTM,24,0.375000,0.450000,3_12 4_9 7_15 7_8 8_15 8_16 8_8 9_14 9_15,3_11 4_8 5_14 5_8 5_9 6_15 6_3 6_4 6_7 7_5 9_16,10_14 3_13 3_15 3_5 3_6 4_10 4_15 5_15 5_4 5_7 6_14 7_16 8_17 8_6 9_10,0.212121,0.538462,,0.333333,0.428571,0.428571,0.250000,0.428571,0.081081,0.290323
2025-06-29,ET,24,0.375000,0.450000,3_13 4_10 4_9 5_4 6_14 7_8 8_15 8_6 9_14,3_10 3_14 3_9 4_8 5_14 5_9 6_13 6_15 6_3 8_9 9_16,10_14 3_12 3_15 3_5 3_6 4_15 5_15 5_7 7_15 7_16 8_16 8_17 8_8 9_10 9_15,0.428571,0.481481,0.333333,,0.538462,0.600000,0.428571,0.600000,0.025641,0.428571
2025-06-29,B5: B2+B3,24,0.458333,0.550000,3_13 3_15 4_10 4_9 6_14 7_16 7_8 8_15 8_6 9_14 9_15,2_4 3_14 4_8 5_14 5_8 5_9 6_15 6_4 9_16,10_14 3_12 3_5 3_6 4_15 5_15 5_4 5_7 7_15 8_16 8_17 8_8 9_10,0.600000,0.600000,0.428571,0.538462,,0.666667,0.666667,0.666667,0.052632,0.739130
2025-06-29,B4: B1+B3,24,0.416667,0.500000,3_13 4_10 4_9 6_14 7_16 7_8 8_15 8_16 8_6 9_14,10_15 3_11 3_14 3_9 4_8 5_14 5_8 5_9 6_15 9_16,10_14 3_12 3_15 3_5 3_6 4_15 5_15 5_4 5_7 7_15 8_17 8_8 9_10 9_15,0.481481,0.600000,0.428571,0.600000,0.666667,,0.428571,1.000000,0.025641,0.481481
2025-06-29,B2: Recent MA,24,0.500000,0.600000,3_13 3_15 4_10 4_15 4_9 5_15 6_14 7_16 7_8 8_6 9_14 9_15,2_4 3_10 3_14 3_7 5_9 6_15 6_4 9_16,10_14 3_12 3_5 3_6 5_4 5_7 7_15 8_15 8_16 8_17 8_8 9_10,0.739130,0.481481,0.250000,0.428571,0.666667,0.428571,,0.428571,0.052632,0.904762
2025-06-29,B3: DoY season,24,0.416667,0.500000,3_13 4_10 4_9 6_14 7_16 7_8 8_15 8_16 8_6 9_14,10_15 3_11 3_14 3_9 4_8 5_14 5_8 5_9 6_15 9_16,10_14 3_12 3_15 3_5 3_6 4_15 5_15 5_4 5_7 7_15 8_17 8_8 9_10 9_15,0.481481,0.600000,0.428571,0.600000,0.666667,1.000000,0.428571,,0.025641,0.481481
2025-06-29,B0: Random,24,0.166667,0.200000,3_12 3_5 9_14 9_15,0_4 0_5 11_1 11_10 11_12 12_10 12_16 12_18 2_1 2_2 3_0 3_2 6_1 8_10 8_18 8_2,10_14 3_13 3_15 3_6 4_10 4_15 4_9 5_15 5_4 5_7 6_14 7_15 7_16 7_8 8_15 8_16 8_17 8_6 8_8 9_10,0.025641,0.052632,0.081081,0.025641,0.052632,0.025641,0.052632,0.025641,,0.052632
2025-06-30,GLM-Logit,31,0.354839,0.550000,3_10 3_13 4_10 4_9 5_9 6_14 6_15 7_16 8_16 9_15 9_16,2_4 3_15 3_7 5_15 6_4 7_15 7_8 8_6 9_14,2_13 2_14 3_11 3_5 3_6 3_9 4_11 4_12 5_12 5_13 5_8 6_3 6_7 7_3 7_4 7_9 8_10 8_17 9_10 9_9,0.739130,0.481481,0.428571,0.379310,0.739130,0.481481,0.904762,0.379310,0.025641,
2025-06-30,HierBayes,31,0.354839,0.550000,3_10 3_13 3_9 4_10 4_9 6_14 6_15 7_16 8_16 9_15 9_16,10_15 2_4 3_15 3_7 4_15 5_15 6_4 7_8 8_6,2_13 2_14 3_11 3_5 3_6 4_11 4_12 5_12 5_13 5_8 5_9 6_3 6_7 7_3 7_4 7_9 8_10 8_17 9_10 9_9,,0.333333,0.290323,0.333333,0.600000,0.428571,0.739130,0.379310,0.052632,0.739130
2025-06-30,B1: Static prior,31,0.387097,0.600000,3_10 3_11 4_10 4_9 5_8 5_9 6_14 6_15 6_7 7_16 9_15 9_16,3_14 4_8 5_14 5_15 7_15 7_8 8_15 9_14,2_13 2_14 3_13 3_5 3_6 3_9 4_11 4_12 5_12 5_13 6_3 7_3 7_4 7_9 8_10 8_16 8_17 9_10 9_9,0.333333,,0.600000,0.481481,0.538462,0.666667,0.481481,0.600000,0.052632,0.481481
2025-06-30,TTM,31,0.354839,0.550000,3_11 4_9 5_8 5_9 6_15 6_3 6_7 7_16 8_16 9_15 9_16,3_12 3_14 5_14 5_15 6_4 7_15 7_5 7_8 9_14,2_13 2_14 3_10 3_13 3_5 3_6 3_9 4_10 4_11 4_12 5_12 5_13 6_14 7_3 7_4 7_9 8_10 8_17 9_10 9_9,0.290323,0.600000,,0.290323,0.481481,0.481481,0.379310,0.428571,0.052632,0.428571
2025-06-30,ET,31,0.322581,0.500000,3_10 3_13 3_9 4_10 4_9 5_9 6_14 6_15 6_3 9_16,3_14 4_8 5_14 5_4 6_13 7_8 8_15 8_6 8_9 9_14,2_13 2_14 3_11 3_5 3_6 4_11 4_12 5_12 5_13 5_8 6_7 7_16 7_3 7_4 7_9 8_10 8_16 8_17 9_10 9_15 9_9,0.333333,0.481481,0.290323,,0.481481,0.600000,0.379310,0.538462,0.111111,0.379310
2025-06-30,B5: B2+B3,31,0.322581,0.500000,3_13 4_10 4_9 5_9 6_14 6_15 7_16 8_16 9_15 9_16,2_4 3_14 3_15 5_14 5_15 6_4 7_8 8_15 8_6 9_14,2_13 2_14 3_10 3_11 3_5 3_6 3_9 4_11 4_12 5_12 5_13 5_8 6_3 6_7 7_3 7_4 7_9 8_10 8_17 9_10 9_9,0.600000,0.538462,0.481481,0.481481,,0.666667,0.666667,0.538462,0.025641,0.739130
2025-06-30,B4: B1+B3,31,0.387097,0.600000,3_11 3_13 3_9 4_10 4_9 5_8 5_9 6_14 6_15 7_16 8_16 9_16,3_14 4_8 5_14 5_15 7_8 8_15 8_6 9_14,2_13 2_14 3_10 3_5 3_6 4_11 4_12 5_12 5_13 6_3 6_7 7_3 7_4 7_9 8_10 8_17 9_10 9_15 9_9,0.428571,0.666667,0.481481,0.600000,0.666667,,0.428571,0.818182,0.111111,0.481481
2025-06-30,B2: Recent MA,31,0.322581,0.500000,3_10 3_13 4_10 4_9 5_9 6_14 6_15 7_16 9_15 9_16,2_4 3_15 3_7 4_15 5_15 6_4 7_15 7_8 8_6 9_14,2_13 2_14 3_11 3_5 3_6 3_9 4_11 4_12 5_12 5_13 5_8 6_3 6_7 7_3 7_4 7_9 8_10 8_16 8_17 9_10 9_9,0.739130,0.481481,0.379310,0.379310,0.666667,0.428571,,0.333333,0.025641,0.904762
2025-06-30,B3: DoY season,31,0.354839,0.550000,3_11 3_9 4_10 4_9 5_8 5_9 6_14 6_15 7_16 8_16 9_16,10_15 3_14 4_8 5_14 6_6 7_8 8_15 8_6 9_14,2_13 2_14 3_10 3_13 3_5 3_6 4_11 4_12 5_12 5_13 6_3 6_7 7_3 7_4 7_9 8_10 8_17 9_10 9_15 9_9,0.379310,0.600000,0.428571,0.538462,0.538462,0.818182,0.333333,,0.111111,0.379310
2025-06-30,B0: Random,31,0.096774,0.150000,3_11 3_9 5_8,0_0 0_4 0_5 0_6 11_18 1_13 1_16 4_14 4_18 4_2 5_18 6_13 8_3 8_6 8_8 8_9 9_0,2_13 2_14 3_10 3_13 3_5 3_6 4_10 4_11 4_12 4_9 5_12 5_13 5_9 6_14 6_15 6_3 6_7 7_16 7_3 7_4 7_9 8_10 8_16 8_17 9_10 9_15 9_16 9_9,0.052632,0.052632,0.052632,0.111111,0.025641,0.111111,0.025641,0.111111,,0.025641
2025-07-01,GLM-Logit,28,0.464286,0.650000,2_4 3_10 3_13 3_7 3_9 4_10 4_9 5_9 6_14 6_15 7_16 7_8 8_6,3_15 6_4 7_15 8_16 9_14 9_15 9_16,2_3 3_11 3_6 5_15 5_3 5_7 5_8 6_3 6_8 7_7 8_10 8_5 8_7 8_9 9_9,0.818182,0.428571,0.428571,0.379310,0.739130,0.428571,0.818182,0.428571,0.081081,
2025-07-01,HierBayes,28,0.464286,0.650000,2_4 3_10 3_13 3_7 3_9 4_10 4_9 5_9 6_14 6_15 7_16 7_8 8_6,10_15 3_15 4_15 6_4 8_16 9_15 9_16,2_3 3_11 3_6 5_15 5_3 5_7 5_8 6_3 6_8 7_7 8_10 8_5 8_7 8_9 9_9,,0.333333,0.333333,0.333333,0.666667,0.379310,0.818182,0.428571,0.081081,0.818182
2025-07-01,B1: Static prior,28,0.392857,0.550000,3_10 3_11 4_10 4_9 5_15 5_8 5_9 6_14 6_15 7_16 7_8,3_14 4_8 5_14 6_7 7_15 8_15 9_14 9_15 9_16,2_3 2_4 3_13 3_6 3_7 3_9 5_3 5_7 6_3 6_8 7_7 8_10 8_5 8_6 8_7 8_9 9_9,0.333333,,0.666667,0.739130,0.538462,0.739130,0.428571,0.538462,0.052632,0.428571
2025-07-01,TTM,28,0.357143,0.500000,3_10 3_11 4_10 4_9 5_15 5_8 5_9 6_14 6_15 7_8,10_17 6_4 6_7 7_15 7_5 8_15 8_8 9_14 9_15 9_16,2_3 2_4 3_13 3_6 3_7 3_9 5_3 5_7 6_3 6_8 7_16 7_7 8_10 8_5 8_6 8_7 8_9 9_9,0.333333,0.666667,,0.481481,0.428571,0.481481,0.428571,0.333333,0.052632,0.428571
2025-07-01,ET,28,0.357143,0.500000,3_10 4_10 4_9 5_15 5_8 5_9 6_14 6_15 7_16 8_9,3_14 4_8 5_14 6_6 6_7 8_15 8_16 9_14 9_15 9_16,2_3 2_4 3_11 3_13 3_6 3_7 3_9 5_3 5_7 6_3 6_8 7_7 7_8 8_10 8_5 8_6 8_7 9_9,0.333333,0.739130,0.481481,,0.538462,0.600000,0.379310,0.538462,0.052632,0.379310
2025-07-01,B5: B2+B3,28,0.392857,0.550000,2_4 3_10 3_13 4_10 4_9 5_9 6_14 6_15 7_16 7_8 8_6,3_15 4_8 5_14 6_4 8_15 8_16 9_14 9_15 9_16,2_3 3_11 3_6 3_7 3_9 5_15 5_3 5_7 5_8 6_3 6_8 7_7 8_10 8_5 8_7 8_9 9_9,0.666667,0.538462,0.428571,0.538462,,0.538462,0.666667,0.538462,0.081081,0.739130
2025-07-01,B4: B1+B3,28,0.392857,0.550000,3_11 4_10 4_9 5_15 5_8 5_9 6_14 6_15 7_16 7_8 8_6,10_15 3_14 4_8 5_14 7_15 8_15 8_16 9_14 9_16,2_3 2_4 3_10 3_13 3_6 3_7 3_9 5_3 5_7 6_3 6_8 7_7 8_10 8_5 8_7 8_9 9_9,0.379310,0.739130,0.481481,0.600000,0.538462,,0.428571,0.739130,0.025641,0.428571
2025-07-01,B2: Recent MA,28,0.464286,0.650000,2_4 3_10 3_13 3_7 4_10 4_9 5_15 5_9 6_14 6_15 7_16 7_8 8_6,3_15 4_15 6_4 7_15 8_16 9_15 9_16,2_3 3_11 3_6 3_9 5_3 5_7 5_8 6_3 6_8 7_7 8_10 8_5 8_7 8_9 9_9,0.818182,0.428571,0.428571,0.379310,0.666667,0.428571,,0.333333,0.081081,0.818182
2025-07-01,B3: DoY season,28,0.357143,0.500000,3_11 3_9 4_10 4_9 5_9 6_14 6_15 7_16 7_8 8_6,10_15 3_14 4_8 5_14 6_2 6_6 8_15 8_16 9_14 9_16,2_3 2_4 3_10 3_13 3_6 3_7 5_15 5_3 5_7 5_8 6_3 6_8 7_7 8_10 8_5 8_7 8_9 9_9,0.428571,0.538462,0.333333,0.538462,0.538462,0.739130,0.333333,,0.025641,0.428571
2025-07-01,B0: Random,28,0.071429,0.100000,3_10 8_6,0_1 10_11 10_13 10_2 10_7 11_10 11_15 11_18 1_0 3_15 3_2 4_0 4_17 4_3 6_7 7_14 8_1 9_12,2_3 2_4 3_11 3_13 3_6 3_7 3_9 4_10 4_9 5_15 5_3 5_7 5_8 5_9 6_14 6_15 6_3 6_8 7_16 7_7 7_8 8_10 8_5 8_7 8_9 9_9,0.081081,0.052632,0.052632,0.052632,0.081081,0.025641,0.081081,0.025641,,0.081081
2025-07-02,GLM-Logit,25,0.320000,0.400000,2_4 4_10 4_9 5_15 5_8 6_14 7_16 9_15,3_10 3_13 3_15 3_9 5_9 6_15 6_4 7_15 7_8 8_16 8_6 9_16,10_15 10_16 11_16 3_11 3_14 3_4 3_7 3_8 5_13 6_7 7_2 8_15 8_17 8_8 9_14 9_4 9_9,0.818182,0.481481,0.481481,0.428571,0.739130,0.481481,1.000000,0.428571,0.025641,
2025-07-02,HierBayes,25,0.360000,0.450000,10_15 2_4 3_7 4_10 4_9 5_8 6_14 7_16 9_15,3_10 3_13 3_15 3_9 5_9 6_15 6_4 7_8 8_16 8_6 9_16,10_16 11_16 3_11 3_14 3_4 3_8 5_13 5_15 6_7 7_2 8_15 8_17 8_8 9_14 9_4 9_9,,0.379310,0.428571,0.379310,0.739130,0.379310,0.818182,0.428571,0.052632,0.818182
2025-07-02,B1: Static prior,25,0.480000,0.600000,3_11 3_14 4_10 4_9 5_15 5_8 6_14 6_7 7_16 8_15 9_14 9_15,3_10 4_8 5_14 5_9 6_15 7_15 7_8 9_16,10_15 10_16 11_16 2_4 3_4 3_7 3_8 5_13 7_2 8_17 8_8 9_4 9_9,0.379310,,0.666667,0.739130,0.481481,0.739130,0.481481,0.666667,0.000000,0.481481
2025-07-02,TTM,25,0.400000,0.500000,3_11 4_10 4_9 5_8 6_14 6_7 7_16 8_15 9_14 9_15,10_17 3_10 5_9 6_15 6_4 6_8 7_15 7_5 7_8 9_16,10_15 10_16 11_16 2_4 3_14 3_4 3_7 3_8 5_13 5_15 7_2 8_17 8_8 9_4 9_9,0.428571,0.666667,,0.481481,0.481481,0.481481,0.481481,0.481481,0.000000,0.481481
2025-07-02,ET,25,0.440000,0.550000,3_14 4_10 4_9 5_15 5_8 6_14 6_7 7_16 8_15 9_14 9_15,3_10 4_8 5_14 5_9 6_15 6_6 8_16 8_9 9_16,10_15 10_16 11_16 2_4 3_11 3_4 3_7 3_8 5_13 7_2 8_17 8_8 9_4 9_9,0.379310,0.739130,0.481481,,0.481481,0.666667,0.428571,0.600000,0.000000,0.428571
2025-07-02,B5: B2+B3,25,0.320000,0.400000,2_4 4_10 4_9 6_14 7_16 8_15 9_14 9_15,3_10 3_13 3_15 3_9 5_14 5_9 6_15 6_4 7_8 8_16 8_6 9_16,10_15 10_16 11_16 3_11 3_14 3_4 3_7 3_8 5_13 5_15 5_8 6_7 7_2 8_17 8_8 9_4 9_9,0.739130,0.481481,0.481481,0.481481,,0.481481,0.739130,0.481481,0.025641,0.739130
2025-07-02,B4: B1+B3,25,0.400000,0.500000,3_11 3_14 4_10 4_9 5_15 5_8 6_14 7_16 8_15 9_14,3_9 4_8 5_14 5_9 6_15 6_6 7_15 7_8 8_16 9_16,10_15 10_16 11_16 2_4 3_4 3_7 3_8 5_13 6_7 7_2 8_17 8_8 9_15 9_4 9_9,0.379310,0.739130,0.481481,0.666667,0.481481,,0.481481,0.904762,0.000000,0.481481
2025-07-02,B2: Recent MA,25,0.320000,0.400000,2_4 4_10 4_9 5_15 5_8 6_14 7_16 9_15,3_10 3_13 3_15 3_9 5_9 6_15 6_4 7_15 7_8 8_16 8_6 9_16,10_15 10_16 11_16 3_11 3_14 3_4 3_7 3_8 5_13 6_7 7_2 8_15 8_17 8_8 9_14 9_4 9_9,0.818182,0.481481,0.481481,0.428571,0.739130,0.481481,,0.428571,0.025641,1.000000
2025-07-02,B3: DoY season,25,0.400000,0.500000,10_15 3_11 3_14 4_10 4_9 5_8 6_14 7_16 8_15 9_14,3_9 4_8 5_14 5_9 6_15 6_6 7_15 7_8 8_16 9_16,10_16 11_16 2_4 3_4 3_7 3_8 5_13 5_15 6_7 7_2 8_17 8_8 9_15 9_4 9_9,0.428571,0.666667,0.481481,0.600000,0.481481,0.904762,0.428571,,0.000000,0.428571
2025-07-02,B0: Random,25,0.080000,0.100000,3_7 5_13,0_2 0_5 10_3 11_12 11_19 12_2 12_3 1_19 2_7 3_15 5_6 6_19 7_6 8_1 8_2 8_4 9_18 9_19,10_15 10_16 11_16 2_4 3_11 3_14 3_4 3_8 4_10 4_9 5_15 5_8 6_14 6_7 7_16 7_2 8_15 8_17 8_8 9_14 9_15 9_4 9_9,0.052632,0.000000,0.000000,0.000000,0.025641,0.000000,0.025641,0.000000,,0.025641
2025-07-03,GLM-Logit,29,0.310345,0.450000,3_10 3_14 3_15 4_10 4_9 6_14 7_8 8_6 9_15,2_4 3_13 3_7 5_15 5_8 6_15 6_4 7_16 8_16 9_14 9_16,10_14 10_15 10_16 2_5 3_5 3_8 5_13 5_14 5_3 5_7 6_11 6_3 7_7 8_1 8_10 8_15 8_2 8_5 8_8 9_9,0.818182,0.481481,0.379310,0.481481,0.600000,0.428571,0.818182,0.379310,0.025641,
2025-07-03,HierBayes,29,0.344828,0.500000,10_15 3_10 3_14 3_15 4_10 4_9 6_14 7_8 8_6 9_15,2_4 3_13 3_7 3_9 5_15 6_15 6_4 7_16 8_16 9_16,10_14 10_16 2_5 3_5 3_8 5_13 5_14 5_3 5_7 6_11 6_3 7_7 8_1 8_10 8_15 8_2 8_5 8_8 9_9,,0.379310,0.290323,0.379310,0.600000,0.379310,0.818182,0.379310,0.025641,0.818182
2025-07-03,B1: Static prior,29,0.310345,0.450000,3_10 3_14 4_10 4_9 5_14 6_14 7_8 8_15 9_15,3_11 4_8 5_15 5_8 5_9 6_15 6_7 7_15 7_16 9_14 9_16,10_14 10_15 10_16 2_5 3_15 3_5 3_8 5_13 5_3 5_7 6_11 6_3 7_7 8_1 8_10 8_2 8_5 8_6 8_8 9_9,0.379310,,0.666667,0.739130,0.600000,0.739130,0.428571,0.666667,0.052632,0.481481
2025-07-03,TTM,29,0.310345,0.450000,3_10 4_10 4_9 5_14 6_14 7_8 8_15 8_8 9_15,3_11 5_8 5_9 6_15 6_4 6_7 6_8 7_15 7_5 9_14 9_16,10_14 10_15 10_16 2_5 3_14 3_15 3_5 3_8 5_13 5_3 5_7 6_11 6_3 7_7 8_1 8_10 8_2 8_5 8_6 9_9,0.290323,0.666667,,0.481481,0.428571,0.481481,0.379310,0.428571,0.081081,0.379310
2025-07-03,ET,29,0.275862,0.400000,3_10 3_14 4_10 4_9 5_14 6_14 8_15 9_15,4_8 5_15 5_8 5_9 6_15 6_6 6_7 7_16 8_16 8_9 9_14 9_16,10_14 10_15 10_16 2_5 3_15 3_5 3_8 5_13 5_3 5_7 6_11 6_3 7_7 7_8 8_1 8_10 8_2 8_5 8_6 8_8 9_9,0.379310,0.739130,0.481481,,0.538462,0.666667,0.428571,0.600000,0.025641,0.481481
2025-07-03,B5: B2+B3,29,0.310345,0.450000,3_14 3_15 4_10 4_9 5_14 6_14 7_8 8_15 9_15,2_4 3_13 3_9 5_15 5_9 6_15 7_15 7_16 8_16 9_14 9_16,10_14 10_15 10_16 2_5 3_10 3_5 3_8 5_13 5_3 5_7 6_11 6_3 7_7 8_1 8_10 8_2 8_5 8_6 8_8 9_9,0.600000,0.600000,0.428571,0.538462,,0.666667,0.666667,0.666667,0.025641,0.600000
2025-07-03,B4: B1+B3,29,0.241379,0.350000,3_14 4_10 4_9 5_14 6_14 7_8 8_15,3_11 3_9 4_8 5_15 5_8 5_9 6_15 6_6 7_15 7_16 8_16 9_14 9_16,10_14 10_15 10_16 2_5 3_10 3_15 3_5 3_8 5_13 5_3 5_7 6_11 6_3 7_7 8_1 8_10 8_2 8_5 8_6 8_8 9_15 9_9,0.379310,0.739130,0.481481,0.666667,0.666667,,0.428571,0.904762,0.052632,0.428571
2025-07-03,B2: Recent MA,29,0.275862,0.400000,3_10 3_15 4_10 4_9 6_14 7_8 8_6 9_15,2_4 3_13 3_7 3_9 5_15 5_9 6_15 6_4 7_16 8_16 9_14 9_16,10_14 10_15 10_16 2_5 3_14 3_5 3_8 5_13 5_14 5_3 5_7 6_11 6_3 7_7 8_1 8_10 8_15 8_2 8_5 8_8 9_9,0.818182,0.428571,0.379310,0.428571,0.666667,0.428571,,0.428571,0.025641,0.818182
2025-07-03,B3: DoY season,29,0.241379,0.350000,3_14 4_10 4_9 5_14 6_14 7_8 8_15,3_11 3_12 3_9 4_8 5_15 5_9 6_15 6_6 7_15 7_16 8_16 9_14 9_16,10_14 10_15 10_16 2_5 3_10 3_15 3_5 3_8 5_13 5_3 5_7 6_11 6_3 7_7 8_1 8_10 8_2 8_5 8_6 8_8 9_15 9_9,0.379310,0.666667,0.428571,0.600000,0.666667,0.904762,0.428571,,0.052632,0.379310
2025-07-03,B0: Random,29,0.103448,0.150000,10_15 7_7 9_9,0_10 0_12 0_5 11_1 11_7 12_2 12_8 2_11 3_11 3_6 4_13 4_3 7_5 8_17 8_18 9_14 9_3,10_14 10_16 2_5 3_10 3_14 3_15 3_5 3_8 4_10 4_9 5_13 5_14 5_3 5_7 6_11 6_14 6_3 7_8 8_1 8_10 8_15 8_2 8_5 8_6 8_8 9_15,0.025641,0.052632,0.081081,0.025641,0.025641,0.052632,0.025641,0.052632,,0.025641
2025-07-04,GLM-Logit,21,0.476190,0.500000,3_10 3_14 4_10 4_9 5_8 6_15 7_16 7_8 9_15 9_16,2_4 3_13 3_15 3_7 5_15 6_14 8_15 8_16 8_6 9_14,10_15 3_6 3_9 4_14 5_13 6_3 6_9 7_0 7_15 7_7 8_4,0.739130,0.538462,0.428571,0.538462,0.666667,0.481481,0.904762,0.428571,0.142857,
2025-07-04,HierBayes,21,0.523810,0.550000,10_15 3_10 3_14 3_9 4_10 4_9 6_15 7_16 7_8 9_15 9_16,2_4 3_13 3_15 3_7 6_14 6_4 8_15 8_16 8_6,3_6 4_14 5_13 5_8 6_3 6_9 7_0 7_15 7_7 8_4,,0.379310,0.379310,0.379310,0.600000,0.379310,0.818182,0.379310,0.111111,0.739130
2025-07-04,B1: Static prior,21,0.523810,0.550000,3_10 3_14 4_10 4_9 5_8 6_15 7_15 7_16 7_8 9_15 9_16,3_11 4_8 5_14 5_15 5_9 6_14 6_7 8_15 9_14,10_15 3_6 3_9 4_14 5_13 6_3 6_9 7_0 7_7 8_4,0.379310,,0.600000,0.739130,0.600000,0.739130,0.481481,0.666667,0.111111,0.538462
2025-07-04,TTM,21,0.428571,0.450000,3_10 4_10 4_9 5_8 6_15 7_16 7_8 9_15 9_16,3_11 5_14 5_4 5_9 6_4 6_7 7_5 8_15 8_16 8_8 9_14,10_15 3_14 3_6 3_9 4_14 5_13 6_3 6_9 7_0 7_15 7_7 8_4,0.379310,0.600000,,0.538462,0.428571,0.481481,0.428571,0.428571,0.052632,0.428571
2025-07-04,ET,21,0.428571,0.450000,3_10 3_14 4_10 4_9 5_8 6_15 7_16 9_15 9_16,4_8 5_14 5_15 5_9 6_14 6_6 6_7 8_15 8_16 8_9 9_14,10_15 3_6 3_9 4_14 5_13 6_3 6_9 7_0 7_15 7_7 7_8 8_4,0.379310,0.739130,0.538462,,0.538462,0.666667,0.481481,0.600000,0.081081,0.538462
2025-07-04,B5: B2+B3,21,0.476190,0.500000,3_14 3_9 4_10 4_9 6_15 7_15 7_16 7_8 9_15 9_16,2_4 3_13 3_15 5_14 5_15 5_9 6_14 8_15 8_16 9_14,10_15 3_10 3_6 4_14 5_13 5_8 6_3 6_9 7_0 7_7 8_4,0.600000,0.600000,0.428571,0.538462,,0.666667,0.666667,0.666667,0.142857,0.666667
2025-07-04,B4: B1+B3,21,0.476190,0.500000,3_14 3_9 4_10 4_9 5_8 6_15 7_15 7_16 7_8 9_16,3_11 4_8 5_14 5_15 5_9 6_14 6_6 8_15 8_16 9_14,10_15 3_10 3_6 4_14 5_13 6_3 6_9 7_0 7_7 8_4 9_15,0.379310,0.739130,0.481481,0.666667,0.666667,,0.428571,0.904762,0.111111,0.481481
2025-07-04,B2: Recent MA,21,0.428571,0.450000,3_10 3_14 4_10 4_9 6_15 7_16 7_8 9_15 9_16,2_4 3_13 3_15 3_7 5_15 6_14 6_4 8_15 8_16 8_6 9_14,10_15 3_6 3_9 4_14 5_13 5_8 6_3 6_9 7_0 7_15 7_7 8_4,0.818182,0.481481,0.428571,0.481481,0.666667,0.428571,,0.428571,0.142857,0.904762
2025-07-04,B3: DoY season,21,0.428571,0.450000,3_14 3_9 4_10 4_9 6_15 7_15 7_16 7_8 9_16,3_11 3_12 4_8 5_14 5_15 5_9 6_14 6_6 8_15 8_16 9_14,10_15 3_10 3_6 4_14 5_13 5_8 6_3 6_9 7_0 7_7 8_4 9_15,0.379310,0.666667,0.428571,0.600000,0.666667,0.904762,0.428571,,0.111111,0.428571
2025-07-04,B0: Random,21,0.190476,0.200000,3_14 7_7 7_8 8_4,12_10 12_15 1_13 1_5 3_13 4_13 4_17 5_15 6_16 6_5 7_19 8_12 8_15 8_18 9_18 9_5,10_15 3_10 3_6 3_9 4_10 4_14 4_9 5_13 5_8 6_15 6_3 6_9 7_0 7_15 7_16 9_15 9_16,0.111111,0.111111,0.052632,0.081081,0.142857,0.111111,0.142857,0.111111,,0.142857
2025-07-05,GLM-Logit,20,0.500000,0.500000,2_4 3_10 3_9 4_9 6_14 6_15 7_15 8_15 8_6 9_16,3_13 3_14 3_15 4_10 5_15 5_8 7_16 7_8 8_16 9_15,3_11 3_7 4_8 6_12 7_0 7_9 8_2 9_10 9_17 9_9,0.818182,0.538462,0.379310,0.481481,0.739130,0.538462,0.904762,0.428571,0.025641,
2025-07-05,HierBayes,20,0.500000,0.500000,2_4 3_10 3_7 3_9 4_9 6_14 6_15 7_15 8_6 9_16,10_15 3_13 3_14 3_15 4_10 5_8 7_16 7_8 8_16 9_15,3_11 4_8 6_12 7_0 7_9 8_15 8_2 9_10 9_17 9_9,,0.428571,0.333333,0.379310,0.600000,0.428571,0.818182,0.379310,0.000000,0.818182
2025-07-05,B1: Static prior,20,0.450000,0.450000,3_10 3_11 4_8 4_9 6_14 6_15 7_15 8_15 9_16,3_14 4_10 5_14 5_15 5_8 5_9 6_7 7_16 7_8 9_14 9_15,2_4 3_7 3_9 6_12 7_0 7_9 8_2 8_6 9_10 9_17 9_9,0.428571,,0.600000,0.739130,0.666667,0.818182,0.481481,0.600000,0.052632,0.538462
2025-07-05,TTM,20,0.350000,0.350000,3_10 3_11 4_8 4_9 6_15 8_15 9_16,4_10 5_14 5_7 5_8 5_9 6_4 7_16 7_5 7_8 8_16 8_8 9_14 9_15,2_4 3_7 3_9 6_12 6_14 7_0 7_15 7_9 8_2 8_6 9_10 9_17 9_9,0.333333,0.600000,,0.538462,0.481481,0.600000,0.379310,0.481481,0.052632,0.379310
2025-07-05,ET,20,0.350000,0.350000,3_10 4_8 4_9 6_14 6_15 8_15 9_16,3_14 4_10 5_14 5_15 5_8 5_9 6_6 6_7 7_16 8_16 8_9 9_14 9_15,2_4 3_11 3_7 3_9 6_12 7_0 7_15 7_9 8_2 8_6 9_10 9_17 9_9,0.379310,0.739130,0.538462,,0.600000,0.666667,0.428571,0.538462,0.052632,0.481481
2025-07-05,B5: B2+B3,20,0.450000,0.450000,2_4 3_10 3_9 4_9 6_14 6_15 7_15 8_15 9_16,3_14 3_15 4_10 5_14 5_15 5_9 7_16 7_8 8_16 9_14 9_15,3_11 3_7 4_8 6_12 7_0 7_9 8_2 8_6 9_10 9_17 9_9,0.600000,0.666667,0.481481,0.600000,,0.666667,0.666667,0.600000,0.052632,0.739130
2025-07-05,B4: B1+B3,20,0.400000,0.400000,3_11 4_8 4_9 6_14 6_15 7_15 8_15 9_16,3_12 3_14 4_10 5_14 5_15 5_8 5_9 7_16 7_8 8_16 9_14 9_15,2_4 3_10 3_7 3_9 6_12 7_0 7_9 8_2 8_6 9_10 9_17 9_9,0.428571,0.818182,0.600000,0.666667,0.666667,,0.481481,0.739130,0.052632,0.538462
2025-07-05,B2: Recent MA,20,0.450000,0.450000,2_4 3_10 3_9 4_9 6_14 6_15 7_15 8_6 9_16,3_13 3_14 3_15 4_10 5_15 5_8 6_4 7_16 7_8 8_16 9_15,3_11 3_7 4_8 6_12 7_0 7_9 8_15 8_2 9_10 9_17 9_9,0.818182,0.481481,0.379310,0.428571,0.666667,0.481481,,0.379310,0.000000,0.904762
2025-07-05,B3: DoY season,20,0.450000,0.450000,3_11 3_9 4_8 4_9 6_14 6_15 7_15 8_15 9_16,3_12 3_14 4_10 5_14 5_9 6_3 6_6 7_16 7_8 8_16 9_14,2_4 3_10 3_7 6_12 7_0 7_9 8_2 8_6 9_10 9_17 9_9,0.379310,0.600000,0.481481,0.538462,0.600000,0.739130,0.379310,,0.052632,0.428571
2025-07-05,B0: Random,20,0.050000,0.050000,8_15,0_1 0_7 10_14 10_4 10_5 11_0 11_6 1_16 1_4 1_8 2_14 2_5 4_7 5_16 5_4 6_13 6_5 9_14 9_8,2_4 3_10 3_11 3_7 3_9 4_8 4_9 6_12 6_14 6_15 7_0 7_15 7_9 8_2 8_6 9_10 9_16 9_17 9_9,0.000000,0.052632,0.052632,0.052632,0.052632,0.052632,0.000000,0.052632,,0.025641
2025-07-06,GLM-Logit,19,0.421053,0.400000,2_4 3_10 3_9 4_10 6_14 7_15 8_15 9_16,3_13 3_14 3_15 3_7 4_9 6_15 7_16 7_8 8_16 8_6 9_14 9_15,2_11 3_11 4_12 4_8 5_7 6_2 6_5 6_6 6_7 7_3 7_5,0.904762,0.481481,0.379310,0.428571,0.904762,0.538462,0.904762,0.538462,0.000000,
2025-07-06,HierBayes,19,0.421053,0.400000,2_4 3_10 3_9 4_10 6_14 7_15 8_15 9_16,3_13 3_14 3_15 3_6 3_7 4_9 6_15 7_16 7_8 8_16 8_6 9_15,2_11 3_11 4_12 4_8 5_7 6_2 6_5 6_6 6_7 7_3 7_5,,0.428571,0.333333,0.379310,0.818182,0.481481,0.904762,0.481481,0.000000,0.904762
2025-07-06,B1: Static prior,19,0.473684,0.450000,3_10 3_11 4_10 4_8 6_14 6_7 7_15 8_15 9_16,3_14 4_9 5_14 5_15 5_8 5_9 6_15 7_16 7_8 9_14 9_15,2_11 2_4 3_9 4_12 5_7 6_2 6_5 6_6 7_3 7_5,0.428571,,0.666667,0.739130,0.538462,0.739130,0.481481,0.600000,0.000000,0.481481
2025-07-06,TTM,19,0.263158,0.250000,3_10 3_11 4_10 7_15 9_16,10_16 3_14 4_9 5_14 5_15 5_8 5_9 6_15 6_3 6_4 7_16 7_8 8_8 9_14 9_15,2_11 2_4 3_9 4_12 4_8 5_7 6_14 6_2 6_5 6_6 6_7 7_3 7_5 8_15,0.333333,0.666667,,0.481481,0.428571,0.538462,0.379310,0.538462,0.081081,0.379310
2025-07-06,ET,19,0.421053,0.400000,3_10 4_10 4_8 6_14 6_6 6_7 8_15 9_16,3_14 4_9 5_14 5_15 5_8 5_9 6_15 7_16 8_16 8_9 9_14 9_15,2_11 2_4 3_11 3_9 4_12 5_7 6_2 6_5 7_15 7_3 7_5,0.379310,0.739130,0.481481,,0.481481,0.600000,0.428571,0.538462,0.000000,0.428571
2025-07-06,B5: B2+B3,19,0.421053,0.400000,2_4 3_10 3_9 4_10 6_14 7_15 8_15 9_16,3_13 3_14 3_15 4_9 5_9 6_15 7_16 7_8 8_16 8_6 9_14 9_15,2_11 3_11 4_12 4_8 5_7 6_2 6_5 6_6 6_7 7_3 7_5,0.818182,0.538462,0.428571,0.481481,,0.600000,0.904762,0.600000,0.000000,0.904762
2025-07-06,B4: B1+B3,19,0.421053,0.400000,3_11 3_9 4_10 6_14 6_7 7_15 8_15 9_16,3_12 3_14 4_9 5_14 5_8 5_9 6_15 7_16 7_8 8_16 9_14 9_15,2_11 2_4 3_10 4_12 4_8 5_7 6_2 6_5 6_6 7_3 7_5,0.481481,0.739130,0.538462,0.600000,0.600000,,0.538462,0.818182,0.000000,0.538462
2025-07-06,B2: Recent MA,19,0.421053,0.400000,2_4 3_10 3_9 4_10 6_14 7_15 8_15 9_16,3_13 3_14 3_15 3_7 4_9 5_9 6_15 7_16 7_8 8_16 8_6 9_15,2_11 3_11 4_12 4_8 5_7 6_2 6_5 6_6 6_7 7_3 7_5,0.904762,0.481481,0.379310,0.428571,0.904762,0.538462,,0.538462,0.000000,0.904762
2025-07-06,B3: DoY season,19,0.368421,0.350000,3_9 4_10 6_14 6_7 7_15 8_15 9_16,3_12 3_14 4_9 5_14 5_9 6_15 6_3 7_16 7_8 8_16 8_8 9_14 9_15,2_11 2_4 3_10 3_11 4_12 4_8 5_7 6_2 6_5 6_6 7_3 7_5,0.481481,0.600000,0.538462,0.538462,0.600000,0.818182,0.538462,,0.025641,0.538462
2025-07-06,B0: Random,19,0.052632,0.050000,5_7,0_0 0_2 0_9 10_16 11_10 11_7 1_11 1_15 2_1 2_17 2_6 3_2 4_14 4_16 5_6 6_3 6_4 6_8 8_1,2_11 2_4 3_10 3_11 3_9 4_10 4_12 4_8 6_14 6_2 6_5 6_6 6_7 7_15 7_3 7_5 8_15 9_16,0.000000,0.000000,0.081081,0.000000,0.000000,0.000000,0.000000,0.025641,,0.000000
2025-07-07,GLM-Logit,28,0.357143,0.500000,2_4 3_10 3_14 3_9 5_8 6_14 7_8 8_15 9_15 9_16,3_15 3_7 4_10 4_9 6_15 6_7 7_15 7_16 8_16 8_6,10_14 10_15 11_16 11_17 2_14 3_11 3_6 5_13 5_16 5_9 6_12 6_2 6_3 6_4 7_5 7_9 8_17 9_9,0.818182,0.538462,0.428571,0.481481,0.818182,0.600000,0.818182,0.666667,0.052632,
2025-07-07,HierBayes,28,0.357143,0.500000,2_4 3_10 3_14 3_6 3_9 6_14 7_8 8_15 9_15 9_16,3_13 3_15 3_7 4_10 4_9 6_15 7_15 7_16 8_16 8_6,10_14 10_15 11_16 11_17 2_14 3_11 5_13 5_16 5_8 5_9 6_12 6_2 6_3 6_4 7_5 7_9 8_17 9_9,,0.428571,0.379310,0.379310,0.739130,0.481481,0.904762,0.538462,0.052632,0.818182
2025-07-07,B1: Static prior,28,0.357143,0.500000,3_10 3_11 3_14 5_8 5_9 6_14 7_8 8_15 9_15 9_16,4_10 4_8 4_9 5_14 5_15 6_15 6_7 7_15 7_16 9_14,10_14 10_15 11_16 11_17 2_14 2_4 3_6 3_9 5_13 5_16 6_12 6_2 6_3 6_4 7_5 7_9 8_17 9_9,0.428571,,0.739130,0.739130,0.600000,0.818182,0.428571,0.739130,0.081081,0.538462
2025-07-07,TTM,28,0.357143,0.500000,3_10 3_11 3_14 5_9 6_4 7_5 7_8 8_15 9_15 9_16,4_10 4_9 5_14 5_15 6_15 6_7 7_15 7_16 8_8 9_14,10_14 10_15 11_16 11_17 2_14 2_4 3_6 3_9 5_13 5_16 5_8 6_12 6_14 6_2 6_3 7_9 8_17 9_9,0.379310,0.739130,,0.538462,0.481481,0.600000,0.428571,0.538462,0.081081,0.428571
2025-07-07,ET,28,0.285714,0.400000,3_10 3_14 5_8 5_9 6_14 8_15 9_15 9_16,4_10 4_8 4_9 5_14 5_15 6_15 6_6 6_7 7_16 8_16 8_9 9_14,10_14 10_15 11_16 11_17 2_14 2_4 3_11 3_6 3_9 5_13 5_16 6_12 6_2 6_3 6_4 7_5 7_8 7_9 8_17 9_9,0.379310,0.739130,0.538462,,0.538462,0.666667,0.379310,0.666667,0.052632,0.481481
2025-07-07,B5: B2+B3,28,0.392857,0.550000,2_4 3_10 3_14 3_9 5_8 5_9 6_14 7_8 8_15 9_15 9_16,3_15 4_10 4_9 6_15 7_15 7_16 8_16 8_6 9_14,10_14 10_15 11_16 11_17 2_14 3_11 3_6 5_13 5_16 6_12 6_2 6_3 6_4 7_5 7_9 8_17 9_9,0.739130,0.600000,0.481481,0.538462,,0.666667,0.739130,0.739130,0.081081,0.818182
2025-07-07,B4: B1+B3,28,0.357143,0.500000,3_11 3_14 3_9 5_8 5_9 6_14 7_8 8_15 9_15 9_16,4_10 4_8 4_9 5_14 6_15 6_7 7_15 7_16 8_16 9_14,10_14 10_15 11_16 11_17 2_14 2_4 3_10 3_6 5_13 5_16 6_12 6_2 6_3 6_4 7_5 7_9 8_17 9_9,0.481481,0.818182,0.600000,0.666667,0.666667,,0.481481,0.904762,0.081081,0.600000
2025-07-07,B2: Recent MA,28,0.357143,0.500000,2_4 3_10 3_14 3_9 6_14 6_4 7_8 8_15 9_15 9_16,3_13 3_15 3_7 4_10 4_9 6_15 7_15 7_16 8_16 8_6,10_14 10_15 11_16 11_17 2_14 3_11 3_6 5_13 5_16 5_8 5_9 6_12 6_2 6_3 7_5 7_9 8_17 9_9,0.904762,0.428571,0.428571,0.379310,0.739130,0.481481,,0.538462,0.052632,0.818182
2025-07-07,B3: DoY season,28,0.321429,0.450000,3_14 3_9 5_8 5_9 6_14 7_8 8_15 9_15 9_16,3_15 4_10 4_8 4_9 5_14 6_15 6_7 7_15 7_16 8_16 9_14,10_14 10_15 11_16 11_17 2_14 2_4 3_10 3_11 3_6 5_13 5_16 6_12 6_2 6_3 6_4 7_5 7_9 8_17 9_9,0.538462,0.739130,0.538462,0.666667,0.739130,0.904762,0.538462,,0.081081,0.666667
2025-07-07,B0: Random,28,0.071429,0.100000,5_9 7_8,0_0 10_1 10_10 10_5 10_9 11_13 2_1 2_16 2_9 3_12 5_7 6_0 6_15 6_16 8_1 8_13 9_0 9_10,10_14 10_15 11_16 11_17 2_14 2_4 3_10 3_11 3_14 3_6 3_9 5_13 5_16 5_8 6_12 6_14 6_2 6_3 6_4 7_5 7_9 8_15 8_17 9_15 9_16 9_9,0.052632,0.081081,0.081081,0.052632,0.081081,0.081081,0.052632,0.081081,,0.052632
2025-07-08,GLM-Logit,22,0.409091,0.450000,3_10 3_15 3_9 5_8 6_14 6_15 6_7 7_8 9_16,2_4 3_14 4_10 4_9 5_9 7_15 7_16 8_15 8_16 8_6 9_15,3_13 4_12 4_14 5_15 5_7 6_2 6_4 6_9 7_1 7_6 8_10 9_14 9_9,0.739130,0.600000,0.428571,0.538462,0.818182,0.666667,0.904762,0.666667,0.111111,
2025-07-08,HierBayes,22,0.363636,0.400000,3_10 3_13 3_15 3_9 6_14 6_15 7_8 9_16,10_15 2_4 3_14 3_6 4_10 4_9 7_15 7_16 8_15 8_16 8_6 9_15,4_12 4_14 5_15 5_7 5_8 6_2 6_4 6_7 6_9 7_1 7_6 8_10 9_14 9_9,,0.428571,0.333333,0.379310,0.666667,0.481481,0.739130,0.481481,0.081081,0.739130
2025-07-08,B1: Static prior,22,0.409091,0.450000,3_10 5_15 5_8 6_14 6_15 6_7 7_8 9_14 9_16,3_11 3_14 4_10 4_8 4_9 5_14 5_9 7_15 7_16 8_15 9_15,3_13 3_15 3_9 4_12 4_14 5_7 6_2 6_4 6_9 7_1 7_6 8_10 9_9,0.428571,,0.666667,0.739130,0.600000,0.818182,0.538462,0.600000,0.081081,0.600000
2025-07-08,TTM,22,0.318182,0.350000,3_10 5_8 6_15 6_4 7_8 9_14 9_16,3_11 3_14 4_10 4_8 4_9 5_14 5_9 6_3 7_16 7_5 8_15 8_8 9_15,3_13 3_15 3_9 4_12 4_14 5_15 5_7 6_14 6_2 6_7 6_9 7_1 7_6 8_10 9_9,0.333333,0.666667,,0.538462,0.538462,0.600000,0.481481,0.428571,0.052632,0.428571
2025-07-08,ET,22,0.363636,0.400000,3_10 5_15 5_8 6_14 6_15 6_7 9_14 9_16,3_14 4_10 4_8 4_9 5_14 5_9 6_6 7_16 8_15 8_16 8_9 9_15,3_13 3_15 3_9 4_12 4_14 5_7 6_2 6_4 6_9 7_1 7_6 7_8 8_10 9_9,0.379310,0.739130,0.538462,,0.538462,0.666667,0.481481,0.538462,0.111111,0.538462
2025-07-08,B5: B2+B3,22,0.454545,0.500000,3_10 3_15 3_9 5_8 6_14 6_15 6_4 7_8 9_14 9_16,2_4 3_14 4_10 4_9 5_9 7_15 7_16 8_15 8_16 9_15,3_13 4_12 4_14 5_15 5_7 6_2 6_7 6_9 7_1 7_6 8_10 9_9,0.666667,0.600000,0.538462,0.538462,,0.666667,0.904762,0.666667,0.111111,0.818182
2025-07-08,B4: B1+B3,22,0.363636,0.400000,3_9 5_8 6_14 6_15 6_7 7_8 9_14 9_16,3_11 3_14 4_10 4_8 4_9 5_14 5_9 7_15 7_16 8_15 8_16 9_15,3_10 3_13 3_15 4_12 4_14 5_15 5_7 6_2 6_4 6_9 7_1 7_6 8_10 9_9,0.481481,0.818182,0.600000,0.666667,0.666667,,0.600000,0.739130,0.052632,0.666667
2025-07-08,B2: Recent MA,22,0.409091,0.450000,3_10 3_15 3_9 5_8 6_14 6_15 6_4 7_8 9_16,2_4 3_14 4_10 4_9 5_9 7_15 7_16 8_15 8_16 8_6 9_15,3_13 4_12 4_14 5_15 5_7 6_2 6_7 6_9 7_1 7_6 8_10 9_14 9_9,0.739130,0.538462,0.481481,0.481481,0.904762,0.600000,,0.600000,0.111111,0.904762
2025-07-08,B3: DoY season,22,0.409091,0.450000,3_15 3_9 5_8 6_14 6_15 6_7 7_8 9_14 9_16,3_12 3_14 3_16 4_10 4_9 5_14 5_9 7_15 7_16 8_15 8_16,3_10 3_13 4_12 4_14 5_15 5_7 6_2 6_4 6_9 7_1 7_6 8_10 9_9,0.481481,0.600000,0.428571,0.538462,0.666667,0.739130,0.600000,,0.052632,0.666667
2025-07-08,B0: Random,22,0.181818,0.200000,3_10 6_14 6_2 8_10,10_6 11_13 11_15 12_0 12_9 1_0 2_11 2_17 2_4 2_5 3_7 4_5 5_3 5_9 6_6 9_4,3_13 3_15 3_9 4_12 4_14 5_15 5_7 5_8 6_15 6_4 6_7 6_9 7_1 7_6 7_8 9_14 9_16 9_9,0.081081,0.081081,0.052632,0.111111,0.111111,0.052632,0.111111,0.052632,,0.111111
2025-07-09,GLM-Logit,23,0.478261,0.550000,2_4 3_10 3_13 3_15 4_9 6_14 6_15 6_7 7_16 7_8 9_16,3_14 3_9 4_10 5_8 7_15 8_15 8_6 9_14 9_15,10_15 10_17 2_11 3_11 3_8 4_14 5_10 5_4 5_9 6_13 7_4 8_16,0.818182,0.600000,0.333333,0.481481,0.739130,0.600000,0.904762,0.666667,0.025641,
2025-07-09,HierBayes,23,0.434783,0.500000,2_4 3_10 3_13 3_15 4_9 6_14 6_15 7_16 7_8 9_16,3_14 3_6 3_9 4_10 5_8 7_15 8_15 8_6 9_15 9_9,10_15 10_17 2_11 3_11 3_8 4_14 5_10 5_4 5_9 6_13 6_7 7_4 8_16,,0.481481,0.290323,0.379310,0.666667,0.481481,0.818182,0.538462,0.025641,0.818182
2025-07-09,B1: Static prior,23,0.434783,0.500000,3_10 3_11 4_9 5_9 6_14 6_15 6_7 7_16 7_8 9_16,3_14 4_10 4_8 5_14 5_15 5_8 7_15 8_15 9_14 9_15,10_15 10_17 2_11 2_4 3_13 3_15 3_8 4_14 5_10 5_4 6_13 7_4 8_16,0.481481,,0.538462,0.739130,0.600000,0.818182,0.538462,0.666667,0.025641,0.600000
2025-07-09,TTM,23,0.391304,0.450000,3_11 4_9 5_4 5_9 6_15 7_16 7_8 8_16 9_16,4_10 5_14 5_15 6_3 6_4 7_15 7_5 8_15 8_8 9_14 9_15,10_15 10_17 2_11 2_4 3_10 3_13 3_15 3_8 4_14 5_10 6_13 6_14 6_7 7_4,0.290323,0.538462,,0.428571,0.481481,0.600000,0.333333,0.481481,0.081081,0.333333
2025-07-09,ET,23,0.391304,0.450000,3_10 4_9 5_9 6_14 6_15 6_7 7_16 8_16 9_16,3_14 4_10 4_8 5_14 5_15 5_8 6_6 8_15 8_9 9_14 9_15,10_15 10_17 2_11 2_4 3_11 3_13 3_15 3_8 4_14 5_10 5_4 6_13 7_4 7_8,0.379310,0.739130,0.428571,,0.538462,0.666667,0.428571,0.600000,0.052632,0.481481
2025-07-09,B5: B2+B3,23,0.478261,0.550000,2_4 3_10 3_15 4_9 5_9 6_14 6_15 7_16 7_8 8_16 9_16,3_14 3_9 4_10 5_8 6_4 7_15 8_15 9_14 9_15,10_15 10_17 2_11 3_11 3_13 3_8 4_14 5_10 5_4 6_13 6_7 7_4,0.666667,0.600000,0.481481,0.538462,,0.666667,0.739130,0.739130,0.052632,0.739130
2025-07-09,B4: B1+B3,23,0.434783,0.500000,3_11 4_9 5_9 6_14 6_15 6_7 7_16 7_8 8_16 9_16,3_14 3_9 4_10 5_14 5_15 5_8 7_15 8_15 9_14 9_15,10_15 10_17 2_11 2_4 3_10 3_13 3_15 3_8 4_14 5_10 5_4 6_13 7_4,0.481481,0.818182,0.600000,0.666667,0.666667,,0.538462,0.818182,0.052632,0.600000
2025-07-09,B2: Recent MA,23,0.478261,0.550000,2_4 3_10 3_13 3_15 4_9 6_14 6_15 6_7 7_16 7_8 9_16,3_14 3_9 4_10 5_8 6_4 7_15 8_15 8_6 9_15,10_15 10_17 2_11 3_11 3_8 4_14 5_10 5_4 5_9 6_13 7_4 8_16,0.818182,0.538462,0.333333,0.428571,0.739130,0.538462,,0.600000,0.025641,0.904762
2025-07-09,B3: DoY season,23,0.434783,0.500000,2_4 4_9 5_9 6_14 6_15 6_7 7_16 7_8 8_16 9_16,3_14 3_16 3_9 4_10 5_14 5_8 7_15 8_15 9_14 9_15,10_15 10_17 2_11 3_10 3_11 3_13 3_15 3_8 4_14 5_10 5_4 6_13 7_4,0.538462,0.666667,0.481481,0.600000,0.739130,0.818182,0.600000,,0.052632,0.666667
2025-07-09,B0: Random,23,0.130435,0.150000,4_14 4_9 8_16,0_17 0_7 10_3 10_8 12_11 12_18 1_18 1_19 1_6 2_2 2_5 4_0 4_3 6_5 7_12 7_5 7_6,10_15 10_17 2_11 2_4 3_10 3_11 3_13 3_15 3_8 5_10 5_4 5_9 6_13 6_14 6_15 6_7 7_16 7_4 7_8 9_16,0.025641,0.025641,0.081081,0.052632,0.052632,0.052632,0.025641,0.052632,,0.025641
2025-07-10,GLM-Logit,22,0.409091,0.450000,3_14 4_10 6_15 6_7 7_15 7_16 8_15 9_14 9_16,2_4 3_10 3_13 3_15 3_9 4_9 5_8 6_14 7_8 8_6 9_15,2_3 3_11 3_7 5_12 5_15 5_9 6_3 6_4 7_2 8_4 8_5 9_10 9_9,0.818182,0.600000,0.428571,0.481481,0.818182,0.600000,0.904762,0.538462,0.081081,
2025-07-10,HierBayes,22,0.363636,0.400000,3_14 4_10 6_15 6_7 7_16 8_15 9_16 9_9,10_15 2_4 3_10 3_13 3_15 3_9 4_9 5_8 6_14 7_8 8_6 9_15,2_3 3_11 3_7 5_12 5_15 5_9 6_3 6_4 7_15 7_2 8_4 8_5 9_10 9_14,,0.481481,0.333333,0.428571,0.666667,0.481481,0.818182,0.428571,0.081081,0.818182
2025-07-10,B1: Static prior,22,0.545455,0.600000,3_11 3_14 4_10 5_15 5_9 6_15 6_7 7_15 7_16 8_15 9_14 9_16,3_10 4_8 4_9 5_14 5_8 6_14 7_8 9_15,2_3 3_7 5_12 6_3 6_4 7_2 8_4 8_5 9_10 9_9,0.481481,,0.666667,0.739130,0.666667,0.818182,0.538462,0.600000,0.000000,0.600000
2025-07-10,TTM,22,0.590909,0.650000,3_11 4_10 5_15 5_9 6_15 6_3 6_4 6_7 7_15 7_16 8_15 9_14 9_16,3_10 4_9 5_14 5_4 5_8 8_8 9_15,2_3 3_14 3_7 5_12 7_2 8_4 8_5 9_10 9_9,0.333333,0.666667,,0.538462,0.481481,0.538462,0.428571,0.379310,0.000000,0.428571
2025-07-10,ET,22,0.454545,0.500000,3_14 4_10 5_15 5_9 6_15 6_7 7_16 8_15 9_14 9_16,3_10 4_8 4_9 5_14 5_8 6_14 6_6 8_16 8_9 9_15,2_3 3_11 3_7 5_12 6_3 6_4 7_15 7_2 8_4 8_5 9_10 9_9,0.428571,0.739130,0.538462,,0.600000,0.666667,0.428571,0.600000,0.000000,0.481481
2025-07-10,B5: B2+B3,22,0.454545,0.500000,3_14 4_10 5_9 6_15 6_7 7_15 7_16 8_15 9_14 9_16,2_4 3_10 3_15 3_9 4_9 5_8 6_14 7_8 8_16 9_15,2_3 3_11 3_7 5_12 5_15 6_3 6_4 7_2 8_4 8_5 9_10 9_9,0.666667,0.666667,0.481481,0.600000,,0.739130,0.739130,0.666667,0.081081,0.818182
2025-07-10,B4: B1+B3,22,0.500000,0.550000,3_11 3_14 4_10 5_9 6_15 6_7 7_15 7_16 8_15 9_14 9_16,3_9 4_8 4_9 5_14 5_8 6_14 7_8 8_16 9_15,2_3 3_7 5_12 5_15 6_3 6_4 7_2 8_4 8_5 9_10 9_9,0.481481,0.818182,0.538462,0.666667,0.739130,,0.538462,0.739130,0.025641,0.600000
2025-07-10,B2: Recent MA,22,0.409091,0.450000,3_14 4_10 6_15 6_4 6_7 7_15 7_16 8_15 9_16,2_4 3_10 3_13 3_15 3_9 4_9 5_8 6_14 7_8 8_6 9_15,2_3 3_11 3_7 5_12 5_15 5_9 6_3 7_2 8_4 8_5 9_10 9_14 9_9,0.818182,0.538462,0.428571,0.428571,0.739130,0.538462,,0.481481,0.081081,0.904762
2025-07-10,B3: DoY season,22,0.454545,0.500000,3_14 4_10 5_9 6_15 6_7 7_15 7_16 8_15 9_14 9_16,2_4 3_16 3_9 4_8 4_9 5_14 6_14 6_6 7_8 8_16,2_3 3_11 3_7 5_12 5_15 6_3 6_4 7_2 8_4 8_5 9_10 9_9,0.428571,0.600000,0.379310,0.600000,0.666667,0.739130,0.481481,,0.052632,0.538462
2025-07-10,B0: Random,22,0.090909,0.100000,8_4 8_5,0_3 10_3 11_8 12_13 1_2 2_1 2_11 2_12 2_19 2_4 3_15 3_8 3_9 4_17 5_19 7_5 8_2 9_1,2_3 3_11 3_14 3_7 4_10 5_12 5_15 5_9 6_15 6_3 6_4 6_7 7_15 7_16 7_2 8_15 9_10 9_14 9_16 9_9,0.081081,0.000000,0.000000,0.000000,0.081081,0.025641,0.081081,0.052632,,0.081081
2025-07-11,GLM-Logit,21,0.285714,0.300000,3_7 5_8 6_14 7_16 7_8 8_6,2_4 3_10 3_11 3_14 3_15 3_9 4_10 4_9 6_15 6_7 7_15 8_15 9_15 9_16,10_14 10_16 4_4 5_11 5_13 5_9 6_13 6_2 6_4 7_2 7_7 8_16 9_10 9_14 9_9,0.818182,0.600000,0.481481,0.428571,0.739130,0.538462,0.818182,0.428571,0.025641,
2025-07-11,HierBayes,21,0.333333,0.350000,3_7 5_8 6_14 7_16 7_8 8_6 9_9,2_4 3_10 3_13 3_14 3_15 3_9 4_10 4_9 6_15 6_7 8_15 9_15 9_16,10_14 10_16 4_4 5_11 5_13 5_9 6_13 6_2 6_4 7_2 7_7 8_16 9_10 9_14,,0.481481,0.379310,0.428571,0.666667,0.428571,0.818182,0.379310,0.025641,0.818182
2025-07-11,B1: Static prior,21,0.285714,0.300000,5_8 5_9 6_14 7_16 7_8 9_14,3_10 3_11 3_14 4_10 4_8 4_9 5_14 5_15 6_15 6_7 7_15 8_15 9_15 9_16,10_14 10_16 3_7 4_4 5_11 5_13 6_13 6_2 6_4 7_2 7_7 8_16 8_6 9_10 9_9,0.481481,,0.666667,0.739130,0.666667,0.818182,0.538462,0.666667,0.000000,0.600000
2025-07-11,TTM,21,0.190476,0.200000,5_8 5_9 6_4 7_16,3_10 3_11 3_14 4_10 4_8 4_9 5_14 5_4 6_15 6_3 6_7 7_15 8_15 8_8 9_15 9_16,10_14 10_16 3_7 4_4 5_11 5_13 6_13 6_14 6_2 7_2 7_7 7_8 8_16 8_6 9_10 9_14 9_9,0.379310,0.666667,,0.538462,0.481481,0.600000,0.481481,0.481481,0.000000,0.481481
2025-07-11,ET,21,0.285714,0.300000,5_8 5_9 6_14 7_16 8_16 9_14,3_10 3_14 4_10 4_8 4_9 5_14 5_15 6_15 6_6 6_7 8_15 8_9 9_15 9_16,10_14 10_16 3_7 4_4 5_11 5_13 6_13 6_2 6_4 7_2 7_7 7_8 8_6 9_10 9_9,0.428571,0.739130,0.538462,,0.600000,0.739130,0.428571,0.666667,0.000000,0.428571
2025-07-11,B5: B2+B3,21,0.333333,0.350000,5_8 5_9 6_14 7_16 7_8 8_16 9_14,2_4 3_10 3_14 3_15 3_9 4_10 4_9 6_15 6_7 7_15 8_15 9_15 9_16,10_14 10_16 3_7 4_4 5_11 5_13 6_13 6_2 6_4 7_2 7_7 8_6 9_10 9_9,0.666667,0.666667,0.481481,0.600000,,0.666667,0.739130,0.600000,0.000000,0.739130
2025-07-11,B4: B1+B3,21,0.333333,0.350000,5_8 5_9 6_14 7_16 7_8 8_16 9_14,3_11 3_14 4_10 4_8 4_9 5_14 6_15 6_6 6_7 7_15 8_15 9_15 9_16,10_14 10_16 3_7 4_4 5_11 5_13 6_13 6_2 6_4 7_2 7_7 8_6 9_10 9_9,0.428571,0.818182,0.600000,0.739130,0.666667,,0.481481,0.818182,0.000000,0.538462
2025-07-11,B2: Recent MA,21,0.285714,0.300000,5_8 6_14 6_4 7_16 7_8 8_6,2_4 3_10 3_13 3_14 3_15 3_9 4_10 4_9 6_15 6_7 7_15 8_15 9_15 9_16,10_14 10_16 3_7 4_4 5_11 5_13 5_9 6_13 6_2 7_2 7_7 8_16 9_10 9_14 9_9,0.818182,0.538462,0.481481,0.428571,0.739130,0.481481,,0.428571,0.025641,0.818182
2025-07-11,B3: DoY season,21,0.333333,0.350000,5_8 5_9 6_14 7_16 7_8 8_16 9_14,3_14 3_16 4_10 4_8 4_9 5_14 6_15 6_6 6_7 6_8 7_15 8_15 9_16,10_14 10_16 3_7 4_4 5_11 5_13 6_13 6_2 6_4 7_2 7_7 8_6 9_10 9_9,0.379310,0.666667,0.481481,0.666667,0.600000,0.818182,0.428571,,0.000000,0.428571
2025-07-11,B0: Random,21,0.095238,0.100000,4_4 8_6,0_10 10_0 10_12 10_7 10_9 11_12 11_19 12_11 12_12 12_6 12_8 1_14 2_13 2_5 3_4 3_8 4_6 7_10,10_14 10_16 3_7 5_11 5_13 5_8 5_9 6_13 6_14 6_2 6_4 7_16 7_2 7_7 7_8 8_16 9_10 9_14 9_9,0.025641,0.000000,0.000000,0.000000,0.000000,0.000000,0.025641,0.000000,,0.025641
2025-07-12,GLM-Logit,18,0.333333,0.300000,3_14 4_9 7_16 7_8 8_15 9_15,2_4 3_10 3_15 3_7 3_9 4_10 5_8 6_14 6_15 6_7 7_15 8_6 9_14 9_16,10_17 2_13 3_12 5_14 5_9 6_3 6_8 7_14 7_3 7_5 8_9 9_9,0.739130,0.600000,0.481481,0.481481,0.818182,0.600000,0.818182,0.538462,0.052632,
2025-07-12,HierBayes,18,0.388889,0.350000,3_14 4_9 7_16 7_8 8_15 9_15 9_9,10_14 2_4 3_10 3_13 3_15 3_7 3_9 4_10 5_8 6_14 6_15 8_6 9_16,10_17 2_13 3_12 5_14 5_9 6_3 6_8 7_14 7_3 7_5 8_9,,0.428571,0.379310,0.379310,0.666667,0.428571,0.739130,0.428571,0.025641,0.739130
2025-07-12,B1: Static prior,18,0.444444,0.400000,3_14 4_9 5_14 5_9 7_16 7_8 8_15 9_15,3_10 3_11 4_10 4_8 5_15 5_8 6_14 6_15 6_7 7_15 9_14 9_16,10_17 2_13 3_12 6_3 6_8 7_14 7_3 7_5 8_9 9_9,0.428571,,0.600000,0.739130,0.600000,0.739130,0.538462,0.600000,0.052632,0.600000
2025-07-12,TTM,18,0.333333,0.300000,3_14 4_9 5_14 5_9 7_16 9_15,3_10 3_11 3_9 4_10 5_4 5_8 6_14 6_15 6_4 7_15 8_5 8_8 9_14 9_16,10_17 2_13 3_12 6_3 6_8 7_14 7_3 7_5 7_8 8_15 8_9 9_9,0.379310,0.600000,,0.481481,0.538462,0.600000,0.538462,0.538462,0.052632,0.481481
2025-07-12,ET,18,0.444444,0.400000,3_14 4_9 5_14 5_9 7_16 8_15 8_9 9_15,3_10 4_10 4_8 5_15 5_8 6_14 6_15 6_6 6_7 8_16 9_14 9_16,10_17 2_13 3_12 6_3 6_8 7_14 7_3 7_5 7_8 9_9,0.379310,0.739130,0.481481,,0.538462,0.600000,0.428571,0.600000,0.025641,0.481481
2025-07-12,B5: B2+B3,18,0.388889,0.350000,3_14 4_9 5_9 7_16 7_8 8_15 9_15,2_4 3_10 3_15 3_9 4_10 5_8 6_14 6_15 7_15 8_16 8_6 9_14 9_16,10_17 2_13 3_12 5_14 6_3 6_8 7_14 7_3 7_5 8_9 9_9,0.666667,0.600000,0.538462,0.538462,,0.666667,0.818182,0.666667,0.052632,0.818182
2025-07-12,B4: B1+B3,18,0.500000,0.450000,3_14 4_9 5_14 5_9 6_8 7_16 7_8 8_15 9_15,3_11 3_9 4_10 5_8 6_14 6_15 6_7 7_15 8_16 9_14 9_16,10_17 2_13 3_12 6_3 7_14 7_3 7_5 8_9 9_9,0.428571,0.739130,0.600000,0.600000,0.666667,,0.538462,0.818182,0.052632,0.600000
2025-07-12,B2: Recent MA,18,0.388889,0.350000,3_14 4_9 7_16 7_8 8_15 9_15 9_9,2_4 3_10 3_15 3_9 4_10 5_8 6_14 6_15 6_4 7_15 8_6 9_14 9_16,10_17 2_13 3_12 5_14 5_9 6_3 6_8 7_14 7_3 7_5 8_9,0.739130,0.538462,0.538462,0.428571,0.818182,0.538462,,0.538462,0.052632,0.818182
2025-07-12,B3: DoY season,18,0.500000,0.450000,3_14 4_9 5_14 5_9 6_8 7_16 7_8 8_15 9_15,3_16 3_9 4_10 5_8 6_14 6_15 6_6 7_15 8_16 9_14 9_16,10_17 2_13 3_12 6_3 7_14 7_3 7_5 8_9 9_9,0.428571,0.600000,0.538462,0.600000,0.666667,0.818182,0.538462,,0.052632,0.538462
2025-07-12,B0: Random,18,0.055556,0.050000,5_14,0_15 10_3 10_8 10_9 11_17 12_1 1_13 1_17 2_15 3_17 3_19 4_11 4_15 4_18 5_7 7_15 8_12 8_6 9_13,10_17 2_13 3_12 3_14 4_9 5_9 6_3 6_8 7_14 7_16 7_3 7_5 7_8 8_15 8_9 9_15 9_9,0.025641,0.052632,0.052632,0.025641,0.052632,0.052632,0.052632,0.052632,,0.052632
2025-07-13,GLM-Logit,19,0.473684,0.450000,2_4 4_9 5_9 6_14 6_15 7_16 7_8 9_15 9_9,3_10 3_14 3_15 3_7 3_9 4_10 5_8 8_15 8_6 9_14 9_16,10_15 3_11 3_6 5_15 6_16 6_2 6_3 6_5 8_16 8_8,0.818182,0.538462,0.428571,0.481481,0.818182,0.481481,0.904762,0.481481,0.025641,
2025-07-13,HierBayes,19,0.421053,0.400000,2_4 4_9 6_14 6_15 7_16 7_8 9_15 9_9,10_14 3_10 3_13 3_14 3_15 3_7 3_9 4_10 5_8 8_15 8_6 9_16,10_15 3_11 3_6 5_15 5_9 6_16 6_2 6_3 6_5 8_16 8_8,,0.428571,0.333333,0.379310,0.666667,0.379310,0.739130,0.379310,0.025641,0.818182
2025-07-13,B1: Static prior,19,0.473684,0.450000,3_11 4_9 5_15 5_9 6_14 6_15 7_16 7_8 9_15,3_10 3_14 4_10 4_8 5_14 5_8 6_7 7_15 8_15 9_14 9_16,10_15 2_4 3_6 6_16 6_2 6_3 6_5 8_16 8_8 9_9,0.428571,,0.739130,0.739130,0.600000,0.739130,0.538462,0.600000,0.025641,0.538462
2025-07-13,TTM,19,0.473684,0.450000,3_11 3_6 4_9 5_15 5_9 6_15 7_16 8_8 9_15,3_10 3_14 4_10 4_8 5_14 5_8 6_4 7_15 8_15 9_14 9_16,10_15 2_4 6_14 6_16 6_2 6_3 6_5 7_8 8_16 9_9,0.333333,0.739130,,0.600000,0.481481,0.600000,0.481481,0.481481,0.025641,0.428571
2025-07-13,ET,19,0.421053,0.400000,4_9 5_15 5_9 6_14 6_15 7_16 8_16 9_15,3_10 3_14 4_10 4_8 5_14 5_8 6_6 6_7 8_15 8_9 9_14 9_16,10_15 2_4 3_11 3_6 6_16 6_2 6_3 6_5 7_8 8_8 9_9,0.379310,0.739130,0.600000,,0.538462,0.666667,0.481481,0.600000,0.025641,0.481481
2025-07-13,B5: B2+B3,19,0.526316,0.500000,2_4 4_9 5_9 6_14 6_15 7_16 7_8 8_16 9_15 9_9,3_10 3_14 3_15 3_9 4_10 5_8 7_15 8_15 9_14 9_16,10_15 3_11 3_6 5_15 6_16 6_2 6_3 6_5 8_8,0.666667,0.600000,0.481481,0.538462,,0.600000,0.739130,0.600000,0.025641,0.818182
2025-07-13,B4: B1+B3,19,0.473684,0.450000,3_11 4_9 5_9 6_14 6_15 7_16 7_8 8_16 9_15,3_14 4_10 4_8 5_14 5_8 6_6 6_8 7_15 8_15 9_14 9_16,10_15 2_4 3_6 5_15 6_16 6_2 6_3 6_5 8_8 9_9,0.379310,0.739130,0.600000,0.666667,0.600000,,0.481481,0.818182,0.000000,0.481481
2025-07-13,B2: Recent MA,19,0.473684,0.450000,2_4 4_9 5_9 6_14 6_15 7_16 7_8 9_15 9_9,3_10 3_14 3_15 3_7 4_10 5_8 6_4 8_15 8_6 9_14 9_16,10_15 3_11 3_6 5_15 6_16 6_2 6_3 6_5 8_16 8_8,0.739130,0.538462,0.481481,0.481481,0.739130,0.481481,,0.428571,0.025641,0.904762
2025-07-13,B3: DoY season,19,0.421053,0.400000,4_9 5_9 6_14 6_15 7_16 7_8 8_16 9_15,3_14 3_16 3_9 4_10 4_8 5_14 6_6 6_8 7_15 8_15 9_14 9_16,10_15 2_4 3_11 3_6 5_15 6_16 6_2 6_3 6_5 8_8 9_9,0.379310,0.600000,0.481481,0.600000,0.600000,0.818182,0.428571,,0.000000,0.481481
2025-07-13,B0: Random,19,0.000000,0.000000,,0_13 10_12 10_4 11_10 12_14 1_11 1_9 2_12 3_1 3_10 4_1 4_12 4_19 4_5 6_10 6_17 7_18 8_0 8_14 9_13,10_15 2_4 3_11 3_6 4_9 5_15 5_9 6_14 6_15 6_16 6_2 6_3 6_5 7_16 7_8 8_16 8_8 9_15 9_9,0.025641,0.025641,0.025641,0.025641,0.025641,0.000000,0.025641,0.000000,,0.025641
2025-07-14,GLM-Logit,29,0.379310,0.550000,2_4 3_11 4_9 6_14 6_15 7_16 7_8 8_15 8_16 9_16 9_9,3_10 3_14 3_7 5_8 5_9 6_7 8_6 9_14 9_15,10_15 3_13 3_16 4_10 4_11 4_15 4_8 5_15 6_4 7_7 7_9 8_10 8_17 8_2 8_7 9_10 9_17 9_4,0.666667,0.600000,0.481481,0.538462,0.739130,0.600000,0.904762,0.481481,0.025641,
2025-07-14,HierBayes,29,0.379310,0.550000,2_4 3_13 4_9 6_14 6_15 7_16 7_8 8_15 8_16 9_16 9_9,10_14 3_10 3_14 3_15 3_7 3_9 5_8 8_6 9_15,10_15 3_11 3_16 4_10 4_11 4_15 4_8 5_15 6_4 7_7 7_9 8_10 8_17 8_2 8_7 9_10 9_17 9_4,,0.379310,0.333333,0.379310,0.666667,0.379310,0.739130,0.428571,0.000000,0.666667
2025-07-14,B1: Static prior,29,0.379310,0.550000,3_11 4_10 4_8 4_9 5_15 6_14 6_15 7_16 7_8 8_15 9_16,3_10 3_14 5_14 5_8 5_9 6_7 7_15 9_14 9_15,10_15 2_4 3_13 3_16 4_11 4_15 6_4 7_7 7_9 8_10 8_16 8_17 8_2 8_7 9_10 9_17 9_4 9_9,0.379310,,0.666667,0.739130,0.600000,0.739130,0.538462,0.538462,0.052632,0.600000
2025-07-14,TTM,29,0.310345,0.450000,3_11 4_10 4_9 6_15 6_4 7_16 7_8 8_15 9_16,10_16 3_10 3_14 5_14 5_8 5_9 6_3 7_15 8_8 9_14 9_15,10_15 2_4 3_13 3_16 4_11 4_15 4_8 5_15 6_14 7_7 7_9 8_10 8_16 8_17 8_2 8_7 9_10 9_17 9_4 9_9,0.333333,0.666667,,0.481481,0.538462,0.600000,0.481481,0.481481,0.025641,0.481481
2025-07-14,ET,29,0.344828,0.500000,4_10 4_8 4_9 5_15 6_14 6_15 7_16 8_15 8_16 9_16,3_10 3_14 5_14 5_8 5_9 6_6 6_7 8_9 9_14 9_15,10_15 2_4 3_11 3_13 3_16 4_11 4_15 6_4 7_7 7_8 7_9 8_10 8_17 8_2 8_7 9_10 9_17 9_4 9_9,0.379310,0.739130,0.481481,,0.538462,0.666667,0.481481,0.538462,0.025641,0.538462
2025-07-14,B5: B2+B3,29,0.379310,0.550000,2_4 4_10 4_9 6_14 6_15 7_16 7_8 8_15 8_16 9_16 9_9,10_14 3_10 3_14 5_8 5_9 7_15 8_6 9_14 9_15,10_15 3_11 3_13 3_16 4_11 4_15 4_8 5_15 6_4 7_7 7_9 8_10 8_17 8_2 8_7 9_10 9_17 9_4,0.666667,0.600000,0.538462,0.538462,,0.600000,0.739130,0.666667,0.000000,0.739130
2025-07-14,B4: B1+B3,29,0.344828,0.500000,3_11 4_10 4_9 6_14 6_15 7_16 7_8 8_15 8_16 9_16,3_14 5_14 5_8 5_9 6_6 6_7 6_8 7_15 9_14 9_15,10_15 2_4 3_13 3_16 4_11 4_15 4_8 5_15 6_4 7_7 7_9 8_10 8_17 8_2 8_7 9_10 9_17 9_4 9_9,0.379310,0.739130,0.600000,0.666667,0.600000,,0.538462,0.739130,0.025641,0.600000
2025-07-14,B2: Recent MA,29,0.379310,0.550000,2_4 3_11 4_9 6_14 6_15 7_16 7_8 8_15 8_16 9_16 9_9,3_10 3_14 3_15 3_7 5_8 5_9 8_6 9_14 9_15,10_15 3_13 3_16 4_10 4_11 4_15 4_8 5_15 6_4 7_7 7_9 8_10 8_17 8_2 8_7 9_10 9_17 9_4,0.739130,0.538462,0.481481,0.481481,0.739130,0.538462,,0.481481,0.025641,0.904762
2025-07-14,B3: DoY season,29,0.379310,0.550000,2_4 3_16 4_10 4_9 6_14 6_15 7_16 7_8 8_15 8_16 9_16,10_14 3_14 5_14 5_9 6_6 6_8 7_15 9_14 9_15,10_15 3_11 3_13 4_11 4_15 4_8 5_15 6_4 7_7 7_9 8_10 8_17 8_2 8_7 9_10 9_17 9_4 9_9,0.428571,0.538462,0.481481,0.538462,0.666667,0.739130,0.481481,,0.000000,0.481481
2025-07-14,B0: Random,29,0.068966,0.100000,3_11 4_8,10_10 10_12 10_3 11_10 11_12 11_4 11_6 12_15 12_17 12_9 1_18 2_18 3_12 3_3 5_6 7_3 9_0 9_2,10_15 2_4 3_13 3_16 4_10 4_11 4_15 4_9 5_15 6_14 6_15 6_4 7_16 7_7 7_8 7_9 8_10 8_15 8_16 8_17 8_2 8_7 9_10 9_16 9_17 9_4 9_9,0.000000,0.052632,0.025641,0.025641,0.000000,0.025641,0.025641,0.000000,,0.025641
2025-07-15,GLM-Logit,22,0.590909,0.650000,3_10 3_11 3_14 4_10 4_9 5_8 6_14 6_15 7_16 7_8 8_15 9_14 9_9,2_4 3_7 5_9 6_7 8_6 9_15 9_16,5_7 6_2 6_4 7_15 7_3 8_16 8_17 8_4 9_10,0.600000,0.666667,0.538462,0.538462,0.739130,0.600000,0.818182,0.481481,0.081081,
2025-07-15,HierBayes,22,0.454545,0.500000,3_10 3_11 3_14 4_9 6_14 6_15 7_16 7_8 8_15 9_9,10_14 10_15 2_4 3_13 3_15 3_7 3_9 8_6 9_15 9_16,4_10 5_7 5_8 6_2 6_4 7_15 7_3 8_16 8_17 8_4 9_10 9_14,,0.379310,0.290323,0.290323,0.538462,0.333333,0.600000,0.333333,0.052632,0.600000
2025-07-15,B1: Static prior,22,0.590909,0.650000,3_10 3_11 3_14 4_10 4_9 5_8 6_14 6_15 7_15 7_16 7_8 8_15 9_14,4_8 5_14 5_15 5_9 6_7 9_15 9_16,5_7 6_2 6_4 7_3 8_16 8_17 8_4 9_10 9_9,0.379310,,0.600000,0.739130,0.666667,0.666667,0.538462,0.538462,0.111111,0.666667
2025-07-15,TTM,22,0.500000,0.550000,3_10 3_14 4_10 4_9 5_8 6_15 6_4 7_15 7_16 8_15 9_14,5_14 5_4 5_9 6_3 6_7 8_6 8_8 9_15 9_16,3_11 5_7 6_14 6_2 7_3 7_8 8_16 8_17 8_4 9_10 9_9,0.290323,0.600000,,0.538462,0.481481,0.538462,0.481481,0.481481,0.052632,0.538462
2025-07-15,ET,22,0.500000,0.550000,3_10 3_14 4_10 4_9 5_8 6_14 6_15 7_16 8_15 8_16 9_14,4_8 5_14 5_15 5_9 6_6 6_7 8_9 9_15 9_16,3_11 5_7 6_2 6_4 7_15 7_3 7_8 8_17 8_4 9_10 9_9,0.290323,0.739130,0.538462,,0.538462,0.666667,0.481481,0.600000,0.081081,0.538462
2025-07-15,B5: B2+B3,22,0.636364,0.700000,3_10 3_11 3_14 4_10 4_9 6_14 6_15 7_15 7_16 7_8 8_15 8_16 9_14 9_9,10_14 2_4 5_9 6_7 9_15 9_16,5_7 5_8 6_2 6_4 7_3 8_17 8_4 9_10,0.538462,0.666667,0.481481,0.538462,,0.666667,0.666667,0.666667,0.081081,0.739130
2025-07-15,B4: B1+B3,22,0.545455,0.600000,3_14 4_10 4_9 5_8 6_14 6_15 7_15 7_16 7_8 8_15 8_16 9_14,2_4 5_14 5_9 6_6 6_7 6_8 9_15 9_16,3_10 3_11 5_7 6_2 6_4 7_3 8_17 8_4 9_10 9_9,0.333333,0.666667,0.538462,0.666667,0.666667,,0.538462,0.818182,0.081081,0.600000
2025-07-15,B2: Recent MA,22,0.636364,0.700000,3_10 3_11 3_14 4_10 4_9 5_8 6_14 6_15 6_4 7_16 7_8 8_15 8_16 9_9,2_4 3_7 5_9 8_6 9_15 9_16,5_7 6_2 7_15 7_3 8_17 8_4 9_10 9_14,0.600000,0.538462,0.481481,0.481481,0.666667,0.538462,,0.428571,0.052632,0.818182
2025-07-15,B3: DoY season,22,0.454545,0.500000,3_14 4_10 4_9 6_14 6_15 7_15 7_16 8_15 8_16 9_14,10_14 2_4 3_16 5_14 5_9 6_6 6_7 6_8 9_15 9_16,3_10 3_11 5_7 5_8 6_2 6_4 7_3 7_8 8_17 8_4 9_10 9_9,0.333333,0.538462,0.481481,0.600000,0.666667,0.818182,0.428571,,0.052632,0.481481
2025-07-15,B0: Random,22,0.227273,0.250000,5_7 6_2 7_8 8_17 9_14,0_10 0_17 0_7 10_11 10_17 10_2 11_17 1_18 2_0 2_7 3_0 4_5 4_8 5_13 9_15,3_10 3_11 3_14 4_10 4_9 5_8 6_14 6_15 6_4 7_15 7_16 7_3 8_15 8_16 8_4 9_10 9_9,0.052632,0.111111,0.052632,0.081081,0.081081,0.081081,0.052632,0.052632,,0.081081
2025-07-16,GLM-Logit,18,0.444444,0.400000,3_10 3_14 4_10 6_14 7_8 8_16 9_16 9_9,2_4 3_11 4_9 5_8 5_9 6_15 7_15 7_16 8_15 8_6 9_14 9_15,4_15 4_8 5_14 5_7 6_16 6_4 7_3 7_4 8_10 8_7,0.600000,0.666667,0.538462,0.538462,0.904762,0.739130,0.904762,0.600000,0.025641,
2025-07-16,HierBayes,18,0.388889,0.350000,3_10 3_14 6_14 7_8 8_16 9_16 9_9,10_14 10_15 3_11 3_13 3_15 3_9 4_9 5_8 6_15 7_16 8_15 8_6 9_15,4_10 4_15 4_8 5_14 5_7 6_16 6_4 7_3 7_4 8_10 8_7,,0.428571,0.333333,0.379310,0.600000,0.428571,0.600000,0.379310,0.052632,0.600000
2025-07-16,B1: Static prior,18,0.444444,0.400000,3_10 3_14 4_10 4_8 5_14 6_14 7_8 9_16,3_11 4_9 5_15 5_8 5_9 6_15 6_7 7_15 7_16 8_15 9_14 9_15,4_15 5_7 6_16 6_4 7_3 7_4 8_10 8_16 8_7 9_9,0.428571,,0.600000,0.739130,0.666667,0.739130,0.600000,0.600000,0.025641,0.666667
2025-07-16,TTM,18,0.388889,0.350000,3_10 3_14 4_10 5_14 6_14 6_4 9_16,4_9 5_4 5_8 5_9 6_15 6_3 6_7 7_15 7_16 8_6 8_8 9_14 9_15,4_15 4_8 5_7 6_16 7_3 7_4 7_8 8_10 8_16 8_7 9_9,0.333333,0.600000,,0.538462,0.481481,0.538462,0.538462,0.428571,0.000000,0.538462
2025-07-16,ET,18,0.444444,0.400000,3_10 3_14 4_10 4_8 5_14 6_14 8_16 9_16,4_9 5_15 5_8 5_9 6_15 6_6 6_7 7_16 8_15 8_9 9_14 9_15,4_15 5_7 6_16 6_4 7_3 7_4 7_8 8_10 8_7 9_9,0.379310,0.739130,0.538462,,0.538462,0.600000,0.538462,0.538462,0.025641,0.538462
2025-07-16,B5: B2+B3,18,0.444444,0.400000,3_10 3_14 4_10 6_14 7_8 8_16 9_16 9_9,10_14 2_4 3_11 4_9 5_8 5_9 6_15 7_15 7_16 8_15 9_14 9_15,4_15 4_8 5_14 5_7 6_16 6_4 7_3 7_4 8_10 8_7,0.600000,0.666667,0.481481,0.538462,,0.739130,0.818182,0.666667,0.025641,0.904762
2025-07-16,B4: B1+B3,18,0.388889,0.350000,3_14 4_10 5_14 6_14 7_8 8_16 9_16,2_4 3_11 4_9 5_8 5_9 6_15 6_7 6_8 7_15 7_16 8_15 9_14 9_15,3_10 4_15 4_8 5_7 6_16 6_4 7_3 7_4 8_10 8_7 9_9,0.428571,0.739130,0.538462,0.600000,0.739130,,0.666667,0.818182,0.025641,0.739130
2025-07-16,B2: Recent MA,18,0.500000,0.450000,3_10 3_14 4_10 6_14 6_4 7_8 8_16 9_16 9_9,2_4 3_11 4_9 5_8 5_9 6_15 7_16 8_15 8_6 9_14 9_15,4_15 4_8 5_14 5_7 6_16 7_3 7_4 8_10 8_7,0.600000,0.600000,0.538462,0.538462,0.818182,0.666667,,0.538462,0.025641,0.904762
2025-07-16,B3: DoY season,18,0.388889,0.350000,3_14 4_10 5_14 6_14 7_8 8_16 9_16,10_14 2_4 3_11 4_9 5_9 6_15 6_6 6_7 6_8 7_15 7_16 8_15 9_14,3_10 4_15 4_8 5_7 6_16 6_4 7_3 7_4 8_10 8_7 9_9,0.379310,0.600000,0.428571,0.538462,0.666667,0.818182,0.538462,,0.025641,0.600000
2025-07-16,B0: Random,18,0.055556,0.050000,5_7,0_0 0_16 0_18 10_18 10_2 10_9 11_12 1_15 1_7 2_10 2_18 3_13 4_2 4_7 8_12 8_15 8_3 9_1 9_8,3_10 3_14 4_10 4_15 4_8 5_14 6_14 6_16 6_4 7_3 7_4 7_8 8_10 8_16 8_7 9_16 9_9,0.052632,0.025641,0.000000,0.025641,0.025641,0.025641,0.025641,0.025641,,0.025641
2025-07-17,GLM-Logit,26,0.500000,0.650000,3_11 3_14 4_9 5_8 6_14 6_15 7_15 7_8 8_15 8_16 8_6 9_16 9_9,3_10 3_7 4_10 5_9 7_16 9_14 9_15,10_14 10_16 2_11 2_4 5_15 6_11 6_4 6_5 7_4 7_5 8_10 8_4 8_8,0.739130,0.666667,0.538462,0.538462,0.818182,0.666667,0.818182,0.538462,0.000000,
2025-07-17,HierBayes,26,0.461538,0.600000,3_11 3_14 4_9 5_8 6_14 6_15 7_8 8_15 8_16 8_6 9_16 9_9,3_10 3_15 3_7 3_9 4_10 5_7 7_16 9_15,10_14 10_16 2_11 2_4 5_15 6_11 6_4 6_5 7_15 7_4 7_5 8_10 8_4 8_8,,0.481481,0.428571,0.428571,0.666667,0.481481,0.666667,0.428571,0.000000,0.739130
2025-07-17,B1: Static prior,26,0.423077,0.550000,3_11 3_14 4_9 5_15 5_8 6_14 6_15 7_15 7_8 8_15 9_16,3_10 4_10 4_8 5_14 5_9 6_7 7_16 9_14 9_15,10_14 10_16 2_11 2_4 6_11 6_4 6_5 7_4 7_5 8_10 8_16 8_4 8_6 8_8 9_9,0.481481,,0.739130,0.739130,0.666667,0.739130,0.600000,0.538462,0.000000,0.666667
2025-07-17,TTM,26,0.423077,0.550000,3_11 3_14 4_9 5_15 5_8 6_15 6_4 7_15 8_15 8_8 9_16,3_10 3_9 4_10 5_14 5_9 6_7 7_16 9_14 9_15,10_14 10_16 2_11 2_4 6_11 6_14 6_5 7_4 7_5 7_8 8_10 8_16 8_4 8_6 9_9,0.428571,0.739130,,0.600000,0.538462,0.600000,0.538462,0.428571,0.000000,0.538462
2025-07-17,ET,26,0.346154,0.450000,3_14 4_9 5_15 5_8 6_14 6_15 8_15 8_16 9_16,3_10 4_10 4_8 5_14 5_9 6_6 6_7 7_16 8_9 9_14 9_15,10_14 10_16 2_11 2_4 3_11 6_11 6_4 6_5 7_15 7_4 7_5 7_8 8_10 8_4 8_6 8_8 9_9,0.428571,0.739130,0.600000,,0.538462,0.600000,0.538462,0.481481,0.000000,0.538462
2025-07-17,B5: B2+B3,26,0.500000,0.650000,2_4 3_11 3_14 4_9 5_8 6_14 6_15 7_15 7_8 8_15 8_16 9_16 9_9,3_10 3_15 4_10 5_9 7_16 9_14 9_15,10_14 10_16 2_11 5_15 6_11 6_4 6_5 7_4 7_5 8_10 8_4 8_6 8_8,0.666667,0.666667,0.538462,0.538462,,0.739130,0.818182,0.666667,0.000000,0.818182
2025-07-17,B4: B1+B3,26,0.461538,0.600000,2_4 3_11 3_14 4_9 5_8 6_14 6_15 7_15 7_8 8_15 8_16 9_16,4_10 5_14 5_9 6_7 6_8 7_16 9_14 9_15,10_14 10_16 2_11 5_15 6_11 6_4 6_5 7_4 7_5 8_10 8_4 8_6 8_8 9_9,0.481481,0.739130,0.600000,0.600000,0.739130,,0.666667,0.739130,0.000000,0.666667
2025-07-17,B2: Recent MA,26,0.538462,0.700000,2_4 3_11 3_14 4_9 5_8 6_14 6_15 6_4 7_8 8_15 8_16 8_6 9_16 9_9,3_10 4_10 5_9 7_16 9_14 9_15,10_14 10_16 2_11 5_15 6_11 6_5 7_15 7_4 7_5 8_10 8_4 8_8,0.666667,0.600000,0.538462,0.538462,0.818182,0.666667,,0.538462,0.000000,0.818182
2025-07-17,B3: DoY season,26,0.423077,0.550000,10_14 2_4 3_11 3_14 4_9 6_14 6_15 7_15 7_8 8_15 8_16,3_15 4_10 5_14 5_9 6_6 6_8 7_16 9_14 9_15,10_16 2_11 5_15 5_8 6_11 6_4 6_5 7_4 7_5 8_10 8_4 8_6 8_8 9_16 9_9,0.428571,0.538462,0.428571,0.481481,0.666667,0.739130,0.538462,,0.025641,0.538462
2025-07-17,B0: Random,26,0.038462,0.050000,10_14,0_7 10_2 11_10 12_3 12_7 1_17 1_9 2_2 2_3 2_6 2_8 4_14 4_16 5_1 6_1 6_19 6_9 8_11 9_0,10_16 2_11 2_4 3_11 3_14 4_9 5_15 5_8 6_11 6_14 6_15 6_4 6_5 7_15 7_4 7_5 7_8 8_10 8_15 8_16 8_4 8_6 8_8 9_16 9_9,0.000000,0.000000,0.000000,0.000000,0.000000,0.000000,0.000000,0.025641,,0.000000
2025-07-18,GLM-Logit,24,0.416667,0.500000,3_10 3_14 4_10 4_9 5_9 6_14 7_8 8_15 9_14 9_15,2_4 3_11 5_8 6_15 7_15 7_16 8_16 8_6 9_16 9_9,10_15 10_16 11_17 1_12 2_11 3_15 4_15 6_6 6_7 7_4 7_5 7_6 7_7 8_7,0.666667,0.666667,0.600000,0.538462,0.904762,0.666667,0.818182,0.600000,0.111111,
2025-07-18,HierBayes,24,0.375000,0.450000,3_10 3_14 3_15 4_10 4_9 6_14 7_8 8_15 9_15,10_14 3_11 3_9 5_7 5_8 6_15 7_16 8_16 8_6 9_16 9_9,10_15 10_16 11_17 1_12 2_11 4_15 5_9 6_6 6_7 7_4 7_5 7_6 7_7 8_7 9_14,,0.481481,0.481481,0.428571,0.666667,0.481481,0.666667,0.481481,0.142857,0.666667
2025-07-18,B1: Static prior,24,0.458333,0.550000,3_10 3_14 4_10 4_9 5_9 6_14 6_7 7_8 8_15 9_14 9_15,3_11 4_8 5_14 5_15 5_8 6_15 7_15 7_16 9_16,10_15 10_16 11_17 1_12 2_11 3_15 4_15 6_6 7_4 7_5 7_6 7_7 8_7,0.481481,,0.600000,0.739130,0.666667,0.666667,0.538462,0.538462,0.052632,0.666667
2025-07-18,TTM,24,0.416667,0.500000,3_14 4_10 4_9 5_9 6_14 7_5 7_8 8_15 9_14 9_15,3_11 3_9 5_15 6_15 6_4 7_15 7_16 8_16 8_8 9_16,10_15 10_16 11_17 1_12 2_11 3_10 3_15 4_15 6_6 6_7 7_4 7_6 7_7 8_7,0.481481,0.600000,,0.481481,0.600000,0.538462,0.538462,0.538462,0.111111,0.600000
2025-07-18,ET,24,0.458333,0.550000,3_10 3_14 4_10 4_9 5_9 6_14 6_6 6_7 8_15 9_14 9_15,4_8 5_14 5_15 5_8 6_15 7_16 8_16 8_9 9_16,10_15 10_16 11_17 1_12 2_11 3_15 4_15 7_4 7_5 7_6 7_7 7_8 8_7,0.428571,0.739130,0.481481,,0.538462,0.600000,0.481481,0.481481,0.081081,0.538462
2025-07-18,B5: B2+B3,24,0.416667,0.500000,3_10 3_14 4_10 4_9 5_9 6_14 7_8 8_15 9_14 9_15,10_14 2_4 3_11 5_8 6_15 7_15 7_16 8_16 9_16 9_9,10_15 10_16 11_17 1_12 2_11 3_15 4_15 6_6 6_7 7_4 7_5 7_6 7_7 8_7,0.666667,0.666667,0.600000,0.538462,,0.739130,0.739130,0.666667,0.081081,0.904762
2025-07-18,B4: B1+B3,24,0.458333,0.550000,3_14 4_10 4_9 5_9 6_14 6_6 6_7 7_8 8_15 9_14 9_15,10_14 2_4 3_11 5_14 5_8 6_15 7_15 7_16 8_16,10_15 10_16 11_17 1_12 2_11 3_10 3_15 4_15 7_4 7_5 7_6 7_7 8_7,0.481481,0.666667,0.538462,0.600000,0.739130,,0.538462,0.818182,0.081081,0.666667
2025-07-18,B2: Recent MA,24,0.375000,0.450000,3_10 3_14 4_10 4_9 6_14 7_8 8_15 9_14 9_15,2_4 3_11 5_8 6_15 6_3 6_4 7_16 8_16 8_6 9_16 9_9,10_15 10_16 11_17 1_12 2_11 3_15 4_15 5_9 6_6 6_7 7_4 7_5 7_6 7_7 8_7,0.666667,0.538462,0.538462,0.481481,0.739130,0.538462,,0.481481,0.111111,0.818182
2025-07-18,B3: DoY season,24,0.458333,0.550000,3_14 3_15 4_10 4_9 5_9 6_14 6_6 7_8 8_15 9_14 9_15,10_14 2_4 3_11 5_14 6_15 6_8 7_15 7_16 8_16,10_15 10_16 11_17 1_12 2_11 3_10 4_15 6_7 7_4 7_5 7_6 7_7 8_7,0.481481,0.538462,0.538462,0.481481,0.666667,0.818182,0.481481,,0.081081,0.600000
2025-07-18,B0: Random,24,0.083333,0.100000,8_7 9_15,10_7 11_11 11_7 12_14 12_4 1_3 2_2 2_6 2_9 3_7 3_9 6_15 7_11 8_16 8_19 8_6 9_19 9_2,10_15 10_16 11_17 1_12 2_11 3_10 3_14 3_15 4_10 4_15 4_9 5_9 6_14 6_6 6_7 7_4 7_5 7_6 7_7 7_8 8_15 9_14,0.142857,0.052632,0.111111,0.081081,0.081081,0.081081,0.111111,0.081081,,0.111111
2025-07-19,GLM-Logit,19,0.578947,0.550000,3_10 3_11 3_14 4_10 4_9 5_8 5_9 6_15 8_16 9_14 9_9,6_14 6_7 7_15 7_16 7_8 8_15 8_6 9_15 9_16,10_12 3_13 4_6 6_16 6_2 6_4 7_2 8_7,0.666667,0.739130,0.666667,0.600000,0.818182,0.666667,0.818182,0.538462,0.052632,
2025-07-19,HierBayes,19,0.473684,0.450000,3_10 3_11 3_14 4_10 4_9 5_8 6_15 8_16 9_9,10_14 10_15 3_15 3_9 6_14 7_16 7_8 8_15 8_6 9_15 9_16,10_12 3_13 4_6 5_9 6_16 6_2 6_4 7_2 8_7 9_14,,0.481481,0.428571,0.428571,0.666667,0.481481,0.666667,0.428571,0.052632,0.666667
2025-07-19,B1: Static prior,19,0.473684,0.450000,3_10 3_11 3_14 4_10 4_9 5_8 5_9 6_15 9_14,4_8 5_14 5_15 6_14 6_7 7_15 7_16 7_8 8_15 9_15 9_16,10_12 3_13 4_6 6_16 6_2 6_4 7_2 8_16 8_7 9_9,0.481481,,0.739130,0.739130,0.666667,0.600000,0.600000,0.481481,0.025641,0.739130
2025-07-19,TTM,19,0.473684,0.450000,3_10 3_14 4_10 4_9 5_8 5_9 6_15 6_4 9_14,4_8 6_14 6_7 7_15 7_16 7_5 7_8 8_15 8_8 9_15 9_16,10_12 3_11 3_13 4_6 6_16 6_2 7_2 8_16 8_7 9_9,0.428571,0.739130,,0.600000,0.600000,0.481481,0.600000,0.379310,0.000000,0.666667
2025-07-19,ET,19,0.473684,0.450000,3_10 3_14 4_10 4_9 5_8 5_9 6_15 8_16 9_14,4_8 5_14 5_15 6_14 6_6 6_7 7_16 8_15 8_9 9_15 9_16,10_12 3_11 3_13 4_6 6_16 6_2 6_4 7_2 8_7 9_9,0.428571,0.739130,0.600000,,0.538462,0.538462,0.538462,0.428571,0.000000,0.600000
2025-07-19,B5: B2+B3,19,0.578947,0.550000,3_10 3_11 3_14 4_10 4_9 5_8 5_9 6_15 8_16 9_14 9_9,10_14 2_4 6_14 7_15 7_16 7_8 8_15 9_15 9_16,10_12 3_13 4_6 6_16 6_2 6_4 7_2 8_7,0.666667,0.666667,0.600000,0.538462,,0.739130,0.818182,0.666667,0.052632,0.818182
2025-07-19,B4: B1+B3,19,0.473684,0.450000,3_11 4_10 4_9 5_8 5_9 6_15 8_16 9_14 9_9,10_14 2_4 5_14 6_14 6_6 6_7 7_15 7_16 7_8 8_15 9_15,10_12 3_10 3_13 3_14 4_6 6_16 6_2 6_4 7_2 8_7,0.481481,0.600000,0.481481,0.538462,0.739130,,0.600000,0.818182,0.052632,0.666667
2025-07-19,B2: Recent MA,19,0.631579,0.600000,3_10 3_11 3_14 4_10 4_9 5_8 5_9 6_15 6_4 8_16 9_14 9_9,2_4 6_14 7_16 7_8 8_15 8_6 9_15 9_16,10_12 3_13 4_6 6_16 6_2 7_2 8_7,0.666667,0.600000,0.600000,0.538462,0.818182,0.600000,,0.538462,0.052632,0.818182
2025-07-19,B3: DoY season,19,0.421053,0.400000,3_11 4_10 4_9 5_9 6_15 8_16 9_14 9_9,10_14 2_4 5_14 6_14 6_6 6_8 7_1 7_15 7_16 7_8 8_15 9_15,10_12 3_10 3_13 3_14 4_6 5_8 6_16 6_2 6_4 7_2 8_7,0.428571,0.481481,0.379310,0.428571,0.666667,0.818182,0.538462,,0.052632,0.538462
2025-07-19,B0: Random,19,0.105263,0.100000,3_11 9_9,11_16 11_17 12_1 1_10 1_4 1_7 2_6 3_5 4_11 6_1 6_13 7_18 7_4 7_9 8_10 8_12 9_2 9_3,10_12 3_10 3_13 3_14 4_10 4_6 4_9 5_8 5_9 6_15 6_16 6_2 6_4 7_2 8_16 8_7 9_14,0.052632,0.025641,0.000000,0.000000,0.052632,0.052632,0.052632,0.052632,,0.052632
2025-07-20,GLM-Logit,19,0.473684,0.450000,3_10 3_11 4_10 4_9 5_8 5_9 6_7 8_15 9_14,2_4 3_14 6_14 6_15 7_16 7_8 8_16 8_6 9_15 9_16 9_9,10_15 1_11 2_11 3_13 3_15 4_13 6_4 6_5 6_6 8_7,0.666667,0.666667,0.428571,0.600000,0.818182,0.666667,0.904762,0.538462,0.052632,
2025-07-20,HierBayes,19,0.421053,0.400000,10_15 3_10 3_11 3_15 4_10 4_9 5_8 8_15,10_14 3_14 3_9 6_14 6_15 7_16 7_8 8_16 8_6 9_15 9_16 9_9,1_11 2_11 3_13 4_13 5_9 6_4 6_5 6_6 6_7 8_7 9_14,,0.481481,0.333333,0.428571,0.666667,0.481481,0.666667,0.481481,0.052632,0.666667
2025-07-20,B1: Static prior,19,0.473684,0.450000,3_10 3_11 4_10 4_9 5_8 5_9 6_7 8_15 9_14,3_14 4_8 5_14 5_15 6_14 6_15 7_15 7_16 7_8 9_15 9_16,10_15 1_11 2_11 3_13 3_15 4_13 6_4 6_5 6_6 8_7,0.481481,,0.600000,0.739130,0.666667,0.666667,0.600000,0.481481,0.052632,0.666667
2025-07-20,TTM,19,0.421053,0.400000,3_10 4_10 4_9 5_8 5_9 6_4 6_7 9_14,3_9 4_8 5_14 5_4 6_15 6_3 7_15 7_16 7_8 8_8 9_15 9_16,10_15 1_11 2_11 3_11 3_13 3_15 4_13 6_5 6_6 8_15 8_7,0.333333,0.600000,,0.481481,0.428571,0.379310,0.428571,0.290323,0.081081,0.428571
2025-07-20,ET,19,0.473684,0.450000,3_10 4_10 4_9 5_8 5_9 6_6 6_7 8_15 9_14,3_14 4_8 5_14 5_15 6_14 6_15 7_16 8_16 8_9 9_15 9_16,10_15 1_11 2_11 3_11 3_13 3_15 4_13 6_4 6_5 8_7,0.428571,0.739130,0.481481,,0.538462,0.538462,0.538462,0.379310,0.052632,0.600000
2025-07-20,B5: B2+B3,19,0.421053,0.400000,3_10 3_11 4_10 4_9 5_8 5_9 8_15 9_14,10_14 2_4 3_14 6_14 6_15 7_15 7_16 7_8 8_16 9_15 9_16 9_9,10_15 1_11 2_11 3_13 3_15 4_13 6_4 6_5 6_6 6_7 8_7,0.666667,0.666667,0.428571,0.538462,,0.739130,0.818182,0.666667,0.052632,0.818182
2025-07-20,B4: B1+B3,19,0.368421,0.350000,3_11 4_10 4_9 5_8 5_9 8_15 9_14,2_4 3_14 5_14 5_15 6_14 6_15 6_8 7_15 7_16 7_8 8_16 9_15 9_9,10_15 1_11 2_11 3_10 3_13 3_15 4_13 6_4 6_5 6_6 6_7 8_7,0.481481,0.666667,0.379310,0.538462,0.739130,,0.666667,0.739130,0.000000,0.666667
2025-07-20,B2: Recent MA,19,0.473684,0.450000,3_10 3_11 4_10 4_9 5_8 5_9 6_4 8_15 9_14,2_4 3_14 6_14 6_15 7_16 7_8 8_16 8_6 9_15 9_16 9_9,10_15 1_11 2_11 3_13 3_15 4_13 6_5 6_6 6_7 8_7,0.666667,0.600000,0.428571,0.538462,0.818182,0.666667,,0.538462,0.052632,0.904762
2025-07-20,B3: DoY season,19,0.263158,0.250000,3_11 4_10 4_9 5_9 8_15,10_14 2_4 3_14 3_4 5_14 6_14 6_15 6_8 7_1 7_15 7_16 7_8 8_16 9_15 9_9,10_15 1_11 2_11 3_10 3_13 3_15 4_13 5_8 6_4 6_5 6_6 6_7 8_7 9_14,0.481481,0.481481,0.290323,0.379310,0.666667,0.739130,0.538462,,0.025641,0.538462
2025-07-20,B0: Random,19,0.052632,0.050000,3_10,0_10 10_10 10_16 10_2 10_5 11_11 11_19 11_7 1_1 1_10 1_6 3_4 3_8 4_19 6_3 7_10 7_14 8_2 9_16,10_15 1_11 2_11 3_11 3_13 3_15 4_10 4_13 4_9 5_8 5_9 6_4 6_5 6_6 6_7 8_15 8_7 9_14,0.052632,0.052632,0.081081,0.052632,0.052632,0.000000,0.052632,0.025641,,0.052632
2025-07-21,GLM-Logit,23,0.652174,0.750000,3_10 3_11 4_10 4_9 5_8 5_9 6_14 6_15 6_7 7_16 7_8 8_15 8_16 9_15 9_16,2_4 3_14 8_6 9_14 9_9,3_12 5_15 6_5 6_8 8_3 8_4 8_7 9_4,0.818182,0.666667,0.428571,0.600000,0.818182,0.739130,0.904762,0.538462,0.142857,
2025-07-21,HierBayes,23,0.652174,0.750000,3_10 3_11 4_10 4_9 5_8 5_9 6_14 6_15 6_7 7_16 7_8 8_15 8_16 9_15 9_16,10_15 3_14 3_15 8_6 9_9,3_12 5_15 6_5 6_8 8_3 8_4 8_7 9_4,,0.600000,0.379310,0.538462,0.739130,0.600000,0.739130,0.481481,0.142857,0.818182
2025-07-21,B1: Static prior,23,0.652174,0.750000,3_10 3_11 4_10 4_9 5_15 5_8 5_9 6_14 6_15 6_7 7_16 7_8 8_15 9_15 9_16,3_14 4_8 5_14 7_15 9_14,3_12 6_5 6_8 8_16 8_3 8_4 8_7 9_4,0.600000,,0.600000,0.739130,0.666667,0.666667,0.666667,0.481481,0.052632,0.666667
2025-07-21,TTM,23,0.478261,0.550000,3_11 4_10 4_9 5_15 5_8 5_9 6_15 6_7 7_16 9_15 9_16,3_14 3_9 5_14 5_4 6_3 6_4 7_15 8_8 9_14,3_10 3_12 6_14 6_5 6_8 7_8 8_15 8_16 8_3 8_4 8_7 9_4,0.379310,0.600000,,0.481481,0.428571,0.428571,0.481481,0.333333,0.052632,0.428571
2025-07-21,ET,23,0.608696,0.700000,3_10 4_10 4_9 5_15 5_8 5_9 6_14 6_15 6_7 7_16 8_15 8_16 9_15 9_16,3_14 4_8 5_14 6_6 8_9 9_14,3_11 3_12 6_5 6_8 7_8 8_3 8_4 8_7 9_4,0.538462,0.739130,0.481481,,0.538462,0.538462,0.600000,0.428571,0.052632,0.600000
2025-07-21,B5: B2+B3,23,0.608696,0.700000,3_10 3_11 4_10 4_9 5_8 5_9 6_14 6_15 7_16 7_8 8_15 8_16 9_15 9_16,10_15 2_4 3_14 7_15 9_14 9_9,3_12 5_15 6_5 6_7 6_8 8_3 8_4 8_7 9_4,0.739130,0.666667,0.428571,0.538462,,0.818182,0.818182,0.600000,0.111111,0.818182
2025-07-21,B4: B1+B3,23,0.608696,0.700000,3_10 3_11 4_10 4_9 5_8 5_9 6_14 6_15 6_8 7_16 7_8 8_15 8_16 9_15,2_4 3_14 5_14 7_15 9_14 9_9,3_12 5_15 6_5 6_7 8_3 8_4 8_7 9_16 9_4,0.600000,0.666667,0.428571,0.538462,0.818182,,0.739130,0.739130,0.111111,0.739130
2025-07-21,B2: Recent MA,23,0.652174,0.750000,3_10 3_11 4_10 4_9 5_8 5_9 6_14 6_15 6_7 7_16 7_8 8_15 8_16 9_15 9_16,2_4 3_14 6_4 9_14 9_9,3_12 5_15 6_5 6_8 8_3 8_4 8_7 9_4,0.739130,0.666667,0.481481,0.600000,0.818182,0.739130,,0.538462,0.111111,0.904762
2025-07-21,B3: DoY season,23,0.521739,0.600000,3_11 4_10 4_9 5_8 5_9 6_14 6_15 6_8 7_16 7_8 8_15 8_16,10_14 2_4 3_14 3_4 5_14 6_6 7_15 9_9,3_10 3_12 5_15 6_5 6_7 8_3 8_4 8_7 9_15 9_16 9_4,0.481481,0.481481,0.333333,0.428571,0.600000,0.739130,0.538462,,0.111111,0.538462
2025-07-21,B0: Random,23,0.130435,0.150000,4_10 7_8 8_16,0_4 10_4 10_6 11_1 11_11 11_15 12_13 12_15 12_4 1_15 4_13 4_18 4_6 6_17 6_3 8_6 9_9,3_10 3_11 3_12 4_9 5_15 5_8 5_9 6_14 6_15 6_5 6_7 6_8 7_16 8_15 8_3 8_4 8_7 9_15 9_16 9_4,0.142857,0.052632,0.052632,0.052632,0.111111,0.111111,0.111111,0.111111,,0.142857
2025-07-22,GLM-Logit,26,0.461538,0.600000,2_4 3_10 3_11 3_14 4_10 4_9 6_14 6_15 6_7 8_16 9_14 9_15,5_8 5_9 7_16 7_8 8_15 8_6 9_16 9_9,10_15 10_16 3_13 3_15 3_7 3_9 4_11 5_13 6_2 6_4 7_15 7_7 8_5 8_7,0.818182,0.666667,0.538462,0.600000,0.904762,0.666667,0.904762,0.600000,0.000000,
2025-07-22,HierBayes,26,0.461538,0.600000,10_15 3_10 3_11 3_14 3_15 4_10 4_9 6_14 6_15 6_7 8_16 9_15,5_8 5_9 7_16 7_8 8_15 8_6 9_16 9_9,10_16 2_4 3_13 3_7 3_9 4_11 5_13 6_2 6_4 7_15 7_7 8_5 8_7 9_14,,0.600000,0.481481,0.538462,0.739130,0.538462,0.739130,0.538462,0.000000,0.818182
2025-07-22,B1: Static prior,26,0.423077,0.550000,3_10 3_11 3_14 4_10 4_9 6_14 6_15 6_7 7_15 9_14 9_15,4_8 5_14 5_15 5_8 5_9 7_16 7_8 8_15 9_16,10_15 10_16 2_4 3_13 3_15 3_7 3_9 4_11 5_13 6_2 6_4 7_7 8_16 8_5 8_7,0.600000,,0.739130,0.739130,0.739130,0.600000,0.666667,0.481481,0.000000,0.666667
2025-07-22,TTM,26,0.423077,0.550000,3_10 3_11 3_14 4_10 4_9 6_15 6_4 6_7 7_15 9_14 9_15,4_8 5_14 5_8 5_9 6_3 7_16 8_15 8_8 9_16,10_15 10_16 2_4 3_13 3_15 3_7 3_9 4_11 5_13 6_14 6_2 7_7 8_16 8_5 8_7,0.481481,0.739130,,0.600000,0.600000,0.481481,0.600000,0.379310,0.000000,0.538462
2025-07-22,ET,26,0.384615,0.500000,3_10 3_14 4_10 4_9 6_14 6_15 6_7 8_16 9_14 9_15,4_8 5_14 5_15 5_8 5_9 6_6 7_16 8_15 8_9 9_16,10_15 10_16 2_4 3_11 3_13 3_15 3_7 3_9 4_11 5_13 6_2 6_4 7_15 7_7 8_5 8_7,0.538462,0.739130,0.600000,,0.600000,0.538462,0.600000,0.428571,0.000000,0.600000
2025-07-22,B5: B2+B3,26,0.500000,0.650000,2_4 3_10 3_11 3_14 4_10 4_9 6_14 6_15 6_7 7_15 8_16 9_14 9_15,5_8 5_9 7_16 7_8 8_15 9_16 9_9,10_15 10_16 3_13 3_15 3_7 3_9 4_11 5_13 6_2 6_4 7_7 8_5 8_7,0.739130,0.739130,0.600000,0.600000,,0.739130,0.904762,0.666667,0.000000,0.904762
2025-07-22,B4: B1+B3,26,0.461538,0.600000,2_4 3_10 3_11 3_14 4_10 4_9 6_14 6_15 7_15 8_16 9_14 9_15,5_14 5_9 6_6 6_8 7_16 7_8 8_15 9_9,10_15 10_16 3_13 3_15 3_7 3_9 4_11 5_13 6_2 6_4 6_7 7_7 8_5 8_7,0.538462,0.600000,0.481481,0.538462,0.739130,,0.666667,0.818182,0.025641,0.666667
2025-07-22,B2: Recent MA,26,0.500000,0.650000,2_4 3_10 3_11 3_14 4_10 4_9 6_14 6_15 6_4 6_7 8_16 9_14 9_15,5_8 5_9 7_16 7_8 8_15 9_16 9_9,10_15 10_16 3_13 3_15 3_7 3_9 4_11 5_13 6_2 7_15 7_7 8_5 8_7,0.739130,0.666667,0.600000,0.600000,0.904762,0.666667,,0.600000,0.000000,0.904762
2025-07-22,B3: DoY season,26,0.423077,0.550000,2_4 3_10 3_11 3_14 4_10 4_9 6_14 6_15 7_15 8_16 9_15,10_14 3_4 5_9 6_6 6_8 7_16 7_8 8_15 9_9,10_15 10_16 3_13 3_15 3_7 3_9 4_11 5_13 6_2 6_4 6_7 7_7 8_5 8_7 9_14,0.538462,0.481481,0.379310,0.428571,0.666667,0.818182,0.600000,,0.025641,0.600000
2025-07-22,B0: Random,26,0.000000,0.000000,,0_16 11_1 11_15 12_0 12_9 1_11 2_15 2_6 2_9 3_16 3_17 3_18 6_12 6_8 7_10 7_5 8_0 8_11 9_13 9_18,10_15 10_16 2_4 3_10 3_11 3_13 3_14 3_15 3_7 3_9 4_10 4_11 4_9 5_13 6_14 6_15 6_2 6_4 6_7 7_15 7_7 8_16 8_5 8_7 9_14 9_15,0.000000,0.000000,0.000000,0.000000,0.000000,0.025641,0.000000,0.025641,,0.000000
2025-07-23,GLM-Logit,22,0.454545,0.500000,2_4 3_11 4_10 4_9 5_8 6_14 6_7 9_14 9_15 9_9,10_15 3_10 3_14 5_9 6_15 7_16 7_8 8_15 8_16 9_16,11_17 3_5 3_9 4_8 5_13 5_15 6_6 7_5 8_14 8_7 8_8 9_13,0.818182,0.666667,0.538462,0.600000,1.000000,0.739130,0.904762,0.666667,0.052632,
2025-07-23,HierBayes,22,0.363636,0.400000,3_11 4_10 4_9 5_8 6_14 6_7 9_15 9_9,10_15 3_10 3_13 3_14 3_15 5_9 6_15 7_16 7_8 8_15 8_16 9_16,11_17 2_4 3_5 3_9 4_8 5_13 5_15 6_6 7_5 8_14 8_7 8_8 9_13 9_14,,0.600000,0.481481,0.538462,0.818182,0.600000,0.739130,0.600000,0.052632,0.818182
2025-07-23,B1: Static prior,22,0.454545,0.500000,3_11 4_10 4_8 4_9 5_15 5_8 6_14 6_7 9_14 9_15,3_10 3_14 5_14 5_9 6_15 7_15 7_16 7_8 8_15 9_16,11_17 2_4 3_5 3_9 5_13 6_6 7_5 8_14 8_7 8_8 9_13 9_9,0.600000,,0.600000,0.739130,0.666667,0.666667,0.666667,0.538462,0.052632,0.666667
2025-07-23,TTM,22,0.409091,0.450000,3_11 4_10 4_8 4_9 6_7 7_5 8_8 9_14 9_15,3_14 5_14 5_4 5_9 6_15 6_4 7_16 7_8 8_15 8_16 9_16,11_17 2_4 3_5 3_9 5_13 5_15 5_8 6_14 6_6 8_14 8_7 9_13 9_9,0.481481,0.600000,,0.538462,0.538462,0.481481,0.600000,0.428571,0.081081,0.538462
2025-07-23,ET,22,0.454545,0.500000,4_10 4_8 4_9 5_15 5_8 6_14 6_6 6_7 9_14 9_15,3_10 3_14 5_14 5_9 6_15 7_16 8_15 8_16 8_9 9_16,11_17 2_4 3_11 3_5 3_9 5_13 7_5 8_14 8_7 8_8 9_13 9_9,0.538462,0.739130,0.538462,,0.600000,0.600000,0.600000,0.481481,0.025641,0.600000
2025-07-23,B5: B2+B3,22,0.454545,0.500000,2_4 3_11 4_10 4_9 5_8 6_14 6_7 9_14 9_15 9_9,10_15 3_10 3_14 5_9 6_15 7_16 7_8 8_15 8_16 9_16,11_17 3_5 3_9 4_8 5_13 5_15 6_6 7_5 8_14 8_7 8_8 9_13,0.818182,0.666667,0.538462,0.600000,,0.739130,0.904762,0.666667,0.052632,1.000000
2025-07-23,B4: B1+B3,22,0.500000,0.550000,2_4 3_11 4_10 4_9 5_15 6_14 6_6 6_7 9_14 9_15 9_9,3_10 3_14 5_9 6_15 7_15 7_16 7_8 8_15 8_16,11_17 3_5 3_9 4_8 5_13 5_8 7_5 8_14 8_7 8_8 9_13,0.600000,0.666667,0.481481,0.600000,0.739130,,0.739130,0.818182,0.052632,0.739130
2025-07-23,B2: Recent MA,22,0.454545,0.500000,2_4 3_11 4_10 4_9 5_8 6_14 6_7 9_14 9_15 9_9,3_10 3_14 5_9 6_15 6_4 7_16 7_8 8_15 8_16 9_16,11_17 3_5 3_9 4_8 5_13 5_15 6_6 7_5 8_14 8_7 8_8 9_13,0.739130,0.666667,0.600000,0.600000,0.904762,0.739130,,0.666667,0.052632,0.904762
2025-07-23,B3: DoY season,22,0.409091,0.450000,2_4 3_11 4_10 4_9 6_14 6_6 6_7 9_15 9_9,3_10 3_14 3_4 5_9 6_15 6_8 7_15 7_16 7_8 8_15 8_16,11_17 3_5 3_9 4_8 5_13 5_15 5_8 7_5 8_14 8_7 8_8 9_13 9_14,0.600000,0.538462,0.428571,0.481481,0.666667,0.818182,0.666667,,0.052632,0.666667
2025-07-23,B0: Random,22,0.090909,0.100000,7_5 8_7,0_0 0_16 0_17 0_19 10_16 10_8 11_4 12_9 1_13 1_16 1_17 1_3 1_5 5_0 6_10 7_16 7_17 7_8,11_17 2_4 3_11 3_5 3_9 4_10 4_8 4_9 5_13 5_15 5_8 6_14 6_6 6_7 8_14 8_8 9_13 9_14 9_15 9_9,0.052632,0.052632,0.081081,0.025641,0.052632,0.052632,0.052632,0.052632,,0.052632
2025-07-24,GLM-Logit,28,0.500000,0.700000,10_15 2_4 3_10 3_11 3_14 4_9 5_8 6_14 6_15 7_8 8_16 9_14 9_15 9_9,4_10 5_9 6_7 7_16 8_15 9_16,11_17 3_13 3_16 4_11 5_13 5_14 5_15 6_5 7_5 7_6 8_10 8_3 8_7 9_12,0.818182,0.666667,0.481481,0.600000,0.904762,0.818182,0.904762,0.739130,0.025641,
2025-07-24,HierBayes,28,0.464286,0.650000,10_15 3_10 3_11 3_13 3_14 4_9 5_8 6_14 6_15 7_8 8_16 9_15 9_9,3_9 4_10 5_9 6_7 7_16 8_15 9_16,11_17 2_4 3_16 4_11 5_13 5_14 5_15 6_5 7_5 7_6 8_10 8_3 8_7 9_12 9_14,,0.600000,0.428571,0.538462,0.739130,0.666667,0.739130,0.600000,0.000000,0.818182
2025-07-24,B1: Static prior,28,0.428571,0.600000,3_10 3_11 3_14 4_9 5_14 5_15 5_8 6_14 6_15 7_8 9_14 9_15,4_10 4_8 5_9 6_7 7_15 7_16 8_15 9_16,10_15 11_17 2_4 3_13 3_16 4_11 5_13 6_5 7_5 7_6 8_10 8_16 8_3 8_7 9_12 9_9,0.600000,,0.538462,0.739130,0.666667,0.739130,0.666667,0.600000,0.025641,0.666667
2025-07-24,TTM,28,0.357143,0.500000,3_11 3_14 4_9 5_14 6_15 7_5 7_8 8_16 9_14 9_15,4_10 5_4 5_9 6_3 6_4 6_7 7_15 7_16 8_8 9_16,10_15 11_17 2_4 3_10 3_13 3_16 4_11 5_13 5_15 5_8 6_14 6_5 7_6 8_10 8_3 8_7 9_12 9_9,0.428571,0.538462,,0.428571,0.538462,0.481481,0.538462,0.428571,0.025641,0.481481
2025-07-24,ET,28,0.392857,0.550000,3_10 3_14 4_9 5_14 5_15 5_8 6_14 6_15 8_16 9_14 9_15,4_10 4_8 5_9 6_6 6_7 7_16 8_15 8_9 9_16,10_15 11_17 2_4 3_11 3_13 3_16 4_11 5_13 6_5 7_5 7_6 7_8 8_10 8_3 8_7 9_12 9_9,0.538462,0.739130,0.428571,,0.600000,0.600000,0.600000,0.538462,0.025641,0.600000
2025-07-24,B5: B2+B3,28,0.464286,0.650000,2_4 3_10 3_11 3_14 4_9 5_8 6_14 6_15 7_8 8_16 9_14 9_15 9_9,4_10 5_9 6_4 6_7 7_16 8_15 9_16,10_15 11_17 3_13 3_16 4_11 5_13 5_14 5_15 6_5 7_5 7_6 8_10 8_3 8_7 9_12,0.739130,0.666667,0.538462,0.600000,,0.818182,1.000000,0.666667,0.025641,0.904762
2025-07-24,B4: B1+B3,28,0.500000,0.700000,2_4 3_10 3_11 3_14 4_9 5_15 5_8 6_14 6_15 7_8 8_16 9_14 9_15 9_9,4_10 5_9 6_7 7_15 7_16 8_15,10_15 11_17 3_13 3_16 4_11 5_13 5_14 6_5 7_5 7_6 8_10 8_3 8_7 9_12,0.666667,0.739130,0.481481,0.600000,0.818182,,0.818182,0.818182,0.025641,0.818182
2025-07-24,B2: Recent MA,28,0.464286,0.650000,2_4 3_10 3_11 3_14 4_9 5_8 6_14 6_15 7_8 8_16 9_14 9_15 9_9,4_10 5_9 6_4 6_7 7_16 8_15 9_16,10_15 11_17 3_13 3_16 4_11 5_13 5_14 5_15 6_5 7_5 7_6 8_10 8_3 8_7 9_12,0.739130,0.666667,0.538462,0.600000,1.000000,0.818182,,0.666667,0.025641,0.904762
2025-07-24,B3: DoY season,28,0.500000,0.700000,10_15 2_4 3_11 3_14 4_9 5_15 5_8 6_14 6_15 7_8 8_16 9_14 9_15 9_9,4_10 5_9 6_6 7_15 7_16 8_15,11_17 3_10 3_13 3_16 4_11 5_13 5_14 6_5 7_5 7_6 8_10 8_3 8_7 9_12,0.600000,0.600000,0.428571,0.538462,0.666667,0.818182,0.666667,,0.025641,0.739130
2025-07-24,B0: Random,28,0.071429,0.100000,9_12 9_14,10_1 11_0 11_1 11_4 12_3 1_11 2_12 3_3 3_7 4_12 4_13 4_15 7_7 8_0 8_11 8_14 8_4 9_10,10_15 11_17 2_4 3_10 3_11 3_13 3_14 3_16 4_11 4_9 5_13 5_14 5_15 5_8 6_14 6_15 6_5 7_5 7_6 7_8 8_10 8_16 8_3 8_7 9_15 9_9,0.000000,0.025641,0.025641,0.025641,0.025641,0.025641,0.025641,0.025641,,0.025641
2025-07-25,GLM-Logit,23,0.521739,0.600000,3_14 4_9 5_8 6_14 6_15 7_16 7_8 8_15 8_16 9_15 9_16 9_9,2_4 3_10 3_11 3_13 4_10 5_9 6_7 9_14,10_15 10_17 1_12 4_8 5_14 5_15 5_16 6_5 7_15 7_9 8_7,0.818182,0.666667,0.666667,0.600000,0.904762,0.818182,0.904762,0.600000,0.052632,
2025-07-25,HierBayes,23,0.565217,0.650000,10_15 3_14 4_9 5_8 6_14 6_15 7_16 7_8 8_15 8_16 9_15 9_16 9_9,3_10 3_11 3_13 3_9 4_10 5_9 6_7,10_17 1_12 4_8 5_14 5_15 5_16 6_5 7_15 7_9 8_7,,0.600000,0.600000,0.538462,0.818182,0.739130,0.739130,0.538462,0.025641,0.818182
2025-07-25,B1: Static prior,23,0.608696,0.700000,3_14 4_8 4_9 5_14 5_15 5_8 6_14 6_15 7_15 7_16 7_8 8_15 9_15 9_16,3_10 3_11 4_10 5_9 6_7 9_14,10_15 10_17 1_12 5_16 6_5 7_9 8_16 8_7 9_9,0.600000,,0.818182,0.739130,0.666667,0.666667,0.666667,0.481481,0.025641,0.666667
2025-07-25,TTM,23,0.521739,0.600000,3_14 4_9 5_15 5_8 6_14 6_15 7_15 7_16 7_8 8_15 9_15 9_16,3_10 3_11 4_10 5_9 6_4 6_7 8_8 9_14,10_15 10_17 1_12 4_8 5_14 5_16 6_5 7_9 8_16 8_7 9_9,0.600000,0.818182,,0.600000,0.666667,0.666667,0.739130,0.538462,0.025641,0.666667
2025-07-25,ET,23,0.565217,0.650000,3_14 4_8 4_9 5_14 5_15 5_8 6_14 6_15 7_16 8_15 8_16 9_15 9_16,3_10 4_10 5_9 6_6 6_7 8_9 9_14,10_15 10_17 1_12 5_16 6_5 7_15 7_8 7_9 8_7 9_9,0.538462,0.739130,0.600000,,0.600000,0.538462,0.600000,0.428571,0.025641,0.600000
2025-07-25,B5: B2+B3,23,0.565217,0.650000,10_15 3_14 4_9 5_8 6_14 6_15 7_16 7_8 8_15 8_16 9_15 9_16 9_9,2_4 3_10 3_11 4_10 5_9 6_7 9_14,10_17 1_12 4_8 5_14 5_15 5_16 6_5 7_15 7_9 8_7,0.818182,0.666667,0.666667,0.600000,,0.904762,0.904762,0.666667,0.052632,0.904762
2025-07-25,B4: B1+B3,23,0.565217,0.650000,10_15 3_14 4_9 5_8 6_14 6_15 7_15 7_16 7_8 8_15 8_16 9_15 9_9,2_4 3_10 3_11 4_10 5_9 6_7 9_14,10_17 1_12 4_8 5_14 5_15 5_16 6_5 7_9 8_7 9_16,0.739130,0.666667,0.666667,0.538462,0.904762,,0.818182,0.739130,0.052632,0.818182
2025-07-25,B2: Recent MA,23,0.521739,0.600000,3_14 4_9 5_8 6_14 6_15 7_16 7_8 8_15 8_16 9_15 9_16 9_9,2_4 3_10 3_11 4_10 5_9 6_4 6_7 9_14,10_15 10_17 1_12 4_8 5_14 5_15 5_16 6_5 7_15 7_9 8_7,0.739130,0.666667,0.739130,0.600000,0.904762,0.818182,,0.666667,0.052632,0.904762
2025-07-25,B3: DoY season,23,0.521739,0.600000,10_15 3_14 4_9 6_14 6_15 7_15 7_16 7_8 8_15 8_16 9_15 9_9,2_4 3_11 4_10 5_9 6_4 6_6 6_8 9_14,10_17 1_12 4_8 5_14 5_15 5_16 5_8 6_5 7_9 8_7 9_16,0.538462,0.481481,0.538462,0.428571,0.666667,0.739130,0.666667,,0.052632,0.600000
2025-07-25,B0: Random,23,0.043478,0.050000,9_9,0_4 0_8 10_12 11_0 11_17 12_10 12_13 12_15 12_17 1_6 2_0 2_6 3_5 5_19 6_16 8_13 9_13 9_14 9_7,10_15 10_17 1_12 3_14 4_8 4_9 5_14 5_15 5_16 5_8 6_14 6_15 6_5 7_15 7_16 7_8 7_9 8_15 8_16 8_7 9_15 9_16,0.025641,0.025641,0.025641,0.025641,0.052632,0.052632,0.052632,0.052632,,0.052632
2025-07-26,GLM-Logit,13,0.538462,0.350000,3_10 3_11 6_7 7_8 8_16 9_14 9_15,2_4 3_14 4_10 4_9 5_15 5_8 5_9 6_14 6_15 7_16 8_15 9_16 9_9,1_12 3_16 3_9 4_11 5_13 8_7,0.739130,0.739130,0.666667,0.666667,0.904762,0.818182,0.904762,0.600000,0.052632,
2025-07-26,HierBayes,13,0.538462,0.350000,3_10 3_11 3_9 6_7 7_8 8_16 9_15,10_15 3_13 3_14 4_10 4_9 5_8 5_9 6_14 6_15 7_16 8_15 9_16 9_9,1_12 3_16 4_11 5_13 8_7 9_14,,0.600000,0.600000,0.538462,0.818182,0.666667,0.818182,0.538462,0.052632,0.739130
2025-07-26,B1: Static prior,13,0.461538,0.300000,3_10 3_11 6_7 7_8 9_14 9_15,3_14 4_10 4_8 4_9 5_14 5_15 5_8 5_9 6_14 6_15 7_15 7_16 8_15 9_16,1_12 3_16 3_9 4_11 5_13 8_16 8_7,0.600000,,0.739130,0.739130,0.666667,0.739130,0.666667,0.538462,0.052632,0.739130
2025-07-26,TTM,13,0.461538,0.300000,3_10 3_11 6_7 7_8 9_14 9_15,10_17 3_14 4_10 4_9 5_8 5_9 6_14 6_15 6_4 7_15 7_16 8_15 8_8 9_16,1_12 3_16 3_9 4_11 5_13 8_16 8_7,0.600000,0.739130,,0.538462,0.666667,0.666667,0.666667,0.666667,0.052632,0.666667
2025-07-26,ET,13,0.384615,0.250000,3_10 6_7 8_16 9_14 9_15,3_14 4_10 4_8 4_9 5_14 5_15 5_8 5_9 6_14 6_15 6_6 7_16 8_15 8_9 9_16,1_12 3_11 3_16 3_9 4_11 5_13 7_8 8_7,0.538462,0.739130,0.538462,,0.600000,0.600000,0.600000,0.428571,0.052632,0.666667
2025-07-26,B5: B2+B3,13,0.538462,0.350000,3_10 3_11 6_7 7_8 8_16 9_14 9_15,10_15 2_4 3_14 4_10 4_9 5_8 5_9 6_14 6_15 7_16 8_15 9_16 9_9,1_12 3_16 3_9 4_11 5_13 8_7,0.818182,0.666667,0.666667,0.600000,,0.818182,1.000000,0.666667,0.052632,0.904762
2025-07-26,B4: B1+B3,13,0.538462,0.350000,3_10 3_11 6_7 7_8 8_16 9_14 9_15,10_15 2_4 3_14 4_10 4_9 5_15 5_8 5_9 6_14 6_15 7_15 7_16 8_15,1_12 3_16 3_9 4_11 5_13 8_7,0.666667,0.739130,0.666667,0.600000,0.818182,,0.818182,0.739130,0.025641,0.818182
2025-07-26,B2: Recent MA,13,0.538462,0.350000,3_10 3_11 6_7 7_8 8_16 9_14 9_15,10_15 2_4 3_14 4_10 4_9 5_8 5_9 6_14 6_15 7_16 8_15 9_16 9_9,1_12 3_16 3_9 4_11 5_13 8_7,0.818182,0.666667,0.666667,0.600000,1.000000,0.818182,,0.666667,0.052632,0.904762
2025-07-26,B3: DoY season,13,0.461538,0.300000,3_11 6_7 7_8 8_16 9_14 9_15,10_15 10_17 2_4 3_4 4_10 4_9 5_8 5_9 6_14 6_15 6_4 7_15 7_16 8_15,1_12 3_10 3_16 3_9 4_11 5_13 8_7,0.538462,0.538462,0.666667,0.428571,0.666667,0.739130,0.666667,,0.025641,0.600000
2025-07-26,B0: Random,13,0.000000,0.000000,,0_5 0_6 10_10 10_6 11_12 12_13 12_14 1_14 1_6 2_9 3_12 4_12 4_7 5_6 6_12 6_14 7_14 8_18 9_10 9_16,1_12 3_10 3_11 3_16 3_9 4_11 5_13 6_7 7_8 8_16 8_7 9_14 9_15,0.052632,0.052632,0.052632,0.052632,0.052632,0.025641,0.052632,0.025641,,0.052632
2025-07-27,GLM-Logit,11,0.636364,0.350000,3_11 3_14 4_10 5_15 7_8 9_14 9_9,2_4 3_10 4_9 5_8 5_9 6_14 6_15 6_7 7_16 8_15 8_16 9_15 9_16,3_13 7_14 7_15 8_9,0.739130,0.739130,0.538462,0.666667,0.904762,0.818182,0.904762,0.666667,0.142857,
2025-07-27,HierBayes,11,0.545455,0.300000,3_11 3_14 4_10 7_8 9_14 9_9,10_15 3_10 3_9 4_9 5_13 5_8 6_14 6_15 6_7 7_16 8_15 8_16 9_15 9_16,3_13 5_15 7_14 7_15 8_9,,0.600000,0.481481,0.538462,0.818182,0.666667,0.818182,0.666667,0.111111,0.739130
2025-07-27,B1: Static prior,11,0.636364,0.350000,3_11 3_14 4_10 5_15 7_15 7_8 9_14,3_10 4_8 4_9 5_14 5_8 5_9 6_14 6_15 6_7 7_16 8_15 9_15 9_16,3_13 7_14 8_9 9_9,0.600000,,0.666667,0.739130,0.666667,0.739130,0.666667,0.538462,0.142857,0.739130
2025-07-27,TTM,11,0.545455,0.300000,3_11 3_14 4_10 7_15 7_8 9_14,3_10 4_9 5_14 5_8 5_9 6_15 6_4 6_7 6_8 7_5 8_15 8_8 9_15 9_16,3_13 5_15 7_14 8_9 9_9,0.481481,0.666667,,0.481481,0.538462,0.538462,0.538462,0.481481,0.111111,0.538462
2025-07-27,ET,11,0.454545,0.250000,3_14 4_10 5_15 8_9 9_14,3_10 4_8 4_9 5_14 5_8 5_9 6_14 6_15 6_6 6_7 7_16 8_15 8_16 9_15 9_16,3_11 3_13 7_14 7_15 7_8 9_9,0.538462,0.739130,0.481481,,0.600000,0.600000,0.600000,0.481481,0.111111,0.666667
2025-07-27,B5: B2+B3,11,0.545455,0.300000,3_11 3_14 4_10 7_8 9_14 9_9,10_15 2_4 3_10 4_9 5_8 5_9 6_14 6_15 6_7 7_16 8_15 8_16 9_15 9_16,3_13 5_15 7_14 7_15 8_9,0.818182,0.666667,0.538462,0.600000,,0.818182,1.000000,0.739130,0.142857,0.904762
2025-07-27,B4: B1+B3,11,0.636364,0.350000,3_11 3_14 4_10 5_15 7_15 7_8 9_14,10_15 2_4 3_10 4_9 5_8 5_9 6_14 6_15 6_7 7_16 8_15 8_16 9_15,3_13 7_14 8_9 9_9,0.666667,0.739130,0.538462,0.600000,0.818182,,0.818182,0.739130,0.142857,0.818182
2025-07-27,B2: Recent MA,11,0.545455,0.300000,3_11 3_14 4_10 7_8 9_14 9_9,10_15 2_4 3_10 4_9 5_8 5_9 6_14 6_15 6_7 7_16 8_15 8_16 9_15 9_16,3_13 5_15 7_14 7_15 8_9,0.818182,0.666667,0.538462,0.600000,1.000000,0.818182,,0.739130,0.142857,0.904762
2025-07-27,B3: DoY season,11,0.454545,0.250000,3_11 3_14 4_10 7_8 9_14,10_15 10_17 2_4 4_9 5_13 5_8 5_9 6_14 6_15 6_4 6_7 7_16 8_15 8_16 9_15,3_13 5_15 7_14 7_15 8_9 9_9,0.666667,0.538462,0.481481,0.481481,0.739130,0.739130,0.739130,,0.142857,0.666667
2025-07-27,B0: Random,11,0.181818,0.100000,3_11 3_14,0_10 11_14 1_10 1_12 2_10 2_13 2_6 3_17 3_4 4_0 4_13 4_3 5_16 5_9 7_16 8_6 9_13 9_15,3_13 4_10 5_15 7_14 7_15 7_8 8_9 9_14 9_9,0.111111,0.142857,0.111111,0.111111,0.142857,0.142857,0.142857,0.142857,,0.142857
2025-07-28,GLM-Logit,22,0.363636,0.400000,3_10 3_11 3_14 5_15 5_8 6_7 9_14 9_15,3_13 4_10 4_9 5_9 6_14 6_15 7_16 7_8 8_15 8_16 9_16 9_9,10_15 3_16 3_7 4_15 4_8 6_12 6_3 6_6 7_3 7_4 8_6 8_7 8_8 9_17,0.739130,0.739130,0.538462,0.666667,0.818182,0.739130,0.904762,0.481481,0.025641,
2025-07-28,HierBayes,22,0.318182,0.350000,10_15 3_10 3_11 3_14 5_8 6_7 9_15,3_13 3_9 4_10 4_9 5_13 6_14 6_15 7_16 7_8 8_15 8_16 9_16 9_9,3_16 3_7 4_15 4_8 5_15 6_12 6_3 6_6 7_3 7_4 8_6 8_7 8_8 9_14 9_17,,0.538462,0.428571,0.481481,0.666667,0.600000,0.666667,0.481481,0.052632,0.739130
2025-07-28,B1: Static prior,22,0.409091,0.450000,3_10 3_11 3_14 4_8 5_15 5_8 6_7 9_14 9_15,4_10 4_9 5_14 5_9 6_14 6_15 7_15 7_16 7_8 8_15 9_16,10_15 3_16 3_7 4_15 6_12 6_3 6_6 7_3 7_4 8_6 8_7 8_8 9_17,0.538462,,0.600000,0.739130,0.666667,0.739130,0.739130,0.428571,0.052632,0.739130
2025-07-28,TTM,22,0.318182,0.350000,3_10 3_11 3_14 6_7 8_8 9_14 9_15,4_10 4_9 5_14 5_4 5_9 6_15 6_4 7_15 7_5 7_8 8_15 8_16 9_16,10_15 3_16 3_7 4_15 4_8 5_15 5_8 6_12 6_3 6_6 7_3 7_4 8_6 8_7 9_17,0.428571,0.600000,,0.481481,0.481481,0.538462,0.538462,0.379310,0.052632,0.538462
2025-07-28,ET,22,0.409091,0.450000,3_10 3_14 4_8 5_15 5_8 6_6 6_7 9_14 9_15,4_10 4_9 5_14 5_9 6_14 6_15 7_16 8_15 8_16 8_9 9_16,10_15 3_11 3_16 3_7 4_15 6_12 6_3 7_3 7_4 8_6 8_7 8_8 9_17,0.481481,0.739130,0.481481,,0.600000,0.600000,0.666667,0.379310,0.052632,0.666667
2025-07-28,B5: B2+B3,22,0.363636,0.400000,10_15 3_10 3_11 3_14 5_15 5_8 9_14 9_15,2_4 4_10 4_9 5_9 6_14 6_15 7_16 7_8 8_15 8_16 9_16 9_9,3_16 3_7 4_15 4_8 6_12 6_3 6_6 6_7 7_3 7_4 8_6 8_7 8_8 9_17,0.666667,0.666667,0.481481,0.600000,,0.818182,0.904762,0.538462,0.025641,0.818182
2025-07-28,B4: B1+B3,22,0.409091,0.450000,10_15 3_10 3_11 3_14 5_15 5_8 6_7 9_14 9_15,2_4 4_10 4_9 5_9 6_14 6_15 7_15 7_16 7_8 8_15 8_16,3_16 3_7 4_15 4_8 6_12 6_3 6_6 7_3 7_4 8_6 8_7 8_8 9_17,0.600000,0.739130,0.538462,0.600000,0.818182,,0.818182,0.600000,0.000000,0.739130
2025-07-28,B2: Recent MA,22,0.363636,0.400000,3_10 3_11 3_14 5_15 5_8 6_7 9_14 9_15,2_4 4_10 4_9 5_9 6_14 6_15 7_16 7_8 8_15 8_16 9_16 9_9,10_15 3_16 3_7 4_15 4_8 6_12 6_3 6_6 7_3 7_4 8_6 8_7 8_8 9_17,0.666667,0.739130,0.538462,0.666667,0.904762,0.818182,,0.538462,0.025641,0.904762
2025-07-28,B3: DoY season,22,0.318182,0.350000,10_15 3_11 3_16 5_8 6_7 9_14 9_15,10_17 2_4 4_10 4_9 5_13 5_5 5_9 6_14 6_4 7_16 7_8 8_15 8_16,3_10 3_14 3_7 4_15 4_8 5_15 6_12 6_3 6_6 7_3 7_4 8_6 8_7 8_8 9_17,0.481481,0.428571,0.379310,0.379310,0.538462,0.600000,0.538462,,0.025641,0.481481
2025-07-28,B0: Random,22,0.045455,0.050000,4_8,0_18 11_10 11_7 12_2 12_3 12_7 1_11 1_12 1_16 3_12 3_9 5_1 6_4 6_8 7_1 7_13 8_4 9_16 9_4,10_15 3_10 3_11 3_14 3_16 3_7 4_15 5_15 5_8 6_12 6_3 6_6 6_7 7_3 7_4 8_6 8_7 8_8 9_14 9_15 9_17,0.052632,0.052632,0.052632,0.052632,0.025641,0.000000,0.025641,0.025641,,0.025641
2025-07-29,GLM-Logit,18,0.444444,0.400000,3_14 4_10 4_9 5_9 6_15 8_16 9_14 9_16,10_15 3_10 3_11 5_15 5_8 6_14 6_7 7_16 7_8 8_15 9_15 9_9,10_14 3_15 3_16 5_3 7_15 7_5 7_7 8_7 8_8 8_9,0.818182,0.739130,0.538462,0.666667,0.904762,0.739130,0.904762,0.600000,0.025641,
2025-07-29,HierBayes,18,0.333333,0.300000,3_14 4_10 4_9 6_15 8_16 9_16,10_15 3_10 3_11 3_13 3_9 5_15 5_8 6_14 6_7 7_16 7_8 8_15 9_15 9_9,10_14 3_15 3_16 5_3 5_9 7_15 7_5 7_7 8_7 8_8 8_9 9_14,,0.600000,0.428571,0.538462,0.739130,0.600000,0.818182,0.481481,0.025641,0.818182
2025-07-29,B1: Static prior,18,0.444444,0.400000,3_14 4_10 4_9 5_9 6_15 7_15 9_14 9_16,3_10 3_11 4_8 5_14 5_15 5_8 6_14 6_7 7_16 7_8 8_15 9_15,10_14 3_15 3_16 5_3 7_5 7_7 8_16 8_7 8_8 8_9,0.600000,,0.600000,0.739130,0.666667,0.666667,0.666667,0.481481,0.025641,0.739130
2025-07-29,TTM,18,0.666667,0.600000,3_14 4_10 4_9 5_9 6_15 7_15 7_5 7_7 8_16 8_8 9_14 9_16,3_10 3_11 5_14 6_4 7_16 7_8 8_15 9_15,10_14 3_15 3_16 5_3 8_7 8_9,0.428571,0.600000,,0.481481,0.481481,0.538462,0.481481,0.379310,0.000000,0.538462
2025-07-29,ET,18,0.500000,0.450000,3_14 4_10 4_9 5_9 6_15 8_16 8_9 9_14 9_16,3_10 4_8 5_14 5_15 5_8 6_14 6_6 6_7 7_16 8_15 9_15,10_14 3_15 3_16 5_3 7_15 7_5 7_7 8_7 8_8,0.538462,0.739130,0.481481,,0.600000,0.538462,0.600000,0.428571,0.025641,0.666667
2025-07-29,B5: B2+B3,18,0.388889,0.350000,3_14 4_10 4_9 5_9 6_15 8_16 9_14,10_15 2_4 3_10 3_11 5_15 5_8 6_14 6_7 7_16 7_8 8_15 9_15 9_9,10_14 3_15 3_16 5_3 7_15 7_5 7_7 8_7 8_8 8_9 9_16,0.739130,0.666667,0.481481,0.600000,,0.818182,0.818182,0.666667,0.025641,0.904762
2025-07-29,B4: B1+B3,18,0.444444,0.400000,3_14 4_10 4_9 5_9 6_15 7_15 8_16 9_14,10_15 2_4 3_10 3_11 5_15 5_8 6_14 6_4 6_7 7_8 8_15 9_15,10_14 3_15 3_16 5_3 7_5 7_7 8_7 8_8 8_9 9_16,0.600000,0.666667,0.538462,0.538462,0.818182,,0.666667,0.739130,0.025641,0.739130
2025-07-29,B2: Recent MA,18,0.444444,0.400000,3_14 4_10 4_9 6_15 8_16 8_7 9_14 9_16,10_15 3_10 3_11 5_15 5_8 6_14 6_7 7_16 7_8 8_15 9_15 9_9,10_14 3_15 3_16 5_3 5_9 7_15 7_5 7_7 8_8 8_9,0.818182,0.666667,0.481481,0.600000,0.818182,0.666667,,0.538462,0.025641,0.904762
2025-07-29,B3: DoY season,18,0.333333,0.300000,3_14 4_10 4_9 5_9 8_16 9_14,10_15 10_17 2_4 3_11 5_13 5_15 5_8 6_14 6_4 6_7 7_3 7_8 8_15 9_15,10_14 3_15 3_16 5_3 6_15 7_15 7_5 7_7 8_7 8_8 8_9 9_16,0.481481,0.481481,0.379310,0.428571,0.666667,0.739130,0.538462,,0.025641,0.600000
2025-07-29,B0: Random,18,0.000000,0.000000,,11_5 11_9 12_12 12_19 1_13 2_10 2_17 3_17 4_11 4_3 4_4 5_15 5_7 6_2 7_1 7_10 8_1 8_2 8_5 9_12,10_14 3_14 3_15 3_16 4_10 4_9 5_3 5_9 6_15 7_15 7_5 7_7 8_16 8_7 8_8 8_9 9_14 9_16,0.025641,0.025641,0.000000,0.025641,0.025641,0.025641,0.025641,0.025641,,0.025641
2025-07-30,GLM-Logit,22,0.454545,0.500000,10_15 3_11 4_10 5_15 5_8 6_14 6_15 7_8 8_16 9_16,3_10 3_14 4_9 5_9 6_7 7_16 8_15 9_14 9_15 9_9,3_15 3_16 4_8 5_14 5_6 6_3 6_4 6_8 7_5 7_7 8_6 8_8,0.818182,0.739130,0.538462,0.666667,0.904762,0.739130,0.904762,0.666667,0.052632,
2025-07-30,HierBayes,22,0.409091,0.450000,10_15 3_11 4_10 5_8 6_14 6_15 7_8 8_16 9_16,3_10 3_14 3_9 4_9 6_7 7_16 8_15 8_7 9_14 9_15 9_9,3_15 3_16 4_8 5_14 5_15 5_6 6_3 6_4 6_8 7_5 7_7 8_6 8_8,,0.600000,0.428571,0.538462,0.739130,0.600000,0.818182,0.538462,0.052632,0.818182
2025-07-30,B1: Static prior,22,0.454545,0.500000,3_11 4_10 4_8 5_14 5_15 5_8 6_14 6_15 7_8 9_16,3_10 3_14 4_9 5_9 6_7 7_15 7_16 8_15 9_14 9_15,10_15 3_15 3_16 5_6 6_3 6_4 6_8 7_5 7_7 8_16 8_6 8_8,0.600000,,0.666667,0.739130,0.666667,0.666667,0.739130,0.538462,0.081081,0.739130
2025-07-30,TTM,22,0.500000,0.550000,3_11 4_10 5_14 5_15 5_8 6_15 6_4 7_5 7_8 8_8 9_16,10_16 3_10 3_14 4_9 5_9 7_15 7_16 9_14 9_15,10_15 3_15 3_16 4_8 5_6 6_14 6_3 6_8 7_7 8_16 8_6,0.428571,0.666667,,0.481481,0.600000,0.600000,0.538462,0.481481,0.081081,0.538462
2025-07-30,ET,22,0.409091,0.450000,4_10 4_8 5_14 5_15 5_8 6_14 6_15 8_16 9_16,3_10 3_14 4_9 5_9 6_6 6_7 7_16 8_15 8_9 9_14 9_15,10_15 3_11 3_15 3_16 5_6 6_3 6_4 6_8 7_5 7_7 7_8 8_6 8_8,0.538462,0.739130,0.481481,,0.600000,0.538462,0.666667,0.481481,0.081081,0.666667
2025-07-30,B5: B2+B3,22,0.500000,0.550000,10_15 3_11 4_10 5_15 5_8 6_14 6_15 6_4 7_8 8_16 9_16,3_10 3_14 4_9 5_9 7_16 8_15 9_14 9_15 9_9,3_15 3_16 4_8 5_14 5_6 6_3 6_8 7_5 7_7 8_6 8_8,0.739130,0.666667,0.600000,0.600000,,0.818182,0.818182,0.739130,0.081081,0.904762
2025-07-30,B4: B1+B3,22,0.454545,0.500000,10_15 3_11 4_10 5_15 5_8 6_14 6_15 6_4 7_8 8_16,3_10 3_13 3_14 4_9 5_9 7_15 7_16 8_15 9_14 9_15,3_15 3_16 4_8 5_14 5_6 6_3 6_8 7_5 7_7 8_6 8_8 9_16,0.600000,0.666667,0.600000,0.538462,0.818182,,0.666667,0.818182,0.081081,0.739130
2025-07-30,B2: Recent MA,22,0.409091,0.450000,3_11 4_10 5_15 5_8 6_14 6_15 7_8 8_16 9_16,3_10 3_14 4_9 5_9 6_7 7_16 8_15 8_7 9_14 9_15 9_9,10_15 3_15 3_16 4_8 5_14 5_6 6_3 6_4 6_8 7_5 7_7 8_6 8_8,0.818182,0.739130,0.538462,0.666667,0.818182,0.666667,,0.600000,0.052632,0.904762
2025-07-30,B3: DoY season,22,0.454545,0.500000,10_15 3_11 4_10 5_15 5_8 6_14 6_15 6_4 7_8 8_16,10_17 2_4 3_10 3_13 3_14 4_9 5_9 8_15 9_14 9_15,3_15 3_16 4_8 5_14 5_6 6_3 6_8 7_5 7_7 8_6 8_8 9_16,0.538462,0.538462,0.481481,0.481481,0.739130,0.818182,0.600000,,0.081081,0.666667
2025-07-30,B0: Random,22,0.136364,0.150000,5_14 6_15 6_4,0_1 0_16 0_3 11_16 1_2 1_7 3_19 4_6 5_2 5_4 5_5 6_18 6_5 7_13 8_15 9_0 9_2,10_15 3_11 3_15 3_16 4_10 4_8 5_15 5_6 5_8 6_14 6_3 6_8 7_5 7_7 7_8 8_16 8_6 8_8 9_16,0.052632,0.081081,0.081081,0.081081,0.081081,0.081081,0.052632,0.081081,,0.052632
2025-07-31,GLM-Logit,21,0.333333,0.350000,4_9 5_15 5_9 6_15 8_16 9_14 9_15,10_15 3_10 3_11 3_14 4_10 5_8 6_14 6_7 7_16 7_8 8_15 9_16 9_9,10_14 2_3 3_13 3_15 3_6 5_13 5_14 5_3 6_4 6_9 7_15 8_6 8_7 8_9,0.904762,0.739130,0.600000,0.666667,0.818182,0.739130,0.904762,0.600000,0.052632,
2025-07-31,HierBayes,21,0.333333,0.350000,4_9 5_15 6_15 8_16 8_7 9_14 9_15,10_15 3_10 3_11 3_14 4_10 5_8 6_14 6_7 7_16 7_8 8_15 9_16 9_9,10_14 2_3 3_13 3_15 3_6 5_13 5_14 5_3 5_9 6_4 6_9 7_15 8_6 8_9,,0.666667,0.538462,0.600000,0.739130,0.666667,0.904762,0.538462,0.052632,0.904762
2025-07-31,B1: Static prior,21,0.380952,0.400000,4_9 5_14 5_15 5_9 6_15 7_15 9_14 9_15,3_10 3_11 3_14 4_10 4_8 5_8 6_14 6_7 7_16 7_8 8_15 9_16,10_14 2_3 3_13 3_15 3_6 5_13 5_3 6_4 6_9 8_16 8_6 8_7 8_9,0.666667,,0.739130,0.739130,0.600000,0.666667,0.666667,0.481481,0.025641,0.739130
2025-07-31,TTM,21,0.380952,0.400000,4_9 5_14 5_9 6_15 6_4 7_15 9_14 9_15,3_10 3_11 3_14 4_10 5_8 6_7 7_16 7_5 7_8 8_15 8_8 9_16,10_14 2_3 3_13 3_15 3_6 5_13 5_15 5_3 6_9 8_16 8_6 8_7 8_9,0.538462,0.739130,,0.538462,0.538462,0.600000,0.538462,0.428571,0.025641,0.600000
2025-07-31,ET,21,0.428571,0.450000,4_9 5_14 5_15 5_9 6_15 8_16 8_9 9_14 9_15,3_10 3_14 4_10 4_8 5_8 6_14 6_6 6_7 7_16 8_15 9_16,10_14 2_3 3_13 3_15 3_6 5_13 5_3 6_4 6_9 7_15 8_6 8_7,0.600000,0.739130,0.538462,,0.538462,0.538462,0.600000,0.428571,0.052632,0.666667
2025-07-31,B5: B2+B3,21,0.380952,0.400000,4_9 5_15 5_9 6_15 6_4 8_16 9_14 9_15,10_15 2_4 3_10 3_11 3_14 4_10 5_8 6_14 7_8 8_15 9_16 9_9,10_14 2_3 3_13 3_15 3_6 5_13 5_14 5_3 6_9 7_15 8_6 8_7 8_9,0.739130,0.600000,0.538462,0.538462,,0.739130,0.818182,0.739130,0.052632,0.818182
2025-07-31,B4: B1+B3,21,0.476190,0.500000,3_13 4_9 5_15 5_9 6_15 6_4 7_15 8_16 9_14 9_15,10_15 3_10 3_11 3_14 4_10 5_8 6_14 6_7 7_8 8_15,10_14 2_3 3_15 3_6 5_13 5_14 5_3 6_9 8_6 8_7 8_9,0.666667,0.666667,0.600000,0.538462,0.739130,,0.666667,0.739130,0.025641,0.739130
2025-07-31,B2: Recent MA,21,0.380952,0.400000,4_9 5_15 5_9 6_15 8_16 8_7 9_14 9_15,10_15 3_10 3_11 3_14 4_10 5_8 6_14 7_16 7_8 8_15 9_16 9_9,10_14 2_3 3_13 3_15 3_6 5_13 5_14 5_3 6_4 6_9 7_15 8_6 8_9,0.904762,0.666667,0.538462,0.600000,0.818182,0.666667,,0.600000,0.081081,0.904762
2025-07-31,B3: DoY season,21,0.380952,0.400000,3_13 4_9 5_15 5_9 6_4 8_16 9_14 9_15,10_15 10_17 2_4 3_10 3_11 3_14 4_10 5_8 6_14 6_16 7_8 8_15,10_14 2_3 3_15 3_6 5_13 5_14 5_3 6_15 6_9 7_15 8_6 8_7 8_9,0.538462,0.481481,0.428571,0.428571,0.739130,0.739130,0.600000,,0.025641,0.600000
2025-07-31,B0: Random,21,0.238095,0.250000,3_15 5_9 8_6 8_7 8_9,0_12 10_13 11_15 12_0 12_5 1_0 1_12 3_19 3_2 4_18 5_12 7_10 7_7 9_12 9_9,10_14 2_3 3_13 3_6 4_9 5_13 5_14 5_15 5_3 6_15 6_4 6_9 7_15 8_16 9_14 9_15,0.052632,0.025641,0.025641,0.052632,0.052632,0.025641,0.081081,0.025641,,0.052632
2025-08-01,GLM-Logit,20,0.350000,0.350000,10_15 3_14 4_10 4_9 5_9 6_14 9_14,3_10 3_11 5_15 5_8 6_15 6_7 7_16 7_8 8_15 8_16 9_15 9_16 9_9,10_13 2_4 3_15 3_6 5_13 5_14 6_12 6_2 7_15 7_3 7_4 8_6 8_7,0.904762,0.739130,0.538462,0.538462,0.904762,0.739130,0.818182,0.600000,0.052632,
2025-08-01,HierBayes,20,0.350000,0.350000,10_15 3_14 4_10 4_9 6_14 8_7 9_14,3_10 3_11 5_15 5_8 6_15 6_7 7_16 7_8 8_15 8_16 9_15 9_16 9_9,10_13 2_4 3_15 3_6 5_13 5_14 5_9 6_12 6_2 7_15 7_3 7_4 8_6,,0.666667,0.481481,0.481481,0.818182,0.666667,0.818182,0.538462,0.052632,0.904762
2025-08-01,B1: Static prior,20,0.400000,0.400000,3_14 4_10 4_9 5_14 5_9 6_14 7_15 9_14,3_10 3_11 4_8 5_15 5_8 6_15 6_7 7_16 7_8 8_15 9_15 9_16,10_13 10_15 2_4 3_15 3_6 5_13 6_12 6_2 7_3 7_4 8_6 8_7,0.666667,,0.666667,0.600000,0.666667,0.666667,0.600000,0.538462,0.052632,0.739130
2025-08-01,TTM,20,0.400000,0.400000,3_14 4_10 4_9 5_14 5_9 6_14 7_15 9_14,3_10 3_11 5_8 6_15 6_3 6_4 7_16 7_5 8_15 8_8 9_15 9_16,10_13 10_15 2_4 3_15 3_6 5_13 6_12 6_2 7_3 7_4 8_6 8_7,0.481481,0.666667,,0.481481,0.538462,0.538462,0.538462,0.538462,0.052632,0.538462
2025-08-01,ET,20,0.350000,0.350000,3_14 4_10 4_9 5_14 5_9 6_14 9_14,3_11 3_13 3_7 4_8 5_15 5_8 7_16 7_8 8_14 8_15 8_16 8_8 9_16,10_13 10_15 2_4 3_15 3_6 5_13 6_12 6_2 7_15 7_3 7_4 8_6 8_7,0.481481,0.600000,0.481481,,0.481481,0.481481,0.481481,0.428571,0.052632,0.538462
2025-08-01,B5: B2+B3,20,0.350000,0.350000,10_15 3_14 4_10 4_9 5_9 6_14 9_14,3_10 3_11 5_15 5_8 6_15 6_4 6_7 7_8 8_15 8_16 9_15 9_16 9_9,10_13 2_4 3_15 3_6 5_13 5_14 6_12 6_2 7_15 7_3 7_4 8_6 8_7,0.818182,0.666667,0.538462,0.481481,,0.818182,0.904762,0.666667,0.052632,0.904762
2025-08-01,B4: B1+B3,20,0.400000,0.400000,10_15 3_14 4_10 4_9 5_9 6_14 7_15 9_14,3_10 3_11 3_13 5_15 5_8 6_15 6_4 6_7 7_8 8_15 8_16 9_15,10_13 2_4 3_15 3_6 5_13 5_14 6_12 6_2 7_3 7_4 8_6 8_7,0.666667,0.666667,0.538462,0.481481,0.818182,,0.739130,0.818182,0.052632,0.739130
2025-08-01,B2: Recent MA,20,0.400000,0.400000,10_15 3_14 4_10 4_9 5_9 6_14 8_7 9_14,3_10 3_11 5_15 5_8 6_15 6_4 7_8 8_15 8_16 9_15 9_16 9_9,10_13 2_4 3_15 3_6 5_13 5_14 6_12 6_2 7_15 7_3 7_4 8_6,0.818182,0.600000,0.538462,0.481481,0.904762,0.739130,,0.666667,0.052632,0.818182
2025-08-01,B3: DoY season,20,0.450000,0.450000,10_15 2_4 3_14 4_10 4_9 5_9 6_14 7_15 9_14,3_10 3_11 3_13 5_8 6_15 6_4 6_8 7_8 8_15 8_16 9_15,10_13 3_15 3_6 5_13 5_14 6_12 6_2 7_3 7_4 8_6 8_7,0.538462,0.538462,0.538462,0.428571,0.666667,0.818182,0.666667,,0.052632,0.600000
2025-08-01,B0: Random,20,0.150000,0.150000,6_12 6_14 9_14,0_12 0_14 0_5 10_4 11_1 11_9 12_2 12_8 1_10 1_7 3_1 4_7 5_1 5_16 7_1 8_4 9_1,10_13 10_15 2_4 3_14 3_15 3_6 4_10 4_9 5_13 5_14 5_9 6_2 7_15 7_3 7_4 8_6 8_7,0.052632,0.052632,0.052632,0.052632,0.052632,0.052632,0.052632,0.052632,,0.052632
2025-08-02,GLM-Logit,25,0.480000,0.600000,10_15 3_11 4_9 5_15 5_9 6_14 6_7 7_15 7_8 8_16 9_14 9_15,3_10 3_14 4_10 5_8 6_15 8_15 9_16 9_9,0_12 10_13 3_13 3_15 3_6 4_8 5_13 5_14 6_6 7_5 7_7 8_10 8_8,0.818182,0.739130,0.538462,0.481481,0.818182,0.818182,0.818182,0.600000,0.111111,
2025-08-02,HierBayes,25,0.440000,0.550000,10_15 3_11 3_15 4_9 5_15 5_9 6_14 7_8 8_16 9_14 9_15,3_10 3_14 4_10 5_8 6_15 8_15 8_7 9_16 9_9,0_12 10_13 3_13 3_6 4_8 5_13 5_14 6_6 6_7 7_15 7_5 7_7 8_10 8_8,,0.600000,0.481481,0.481481,0.904762,0.666667,0.904762,0.600000,0.081081,0.818182
2025-08-02,B1: Static prior,25,0.480000,0.600000,3_11 4_8 4_9 5_14 5_15 5_9 6_14 6_7 7_15 7_8 9_14 9_15,3_10 3_14 4_10 5_8 6_15 7_16 8_15 9_16,0_12 10_13 10_15 3_13 3_15 3_6 5_13 6_6 7_5 7_7 8_10 8_16 8_8,0.600000,,0.600000,0.600000,0.600000,0.666667,0.600000,0.481481,0.081081,0.739130
2025-08-02,TTM,25,0.440000,0.550000,3_11 4_9 5_14 5_15 5_9 7_15 7_8 8_16 8_8 9_14 9_15,4_10 5_4 5_8 6_15 6_3 6_4 7_16 8_15 9_16,0_12 10_13 10_15 3_13 3_15 3_6 4_8 5_13 6_14 6_6 6_7 7_5 7_7 8_10,0.481481,0.600000,,0.538462,0.538462,0.538462,0.538462,0.428571,0.081081,0.538462
2025-08-02,ET,25,0.480000,0.600000,3_11 3_13 4_8 4_9 5_14 5_15 5_9 6_14 7_8 8_16 8_8 9_14,3_14 3_7 4_10 5_8 7_16 8_14 8_15 9_16,0_12 10_13 10_15 3_15 3_6 5_13 6_6 6_7 7_15 7_5 7_7 8_10 9_15,0.481481,0.600000,0.538462,,0.481481,0.481481,0.481481,0.481481,0.081081,0.481481
2025-08-02,B5: B2+B3,25,0.400000,0.500000,10_15 3_11 4_9 5_15 5_9 6_14 7_8 8_16 9_14 9_15,3_10 3_14 4_10 5_8 6_15 6_4 8_15 8_7 9_16 9_9,0_12 10_13 3_13 3_15 3_6 4_8 5_13 5_14 6_6 6_7 7_15 7_5 7_7 8_10 8_8,0.904762,0.600000,0.538462,0.481481,,0.739130,1.000000,0.666667,0.081081,0.818182
2025-08-02,B4: B1+B3,25,0.520000,0.650000,10_15 3_11 3_13 4_9 5_15 5_9 6_14 6_7 7_15 7_8 8_16 9_14 9_15,3_10 3_14 4_10 5_8 6_15 6_4 8_15,0_12 10_13 3_15 3_6 4_8 5_13 5_14 6_6 7_5 7_7 8_10 8_8,0.666667,0.666667,0.538462,0.481481,0.739130,,0.739130,0.739130,0.111111,0.818182
2025-08-02,B2: Recent MA,25,0.400000,0.500000,10_15 3_11 4_9 5_15 5_9 6_14 7_8 8_16 9_14 9_15,3_10 3_14 4_10 5_8 6_15 6_4 8_15 8_7 9_16 9_9,0_12 10_13 3_13 3_15 3_6 4_8 5_13 5_14 6_6 6_7 7_15 7_5 7_7 8_10 8_8,0.904762,0.600000,0.538462,0.481481,1.000000,0.739130,,0.666667,0.081081,0.818182
2025-08-02,B3: DoY season,25,0.480000,0.600000,10_15 3_11 3_13 4_9 5_13 5_15 5_9 6_14 7_8 8_16 9_14 9_15,10_17 2_4 3_10 3_14 4_10 5_8 6_4 8_15,0_12 10_13 3_15 3_6 4_8 5_14 6_6 6_7 7_15 7_5 7_7 8_10 8_8,0.600000,0.481481,0.428571,0.481481,0.666667,0.739130,0.666667,,0.111111,0.600000
2025-08-02,B0: Random,25,0.160000,0.200000,10_13 5_15 6_7 8_16,0_9 10_17 11_13 11_18 12_10 1_14 2_13 2_3 3_3 4_10 4_2 4_6 5_19 6_19 9_17 9_5,0_12 10_15 3_11 3_13 3_15 3_6 4_8 4_9 5_13 5_14 5_9 6_14 6_6 7_15 7_5 7_7 7_8 8_10 8_8 9_14 9_15,0.081081,0.081081,0.081081,0.081081,0.081081,0.111111,0.081081,0.111111,,0.111111
2025-08-03,GLM-Logit,22,0.409091,0.450000,10_15 4_10 4_9 6_14 6_7 7_15 7_8 8_15 9_15,3_10 3_11 3_14 5_15 5_8 5_9 6_15 8_16 9_14 9_16 9_9,10_14 2_3 2_4 3_4 4_14 4_15 4_8 5_13 7_9 8_3 8_6 8_7 8_8,0.818182,0.739130,0.481481,0.481481,0.904762,0.818182,0.818182,0.666667,0.025641,
2025-08-03,HierBayes,22,0.363636,0.400000,10_15 4_10 4_9 6_14 6_7 7_8 8_7 9_15,3_10 3_11 3_14 3_15 5_15 5_8 5_9 6_15 8_16 9_14 9_16 9_9,10_14 2_3 2_4 3_4 4_14 4_15 4_8 5_13 7_15 7_9 8_15 8_3 8_6 8_8,,0.600000,0.379310,0.428571,0.739130,0.666667,0.818182,0.600000,0.025641,0.818182
2025-08-03,B1: Static prior,22,0.409091,0.450000,4_10 4_8 4_9 6_14 6_7 7_15 7_8 8_15 9_15,3_10 3_11 3_14 5_14 5_15 5_8 5_9 6_15 7_16 9_14 9_16,10_14 10_15 2_3 2_4 3_4 4_14 4_15 5_13 7_9 8_3 8_6 8_7 8_8,0.600000,,0.600000,0.600000,0.666667,0.666667,0.600000,0.538462,0.025641,0.739130
2025-08-03,TTM,22,0.318182,0.350000,4_10 4_9 6_7 7_15 8_15 8_8 9_15,3_10 3_11 3_5 5_14 5_4 5_8 5_9 6_15 6_3 6_4 7_16 9_14 9_16,10_14 10_15 2_3 2_4 3_4 4_14 4_15 4_8 5_13 6_14 7_8 7_9 8_3 8_6 8_7,0.379310,0.600000,,0.379310,0.481481,0.481481,0.428571,0.428571,0.025641,0.481481
2025-08-03,ET,22,0.318182,0.350000,4_10 4_8 4_9 6_14 7_8 8_15 8_8,3_11 3_13 3_14 3_7 5_14 5_15 5_8 5_9 7_16 8_14 8_16 9_14 9_16,10_14 10_15 2_3 2_4 3_4 4_14 4_15 5_13 6_7 7_15 7_9 8_3 8_6 8_7 9_15,0.428571,0.600000,0.379310,,0.481481,0.481481,0.428571,0.481481,0.025641,0.481481
2025-08-03,B5: B2+B3,22,0.363636,0.400000,10_15 4_10 4_9 6_14 7_15 7_8 8_15 9_15,3_10 3_11 3_14 5_15 5_8 5_9 6_15 6_4 8_16 9_14 9_16 9_9,10_14 2_3 2_4 3_4 4_14 4_15 4_8 5_13 6_7 7_9 8_3 8_6 8_7 8_8,0.739130,0.666667,0.481481,0.481481,,0.818182,0.904762,0.739130,0.025641,0.904762
2025-08-03,B4: B1+B3,22,0.409091,0.450000,10_15 4_10 4_9 6_14 6_7 7_15 7_8 8_15 9_15,3_10 3_11 3_13 3_14 5_15 5_8 5_9 6_15 6_4 8_16 9_14,10_14 2_3 2_4 3_4 4_14 4_15 4_8 5_13 7_9 8_3 8_6 8_7 8_8,0.666667,0.666667,0.481481,0.481481,0.818182,,0.739130,0.818182,0.000000,0.818182
2025-08-03,B2: Recent MA,22,0.363636,0.400000,10_15 4_10 4_9 6_14 7_15 7_8 8_7 9_15,3_10 3_11 3_14 5_15 5_8 5_9 6_15 6_4 8_16 9_14 9_16 9_9,10_14 2_3 2_4 3_4 4_14 4_15 4_8 5_13 6_7 7_9 8_15 8_3 8_6 8_8,0.818182,0.600000,0.428571,0.428571,0.904762,0.739130,,0.666667,0.025641,0.818182
2025-08-03,B3: DoY season,22,0.318182,0.350000,10_15 4_10 4_9 6_14 7_8 8_15 9_15,3_10 3_11 3_13 3_14 5_15 5_8 5_9 6_15 6_3 6_4 7_2 8_16 9_14,10_14 2_3 2_4 3_4 4_14 4_15 4_8 5_13 6_7 7_15 7_9 8_3 8_6 8_7 8_8,0.600000,0.538462,0.428571,0.481481,0.739130,0.818182,0.666667,,0.000000,0.666667
2025-08-03,B0: Random,22,0.000000,0.000000,,0_11 0_18 10_11 10_2 10_7 10_8 11_10 11_12 11_16 12_15 12_19 1_17 1_18 2_11 3_0 5_14 6_19 7_17 7_7 9_9,10_14 10_15 2_3 2_4 3_4 4_10 4_14 4_15 4_8 4_9 5_13 6_14 6_7 7_15 7_8 7_9 8_15 8_3 8_6 8_7 8_8 9_15,0.025641,0.025641,0.025641,0.025641,0.025641,0.000000,0.025641,0.000000,,0.025641
2025-08-04,GLM-Logit,20,0.550000,0.550000,10_15 3_10 4_10 5_15 6_14 6_15 6_7 7_15 8_16 9_14 9_15,3_11 3_14 4_9 5_8 5_9 7_8 8_15 9_16 9_9,10_16 4_8 5_13 5_14 5_3 6_2 6_3 6_4 8_7,0.818182,0.739130,0.538462,0.481481,0.818182,0.818182,0.818182,0.666667,0.052632,
2025-08-04,HierBayes,20,0.550000,0.550000,10_15 3_10 4_10 5_15 6_14 6_15 6_7 8_16 8_7 9_14 9_15,3_11 3_14 3_15 4_9 5_8 5_9 7_8 9_16 9_9,10_16 4_8 5_13 5_14 5_3 6_2 6_3 6_4 7_15,,0.600000,0.428571,0.428571,0.818182,0.739130,0.818182,0.600000,0.052632,0.818182
2025-08-04,B1: Static prior,20,0.550000,0.550000,3_10 4_10 4_8 5_14 5_15 6_14 6_15 6_7 7_15 9_14 9_15,3_11 3_14 4_9 5_8 5_9 7_16 7_8 8_15 9_16,10_15 10_16 5_13 5_3 6_2 6_3 6_4 8_16 8_7,0.600000,,0.666667,0.600000,0.600000,0.666667,0.600000,0.538462,0.025641,0.739130
2025-08-04,TTM,20,0.500000,0.500000,3_10 4_10 5_14 6_15 6_3 6_4 6_7 7_15 9_14 9_15,3_11 3_14 4_9 5_4 5_8 5_9 7_16 8_15 8_8 9_16,10_15 10_16 4_8 5_13 5_15 5_3 6_14 6_2 8_16 8_7,0.428571,0.666667,,0.428571,0.481481,0.538462,0.481481,0.428571,0.025641,0.538462
2025-08-04,ET,20,0.350000,0.350000,4_10 4_8 5_14 5_15 6_14 8_16 9_14,3_11 3_13 3_14 3_7 4_9 5_8 5_9 7_16 7_8 8_14 8_15 8_8 9_16,10_15 10_16 3_10 5_13 5_3 6_15 6_2 6_3 6_4 6_7 7_15 8_7 9_15,0.428571,0.600000,0.428571,,0.428571,0.538462,0.428571,0.538462,0.025641,0.481481
2025-08-04,B5: B2+B3,20,0.600000,0.600000,10_15 3_10 4_10 5_15 6_14 6_15 6_4 6_7 8_16 8_7 9_14 9_15,3_11 3_14 4_9 5_8 5_9 7_8 8_15 9_9,10_16 4_8 5_13 5_14 5_3 6_2 6_3 7_15,0.818182,0.600000,0.481481,0.428571,,0.818182,1.000000,0.666667,0.052632,0.818182
2025-08-04,B4: B1+B3,20,0.550000,0.550000,10_15 3_10 4_10 5_15 6_14 6_15 6_4 6_7 8_16 9_14 9_15,3_11 3_13 3_14 4_9 5_8 5_9 7_8 8_15 9_16,10_16 4_8 5_13 5_14 5_3 6_2 6_3 7_15 8_7,0.739130,0.666667,0.538462,0.538462,0.818182,,0.818182,0.818182,0.052632,0.818182
2025-08-04,B2: Recent MA,20,0.600000,0.600000,10_15 3_10 4_10 5_15 6_14 6_15 6_4 6_7 8_16 8_7 9_14 9_15,3_11 3_14 4_9 5_8 5_9 7_8 8_15 9_9,10_16 4_8 5_13 5_14 5_3 6_2 6_3 7_15,0.818182,0.600000,0.481481,0.428571,1.000000,0.818182,,0.666667,0.052632,0.818182
2025-08-04,B3: DoY season,20,0.450000,0.450000,10_15 3_10 4_10 5_15 6_14 6_4 8_16 9_14 9_15,3_11 3_13 3_14 4_9 5_8 5_9 6_8 7_2 7_8 8_15 9_16,10_16 4_8 5_13 5_14 5_3 6_15 6_2 6_3 6_7 7_15 8_7,0.600000,0.538462,0.428571,0.538462,0.666667,0.818182,0.666667,,0.052632,0.666667
2025-08-04,B0: Random,20,0.100000,0.100000,10_15 9_15,0_5 10_19 11_0 11_3 11_6 12_17 12_8 1_0 2_1 2_19 2_6 3_12 3_7 4_0 4_12 7_11 7_17 8_0,10_16 3_10 4_10 4_8 5_13 5_14 5_15 5_3 6_14 6_15 6_2 6_3 6_4 6_7 7_15 8_16 8_7 9_14,0.052632,0.025641,0.025641,0.025641,0.052632,0.052632,0.052632,0.052632,,0.052632
2025-08-05,GLM-Logit,15,0.333333,0.250000,10_15 3_10 4_9 6_15 9_9,3_11 3_14 4_10 5_15 5_8 5_9 6_14 6_7 7_15 7_8 8_15 8_16 8_7 9_14 9_15,3_13 3_15 3_5 5_13 6_16 6_3 6_9 7_9 9_12 9_3,0.818182,0.666667,0.481481,0.428571,0.904762,0.666667,0.904762,0.666667,0.081081,
2025-08-05,HierBayes,15,0.400000,0.300000,10_15 3_10 4_9 5_13 6_15 9_9,3_11 3_14 4_10 5_15 5_8 5_9 6_14 6_7 7_8 8_16 8_7 9_14 9_15 9_16,3_13 3_15 3_5 6_16 6_3 6_9 7_9 9_12 9_3,,0.600000,0.428571,0.428571,0.818182,0.666667,0.818182,0.600000,0.081081,0.818182
2025-08-05,B1: Static prior,15,0.200000,0.150000,3_10 4_9 6_15,3_11 3_14 4_10 4_8 5_14 5_15 5_8 5_9 6_14 6_7 7_15 7_16 7_8 8_15 9_14 9_15 9_16,10_15 3_13 3_15 3_5 5_13 6_16 6_3 6_9 7_9 9_12 9_3 9_9,0.600000,,0.666667,0.600000,0.600000,0.666667,0.600000,0.538462,0.111111,0.666667
2025-08-05,TTM,15,0.200000,0.150000,3_10 4_9 6_15,3_11 3_14 4_10 5_14 5_4 5_8 5_9 6_14 6_4 7_15 7_16 8_15 8_5 8_8 9_14 9_15 9_16,10_15 3_13 3_15 3_5 5_13 6_16 6_3 6_9 7_9 9_12 9_3 9_9,0.428571,0.666667,,0.481481,0.481481,0.600000,0.481481,0.481481,0.142857,0.481481
2025-08-05,ET,15,0.133333,0.100000,3_13 4_9,3_11 3_14 3_7 4_10 4_8 5_14 5_15 5_8 5_9 6_14 7_16 7_8 8_14 8_15 8_16 8_8 9_14 9_16,10_15 3_10 3_15 3_5 5_13 6_15 6_16 6_3 6_9 7_9 9_12 9_3 9_9,0.428571,0.600000,0.481481,,0.428571,0.600000,0.379310,0.481481,0.111111,0.428571
2025-08-05,B5: B2+B3,15,0.333333,0.250000,10_15 3_10 4_9 6_15 9_9,3_11 3_14 4_10 5_15 5_8 5_9 6_14 6_4 6_7 7_8 8_15 8_16 8_7 9_14 9_15,3_13 3_15 3_5 5_13 6_16 6_3 6_9 7_9 9_12 9_3,0.818182,0.600000,0.481481,0.428571,,0.739130,0.904762,0.739130,0.081081,0.904762
2025-08-05,B4: B1+B3,15,0.333333,0.250000,10_15 3_10 3_13 4_9 6_15,3_11 3_14 4_10 5_14 5_15 5_8 5_9 6_14 6_4 7_8 8_15 8_16 9_14 9_15 9_16,3_15 3_5 5_13 6_16 6_3 6_9 7_9 9_12 9_3 9_9,0.666667,0.666667,0.600000,0.600000,0.739130,,0.666667,0.818182,0.081081,0.666667
2025-08-05,B2: Recent MA,15,0.333333,0.250000,10_15 3_10 4_9 6_15 9_9,3_11 3_14 4_10 5_15 5_8 5_9 6_14 6_4 6_7 7_15 7_8 8_16 8_7 9_14 9_15,3_13 3_15 3_5 5_13 6_16 6_3 6_9 7_9 9_12 9_3,0.818182,0.600000,0.481481,0.379310,0.904762,0.666667,,0.666667,0.081081,0.904762
2025-08-05,B3: DoY season,15,0.400000,0.300000,10_15 3_10 3_13 3_5 4_9 6_15,3_11 3_14 4_10 4_4 5_15 5_8 5_9 6_14 6_4 7_8 8_15 8_16 9_14 9_15,3_15 5_13 6_16 6_3 6_9 7_9 9_12 9_3 9_9,0.600000,0.538462,0.481481,0.481481,0.739130,0.818182,0.666667,,0.081081,0.666667
2025-08-05,B0: Random,15,0.133333,0.100000,4_9 6_15,0_7 0_8 10_16 11_2 12_18 1_10 1_12 2_16 2_17 3_1 3_18 3_6 5_4 6_8 7_16 7_6 7_8 8_8,10_15 3_10 3_13 3_15 3_5 5_13 6_16 6_3 6_9 7_9 9_12 9_3 9_9,0.081081,0.111111,0.142857,0.111111,0.081081,0.081081,0.081081,0.081081,,0.081081
2025-08-06,GLM-Logit,21,0.619048,0.650000,10_15 3_10 4_10 5_9 6_14 6_15 6_4 7_15 7_8 8_16 8_7 9_14 9_15,3_11 3_14 4_9 5_15 5_8 6_7 9_9,10_16 3_15 3_5 5_11 7_4 8_15 8_9 9_2,0.739130,0.600000,0.481481,0.379310,0.904762,0.666667,1.000000,0.538462,0.052632,
2025-08-06,HierBayes,21,0.523810,0.550000,10_15 3_10 3_15 4_10 6_14 6_15 7_8 8_16 8_7 9_14 9_15,3_11 3_13 3_14 4_9 5_13 5_15 5_8 6_7 9_9,10_16 3_5 5_11 5_9 6_4 7_15 7_4 8_15 8_9 9_2,,0.481481,0.333333,0.379310,0.818182,0.538462,0.739130,0.481481,0.052632,0.739130
2025-08-06,B1: Static prior,21,0.476190,0.500000,3_10 4_10 5_9 6_14 6_15 7_15 7_8 8_15 9_14 9_15,3_11 3_14 4_8 4_9 5_14 5_15 5_8 6_7 7_16 9_16,10_15 10_16 3_15 3_5 5_11 6_4 7_4 8_16 8_7 8_9 9_2,0.481481,,0.666667,0.600000,0.538462,0.739130,0.600000,0.600000,0.052632,0.600000
2025-08-06,TTM,21,0.476190,0.500000,3_10 4_10 5_9 6_14 6_15 6_4 7_15 8_15 9_14 9_15,3_11 3_14 3_6 4_8 4_9 5_15 5_4 7_16 8_8 9_16,10_15 10_16 3_15 3_5 5_11 7_4 7_8 8_16 8_7 8_9 9_2,0.333333,0.666667,,0.481481,0.428571,0.600000,0.481481,0.481481,0.052632,0.481481
2025-08-06,ET,21,0.333333,0.350000,4_10 5_9 6_14 7_8 8_15 8_16 9_14,3_11 3_13 3_14 3_7 4_8 4_9 5_14 5_15 5_8 7_16 8_14 8_8 9_16,10_15 10_16 3_10 3_15 3_5 5_11 6_15 6_4 7_15 7_4 8_7 8_9 9_15 9_2,0.379310,0.600000,0.481481,,0.428571,0.538462,0.379310,0.538462,0.052632,0.379310
2025-08-06,B5: B2+B3,21,0.571429,0.600000,10_15 3_10 4_10 5_9 6_14 6_15 6_4 7_8 8_16 8_7 9_14 9_15,3_11 3_13 3_14 4_9 5_15 5_8 6_7 9_9,10_16 3_15 3_5 5_11 7_15 7_4 8_15 8_9 9_2,0.818182,0.538462,0.428571,0.428571,,0.666667,0.904762,0.600000,0.052632,0.904762
2025-08-06,B4: B1+B3,21,0.571429,0.600000,10_15 3_10 4_10 5_9 6_14 6_15 6_4 7_15 7_8 8_15 9_14 9_15,3_11 3_13 3_14 4_9 5_14 5_15 5_8 9_16,10_16 3_15 3_5 5_11 7_4 8_16 8_7 8_9 9_2,0.538462,0.739130,0.600000,0.538462,0.666667,,0.666667,0.818182,0.025641,0.666667
2025-08-06,B2: Recent MA,21,0.619048,0.650000,10_15 3_10 4_10 5_9 6_14 6_15 6_4 7_15 7_8 8_16 8_7 9_14 9_15,3_11 3_14 4_9 5_15 5_8 6_7 9_9,10_16 3_15 3_5 5_11 7_4 8_15 8_9 9_2,0.739130,0.600000,0.481481,0.379310,0.904762,0.666667,,0.538462,0.052632,1.000000
2025-08-06,B3: DoY season,21,0.523810,0.550000,10_15 3_5 4_10 5_9 6_14 6_15 6_4 7_8 8_15 9_14 9_15,3_11 3_13 3_14 4_4 4_9 5_14 5_15 5_8 9_16,10_16 3_10 3_15 5_11 7_15 7_4 8_16 8_7 8_9 9_2,0.481481,0.600000,0.481481,0.538462,0.600000,0.818182,0.538462,,0.052632,0.538462
2025-08-06,B0: Random,21,0.142857,0.150000,3_5 8_16 9_15,10_2 11_3 12_19 12_9 1_15 1_19 2_0 2_9 4_19 4_8 6_16 6_9 7_18 8_1 8_17 8_18 8_6,10_15 10_16 3_10 3_15 4_10 5_11 5_9 6_14 6_15 6_4 7_15 7_4 7_8 8_15 8_7 8_9 9_14 9_2,0.052632,0.052632,0.052632,0.052632,0.052632,0.025641,0.052632,0.052632,,0.052632
2025-08-07,GLM-Logit,14,0.500000,0.350000,3_10 4_10 6_7 7_8 8_7 9_14 9_15,10_15 3_11 3_14 4_9 5_15 5_8 5_9 6_14 6_15 6_4 7_15 8_16 9_9,3_15 5_14 6_2 7_6 8_17 8_5 9_4,0.739130,0.600000,0.428571,0.379310,0.818182,0.600000,1.000000,0.481481,0.052632,
2025-08-07,HierBayes,14,0.571429,0.400000,3_10 3_15 4_10 6_7 7_8 8_7 9_14 9_15,10_15 3_11 3_13 3_14 4_9 5_13 5_15 5_9 6_14 6_15 8_16 9_9,5_14 6_2 7_6 8_17 8_5 9_4,,0.481481,0.333333,0.379310,0.739130,0.538462,0.739130,0.428571,0.025641,0.739130
2025-08-07,B1: Static prior,14,0.500000,0.350000,3_10 4_10 5_14 6_7 7_8 9_14 9_15,3_11 3_14 4_8 4_9 5_15 5_8 5_9 6_14 6_15 7_15 7_16 8_15 9_16,3_15 6_2 7_6 8_17 8_5 8_7 9_4,0.481481,,0.600000,0.600000,0.538462,0.666667,0.600000,0.538462,0.025641,0.600000
2025-08-07,TTM,14,0.428571,0.300000,3_10 4_10 5_14 7_8 9_14 9_15,10_16 3_11 3_14 4_9 5_9 6_15 6_3 6_4 7_15 7_16 8_15 8_6 8_8 9_16,3_15 6_2 6_7 7_6 8_17 8_5 8_7 9_4,0.333333,0.600000,,0.428571,0.428571,0.538462,0.428571,0.481481,0.052632,0.428571
2025-08-07,ET,14,0.285714,0.200000,4_10 5_14 7_8 9_14,3_11 3_13 3_14 3_7 4_8 4_9 5_15 5_8 5_9 6_14 7_16 8_14 8_15 8_16 8_8 9_16,3_10 3_15 6_2 6_7 7_6 8_17 8_5 8_7 9_15 9_4,0.379310,0.600000,0.428571,,0.481481,0.538462,0.379310,0.538462,0.000000,0.379310
2025-08-07,B5: B2+B3,14,0.428571,0.300000,3_10 4_10 7_8 8_7 9_14 9_15,10_15 3_11 3_13 3_14 4_9 5_15 5_8 5_9 6_14 6_15 6_4 8_15 8_16 9_9,3_15 5_14 6_2 6_7 7_6 8_17 8_5 9_4,0.739130,0.538462,0.428571,0.481481,,0.739130,0.818182,0.600000,0.052632,0.818182
2025-08-07,B4: B1+B3,14,0.428571,0.300000,3_10 4_10 5_14 7_8 9_14 9_15,10_15 3_11 3_13 3_14 3_5 4_9 5_15 5_8 5_9 6_14 6_15 6_4 8_15 9_16,3_15 6_2 6_7 7_6 8_17 8_5 8_7 9_4,0.538462,0.666667,0.538462,0.538462,0.739130,,0.600000,0.818182,0.052632,0.600000
2025-08-07,B2: Recent MA,14,0.500000,0.350000,3_10 4_10 6_7 7_8 8_7 9_14 9_15,10_15 3_11 3_14 4_9 5_15 5_8 5_9 6_14 6_15 6_4 7_15 8_16 9_9,3_15 5_14 6_2 7_6 8_17 8_5 9_4,0.739130,0.600000,0.428571,0.379310,0.818182,0.600000,,0.481481,0.052632,1.000000
2025-08-07,B3: DoY season,14,0.357143,0.250000,4_10 5_14 7_8 9_14 9_15,10_15 3_11 3_13 3_14 3_5 4_4 4_9 5_15 5_8 5_9 6_14 6_3 6_4 8_15 9_16,3_10 3_15 6_2 6_7 7_6 8_17 8_5 8_7 9_4,0.428571,0.538462,0.481481,0.538462,0.600000,0.818182,0.481481,,0.025641,0.481481
2025-08-07,B0: Random,14,0.071429,0.050000,3_10,10_13 10_4 11_7 12_19 1_10 1_13 1_6 4_1 4_19 5_7 6_11 6_4 6_5 7_14 7_3 7_4 7_5 8_2 9_5,3_15 4_10 5_14 6_2 6_7 7_6 7_8 8_17 8_5 8_7 9_14 9_15 9_4,0.025641,0.025641,0.052632,0.000000,0.052632,0.052632,0.052632,0.025641,,0.052632
2025-08-08,GLM-Logit,17,0.470588,0.400000,10_15 5_15 5_9 6_14 7_15 8_16 9_14 9_15,3_10 3_11 3_14 4_10 4_9 5_8 6_15 6_7 7_8 8_15 8_7 9_9,3_13 5_13 6_11 6_12 6_16 6_6 8_10 9_16 9_2,0.739130,0.666667,0.428571,0.428571,0.818182,0.600000,0.818182,0.538462,0.025641,
2025-08-08,HierBayes,17,0.529412,0.450000,10_15 3_13 5_13 5_15 5_9 6_14 8_16 9_14 9_15,3_10 3_11 3_14 3_15 4_10 4_9 6_15 6_7 7_8 8_7 9_9,6_11 6_12 6_16 6_6 7_15 8_10 9_16 9_2,,0.481481,0.290323,0.379310,0.818182,0.538462,0.818182,0.481481,0.025641,0.739130
2025-08-08,B1: Static prior,17,0.411765,0.350000,5_15 5_9 6_14 7_15 9_14 9_15 9_16,3_10 3_11 3_14 4_10 4_8 4_9 5_14 5_8 6_15 6_7 7_16 7_8 8_15,10_15 3_13 5_13 6_11 6_12 6_16 6_6 8_10 8_16 9_2,0.481481,,0.600000,0.600000,0.538462,0.666667,0.538462,0.538462,0.052632,0.666667
2025-08-08,TTM,17,0.352941,0.300000,5_9 6_6 7_15 9_14 9_15 9_16,3_10 3_14 4_10 4_9 5_14 5_8 6_15 6_3 6_4 6_7 7_16 8_15 8_6 8_8,10_15 3_13 5_13 5_15 6_11 6_12 6_14 6_16 8_10 8_16 9_2,0.290323,0.600000,,0.379310,0.379310,0.538462,0.379310,0.428571,0.052632,0.428571
2025-08-08,ET,17,0.411765,0.350000,3_13 5_15 5_9 6_14 8_16 9_14 9_16,3_11 3_14 3_7 4_10 4_8 4_9 5_14 5_8 7_16 7_8 8_14 8_15 8_8,10_15 5_13 6_11 6_12 6_16 6_6 7_15 8_10 9_15 9_2,0.379310,0.600000,0.379310,,0.428571,0.538462,0.333333,0.538462,0.052632,0.428571
2025-08-08,B5: B2+B3,17,0.470588,0.400000,10_15 3_13 5_15 5_9 6_14 8_16 9_14 9_15,3_10 3_11 3_14 4_10 4_9 5_8 6_15 6_4 6_7 7_8 8_7 9_9,5_13 6_11 6_12 6_16 6_6 7_15 8_10 9_16 9_2,0.818182,0.538462,0.379310,0.428571,,0.666667,0.818182,0.600000,0.025641,0.818182
2025-08-08,B4: B1+B3,17,0.470588,0.400000,10_15 3_13 5_15 5_9 6_14 9_14 9_15 9_16,3_10 3_11 3_14 4_10 4_9 5_14 5_8 6_15 6_3 6_4 7_8 8_15,5_13 6_11 6_12 6_16 6_6 7_15 8_10 8_16 9_2,0.538462,0.666667,0.538462,0.538462,0.666667,,0.538462,0.818182,0.025641,0.600000
2025-08-08,B2: Recent MA,17,0.470588,0.400000,10_15 5_15 5_9 6_14 7_15 8_16 9_14 9_15,3_10 3_11 3_14 3_15 4_10 4_9 6_15 6_4 6_7 7_8 8_7 9_9,3_13 5_13 6_11 6_12 6_16 6_6 8_10 9_16 9_2,0.818182,0.538462,0.379310,0.333333,0.818182,0.538462,,0.481481,0.025641,0.818182
2025-08-08,B3: DoY season,17,0.470588,0.400000,10_15 3_13 5_15 5_9 6_14 9_14 9_15 9_16,3_11 3_14 3_5 4_10 4_9 5_14 5_8 6_3 6_4 7_8 8_15 9_9,5_13 6_11 6_12 6_16 6_6 7_15 8_10 8_16 9_2,0.481481,0.538462,0.428571,0.538462,0.600000,0.818182,0.481481,,0.025641,0.538462
2025-08-08,B0: Random,17,0.058824,0.050000,8_10,0_11 10_14 10_16 10_6 11_16 11_6 1_14 1_6 2_18 3_19 4_2 4_9 6_0 7_11 7_12 7_16 8_17 8_3 9_5,10_15 3_13 5_13 5_15 5_9 6_11 6_12 6_14 6_16 6_6 7_15 8_16 9_14 9_15 9_16 9_2,0.025641,0.052632,0.052632,0.052632,0.025641,0.025641,0.025641,0.025641,,0.025641
2025-08-09,GLM-Logit,15,0.533333,0.400000,3_11 5_8 5_9 6_14 6_15 7_8 8_15 9_14,10_15 3_10 3_14 4_10 4_9 5_15 6_7 7_15 8_16 8_7 9_15 9_9,10_16 5_14 5_7 6_6 7_13 7_5 9_10,0.818182,0.666667,0.538462,0.428571,0.818182,0.600000,0.818182,0.481481,0.081081,
2025-08-09,HierBayes,15,0.400000,0.300000,3_11 5_9 6_14 6_15 7_8 9_14,10_15 3_10 3_14 3_15 4_10 4_9 5_13 5_15 6_7 7_15 8_16 8_7 9_15 9_9,10_16 5_14 5_7 5_8 6_6 7_13 7_5 8_15 9_10,,0.538462,0.481481,0.333333,0.739130,0.481481,0.904762,0.428571,0.081081,0.818182
2025-08-09,B1: Static prior,15,0.600000,0.450000,3_11 5_14 5_8 5_9 6_14 6_15 7_8 8_15 9_14,3_10 3_14 4_10 4_8 4_9 5_15 6_7 7_15 7_16 9_15 9_16,10_16 5_7 6_6 7_13 7_5 9_10,0.538462,,0.600000,0.600000,0.538462,0.666667,0.538462,0.481481,0.052632,0.666667
2025-08-09,TTM,15,0.333333,0.250000,5_8 5_9 6_14 6_15 9_14,3_10 3_14 4_10 4_9 5_15 6_3 6_4 6_7 7_15 7_16 8_16 8_6 8_8 9_15 9_16,10_16 3_11 5_14 5_7 6_6 7_13 7_5 7_8 8_15 9_10,0.481481,0.600000,,0.428571,0.538462,0.538462,0.538462,0.481481,0.081081,0.538462
2025-08-09,ET,15,0.533333,0.400000,3_11 5_14 5_8 5_9 6_14 7_8 8_15 9_14,3_13 3_14 3_7 4_10 4_8 4_9 5_15 7_16 8_14 8_16 8_8 9_16,10_16 5_7 6_15 6_6 7_13 7_5 9_10,0.333333,0.600000,0.428571,,0.428571,0.538462,0.333333,0.481481,0.052632,0.428571
2025-08-09,B5: B2+B3,15,0.466667,0.350000,3_11 5_8 5_9 6_14 6_15 7_8 9_14,10_15 3_10 3_13 3_14 4_10 4_9 5_15 6_4 7_15 8_16 8_7 9_15 9_9,10_16 5_14 5_7 6_6 7_13 7_5 8_15 9_10,0.739130,0.538462,0.538462,0.428571,,0.666667,0.818182,0.600000,0.081081,0.818182
2025-08-09,B4: B1+B3,15,0.600000,0.450000,3_11 5_14 5_8 5_9 6_14 6_15 7_8 8_15 9_14,10_15 3_10 3_13 3_14 4_10 4_9 5_15 6_3 6_4 9_15 9_16,10_16 5_7 6_6 7_13 7_5 9_10,0.481481,0.666667,0.538462,0.538462,0.666667,,0.538462,0.739130,0.052632,0.600000
2025-08-09,B2: Recent MA,15,0.400000,0.300000,3_11 5_9 6_14 6_15 7_8 9_14,10_15 3_10 3_14 4_10 4_9 5_13 5_15 6_4 6_7 7_15 8_16 8_7 9_15 9_9,10_16 5_14 5_7 5_8 6_6 7_13 7_5 8_15 9_10,0.904762,0.538462,0.538462,0.333333,0.818182,0.538462,,0.481481,0.081081,0.818182
2025-08-09,B3: DoY season,15,0.466667,0.350000,3_11 5_14 5_8 5_9 6_14 7_8 9_14,10_15 3_13 3_14 3_5 4_10 4_9 5_15 6_3 6_4 8_6 9_15 9_16 9_9,10_16 5_7 6_15 6_6 7_13 7_5 8_15 9_10,0.428571,0.481481,0.481481,0.481481,0.600000,0.739130,0.481481,,0.081081,0.481481
2025-08-09,B0: Random,15,0.000000,0.000000,,0_11 10_19 11_11 11_6 11_7 12_5 2_9 3_5 4_9 5_12 5_18 5_4 7_1 7_10 7_2 7_6 8_0 8_16 8_5 9_15,10_16 3_11 5_14 5_7 5_8 5_9 6_14 6_15 6_6 7_13 7_5 7_8 8_15 9_10 9_14,0.081081,0.052632,0.081081,0.052632,0.081081,0.052632,0.081081,0.081081,,0.081081
2025-08-10,GLM-Logit,21,0.476190,0.500000,10_15 3_10 4_10 4_9 5_14 5_15 5_8 6_15 8_7 9_15,3_11 3_14 5_9 6_14 6_7 7_15 7_8 8_16 9_14 9_9,0_12 4_15 5_13 5_5 5_7 6_6 7_0 7_14 7_9 8_15 9_17,0.739130,0.666667,0.600000,0.428571,0.818182,0.538462,0.818182,0.538462,0.025641,
2025-08-10,HierBayes,21,0.476190,0.500000,10_15 3_10 4_10 4_9 5_13 5_15 5_8 6_15 8_7 9_15,3_11 3_13 3_14 3_15 5_9 6_14 7_8 8_16 9_14 9_9,0_12 4_15 5_14 5_5 5_7 6_6 7_0 7_14 7_9 8_15 9_17,,0.481481,0.428571,0.428571,0.818182,0.538462,0.818182,0.538462,0.000000,0.739130
2025-08-10,B1: Static prior,21,0.428571,0.450000,3_10 4_10 4_9 5_14 5_15 5_8 6_15 8_15 9_15,3_11 3_14 4_8 5_9 6_14 6_7 7_15 7_16 7_8 9_14 9_16,0_12 10_15 4_15 5_13 5_5 5_7 6_6 7_0 7_14 7_9 8_7 9_17,0.481481,,0.666667,0.600000,0.538462,0.739130,0.538462,0.538462,0.025641,0.666667
2025-08-10,TTM,21,0.380952,0.400000,3_10 4_10 4_9 5_14 5_15 5_8 6_15 9_15,3_11 3_14 3_9 5_9 6_4 6_7 7_15 7_16 8_16 8_8 9_14 9_16,0_12 10_15 4_15 5_13 5_5 5_7 6_6 7_0 7_14 7_9 8_15 8_7 9_17,0.428571,0.666667,,0.481481,0.538462,0.538462,0.538462,0.481481,0.025641,0.600000
2025-08-10,ET,21,0.285714,0.300000,4_10 4_9 5_14 5_15 5_8 8_15,3_11 3_13 3_14 3_7 4_8 5_9 6_14 7_16 7_8 8_14 8_16 8_8 9_14 9_16,0_12 10_15 3_10 4_15 5_13 5_5 5_7 6_15 6_6 7_0 7_14 7_9 8_7 9_15 9_17,0.428571,0.600000,0.481481,,0.428571,0.600000,0.379310,0.600000,0.000000,0.428571
2025-08-10,B5: B2+B3,21,0.428571,0.450000,10_15 3_10 4_10 4_9 5_15 5_8 6_15 8_7 9_15,3_11 3_13 3_14 5_9 6_14 6_4 7_15 7_8 8_16 9_14 9_9,0_12 4_15 5_13 5_14 5_5 5_7 6_6 7_0 7_14 7_9 8_15 9_17,0.818182,0.538462,0.538462,0.428571,,0.600000,0.904762,0.600000,0.025641,0.818182
2025-08-10,B4: B1+B3,21,0.428571,0.450000,3_10 4_10 4_9 5_14 5_15 5_8 6_15 8_15 9_15,3_11 3_13 3_14 3_5 4_8 5_9 6_14 6_4 7_8 9_14 9_16,0_12 10_15 4_15 5_13 5_5 5_7 6_6 7_0 7_14 7_9 8_7 9_17,0.538462,0.739130,0.538462,0.600000,0.600000,,0.538462,0.739130,0.000000,0.538462
2025-08-10,B2: Recent MA,21,0.476190,0.500000,10_15 3_10 4_10 4_9 5_13 5_15 5_8 6_15 8_7 9_15,3_11 3_14 5_9 6_14 6_4 7_15 7_8 8_16 9_14 9_9,0_12 4_15 5_14 5_5 5_7 6_6 7_0 7_14 7_9 8_15 9_17,0.818182,0.538462,0.538462,0.379310,0.904762,0.538462,,0.538462,0.025641,0.818182
2025-08-10,B3: DoY season,21,0.333333,0.350000,10_15 4_10 4_9 5_14 5_15 5_8 9_15,3_11 3_13 3_14 3_5 4_8 5_9 6_14 6_3 6_4 7_8 8_16 9_14 9_16,0_12 3_10 4_15 5_13 5_5 5_7 6_15 6_6 7_0 7_14 7_9 8_15 8_7 9_17,0.538462,0.538462,0.481481,0.600000,0.600000,0.739130,0.538462,,0.000000,0.538462
2025-08-10,B0: Random,21,0.047619,0.050000,5_5,0_0 0_15 0_8 11_12 12_8 1_8 2_0 2_11 2_12 2_17 3_16 4_1 4_3 4_6 5_19 7_15 7_18 7_2 8_1,0_12 10_15 3_10 4_10 4_15 4_9 5_13 5_14 5_15 5_7 5_8 6_15 6_6 7_0 7_14 7_9 8_15 8_7 9_15 9_17,0.000000,0.025641,0.025641,0.000000,0.025641,0.000000,0.025641,0.000000,,0.025641
2025-08-11,GLM-Logit,21,0.476190,0.500000,3_11 3_14 5_15 6_14 6_7 7_15 8_15 8_16 9_14 9_15,10_15 3_10 4_10 4_9 5_14 5_8 5_9 6_15 7_8 8_7,10_14 11_16 4_11 5_13 5_7 6_6 8_17 8_6 8_8 9_13 9_17,0.666667,0.739130,0.538462,0.481481,0.739130,0.600000,0.818182,0.428571,0.052632,
2025-08-11,HierBayes,21,0.380952,0.400000,3_11 3_14 5_13 5_15 6_14 8_16 9_14 9_15,10_15 3_10 3_13 3_15 4_10 4_9 5_14 5_8 6_15 7_8 8_7 9_9,10_14 11_16 4_11 5_7 6_6 6_7 7_15 8_15 8_17 8_6 8_8 9_13 9_17,,0.481481,0.379310,0.428571,0.818182,0.538462,0.739130,0.481481,0.025641,0.666667
2025-08-11,B1: Static prior,21,0.428571,0.450000,3_11 3_14 5_15 6_14 6_7 7_15 8_15 9_14 9_15,3_10 4_10 4_8 4_9 5_14 5_8 5_9 6_15 7_16 7_8 9_16,10_14 11_16 4_11 5_13 5_7 6_6 8_16 8_17 8_6 8_8 9_13 9_17,0.481481,,0.600000,0.600000,0.538462,0.739130,0.600000,0.538462,0.052632,0.739130
2025-08-11,TTM,21,0.428571,0.450000,3_11 3_14 5_15 7_15 8_15 8_16 8_8 9_14 9_15,3_9 4_10 4_9 5_8 5_9 6_15 6_4 7_16 7_5 7_8 9_16,10_14 11_16 4_11 5_13 5_7 6_14 6_6 6_7 8_17 8_6 9_13 9_17,0.379310,0.600000,,0.538462,0.481481,0.538462,0.538462,0.428571,0.052632,0.538462
2025-08-11,ET,21,0.380952,0.400000,3_11 3_14 5_15 6_14 8_15 8_16 8_8 9_14,3_13 3_7 4_10 4_8 4_9 5_14 5_8 5_9 7_16 7_8 8_14 9_16,10_14 11_16 4_11 5_13 5_7 6_6 6_7 7_15 8_17 8_6 9_13 9_15 9_17,0.428571,0.600000,0.538462,,0.481481,0.600000,0.428571,0.538462,0.025641,0.481481
2025-08-11,B5: B2+B3,21,0.333333,0.350000,3_11 3_14 5_15 6_14 8_16 9_14 9_15,10_15 3_10 3_13 4_10 4_9 5_14 5_8 5_9 6_15 6_4 7_8 8_7 9_9,10_14 11_16 4_11 5_13 5_7 6_6 6_7 7_15 8_15 8_17 8_6 8_8 9_13 9_17,0.818182,0.538462,0.481481,0.481481,,0.666667,0.739130,0.600000,0.025641,0.739130
2025-08-11,B4: B1+B3,21,0.333333,0.350000,3_11 3_14 5_15 6_14 8_15 9_14 9_15,3_10 3_13 3_5 4_10 4_8 4_9 5_14 5_8 5_9 6_15 6_4 7_8 9_16,10_14 11_16 4_11 5_13 5_7 6_6 6_7 7_15 8_16 8_17 8_6 8_8 9_13 9_17,0.538462,0.739130,0.538462,0.600000,0.666667,,0.538462,0.739130,0.025641,0.600000
2025-08-11,B2: Recent MA,21,0.476190,0.500000,3_11 3_14 5_13 5_15 6_14 7_15 8_15 8_16 9_14 9_15,10_15 3_10 4_10 4_9 5_8 5_9 6_15 7_8 8_7 9_9,10_14 11_16 4_11 5_7 6_6 6_7 8_17 8_6 8_8 9_13 9_17,0.739130,0.600000,0.538462,0.428571,0.739130,0.538462,,0.428571,0.052632,0.818182
2025-08-11,B3: DoY season,21,0.285714,0.300000,3_11 3_14 5_15 6_14 9_14 9_15,3_13 3_5 4_10 4_8 4_9 5_14 5_8 5_9 6_3 6_4 7_2 7_8 9_16 9_9,10_14 11_16 4_11 5_13 5_7 6_6 6_7 7_15 8_15 8_16 8_17 8_6 8_8 9_13 9_17,0.481481,0.538462,0.428571,0.538462,0.600000,0.739130,0.428571,,0.025641,0.428571
2025-08-11,B0: Random,21,0.095238,0.100000,5_15 7_15,0_11 0_18 10_0 10_6 11_12 11_4 12_13 1_1 1_17 1_6 1_7 2_18 3_16 6_1 7_9 8_1 9_1 9_18,10_14 11_16 3_11 3_14 4_11 5_13 5_7 6_14 6_6 6_7 8_15 8_16 8_17 8_6 8_8 9_13 9_14 9_15 9_17,0.025641,0.052632,0.052632,0.025641,0.025641,0.025641,0.052632,0.025641,,0.052632
2025-08-12,GLM-Logit,19,0.684211,0.650000,10_15 3_10 3_11 4_10 4_9 5_8 5_9 6_14 7_15 7_8 8_7 9_14 9_15,3_14 5_14 5_15 6_15 6_7 8_15 8_16,5_5 6_16 7_0 7_14 8_17 9_9,0.739130,0.739130,0.538462,0.481481,0.818182,0.538462,0.904762,0.379310,0.025641,
2025-08-12,HierBayes,19,0.684211,0.650000,10_15 3_10 3_11 4_10 4_9 5_8 6_14 7_15 7_8 8_7 9_14 9_15 9_9,3_14 3_15 5_13 5_15 6_15 6_7 8_16,5_5 5_9 6_16 7_0 7_14 8_17,,0.538462,0.428571,0.333333,0.666667,0.379310,0.818182,0.290323,0.000000,0.739130
2025-08-12,B1: Static prior,19,0.578947,0.550000,3_10 3_11 4_10 4_9 5_8 5_9 6_14 7_15 7_8 9_14 9_15,3_14 4_8 5_14 5_15 6_15 6_7 7_16 8_15 9_16,10_15 5_5 6_16 7_0 7_14 8_17 8_7 9_9,0.538462,,0.600000,0.600000,0.600000,0.666667,0.666667,0.481481,0.081081,0.739130
2025-08-12,TTM,19,0.473684,0.450000,3_10 4_10 4_9 5_8 5_9 7_15 7_8 9_14 9_15,3_14 6_15 6_4 6_7 7_16 7_3 7_5 8_15 8_16 8_8 9_16,10_15 3_11 5_5 6_14 6_16 7_0 7_14 8_17 8_7 9_9,0.428571,0.600000,,0.428571,0.481481,0.428571,0.538462,0.290323,0.052632,0.538462
2025-08-12,ET,19,0.421053,0.400000,3_11 4_10 4_9 5_8 5_9 6_14 7_8 9_14,3_13 3_14 3_7 4_8 5_14 5_15 7_16 8_14 8_15 8_16 8_8 9_16,10_15 3_10 5_5 6_16 7_0 7_14 7_15 8_17 8_7 9_15 9_9,0.333333,0.600000,0.428571,,0.481481,0.600000,0.428571,0.481481,0.081081,0.481481
2025-08-12,B5: B2+B3,19,0.684211,0.650000,10_15 3_10 3_11 4_10 4_9 5_8 5_9 6_14 7_15 7_8 8_7 9_14 9_15,3_13 3_14 5_14 5_15 6_15 6_4 8_16,5_5 6_16 7_0 7_14 8_17 9_9,0.666667,0.600000,0.481481,0.481481,,0.600000,0.739130,0.481481,0.025641,0.818182
2025-08-12,B4: B1+B3,19,0.473684,0.450000,3_11 4_10 4_9 5_8 5_9 6_14 7_8 9_14 9_15,3_13 3_14 3_5 4_8 5_14 5_15 6_15 6_3 6_4 8_15 9_16,10_15 3_10 5_5 6_16 7_0 7_14 7_15 8_17 8_7 9_9,0.379310,0.666667,0.428571,0.600000,0.600000,,0.481481,0.739130,0.052632,0.538462
2025-08-12,B2: Recent MA,19,0.684211,0.650000,10_15 3_10 3_11 4_10 4_9 5_8 5_9 6_14 7_15 7_8 8_7 9_14 9_15,3_14 5_13 5_15 6_15 6_7 8_15 8_16,5_5 6_16 7_0 7_14 8_17 9_9,0.818182,0.666667,0.538462,0.428571,0.739130,0.481481,,0.333333,0.025641,0.904762
2025-08-12,B3: DoY season,19,0.421053,0.400000,3_11 4_10 4_9 5_8 5_9 6_14 9_14 9_15,3_13 3_14 3_5 4_4 4_8 5_14 5_15 5_4 6_3 6_4 8_6 9_16,10_15 3_10 5_5 6_16 7_0 7_14 7_15 7_8 8_17 8_7 9_9,0.290323,0.481481,0.290323,0.481481,0.481481,0.739130,0.333333,,0.052632,0.379310
2025-08-12,B0: Random,19,0.052632,0.050000,5_9,0_13 0_9 10_0 10_13 11_2 12_7 1_1 1_15 1_4 2_13 2_14 4_13 4_7 4_8 5_11 7_13 7_16 9_12 9_3,10_15 3_10 3_11 4_10 4_9 5_5 5_8 6_14 6_16 7_0 7_14 7_15 7_8 8_17 8_7 9_14 9_15 9_9,0.000000,0.081081,0.052632,0.081081,0.025641,0.052632,0.025641,0.052632,,0.025641
2025-08-13,GLM-Logit,17,0.529412,0.450000,10_15 3_11 3_14 6_15 7_15 7_8 8_15 8_16 9_15,3_10 4_10 4_9 5_14 5_15 5_8 5_9 6_14 6_7 8_7 9_14,3_16 5_13 7_0 7_1 7_6 8_10 8_2 9_16,0.739130,0.739130,0.481481,0.481481,0.739130,0.538462,0.904762,0.428571,0.025641,
2025-08-13,HierBayes,17,0.529412,0.450000,10_15 3_11 3_14 5_13 6_15 7_15 7_8 8_16 9_15,3_10 3_15 4_10 4_9 5_15 5_8 6_14 6_7 8_7 9_14 9_9,3_16 7_0 7_1 7_6 8_10 8_15 8_2 9_16,,0.538462,0.379310,0.333333,0.739130,0.428571,0.818182,0.333333,0.025641,0.739130
2025-08-13,B1: Static prior,17,0.470588,0.400000,3_11 3_14 6_15 7_15 7_8 8_15 9_15 9_16,3_10 4_10 4_8 4_9 5_14 5_15 5_8 5_9 6_14 6_7 7_16 9_14,10_15 3_16 5_13 7_0 7_1 7_6 8_10 8_16 8_2,0.538462,,0.538462,0.600000,0.538462,0.666667,0.666667,0.538462,0.025641,0.739130
2025-08-13,TTM,17,0.352941,0.300000,6_15 7_15 7_8 8_16 9_15 9_16,3_10 3_9 4_10 4_9 5_14 5_8 5_9 6_3 6_4 6_7 7_16 7_5 8_8 9_14,10_15 3_11 3_14 3_16 5_13 7_0 7_1 7_6 8_10 8_15 8_2,0.379310,0.538462,,0.379310,0.428571,0.428571,0.428571,0.379310,0.000000,0.481481
2025-08-13,ET,17,0.352941,0.300000,3_11 3_14 7_8 8_15 8_16 9_16,3_13 3_7 4_10 4_8 4_9 5_14 5_15 5_8 5_9 6_14 7_16 8_14 8_8 9_14,10_15 3_16 5_13 6_15 7_0 7_1 7_15 7_6 8_10 8_2 9_15,0.333333,0.600000,0.379310,,0.428571,0.538462,0.428571,0.481481,0.025641,0.481481
2025-08-13,B5: B2+B3,17,0.529412,0.450000,10_15 3_11 3_14 5_13 6_15 7_15 7_8 8_16 9_15,3_10 3_13 4_10 4_9 5_15 5_8 5_9 6_14 6_4 8_7 9_14,3_16 7_0 7_1 7_6 8_10 8_15 8_2 9_16,0.739130,0.538462,0.428571,0.428571,,0.600000,0.818182,0.481481,0.025641,0.739130
2025-08-13,B4: B1+B3,17,0.411765,0.350000,3_11 3_14 6_15 7_8 8_15 9_15 9_16,3_10 3_13 3_5 4_10 4_8 4_9 5_15 5_8 5_9 6_14 6_3 6_4 9_14,10_15 3_16 5_13 7_0 7_1 7_15 7_6 8_10 8_16 8_2,0.428571,0.666667,0.428571,0.538462,0.600000,,0.538462,0.739130,0.052632,0.538462
2025-08-13,B2: Recent MA,17,0.588235,0.500000,10_15 3_11 3_14 5_13 6_15 7_15 7_8 8_15 8_16 9_15,3_10 4_10 4_9 5_15 5_8 5_9 6_14 6_7 8_7 9_14,3_16 7_0 7_1 7_6 8_10 8_2 9_16,0.818182,0.666667,0.428571,0.428571,0.818182,0.538462,,0.379310,0.025641,0.904762
2025-08-13,B3: DoY season,17,0.294118,0.250000,3_11 3_14 6_15 9_15 9_16,3_13 3_5 4_10 4_8 4_9 5_14 5_15 5_8 5_9 6_14 6_3 6_4 6_9 7_3 9_14,10_15 3_16 5_13 7_0 7_1 7_15 7_6 7_8 8_10 8_15 8_16 8_2,0.333333,0.538462,0.379310,0.481481,0.481481,0.739130,0.379310,,0.081081,0.428571
2025-08-13,B0: Random,17,0.000000,0.000000,,0_17 0_8 10_3 10_4 11_11 11_4 12_13 12_4 1_1 1_18 2_1 2_10 3_17 3_5 4_2 5_0 6_14 6_16 7_3 9_5,10_15 3_11 3_14 3_16 5_13 6_15 7_0 7_1 7_15 7_6 7_8 8_10 8_15 8_16 8_2 9_15 9_16,0.025641,0.025641,0.000000,0.025641,0.025641,0.052632,0.025641,0.081081,,0.025641
2025-08-14,GLM-Logit,20,0.550000,0.550000,10_15 3_10 3_14 4_10 4_9 5_15 5_9 7_15 7_8 8_15 9_15,3_11 5_13 5_8 6_14 6_15 6_7 8_16 8_7 9_14,11_17 4_11 5_12 5_14 5_5 6_16 7_2 7_5 9_10,0.818182,0.666667,0.481481,0.428571,0.904762,0.481481,1.000000,0.333333,0.025641,
2025-08-14,HierBayes,20,0.450000,0.450000,10_15 3_10 3_14 4_10 4_9 5_15 7_15 7_8 9_15,3_11 3_15 5_13 5_8 6_14 6_15 6_7 8_16 8_7 9_14 9_9,11_17 4_11 5_12 5_14 5_5 5_9 6_16 7_2 7_5 8_15 9_10,,0.538462,0.428571,0.333333,0.739130,0.379310,0.818182,0.290323,0.052632,0.818182
2025-08-14,B1: Static prior,20,0.550000,0.550000,3_10 3_14 4_10 4_9 5_14 5_15 5_9 7_15 7_8 8_15 9_15,3_11 4_8 5_8 6_14 6_15 6_7 7_16 9_14 9_16,10_15 11_17 4_11 5_12 5_5 6_16 7_2 7_5 9_10,0.538462,,0.538462,0.600000,0.600000,0.666667,0.666667,0.481481,0.052632,0.666667
2025-08-14,TTM,20,0.350000,0.350000,3_14 4_10 4_9 5_15 5_9 7_15 9_15,3_11 3_7 3_9 5_8 6_15 6_3 6_4 6_7 7_16 8_16 8_8 9_14 9_16,10_15 11_17 3_10 4_11 5_12 5_14 5_5 6_16 7_2 7_5 7_8 8_15 9_10,0.428571,0.538462,,0.481481,0.481481,0.481481,0.481481,0.428571,0.025641,0.481481
2025-08-14,ET,20,0.400000,0.400000,3_14 4_10 4_9 5_14 5_15 5_9 7_8 8_15,3_11 3_13 3_7 4_8 5_8 6_14 7_16 8_14 8_16 8_8 9_14 9_16,10_15 11_17 3_10 4_11 5_12 5_5 6_16 7_15 7_2 7_5 9_10 9_15,0.333333,0.600000,0.481481,,0.428571,0.538462,0.428571,0.379310,0.081081,0.428571
2025-08-14,B5: B2+B3,20,0.550000,0.550000,10_15 3_10 3_14 4_10 4_9 5_15 5_9 7_15 7_8 8_15 9_15,3_11 5_13 5_8 6_14 6_15 6_4 8_16 8_7 9_14,11_17 4_11 5_12 5_14 5_5 6_16 7_2 7_5 9_10,0.739130,0.600000,0.481481,0.428571,,0.538462,0.904762,0.379310,0.025641,0.904762
2025-08-14,B4: B1+B3,20,0.450000,0.450000,3_14 4_10 4_9 5_14 5_15 5_9 7_8 8_15 9_15,3_11 3_5 4_8 5_8 6_14 6_15 6_3 6_4 8_6 9_14 9_16,10_15 11_17 3_10 4_11 5_12 5_5 6_16 7_15 7_2 7_5 9_10,0.379310,0.666667,0.481481,0.538462,0.538462,,0.481481,0.739130,0.052632,0.481481
2025-08-14,B2: Recent MA,20,0.550000,0.550000,10_15 3_10 3_14 4_10 4_9 5_15 5_9 7_15 7_8 8_15 9_15,3_11 5_13 5_8 6_14 6_15 6_7 8_16 8_7 9_14,11_17 4_11 5_12 5_14 5_5 6_16 7_2 7_5 9_10,0.818182,0.666667,0.481481,0.428571,0.904762,0.481481,,0.333333,0.025641,1.000000
2025-08-14,B3: DoY season,20,0.300000,0.300000,4_10 4_9 5_14 5_15 5_9 9_15,10_14 3_11 3_5 4_8 5_8 6_14 6_15 6_3 6_4 6_9 7_3 8_6 9_14 9_16,10_15 11_17 3_10 3_14 4_11 5_12 5_5 6_16 7_15 7_2 7_5 7_8 8_15 9_10,0.290323,0.481481,0.428571,0.379310,0.379310,0.739130,0.333333,,0.052632,0.333333
2025-08-14,B0: Random,20,0.000000,0.000000,,0_2 11_11 11_7 12_19 1_11 1_12 1_15 3_15 4_14 5_6 6_1 6_13 6_14 6_19 7_14 8_0 8_14 8_2 9_13 9_16,10_15 11_17 3_10 3_14 4_10 4_11 4_9 5_12 5_14 5_15 5_5 5_9 6_16 7_15 7_2 7_5 7_8 8_15 9_10 9_15,0.052632,0.052632,0.025641,0.081081,0.025641,0.052632,0.025641,0.052632,,0.025641
2025-08-15,GLM-Logit,15,0.666667,0.500000,5_14 5_8 6_14 6_7 7_15 7_8 8_15 8_16 9_14 9_15,10_15 3_10 3_11 3_14 4_10 4_9 5_15 5_9 6_15 8_7,10_14 3_5 5_16 8_2 9_10,0.818182,0.739130,0.600000,0.481481,0.818182,0.481481,0.904762,0.428571,0.000000,
2025-08-15,HierBayes,15,0.600000,0.450000,5_14 5_8 6_14 6_7 7_15 7_8 8_16 9_14 9_15,10_15 3_10 3_11 3_14 3_15 4_10 4_9 5_13 5_15 6_15 8_7,10_14 3_5 5_16 8_15 8_2 9_10,,0.600000,0.481481,0.379310,0.818182,0.379310,0.904762,0.333333,0.025641,0.818182
2025-08-15,B1: Static prior,15,0.600000,0.450000,5_14 5_8 6_14 6_7 7_15 7_8 8_15 9_14 9_15,3_10 3_11 3_14 4_10 4_8 4_9 5_15 5_9 6_15 7_16 9_16,10_14 3_5 5_16 8_16 8_2 9_10,0.600000,,0.666667,0.600000,0.600000,0.600000,0.666667,0.538462,0.052632,0.739130
2025-08-15,TTM,15,0.533333,0.400000,5_8 6_7 7_15 7_8 8_15 8_16 9_14 9_15,3_10 3_11 3_14 3_7 4_10 4_9 5_9 6_15 6_4 7_16 8_8 9_16,10_14 3_5 5_14 5_16 6_14 8_2 9_10,0.481481,0.666667,,0.538462,0.538462,0.428571,0.538462,0.379310,0.025641,0.600000
2025-08-15,ET,15,0.466667,0.350000,5_14 5_8 6_14 7_8 8_15 8_16 9_14,3_11 3_13 3_14 3_7 4_10 4_8 4_9 5_15 5_9 7_16 8_14 8_8 9_16,10_14 3_5 5_16 6_7 7_15 8_2 9_10 9_15,0.379310,0.600000,0.538462,,0.428571,0.481481,0.428571,0.428571,0.052632,0.481481
2025-08-15,B5: B2+B3,15,0.533333,0.400000,5_14 5_8 6_14 7_15 7_8 8_16 9_14 9_15,10_15 3_10 3_11 3_14 4_10 4_9 5_13 5_15 5_9 6_15 6_4 8_7,10_14 3_5 5_16 6_7 8_15 8_2 9_10,0.818182,0.600000,0.538462,0.428571,,0.481481,0.904762,0.428571,0.000000,0.818182
2025-08-15,B4: B1+B3,15,0.533333,0.400000,3_5 5_14 5_8 6_14 7_8 8_15 9_14 9_15,3_11 4_10 4_8 4_9 5_15 5_9 6_15 6_3 6_4 7_3 8_6 9_16,10_14 5_16 6_7 7_15 8_16 8_2 9_10,0.379310,0.600000,0.428571,0.481481,0.481481,,0.428571,0.904762,0.025641,0.481481
2025-08-15,B2: Recent MA,15,0.600000,0.450000,5_14 5_8 6_14 6_7 7_15 7_8 8_16 9_14 9_15,10_15 3_10 3_11 3_14 4_10 4_9 5_13 5_15 5_9 6_15 8_7,10_14 3_5 5_16 8_15 8_2 9_10,0.904762,0.666667,0.538462,0.428571,0.904762,0.428571,,0.379310,0.000000,0.904762
2025-08-15,B3: DoY season,15,0.466667,0.350000,3_5 5_14 5_8 6_14 8_15 9_14 9_15,3_11 4_10 4_8 4_9 5_15 5_4 5_9 6_15 6_3 6_4 7_3 8_6 9_16,10_14 5_16 6_7 7_15 7_8 8_16 8_2 9_10,0.333333,0.538462,0.379310,0.428571,0.428571,0.904762,0.379310,,0.052632,0.428571
2025-08-15,B0: Random,15,0.000000,0.000000,,10_1 10_19 10_3 11_10 1_2 2_1 2_14 3_15 3_16 4_2 4_5 4_6 4_8 5_3 5_4 6_18 7_16 8_17 9_18 9_7,10_14 3_5 5_14 5_16 5_8 6_14 6_7 7_15 7_8 8_15 8_16 8_2 9_10 9_14 9_15,0.025641,0.052632,0.025641,0.052632,0.000000,0.025641,0.000000,0.052632,,0.000000
2025-08-16,GLM-Logit,22,0.500000,0.550000,10_15 3_10 3_11 5_14 6_15 6_7 7_8 8_16 8_7 9_14 9_15,3_14 4_10 4_9 5_15 5_8 5_9 6_14 7_15 8_15,10_14 11_17 3_5 6_13 6_2 6_6 7_5 7_7 8_17 9_10 9_17,0.818182,0.739130,0.538462,0.481481,0.904762,0.481481,0.904762,0.428571,0.081081,
2025-08-16,HierBayes,22,0.500000,0.550000,10_15 3_10 3_11 5_14 6_15 6_7 7_8 8_16 8_7 9_14 9_15,3_14 3_15 4_10 4_9 5_13 5_15 5_8 6_14 7_15,10_14 11_17 3_5 6_13 6_2 6_6 7_5 7_7 8_17 9_10 9_17,,0.600000,0.428571,0.379310,0.904762,0.379310,0.818182,0.379310,0.052632,0.818182
2025-08-16,B1: Static prior,22,0.363636,0.400000,3_10 3_11 5_14 6_15 6_7 7_8 9_14 9_15,3_14 4_10 4_8 4_9 5_15 5_8 5_9 6_14 7_15 7_16 8_15 9_16,10_14 10_15 11_17 3_5 6_13 6_2 6_6 7_5 7_7 8_16 8_17 8_7 9_10 9_17,0.600000,,0.600000,0.600000,0.666667,0.600000,0.666667,0.538462,0.081081,0.739130
2025-08-16,TTM,22,0.454545,0.500000,3_10 3_11 5_14 6_15 6_7 7_5 7_8 8_16 9_14 9_15,3_14 4_10 4_9 5_9 6_3 6_4 7_16 8_15 8_8 9_16,10_14 10_15 11_17 3_5 6_13 6_2 6_6 7_7 8_17 8_7 9_10 9_17,0.428571,0.600000,,0.481481,0.481481,0.481481,0.481481,0.428571,0.025641,0.538462
2025-08-16,ET,22,0.227273,0.250000,3_11 5_14 7_8 8_16 9_14,3_13 3_14 3_7 4_10 4_8 4_9 5_15 5_8 5_9 6_14 7_16 8_14 8_15 8_8 9_16,10_14 10_15 11_17 3_10 3_5 6_13 6_15 6_2 6_6 6_7 7_5 7_7 8_17 8_7 9_10 9_15 9_17,0.379310,0.600000,0.481481,,0.428571,0.481481,0.428571,0.428571,0.081081,0.481481
2025-08-16,B5: B2+B3,22,0.500000,0.550000,10_15 3_10 3_11 5_14 6_15 6_7 7_8 8_16 8_7 9_14 9_15,3_14 4_10 4_9 5_13 5_15 5_8 5_9 6_14 7_15,10_14 11_17 3_5 6_13 6_2 6_6 7_5 7_7 8_17 9_10 9_17,0.904762,0.666667,0.481481,0.428571,,0.428571,0.904762,0.428571,0.081081,0.904762
2025-08-16,B4: B1+B3,22,0.318182,0.350000,3_11 3_5 5_14 6_15 7_8 9_14 9_15,4_10 4_8 4_9 5_15 5_8 5_9 6_14 6_3 6_4 7_3 8_15 8_6 9_16,10_14 10_15 11_17 3_10 6_13 6_2 6_6 6_7 7_5 7_7 8_16 8_17 8_7 9_10 9_17,0.379310,0.600000,0.481481,0.481481,0.428571,,0.428571,0.904762,0.081081,0.481481
2025-08-16,B2: Recent MA,22,0.454545,0.500000,10_15 3_10 3_11 6_15 6_7 7_8 8_16 8_7 9_14 9_15,3_14 4_10 4_9 5_13 5_15 5_8 5_9 6_14 7_15 8_15,10_14 11_17 3_5 5_14 6_13 6_2 6_6 7_5 7_7 8_17 9_10 9_17,0.818182,0.666667,0.481481,0.428571,0.904762,0.428571,,0.379310,0.081081,0.904762
2025-08-16,B3: DoY season,22,0.363636,0.400000,10_14 3_11 3_5 5_14 6_15 7_8 9_14 9_15,4_10 4_8 4_9 5_15 5_8 5_9 6_14 6_3 6_4 7_3 8_6 9_16,10_15 11_17 3_10 6_13 6_2 6_6 6_7 7_5 7_7 8_16 8_17 8_7 9_10 9_17,0.379310,0.538462,0.428571,0.428571,0.428571,0.904762,0.379310,,0.081081,0.428571
2025-08-16,B0: Random,22,0.000000,0.000000,,0_10 0_13 0_7 10_1 10_5 10_8 11_6 11_9 12_12 2_18 4_4 5_15 5_9 6_0 6_10 6_14 8_1 8_3 9_12 9_9,10_14 10_15 11_17 3_10 3_11 3_5 5_14 6_13 6_15 6_2 6_6 6_7 7_5 7_7 7_8 8_16 8_17 8_7 9_10 9_14 9_15 9_17,0.052632,0.081081,0.025641,0.081081,0.081081,0.081081,0.081081,0.081081,,0.081081
2025-08-17,GLM-Logit,22,0.500000,0.550000,10_15 3_11 4_10 4_9 5_15 5_9 7_15 7_8 8_16 8_7 9_14,3_10 3_14 5_14 5_8 6_14 6_15 6_7 8_15 9_15,10_14 1_11 3_13 4_3 6_8 7_14 8_3 8_4 8_8 9_16 9_4,0.818182,0.739130,0.481481,0.481481,0.904762,0.538462,0.904762,0.481481,0.025641,
2025-08-17,HierBayes,22,0.454545,0.500000,10_15 3_11 4_10 4_9 5_15 7_15 7_8 8_16 8_7 9_14,3_10 3_14 3_15 5_13 5_14 5_8 6_14 6_15 6_7 9_15,10_14 1_11 3_13 4_3 5_9 6_8 7_14 8_3 8_4 8_8 9_16 9_4,,0.600000,0.428571,0.379310,0.818182,0.428571,0.904762,0.379310,0.052632,0.818182
2025-08-17,B1: Static prior,22,0.409091,0.450000,3_11 4_10 4_9 5_15 5_9 7_15 7_8 9_14 9_16,3_10 3_14 4_8 5_14 5_8 6_14 6_15 6_7 7_16 8_15 9_15,10_14 10_15 1_11 3_13 4_3 6_8 7_14 8_16 8_3 8_4 8_7 8_8 9_4,0.600000,,0.538462,0.600000,0.666667,0.666667,0.666667,0.600000,0.025641,0.739130
2025-08-17,TTM,22,0.363636,0.400000,3_11 4_9 5_9 7_8 8_16 8_8 9_14 9_16,3_10 3_14 5_4 5_8 6_14 6_15 6_3 6_4 6_7 7_16 7_5 9_15,10_14 10_15 1_11 3_13 4_10 4_3 5_15 6_8 7_14 7_15 8_3 8_4 8_7 9_4,0.428571,0.538462,,0.428571,0.428571,0.379310,0.481481,0.428571,0.025641,0.481481
2025-08-17,ET,22,0.500000,0.550000,3_11 3_13 4_10 4_9 5_15 5_9 7_8 8_16 8_8 9_14 9_16,3_14 3_7 4_8 5_14 5_8 6_14 7_16 8_14 8_15,10_14 10_15 1_11 4_3 6_8 7_14 7_15 8_3 8_4 8_7 9_4,0.379310,0.600000,0.428571,,0.428571,0.481481,0.428571,0.481481,0.025641,0.481481
2025-08-17,B5: B2+B3,22,0.500000,0.550000,10_15 3_11 4_10 4_9 5_15 5_9 7_15 7_8 8_16 8_7 9_14,3_10 5_13 5_14 5_8 6_14 6_15 6_7 8_15 9_15,10_14 1_11 3_13 4_3 6_8 7_14 8_3 8_4 8_8 9_16 9_4,0.818182,0.666667,0.428571,0.428571,,0.538462,0.904762,0.481481,0.052632,0.904762
2025-08-17,B4: B1+B3,22,0.409091,0.450000,3_11 4_10 4_9 5_15 5_9 7_15 7_8 9_14 9_16,3_5 4_8 5_14 5_8 6_14 6_15 6_4 7_3 8_15 8_6 9_15,10_14 10_15 1_11 3_13 4_3 6_8 7_14 8_16 8_3 8_4 8_7 8_8 9_4,0.428571,0.666667,0.379310,0.481481,0.538462,,0.481481,0.904762,0.025641,0.538462
2025-08-17,B2: Recent MA,22,0.500000,0.550000,10_15 3_11 4_10 4_9 5_15 5_9 7_15 7_8 8_16 8_7 9_14,3_10 3_14 5_13 5_14 5_8 6_14 6_15 6_7 9_15,10_14 1_11 3_13 4_3 6_8 7_14 8_3 8_4 8_8 9_16 9_4,0.904762,0.666667,0.481481,0.428571,0.904762,0.481481,,0.428571,0.052632,0.904762
2025-08-17,B3: DoY season,22,0.363636,0.400000,3_11 4_10 4_9 5_15 5_9 7_8 9_14 9_16,3_5 4_8 5_14 5_8 6_14 6_15 6_3 6_4 7_3 8_15 8_6 9_15,10_14 10_15 1_11 3_13 4_3 6_8 7_14 7_15 8_16 8_3 8_4 8_7 8_8 9_4,0.379310,0.600000,0.428571,0.481481,0.481481,0.904762,0.428571,,0.025641,0.481481
2025-08-17,B0: Random,22,0.045455,0.050000,5_15,11_0 11_1 11_13 11_14 11_16 11_4 12_2 12_4 12_9 1_18 2_17 2_6 3_17 3_9 4_7 5_13 7_13 7_5 8_18,10_14 10_15 1_11 3_11 3_13 4_10 4_3 4_9 5_9 6_8 7_14 7_15 7_8 8_16 8_3 8_4 8_7 8_8 9_14 9_16 9_4,0.052632,0.025641,0.025641,0.025641,0.052632,0.025641,0.052632,0.025641,,0.025641
2025-08-18,GLM-Logit,22,0.500000,0.550000,10_15 3_11 3_14 4_10 5_9 6_14 7_15 7_8 8_7 9_14 9_15,3_10 4_9 5_13 5_14 5_15 5_8 6_15 6_7 8_16,10_16 2_17 6_16 6_6 6_9 7_5 8_15 8_3 8_8 9_13 9_3,0.818182,0.666667,0.600000,0.428571,0.904762,0.538462,1.000000,0.379310,0.081081,
2025-08-18,HierBayes,22,0.409091,0.450000,10_15 3_11 4_10 6_14 7_15 7_8 8_7 9_14 9_15,3_10 3_13 3_15 4_9 5_13 5_14 5_15 5_8 6_15 6_7 8_16,10_16 2_17 3_14 5_9 6_16 6_6 6_9 7_5 8_15 8_3 8_8 9_13 9_3,,0.538462,0.481481,0.379310,0.818182,0.428571,0.818182,0.333333,0.081081,0.818182
2025-08-18,B1: Static prior,22,0.454545,0.500000,3_11 3_14 4_10 5_9 6_14 7_15 7_8 8_15 9_14 9_15,3_10 4_8 4_9 5_14 5_15 5_8 6_15 6_7 7_16 9_16,10_15 10_16 2_17 6_16 6_6 6_9 7_5 8_3 8_7 8_8 9_13 9_3,0.538462,,0.818182,0.600000,0.666667,0.739130,0.666667,0.538462,0.111111,0.666667
2025-08-18,TTM,22,0.500000,0.550000,3_11 3_14 4_10 5_9 6_14 7_15 7_8 8_15 8_8 9_14 9_15,3_10 4_9 5_15 5_8 6_15 6_4 6_7 7_16 9_16,10_15 10_16 2_17 6_16 6_6 6_9 7_5 8_3 8_7 9_13 9_3,0.481481,0.818182,,0.538462,0.600000,0.666667,0.600000,0.481481,0.081081,0.600000
2025-08-18,ET,22,0.409091,0.450000,3_11 3_14 4_10 5_9 6_14 7_8 8_15 8_8 9_14,3_13 3_7 4_8 4_9 5_14 5_15 5_8 7_16 8_14 8_16 9_16,10_15 10_16 2_17 6_16 6_6 6_9 7_15 7_5 8_3 8_7 9_13 9_15 9_3,0.379310,0.600000,0.538462,,0.428571,0.538462,0.428571,0.428571,0.111111,0.428571
2025-08-18,B5: B2+B3,22,0.500000,0.550000,10_15 3_11 4_10 5_9 6_14 7_15 7_8 8_15 8_7 9_14 9_15,3_10 4_9 5_13 5_14 5_15 5_8 6_15 6_7 8_16,10_16 2_17 3_14 6_16 6_6 6_9 7_5 8_3 8_8 9_13 9_3,0.818182,0.666667,0.600000,0.428571,,0.538462,0.904762,0.428571,0.081081,0.904762
2025-08-18,B4: B1+B3,22,0.454545,0.500000,3_11 3_14 4_10 5_9 6_14 7_15 7_8 8_15 9_14 9_15,3_5 4_8 4_9 5_14 5_15 5_8 6_15 6_4 8_6 9_16,10_15 10_16 2_17 6_16 6_6 6_9 7_5 8_3 8_7 8_8 9_13 9_3,0.428571,0.739130,0.666667,0.538462,0.538462,,0.538462,0.739130,0.081081,0.538462
2025-08-18,B2: Recent MA,22,0.500000,0.550000,10_15 3_11 3_14 4_10 5_9 6_14 7_15 7_8 8_7 9_14 9_15,3_10 4_9 5_13 5_14 5_15 5_8 6_15 6_7 8_16,10_16 2_17 6_16 6_6 6_9 7_5 8_15 8_3 8_8 9_13 9_3,0.818182,0.666667,0.600000,0.428571,0.904762,0.538462,,0.379310,0.081081,1.000000
2025-08-18,B3: DoY season,22,0.363636,0.400000,3_11 4_10 5_9 6_14 7_8 8_15 9_14 9_15,10_17 3_5 4_8 4_9 5_14 5_8 6_15 6_3 6_4 7_3 8_6 9_16,10_15 10_16 2_17 3_14 6_16 6_6 6_9 7_15 7_5 8_3 8_7 8_8 9_13 9_3,0.333333,0.538462,0.481481,0.428571,0.428571,0.739130,0.379310,,0.111111,0.379310
2025-08-18,B0: Random,22,0.045455,0.050000,9_14,0_2 10_17 10_9 11_13 11_19 12_13 1_16 2_10 2_14 2_9 4_14 4_5 4_9 5_14 6_19 7_16 8_13 9_4 9_6,10_15 10_16 2_17 3_11 3_14 4_10 5_9 6_14 6_16 6_6 6_9 7_15 7_5 7_8 8_15 8_3 8_7 8_8 9_13 9_15 9_3,0.081081,0.111111,0.081081,0.111111,0.081081,0.081081,0.081081,0.111111,,0.081081
2025-08-19,GLM-Logit,21,0.428571,0.450000,4_9 5_14 5_15 5_9 7_15 7_8 8_15 9_14 9_15,10_15 3_10 3_11 4_10 5_13 5_8 6_14 6_15 6_7 8_16 8_7,3_13 3_16 3_7 3_8 4_3 5_4 5_7 7_7 7_9 9_10 9_13 9_16,0.818182,0.666667,0.538462,0.428571,1.000000,0.538462,1.000000,0.428571,0.111111,
2025-08-19,HierBayes,21,0.380952,0.400000,4_9 5_14 5_15 5_9 7_15 7_8 9_14 9_15,10_15 3_10 3_11 3_14 3_15 4_10 5_13 6_14 6_15 6_7 8_16 8_7,3_13 3_16 3_7 3_8 4_3 5_4 5_7 7_7 7_9 8_15 9_10 9_13 9_16,,0.600000,0.481481,0.379310,0.818182,0.428571,0.818182,0.333333,0.142857,0.818182
2025-08-19,B1: Static prior,21,0.476190,0.500000,4_9 5_14 5_15 5_9 7_15 7_8 8_15 9_14 9_15 9_16,3_10 3_11 3_14 4_10 4_8 5_8 6_14 6_15 6_7 7_16,3_13 3_16 3_7 3_8 4_3 5_4 5_7 7_7 7_9 9_10 9_13,0.600000,,0.666667,0.600000,0.666667,0.666667,0.666667,0.538462,0.176471,0.666667
2025-08-19,TTM,21,0.380952,0.400000,3_7 4_9 5_9 7_8 8_15 9_14 9_15 9_16,3_10 3_11 3_14 4_10 5_8 6_14 6_15 6_4 6_7 7_16 8_16 8_8,3_13 3_16 3_8 4_3 5_14 5_15 5_4 5_7 7_15 7_7 7_9 9_10 9_13,0.481481,0.666667,,0.600000,0.538462,0.481481,0.538462,0.428571,0.142857,0.538462
2025-08-19,ET,21,0.476190,0.500000,3_13 3_7 4_9 5_14 5_15 5_9 7_8 8_15 9_14 9_16,3_11 3_14 4_10 4_8 5_8 6_14 7_16 8_14 8_16 8_8,3_16 3_8 4_3 5_4 5_7 7_15 7_7 7_9 9_10 9_13 9_15,0.379310,0.600000,0.600000,,0.428571,0.481481,0.428571,0.428571,0.142857,0.428571
2025-08-19,B5: B2+B3,21,0.428571,0.450000,4_9 5_14 5_15 5_9 7_15 7_8 8_15 9_14 9_15,10_15 3_10 3_11 4_10 5_13 5_8 6_14 6_15 6_7 8_16 8_7,3_13 3_16 3_7 3_8 4_3 5_4 5_7 7_7 7_9 9_10 9_13 9_16,0.818182,0.666667,0.538462,0.428571,,0.538462,1.000000,0.428571,0.111111,1.000000
2025-08-19,B4: B1+B3,21,0.476190,0.500000,4_9 5_14 5_15 5_9 7_15 7_8 8_15 9_14 9_15 9_16,3_11 4_10 4_8 5_8 6_14 6_15 6_3 6_4 7_3 8_6,3_13 3_16 3_7 3_8 4_3 5_4 5_7 7_7 7_9 9_10 9_13,0.428571,0.666667,0.481481,0.481481,0.538462,,0.538462,0.818182,0.111111,0.538462
2025-08-19,B2: Recent MA,21,0.428571,0.450000,4_9 5_14 5_15 5_9 7_15 7_8 8_15 9_14 9_15,10_15 3_10 3_11 4_10 5_13 5_8 6_14 6_15 6_7 8_16 8_7,3_13 3_16 3_7 3_8 4_3 5_4 5_7 7_7 7_9 9_10 9_13 9_16,0.818182,0.666667,0.538462,0.428571,1.000000,0.538462,,0.428571,0.111111,1.000000
2025-08-19,B3: DoY season,21,0.428571,0.450000,4_9 5_14 5_15 5_9 7_8 8_15 9_14 9_15 9_16,10_17 3_11 4_10 4_8 5_12 5_8 6_15 6_3 6_4 7_3 8_6,3_13 3_16 3_7 3_8 4_3 5_4 5_7 7_15 7_7 7_9 9_10 9_13,0.333333,0.538462,0.428571,0.428571,0.428571,0.818182,0.428571,,0.111111,0.428571
2025-08-19,B0: Random,21,0.095238,0.100000,5_14 7_8,0_3 10_3 11_13 12_16 2_18 2_2 3_10 3_14 3_5 3_6 4_10 5_5 6_10 6_3 6_5 7_0 7_16 9_3,3_13 3_16 3_7 3_8 4_3 4_9 5_15 5_4 5_7 5_9 7_15 7_7 7_9 8_15 9_10 9_13 9_14 9_15 9_16,0.142857,0.176471,0.142857,0.142857,0.111111,0.111111,0.111111,0.111111,,0.111111
2025-08-20,GLM-Logit,13,0.384615,0.250000,3_11 5_9 7_8 8_7 9_14,10_15 3_10 3_14 4_10 4_9 5_13 5_14 5_15 6_14 6_15 6_7 7_15 8_15 8_16 9_15,3_16 3_17 3_4 4_13 5_8 6_4 7_5 8_14,1.000000,0.666667,0.538462,0.428571,0.739130,0.538462,1.000000,0.428571,0.000000,
2025-08-20,HierBayes,13,0.384615,0.250000,3_11 5_9 7_8 8_7 9_14,10_15 3_10 3_14 4_10 4_9 5_13 5_14 5_15 6_14 6_15 6_7 7_15 8_15 8_16 9_15,3_16 3_17 3_4 4_13 5_8 6_4 7_5 8_14,,0.666667,0.538462,0.428571,0.739130,0.538462,1.000000,0.428571,0.000000,1.000000
2025-08-20,B1: Static prior,13,0.384615,0.250000,3_11 5_8 5_9 7_8 9_14,3_10 3_14 4_10 4_8 4_9 5_14 5_15 6_14 6_15 6_7 7_15 7_16 8_15 9_15 9_16,3_16 3_17 3_4 4_13 6_4 7_5 8_14 8_7,0.666667,,0.739130,0.600000,0.666667,0.666667,0.666667,0.481481,0.025641,0.666667
2025-08-20,TTM,13,0.461538,0.300000,3_11 5_8 5_9 6_4 7_8 9_14,3_10 3_14 4_10 4_9 6_14 6_15 6_7 6_8 7_15 7_16 8_15 8_8 9_15 9_16,3_16 3_17 3_4 4_13 7_5 8_14 8_7,0.538462,0.739130,,0.481481,0.481481,0.538462,0.538462,0.428571,0.052632,0.538462
2025-08-20,ET,13,0.461538,0.300000,3_11 5_8 5_9 7_8 8_14 9_14,3_13 3_14 3_7 4_10 4_8 4_9 5_14 5_15 6_14 7_16 8_15 8_16 8_8 9_16,3_16 3_17 3_4 4_13 6_4 7_5 8_7,0.428571,0.600000,0.481481,,0.538462,0.538462,0.428571,0.428571,0.052632,0.428571
2025-08-20,B5: B2+B3,13,0.461538,0.300000,3_11 5_8 5_9 7_8 8_7 9_14,10_15 4_10 4_8 4_9 5_13 5_14 5_15 6_14 6_15 7_15 8_15 8_16 9_15 9_16,3_16 3_17 3_4 4_13 6_4 7_5 8_14,0.739130,0.666667,0.481481,0.538462,,0.739130,0.739130,0.600000,0.025641,0.739130
2025-08-20,B4: B1+B3,13,0.461538,0.300000,3_11 5_8 5_9 6_4 7_8 9_14,4_10 4_8 4_9 5_14 5_15 6_14 6_15 7_15 7_3 8_15 8_16 8_6 9_15 9_16,3_16 3_17 3_4 4_13 7_5 8_14 8_7,0.538462,0.666667,0.538462,0.538462,0.739130,,0.538462,0.739130,0.025641,0.538462
2025-08-20,B2: Recent MA,13,0.384615,0.250000,3_11 5_9 7_8 8_7 9_14,10_15 3_10 3_14 4_10 4_9 5_13 5_14 5_15 6_14 6_15 6_7 7_15 8_15 8_16 9_15,3_16 3_17 3_4 4_13 5_8 6_4 7_5 8_14,1.000000,0.666667,0.538462,0.428571,0.739130,0.538462,,0.428571,0.000000,1.000000
2025-08-20,B3: DoY season,13,0.461538,0.300000,3_11 5_8 5_9 6_4 7_8 9_14,10_17 4_10 4_8 4_9 5_13 5_14 6_15 6_3 7_3 8_15 8_16 8_6 9_15 9_16,3_16 3_17 3_4 4_13 7_5 8_14 8_7,0.428571,0.481481,0.428571,0.428571,0.600000,0.739130,0.428571,,0.025641,0.428571
2025-08-20,B0: Random,13,0.000000,0.000000,,0_10 0_14 0_7 10_8 11_8 12_10 12_11 1_13 1_19 2_7 3_5 3_6 4_6 5_0 5_10 5_4 6_5 8_8 9_13 9_16,3_11 3_16 3_17 3_4 4_13 5_8 5_9 6_4 7_5 7_8 8_14 8_7 9_14,0.000000,0.025641,0.052632,0.052632,0.025641,0.025641,0.000000,0.025641,,0.000000
2025-08-21,GLM-Logit,17,0.352941,0.300000,4_10 4_9 6_14 6_7 7_8 8_15,10_15 3_10 3_11 3_14 5_13 5_14 5_15 5_9 6_15 7_15 8_16 8_7 9_14 9_15,10_14 1_12 2_17 2_3 3_9 4_13 6_11 8_17 8_3 9_12 9_2,0.904762,0.666667,0.538462,0.428571,0.818182,0.481481,1.000000,0.333333,0.081081,
2025-08-21,HierBayes,17,0.294118,0.250000,4_10 4_9 6_14 6_7 7_8,10_15 3_10 3_11 3_14 5_13 5_14 5_15 5_9 6_15 7_15 7_5 8_16 8_7 9_14 9_15,10_14 1_12 2_17 2_3 3_9 4_13 6_11 8_15 8_17 8_3 9_12 9_2,,0.600000,0.538462,0.379310,0.739130,0.428571,0.904762,0.290323,0.081081,0.904762
2025-08-21,B1: Static prior,17,0.352941,0.300000,4_10 4_9 6_14 6_7 7_8 8_15,3_10 3_11 3_14 4_8 5_14 5_15 5_8 5_9 6_15 7_15 7_16 9_14 9_15 9_16,10_14 1_12 2_17 2_3 3_9 4_13 6_11 8_17 8_3 9_12 9_2,0.600000,,0.600000,0.600000,0.666667,0.666667,0.666667,0.481481,0.081081,0.666667
2025-08-21,TTM,17,0.294118,0.250000,4_10 4_9 6_7 7_8 8_15,3_10 3_11 3_14 5_14 5_4 5_9 6_15 6_4 7_16 7_5 8_16 8_8 9_14 9_15 9_16,10_14 1_12 2_17 2_3 3_9 4_13 6_11 6_14 8_17 8_3 9_12 9_2,0.538462,0.600000,,0.481481,0.428571,0.538462,0.538462,0.481481,0.025641,0.538462
2025-08-21,ET,17,0.294118,0.250000,4_10 4_9 6_14 7_8 8_15,3_11 3_13 3_14 3_7 4_8 5_14 5_15 5_8 5_9 7_16 8_14 8_16 8_8 9_14 9_16,10_14 1_12 2_17 2_3 3_9 4_13 6_11 6_7 8_17 8_3 9_12 9_2,0.379310,0.600000,0.481481,,0.538462,0.538462,0.428571,0.428571,0.052632,0.428571
2025-08-21,B5: B2+B3,17,0.294118,0.250000,4_10 4_9 6_14 7_8 8_15,10_15 3_11 3_14 4_8 5_13 5_14 5_15 5_8 5_9 6_15 7_15 8_16 8_7 9_14 9_15,10_14 1_12 2_17 2_3 3_9 4_13 6_11 6_7 8_17 8_3 9_12 9_2,0.739130,0.666667,0.428571,0.538462,,0.600000,0.818182,0.428571,0.052632,0.818182
2025-08-21,B4: B1+B3,17,0.294118,0.250000,4_10 4_9 6_14 7_8 8_15,3_11 3_14 4_8 5_8 5_9 6_15 6_4 7_15 7_16 7_3 8_16 8_6 9_14 9_15 9_16,10_14 1_12 2_17 2_3 3_9 4_13 6_11 6_7 8_17 8_3 9_12 9_2,0.428571,0.666667,0.538462,0.538462,0.600000,,0.481481,0.739130,0.052632,0.481481
2025-08-21,B2: Recent MA,17,0.352941,0.300000,4_10 4_9 6_14 6_7 7_8 8_15,10_15 3_10 3_11 3_14 5_13 5_14 5_15 5_9 6_15 7_15 8_16 8_7 9_14 9_15,10_14 1_12 2_17 2_3 3_9 4_13 6_11 8_17 8_3 9_12 9_2,0.904762,0.666667,0.538462,0.428571,0.818182,0.481481,,0.333333,0.081081,1.000000
2025-08-21,B3: DoY season,17,0.294118,0.250000,10_14 4_10 4_9 7_8 8_15,10_17 3_11 4_8 5_8 5_9 6_15 6_3 6_4 7_16 7_3 8_16 8_6 9_14 9_15 9_16,1_12 2_17 2_3 3_9 4_13 6_11 6_14 6_7 8_17 8_3 9_12 9_2,0.290323,0.481481,0.481481,0.428571,0.428571,0.739130,0.333333,,0.025641,0.333333
2025-08-21,B0: Random,17,0.058824,0.050000,6_14,0_12 0_14 10_1 12_14 12_19 1_14 1_18 1_19 3_10 4_17 4_3 5_10 5_15 6_17 6_19 6_8 8_5 8_6 9_7,10_14 1_12 2_17 2_3 3_9 4_10 4_13 4_9 6_11 6_7 7_8 8_15 8_17 8_3 9_12 9_2,0.081081,0.081081,0.025641,0.052632,0.052632,0.052632,0.081081,0.025641,,0.081081
2025-08-22,GLM-Logit,20,0.300000,0.300000,10_15 4_9 5_9 8_16 8_7 9_15,3_10 3_11 3_14 4_10 5_13 5_14 5_15 6_14 6_15 6_7 7_15 7_8 8_15 9_14,10_14 1_11 2_17 3_13 3_8 3_9 6_3 7_16 7_9 8_3 8_5 8_8 9_16 9_17,0.904762,0.666667,0.481481,0.428571,0.818182,0.600000,1.000000,0.379310,0.025641,
2025-08-22,HierBayes,20,0.300000,0.300000,10_15 4_9 5_9 8_16 8_7 9_15,3_10 3_11 4_10 5_13 5_14 5_15 6_14 6_15 6_7 7_15 7_5 7_8 8_15 9_14,10_14 1_11 2_17 3_13 3_8 3_9 6_3 7_16 7_9 8_3 8_5 8_8 9_16 9_17,,0.600000,0.481481,0.379310,0.818182,0.538462,0.904762,0.379310,0.025641,0.904762
2025-08-22,B1: Static prior,20,0.250000,0.250000,4_9 5_9 7_16 9_15 9_16,3_10 3_11 3_14 4_10 4_8 5_14 5_15 5_8 6_14 6_15 6_7 7_15 7_8 8_15 9_14,10_14 10_15 1_11 2_17 3_13 3_8 3_9 6_3 7_9 8_16 8_3 8_5 8_7 8_8 9_17,0.600000,,0.600000,0.600000,0.666667,0.818182,0.666667,0.481481,0.000000,0.666667
2025-08-22,TTM,20,0.400000,0.400000,3_9 4_9 5_9 7_16 8_16 8_8 9_15 9_16,3_10 3_11 3_14 4_10 4_8 5_14 6_15 6_4 7_5 7_8 8_15 9_14,10_14 10_15 1_11 2_17 3_13 3_8 6_3 7_9 8_3 8_5 8_7 9_17,0.481481,0.600000,,0.538462,0.428571,0.600000,0.481481,0.538462,0.000000,0.481481
2025-08-22,ET,20,0.350000,0.350000,3_13 4_9 5_9 7_16 8_16 8_8 9_16,3_11 3_14 3_7 4_10 4_8 5_14 5_15 5_8 6_14 7_8 8_14 8_15 9_14,10_14 10_15 1_11 2_17 3_8 3_9 6_3 7_9 8_3 8_5 8_7 9_15 9_17,0.379310,0.600000,0.538462,,0.481481,0.600000,0.428571,0.428571,0.000000,0.428571
2025-08-22,B5: B2+B3,20,0.300000,0.300000,10_15 4_9 5_9 8_16 8_7 9_15,3_11 4_10 4_8 5_13 5_14 5_15 5_8 6_14 6_15 6_7 7_15 7_8 8_15 9_14,10_14 1_11 2_17 3_13 3_8 3_9 6_3 7_16 7_9 8_3 8_5 8_8 9_16 9_17,0.818182,0.666667,0.428571,0.481481,,0.600000,0.818182,0.481481,0.025641,0.818182
2025-08-22,B4: B1+B3,20,0.300000,0.300000,4_9 5_9 7_16 8_16 9_15 9_16,3_10 3_11 3_14 4_10 4_8 5_15 5_8 6_14 6_15 7_15 7_8 8_15 8_6 9_14,10_14 10_15 1_11 2_17 3_13 3_8 3_9 6_3 7_9 8_3 8_5 8_7 8_8 9_17,0.538462,0.818182,0.600000,0.600000,0.600000,,0.600000,0.600000,0.000000,0.600000
2025-08-22,B2: Recent MA,20,0.300000,0.300000,10_15 4_9 5_9 8_16 8_7 9_15,3_10 3_11 3_14 4_10 5_13 5_14 5_15 6_14 6_15 6_7 7_15 7_8 8_15 9_14,10_14 1_11 2_17 3_13 3_8 3_9 6_3 7_16 7_9 8_3 8_5 8_8 9_16 9_17,0.904762,0.666667,0.481481,0.428571,0.818182,0.600000,,0.379310,0.025641,1.000000
2025-08-22,B3: DoY season,20,0.350000,0.350000,10_14 4_9 5_9 7_16 8_16 9_15 9_16,10_17 3_11 4_10 4_8 5_13 5_8 6_15 6_4 7_3 7_8 8_15 8_6 9_14,10_15 1_11 2_17 3_13 3_8 3_9 6_3 7_9 8_3 8_5 8_7 8_8 9_17,0.379310,0.481481,0.538462,0.428571,0.481481,0.600000,0.379310,,0.052632,0.379310
2025-08-22,B0: Random,20,0.100000,0.100000,10_14 2_17,0_12 0_2 12_8 12_9 1_14 1_6 1_7 1_9 3_19 4_14 5_13 5_19 6_11 7_18 9_0 9_1 9_12 9_5,10_15 1_11 3_13 3_8 3_9 4_9 5_9 6_3 7_16 7_9 8_16 8_3 8_5 8_7 8_8 9_15 9_16 9_17,0.025641,0.000000,0.000000,0.000000,0.025641,0.000000,0.025641,0.052632,,0.025641
2025-08-23,GLM-Logit,15,0.466667,0.350000,5_15 5_9 6_14 7_15 7_8 8_15 9_14,10_15 3_10 3_11 3_14 4_10 4_9 5_13 5_14 6_15 6_7 8_16 8_7 9_15,3_9 4_15 7_14 7_16 7_5 8_3 9_10 9_9,0.904762,0.666667,0.481481,0.428571,0.818182,0.538462,1.000000,0.428571,0.025641,
2025-08-23,HierBayes,15,0.466667,0.350000,5_15 5_9 6_14 7_15 7_8 8_15 9_14,10_15 3_10 3_11 3_13 4_10 4_9 5_13 5_14 6_15 6_7 8_16 8_7 9_15,3_9 4_15 7_14 7_16 7_5 8_3 9_10 9_9,,0.600000,0.428571,0.428571,0.818182,0.481481,0.904762,0.379310,0.025641,0.904762
2025-08-23,B1: Static prior,15,0.533333,0.400000,5_15 5_9 6_14 7_15 7_16 7_8 8_15 9_14,3_10 3_11 3_14 4_10 4_8 4_9 5_14 5_8 6_15 6_7 9_15 9_16,3_9 4_15 7_14 7_5 8_3 9_10 9_9,0.600000,,0.666667,0.600000,0.666667,0.818182,0.666667,0.666667,0.000000,0.666667
2025-08-23,TTM,15,0.400000,0.300000,5_9 6_14 7_16 7_5 7_8 9_14,10_16 3_10 3_11 3_14 4_10 4_9 5_14 5_8 6_15 6_4 6_7 8_8 9_15 9_16,3_9 4_15 5_15 7_14 7_15 8_15 8_3 9_10 9_9,0.428571,0.666667,,0.481481,0.428571,0.666667,0.481481,0.600000,0.025641,0.481481
2025-08-23,ET,15,0.466667,0.350000,5_15 5_9 6_14 7_16 7_8 8_15 9_14,3_11 3_13 3_14 3_7 4_10 4_8 4_9 5_14 5_8 8_14 8_16 8_8 9_16,3_9 4_15 7_14 7_15 7_5 8_3 9_10 9_9,0.428571,0.600000,0.481481,,0.481481,0.600000,0.428571,0.538462,0.000000,0.428571
2025-08-23,B5: B2+B3,15,0.466667,0.350000,5_15 5_9 6_14 7_15 7_8 8_15 9_14,10_15 3_10 3_11 4_10 4_8 4_9 5_13 5_14 5_8 6_15 8_16 8_7 9_15,3_9 4_15 7_14 7_16 7_5 8_3 9_10 9_9,0.818182,0.666667,0.428571,0.481481,,0.600000,0.818182,0.481481,0.025641,0.818182
2025-08-23,B4: B1+B3,15,0.466667,0.350000,5_9 6_14 7_15 7_16 7_8 8_15 9_14,3_10 3_11 3_14 4_10 4_8 4_9 5_14 5_8 6_15 7_3 8_8 9_15 9_16,3_9 4_15 5_15 7_14 7_5 8_3 9_10 9_9,0.481481,0.818182,0.666667,0.600000,0.600000,,0.538462,0.739130,0.000000,0.538462
2025-08-23,B2: Recent MA,15,0.466667,0.350000,5_15 5_9 6_14 7_15 7_8 8_15 9_14,10_15 3_10 3_11 3_14 4_10 4_9 5_13 5_14 6_15 6_7 8_16 8_7 9_15,3_9 4_15 7_14 7_16 7_5 8_3 9_10 9_9,0.904762,0.666667,0.481481,0.428571,0.818182,0.538462,,0.428571,0.025641,1.000000
2025-08-23,B3: DoY season,15,0.400000,0.300000,5_9 6_14 7_16 7_8 8_15 9_14,10_17 3_11 3_14 4_10 4_8 4_9 5_14 5_8 6_15 6_4 7_3 8_6 9_15 9_16,3_9 4_15 5_15 7_14 7_15 7_5 8_3 9_10 9_9,0.379310,0.666667,0.600000,0.538462,0.481481,0.739130,0.428571,,0.000000,0.428571
2025-08-23,B0: Random,15,0.066667,0.050000,7_5,10_15 11_19 1_19 1_5 1_6 2_3 3_3 5_12 6_12 6_13 6_17 7_1 7_7 8_1 8_11 8_18 8_19 9_17 9_3,3_9 4_15 5_15 5_9 6_14 7_14 7_15 7_16 7_8 8_15 8_3 9_10 9_14 9_9,0.025641,0.000000,0.025641,0.000000,0.025641,0.000000,0.025641,0.000000,,0.025641
2025-08-24,GLM-Logit,16,0.562500,0.450000,10_15 4_10 4_9 5_15 5_9 7_8 8_15 9_14 9_15,3_10 3_11 3_14 5_13 5_14 6_14 6_15 6_7 7_15 8_16 8_7,10_16 3_16 4_13 4_8 7_5 8_3 8_6,0.904762,0.666667,0.600000,0.428571,0.739130,0.538462,0.904762,0.428571,0.025641,
2025-08-24,HierBayes,16,0.562500,0.450000,10_15 4_10 4_9 5_15 5_9 7_8 8_15 9_14 9_15,10_14 3_10 3_11 5_13 5_14 6_14 6_15 6_7 7_15 8_16 8_7,10_16 3_16 4_13 4_8 7_5 8_3 8_6,,0.600000,0.538462,0.379310,0.739130,0.481481,0.904762,0.379310,0.000000,0.904762
2025-08-24,B1: Static prior,16,0.562500,0.450000,4_10 4_8 4_9 5_15 5_9 7_8 8_15 9_14 9_15,3_10 3_11 3_14 5_14 5_8 6_14 6_15 6_7 7_15 7_16 9_16,10_15 10_16 3_16 4_13 7_5 8_3 8_6,0.600000,,0.818182,0.600000,0.666667,0.818182,0.600000,0.666667,0.025641,0.666667
2025-08-24,TTM,16,0.437500,0.350000,4_10 4_9 5_9 7_8 8_15 9_14 9_15,3_10 3_11 3_14 5_14 5_8 6_14 6_15 6_4 6_7 7_15 7_16 8_8 9_16,10_15 10_16 3_16 4_13 4_8 5_15 7_5 8_3 8_6,0.538462,0.818182,,0.538462,0.538462,0.739130,0.600000,0.666667,0.025641,0.600000
2025-08-24,ET,16,0.500000,0.400000,4_10 4_8 4_9 5_15 5_9 7_8 8_15 9_14,3_11 3_13 3_14 3_7 5_14 5_8 6_14 7_16 8_14 8_16 8_8 9_16,10_15 10_16 3_16 4_13 7_5 8_3 8_6 9_15,0.379310,0.600000,0.538462,,0.538462,0.666667,0.428571,0.600000,0.025641,0.428571
2025-08-24,B5: B2+B3,16,0.625000,0.500000,10_15 4_10 4_8 4_9 5_15 5_9 7_8 8_15 9_14 9_15,3_11 5_13 5_14 5_8 6_14 6_15 7_15 8_16 8_7 9_16,10_16 3_16 4_13 7_5 8_3 8_6,0.739130,0.666667,0.538462,0.538462,,0.600000,0.739130,0.538462,0.000000,0.739130
2025-08-24,B4: B1+B3,16,0.562500,0.450000,4_10 4_8 4_9 5_15 5_9 7_8 8_15 9_14 9_15,3_10 3_11 3_14 5_14 5_8 6_14 6_15 7_16 7_3 8_8 9_16,10_15 10_16 3_16 4_13 7_5 8_3 8_6,0.481481,0.818182,0.739130,0.666667,0.600000,,0.538462,0.818182,0.025641,0.538462
2025-08-24,B2: Recent MA,16,0.562500,0.450000,10_15 4_10 4_9 5_15 5_9 7_8 8_15 9_14 9_15,3_10 3_11 5_13 5_14 6_14 6_15 6_7 7_15 8_16 8_7 8_8,10_16 3_16 4_13 4_8 7_5 8_3 8_6,0.904762,0.600000,0.600000,0.428571,0.739130,0.538462,,0.428571,0.000000,0.904762
2025-08-24,B3: DoY season,16,0.625000,0.500000,4_10 4_8 4_9 5_15 5_9 7_8 8_15 8_6 9_14 9_15,3_11 3_14 5_14 5_8 6_15 6_4 7_16 7_3 8_8 9_16,10_15 10_16 3_16 4_13 7_5 8_3,0.379310,0.666667,0.666667,0.600000,0.538462,0.818182,0.428571,,0.052632,0.428571
2025-08-24,B0: Random,16,0.187500,0.150000,4_13 8_3 8_6,0_18 0_3 0_8 10_18 11_10 12_1 12_6 1_13 3_14 3_2 3_8 5_11 6_1 7_17 7_7 9_17 9_4,10_15 10_16 3_16 4_10 4_8 4_9 5_15 5_9 7_5 7_8 8_15 9_14 9_15,0.000000,0.025641,0.025641,0.025641,0.000000,0.025641,0.000000,0.052632,,0.025641
2025-08-25,GLM-Logit,13,0.615385,0.400000,10_15 4_10 4_9 5_15 5_9 7_15 7_5 7_8,3_10 3_11 5_13 5_14 6_14 6_15 6_7 8_15 8_16 8_7 9_14 9_15,3_9 4_15 5_8 9_10 9_13,0.904762,0.600000,0.481481,0.379310,0.904762,0.600000,1.000000,0.481481,0.000000,
2025-08-25,HierBayes,13,0.615385,0.400000,10_15 4_10 4_9 5_15 5_9 7_15 7_5 7_8,10_14 3_10 3_11 5_13 5_14 6_14 6_7 8_15 8_16 8_7 9_14 9_15,3_9 4_15 5_8 9_10 9_13,,0.538462,0.428571,0.379310,0.818182,0.538462,0.904762,0.428571,0.000000,0.904762
2025-08-25,B1: Static prior,13,0.538462,0.350000,4_10 4_9 5_15 5_8 5_9 7_15 7_8,3_10 3_11 3_14 4_8 5_14 6_14 6_15 6_7 7_16 8_15 9_14 9_15 9_16,10_15 3_9 4_15 7_5 9_10 9_13,0.538462,,0.666667,0.600000,0.666667,0.904762,0.600000,0.739130,0.000000,0.600000
2025-08-25,TTM,13,0.461538,0.300000,4_10 4_9 5_8 5_9 7_15 7_8,3_10 3_14 5_14 6_14 6_15 6_3 6_4 7_16 8_15 8_16 8_8 9_14 9_15 9_16,10_15 3_9 4_15 5_15 7_5 9_10 9_13,0.428571,0.666667,,0.538462,0.481481,0.666667,0.481481,0.538462,0.000000,0.481481
2025-08-25,ET,13,0.461538,0.300000,4_10 4_9 5_15 5_8 5_9 7_8,3_11 3_13 3_14 3_7 4_8 5_14 6_14 7_16 8_14 8_15 8_16 8_8 9_14 9_16,10_15 3_9 4_15 7_15 7_5 9_10 9_13,0.379310,0.600000,0.538462,,0.428571,0.666667,0.379310,0.666667,0.000000,0.379310
2025-08-25,B5: B2+B3,13,0.538462,0.350000,10_15 4_10 4_9 5_15 5_9 7_15 7_8,3_10 3_11 4_8 5_13 5_14 6_14 6_15 6_7 8_15 8_16 8_7 9_14 9_15,3_9 4_15 5_8 7_5 9_10 9_13,0.818182,0.666667,0.481481,0.428571,,0.666667,0.904762,0.538462,0.000000,0.904762
2025-08-25,B4: B1+B3,13,0.461538,0.300000,4_10 4_9 5_15 5_8 5_9 7_8,3_10 3_11 3_14 4_8 5_14 6_14 6_15 6_7 7_16 8_15 8_16 9_14 9_15 9_16,10_15 3_9 4_15 7_15 7_5 9_10 9_13,0.538462,0.904762,0.666667,0.666667,0.666667,,0.600000,0.818182,0.000000,0.600000
2025-08-25,B2: Recent MA,13,0.615385,0.400000,10_15 4_10 4_9 5_15 5_9 7_15 7_5 7_8,3_10 3_11 5_13 5_14 6_14 6_15 6_7 8_15 8_16 8_7 9_14 9_15,3_9 4_15 5_8 9_10 9_13,0.904762,0.600000,0.481481,0.379310,0.904762,0.600000,,0.481481,0.000000,1.000000
2025-08-25,B3: DoY season,13,0.461538,0.300000,4_10 4_9 5_15 5_8 5_9 7_8,3_11 3_14 3_7 4_8 5_14 6_15 6_7 7_16 7_3 8_15 8_16 9_14 9_15 9_16,10_15 3_9 4_15 7_15 7_5 9_10 9_13,0.428571,0.739130,0.538462,0.666667,0.538462,0.818182,0.481481,,0.000000,0.481481
2025-08-25,B0: Random,13,0.000000,0.000000,,0_18 0_8 10_16 10_5 11_5 12_9 1_11 1_5 2_19 4_4 5_5 6_1 6_19 7_10 7_12 7_17 7_18 8_11 8_12 9_12,10_15 3_9 4_10 4_15 4_9 5_15 5_8 5_9 7_15 7_5 7_8 9_10 9_13,0.000000,0.000000,0.000000,0.000000,0.000000,0.000000,0.000000,0.000000,,0.000000
2025-08-26,GLM-Logit,21,0.428571,0.450000,4_9 5_9 6_14 7_15 7_5 7_8 8_15 9_14 9_15,10_15 3_10 3_11 3_14 4_10 5_14 5_15 6_15 6_7 8_16 8_7,10_13 2_17 3_15 4_12 4_8 5_16 6_13 6_2 8_14 8_17 8_4 9_16,0.818182,0.666667,0.538462,0.428571,0.818182,0.600000,0.818182,0.428571,0.052632,
2025-08-26,HierBayes,21,0.428571,0.450000,4_9 5_9 6_14 7_15 7_5 7_8 8_15 9_14 9_15,10_14 10_15 3_10 3_11 4_10 5_13 5_14 5_15 6_15 8_16 8_7,10_13 2_17 3_15 4_12 4_8 5_16 6_13 6_2 8_14 8_17 8_4 9_16,,0.538462,0.538462,0.379310,0.818182,0.481481,0.818182,0.379310,0.052632,0.818182
2025-08-26,B1: Static prior,21,0.476190,0.500000,4_8 4_9 5_9 6_14 7_15 7_8 8_15 9_14 9_15 9_16,3_10 3_11 3_14 4_10 5_14 5_15 5_8 6_15 6_7 7_16,10_13 2_17 3_15 4_12 5_16 6_13 6_2 7_5 8_14 8_17 8_4,0.538462,,0.666667,0.600000,0.600000,0.818182,0.538462,0.600000,0.052632,0.666667
2025-08-26,TTM,21,0.380952,0.400000,4_9 5_9 7_15 7_8 8_15 9_14 9_15 9_16,3_10 3_11 4_10 5_14 5_15 5_8 6_15 6_3 6_4 7_16 8_16 8_8,10_13 2_17 3_15 4_12 4_8 5_16 6_13 6_14 6_2 7_5 8_14 8_17 8_4,0.538462,0.666667,,0.538462,0.666667,0.666667,0.538462,0.600000,0.052632,0.538462
2025-08-26,ET,21,0.428571,0.450000,4_8 4_9 5_9 6_14 7_8 8_14 8_15 9_14 9_16,3_11 3_13 3_14 3_7 4_10 5_14 5_15 5_8 7_16 8_16 8_8,10_13 2_17 3_15 4_12 5_16 6_13 6_2 7_15 7_5 8_17 8_4 9_15,0.379310,0.600000,0.538462,,0.481481,0.666667,0.428571,0.600000,0.025641,0.428571
2025-08-26,B5: B2+B3,21,0.428571,0.450000,4_9 5_9 6_14 7_15 7_5 7_8 8_15 9_14 9_15,10_15 3_10 3_11 4_10 5_14 5_15 5_8 6_15 8_16 8_7 8_8,10_13 2_17 3_15 4_12 4_8 5_16 6_13 6_2 8_14 8_17 8_4 9_16,0.818182,0.600000,0.666667,0.481481,,0.600000,0.818182,0.481481,0.052632,0.818182
2025-08-26,B4: B1+B3,21,0.428571,0.450000,4_8 4_9 5_9 6_14 7_8 8_15 9_14 9_15 9_16,3_10 3_11 3_14 4_10 5_14 5_8 6_15 6_7 7_16 8_16 8_8,10_13 2_17 3_15 4_12 5_16 6_13 6_2 7_15 7_5 8_14 8_17 8_4,0.481481,0.818182,0.666667,0.666667,0.600000,,0.538462,0.739130,0.052632,0.600000
2025-08-26,B2: Recent MA,21,0.428571,0.450000,4_9 5_9 6_14 7_15 7_5 7_8 8_15 9_14 9_15,10_15 3_11 4_10 5_13 5_14 5_15 6_15 6_7 8_16 8_7 8_8,10_13 2_17 3_15 4_12 4_8 5_16 6_13 6_2 8_14 8_17 8_4 9_16,0.818182,0.538462,0.538462,0.428571,0.818182,0.538462,,0.379310,0.025641,0.818182
2025-08-26,B3: DoY season,21,0.380952,0.400000,4_8 4_9 5_9 7_8 8_15 9_14 9_15 9_16,3_10 3_11 3_14 3_7 4_10 4_11 5_8 6_15 7_16 7_3 8_16 8_8,10_13 2_17 3_15 4_12 5_16 6_13 6_14 6_2 7_15 7_5 8_14 8_17 8_4,0.379310,0.600000,0.600000,0.600000,0.481481,0.739130,0.379310,,0.081081,0.428571
2025-08-26,B0: Random,21,0.000000,0.000000,,0_0 0_3 0_4 11_0 11_5 12_14 1_15 1_8 2_11 3_10 3_12 4_10 4_11 5_7 6_11 7_11 7_18 7_7 8_10 9_9,10_13 2_17 3_15 4_12 4_8 4_9 5_16 5_9 6_13 6_14 6_2 7_15 7_5 7_8 8_14 8_15 8_17 8_4 9_14 9_15 9_16,0.052632,0.052632,0.052632,0.025641,0.052632,0.052632,0.025641,0.081081,,0.052632
2025-08-27,GLM-Logit,15,0.400000,0.300000,3_11 4_10 5_9 6_14 8_15 9_15,10_15 3_10 4_9 5_14 5_15 5_8 6_15 6_7 7_15 7_5 7_8 8_16 8_7 9_14,10_13 4_8 5_16 5_3 7_16 7_2 8_10 8_3 9_13,0.739130,0.666667,0.538462,0.428571,0.739130,0.600000,0.739130,0.481481,0.025641,
2025-08-27,HierBayes,15,0.400000,0.300000,3_11 4_10 5_9 6_14 8_15 9_15,10_14 10_15 3_10 3_15 4_9 5_13 5_14 5_15 7_15 7_5 7_8 8_16 8_7 9_14,10_13 4_8 5_16 5_3 7_16 7_2 8_10 8_3 9_13,,0.481481,0.379310,0.379310,0.739130,0.481481,0.818182,0.428571,0.025641,0.739130
2025-08-27,B1: Static prior,15,0.533333,0.400000,3_11 4_10 4_8 5_9 6_14 7_16 8_15 9_15,3_10 3_14 4_9 5_14 5_15 5_8 6_15 6_7 7_15 7_8 9_14 9_16,10_13 5_16 5_3 7_2 8_10 8_3 9_13,0.481481,,0.666667,0.600000,0.538462,0.818182,0.481481,0.666667,0.025641,0.666667
2025-08-27,TTM,15,0.400000,0.300000,3_11 4_10 5_9 7_16 8_15 9_15,3_10 3_14 4_9 5_14 5_8 6_15 6_3 6_4 6_7 7_15 8_16 8_8 9_14 9_16,10_13 4_8 5_16 5_3 6_14 7_2 8_10 8_3 9_13,0.379310,0.666667,,0.481481,0.428571,0.666667,0.428571,0.600000,0.025641,0.538462
2025-08-27,ET,15,0.466667,0.350000,3_11 4_10 4_8 5_9 6_14 7_16 8_15,3_13 3_14 3_7 4_9 5_14 5_15 5_8 7_8 8_14 8_16 8_8 9_14 9_16,10_13 5_16 5_3 7_2 8_10 8_3 9_13 9_15,0.379310,0.600000,0.481481,,0.481481,0.739130,0.428571,0.739130,0.025641,0.428571
2025-08-27,B5: B2+B3,15,0.466667,0.350000,3_11 4_10 4_8 5_9 6_14 8_15 9_15,10_15 4_9 5_13 5_14 5_15 6_15 7_15 7_5 7_8 8_16 8_7 8_8 9_14,10_13 5_16 5_3 7_16 7_2 8_10 8_3 9_13,0.739130,0.538462,0.428571,0.481481,,0.600000,0.904762,0.600000,0.025641,0.739130
2025-08-27,B4: B1+B3,15,0.533333,0.400000,3_11 4_10 4_8 5_9 6_14 7_16 8_15 9_15,3_10 3_14 4_9 5_14 5_15 5_8 6_15 7_8 8_16 8_8 9_14 9_16,10_13 5_16 5_3 7_2 8_10 8_3 9_13,0.481481,0.818182,0.666667,0.739130,0.600000,,0.538462,0.818182,0.025641,0.600000
2025-08-27,B2: Recent MA,15,0.400000,0.300000,3_11 4_10 5_9 6_14 8_15 9_15,10_14 10_15 4_9 5_13 5_14 5_15 6_15 7_15 7_5 7_8 8_16 8_7 8_8 9_14,10_13 4_8 5_16 5_3 7_16 7_2 8_10 8_3 9_13,0.818182,0.481481,0.428571,0.428571,0.904762,0.538462,,0.538462,0.025641,0.739130
2025-08-27,B3: DoY season,15,0.533333,0.400000,3_11 4_10 4_8 5_9 6_14 7_16 8_15 9_15,3_14 3_7 4_9 5_13 5_14 5_8 6_15 7_8 8_16 8_8 9_14 9_16,10_13 5_16 5_3 7_2 8_10 8_3 9_13,0.428571,0.666667,0.600000,0.739130,0.600000,0.818182,0.538462,,0.025641,0.481481
2025-08-27,B0: Random,15,0.133333,0.100000,10_13 9_13,0_15 11_13 1_0 1_6 2_8 4_18 4_4 4_9 5_10 6_1 6_8 7_10 7_12 7_17 9_0 9_12 9_7 9_9,3_11 4_10 4_8 5_16 5_3 5_9 6_14 7_16 7_2 8_10 8_15 8_3 9_15,0.025641,0.025641,0.025641,0.025641,0.025641,0.025641,0.025641,0.025641,,0.025641
2025-08-28,GLM-Logit,20,0.450000,0.450000,10_15 6_15 6_7 7_15 7_5 7_8 8_16 8_7 9_16,3_10 3_11 4_10 4_9 5_14 5_15 5_9 6_14 8_15 9_14 9_15,10_14 4_8 5_16 5_7 6_2 6_3 6_8 7_16 7_3 8_5 9_10,0.739130,0.666667,0.428571,0.428571,0.818182,0.600000,0.739130,0.481481,0.025641,
2025-08-28,HierBayes,20,0.400000,0.400000,10_14 10_15 6_15 7_15 7_5 7_8 8_16 8_7,3_11 3_15 4_10 4_9 5_13 5_14 5_15 5_9 6_14 8_15 9_14 9_15,4_8 5_16 5_7 6_2 6_3 6_7 6_8 7_16 7_3 8_5 9_10 9_16,,0.481481,0.290323,0.379310,0.818182,0.481481,1.000000,0.428571,0.025641,0.739130
2025-08-28,B1: Static prior,20,0.350000,0.350000,4_8 6_15 6_7 7_15 7_16 7_8 9_16,3_10 3_11 3_14 4_10 4_9 5_14 5_15 5_8 5_9 6_14 8_15 9_14 9_15,10_14 10_15 5_16 5_7 6_2 6_3 6_8 7_3 7_5 8_16 8_5 8_7 9_10,0.481481,,0.600000,0.600000,0.600000,0.818182,0.481481,0.666667,0.052632,0.666667
2025-08-28,TTM,20,0.300000,0.300000,6_15 6_3 6_7 7_16 8_5 9_16,3_10 3_11 3_14 4_10 4_9 5_14 5_4 5_8 5_9 6_4 8_15 8_8 9_14 9_15,10_14 10_15 4_8 5_16 5_7 6_2 6_8 7_15 7_3 7_5 7_8 8_16 8_7 9_10,0.290323,0.600000,,0.428571,0.333333,0.600000,0.290323,0.538462,0.052632,0.428571
2025-08-28,ET,20,0.250000,0.250000,4_8 7_16 7_8 8_16 9_16,3_11 3_13 3_14 3_7 4_10 4_9 5_14 5_15 5_8 5_9 6_14 8_14 8_15 8_8 9_14,10_14 10_15 5_16 5_7 6_15 6_2 6_3 6_7 6_8 7_15 7_3 7_5 8_5 8_7 9_10,0.379310,0.600000,0.428571,,0.481481,0.739130,0.379310,0.666667,0.111111,0.428571
2025-08-28,B5: B2+B3,20,0.450000,0.450000,10_15 4_8 6_15 7_15 7_5 7_8 8_16 8_7 9_16,3_11 4_10 4_9 5_13 5_14 5_15 5_9 6_14 8_15 9_14 9_15,10_14 5_16 5_7 6_2 6_3 6_7 6_8 7_16 7_3 8_5 9_10,0.818182,0.600000,0.333333,0.481481,,0.600000,0.818182,0.538462,0.025641,0.818182
2025-08-28,B4: B1+B3,20,0.300000,0.300000,4_8 6_15 7_16 7_8 8_16 9_16,3_10 3_11 3_14 4_10 4_9 5_14 5_15 5_8 5_9 6_14 8_15 8_8 9_14 9_15,10_14 10_15 5_16 5_7 6_2 6_3 6_7 6_8 7_15 7_3 7_5 8_5 8_7 9_10,0.481481,0.818182,0.600000,0.739130,0.600000,,0.481481,0.818182,0.081081,0.600000
2025-08-28,B2: Recent MA,20,0.400000,0.400000,10_14 10_15 6_15 7_15 7_5 7_8 8_16 8_7,3_11 3_15 4_10 4_9 5_13 5_14 5_15 5_9 6_14 8_15 9_14 9_15,4_8 5_16 5_7 6_2 6_3 6_7 6_8 7_16 7_3 8_5 9_10 9_16,1.000000,0.481481,0.290323,0.379310,0.818182,0.481481,,0.428571,0.025641,0.739130
2025-08-28,B3: DoY season,20,0.300000,0.300000,4_8 6_15 7_16 7_8 8_16 9_16,3_10 3_14 3_7 4_10 4_9 5_13 5_14 5_8 5_9 6_14 8_15 8_8 9_14 9_15,10_14 10_15 5_16 5_7 6_2 6_3 6_7 6_8 7_15 7_3 7_5 8_5 8_7 9_10,0.428571,0.666667,0.538462,0.666667,0.538462,0.818182,0.428571,,0.081081,0.481481
2025-08-28,B0: Random,20,0.100000,0.100000,7_3 8_16,0_19 10_2 11_5 12_6 1_1 1_7 1_9 3_14 3_5 3_6 4_5 5_6 5_8 6_16 7_9 8_13 8_14 8_17,10_14 10_15 4_8 5_16 5_7 6_15 6_2 6_3 6_7 6_8 7_15 7_16 7_5 7_8 8_5 8_7 9_10 9_16,0.025641,0.052632,0.052632,0.111111,0.025641,0.081081,0.025641,0.081081,,0.025641
2025-08-29,GLM-Logit,22,0.500000,0.550000,10_15 3_10 4_10 4_9 6_14 6_15 7_15 7_5 7_8 9_14 9_15,3_11 4_8 5_14 5_15 5_9 6_7 8_15 8_16 8_7,10_14 3_13 3_16 3_8 3_9 6_5 6_6 8_17 8_5 8_8 9_16,0.818182,0.666667,0.428571,0.428571,0.818182,0.538462,0.818182,0.428571,0.081081,
2025-08-29,HierBayes,22,0.500000,0.550000,10_14 10_15 4_10 4_9 6_14 6_15 7_15 7_5 7_8 9_14 9_15,3_11 4_8 5_13 5_14 5_15 5_9 8_15 8_16 8_7,3_10 3_13 3_16 3_8 3_9 6_5 6_6 8_17 8_5 8_8 9_16,,0.538462,0.379310,0.428571,0.904762,0.481481,0.904762,0.428571,0.081081,0.818182
2025-08-29,B1: Static prior,22,0.454545,0.500000,3_10 4_10 4_9 6_14 6_15 7_15 7_8 9_14 9_15 9_16,3_11 3_14 4_8 5_14 5_15 5_8 5_9 6_7 7_16 8_15,10_14 10_15 3_13 3_16 3_8 3_9 6_5 6_6 7_5 8_17 8_5 8_8,0.538462,,0.600000,0.600000,0.600000,0.739130,0.538462,0.600000,0.052632,0.666667
2025-08-29,TTM,22,0.500000,0.550000,3_10 4_10 4_9 6_14 6_15 7_15 8_5 8_8 9_14 9_15 9_16,3_11 3_14 5_14 5_4 5_8 5_9 6_4 7_16 8_16,10_14 10_15 3_13 3_16 3_8 3_9 6_5 6_6 7_5 7_8 8_17,0.379310,0.600000,,0.481481,0.428571,0.600000,0.379310,0.538462,0.025641,0.428571
2025-08-29,ET,22,0.363636,0.400000,3_13 4_10 4_9 6_14 7_8 8_8 9_14 9_16,3_11 3_14 3_7 4_8 5_14 5_15 5_8 5_9 7_16 8_14 8_15 8_16,10_14 10_15 3_10 3_16 3_8 3_9 6_15 6_5 6_6 7_15 7_5 8_17 8_5 9_15,0.428571,0.600000,0.481481,,0.481481,0.666667,0.379310,0.538462,0.081081,0.428571
2025-08-29,B5: B2+B3,22,0.500000,0.550000,10_15 4_10 4_9 6_14 6_15 7_15 7_5 7_8 9_14 9_15 9_16,3_11 4_8 5_13 5_14 5_15 5_9 8_15 8_16 8_7,10_14 3_10 3_13 3_16 3_8 3_9 6_5 6_6 8_17 8_5 8_8,0.904762,0.600000,0.428571,0.481481,,0.538462,0.818182,0.481481,0.081081,0.818182
2025-08-29,B4: B1+B3,22,0.454545,0.500000,3_10 4_10 4_9 6_14 6_15 7_8 8_8 9_14 9_15 9_16,3_11 3_14 4_8 5_15 5_8 5_9 7_16 7_7 8_15 8_16,10_14 10_15 3_13 3_16 3_8 3_9 6_5 6_6 7_15 7_5 8_17 8_5,0.481481,0.739130,0.600000,0.666667,0.538462,,0.428571,0.818182,0.052632,0.538462
2025-08-29,B2: Recent MA,22,0.500000,0.550000,10_14 10_15 4_10 4_9 6_14 6_15 7_15 7_5 7_8 9_14 9_15,3_11 5_13 5_14 5_15 5_9 6_7 8_15 8_16 8_7,3_10 3_13 3_16 3_8 3_9 6_5 6_6 8_17 8_5 8_8 9_16,0.904762,0.538462,0.379310,0.379310,0.818182,0.428571,,0.379310,0.052632,0.818182
2025-08-29,B3: DoY season,22,0.454545,0.500000,3_10 4_10 4_9 6_14 6_15 7_8 8_8 9_14 9_15 9_16,3_14 4_8 5_13 5_8 5_9 7_16 7_7 8_15 8_16 8_9,10_14 10_15 3_13 3_16 3_8 3_9 6_5 6_6 7_15 7_5 8_17 8_5,0.428571,0.600000,0.538462,0.538462,0.481481,0.818182,0.379310,,0.052632,0.428571
2025-08-29,B0: Random,22,0.045455,0.050000,4_10,10_11 11_19 11_5 12_13 12_14 1_14 1_2 2_1 4_19 4_2 4_4 4_6 4_8 5_1 7_1 8_10 8_14 8_7 9_17,10_14 10_15 3_10 3_13 3_16 3_8 3_9 4_9 6_14 6_15 6_5 6_6 7_15 7_5 7_8 8_17 8_5 8_8 9_14 9_15 9_16,0.081081,0.052632,0.025641,0.081081,0.081081,0.052632,0.052632,0.052632,,0.081081
2025-08-30,GLM-Logit,13,0.384615,0.250000,3_10 5_9 7_15 9_14 9_15,10_14 10_15 3_11 4_10 4_9 5_14 5_15 6_14 6_15 6_7 7_5 7_8 8_15 8_16 8_7,2_14 2_3 5_8 7_16 7_6 8_10 8_3 9_13,0.904762,0.600000,0.428571,0.379310,0.904762,0.481481,0.904762,0.379310,0.000000,
2025-08-30,HierBayes,13,0.384615,0.250000,3_10 5_9 7_15 9_14 9_15,10_14 10_15 3_11 4_10 4_9 5_13 5_14 5_15 6_14 6_15 7_5 7_8 8_15 8_16 8_7,2_14 2_3 5_8 7_16 7_6 8_10 8_3 9_13,,0.538462,0.428571,0.379310,1.000000,0.538462,0.904762,0.428571,0.025641,0.904762
2025-08-30,B1: Static prior,13,0.538462,0.350000,3_10 5_8 5_9 7_15 7_16 9_14 9_15,3_11 3_14 4_10 4_8 4_9 5_14 5_15 6_14 6_15 6_7 7_8 8_15 9_16,2_14 2_3 7_6 8_10 8_3 9_13,0.538462,,0.666667,0.600000,0.538462,0.739130,0.538462,0.538462,0.000000,0.600000
2025-08-30,TTM,13,0.538462,0.350000,3_10 5_8 5_9 7_15 7_16 9_14 9_15,3_11 3_14 3_6 4_10 4_8 4_9 5_14 6_15 6_4 8_15 8_16 8_8 9_16,2_14 2_3 7_6 8_10 8_3 9_13,0.428571,0.666667,,0.538462,0.428571,0.666667,0.379310,0.481481,0.052632,0.428571
2025-08-30,ET,13,0.307692,0.200000,5_8 5_9 7_16 9_14,3_11 3_13 3_14 3_7 4_10 4_8 4_9 5_14 5_15 6_14 7_8 8_14 8_15 8_16 8_8 9_16,2_14 2_3 3_10 7_15 7_6 8_10 8_3 9_13 9_15,0.379310,0.600000,0.538462,,0.379310,0.666667,0.379310,0.666667,0.052632,0.379310
2025-08-30,B5: B2+B3,13,0.384615,0.250000,3_10 5_9 7_15 9_14 9_15,10_14 10_15 3_11 4_10 4_9 5_13 5_14 5_15 6_14 6_15 7_5 7_8 8_15 8_16 8_7,2_14 2_3 5_8 7_16 7_6 8_10 8_3 9_13,1.000000,0.538462,0.428571,0.379310,,0.538462,0.904762,0.428571,0.025641,0.904762
2025-08-30,B4: B1+B3,13,0.461538,0.300000,3_10 5_8 5_9 7_16 9_14 9_15,3_11 3_14 4_10 4_8 4_9 5_13 5_15 6_14 6_15 7_8 8_15 8_16 8_8 9_16,2_14 2_3 7_15 7_6 8_10 8_3 9_13,0.538462,0.739130,0.666667,0.666667,0.538462,,0.481481,0.739130,0.052632,0.481481
2025-08-30,B2: Recent MA,13,0.307692,0.200000,5_9 7_15 9_14 9_15,10_14 10_15 3_11 4_10 4_9 5_13 5_14 5_15 6_14 6_15 6_7 7_5 7_8 8_15 8_16 8_7,2_14 2_3 3_10 5_8 7_16 7_6 8_10 8_3 9_13,0.904762,0.538462,0.379310,0.379310,0.904762,0.481481,,0.379310,0.025641,0.904762
2025-08-30,B3: DoY season,13,0.384615,0.250000,3_10 5_8 5_9 7_16 9_14,3_13 3_14 3_7 4_10 4_11 4_8 4_9 5_13 5_15 6_14 6_15 7_8 8_15 8_16 8_8,2_14 2_3 7_15 7_6 8_10 8_3 9_13 9_15,0.428571,0.538462,0.481481,0.666667,0.428571,0.739130,0.379310,,0.081081,0.379310
2025-08-30,B0: Random,13,0.000000,0.000000,,0_6 0_7 10_9 2_19 2_5 2_9 3_3 3_6 3_7 5_13 5_6 5_7 6_2 6_3 7_11 7_2 7_3 8_19 8_8 9_2,2_14 2_3 3_10 5_8 5_9 7_15 7_16 7_6 8_10 8_3 9_13 9_14 9_15,0.025641,0.000000,0.052632,0.052632,0.025641,0.052632,0.025641,0.081081,,0.000000
2025-08-31,GLM-Logit,23,0.391304,0.450000,3_10 4_10 4_9 5_9 6_7 7_5 7_8 8_7 9_15,10_15 3_11 5_14 5_15 6_14 6_15 7_15 8_15 8_16 9_14 9_16,11_16 2_17 3_12 3_16 3_9 4_15 6_2 7_14 7_16 7_6 7_7 8_17 8_3 9_4,0.818182,0.666667,0.481481,0.428571,0.904762,0.538462,0.818182,0.379310,0.025641,
2025-08-31,HierBayes,23,0.391304,0.450000,3_10 4_10 4_9 5_9 6_7 7_5 7_8 8_7 9_15,10_14 10_15 3_11 5_13 5_14 5_15 6_14 7_15 8_15 8_16 9_14,11_16 2_17 3_12 3_16 3_9 4_15 6_2 7_14 7_16 7_6 7_7 8_17 8_3 9_4,,0.538462,0.379310,0.379310,0.818182,0.481481,0.818182,0.333333,0.025641,0.818182
2025-08-31,B1: Static prior,23,0.347826,0.400000,3_10 4_10 4_9 5_9 6_7 7_16 7_8 9_15,3_11 3_14 4_8 5_14 5_15 5_8 6_14 6_15 7_15 8_15 9_14 9_16,11_16 2_17 3_12 3_16 3_9 4_15 6_2 7_14 7_5 7_6 7_7 8_17 8_3 8_7 9_4,0.538462,,0.600000,0.600000,0.600000,0.739130,0.538462,0.538462,0.052632,0.666667
2025-08-31,TTM,23,0.347826,0.400000,3_10 4_10 4_9 5_9 6_7 7_16 7_8 9_15,10_16 3_11 3_14 6_15 6_3 6_4 7_15 8_15 8_6 8_8 9_14 9_16,11_16 2_17 3_12 3_16 3_9 4_15 6_2 7_14 7_5 7_6 7_7 8_17 8_3 8_7 9_4,0.379310,0.600000,,0.379310,0.428571,0.538462,0.379310,0.428571,0.025641,0.481481
2025-08-31,ET,23,0.217391,0.250000,4_10 4_9 5_9 7_16 7_8,3_11 3_13 3_14 3_7 4_8 5_14 5_15 5_8 6_14 8_14 8_15 8_16 8_8 9_14 9_16,11_16 2_17 3_10 3_12 3_16 3_9 4_15 6_2 6_7 7_14 7_5 7_6 7_7 8_17 8_3 8_7 9_15 9_4,0.379310,0.600000,0.379310,,0.428571,0.666667,0.379310,0.600000,0.052632,0.428571
2025-08-31,B5: B2+B3,23,0.347826,0.400000,3_10 4_10 4_9 5_9 7_5 7_8 8_7 9_15,10_15 3_11 5_13 5_14 5_15 6_14 6_15 7_15 8_15 8_16 9_14 9_16,11_16 2_17 3_12 3_16 3_9 4_15 6_2 6_7 7_14 7_16 7_6 7_7 8_17 8_3 9_4,0.818182,0.600000,0.428571,0.428571,,0.600000,0.904762,0.428571,0.025641,0.904762
2025-08-31,B4: B1+B3,23,0.304348,0.350000,3_10 4_10 4_9 5_9 7_16 7_8 9_15,3_11 3_14 4_8 5_13 5_15 5_8 6_14 6_15 8_15 8_16 8_8 9_14 9_16,11_16 2_17 3_12 3_16 3_9 4_15 6_2 6_7 7_14 7_5 7_6 7_7 8_17 8_3 8_7 9_4,0.481481,0.739130,0.538462,0.666667,0.600000,,0.538462,0.739130,0.052632,0.538462
2025-08-31,B2: Recent MA,23,0.391304,0.450000,3_10 4_10 4_9 5_9 7_5 7_8 8_3 8_7 9_15,10_15 3_11 5_13 5_14 5_15 6_14 6_15 7_15 8_15 8_16 9_14,11_16 2_17 3_12 3_16 3_9 4_15 6_2 6_7 7_14 7_16 7_6 7_7 8_17 9_4,0.818182,0.538462,0.379310,0.379310,0.904762,0.538462,,0.379310,0.025641,0.818182
2025-08-31,B3: DoY season,23,0.260870,0.300000,3_10 4_10 4_9 5_9 7_16 7_8,3_13 3_14 4_11 4_8 5_13 5_8 6_14 6_15 8_15 8_16 8_8 8_9 9_14 9_16,11_16 2_17 3_12 3_16 3_9 4_15 6_2 6_7 7_14 7_5 7_6 7_7 8_17 8_3 8_7 9_15 9_4,0.333333,0.538462,0.428571,0.600000,0.428571,0.739130,0.379310,,0.052632,0.379310
2025-08-31,B0: Random,23,0.043478,0.050000,4_9,11_0 11_13 11_4 11_9 12_12 12_16 1_5 2_0 2_12 3_18 3_5 3_8 4_17 5_5 5_8 6_10 6_5 9_17 9_3,11_16 2_17 3_10 3_12 3_16 3_9 4_10 4_15 5_9 6_2 6_7 7_14 7_16 7_5 7_6 7_7 7_8 8_17 8_3 8_7 9_15 9_4,0.025641,0.052632,0.025641,0.052632,0.025641,0.052632,0.025641,0.052632,,0.025641
2025-09-01,GLM-Logit,13,0.538462,0.350000,4_9 5_9 6_14 6_15 7_5 7_8 9_16,10_15 3_10 3_11 4_10 5_14 5_15 6_7 7_15 8_15 8_16 8_7 9_14 9_15,10_16 6_5 7_16 8_3 8_8 9_10,0.904762,0.666667,0.481481,0.176471,0.904762,0.538462,0.818182,0.428571,0.052632,
2025-09-01,HierBayes,13,0.461538,0.300000,4_9 5_9 6_14 6_15 7_5 7_8,10_14 10_15 3_10 3_11 4_10 5_14 5_15 6_7 7_15 8_15 8_16 8_7 9_14 9_15,10_16 6_5 7_16 8_3 8_8 9_10 9_16,,0.600000,0.428571,0.212121,0.904762,0.481481,0.904762,0.379310,0.052632,0.904762
2025-09-01,B1: Static prior,13,0.538462,0.350000,4_9 5_9 6_14 6_15 7_16 7_8 9_16,3_10 3_11 3_14 4_10 4_8 5_14 5_15 5_8 6_7 7_15 8_15 9_14 9_15,10_16 6_5 7_5 8_3 8_8 9_10,0.600000,,0.666667,0.250000,0.600000,0.739130,0.538462,0.538462,0.081081,0.666667
2025-09-01,TTM,13,0.538462,0.350000,4_9 5_9 6_15 7_16 7_8 8_8 9_16,3_10 3_14 4_10 5_14 5_8 6_3 6_4 6_7 7_15 8_15 8_6 9_14 9_15,10_16 6_14 6_5 7_5 8_3 9_10,0.428571,0.666667,,0.250000,0.428571,0.538462,0.379310,0.481481,0.052632,0.481481
2025-09-01,ET,13,0.153846,0.100000,4_9 7_16,10_14 10_17 3_10 3_11 3_14 3_7 4_6 4_7 4_8 5_15 5_4 6_3 6_4 6_7 7_14 7_3 8_16 8_6,10_16 5_9 6_14 6_15 6_5 7_5 7_8 8_3 8_8 9_10 9_16,0.212121,0.250000,0.250000,,0.212121,0.290323,0.212121,0.212121,0.025641,0.176471
2025-09-01,B5: B2+B3,13,0.538462,0.350000,4_9 5_9 6_14 6_15 7_5 7_8 9_16,10_14 10_15 3_10 3_11 4_10 5_15 6_7 7_15 8_15 8_16 8_7 9_14 9_15,10_16 6_5 7_16 8_3 8_8 9_10,0.904762,0.600000,0.428571,0.212121,,0.538462,0.818182,0.428571,0.025641,0.904762
2025-09-01,B4: B1+B3,13,0.615385,0.400000,4_9 5_9 6_14 6_15 7_16 7_8 8_8 9_16,3_10 3_11 3_14 3_7 4_10 4_8 5_15 5_8 8_15 8_16 9_14 9_15,10_16 6_5 7_5 8_3 9_10,0.481481,0.739130,0.538462,0.290323,0.538462,,0.428571,0.739130,0.052632,0.538462
2025-09-01,B2: Recent MA,13,0.461538,0.300000,4_9 5_9 6_14 7_5 7_8 8_3,10_14 10_15 3_10 3_11 4_10 5_14 5_15 6_7 7_15 8_15 8_16 8_7 9_14 9_15,10_16 6_15 6_5 7_16 8_8 9_10 9_16,0.904762,0.538462,0.379310,0.212121,0.818182,0.428571,,0.333333,0.052632,0.818182
2025-09-01,B3: DoY season,13,0.615385,0.400000,4_9 5_9 6_14 6_15 7_16 7_8 8_8 9_16,3_10 3_13 3_14 3_7 4_10 5_13 5_15 5_8 8_15 8_16 8_9 9_14,10_16 6_5 7_5 8_3 9_10,0.379310,0.538462,0.481481,0.212121,0.428571,0.739130,0.333333,,0.052632,0.428571
2025-09-01,B0: Random,13,0.000000,0.000000,,0_0 0_10 0_19 12_13 12_18 12_19 12_5 1_13 2_13 2_19 3_9 4_0 4_10 4_15 4_8 5_13 5_14 7_0 7_9 8_10,10_16 4_9 5_9 6_14 6_15 6_5 7_16 7_5 7_8 8_3 8_8 9_10 9_16,0.052632,0.081081,0.052632,0.025641,0.025641,0.052632,0.052632,0.052632,,0.052632
2025-09-02,GLM-Logit,9,0.444444,0.200000,4_10 6_15 9_14 9_16,10_15 3_10 3_11 4_9 5_14 5_15 5_9 6_14 6_7 7_15 7_5 7_8 8_15 8_16 8_7 9_15,2_3 3_16 5_8 7_14 7_7,0.904762,0.666667,0.481481,0.176471,0.739130,0.481481,0.904762,0.379310,0.081081,
2025-09-02,HierBayes,9,0.444444,0.200000,4_10 6_15 9_14 9_16,10_14 10_15 3_10 3_11 4_9 5_15 5_9 6_14 6_7 7_15 7_5 7_8 8_15 8_16 8_7 9_15,2_3 3_16 5_8 7_14 7_7,,0.600000,0.428571,0.212121,0.818182,0.481481,0.904762,0.379310,0.081081,0.904762
2025-09-02,B1: Static prior,9,0.555556,0.250000,4_10 5_8 6_15 9_14 9_16,3_10 3_11 3_14 4_8 4_9 5_14 5_15 5_9 6_14 6_7 7_15 7_16 7_8 8_15 9_15,2_3 3_16 7_14 7_7,0.600000,,0.600000,0.250000,0.600000,0.666667,0.600000,0.538462,0.052632,0.666667
2025-09-02,TTM,9,0.555556,0.250000,4_10 5_8 6_15 9_14 9_16,3_10 3_14 4_9 5_14 5_9 6_14 6_3 6_4 6_7 7_15 7_16 8_16 8_6 8_8 9_15,2_3 3_16 7_14 7_7,0.428571,0.600000,,0.290323,0.428571,0.481481,0.428571,0.428571,0.025641,0.481481
2025-09-02,ET,9,0.111111,0.050000,7_14,10_14 10_17 3_10 3_11 3_14 3_7 4_6 4_7 4_8 4_9 5_15 5_4 6_3 6_4 6_7 7_16 7_3 8_16 8_6,2_3 3_16 4_10 5_8 6_15 7_7 9_14 9_16,0.212121,0.250000,0.290323,,0.212121,0.250000,0.176471,0.250000,0.052632,0.176471
2025-09-02,B5: B2+B3,9,0.444444,0.200000,4_10 5_8 6_15 9_14,10_14 10_15 3_10 3_11 4_9 5_15 5_9 6_14 7_15 7_16 7_5 7_8 8_15 8_16 8_7 9_15,2_3 3_16 7_14 7_7 9_16,0.818182,0.600000,0.428571,0.212121,,0.600000,0.739130,0.481481,0.081081,0.739130
2025-09-02,B4: B1+B3,9,0.444444,0.200000,4_10 5_8 6_15 9_14,3_10 3_11 3_13 3_14 4_8 4_9 5_13 5_15 5_9 6_14 7_16 7_8 8_15 8_16 8_8 9_15,2_3 3_16 7_14 7_7 9_16,0.481481,0.666667,0.481481,0.250000,0.600000,,0.481481,0.739130,0.052632,0.481481
2025-09-02,B2: Recent MA,9,0.444444,0.200000,4_10 6_15 9_14 9_16,10_15 3_10 3_11 4_9 5_15 5_9 6_14 6_7 7_15 7_5 7_8 8_15 8_16 8_3 8_7 9_15,2_3 3_16 5_8 7_14 7_7,0.904762,0.600000,0.428571,0.176471,0.739130,0.481481,,0.379310,0.081081,0.904762
2025-09-02,B3: DoY season,9,0.444444,0.200000,4_10 5_8 6_15 9_14,3_10 3_11 3_14 3_7 4_11 4_8 4_9 5_13 5_9 6_14 7_16 7_8 8_15 8_16 8_8 8_9,2_3 3_16 7_14 7_7 9_16,0.379310,0.538462,0.428571,0.250000,0.481481,0.739130,0.379310,,0.052632,0.379310
2025-09-02,B0: Random,9,0.111111,0.050000,6_15,0_16 10_0 10_10 10_19 10_5 10_9 11_4 11_6 1_10 1_9 2_9 3_11 3_2 5_4 5_6 6_6 7_5 8_0 8_11,2_3 3_16 4_10 5_8 7_14 7_7 9_14 9_16,0.081081,0.052632,0.025641,0.052632,0.081081,0.052632,0.081081,0.052632,,0.081081
2025-09-03,GLM-Logit,27,0.296296,0.400000,3_11 4_9 5_15 5_9 6_7 8_15 9_15 9_16,10_15 3_10 4_10 5_14 5_8 6_14 6_15 7_15 7_5 7_8 8_16 9_14,10_16 3_16 3_9 4_12 5_12 5_13 5_3 5_5 5_7 6_12 6_13 6_16 6_6 7_7 8_3 8_4 8_7 9_10 9_4,0.818182,0.739130,0.538462,0.176471,0.818182,0.600000,0.739130,0.481481,0.025641,
2025-09-03,HierBayes,27,0.333333,0.450000,3_11 4_9 5_15 5_9 6_7 8_15 8_7 9_15 9_16,10_14 10_15 3_10 4_10 6_14 6_15 7_15 7_5 7_8 8_16 9_14,10_16 3_16 3_9 4_12 5_12 5_13 5_3 5_5 5_7 6_12 6_13 6_16 6_6 7_7 8_3 8_4 9_10 9_4,,0.600000,0.428571,0.212121,0.818182,0.538462,0.818182,0.428571,0.052632,0.818182
2025-09-03,B1: Static prior,27,0.296296,0.400000,3_11 4_9 5_15 5_9 6_7 8_15 9_15 9_16,3_10 3_14 4_10 4_8 5_14 5_8 6_14 6_15 7_15 7_16 7_8 9_14,10_16 3_16 3_9 4_12 5_12 5_13 5_3 5_5 5_7 6_12 6_13 6_16 6_6 7_7 8_3 8_4 8_7 9_10 9_4,0.600000,,0.600000,0.250000,0.600000,0.739130,0.538462,0.538462,0.000000,0.739130
2025-09-03,TTM,27,0.259259,0.350000,3_11 3_9 4_9 5_9 6_7 9_15 9_16,3_10 3_14 4_10 5_14 5_8 6_15 6_3 6_4 7_15 7_16 8_16 8_8 9_14,10_16 3_16 4_12 5_12 5_13 5_15 5_3 5_5 5_7 6_12 6_13 6_16 6_6 7_7 8_15 8_3 8_4 8_7 9_10 9_4,0.428571,0.600000,,0.290323,0.428571,0.538462,0.379310,0.428571,0.000000,0.538462
2025-09-03,ET,27,0.148148,0.200000,3_11 4_9 5_15 6_7,10_14 10_17 3_10 3_14 3_7 4_6 4_7 4_8 5_4 6_3 6_4 7_14 7_16 7_3 8_16 8_6,10_16 3_16 3_9 4_12 5_12 5_13 5_3 5_5 5_7 5_9 6_12 6_13 6_16 6_6 7_7 8_15 8_3 8_4 8_7 9_10 9_15 9_16 9_4,0.212121,0.250000,0.290323,,0.142857,0.250000,0.142857,0.250000,0.025641,0.176471
2025-09-03,B5: B2+B3,27,0.333333,0.450000,3_11 4_9 5_15 5_9 8_15 8_7 9_10 9_15 9_16,10_15 3_10 4_10 5_8 6_14 6_15 7_15 7_5 7_8 8_16 9_14,10_16 3_16 3_9 4_12 5_12 5_13 5_3 5_5 5_7 6_12 6_13 6_16 6_6 6_7 7_7 8_3 8_4 9_4,0.818182,0.600000,0.428571,0.142857,,0.600000,0.904762,0.481481,0.052632,0.818182
2025-09-03,B4: B1+B3,27,0.259259,0.350000,3_11 4_9 5_15 5_9 8_15 9_15 9_16,3_10 3_13 3_14 4_10 4_8 5_8 6_14 6_15 7_16 7_8 8_16 8_8 9_14,10_16 3_16 3_9 4_12 5_12 5_13 5_3 5_5 5_7 6_12 6_13 6_16 6_6 6_7 7_7 8_3 8_4 8_7 9_10 9_4,0.538462,0.739130,0.538462,0.250000,0.600000,,0.538462,0.739130,0.000000,0.600000
2025-09-03,B2: Recent MA,27,0.370370,0.500000,3_11 4_9 5_15 5_9 8_15 8_3 8_7 9_10 9_15 9_16,10_15 3_10 4_10 6_14 6_15 7_15 7_5 7_8 8_16 9_14,10_16 3_16 3_9 4_12 5_12 5_13 5_3 5_5 5_7 6_12 6_13 6_16 6_6 6_7 7_7 8_4 9_4,0.818182,0.538462,0.379310,0.142857,0.904762,0.538462,,0.428571,0.052632,0.739130
2025-09-03,B3: DoY season,27,0.222222,0.300000,3_11 4_9 5_13 5_15 5_9 8_15,3_10 3_13 3_14 3_7 4_10 5_8 6_14 6_15 7_16 7_8 8_16 8_8 8_9 9_14,10_16 3_16 3_9 4_12 5_12 5_3 5_5 5_7 6_12 6_13 6_16 6_6 6_7 7_7 8_3 8_4 8_7 9_10 9_15 9_16 9_4,0.428571,0.538462,0.428571,0.250000,0.481481,0.739130,0.428571,,0.025641,0.481481
2025-09-03,B0: Random,27,0.185185,0.250000,4_12 5_13 5_5 7_7 8_7,10_0 10_15 10_17 10_18 11_13 11_8 12_2 2_5 3_17 4_17 4_3 4_4 6_18 7_1 7_2,10_16 3_11 3_16 3_9 4_9 5_12 5_15 5_3 5_7 5_9 6_12 6_13 6_16 6_6 6_7 8_15 8_3 8_4 9_10 9_15 9_16 9_4,0.052632,0.000000,0.000000,0.025641,0.052632,0.000000,0.052632,0.025641,,0.025641
2025-09-04,GLM-Logit,23,0.304348,0.350000,4_9 5_9 6_15 7_8 8_16 8_7 9_16,10_15 3_10 3_11 4_10 5_15 5_8 6_14 6_7 7_15 7_5 8_15 9_14 9_15,10_14 10_16 1_11 2_17 2_4 3_16 4_15 4_6 4_8 5_14 6_2 6_9 7_6 7_7 9_10 9_9,0.818182,0.666667,0.538462,0.176471,0.904762,0.666667,0.818182,0.481481,0.025641,
2025-09-04,HierBayes,23,0.391304,0.450000,3_16 4_9 5_9 6_15 7_8 8_16 8_7 9_10 9_16,10_15 3_10 3_11 4_10 5_15 6_14 7_15 7_5 8_15 9_14 9_15,10_14 10_16 1_11 2_17 2_4 4_15 4_6 4_8 5_14 6_2 6_9 7_6 7_7 9_9,,0.538462,0.428571,0.142857,0.904762,0.538462,0.904762,0.428571,0.025641,0.818182
2025-09-04,B1: Static prior,23,0.304348,0.350000,4_8 4_9 5_14 5_9 6_15 7_8 9_16,3_10 3_11 3_14 4_10 5_15 5_8 6_14 6_7 7_15 7_16 8_15 9_14 9_15,10_14 10_16 1_11 2_17 2_4 3_16 4_15 4_6 6_2 6_9 7_6 7_7 8_16 8_7 9_10 9_9,0.538462,,0.538462,0.250000,0.600000,0.739130,0.538462,0.538462,0.052632,0.666667
2025-09-04,TTM,23,0.260870,0.300000,4_9 5_9 6_15 7_8 8_16 9_16,3_14 3_9 4_10 5_15 5_8 6_4 6_7 7_16 7_3 7_5 8_15 8_8 9_14 9_15,10_14 10_16 1_11 2_17 2_4 3_16 4_15 4_6 4_8 5_14 6_2 6_9 7_6 7_7 8_7 9_10 9_9,0.428571,0.538462,,0.250000,0.481481,0.666667,0.428571,0.538462,0.025641,0.538462
2025-09-04,ET,23,0.217391,0.250000,10_14 4_6 4_8 4_9 8_16,10_17 3_10 3_11 3_14 3_7 4_7 5_15 5_4 6_3 6_4 6_7 7_14 7_16 7_3 8_6,10_16 1_11 2_17 2_4 3_16 4_15 5_14 5_9 6_15 6_2 6_9 7_6 7_7 7_8 8_7 9_10 9_16 9_9,0.142857,0.250000,0.250000,,0.142857,0.250000,0.142857,0.212121,0.111111,0.176471
2025-09-04,B5: B2+B3,23,0.347826,0.400000,4_9 5_9 6_15 7_8 8_16 8_7 9_10 9_16,10_15 3_10 3_11 4_10 5_15 5_8 6_14 7_15 7_5 8_15 9_14 9_15,10_14 10_16 1_11 2_17 2_4 3_16 4_15 4_6 4_8 5_14 6_2 6_9 7_6 7_7 9_9,0.904762,0.600000,0.481481,0.142857,,0.600000,0.904762,0.481481,0.025641,0.904762
2025-09-04,B4: B1+B3,23,0.260870,0.300000,4_9 5_9 6_15 7_8 8_16 9_16,3_10 3_11 3_13 3_14 4_10 5_15 5_8 6_14 6_7 7_16 8_15 8_8 9_14 9_15,10_14 10_16 1_11 2_17 2_4 3_16 4_15 4_6 4_8 5_14 6_2 6_9 7_6 7_7 8_7 9_10 9_9,0.538462,0.739130,0.666667,0.250000,0.600000,,0.538462,0.739130,0.025641,0.666667
2025-09-04,B2: Recent MA,23,0.347826,0.400000,4_9 5_9 6_15 7_8 8_16 8_7 9_10 9_16,10_15 3_10 3_11 4_10 5_15 6_14 7_15 7_5 8_15 8_3 9_14 9_15,10_14 10_16 1_11 2_17 2_4 3_16 4_15 4_6 4_8 5_14 6_2 6_9 7_6 7_7 9_9,0.904762,0.538462,0.428571,0.142857,0.904762,0.538462,,0.428571,0.025641,0.818182
2025-09-04,B3: DoY season,23,0.217391,0.250000,4_9 5_9 6_15 7_8 8_16,3_10 3_11 3_13 3_14 3_9 4_10 5_15 5_8 6_13 6_14 7_16 8_15 8_8 8_9 9_14,10_14 10_16 1_11 2_17 2_4 3_16 4_15 4_6 4_8 5_14 6_2 6_9 7_6 7_7 8_7 9_10 9_16 9_9,0.428571,0.538462,0.538462,0.212121,0.481481,0.739130,0.428571,,0.000000,0.481481
2025-09-04,B0: Random,23,0.130435,0.150000,10_14 5_14 9_16,0_11 10_17 11_15 12_11 12_12 12_4 2_0 2_14 4_4 4_7 6_0 6_1 6_12 7_19 8_4 8_6 9_3,10_16 1_11 2_17 2_4 3_16 4_15 4_6 4_8 4_9 5_9 6_15 6_2 6_9 7_6 7_7 7_8 8_16 8_7 9_10 9_9,0.025641,0.052632,0.025641,0.111111,0.025641,0.025641,0.025641,0.000000,,0.025641
2025-09-05,GLM-Logit,14,0.285714,0.200000,5_9 7_15 7_8 8_7,10_15 3_10 3_11 4_10 4_9 5_14 5_15 6_14 6_15 6_7 7_5 8_15 8_16 9_14 9_15 9_16,3_13 3_16 3_7 3_9 6_17 8_13 8_14 8_3 8_6 9_3,0.739130,0.666667,0.481481,0.176471,0.818182,0.481481,0.739130,0.428571,0.052632,
2025-09-05,HierBayes,14,0.357143,0.250000,3_16 5_9 7_15 7_8 8_7,10_14 10_15 3_10 3_11 4_10 4_9 6_14 6_15 7_5 8_15 8_16 9_10 9_14 9_15 9_16,3_13 3_7 3_9 6_17 8_13 8_14 8_3 8_6 9_3,,0.481481,0.428571,0.142857,0.818182,0.428571,0.818182,0.379310,0.052632,0.739130
2025-09-05,B1: Static prior,14,0.214286,0.150000,5_9 7_15 7_8,3_10 3_11 3_14 4_10 4_8 4_9 5_14 5_15 5_8 6_14 6_15 6_7 7_16 8_15 9_14 9_15 9_16,3_13 3_16 3_7 3_9 6_17 8_13 8_14 8_3 8_6 8_7 9_3,0.481481,,0.600000,0.250000,0.600000,0.600000,0.481481,0.538462,0.081081,0.666667
2025-09-05,TTM,14,0.285714,0.200000,3_9 5_9 7_15 7_8,3_10 3_14 4_10 4_9 5_8 6_15 6_4 6_7 7_16 7_3 7_5 8_15 8_8 9_14 9_15 9_16,3_13 3_16 3_7 6_17 8_13 8_14 8_3 8_6 8_7 9_3,0.428571,0.600000,,0.212121,0.481481,0.538462,0.379310,0.481481,0.052632,0.481481
2025-09-05,ET,14,0.142857,0.100000,3_7 8_6,10_14 10_17 3_10 3_11 3_14 4_6 4_7 4_8 4_9 5_15 5_4 6_3 6_4 6_7 7_14 7_16 7_3 8_16,3_13 3_16 3_9 5_9 6_17 7_15 7_8 8_13 8_14 8_3 8_7 9_3,0.142857,0.250000,0.212121,,0.142857,0.212121,0.111111,0.250000,0.025641,0.176471
2025-09-05,B5: B2+B3,14,0.285714,0.200000,5_9 7_15 7_8 8_7,10_15 3_10 3_11 4_10 4_9 5_15 5_8 6_14 6_15 7_5 8_15 8_16 9_10 9_14 9_15 9_16,3_13 3_16 3_7 3_9 6_17 8_13 8_14 8_3 8_6 9_3,0.818182,0.600000,0.481481,0.142857,,0.538462,0.818182,0.481481,0.052632,0.818182
2025-09-05,B4: B1+B3,14,0.285714,0.200000,3_13 3_9 5_9 7_8,3_10 3_11 3_14 4_10 4_9 5_15 5_8 6_14 6_15 7_16 8_15 8_16 8_8 8_9 9_14 9_15,3_16 3_7 6_17 7_15 8_13 8_14 8_3 8_6 8_7 9_3,0.428571,0.600000,0.538462,0.212121,0.538462,,0.428571,0.904762,0.052632,0.481481
2025-09-05,B2: Recent MA,14,0.428571,0.300000,3_16 5_9 7_15 7_8 8_3 8_7,10_15 3_11 4_10 4_9 5_15 6_14 6_15 7_5 8_15 8_16 9_10 9_14 9_15 9_16,3_13 3_7 3_9 6_17 8_13 8_14 8_6 9_3,0.818182,0.481481,0.379310,0.111111,0.818182,0.428571,,0.379310,0.052632,0.739130
2025-09-05,B3: DoY season,14,0.357143,0.250000,3_13 3_7 3_9 5_9 7_8,3_10 3_11 3_14 4_10 4_9 5_15 5_8 6_14 6_15 7_16 8_15 8_16 8_8 8_9 9_14,3_16 6_17 7_15 8_13 8_14 8_3 8_6 8_7 9_3,0.379310,0.538462,0.481481,0.250000,0.481481,0.904762,0.379310,,0.052632,0.428571
2025-09-05,B0: Random,14,0.071429,0.050000,7_8,0_13 0_17 11_12 11_3 12_6 1_17 2_5 2_8 4_13 4_5 4_8 5_10 5_16 6_18 7_12 8_19 8_5 9_14 9_2,3_13 3_16 3_7 3_9 5_9 6_17 7_15 8_13 8_14 8_3 8_6 8_7 9_3,0.052632,0.081081,0.052632,0.025641,0.052632,0.052632,0.052632,0.052632,,0.052632
2025-09-06,GLM-Logit,16,0.750000,0.600000,3_16 4_10 4_9 5_9 7_15 7_5 7_8 8_15 8_16 8_7 9_14 9_16,10_15 3_11 5_14 5_15 6_14 6_15 6_7 9_15,5_8 6_2 7_9 8_17,0.739130,0.600000,0.379310,0.142857,0.739130,0.481481,0.739130,0.333333,0.025641,
2025-09-06,HierBayes,16,0.750000,0.600000,3_16 4_10 4_9 5_9 7_15 7_5 7_8 8_15 8_16 8_7 9_14 9_16,10_14 10_15 3_11 3_9 5_15 6_14 9_10 9_15,5_8 6_2 7_9 8_17,,0.428571,0.290323,0.142857,0.818182,0.481481,0.904762,0.379310,0.052632,0.739130
2025-09-06,B1: Static prior,16,0.562500,0.450000,4_10 4_9 5_8 5_9 7_15 7_8 8_15 9_14 9_16,3_10 3_11 3_14 4_8 5_14 5_15 6_14 6_15 6_7 7_16 9_15,3_16 6_2 7_5 7_9 8_16 8_17 8_7,0.428571,,0.600000,0.250000,0.538462,0.666667,0.428571,0.481481,0.000000,0.600000
2025-09-06,TTM,16,0.500000,0.400000,4_10 4_9 5_8 5_9 7_5 7_8 9_14 9_16,3_10 3_14 3_9 4_8 5_14 6_15 6_3 6_4 6_7 7_16 8_8 9_15,3_16 6_2 7_15 7_9 8_15 8_16 8_17 8_7,0.290323,0.600000,,0.250000,0.379310,0.481481,0.250000,0.428571,0.025641,0.379310
2025-09-06,ET,16,0.125000,0.100000,4_9 8_16,10_14 10_17 3_10 3_11 3_14 3_7 4_6 4_7 4_8 5_15 5_4 6_3 6_4 6_7 7_14 7_16 7_3 8_6,3_16 4_10 5_8 5_9 6_2 7_15 7_5 7_8 7_9 8_15 8_17 8_7 9_14 9_16,0.142857,0.250000,0.250000,,0.111111,0.212121,0.142857,0.176471,0.025641,0.142857
2025-09-06,B5: B2+B3,16,0.750000,0.600000,4_10 4_9 5_8 5_9 7_15 7_5 7_8 8_15 8_16 8_7 9_14 9_16,10_15 3_11 3_9 5_15 6_14 6_15 9_10 9_15,3_16 6_2 7_9 8_17,0.818182,0.538462,0.379310,0.111111,,0.600000,0.739130,0.481481,0.052632,0.739130
2025-09-06,B4: B1+B3,16,0.562500,0.450000,4_10 4_9 5_8 5_9 7_15 7_8 8_15 8_16 9_14,3_10 3_11 3_14 3_9 5_15 6_14 6_15 7_16 8_8 8_9 9_15,3_16 6_2 7_5 7_9 8_17 8_7 9_16,0.481481,0.666667,0.481481,0.212121,0.600000,,0.428571,0.739130,0.025641,0.481481
2025-09-06,B2: Recent MA,16,0.750000,0.600000,3_16 4_10 4_9 5_9 7_15 7_5 7_8 8_15 8_16 8_7 9_14 9_16,10_14 10_15 3_11 5_15 6_14 8_3 9_10 9_15,5_8 6_2 7_9 8_17,0.904762,0.428571,0.250000,0.142857,0.739130,0.428571,,0.333333,0.052632,0.739130
2025-09-06,B3: DoY season,16,0.500000,0.400000,4_10 4_9 5_8 5_9 7_8 8_15 8_16 9_14,3_10 3_11 3_14 3_9 6_13 6_14 6_15 7_16 8_8 8_9 9_10 9_9,3_16 6_2 7_15 7_5 7_9 8_17 8_7 9_16,0.379310,0.481481,0.428571,0.176471,0.481481,0.739130,0.333333,,0.052632,0.333333
2025-09-06,B0: Random,16,0.062500,0.050000,7_9,0_13 10_15 10_4 10_9 11_0 11_5 1_16 2_12 2_2 2_8 3_6 3_7 3_8 3_9 5_2 8_11 8_13 8_3 9_9,3_16 4_10 4_9 5_8 5_9 6_2 7_15 7_5 7_8 8_15 8_16 8_17 8_7 9_14 9_16,0.052632,0.000000,0.025641,0.025641,0.052632,0.025641,0.052632,0.052632,,0.025641
2025-09-07,GLM-Logit,16,0.437500,0.350000,10_15 4_10 4_9 5_9 7_8 9_14 9_16,3_11 3_16 3_9 5_15 5_8 6_14 6_15 7_15 7_5 8_15 8_16 8_7 9_15,10_16 3_6 3_8 4_16 5_16 7_16 7_7 8_6 9_13,0.818182,0.538462,0.428571,0.111111,0.904762,0.600000,0.739130,0.481481,0.081081,
2025-09-07,HierBayes,16,0.437500,0.350000,10_15 4_10 4_9 5_9 7_8 9_14 9_16,10_14 3_11 3_16 3_9 5_8 6_14 7_15 7_5 8_15 8_16 8_7 9_10 9_15,10_16 3_6 3_8 4_16 5_16 7_16 7_7 8_6 9_13,,0.428571,0.333333,0.111111,0.818182,0.481481,0.818182,0.428571,0.081081,0.818182
2025-09-07,B1: Static prior,16,0.437500,0.350000,4_10 4_9 5_9 7_16 7_8 9_14 9_16,3_10 3_11 3_14 4_8 5_14 5_15 5_8 6_14 6_15 6_7 7_15 8_15 9_15,10_15 10_16 3_6 3_8 4_16 5_16 7_7 8_6 9_13,0.428571,,0.600000,0.250000,0.538462,0.600000,0.428571,0.481481,0.081081,0.538462
2025-09-07,TTM,16,0.437500,0.350000,4_10 4_9 5_9 7_16 7_8 9_14 9_16,3_10 3_11 3_14 3_7 3_9 5_15 5_8 6_15 6_3 6_4 6_7 8_8 9_15,10_15 10_16 3_6 3_8 4_16 5_16 7_7 8_6 9_13,0.333333,0.600000,,0.333333,0.379310,0.538462,0.290323,0.481481,0.081081,0.428571
2025-09-07,ET,16,0.187500,0.150000,4_9 7_16 8_6,10_14 10_17 3_10 3_11 3_14 3_7 4_6 4_7 4_8 5_15 5_4 6_3 6_4 6_7 7_14 7_3 8_16,10_15 10_16 3_6 3_8 4_10 4_16 5_16 5_9 7_7 7_8 9_13 9_14 9_16,0.111111,0.250000,0.333333,,0.111111,0.176471,0.142857,0.176471,0.000000,0.111111
2025-09-07,B5: B2+B3,16,0.437500,0.350000,10_15 4_10 4_9 5_9 7_8 9_14 9_16,3_11 3_16 5_15 5_8 6_14 6_15 7_15 7_5 8_15 8_16 8_7 9_10 9_15,10_16 3_6 3_8 4_16 5_16 7_16 7_7 8_6 9_13,0.818182,0.538462,0.379310,0.111111,,0.538462,0.818182,0.481481,0.081081,0.904762
2025-09-07,B4: B1+B3,16,0.375000,0.300000,4_10 4_9 5_9 7_16 7_8 9_14,3_10 3_11 3_9 5_15 5_8 6_13 6_14 6_15 7_15 8_15 8_16 8_8 8_9 9_15,10_15 10_16 3_6 3_8 4_16 5_16 7_7 8_6 9_13 9_16,0.481481,0.600000,0.538462,0.176471,0.538462,,0.428571,0.818182,0.052632,0.600000
2025-09-07,B2: Recent MA,16,0.437500,0.350000,10_15 4_10 4_9 5_9 7_8 9_14 9_16,10_14 3_11 3_16 5_15 6_14 7_15 7_5 8_15 8_16 8_3 8_7 9_10 9_15,10_16 3_6 3_8 4_16 5_16 7_16 7_7 8_6 9_13,0.818182,0.428571,0.290323,0.142857,0.818182,0.428571,,0.379310,0.052632,0.739130
2025-09-07,B3: DoY season,16,0.375000,0.300000,4_10 4_9 5_9 7_16 7_8 9_14,3_10 3_11 3_9 5_15 5_8 6_13 6_14 6_15 8_15 8_16 8_8 8_9 9_10 9_9,10_15 10_16 3_6 3_8 4_16 5_16 7_7 8_6 9_13 9_16,0.428571,0.481481,0.481481,0.176471,0.481481,0.818182,0.379310,,0.052632,0.481481
2025-09-07,B0: Random,16,0.125000,0.100000,9_14 9_16,0_2 0_3 0_6 10_0 11_4 11_8 12_2 1_15 3_19 4_1 4_18 5_5 5_8 6_0 6_1 6_12 7_0 9_2,10_15 10_16 3_6 3_8 4_10 4_16 4_9 5_16 5_9 7_16 7_7 7_8 8_6 9_13,0.081081,0.081081,0.081081,0.000000,0.081081,0.052632,0.052632,0.052632,,0.081081
2025-09-08,GLM-Logit,18,0.388889,0.350000,4_10 5_9 6_14 6_15 7_8 9_14 9_16,10_15 3_11 3_16 4_9 5_15 5_8 7_15 7_16 7_5 8_15 8_16 8_7 9_15,10_16 3_10 3_15 4_13 6_3 6_5 7_3 7_7 8_6 8_8 9_17,0.739130,0.600000,0.379310,0.142857,0.904762,0.600000,0.739130,0.428571,0.052632,
2025-09-08,HierBayes,18,0.333333,0.300000,4_10 5_9 6_14 7_8 9_14 9_16,10_14 10_15 3_11 3_16 3_9 4_9 5_8 7_15 7_16 7_5 8_15 8_7 9_10 9_15,10_16 3_10 3_15 4_13 6_15 6_3 6_5 7_3 7_7 8_6 8_8 9_17,,0.481481,0.333333,0.111111,0.818182,0.481481,0.818182,0.428571,0.052632,0.739130
2025-09-08,B1: Static prior,18,0.444444,0.400000,3_10 4_10 5_9 6_14 6_15 7_8 9_14 9_16,3_11 3_14 4_8 4_9 5_14 5_15 5_8 6_7 7_15 7_16 8_15 9_15,10_16 3_15 4_13 6_3 6_5 7_3 7_7 8_6 8_8 9_17,0.481481,,0.600000,0.250000,0.538462,0.600000,0.428571,0.428571,0.052632,0.600000
2025-09-08,TTM,18,0.500000,0.450000,3_10 4_10 5_9 6_15 6_3 7_8 8_8 9_14 9_16,3_11 3_12 3_14 3_7 4_8 4_9 5_8 6_4 6_7 8_15 9_15,10_16 3_15 4_13 6_14 6_5 7_3 7_7 8_6 9_17,0.333333,0.600000,,0.290323,0.379310,0.428571,0.333333,0.428571,0.025641,0.379310
2025-09-08,ET,18,0.222222,0.200000,3_10 6_3 7_3 8_6,10_14 10_17 3_11 3_14 3_7 4_6 4_7 4_8 4_9 5_15 5_4 6_4 6_7 7_14 7_16 8_16,10_16 3_15 4_10 4_13 5_9 6_14 6_15 6_5 7_7 7_8 8_8 9_14 9_16 9_17,0.111111,0.250000,0.290323,,0.111111,0.176471,0.111111,0.176471,0.052632,0.142857
2025-09-08,B5: B2+B3,18,0.388889,0.350000,4_10 5_9 6_14 6_15 7_8 9_14 9_16,10_15 3_11 3_16 4_9 5_8 7_15 7_16 7_5 8_15 8_16 8_7 9_10 9_15,10_16 3_10 3_15 4_13 6_3 6_5 7_3 7_7 8_6 8_8 9_17,0.818182,0.538462,0.379310,0.111111,,0.538462,0.818182,0.481481,0.052632,0.904762
2025-09-08,B4: B1+B3,18,0.444444,0.400000,3_10 4_10 5_9 6_14 6_15 7_8 8_8 9_14,3_11 3_9 4_9 5_15 5_8 6_13 7_15 7_16 8_15 8_16 8_9 9_15,10_16 3_15 4_13 6_3 6_5 7_3 7_7 8_6 9_16 9_17,0.481481,0.600000,0.428571,0.176471,0.538462,,0.428571,0.739130,0.052632,0.600000
2025-09-08,B2: Recent MA,18,0.333333,0.300000,4_10 5_9 6_14 7_8 9_14 9_16,10_14 10_15 3_11 3_16 4_9 5_8 7_15 7_5 8_15 8_16 8_3 8_7 9_10 9_15,10_16 3_10 3_15 4_13 6_15 6_3 6_5 7_3 7_7 8_6 8_8 9_17,0.818182,0.428571,0.333333,0.111111,0.818182,0.428571,,0.379310,0.052632,0.739130
2025-09-08,B3: DoY season,18,0.444444,0.400000,3_10 4_10 5_9 6_14 6_15 7_8 8_8 9_14,3_11 3_13 3_7 3_9 4_9 5_8 6_13 7_16 8_15 8_16 8_9 9_10,10_16 3_15 4_13 6_3 6_5 7_3 7_7 8_6 9_16 9_17,0.428571,0.428571,0.428571,0.176471,0.481481,0.739130,0.379310,,0.025641,0.428571
2025-09-08,B0: Random,18,0.055556,0.050000,3_15,0_14 0_17 0_5 10_17 11_12 11_15 11_8 1_2 1_4 2_13 2_4 4_18 4_9 5_16 6_17 7_15 8_2 8_4 9_1,10_16 3_10 4_10 4_13 5_9 6_14 6_15 6_3 6_5 7_3 7_7 7_8 8_6 8_8 9_14 9_16 9_17,0.052632,0.052632,0.025641,0.052632,0.052632,0.052632,0.052632,0.025641,,0.052632
2025-09-09,GLM-Logit,22,0.409091,0.450000,4_10 5_15 5_9 7_15 7_8 8_15 8_16 9_14 9_15,10_15 3_11 3_16 4_9 5_8 6_14 6_15 7_16 7_5 8_7 9_16,0_12 4_11 4_3 4_8 5_14 6_4 6_5 6_7 6_8 8_4 8_8 9_13 9_4,0.739130,0.600000,0.379310,0.142857,0.818182,0.600000,0.739130,0.428571,0.052632,
2025-09-09,HierBayes,22,0.363636,0.400000,4_10 5_9 7_15 7_8 8_15 8_16 9_14 9_15,10_14 10_15 3_11 3_16 3_9 4_9 6_14 7_16 7_5 8_7 9_10 9_16,0_12 4_11 4_3 4_8 5_14 5_15 6_4 6_5 6_7 6_8 8_4 8_8 9_13 9_4,,0.428571,0.333333,0.142857,0.818182,0.481481,0.818182,0.428571,0.052632,0.739130
2025-09-09,B1: Static prior,22,0.500000,0.550000,4_10 4_8 5_14 5_15 5_9 6_7 7_15 7_8 8_15 9_14 9_15,3_10 3_11 3_14 4_9 5_8 6_14 6_15 7_16 9_16,0_12 4_11 4_3 6_4 6_5 6_8 8_16 8_4 8_8 9_13 9_4,0.428571,,0.600000,0.250000,0.538462,0.600000,0.428571,0.428571,0.025641,0.600000
2025-09-09,TTM,22,0.500000,0.550000,4_8 5_14 5_9 6_4 6_7 7_8 8_15 8_16 8_8 9_14 9_15,3_10 3_11 3_12 3_14 4_9 6_15 6_3 7_16 9_16,0_12 4_10 4_11 4_3 5_15 6_5 6_8 7_15 8_4 9_13 9_4,0.333333,0.600000,,0.333333,0.379310,0.428571,0.290323,0.379310,0.025641,0.379310
2025-09-09,ET,22,0.227273,0.250000,4_8 5_15 6_4 6_7 8_16,10_14 10_17 3_10 3_11 3_14 3_7 4_6 4_7 4_9 5_4 6_3 7_14 7_16 7_3 8_6,0_12 4_10 4_11 4_3 5_14 5_9 6_5 6_8 7_15 7_8 8_15 8_4 8_8 9_13 9_14 9_15 9_4,0.142857,0.250000,0.333333,,0.111111,0.176471,0.142857,0.176471,0.025641,0.142857
2025-09-09,B5: B2+B3,22,0.363636,0.400000,4_10 5_9 7_15 7_8 8_15 8_16 9_14 9_15,10_15 3_11 3_9 4_9 5_8 6_14 6_15 7_16 7_5 8_7 9_10 9_16,0_12 4_11 4_3 4_8 5_14 5_15 6_4 6_5 6_7 6_8 8_4 8_8 9_13 9_4,0.818182,0.538462,0.379310,0.111111,,0.600000,0.666667,0.538462,0.052632,0.818182
2025-09-09,B4: B1+B3,22,0.454545,0.500000,4_10 5_15 5_9 7_15 7_8 8_15 8_16 8_8 9_14 9_15,3_10 3_11 3_13 3_9 4_9 5_8 6_13 6_14 6_15 7_16,0_12 4_11 4_3 4_8 5_14 6_4 6_5 6_7 6_8 8_4 9_13 9_4,0.481481,0.600000,0.428571,0.176471,0.600000,,0.428571,0.739130,0.052632,0.600000
2025-09-09,B2: Recent MA,22,0.409091,0.450000,4_10 5_15 5_9 7_15 7_8 8_15 8_16 9_14 9_15,10_14 10_15 3_11 3_16 4_9 6_14 7_5 8_3 8_7 9_10 9_16,0_12 4_11 4_3 4_8 5_14 6_4 6_5 6_7 6_8 8_4 8_8 9_13 9_4,0.818182,0.428571,0.290323,0.142857,0.666667,0.428571,,0.333333,0.052632,0.739130
2025-09-09,B3: DoY season,22,0.363636,0.400000,4_10 5_9 7_15 7_8 8_15 8_16 8_8 9_14,3_10 3_11 3_13 3_7 3_9 4_9 5_8 6_13 6_15 7_16 8_9 9_10,0_12 4_11 4_3 4_8 5_14 5_15 6_4 6_5 6_7 6_8 8_4 9_13 9_15 9_4,0.428571,0.428571,0.379310,0.176471,0.538462,0.739130,0.333333,,0.111111,0.428571
2025-09-09,B0: Random,22,0.045455,0.050000,8_15,0_13 0_3 10_15 10_5 10_6 10_8 12_10 12_6 12_8 1_16 2_1 3_13 3_7 4_16 5_10 6_9 7_1 8_9 9_7,0_12 4_10 4_11 4_3 4_8 5_14 5_15 5_9 6_4 6_5 6_7 6_8 7_15 7_8 8_16 8_4 8_8 9_13 9_14 9_15 9_4,0.052632,0.025641,0.025641,0.025641,0.052632,0.052632,0.052632,0.111111,,0.052632
2025-09-10,GLM-Logit,16,0.500000,0.400000,4_10 4_9 5_9 7_15 8_16 9_14 9_15 9_16,10_15 3_11 3_16 3_9 5_15 6_14 6_15 6_7 7_16 7_5 7_8 8_15,10_16 2_12 3_10 3_5 6_3 6_4 7_2 8_17,0.739130,0.600000,0.481481,0.176471,0.666667,0.600000,0.666667,0.428571,0.025641,
2025-09-10,HierBayes,16,0.500000,0.400000,4_10 4_9 5_9 7_15 8_16 9_14 9_15 9_16,10_14 10_15 3_11 3_16 3_9 6_14 7_16 7_5 7_8 8_15 8_7 9_10,10_16 2_12 3_10 3_5 6_3 6_4 7_2 8_17,,0.428571,0.379310,0.142857,0.739130,0.481481,0.818182,0.379310,0.025641,0.739130
2025-09-10,B1: Static prior,16,0.500000,0.400000,3_10 4_10 4_9 5_9 7_15 9_14 9_15 9_16,3_11 3_14 4_8 5_14 5_15 5_8 6_14 6_15 6_7 7_16 7_8 8_15,10_16 2_12 3_5 6_3 6_4 7_2 8_16 8_17,0.428571,,0.600000,0.250000,0.481481,0.538462,0.428571,0.428571,0.025641,0.600000
2025-09-10,TTM,16,0.562500,0.450000,3_10 4_9 5_9 6_3 6_4 8_16 9_14 9_15 9_16,3_11 3_14 5_14 5_8 6_14 6_15 6_7 7_16 7_5 7_8 8_8,10_16 2_12 3_5 4_10 7_15 7_2 8_17,0.379310,0.600000,,0.290323,0.481481,0.481481,0.333333,0.379310,0.052632,0.481481
2025-09-10,ET,16,0.312500,0.250000,3_10 4_9 6_3 6_4 8_16,10_14 10_17 3_11 3_14 3_7 4_6 4_7 4_8 5_15 5_4 6_7 7_14 7_16 7_3 8_6,10_16 2_12 3_5 4_10 5_9 7_15 7_2 8_17 9_14 9_15 9_16,0.142857,0.250000,0.290323,,0.081081,0.212121,0.142857,0.176471,0.000000,0.176471
2025-09-10,B5: B2+B3,16,0.500000,0.400000,4_10 4_9 5_9 7_15 8_16 9_14 9_15 9_16,10_15 3_11 3_9 5_8 6_14 6_15 7_5 7_8 8_15 8_7 8_8 9_10,10_16 2_12 3_10 3_5 6_3 6_4 7_2 8_17,0.739130,0.481481,0.481481,0.081081,,0.600000,0.666667,0.481481,0.025641,0.666667
2025-09-10,B4: B1+B3,16,0.500000,0.400000,3_10 4_10 4_9 5_9 7_15 8_16 9_14 9_15,3_11 3_9 5_15 5_8 6_13 6_15 7_16 7_5 7_8 8_15 8_6 8_8,10_16 2_12 3_5 6_3 6_4 7_2 8_17 9_16,0.481481,0.538462,0.481481,0.212121,0.600000,,0.428571,0.739130,0.025641,0.600000
2025-09-10,B2: Recent MA,16,0.500000,0.400000,4_10 4_9 5_9 7_15 8_16 9_14 9_15 9_16,10_14 10_15 3_11 3_16 5_15 6_14 7_5 7_8 8_15 8_3 8_7 9_10,10_16 2_12 3_10 3_5 6_3 6_4 7_2 8_17,0.818182,0.428571,0.333333,0.142857,0.666667,0.428571,,0.290323,0.025641,0.666667
2025-09-10,B3: DoY season,16,0.375000,0.300000,3_10 4_10 4_9 5_9 7_15 9_14,3_11 3_7 3_9 5_8 6_13 6_15 7_16 7_5 7_8 7_9 8_15 8_6 8_8 8_9,10_16 2_12 3_5 6_3 6_4 7_2 8_16 8_17 9_15 9_16,0.379310,0.428571,0.379310,0.176471,0.481481,0.739130,0.290323,,0.025641,0.428571
2025-09-10,B0: Random,16,0.000000,0.000000,,0_12 0_6 10_4 11_14 11_2 11_5 12_15 1_12 1_16 4_13 5_14 5_19 5_5 5_6 6_12 6_18 7_5 8_14 8_18 9_5,10_16 2_12 3_10 3_5 4_10 4_9 5_9 6_3 6_4 7_15 7_2 8_16 8_17 9_14 9_15 9_16,0.025641,0.025641,0.052632,0.000000,0.025641,0.025641,0.025641,0.025641,,0.025641
2025-09-11,GLM-Logit,15,0.466667,0.350000,3_16 7_15 7_16 8_15 9_14 9_15 9_16,10_15 3_10 3_11 3_9 4_10 4_9 5_9 6_14 6_15 7_5 7_8 8_16 8_7,0_12 2_11 4_15 4_8 7_6 8_8 8_9 9_9,0.818182,0.538462,0.538462,0.142857,0.818182,0.600000,0.818182,0.600000,0.000000,
2025-09-11,HierBayes,15,0.466667,0.350000,3_16 7_15 7_16 8_15 9_14 9_15 9_16,10_14 10_15 3_10 3_9 4_10 4_9 5_9 6_14 7_5 7_8 8_16 8_7 9_10,0_12 2_11 4_15 4_8 7_6 8_8 8_9 9_9,,0.428571,0.428571,0.142857,0.739130,0.481481,0.818182,0.538462,0.000000,0.818182
2025-09-11,B1: Static prior,15,0.466667,0.350000,4_8 7_15 7_16 8_15 9_14 9_15 9_16,3_10 3_11 3_14 4_10 4_9 5_14 5_15 5_8 5_9 6_14 6_15 6_7 7_8,0_12 2_11 3_16 4_15 7_6 8_8 8_9 9_9,0.428571,,0.739130,0.250000,0.538462,0.600000,0.428571,0.481481,0.000000,0.538462
2025-09-11,TTM,15,0.400000,0.300000,7_15 7_16 8_8 9_14 9_15 9_16,3_10 3_11 3_14 4_10 4_9 5_15 5_8 5_9 6_14 6_15 6_4 6_7 7_5 7_8,0_12 2_11 3_16 4_15 4_8 7_6 8_15 8_9 9_9,0.428571,0.739130,,0.250000,0.538462,0.600000,0.428571,0.538462,0.000000,0.538462
2025-09-11,ET,15,0.133333,0.100000,4_8 7_16,10_14 10_17 3_10 3_11 3_14 3_7 4_6 4_7 4_9 5_15 5_4 6_3 6_4 6_7 7_14 7_3 8_16 8_6,0_12 2_11 3_16 4_15 7_15 7_6 8_15 8_8 8_9 9_14 9_15 9_16 9_9,0.142857,0.250000,0.250000,,0.142857,0.176471,0.111111,0.111111,0.052632,0.142857
2025-09-11,B5: B2+B3,15,0.400000,0.300000,7_15 7_16 8_15 9_14 9_15 9_16,10_15 3_10 3_11 3_9 4_10 4_9 5_8 5_9 6_15 7_5 7_8 8_16 8_7 9_10,0_12 2_11 3_16 4_15 4_8 7_6 8_8 8_9 9_9,0.739130,0.538462,0.538462,0.142857,,0.666667,0.739130,0.739130,0.000000,0.818182
2025-09-11,B4: B1+B3,15,0.400000,0.300000,7_15 7_16 8_15 8_8 9_14 9_15,3_10 3_11 3_9 4_10 4_9 5_14 5_15 5_8 5_9 6_13 6_15 7_5 7_8 8_16,0_12 2_11 3_16 4_15 4_8 7_6 8_9 9_16 9_9,0.481481,0.600000,0.600000,0.176471,0.666667,,0.481481,0.739130,0.000000,0.600000
2025-09-11,B2: Recent MA,15,0.400000,0.300000,3_16 7_15 8_15 9_14 9_15 9_16,10_15 3_10 3_11 3_9 4_10 4_9 5_9 6_14 7_5 7_8 8_16 8_3 8_7 9_10,0_12 2_11 4_15 4_8 7_16 7_6 8_8 8_9 9_9,0.818182,0.428571,0.428571,0.111111,0.739130,0.481481,,0.538462,0.000000,0.818182
2025-09-11,B3: DoY season,15,0.400000,0.300000,7_15 7_16 8_15 8_8 9_14 9_15,3_10 3_11 3_9 4_10 4_9 5_8 5_9 6_13 6_15 7_5 7_8 7_9 8_7 9_10,0_12 2_11 3_16 4_15 4_8 7_6 8_9 9_16 9_9,0.538462,0.481481,0.538462,0.111111,0.739130,0.739130,0.538462,,0.025641,0.600000
2025-09-11,B0: Random,15,0.000000,0.000000,,0_0 0_14 0_5 11_19 12_10 1_12 2_9 3_0 3_8 4_0 4_13 4_18 4_3 6_10 6_12 7_11 7_14 7_3 7_9 8_0,0_12 2_11 3_16 4_15 4_8 7_15 7_16 7_6 8_15 8_8 8_9 9_14 9_15 9_16 9_9,0.000000,0.000000,0.000000,0.052632,0.000000,0.000000,0.000000,0.025641,,0.000000
2025-09-12,GLM-Logit,28,0.428571,0.600000,3_16 4_9 5_9 6_15 7_15 7_16 7_5 7_8 8_15 9_14 9_15 9_16,10_15 3_9 4_10 4_8 5_15 6_14 6_7 8_16,0_12 10_13 2_11 2_14 3_10 3_13 4_7 6_4 6_8 7_14 7_3 8_5 8_7 8_8 9_10 9_4,0.739130,0.600000,0.428571,0.176471,0.666667,0.538462,0.739130,0.428571,0.081081,
2025-09-12,HierBayes,28,0.464286,0.650000,3_16 4_9 5_9 7_15 7_16 7_5 7_8 8_15 8_7 9_10 9_14 9_15 9_16,10_14 10_15 3_9 4_10 4_8 6_14 8_16,0_12 10_13 2_11 2_14 3_10 3_13 4_7 6_15 6_4 6_8 7_14 7_3 8_5 8_8 9_4,,0.428571,0.333333,0.142857,0.739130,0.428571,0.818182,0.428571,0.052632,0.739130
2025-09-12,B1: Static prior,28,0.392857,0.550000,3_10 4_9 5_9 6_15 7_15 7_16 7_8 8_15 9_14 9_15 9_16,3_11 3_14 4_10 4_8 5_14 5_15 5_8 6_14 6_7,0_12 10_13 2_11 2_14 3_13 3_16 4_7 6_4 6_8 7_14 7_3 7_5 8_5 8_7 8_8 9_10 9_4,0.428571,,0.666667,0.250000,0.428571,0.666667,0.428571,0.481481,0.081081,0.600000
2025-09-12,TTM,28,0.464286,0.650000,3_10 4_9 5_9 6_15 6_4 7_15 7_16 7_8 8_15 8_8 9_14 9_15 9_16,3_11 3_14 3_7 4_10 5_8 6_3 6_7,0_12 10_13 2_11 2_14 3_13 3_16 4_7 6_8 7_14 7_3 7_5 8_5 8_7 9_10 9_4,0.333333,0.666667,,0.290323,0.481481,0.600000,0.333333,0.600000,0.000000,0.428571
2025-09-12,ET,28,0.250000,0.350000,3_10 4_7 4_9 6_4 7_14 7_16 7_3,10_14 10_17 3_11 3_14 3_7 4_6 4_8 5_15 5_4 6_3 6_7 8_16 8_6,0_12 10_13 2_11 2_14 3_13 3_16 5_9 6_15 6_8 7_15 7_5 7_8 8_15 8_5 8_7 8_8 9_10 9_14 9_15 9_16 9_4,0.142857,0.250000,0.290323,,0.111111,0.212121,0.111111,0.142857,0.025641,0.176471
2025-09-12,B5: B2+B3,28,0.535714,0.750000,3_16 4_9 5_9 6_15 7_15 7_16 7_5 7_8 8_15 8_7 8_8 9_10 9_14 9_15 9_16,10_15 3_11 3_9 4_10 8_16,0_12 10_13 2_11 2_14 3_10 3_13 4_7 6_4 6_8 7_14 7_3 8_5 9_4,0.739130,0.428571,0.481481,0.111111,,0.600000,0.739130,0.600000,0.025641,0.666667
2025-09-12,B4: B1+B3,28,0.428571,0.600000,3_10 4_9 5_9 6_15 7_15 7_16 7_5 7_8 8_15 8_8 9_14 9_15,3_11 3_14 3_9 4_10 5_14 5_15 5_8 8_16,0_12 10_13 2_11 2_14 3_13 3_16 4_7 6_4 6_8 7_14 7_3 8_5 8_7 9_10 9_16 9_4,0.428571,0.666667,0.600000,0.212121,0.600000,,0.481481,0.666667,0.081081,0.538462
2025-09-12,B2: Recent MA,28,0.464286,0.650000,3_16 4_9 5_9 7_15 7_16 7_5 7_8 8_15 8_7 9_10 9_14 9_15 9_16,10_15 3_9 4_10 5_15 6_14 8_16 8_3,0_12 10_13 2_11 2_14 3_10 3_13 4_7 6_15 6_4 6_8 7_14 7_3 8_5 8_8 9_4,0.818182,0.428571,0.333333,0.111111,0.739130,0.481481,,0.428571,0.081081,0.739130
2025-09-12,B3: DoY season,28,0.464286,0.650000,3_10 4_9 5_9 6_15 7_15 7_16 7_5 7_8 8_15 8_8 9_10 9_14 9_15,3_11 3_7 3_9 4_10 5_8 7_9 8_9,0_12 10_13 2_11 2_14 3_13 3_16 4_7 6_4 6_8 7_14 7_3 8_5 8_7 9_16 9_4,0.428571,0.481481,0.600000,0.142857,0.600000,0.666667,0.428571,,0.025641,0.428571
2025-09-12,B0: Random,28,0.000000,0.000000,,0_3 0_5 10_4 11_19 12_0 12_11 12_12 1_18 1_4 2_2 3_9 4_2 5_11 5_14 5_15 5_16 6_14 8_14 8_18 9_9,0_12 10_13 2_11 2_14 3_10 3_13 3_16 4_7 4_9 5_9 6_15 6_4 6_8 7_14 7_15 7_16 7_3 7_5 7_8 8_15 8_5 8_7 8_8 9_10 9_14 9_15 9_16 9_4,0.052632,0.081081,0.000000,0.025641,0.025641,0.081081,0.081081,0.025641,,0.081081
2025-09-13,GLM-Logit,12,0.166667,0.100000,6_15 7_15,10_15 3_10 3_16 3_9 4_10 4_8 4_9 5_9 6_14 7_16 7_5 7_8 8_15 8_16 8_7 9_14 9_15 9_16,2_11 5_13 5_5 5_7 6_16 6_4 7_3 7_6 8_17 9_4,0.818182,0.538462,0.428571,0.142857,0.666667,0.481481,0.739130,0.481481,0.025641,
2025-09-13,HierBayes,12,0.083333,0.050000,7_15,10_14 10_15 3_10 3_16 3_9 4_10 4_9 5_9 6_14 7_16 7_5 7_8 8_15 8_16 8_7 9_10 9_14 9_15 9_16,2_11 5_13 5_5 5_7 6_15 6_16 6_4 7_3 7_6 8_17 9_4,,0.428571,0.379310,0.142857,0.739130,0.428571,0.818182,0.481481,0.025641,0.818182
2025-09-13,B1: Static prior,12,0.166667,0.100000,6_15 7_15,3_10 3_11 3_14 4_10 4_8 4_9 5_14 5_15 5_8 5_9 6_14 6_7 7_16 7_8 8_15 9_14 9_15 9_16,2_11 5_13 5_5 5_7 6_16 6_4 7_3 7_6 8_17 9_4,0.428571,,0.666667,0.250000,0.481481,0.666667,0.379310,0.538462,0.025641,0.538462
2025-09-13,TTM,12,0.250000,0.150000,6_15 6_4 7_15,3_10 3_11 3_14 4_10 4_9 5_14 5_8 5_9 6_14 6_7 6_8 7_5 7_8 8_8 9_14 9_15 9_16,2_11 5_13 5_5 5_7 6_16 7_3 7_6 8_17 9_4,0.379310,0.666667,,0.176471,0.428571,0.600000,0.379310,0.481481,0.025641,0.428571
2025-09-13,ET,12,0.166667,0.100000,6_4 7_3,10_14 10_17 3_10 3_11 3_14 3_7 4_6 4_7 4_8 4_9 5_15 5_4 6_3 6_7 7_14 7_16 8_16 8_6,2_11 5_13 5_5 5_7 6_15 6_16 7_15 7_6 8_17 9_4,0.142857,0.250000,0.176471,,0.142857,0.176471,0.081081,0.142857,0.000000,0.142857
2025-09-13,B5: B2+B3,12,0.083333,0.050000,7_15,3_10 3_16 3_9 4_10 4_9 5_15 5_8 5_9 7_16 7_5 7_8 8_15 8_16 8_7 8_8 9_10 9_14 9_15 9_16,2_11 5_13 5_5 5_7 6_15 6_16 6_4 7_3 7_6 8_17 9_4,0.739130,0.481481,0.428571,0.142857,,0.600000,0.739130,0.666667,0.025641,0.666667
2025-09-13,B4: B1+B3,12,0.166667,0.100000,6_15 7_15,3_10 3_11 3_14 3_9 4_10 4_9 5_14 5_15 5_8 5_9 6_13 7_16 7_5 7_8 8_15 8_8 9_14 9_15,2_11 5_13 5_5 5_7 6_16 6_4 7_3 7_6 8_17 9_4,0.428571,0.666667,0.600000,0.176471,0.600000,,0.428571,0.818182,0.025641,0.481481
2025-09-13,B2: Recent MA,12,0.083333,0.050000,7_15,10_15 3_16 3_9 4_10 4_9 5_9 6_14 7_16 7_5 7_8 8_15 8_16 8_3 8_7 8_8 9_10 9_14 9_15 9_16,2_11 5_13 5_5 5_7 6_15 6_16 6_4 7_3 7_6 8_17 9_4,0.818182,0.379310,0.379310,0.081081,0.739130,0.428571,,0.481481,0.025641,0.739130
2025-09-13,B3: DoY season,12,0.166667,0.100000,6_15 7_15,3_10 3_11 3_9 4_10 4_9 5_15 5_8 5_9 6_13 7_16 7_5 7_8 7_9 8_15 8_8 9_10 9_14 9_15,2_11 5_13 5_5 5_7 6_16 6_4 7_3 7_6 8_17 9_4,0.481481,0.538462,0.481481,0.142857,0.666667,0.818182,0.481481,,0.025641,0.481481
2025-09-13,B0: Random,12,0.083333,0.050000,5_5,0_4 10_1 10_10 11_18 11_8 12_13 12_17 12_2 12_5 12_8 1_12 3_19 3_4 4_10 4_14 4_18 5_0 7_12 7_17,2_11 5_13 5_7 6_15 6_16 6_4 7_15 7_3 7_6 8_17 9_4,0.025641,0.025641,0.025641,0.000000,0.025641,0.025641,0.025641,0.025641,,0.025641
2025-09-14,GLM-Logit,16,0.562500,0.450000,3_9 4_9 5_9 6_14 6_15 7_16 8_16 9_14 9_15,3_16 4_10 4_8 6_7 7_15 7_5 7_8 8_15 8_7 8_8 9_16,10_13 5_14 5_16 6_6 6_9 8_11 9_17,0.739130,0.538462,0.538462,0.142857,0.739130,0.538462,0.739130,0.481481,0.081081,
2025-09-14,HierBayes,16,0.562500,0.450000,3_9 4_9 5_9 6_14 6_15 7_16 8_16 9_14 9_15,10_14 10_15 3_16 4_10 7_15 7_5 7_8 8_15 8_7 9_10 9_16,10_13 5_14 5_16 6_6 6_9 8_11 9_17,,0.428571,0.428571,0.111111,0.739130,0.481481,0.818182,0.481481,0.081081,0.739130
2025-09-14,B1: Static prior,16,0.500000,0.400000,4_9 5_14 5_9 6_14 6_15 7_16 9_14 9_15,3_10 3_11 3_14 4_10 4_8 5_15 5_8 6_7 7_15 7_8 8_15 9_16,10_13 3_9 5_16 6_6 6_9 8_11 8_16 9_17,0.428571,,0.600000,0.250000,0.428571,0.600000,0.428571,0.481481,0.081081,0.538462
2025-09-14,TTM,16,0.437500,0.350000,4_9 5_14 5_9 6_15 8_16 9_14 9_15,3_10 3_11 3_14 4_10 5_4 6_4 6_7 7_15 7_5 7_8 8_15 8_8 9_16,10_13 3_9 5_16 6_14 6_6 6_9 7_16 8_11 9_17,0.428571,0.600000,,0.250000,0.481481,0.600000,0.481481,0.538462,0.025641,0.538462
2025-09-14,ET,16,0.187500,0.150000,4_9 7_16 8_16,10_14 10_17 3_10 3_11 3_14 3_7 4_6 4_7 4_8 5_15 5_4 6_3 6_4 6_7 7_14 7_3 8_6,10_13 3_9 5_14 5_16 5_9 6_14 6_15 6_6 6_9 8_11 9_14 9_15 9_17,0.111111,0.250000,0.250000,,0.081081,0.176471,0.081081,0.142857,0.081081,0.142857
2025-09-14,B5: B2+B3,16,0.500000,0.400000,3_9 4_9 5_9 6_15 7_16 8_16 9_14 9_15,3_16 4_10 5_8 7_15 7_5 7_8 8_15 8_3 8_7 8_8 9_10 9_16,10_13 5_14 5_16 6_14 6_6 6_9 8_11 9_17,0.739130,0.428571,0.481481,0.081081,,0.600000,0.818182,0.600000,0.052632,0.739130
2025-09-14,B4: B1+B3,16,0.562500,0.450000,3_9 4_9 5_14 5_9 6_15 7_16 8_16 9_14 9_15,3_10 3_11 4_10 5_15 5_8 6_13 7_15 7_5 7_8 8_15 8_8,10_13 5_16 6_14 6_6 6_9 8_11 9_17,0.481481,0.600000,0.600000,0.176471,0.600000,,0.481481,0.818182,0.052632,0.538462
2025-09-14,B2: Recent MA,16,0.500000,0.400000,4_9 5_9 6_14 6_15 7_16 8_16 9_14 9_15,10_15 3_16 4_10 7_15 7_5 7_8 8_15 8_3 8_7 8_8 9_10 9_16,10_13 3_9 5_14 5_16 6_6 6_9 8_11 9_17,0.818182,0.428571,0.481481,0.081081,0.818182,0.481481,,0.481481,0.081081,0.739130
2025-09-14,B3: DoY season,16,0.562500,0.450000,3_9 4_9 5_14 5_9 6_15 7_16 8_16 9_14 9_15,3_10 3_11 4_10 5_8 6_13 7_15 7_5 7_8 7_9 8_8 9_10,10_13 5_16 6_14 6_6 6_9 8_11 9_17,0.481481,0.481481,0.538462,0.142857,0.600000,0.818182,0.481481,,0.052632,0.481481
2025-09-14,B0: Random,16,0.250000,0.200000,5_9 6_14 6_6 7_16,0_13 10_16 10_17 11_17 11_7 12_1 1_0 1_9 2_18 2_4 2_8 3_2 3_7 4_3 5_19 5_5,10_13 3_9 4_9 5_14 5_16 6_15 6_9 8_11 8_16 9_14 9_15 9_17,0.081081,0.081081,0.025641,0.081081,0.052632,0.052632,0.081081,0.052632,,0.081081
2025-09-15,GLM-Logit,23,0.347826,0.400000,4_10 4_9 7_15 7_8 8_16 8_7 9_15 9_16,3_16 3_9 4_8 5_9 6_14 6_15 7_16 7_5 7_7 8_15 8_8 9_14,10_15 10_16 2_3 3_8 4_12 4_15 6_13 6_6 6_9 7_1 8_14 8_17 8_3 9_17 9_3,0.818182,0.481481,0.600000,0.111111,0.739130,0.538462,0.818182,0.481481,0.081081,
2025-09-15,HierBayes,23,0.391304,0.450000,10_15 4_10 4_9 7_15 7_8 8_16 8_7 9_15 9_16,3_16 3_9 4_8 5_9 6_14 6_15 7_16 7_5 8_15 9_10 9_14,10_16 2_3 3_8 4_12 4_15 6_13 6_6 6_9 7_1 8_14 8_17 8_3 9_17 9_3,,0.481481,0.481481,0.111111,0.818182,0.481481,0.818182,0.481481,0.081081,0.818182
2025-09-15,B1: Static prior,23,0.260870,0.300000,4_10 4_9 7_15 7_8 9_15 9_16,3_10 3_11 3_14 4_8 5_14 5_15 5_8 5_9 6_14 6_15 6_7 7_16 8_15 9_14,10_15 10_16 2_3 3_8 4_12 4_15 6_13 6_6 6_9 7_1 8_14 8_16 8_17 8_3 8_7 9_17 9_3,0.481481,,0.538462,0.250000,0.379310,0.600000,0.428571,0.481481,0.052632,0.481481
2025-09-15,TTM,23,0.260870,0.300000,4_10 4_9 7_8 8_16 9_15 9_16,3_10 3_11 3_14 3_9 4_8 5_14 5_9 6_15 6_4 7_16 7_5 7_7 8_8 9_14,10_15 10_16 2_3 3_8 4_12 4_15 6_13 6_6 6_9 7_1 7_15 8_14 8_17 8_3 8_7 9_17 9_3,0.481481,0.538462,,0.250000,0.481481,0.600000,0.481481,0.600000,0.052632,0.600000
2025-09-15,ET,23,0.086957,0.100000,4_9 8_16,10_14 10_17 3_10 3_11 3_14 3_7 4_6 4_7 4_8 5_15 5_4 6_3 6_4 6_7 7_14 7_16 7_3 8_6,10_15 10_16 2_3 3_8 4_10 4_12 4_15 6_13 6_6 6_9 7_1 7_15 7_8 8_14 8_17 8_3 8_7 9_15 9_16 9_17 9_3,0.111111,0.250000,0.250000,,0.081081,0.176471,0.081081,0.142857,0.052632,0.111111
2025-09-15,B5: B2+B3,23,0.434783,0.500000,10_15 4_10 4_9 7_15 7_8 8_16 8_3 8_7 9_15 9_16,3_16 3_9 5_9 6_15 7_16 7_5 8_15 8_8 9_10 9_14,10_16 2_3 3_8 4_12 4_15 6_13 6_6 6_9 7_1 8_14 8_17 9_17 9_3,0.818182,0.379310,0.481481,0.081081,,0.538462,0.904762,0.538462,0.052632,0.739130
2025-09-15,B4: B1+B3,23,0.304348,0.350000,4_10 4_9 6_13 7_15 7_8 8_16 9_15,3_10 3_11 3_9 5_14 5_15 5_8 5_9 6_15 7_16 7_5 8_15 8_8 9_14,10_15 10_16 2_3 3_8 4_12 4_15 6_6 6_9 7_1 8_14 8_17 8_3 8_7 9_16 9_17 9_3,0.481481,0.600000,0.600000,0.176471,0.538462,,0.538462,0.818182,0.052632,0.538462
2025-09-15,B2: Recent MA,23,0.434783,0.500000,10_15 4_10 4_9 7_15 7_8 8_16 8_3 8_7 9_15 9_16,3_16 3_9 5_9 6_14 6_15 7_16 7_5 8_15 8_8 9_14,10_16 2_3 3_8 4_12 4_15 6_13 6_6 6_9 7_1 8_14 8_17 9_17 9_3,0.818182,0.428571,0.481481,0.081081,0.904762,0.538462,,0.481481,0.052632,0.818182
2025-09-15,B3: DoY season,23,0.304348,0.350000,4_10 4_9 6_13 7_15 7_8 8_16 9_15,3_10 3_11 3_9 5_14 5_8 5_9 6_15 7_16 7_5 7_9 8_8 9_10 9_14,10_15 10_16 2_3 3_8 4_12 4_15 6_6 6_9 7_1 8_14 8_17 8_3 8_7 9_16 9_17 9_3,0.481481,0.481481,0.600000,0.142857,0.538462,0.818182,0.481481,,0.052632,0.481481
2025-09-15,B0: Random,23,0.086957,0.100000,2_3 7_15,10_7 10_9 11_17 11_2 11_4 12_14 2_10 2_16 2_17 2_4 3_18 3_19 3_7 3_9 4_8 5_11 7_10 9_7,10_15 10_16 3_8 4_10 4_12 4_15 4_9 6_13 6_6 6_9 7_1 7_8 8_14 8_16 8_17 8_3 8_7 9_15 9_16 9_17 9_3,0.081081,0.052632,0.052632,0.052632,0.052632,0.052632,0.052632,0.052632,,0.081081
2025-09-16,GLM-Logit,25,0.480000,0.600000,4_10 4_9 5_9 6_15 7_15 7_16 7_8 8_16 8_8 9_14 9_15 9_16,10_15 3_16 3_9 4_8 6_14 7_5 8_15 8_7,10_14 10_16 2_17 4_7 5_5 5_8 6_3 6_9 8_17 8_3 8_4 9_10 9_3,0.904762,0.481481,0.481481,0.111111,0.904762,0.538462,0.904762,0.428571,0.025641,
2025-09-16,HierBayes,25,0.480000,0.600000,10_16 4_10 4_9 5_9 6_15 7_15 7_16 7_8 8_16 9_14 9_15 9_16,10_15 3_16 3_9 4_8 6_14 7_5 8_15 8_7,10_14 2_17 4_7 5_5 5_8 6_3 6_9 8_17 8_3 8_4 8_8 9_10 9_3,,0.481481,0.481481,0.111111,0.818182,0.481481,0.818182,0.379310,0.025641,0.904762
2025-09-16,B1: Static prior,25,0.440000,0.550000,4_10 4_9 5_8 5_9 6_15 7_15 7_16 7_8 9_14 9_15 9_16,3_10 3_11 3_14 4_8 5_14 5_15 6_14 6_7 8_15,10_14 10_16 2_17 4_7 5_5 6_3 6_9 8_16 8_17 8_3 8_4 8_8 9_10 9_3,0.481481,,0.600000,0.250000,0.428571,0.666667,0.428571,0.538462,0.000000,0.481481
2025-09-16,TTM,25,0.520000,0.650000,10_16 4_10 4_9 5_8 5_9 6_15 7_15 7_16 7_8 8_8 9_14 9_15 9_16,3_10 3_11 3_14 3_9 5_14 6_4 7_5,10_14 2_17 4_7 5_5 6_3 6_9 8_16 8_17 8_3 8_4 9_10 9_3,0.481481,0.600000,,0.176471,0.481481,0.666667,0.481481,0.739130,0.025641,0.481481
2025-09-16,ET,25,0.240000,0.300000,10_14 4_7 4_9 6_3 7_16 8_16,10_17 3_10 3_11 3_14 3_7 4_6 4_8 5_15 5_4 6_4 6_7 7_14 7_3 8_6,10_16 2_17 4_10 5_5 5_8 5_9 6_15 6_9 7_15 7_8 8_17 8_3 8_4 8_8 9_10 9_14 9_15 9_16 9_3,0.111111,0.250000,0.176471,,0.081081,0.142857,0.081081,0.142857,0.000000,0.111111
2025-09-16,B5: B2+B3,25,0.520000,0.650000,4_10 4_9 5_9 6_15 7_15 7_16 7_8 8_16 8_3 8_8 9_14 9_15 9_16,10_15 3_16 3_9 6_14 7_5 8_15 8_7,10_14 10_16 2_17 4_7 5_5 5_8 6_3 6_9 8_17 8_4 9_10 9_3,0.818182,0.428571,0.481481,0.081081,,0.538462,1.000000,0.428571,0.025641,0.904762
2025-09-16,B4: B1+B3,25,0.440000,0.550000,4_10 4_9 5_8 5_9 6_15 7_15 7_16 7_8 8_8 9_14 9_15,3_10 3_11 3_9 5_14 5_15 6_13 6_14 7_5 8_15,10_14 10_16 2_17 4_7 5_5 6_3 6_9 8_16 8_17 8_3 8_4 9_10 9_16 9_3,0.481481,0.666667,0.666667,0.142857,0.538462,,0.538462,0.739130,0.025641,0.538462
2025-09-16,B2: Recent MA,25,0.520000,0.650000,4_10 4_9 5_9 6_15 7_15 7_16 7_8 8_16 8_3 8_8 9_14 9_15 9_16,10_15 3_16 3_9 6_14 7_5 8_15 8_7,10_14 10_16 2_17 4_7 5_5 5_8 6_3 6_9 8_17 8_4 9_10 9_3,0.818182,0.428571,0.481481,0.081081,1.000000,0.538462,,0.428571,0.025641,0.904762
2025-09-16,B3: DoY season,25,0.440000,0.550000,4_10 4_9 5_8 5_9 6_15 7_15 7_16 7_8 8_8 9_14 9_15,3_10 3_11 3_14 3_9 5_13 5_14 6_13 7_5 7_9,10_14 10_16 2_17 4_7 5_5 6_3 6_9 8_16 8_17 8_3 8_4 9_10 9_16 9_3,0.379310,0.538462,0.739130,0.142857,0.428571,0.739130,0.428571,,0.025641,0.428571
2025-09-16,B0: Random,25,0.040000,0.050000,9_3,0_10 0_16 10_19 11_6 12_11 12_14 12_15 2_4 2_5 3_12 3_4 3_9 6_17 6_19 6_2 7_6 8_11 8_19 9_18,10_14 10_16 2_17 4_10 4_7 4_9 5_5 5_8 5_9 6_15 6_3 6_9 7_15 7_16 7_8 8_16 8_17 8_3 8_4 8_8 9_10 9_14 9_15 9_16,0.025641,0.000000,0.025641,0.000000,0.025641,0.025641,0.025641,0.025641,,0.025641
2025-09-17,GLM-Logit,19,0.421053,0.400000,3_16 4_9 5_9 7_15 7_8 8_7 9_14 9_15,10_16 3_9 4_10 4_8 6_14 6_15 7_16 7_5 8_15 8_16 8_8 9_16,10_15 3_10 4_3 5_14 5_4 5_7 6_1 6_12 6_9 7_14 9_9,0.904762,0.481481,0.481481,0.111111,0.818182,0.538462,0.818182,0.428571,0.052632,
2025-09-17,HierBayes,19,0.473684,0.450000,10_15 3_16 4_9 5_9 7_15 7_8 8_7 9_14 9_15,10_16 3_9 4_10 4_8 6_14 6_15 7_16 7_5 8_15 8_16 9_16,3_10 4_3 5_14 5_4 5_7 6_1 6_12 6_9 7_14 9_9,,0.481481,0.428571,0.111111,0.739130,0.481481,0.818182,0.379310,0.052632,0.904762
2025-09-17,B1: Static prior,19,0.421053,0.400000,3_10 4_9 5_14 5_9 7_15 7_8 9_14 9_15,3_11 3_14 4_10 4_8 5_15 5_8 6_14 6_15 6_7 7_16 8_15 9_16,10_15 3_16 4_3 5_4 5_7 6_1 6_12 6_9 7_14 8_7 9_9,0.481481,,0.739130,0.250000,0.379310,0.666667,0.428571,0.538462,0.052632,0.481481
2025-09-17,TTM,19,0.421053,0.400000,3_10 4_9 5_14 5_9 7_15 7_8 9_14 9_15,3_11 3_14 3_9 4_10 5_8 6_15 6_4 6_7 7_16 8_15 8_8 9_16,10_15 3_16 4_3 5_4 5_7 6_1 6_12 6_9 7_14 8_7 9_9,0.428571,0.739130,,0.212121,0.481481,0.666667,0.428571,0.600000,0.052632,0.481481
2025-09-17,ET,19,0.210526,0.200000,3_10 4_9 5_4 7_14,10_14 10_17 3_11 3_14 3_7 4_6 4_7 4_8 5_15 6_3 6_4 6_7 7_16 7_3 8_16 8_6,10_15 3_16 4_3 5_14 5_7 5_9 6_1 6_12 6_9 7_15 7_8 8_7 9_14 9_15 9_9,0.111111,0.250000,0.212121,,0.081081,0.142857,0.081081,0.212121,0.025641,0.111111
2025-09-17,B5: B2+B3,19,0.421053,0.400000,3_16 4_9 5_9 7_15 7_8 8_7 9_14 9_15,10_16 3_9 4_10 6_15 7_16 7_5 8_15 8_16 8_3 8_8 9_10 9_16,10_15 3_10 4_3 5_14 5_4 5_7 6_1 6_12 6_9 7_14 9_9,0.739130,0.379310,0.481481,0.081081,,0.481481,0.818182,0.428571,0.052632,0.818182
2025-09-17,B4: B1+B3,19,0.421053,0.400000,3_10 4_9 5_14 5_9 7_15 7_8 9_14 9_15,3_11 3_9 4_10 5_15 5_8 6_13 6_14 6_15 7_16 7_5 8_15 8_8,10_15 3_16 4_3 5_4 5_7 6_1 6_12 6_9 7_14 8_7 9_9,0.481481,0.666667,0.666667,0.142857,0.481481,,0.481481,0.739130,0.052632,0.538462
2025-09-17,B2: Recent MA,19,0.421053,0.400000,3_16 4_9 5_9 7_15 7_8 8_7 9_14 9_15,10_16 3_9 4_10 6_14 6_15 7_16 7_5 8_15 8_16 8_17 8_3 9_16,10_15 3_10 4_3 5_14 5_4 5_7 6_1 6_12 6_9 7_14 9_9,0.818182,0.428571,0.428571,0.081081,0.818182,0.481481,,0.379310,0.052632,0.818182
2025-09-17,B3: DoY season,19,0.421053,0.400000,3_10 4_9 5_14 5_9 7_15 7_8 9_14 9_15,3_11 3_14 3_9 4_10 4_12 5_15 5_8 6_13 7_16 7_5 8_16 8_8,10_15 3_16 4_3 5_4 5_7 6_1 6_12 6_9 7_14 8_7 9_9,0.379310,0.538462,0.600000,0.212121,0.428571,0.739130,0.379310,,0.052632,0.428571
2025-09-17,B0: Random,19,0.105263,0.100000,3_16 5_9,0_7 11_5 12_14 1_14 2_8 3_15 4_0 4_16 4_7 5_16 5_8 6_11 7_11 7_12 7_13 8_14 8_2 9_2,10_15 3_10 4_3 4_9 5_14 5_4 5_7 6_1 6_12 6_9 7_14 7_15 7_8 8_7 9_14 9_15 9_9,0.052632,0.052632,0.052632,0.025641,0.052632,0.052632,0.052632,0.052632,,0.052632
2025-09-18,GLM-Logit,20,0.450000,0.450000,10_16 3_10 5_9 7_15 7_16 7_5 7_8 8_7 9_15,3_16 3_9 4_10 4_8 4_9 6_14 6_15 8_15 8_16 9_14 9_16,0_12 10_13 4_13 5_13 5_7 6_13 6_16 7_3 8_17 9_10 9_17,0.818182,0.538462,0.600000,0.142857,0.739130,0.538462,0.739130,0.481481,0.081081,
2025-09-18,HierBayes,20,0.450000,0.450000,10_16 5_9 7_15 7_16 7_5 7_8 8_7 9_10 9_15,10_15 3_16 3_9 4_10 4_8 4_9 6_15 8_15 8_16 9_14 9_16,0_12 10_13 3_10 4_13 5_13 5_7 6_13 6_16 7_3 8_17 9_17,,0.428571,0.481481,0.111111,0.818182,0.428571,0.818182,0.428571,0.052632,0.818182
2025-09-18,B1: Static prior,20,0.300000,0.300000,3_10 5_9 7_15 7_16 7_8 9_15,3_11 3_14 4_10 4_8 4_9 5_14 5_15 5_8 6_14 6_15 6_7 8_15 9_14 9_16,0_12 10_13 10_16 4_13 5_13 5_7 6_13 6_16 7_3 7_5 8_17 8_7 9_10 9_17,0.428571,,0.600000,0.250000,0.379310,0.666667,0.379310,0.538462,0.081081,0.538462
2025-09-18,TTM,20,0.300000,0.300000,3_10 5_9 7_15 7_16 7_5 9_15,3_14 3_9 4_10 4_9 5_14 5_8 6_14 6_15 6_4 8_15 8_16 8_8 9_14 9_16,0_12 10_13 10_16 4_13 5_13 5_7 6_13 6_16 7_3 7_8 8_17 8_7 9_10 9_17,0.481481,0.600000,,0.176471,0.538462,0.666667,0.481481,0.600000,0.081081,0.600000
2025-09-18,ET,20,0.150000,0.150000,3_10 7_16 7_3,10_14 10_17 3_11 3_14 3_7 4_6 4_7 4_8 4_9 5_15 5_4 6_3 6_4 6_7 7_14 8_16 8_6,0_12 10_13 10_16 4_13 5_13 5_7 5_9 6_13 6_16 7_15 7_5 7_8 8_17 8_7 9_10 9_15 9_17,0.111111,0.250000,0.176471,,0.081081,0.142857,0.081081,0.111111,0.111111,0.142857
2025-09-18,B5: B2+B3,20,0.450000,0.450000,10_16 5_9 7_15 7_16 7_5 7_8 8_7 9_10 9_15,3_16 3_9 4_10 4_9 6_15 8_15 8_16 8_3 8_8 9_14 9_16,0_12 10_13 3_10 4_13 5_13 5_7 6_13 6_16 7_3 8_17 9_17,0.818182,0.379310,0.538462,0.081081,,0.481481,0.904762,0.481481,0.052632,0.739130
2025-09-18,B4: B1+B3,20,0.400000,0.400000,3_10 5_9 6_13 7_15 7_16 7_5 7_8 9_15,3_11 3_9 4_10 4_9 5_14 5_15 5_8 6_14 6_15 8_15 8_8 9_14,0_12 10_13 10_16 4_13 5_13 5_7 6_16 7_3 8_17 8_7 9_10 9_17,0.428571,0.666667,0.666667,0.142857,0.481481,,0.428571,0.818182,0.052632,0.538462
2025-09-18,B2: Recent MA,20,0.500000,0.500000,10_16 5_9 7_15 7_16 7_5 7_8 8_17 8_7 9_10 9_15,3_16 3_9 4_10 4_9 6_15 8_15 8_16 8_3 9_14 9_16,0_12 10_13 3_10 4_13 5_13 5_7 6_13 6_16 7_3 9_17,0.818182,0.379310,0.481481,0.081081,0.904762,0.428571,,0.428571,0.052632,0.739130
2025-09-18,B3: DoY season,20,0.450000,0.450000,3_10 5_13 5_9 6_13 7_15 7_16 7_5 7_8 9_15,3_9 4_10 4_12 4_9 5_14 5_15 5_8 6_15 8_15 8_8 9_14,0_12 10_13 10_16 4_13 5_7 6_16 7_3 8_17 8_7 9_10 9_17,0.428571,0.538462,0.600000,0.111111,0.481481,0.818182,0.428571,,0.052632,0.481481
2025-09-18,B0: Random,20,0.100000,0.100000,3_10 7_3,0_15 0_7 10_14 11_13 11_3 12_11 12_2 2_3 2_6 4_9 6_12 7_10 7_17 8_1 8_11 9_12 9_16 9_18,0_12 10_13 10_16 4_13 5_13 5_7 5_9 6_13 6_16 7_15 7_16 7_5 7_8 8_17 8_7 9_10 9_15 9_17,0.052632,0.081081,0.081081,0.111111,0.052632,0.052632,0.052632,0.052632,,0.081081
2025-09-19,GLM-Logit,22,0.318182,0.350000,6_14 6_15 7_15 7_8 8_15 8_7 9_14,10_16 3_10 3_16 3_9 4_10 4_8 4_9 5_9 7_16 7_5 8_16 9_15 9_16,10_15 3_4 4_3 5_15 5_16 5_8 6_11 6_16 6_4 7_1 8_10 8_17 8_8 9_13 9_9,0.818182,0.538462,0.538462,0.142857,0.818182,0.481481,0.739130,0.428571,0.000000,
2025-09-19,HierBayes,22,0.363636,0.400000,10_15 6_15 7_15 7_8 8_15 8_17 8_7 9_14,10_16 3_10 3_16 3_9 4_10 4_9 5_9 7_16 7_5 8_16 9_15 9_16,3_4 4_3 5_15 5_16 5_8 6_11 6_14 6_16 6_4 7_1 8_10 8_8 9_13 9_9,,0.428571,0.538462,0.111111,0.818182,0.481481,0.818182,0.428571,0.025641,0.818182
2025-09-19,B1: Static prior,22,0.363636,0.400000,5_15 5_8 6_14 6_15 7_15 7_8 8_15 9_14,3_10 3_11 3_14 4_10 4_8 4_9 5_14 5_9 6_7 7_16 9_15 9_16,10_15 3_4 4_3 5_16 6_11 6_16 6_4 7_1 8_10 8_17 8_7 8_8 9_13 9_9,0.428571,,0.600000,0.250000,0.428571,0.600000,0.379310,0.538462,0.000000,0.538462
2025-09-19,TTM,22,0.409091,0.450000,5_15 5_8 6_15 6_4 7_15 7_8 8_15 8_8 9_14,3_10 3_9 4_10 4_9 5_14 5_9 6_3 7_16 8_16 9_15 9_16,10_15 3_4 4_3 5_16 6_11 6_14 6_16 7_1 8_10 8_17 8_7 9_13 9_9,0.538462,0.600000,,0.212121,0.600000,0.666667,0.481481,0.600000,0.000000,0.538462
2025-09-19,ET,22,0.090909,0.100000,5_15 6_4,10_14 10_17 3_10 3_11 3_14 3_7 4_6 4_7 4_8 4_9 5_4 6_3 6_7 7_14 7_16 7_3 8_16 8_6,10_15 3_4 4_3 5_16 5_8 6_11 6_14 6_15 6_16 7_1 7_15 7_8 8_10 8_15 8_17 8_7 8_8 9_13 9_14 9_9,0.111111,0.250000,0.212121,,0.111111,0.176471,0.081081,0.142857,0.025641,0.142857
2025-09-19,B5: B2+B3,22,0.318182,0.350000,6_15 7_15 7_8 8_15 8_7 8_8 9_14,10_16 3_10 3_16 3_9 4_10 4_9 5_9 7_16 7_5 8_16 8_3 9_15 9_16,10_15 3_4 4_3 5_15 5_16 5_8 6_11 6_14 6_16 6_4 7_1 8_10 8_17 9_13 9_9,0.818182,0.428571,0.600000,0.111111,,0.538462,0.818182,0.481481,0.000000,0.818182
2025-09-19,B4: B1+B3,22,0.363636,0.400000,5_15 5_8 6_15 7_15 7_8 8_15 8_8 9_14,3_10 3_11 4_10 4_9 5_13 5_14 5_9 6_13 7_16 7_5 8_16 9_15,10_15 3_4 4_3 5_16 6_11 6_14 6_16 6_4 7_1 8_10 8_17 8_7 9_13 9_9,0.481481,0.600000,0.666667,0.176471,0.538462,,0.428571,0.818182,0.000000,0.481481
2025-09-19,B2: Recent MA,22,0.318182,0.350000,6_15 7_15 7_8 8_15 8_17 8_7 9_14,10_16 3_16 3_9 4_10 4_9 5_9 7_16 7_5 8_16 8_3 9_10 9_15 9_16,10_15 3_4 4_3 5_15 5_16 5_8 6_11 6_14 6_16 6_4 7_1 8_10 8_8 9_13 9_9,0.818182,0.379310,0.481481,0.081081,0.818182,0.428571,,0.379310,0.025641,0.739130
2025-09-19,B3: DoY season,22,0.363636,0.400000,5_15 5_8 6_15 7_15 7_8 8_15 8_8 9_14,3_10 3_11 3_9 4_12 4_9 5_13 5_14 5_9 6_13 7_16 7_5 9_15,10_15 3_4 4_3 5_16 6_11 6_14 6_16 6_4 7_1 8_10 8_17 8_7 9_13 9_9,0.428571,0.538462,0.600000,0.142857,0.481481,0.818182,0.379310,,0.000000,0.428571
2025-09-19,B0: Random,22,0.090909,0.100000,6_11 8_17,0_2 0_8 10_12 11_14 11_5 12_16 12_7 1_15 1_7 1_9 3_18 3_6 3_7 5_1 6_1 8_18 8_19 9_8,10_15 3_4 4_3 5_15 5_16 5_8 6_14 6_15 6_16 6_4 7_1 7_15 7_8 8_10 8_15 8_7 8_8 9_13 9_14 9_9,0.025641,0.000000,0.000000,0.025641,0.000000,0.000000,0.025641,0.000000,,0.000000
2025-09-20,GLM-Logit,18,0.444444,0.400000,10_16 4_10 5_9 7_16 7_5 9_14 9_15 9_16,3_10 3_16 3_9 4_8 4_9 6_14 6_15 7_15 7_8 8_15 8_16 8_7,3_15 3_7 4_3 5_14 5_16 6_13 6_9 7_1 7_2 8_17,0.818182,0.538462,0.379310,0.142857,0.739130,0.481481,0.739130,0.428571,0.025641,
2025-09-20,HierBayes,18,0.500000,0.450000,10_16 4_10 5_9 7_16 7_5 8_17 9_14 9_15 9_16,10_15 3_16 3_9 4_9 6_14 6_15 7_15 7_8 8_15 8_16 8_7,3_15 3_7 4_3 5_14 5_16 6_13 6_9 7_1 7_2,,0.428571,0.333333,0.081081,0.739130,0.379310,0.818182,0.333333,0.052632,0.818182
2025-09-20,B1: Static prior,18,0.388889,0.350000,4_10 5_14 5_9 7_16 9_14 9_15 9_16,3_10 3_11 3_14 4_8 4_9 5_15 5_8 6_14 6_15 6_7 7_15 7_8 8_15,10_16 3_15 3_7 4_3 5_16 6_13 6_9 7_1 7_2 7_5 8_17,0.428571,,0.600000,0.250000,0.481481,0.666667,0.428571,0.600000,0.025641,0.538462
2025-09-20,TTM,18,0.333333,0.300000,4_10 5_14 5_9 9_14 9_15 9_16,3_10 3_11 3_14 3_5 4_9 5_8 6_15 6_3 6_4 6_7 7_15 8_15 8_16 8_8,10_16 3_15 3_7 4_3 5_16 6_13 6_9 7_1 7_16 7_2 7_5 8_17,0.333333,0.600000,,0.250000,0.428571,0.481481,0.290323,0.428571,0.025641,0.379310
2025-09-20,ET,18,0.111111,0.100000,3_7 7_16,10_14 10_17 3_10 3_11 3_14 4_6 4_7 4_8 4_9 5_15 5_4 6_3 6_4 6_7 7_14 7_3 8_16 8_6,10_16 3_15 4_10 4_3 5_14 5_16 5_9 6_13 6_9 7_1 7_2 7_5 8_17 9_14 9_15 9_16,0.081081,0.250000,0.250000,,0.142857,0.176471,0.052632,0.176471,0.000000,0.142857
2025-09-20,B5: B2+B3,18,0.444444,0.400000,4_10 5_9 7_16 7_5 8_17 9_14 9_15 9_16,3_10 3_16 3_9 4_9 5_15 6_15 7_15 7_8 8_15 8_16 8_7 8_8,10_16 3_15 3_7 4_3 5_14 5_16 6_13 6_9 7_1 7_2,0.739130,0.481481,0.428571,0.142857,,0.538462,0.666667,0.481481,0.025641,0.739130
2025-09-20,B4: B1+B3,18,0.444444,0.400000,4_10 5_14 5_9 6_13 7_16 7_5 9_14 9_15,3_10 3_11 4_8 4_9 5_15 5_7 5_8 6_15 7_15 7_8 8_15 8_8,10_16 3_15 3_7 4_3 5_16 6_9 7_1 7_2 8_17 9_16,0.379310,0.666667,0.481481,0.176471,0.538462,,0.379310,0.904762,0.025641,0.481481
2025-09-20,B2: Recent MA,18,0.500000,0.450000,10_16 4_10 5_9 7_16 7_5 8_17 9_14 9_15 9_16,3_16 3_9 4_9 6_14 6_15 7_15 7_8 8_15 8_3 8_7 9_10,3_15 3_7 4_3 5_14 5_16 6_13 6_9 7_1 7_2,0.818182,0.428571,0.290323,0.052632,0.666667,0.379310,,0.333333,0.025641,0.739130
2025-09-20,B3: DoY season,18,0.388889,0.350000,5_14 5_9 6_13 7_16 7_5 9_14 9_15,3_10 3_11 4_8 4_9 5_13 5_15 5_7 5_8 6_15 7_15 7_8 8_15 8_8,10_16 3_15 3_7 4_10 4_3 5_16 6_9 7_1 7_2 8_17 9_16,0.333333,0.600000,0.428571,0.176471,0.481481,0.904762,0.333333,,0.025641,0.428571
2025-09-20,B0: Random,18,0.055556,0.050000,9_14,10_15 10_8 11_11 11_17 11_7 1_8 2_1 2_19 2_8 5_10 6_17 6_18 7_11 7_12 7_4 8_18 8_2 8_4 9_5,10_16 3_15 3_7 4_10 4_3 5_14 5_16 5_9 6_13 6_9 7_1 7_16 7_2 7_5 8_17 9_15 9_16,0.052632,0.025641,0.025641,0.000000,0.025641,0.025641,0.025641,0.025641,,0.025641
2025-09-21,GLM-Logit,16,0.500000,0.400000,3_10 4_10 5_9 7_15 7_5 7_8 8_16 8_7,10_16 3_16 3_9 4_8 4_9 6_14 6_15 7_16 8_15 9_14 9_15 9_16,10_14 10_15 3_14 5_10 5_13 5_15 6_9 7_1,0.818182,0.538462,0.379310,0.142857,0.739130,0.481481,0.666667,0.379310,0.025641,
2025-09-21,HierBayes,16,0.562500,0.450000,10_15 3_10 4_10 5_9 7_15 7_5 7_8 8_16 8_7,10_16 3_16 3_9 4_9 6_15 7_16 8_15 8_17 9_14 9_15 9_16,10_14 3_14 5_10 5_13 5_15 6_9 7_1,,0.428571,0.379310,0.111111,0.818182,0.428571,0.739130,0.333333,0.025641,0.818182
2025-09-21,B1: Static prior,16,0.437500,0.350000,3_10 3_14 4_10 5_15 5_9 7_15 7_8,3_11 4_8 4_9 5_14 5_8 6_14 6_15 6_7 7_16 8_15 9_14 9_15 9_16,10_14 10_15 5_10 5_13 6_9 7_1 7_5 8_16 8_7,0.428571,,0.600000,0.250000,0.481481,0.666667,0.379310,0.538462,0.025641,0.538462
2025-09-21,TTM,16,0.312500,0.250000,3_10 3_14 4_10 5_9 7_15,3_11 3_9 4_9 5_14 5_8 6_15 6_3 6_4 6_7 8_15 8_5 8_8 9_14 9_15 9_16,10_14 10_15 5_10 5_13 5_15 6_9 7_1 7_5 7_8 8_16 8_7,0.379310,0.600000,,0.212121,0.379310,0.481481,0.333333,0.428571,0.052632,0.379310
2025-09-21,ET,16,0.312500,0.250000,10_14 3_10 3_14 5_15 8_16,10_17 3_11 3_7 4_6 4_7 4_8 4_9 5_4 6_3 6_4 6_7 7_14 7_16 7_3 8_6,10_15 4_10 5_10 5_13 5_9 6_9 7_1 7_15 7_5 7_8 8_7,0.111111,0.250000,0.212121,,0.142857,0.176471,0.081081,0.142857,0.025641,0.142857
2025-09-21,B5: B2+B3,16,0.562500,0.450000,3_10 4_10 5_15 5_9 7_15 7_5 7_8 8_16 8_7,10_16 3_16 4_9 6_15 7_16 8_15 8_17 8_8 9_14 9_15 9_16,10_14 10_15 3_14 5_10 5_13 6_9 7_1,0.818182,0.481481,0.379310,0.142857,,0.538462,0.818182,0.428571,0.052632,0.739130
2025-09-21,B4: B1+B3,16,0.500000,0.400000,3_10 4_10 5_13 5_15 5_9 7_15 7_5 7_8,3_11 4_8 4_9 5_14 5_8 6_13 6_15 7_16 8_15 8_8 9_14 9_15,10_14 10_15 3_14 5_10 6_9 7_1 8_16 8_7,0.428571,0.666667,0.481481,0.176471,0.538462,,0.428571,0.818182,0.081081,0.481481
2025-09-21,B2: Recent MA,16,0.437500,0.350000,4_10 5_9 7_15 7_5 7_8 8_16 8_7,10_16 3_16 4_9 6_15 7_16 8_15 8_17 8_3 8_8 9_10 9_14 9_15 9_16,10_14 10_15 3_10 3_14 5_10 5_13 5_15 6_9 7_1,0.739130,0.379310,0.333333,0.081081,0.818182,0.428571,,0.333333,0.052632,0.666667
2025-09-21,B3: DoY season,16,0.437500,0.350000,3_10 5_13 5_15 5_9 7_15 7_5 7_8,3_11 4_11 4_8 4_9 5_14 5_7 5_8 6_13 6_15 8_15 8_8 9_14 9_15,10_14 10_15 3_14 4_10 5_10 6_9 7_1 8_16 8_7,0.333333,0.538462,0.428571,0.142857,0.428571,0.818182,0.333333,,0.081081,0.379310
2025-09-21,B0: Random,16,0.000000,0.000000,,0_1 0_5 0_9 10_5 12_12 12_13 1_14 2_1 2_17 2_19 3_0 3_18 4_14 4_6 6_13 6_17 7_11 7_19 8_8 9_15,10_14 10_15 3_10 3_14 4_10 5_10 5_13 5_15 5_9 6_9 7_1 7_15 7_5 7_8 8_16 8_7,0.025641,0.025641,0.052632,0.025641,0.052632,0.081081,0.052632,0.081081,,0.025641
2025-09-22,GLM-Logit,27,0.444444,0.600000,10_16 4_10 4_8 4_9 5_9 7_15 7_16 8_15 8_16 8_17 9_14 9_16,3_10 3_16 6_14 6_15 7_5 7_8 8_7 9_15,10_13 10_15 3_11 3_5 4_3 5_11 5_5 5_7 6_12 6_16 6_2 6_4 6_7 8_2 8_9,0.818182,0.538462,0.428571,0.142857,0.818182,0.538462,0.739130,0.333333,0.081081,
2025-09-22,HierBayes,27,0.444444,0.600000,10_15 10_16 4_10 4_9 5_9 7_15 7_16 8_15 8_16 8_17 9_14 9_16,3_10 3_16 3_9 6_15 7_5 7_8 8_7 9_15,10_13 3_11 3_5 4_3 4_8 5_11 5_5 5_7 6_12 6_16 6_2 6_4 6_7 8_2 8_9,,0.428571,0.379310,0.111111,0.739130,0.428571,0.818182,0.290323,0.025641,0.818182
2025-09-22,B1: Static prior,27,0.407407,0.550000,3_11 4_10 4_8 4_9 5_9 6_7 7_15 7_16 8_15 9_14 9_16,3_10 3_14 5_14 5_15 5_8 6_14 6_15 7_8 9_15,10_13 10_15 10_16 3_5 4_3 5_11 5_5 5_7 6_12 6_16 6_2 6_4 8_16 8_17 8_2 8_9,0.428571,,0.600000,0.250000,0.538462,0.739130,0.379310,0.481481,0.111111,0.538462
2025-09-22,TTM,27,0.370370,0.500000,3_11 4_10 4_9 5_9 6_4 7_15 7_16 8_16 9_14 9_16,3_10 3_14 5_14 5_4 5_8 6_14 6_15 8_5 8_8 9_15,10_13 10_15 10_16 3_5 4_3 4_8 5_11 5_5 5_7 6_12 6_16 6_2 6_7 8_15 8_17 8_2 8_9,0.379310,0.600000,,0.250000,0.428571,0.538462,0.333333,0.379310,0.111111,0.428571
2025-09-22,ET,27,0.259259,0.350000,3_11 4_8 4_9 6_4 6_7 7_16 8_16,10_14 10_17 3_10 3_14 3_7 4_6 4_7 5_15 5_4 6_3 7_14 7_3 8_6,10_13 10_15 10_16 3_5 4_10 4_3 5_11 5_5 5_7 5_9 6_12 6_16 6_2 7_15 8_15 8_17 8_2 8_9 9_14 9_16,0.111111,0.250000,0.250000,,0.176471,0.176471,0.081081,0.142857,0.052632,0.142857
2025-09-22,B5: B2+B3,27,0.407407,0.550000,10_16 4_10 4_8 4_9 5_9 7_15 7_16 8_15 8_16 9_14 9_16,3_10 3_16 5_15 6_15 7_5 7_8 8_7 8_8 9_15,10_13 10_15 3_11 3_5 4_3 5_11 5_5 5_7 6_12 6_16 6_2 6_4 6_7 8_17 8_2 8_9,0.739130,0.538462,0.428571,0.176471,,0.600000,0.666667,0.428571,0.052632,0.818182
2025-09-22,B4: B1+B3,27,0.333333,0.450000,3_11 4_10 4_8 4_9 5_9 7_15 7_16 8_15 9_14,3_10 5_14 5_15 5_8 6_13 6_14 6_15 7_5 7_8 8_8 9_15,10_13 10_15 10_16 3_5 4_3 5_11 5_5 5_7 6_12 6_16 6_2 6_4 6_7 8_16 8_17 8_2 8_9 9_16,0.428571,0.739130,0.538462,0.176471,0.600000,,0.379310,0.666667,0.111111,0.538462
2025-09-22,B2: Recent MA,27,0.444444,0.600000,10_15 10_16 4_10 4_9 5_9 7_15 7_16 8_15 8_16 8_17 9_14 9_16,3_16 6_15 7_5 7_8 8_3 8_7 9_10 9_15,10_13 3_11 3_5 4_3 4_8 5_11 5_5 5_7 6_12 6_16 6_2 6_4 6_7 8_2 8_9,0.818182,0.379310,0.333333,0.081081,0.666667,0.379310,,0.290323,0.000000,0.739130
2025-09-22,B3: DoY season,27,0.333333,0.450000,3_11 4_8 4_9 5_7 5_9 7_15 7_16 8_15 9_14,4_11 4_12 5_13 5_14 5_15 5_8 6_13 6_15 7_5 8_8 9_15,10_13 10_15 10_16 3_5 4_10 4_3 5_11 5_5 6_12 6_16 6_2 6_4 6_7 8_16 8_17 8_2 8_9 9_16,0.290323,0.481481,0.379310,0.142857,0.428571,0.666667,0.290323,,0.052632,0.333333
2025-09-22,B0: Random,27,0.074074,0.100000,4_8 5_11,0_19 0_2 11_14 11_5 11_6 11_9 1_7 2_17 2_2 3_10 4_15 5_0 5_14 6_14 6_18 7_6 8_13 8_5,10_13 10_15 10_16 3_11 3_5 4_10 4_3 4_9 5_5 5_7 5_9 6_12 6_16 6_2 6_4 6_7 7_15 7_16 8_15 8_16 8_17 8_2 8_9 9_14 9_16,0.025641,0.111111,0.111111,0.052632,0.052632,0.111111,0.000000,0.052632,,0.081081
2025-09-23,GLM-Logit,28,0.428571,0.600000,10_16 3_10 4_10 4_9 5_9 6_15 7_15 7_16 7_8 8_16 8_17 9_16,10_15 3_16 4_8 7_5 8_15 8_7 9_14 9_15,10_13 2_17 3_4 4_12 5_13 5_7 5_8 6_14 6_3 6_9 8_10 8_5 8_6 8_8 9_10 9_9,1.000000,0.481481,0.428571,0.142857,0.818182,0.428571,0.904762,0.290323,0.081081,
2025-09-23,HierBayes,28,0.428571,0.600000,10_16 3_10 4_10 4_9 5_9 6_15 7_15 7_16 7_8 8_16 8_17 9_16,10_15 3_16 4_8 7_5 8_15 8_7 9_14 9_15,10_13 2_17 3_4 4_12 5_13 5_7 5_8 6_14 6_3 6_9 8_10 8_5 8_6 8_8 9_10 9_9,,0.481481,0.428571,0.142857,0.818182,0.428571,0.904762,0.290323,0.081081,1.000000
2025-09-23,B1: Static prior,28,0.392857,0.550000,3_10 4_10 4_9 5_8 5_9 6_14 6_15 7_15 7_16 7_8 9_16,3_11 3_14 4_8 5_14 5_15 6_7 8_15 9_14 9_15,10_13 10_16 2_17 3_4 4_12 5_13 5_7 6_3 6_9 8_10 8_16 8_17 8_5 8_6 8_8 9_10 9_9,0.481481,,0.666667,0.250000,0.481481,0.666667,0.428571,0.481481,0.052632,0.481481
2025-09-23,TTM,28,0.428571,0.600000,3_10 4_10 4_9 5_8 5_9 6_14 6_15 7_15 7_16 8_16 8_8 9_16,3_11 3_14 3_6 4_8 6_4 6_7 9_14 9_15,10_13 10_16 2_17 3_4 4_12 5_13 5_7 6_3 6_9 7_8 8_10 8_17 8_5 8_6 9_10 9_9,0.428571,0.666667,,0.290323,0.428571,0.481481,0.379310,0.379310,0.052632,0.428571
2025-09-23,ET,28,0.214286,0.300000,3_10 4_9 6_3 7_16 8_16 8_6,10_14 10_17 3_11 3_14 3_7 4_6 4_7 4_8 5_15 5_4 6_4 6_7 7_14 7_3,10_13 10_16 2_17 3_4 4_10 4_12 5_13 5_7 5_8 5_9 6_14 6_15 6_9 7_15 7_8 8_10 8_17 8_5 8_8 9_10 9_16 9_9,0.142857,0.250000,0.290323,,0.142857,0.142857,0.111111,0.111111,0.081081,0.142857
2025-09-23,B5: B2+B3,28,0.464286,0.650000,10_16 3_10 4_10 4_9 5_9 6_15 7_15 7_16 7_8 8_16 8_17 8_8 9_16,3_16 5_15 7_5 8_15 8_7 9_14 9_15,10_13 2_17 3_4 4_12 5_13 5_7 5_8 6_14 6_3 6_9 8_10 8_5 8_6 9_10 9_9,0.818182,0.481481,0.428571,0.142857,,0.538462,0.818182,0.379310,0.081081,0.818182
2025-09-23,B4: B1+B3,28,0.428571,0.600000,3_10 4_10 4_9 5_7 5_8 5_9 6_14 6_15 7_15 7_16 7_8 8_8,3_11 5_14 5_15 6_13 7_5 8_15 9_14 9_15,10_13 10_16 2_17 3_4 4_12 5_13 6_3 6_9 8_10 8_16 8_17 8_5 8_6 9_10 9_16 9_9,0.428571,0.666667,0.481481,0.142857,0.538462,,0.428571,0.739130,0.025641,0.428571
2025-09-23,B2: Recent MA,28,0.428571,0.600000,10_16 3_10 4_10 4_9 5_9 6_15 7_15 7_16 7_8 8_16 8_17 9_16,10_15 3_16 7_5 8_15 8_3 8_7 9_14 9_15,10_13 2_17 3_4 4_12 5_13 5_7 5_8 6_14 6_3 6_9 8_10 8_5 8_6 8_8 9_10 9_9,0.904762,0.428571,0.379310,0.111111,0.818182,0.428571,,0.290323,0.081081,0.904762
2025-09-23,B3: DoY season,28,0.392857,0.550000,4_12 4_9 5_13 5_7 5_8 5_9 6_14 6_15 7_15 7_16 8_8,3_11 4_11 5_14 5_15 6_13 7_5 8_15 9_14 9_15,10_13 10_16 2_17 3_10 3_4 4_10 6_3 6_9 7_8 8_10 8_16 8_17 8_5 8_6 9_10 9_16 9_9,0.290323,0.481481,0.379310,0.111111,0.379310,0.739130,0.290323,,0.000000,0.290323
2025-09-23,B0: Random,28,0.142857,0.200000,10_16 7_8 8_16 9_10,0_13 11_5 12_18 1_7 2_11 2_15 2_9 3_8 4_18 4_2 6_10 6_6 6_7 7_14 8_1 8_12,10_13 2_17 3_10 3_4 4_10 4_12 4_9 5_13 5_7 5_8 5_9 6_14 6_15 6_3 6_9 7_15 7_16 8_10 8_17 8_5 8_6 8_8 9_16 9_9,0.081081,0.052632,0.052632,0.081081,0.081081,0.025641,0.081081,0.000000,,0.081081
2025-09-24,GLM-Logit,26,0.346154,0.450000,4_10 5_9 7_15 7_16 7_8 8_17 8_7 9_14 9_15,10_16 3_10 3_16 4_8 4_9 6_14 6_15 7_5 8_15 8_16 9_16,10_13 3_13 3_5 5_14 5_7 5_8 6_13 6_3 7_14 7_2 7_3 8_3 8_5 9_10 9_13 9_17 9_9,0.904762,0.538462,0.481481,0.142857,0.904762,0.428571,0.818182,0.333333,0.025641,
2025-09-24,HierBayes,26,0.346154,0.450000,4_10 5_9 7_15 7_16 7_8 8_17 8_7 9_14 9_15,10_15 10_16 3_10 3_16 4_8 4_9 6_15 7_5 8_15 8_16 9_16,10_13 3_13 3_5 5_14 5_7 5_8 6_13 6_3 7_14 7_2 7_3 8_3 8_5 9_10 9_13 9_17 9_9,,0.481481,0.481481,0.142857,0.818182,0.379310,0.904762,0.290323,0.025641,0.904762
2025-09-24,B1: Static prior,26,0.346154,0.450000,4_10 5_14 5_8 5_9 7_15 7_16 7_8 9_14 9_15,3_10 3_11 3_14 4_8 4_9 5_15 6_14 6_15 6_7 8_15 9_16,10_13 3_13 3_5 5_7 6_13 6_3 7_14 7_2 7_3 8_17 8_3 8_5 8_7 9_10 9_13 9_17 9_9,0.481481,,0.600000,0.250000,0.481481,0.600000,0.428571,0.481481,0.025641,0.538462
2025-09-24,TTM,26,0.307692,0.400000,4_10 5_9 6_3 7_15 7_16 7_8 9_14 9_15,10_16 3_10 3_11 3_14 4_9 6_15 6_4 6_7 8_15 8_6 8_8 9_16,10_13 3_13 3_5 5_14 5_7 5_8 6_13 7_14 7_2 7_3 8_17 8_3 8_5 8_7 9_10 9_13 9_17 9_9,0.481481,0.600000,,0.290323,0.538462,0.428571,0.538462,0.333333,0.025641,0.481481
2025-09-24,ET,26,0.153846,0.200000,6_3 7_14 7_16 7_3,10_14 10_17 3_10 3_11 3_14 3_7 4_6 4_7 4_8 4_9 5_15 5_4 6_4 6_7 8_16 8_6,10_13 3_13 3_5 4_10 5_14 5_7 5_8 5_9 6_13 7_15 7_2 7_8 8_17 8_3 8_5 8_7 9_10 9_13 9_14 9_15 9_17 9_9,0.142857,0.250000,0.290323,,0.111111,0.111111,0.111111,0.111111,0.025641,0.142857
2025-09-24,B5: B2+B3,26,0.346154,0.450000,4_10 5_9 7_15 7_16 7_8 8_17 8_7 9_14 9_15,10_16 3_10 3_16 4_9 6_14 6_15 7_5 8_15 8_16 8_8 9_16,10_13 3_13 3_5 5_14 5_7 5_8 6_13 6_3 7_14 7_2 7_3 8_3 8_5 9_10 9_13 9_17 9_9,0.818182,0.481481,0.538462,0.111111,,0.481481,0.904762,0.379310,0.025641,0.904762
2025-09-24,B4: B1+B3,26,0.384615,0.500000,4_10 5_14 5_7 5_8 5_9 6_13 7_15 7_8 9_14 9_15,3_10 3_11 4_11 4_9 5_15 6_14 6_15 7_5 8_15 8_8,10_13 3_13 3_5 6_3 7_14 7_16 7_2 7_3 8_17 8_3 8_5 8_7 9_10 9_13 9_17 9_9,0.379310,0.600000,0.428571,0.111111,0.481481,,0.428571,0.818182,0.052632,0.428571
2025-09-24,B2: Recent MA,26,0.346154,0.450000,4_10 5_9 7_15 7_16 7_8 8_17 8_7 9_14 9_15,10_15 10_16 3_10 3_16 4_9 6_15 7_5 8_15 8_16 8_8 9_16,10_13 3_13 3_5 5_14 5_7 5_8 6_13 6_3 7_14 7_2 7_3 8_3 8_5 9_10 9_13 9_17 9_9,0.904762,0.428571,0.538462,0.111111,0.904762,0.428571,,0.333333,0.025641,0.818182
2025-09-24,B3: DoY season,26,0.307692,0.400000,5_14 5_7 5_8 5_9 6_13 7_15 9_14 9_15,3_10 3_11 4_11 4_9 5_13 5_15 6_14 6_15 7_5 8_10 8_15 8_8,10_13 3_13 3_5 4_10 6_3 7_14 7_16 7_2 7_3 7_8 8_17 8_3 8_5 8_7 9_10 9_13 9_17 9_9,0.290323,0.481481,0.333333,0.111111,0.379310,0.818182,0.333333,,0.052632,0.333333
2025-09-24,B0: Random,26,0.076923,0.100000,5_7 9_9,10_0 11_16 11_17 11_7 11_8 12_12 12_16 1_6 2_1 2_10 2_14 3_17 4_12 4_17 4_9 6_9 7_7 8_9,10_13 3_13 3_5 4_10 5_14 5_8 5_9 6_13 6_3 7_14 7_15 7_16 7_2 7_3 7_8 8_17 8_3 8_5 8_7 9_10 9_13 9_14 9_15 9_17,0.025641,0.025641,0.025641,0.025641,0.025641,0.052632,0.025641,0.052632,,0.025641
2025-09-25,GLM-Logit,25,0.440000,0.550000,4_10 4_9 5_9 6_14 6_15 7_15 7_16 8_15 8_16 8_17 9_15,10_16 3_10 3_16 4_8 7_5 7_8 8_7 9_14 9_16,10_14 3_11 3_13 4_7 5_15 5_7 5_8 6_12 6_16 7_9 8_3 8_4 8_6 9_10,0.818182,0.538462,0.428571,0.142857,0.818182,0.428571,0.739130,0.333333,0.081081,
2025-09-25,HierBayes,25,0.440000,0.550000,4_10 4_9 5_7 5_9 6_15 7_15 7_16 8_15 8_16 8_17 9_15,10_15 10_16 3_10 3_16 7_5 7_8 8_7 9_14 9_16,10_14 3_11 3_13 4_7 5_15 5_8 6_12 6_14 6_16 7_9 8_3 8_4 8_6 9_10,,0.428571,0.428571,0.111111,0.818182,0.428571,0.739130,0.333333,0.052632,0.818182
2025-09-25,B1: Static prior,25,0.480000,0.600000,3_11 4_10 4_9 5_15 5_8 5_9 6_14 6_15 7_15 7_16 8_15 9_15,3_10 3_14 4_8 5_14 6_7 7_8 9_14 9_16,10_14 3_13 4_7 5_7 6_12 6_16 7_9 8_16 8_17 8_3 8_4 8_6 9_10,0.428571,,0.600000,0.250000,0.428571,0.600000,0.379310,0.481481,0.052632,0.538462
2025-09-25,TTM,25,0.400000,0.500000,4_10 4_9 5_8 5_9 6_15 7_15 7_16 8_15 8_6 9_15,3_10 3_14 6_3 6_4 6_6 6_7 7_8 8_8 9_14 9_16,10_14 3_11 3_13 4_7 5_15 5_7 6_12 6_14 6_16 7_9 8_16 8_17 8_3 8_4 9_10,0.428571,0.600000,,0.250000,0.428571,0.428571,0.428571,0.333333,0.025641,0.428571
2025-09-25,ET,25,0.320000,0.400000,10_14 3_11 4_7 4_9 5_15 7_16 8_16 8_6,10_17 3_10 3_14 3_7 4_6 4_8 5_4 6_3 6_4 6_7 7_14 7_3,3_13 4_10 5_7 5_8 5_9 6_12 6_14 6_15 6_16 7_15 7_9 8_15 8_17 8_3 8_4 9_10 9_15,0.111111,0.250000,0.250000,,0.081081,0.081081,0.111111,0.081081,0.052632,0.142857
2025-09-25,B5: B2+B3,25,0.480000,0.600000,4_10 4_9 5_7 5_9 6_14 6_15 7_15 7_16 8_15 8_16 8_17 9_15,10_16 3_16 7_5 7_8 8_7 8_8 9_14 9_16,10_14 3_11 3_13 4_7 5_15 5_8 6_12 6_16 7_9 8_3 8_4 8_6 9_10,0.818182,0.428571,0.428571,0.081081,,0.538462,0.739130,0.428571,0.052632,0.818182
2025-09-25,B4: B1+B3,25,0.480000,0.600000,3_11 4_10 4_9 5_15 5_7 5_8 5_9 6_14 6_15 7_15 8_15 9_15,4_11 5_14 6_13 7_5 7_8 8_8 9_14 9_16,10_14 3_13 4_7 6_12 6_16 7_16 7_9 8_16 8_17 8_3 8_4 8_6 9_10,0.428571,0.600000,0.428571,0.081081,0.538462,,0.379310,0.818182,0.025641,0.428571
2025-09-25,B2: Recent MA,25,0.440000,0.550000,4_10 4_9 5_9 6_15 7_15 7_16 8_16 8_17 8_3 9_10 9_15,10_16 3_10 3_16 7_5 7_8 8_7 8_8 9_14 9_16,10_14 3_11 3_13 4_7 5_15 5_7 5_8 6_12 6_14 6_16 7_9 8_15 8_4 8_6,0.739130,0.379310,0.428571,0.111111,0.739130,0.379310,,0.290323,0.052632,0.739130
2025-09-25,B3: DoY season,25,0.480000,0.600000,3_11 4_10 4_9 5_15 5_7 5_8 5_9 6_14 6_15 7_15 8_15 9_15,4_11 5_13 5_14 6_13 7_5 8_10 8_8 9_14,10_14 3_13 4_7 6_12 6_16 7_16 7_9 8_16 8_17 8_3 8_4 8_6 9_10,0.333333,0.481481,0.333333,0.081081,0.428571,0.818182,0.290323,,0.025641,0.333333
2025-09-25,B0: Random,25,0.040000,0.050000,10_14,10_11 10_4 10_5 10_6 11_16 12_9 1_11 1_7 2_0 2_5 2_8 3_16 3_2 4_12 4_14 4_8 5_6 8_11 9_14,3_11 3_13 4_10 4_7 4_9 5_15 5_7 5_8 5_9 6_12 6_14 6_15 6_16 7_15 7_16 7_9 8_15 8_16 8_17 8_3 8_4 8_6 9_10 9_15,0.052632,0.052632,0.025641,0.052632,0.052632,0.025641,0.052632,0.025641,,0.081081
2025-09-26,GLM-Logit,25,0.440000,0.550000,10_16 4_10 4_9 5_9 6_14 7_15 7_16 8_15 8_16 9_14 9_15,3_10 3_16 5_7 5_8 6_15 7_8 8_17 8_7 9_16,4_8 5_14 5_16 5_3 6_13 7_14 7_5 8_10 8_2 8_5 8_6 8_8 8_9 9_3,0.739130,0.538462,0.481481,0.111111,0.818182,0.481481,0.818182,0.379310,0.000000,
2025-09-26,HierBayes,25,0.400000,0.500000,10_16 4_10 4_9 5_9 7_15 7_16 7_5 8_16 9_14 9_15,10_15 3_10 3_16 5_7 6_15 7_8 8_17 8_7 9_10 9_16,4_8 5_14 5_16 5_3 6_13 6_14 7_14 8_10 8_15 8_2 8_5 8_6 8_8 8_9 9_3,,0.379310,0.379310,0.111111,0.739130,0.379310,0.818182,0.290323,0.052632,0.739130
2025-09-26,B1: Static prior,25,0.440000,0.550000,4_10 4_8 4_9 5_14 5_9 6_14 7_15 7_16 8_15 9_14 9_15,3_10 3_11 3_14 5_15 5_8 6_15 6_7 7_8 9_16,10_16 5_16 5_3 6_13 7_14 7_5 8_10 8_16 8_2 8_5 8_6 8_8 8_9 9_3,0.379310,,0.600000,0.250000,0.428571,0.600000,0.428571,0.481481,0.000000,0.538462
2025-09-26,TTM,25,0.400000,0.500000,4_10 4_9 5_9 6_14 7_15 8_16 8_6 8_8 9_14 9_15,3_10 3_11 3_14 5_8 6_15 6_3 6_4 6_7 7_8 9_16,10_16 4_8 5_14 5_16 5_3 6_13 7_14 7_16 7_5 8_10 8_15 8_2 8_5 8_9 9_3,0.379310,0.600000,,0.290323,0.428571,0.481481,0.379310,0.379310,0.000000,0.481481
2025-09-26,ET,25,0.240000,0.300000,4_8 4_9 7_14 7_16 8_16 8_6,10_14 10_17 3_10 3_11 3_14 3_7 4_6 4_7 5_15 5_4 6_3 6_4 6_7 7_3,10_16 4_10 5_14 5_16 5_3 5_9 6_13 6_14 7_15 7_5 8_10 8_15 8_2 8_5 8_8 8_9 9_14 9_15 9_3,0.111111,0.250000,0.290323,,0.081081,0.081081,0.111111,0.081081,0.025641,0.111111
2025-09-26,B5: B2+B3,25,0.520000,0.650000,10_16 4_10 4_9 5_9 6_14 7_15 7_16 7_5 8_15 8_16 8_8 9_14 9_15,3_16 5_7 6_15 7_8 8_17 8_7 9_16,4_8 5_14 5_16 5_3 6_13 7_14 8_10 8_2 8_5 8_6 8_9 9_3,0.739130,0.428571,0.428571,0.081081,,0.538462,0.739130,0.428571,0.025641,0.818182
2025-09-26,B4: B1+B3,25,0.480000,0.600000,4_10 4_9 5_14 5_9 6_13 6_14 7_15 7_5 8_15 8_8 9_14 9_15,3_11 4_11 5_15 5_7 5_8 6_15 7_8 9_16,10_16 4_8 5_16 5_3 7_14 7_16 8_10 8_16 8_2 8_5 8_6 8_9 9_3,0.379310,0.600000,0.481481,0.081081,0.538462,,0.379310,0.818182,0.025641,0.481481
2025-09-26,B2: Recent MA,25,0.400000,0.500000,10_16 4_10 4_9 5_9 7_15 7_16 8_15 8_16 9_14 9_15,3_10 3_16 5_7 6_15 7_8 8_17 8_3 8_7 9_10 9_16,4_8 5_14 5_16 5_3 6_13 6_14 7_14 7_5 8_10 8_2 8_5 8_6 8_8 8_9 9_3,0.818182,0.428571,0.379310,0.111111,0.739130,0.379310,,0.290323,0.000000,0.818182
2025-09-26,B3: DoY season,25,0.480000,0.600000,4_10 4_9 5_14 5_9 6_13 6_14 7_15 7_5 8_15 8_8 9_14 9_15,3_11 3_5 4_11 5_13 5_15 5_7 5_8 6_15,10_16 4_8 5_16 5_3 7_14 7_16 8_10 8_16 8_2 8_5 8_6 8_9 9_3,0.290323,0.481481,0.379310,0.081081,0.428571,0.818182,0.290323,,0.052632,0.379310
2025-09-26,B0: Random,25,0.040000,0.050000,7_5,0_17 0_3 0_9 10_15 10_17 12_13 1_16 1_2 1_7 2_14 3_5 4_17 6_18 7_12 8_1 8_11 8_12 8_14 9_9,10_16 4_10 4_8 4_9 5_14 5_16 5_3 5_9 6_13 6_14 7_14 7_15 7_16 8_10 8_15 8_16 8_2 8_5 8_6 8_8 8_9 9_14 9_15 9_3,0.052632,0.000000,0.000000,0.025641,0.025641,0.025641,0.000000,0.052632,,0.000000
2025-09-27,GLM-Logit,29,0.482759,0.700000,10_16 4_10 5_9 6_15 7_15 7_16 7_5 7_8 8_16 8_7 8_8 9_14 9_15 9_16,3_10 3_16 4_9 5_7 8_15 8_17,10_13 1_11 2_3 4_15 4_3 5_16 5_3 6_16 6_8 7_4 7_7 7_9 8_10 8_4 9_9,0.818182,0.428571,0.481481,0.111111,0.904762,0.481481,0.904762,0.379310,0.000000,
2025-09-27,HierBayes,29,0.448276,0.650000,10_16 4_10 5_9 6_15 7_15 7_16 7_5 7_8 8_16 8_7 9_14 9_15 9_16,10_15 3_10 3_16 4_9 5_7 8_17 9_10,10_13 1_11 2_3 4_15 4_3 5_16 5_3 6_16 6_8 7_4 7_7 7_9 8_10 8_4 8_8 9_9,,0.379310,0.428571,0.111111,0.739130,0.379310,0.904762,0.290323,0.000000,0.818182
2025-09-27,B1: Static prior,29,0.310345,0.450000,4_10 5_9 6_15 7_15 7_16 7_8 9_14 9_15 9_16,3_10 3_11 3_14 4_8 4_9 5_14 5_15 5_8 6_14 6_7 8_15,10_13 10_16 1_11 2_3 4_15 4_3 5_16 5_3 6_16 6_8 7_4 7_5 7_7 7_9 8_10 8_16 8_4 8_7 8_8 9_9,0.379310,,0.666667,0.250000,0.428571,0.666667,0.379310,0.481481,0.052632,0.428571
2025-09-27,TTM,29,0.379310,0.550000,4_10 5_9 6_15 7_15 7_16 7_8 8_16 8_8 9_14 9_15 9_16,3_10 3_11 3_14 3_9 4_9 5_14 5_8 6_4 6_7,10_13 10_16 1_11 2_3 4_15 4_3 5_16 5_3 6_16 6_8 7_4 7_5 7_7 7_9 8_10 8_4 8_7 9_9,0.428571,0.666667,,0.250000,0.428571,0.538462,0.481481,0.379310,0.052632,0.481481
2025-09-27,ET,29,0.068966,0.100000,7_16 8_16,10_14 10_17 3_10 3_11 3_14 3_7 4_6 4_7 4_8 4_9 5_15 5_4 6_3 6_4 6_7 7_14 7_3 8_6,10_13 10_16 1_11 2_3 4_10 4_15 4_3 5_16 5_3 5_9 6_15 6_16 6_8 7_15 7_4 7_5 7_7 7_8 7_9 8_10 8_4 8_7 8_8 9_14 9_15 9_16 9_9,0.111111,0.250000,0.250000,,0.081081,0.111111,0.111111,0.081081,0.081081,0.111111
2025-09-27,B5: B2+B3,29,0.482759,0.700000,10_16 4_10 5_9 6_15 7_15 7_16 7_5 7_8 8_16 8_7 8_8 9_14 9_15 9_16,3_16 4_9 5_7 6_14 8_15 8_17,10_13 1_11 2_3 4_15 4_3 5_16 5_3 6_16 6_8 7_4 7_7 7_9 8_10 8_4 9_9,0.739130,0.428571,0.428571,0.081081,,0.481481,0.818182,0.428571,0.000000,0.904762
2025-09-27,B4: B1+B3,29,0.310345,0.450000,4_10 5_9 6_15 7_15 7_8 8_8 9_14 9_15 9_16,3_10 3_11 4_11 4_9 5_14 5_15 5_7 5_8 6_13 6_14 8_15,10_13 10_16 1_11 2_3 4_15 4_3 5_16 5_3 6_16 6_8 7_16 7_4 7_5 7_7 7_9 8_10 8_16 8_4 8_7 9_9,0.379310,0.666667,0.538462,0.111111,0.481481,,0.428571,0.739130,0.052632,0.481481
2025-09-27,B2: Recent MA,29,0.482759,0.700000,10_16 4_10 5_9 6_15 7_15 7_16 7_5 7_8 8_16 8_7 8_8 9_14 9_15 9_16,3_10 3_16 4_9 5_7 8_17 9_10,10_13 1_11 2_3 4_15 4_3 5_16 5_3 6_16 6_8 7_4 7_7 7_9 8_10 8_4 9_9,0.904762,0.379310,0.481481,0.111111,0.818182,0.428571,,0.333333,0.000000,0.904762
2025-09-27,B3: DoY season,29,0.275862,0.400000,4_10 5_9 6_15 7_15 7_5 8_8 9_14 9_15,3_11 3_5 4_11 4_9 5_13 5_14 5_15 5_7 5_8 6_13 6_14 8_15,10_13 10_16 1_11 2_3 4_15 4_3 5_16 5_3 6_16 6_8 7_16 7_4 7_7 7_8 7_9 8_10 8_16 8_4 8_7 9_16 9_9,0.290323,0.481481,0.379310,0.081081,0.428571,0.739130,0.333333,,0.052632,0.379310
2025-09-27,B0: Random,29,0.068966,0.100000,1_11 8_10,0_13 10_2 10_6 11_13 11_5 11_7 2_4 2_6 2_8 3_11 4_6 5_14 6_10 6_12 7_11 7_14 8_1 9_17,10_13 10_16 2_3 4_10 4_15 4_3 5_16 5_3 5_9 6_15 6_16 6_8 7_15 7_16 7_4 7_5 7_7 7_8 7_9 8_16 8_4 8_7 8_8 9_14 9_15 9_16 9_9,0.000000,0.052632,0.052632,0.081081,0.000000,0.052632,0.000000,0.052632,,0.000000
2025-09-28,GLM-Logit,32,0.531250,0.850000,10_16 3_10 4_10 4_9 5_9 6_15 7_15 7_16 7_5 8_15 8_16 8_17 8_7 8_8 9_14 9_15 9_16,3_16 5_8 7_8,10_13 2_3 2_4 3_7 4_12 5_14 5_15 5_4 6_9 8_2 8_4 8_5 8_6 9_17 9_9,0.904762,0.481481,0.600000,0.111111,0.904762,0.481481,0.818182,0.379310,0.025641,
2025-09-28,HierBayes,32,0.531250,0.850000,10_16 3_10 4_10 4_9 5_9 6_15 7_15 7_16 7_5 8_15 8_16 8_17 8_7 8_8 9_14 9_15 9_16,3_16 5_7 7_8,10_13 2_3 2_4 3_7 4_12 5_14 5_15 5_4 6_9 8_2 8_4 8_5 8_6 9_17 9_9,,0.428571,0.538462,0.111111,0.818182,0.481481,0.818182,0.379310,0.025641,0.904762
2025-09-28,B1: Static prior,32,0.406250,0.650000,3_10 4_10 4_9 5_14 5_15 5_9 6_15 7_15 7_16 8_15 9_14 9_15 9_16,3_11 3_14 4_8 5_8 6_14 6_7 7_8,10_13 10_16 2_3 2_4 3_7 4_12 5_4 6_9 7_5 8_16 8_17 8_2 8_4 8_5 8_6 8_7 8_8 9_17 9_9,0.428571,,0.600000,0.250000,0.481481,0.666667,0.379310,0.538462,0.025641,0.481481
2025-09-28,TTM,32,0.406250,0.650000,3_10 4_10 4_9 5_9 6_15 7_16 7_5 8_15 8_16 8_8 9_14 9_15 9_16,3_11 3_14 3_9 5_8 6_4 6_7 7_8,10_13 10_16 2_3 2_4 3_7 4_12 5_14 5_15 5_4 6_9 7_15 8_17 8_2 8_4 8_5 8_6 8_7 9_17 9_9,0.538462,0.600000,,0.250000,0.538462,0.481481,0.481481,0.379310,0.025641,0.600000
2025-09-28,ET,32,0.250000,0.400000,3_10 3_7 4_9 5_15 5_4 7_16 8_16 8_6,10_14 10_17 3_11 3_14 4_6 4_7 4_8 6_3 6_4 6_7 7_14 7_3,10_13 10_16 2_3 2_4 4_10 4_12 5_14 5_9 6_15 6_9 7_15 7_5 8_15 8_17 8_2 8_4 8_5 8_7 8_8 9_14 9_15 9_16 9_17 9_9,0.111111,0.250000,0.250000,,0.081081,0.142857,0.111111,0.081081,0.025641,0.111111
2025-09-28,B5: B2+B3,32,0.500000,0.800000,10_16 4_10 4_9 5_9 6_15 7_15 7_16 7_5 8_15 8_16 8_17 8_7 8_8 9_14 9_15 9_16,3_16 5_8 6_14 7_8,10_13 2_3 2_4 3_10 3_7 4_12 5_14 5_15 5_4 6_9 8_2 8_4 8_5 8_6 9_17 9_9,0.818182,0.481481,0.538462,0.081081,,0.481481,0.739130,0.428571,0.025641,0.904762
2025-09-28,B4: B1+B3,32,0.437500,0.700000,3_10 4_10 4_9 5_14 5_15 5_9 6_15 7_15 7_16 8_15 8_8 9_14 9_15 9_16,3_11 4_11 5_7 5_8 6_13 6_14,10_13 10_16 2_3 2_4 3_7 4_12 5_4 6_9 7_5 8_16 8_17 8_2 8_4 8_5 8_6 8_7 9_17 9_9,0.481481,0.666667,0.481481,0.142857,0.481481,,0.379310,0.818182,0.025641,0.481481
2025-09-28,B2: Recent MA,32,0.500000,0.800000,10_16 3_10 4_10 4_9 5_9 6_15 7_15 7_16 7_5 8_16 8_17 8_7 8_8 9_14 9_15 9_16,3_16 7_8 8_3 9_10,10_13 2_3 2_4 3_7 4_12 5_14 5_15 5_4 6_9 8_15 8_2 8_4 8_5 8_6 9_17 9_9,0.818182,0.379310,0.481481,0.111111,0.739130,0.379310,,0.290323,0.025641,0.818182
2025-09-28,B3: DoY season,32,0.375000,0.600000,4_10 4_9 5_14 5_15 5_9 6_15 7_15 8_15 8_8 9_14 9_15 9_16,3_11 3_5 4_11 5_13 5_7 5_8 6_13 6_14,10_13 10_16 2_3 2_4 3_10 3_7 4_12 5_4 6_9 7_16 7_5 8_16 8_17 8_2 8_4 8_5 8_6 8_7 9_17 9_9,0.379310,0.538462,0.379310,0.081081,0.428571,0.818182,0.290323,,0.000000,0.379310
2025-09-28,B0: Random,32,0.031250,0.050000,7_16,0_13 0_2 11_17 12_0 12_11 1_14 2_15 2_7 2_8 3_3 4_2 4_4 4_5 5_6 7_13 7_2 8_11 8_13 9_11,10_13 10_16 2_3 2_4 3_10 3_7 4_10 4_12 4_9 5_14 5_15 5_4 5_9 6_15 6_9 7_15 7_5 8_15 8_16 8_17 8_2 8_4 8_5 8_6 8_7 8_8 9_14 9_15 9_16 9_17 9_9,0.025641,0.025641,0.025641,0.025641,0.025641,0.025641,0.025641,0.000000,,0.025641
2025-09-29,GLM-Logit,19,0.631579,0.600000,5_14 5_8 5_9 6_15 7_16 7_8 8_15 8_16 8_7 8_8 9_14 9_16,10_16 3_10 4_10 4_9 7_15 7_5 8_17 9_15,3_4 7_2 8_14 8_4 8_6 9_10 9_13,0.739130,0.538462,0.600000,0.111111,0.818182,0.538462,0.818182,0.428571,0.052632,
2025-09-29,HierBayes,19,0.473684,0.450000,5_9 6_15 7_16 7_8 8_15 8_16 8_7 9_14 9_16,10_16 3_10 3_16 4_10 4_9 5_7 7_15 7_5 8_17 9_15 9_9,3_4 5_14 5_8 7_2 8_14 8_4 8_6 8_8 9_10 9_13,,0.428571,0.481481,0.111111,0.600000,0.379310,0.739130,0.333333,0.081081,0.739130
2025-09-29,B1: Static prior,19,0.473684,0.450000,5_14 5_8 5_9 6_15 7_16 7_8 8_15 9_14 9_16,3_10 3_11 3_14 4_10 4_8 4_9 5_15 6_14 6_7 7_15 9_15,3_4 7_2 8_14 8_16 8_4 8_6 8_7 8_8 9_10 9_13,0.428571,,0.538462,0.250000,0.600000,0.739130,0.428571,0.600000,0.052632,0.538462
2025-09-29,TTM,19,0.526316,0.500000,5_8 5_9 6_15 7_16 7_8 8_15 8_16 8_8 9_14 9_16,3_10 3_14 3_9 4_9 6_4 6_7 7_15 7_3 7_5 9_15,3_4 5_14 7_2 8_14 8_4 8_6 8_7 9_10 9_13,0.481481,0.538462,,0.250000,0.481481,0.428571,0.538462,0.333333,0.052632,0.600000
2025-09-29,ET,19,0.157895,0.150000,7_16 8_16 8_6,10_14 10_17 3_10 3_11 3_14 3_7 4_6 4_7 4_8 4_9 5_15 5_4 6_3 6_4 6_7 7_14 7_3,3_4 5_14 5_8 5_9 6_15 7_2 7_8 8_14 8_15 8_4 8_7 8_8 9_10 9_13 9_14 9_16,0.111111,0.250000,0.250000,,0.111111,0.176471,0.111111,0.111111,0.025641,0.111111
2025-09-29,B5: B2+B3,19,0.631579,0.600000,5_14 5_8 5_9 6_15 7_16 7_8 8_15 8_16 8_7 8_8 9_14 9_16,10_16 4_10 4_9 5_15 6_14 7_15 8_17 9_15,3_4 7_2 8_14 8_4 8_6 9_10 9_13,0.600000,0.600000,0.481481,0.111111,,0.600000,0.666667,0.538462,0.052632,0.818182
2025-09-29,B4: B1+B3,19,0.473684,0.450000,5_14 5_8 5_9 6_15 7_16 8_15 8_8 9_14 9_16,3_10 3_11 4_10 4_11 4_8 4_9 5_15 6_13 6_14 7_15 9_15,3_4 7_2 7_8 8_14 8_16 8_4 8_6 8_7 9_10 9_13,0.379310,0.739130,0.428571,0.176471,0.600000,,0.428571,0.818182,0.052632,0.538462
2025-09-29,B2: Recent MA,19,0.578947,0.550000,5_9 6_15 7_16 7_8 8_15 8_16 8_7 8_8 9_10 9_14 9_16,10_16 3_10 4_10 4_9 7_15 7_5 8_17 8_3 9_15,3_4 5_14 5_8 7_2 8_14 8_4 8_6 9_13,0.739130,0.428571,0.538462,0.111111,0.666667,0.428571,,0.333333,0.052632,0.818182
2025-09-29,B3: DoY season,19,0.421053,0.400000,5_14 5_8 5_9 6_15 8_15 8_8 9_14 9_16,3_11 3_5 4_10 4_11 4_8 4_9 5_15 5_7 6_13 6_14 7_15 9_15,3_4 7_16 7_2 7_8 8_14 8_16 8_4 8_6 8_7 9_10 9_13,0.333333,0.600000,0.333333,0.111111,0.538462,0.818182,0.333333,,0.052632,0.428571
2025-09-29,B0: Random,19,0.052632,0.050000,7_16,0_13 0_16 11_7 12_17 12_3 12_8 2_14 4_19 5_10 5_16 5_2 5_7 6_19 7_19 8_18 8_19 9_1 9_15 9_7,3_4 5_14 5_8 5_9 6_15 7_2 7_8 8_14 8_15 8_16 8_4 8_6 8_7 8_8 9_10 9_13 9_14 9_16,0.081081,0.052632,0.052632,0.025641,0.052632,0.052632,0.052632,0.052632,,0.052632
2025-09-30,GLM-Logit,36,0.277778,0.500000,3_10 4_10 4_9 5_14 5_9 7_15 8_16 8_17 8_8 9_14,10_16 5_8 6_15 7_16 7_5 7_8 8_15 8_7 9_15 9_16,11_16 2_4 3_11 3_14 4_3 4_8 5_13 5_3 5_4 6_12 6_13 6_14 6_16 6_3 6_4 6_9 7_1 7_2 7_4 8_14 8_4 8_5 8_6 9_10 9_3 9_9,0.818182,0.538462,0.600000,0.111111,0.818182,0.538462,0.904762,0.428571,0.000000,
2025-09-30,HierBayes,36,0.277778,0.500000,3_10 4_10 4_9 5_9 7_15 8_16 8_17 8_8 9_10 9_14,10_16 3_16 6_15 7_16 7_5 7_8 8_15 8_7 9_15 9_16,11_16 2_4 3_11 3_14 4_3 4_8 5_13 5_14 5_3 5_4 6_12 6_13 6_14 6_16 6_3 6_4 6_9 7_1 7_2 7_4 8_14 8_4 8_5 8_6 9_3 9_9,,0.428571,0.481481,0.111111,0.666667,0.428571,0.904762,0.333333,0.000000,0.818182
2025-09-30,B1: Static prior,36,0.305556,0.550000,3_10 3_11 3_14 4_10 4_8 4_9 5_14 5_9 6_14 7_15 9_14,5_15 5_8 6_15 6_7 7_16 7_8 8_15 9_15 9_16,11_16 2_4 4_3 5_13 5_3 5_4 6_12 6_13 6_16 6_3 6_4 6_9 7_1 7_2 7_4 8_14 8_16 8_17 8_4 8_5 8_6 8_8 9_10 9_3 9_9,0.428571,,0.538462,0.250000,0.600000,0.666667,0.481481,0.600000,0.000000,0.538462
2025-09-30,TTM,36,0.305556,0.550000,3_10 3_11 4_10 4_9 5_14 5_9 6_3 6_4 8_16 8_8 9_14,3_9 5_8 6_15 6_7 7_16 7_5 7_8 9_15 9_16,11_16 2_4 3_14 4_3 4_8 5_13 5_3 5_4 6_12 6_13 6_14 6_16 6_9 7_1 7_15 7_2 7_4 8_14 8_17 8_4 8_5 8_6 9_10 9_3 9_9,0.481481,0.538462,,0.250000,0.481481,0.481481,0.538462,0.379310,0.025641,0.600000
2025-09-30,ET,36,0.277778,0.500000,3_10 3_11 3_14 4_8 4_9 5_4 6_3 6_4 8_16 8_6,10_14 10_17 3_7 4_6 4_7 5_15 6_7 7_14 7_16 7_3,11_16 2_4 4_10 4_3 5_13 5_14 5_3 5_9 6_12 6_13 6_14 6_16 6_9 7_1 7_15 7_2 7_4 8_14 8_17 8_4 8_5 8_8 9_10 9_14 9_3 9_9,0.111111,0.250000,0.250000,,0.111111,0.111111,0.111111,0.111111,0.052632,0.111111
2025-09-30,B5: B2+B3,36,0.277778,0.500000,4_10 4_9 5_14 5_9 6_14 7_15 8_16 8_17 8_8 9_14,10_16 5_15 5_8 6_15 7_16 7_8 8_15 8_7 9_15 9_16,11_16 2_4 3_10 3_11 3_14 4_3 4_8 5_13 5_3 5_4 6_12 6_13 6_16 6_3 6_4 6_9 7_1 7_2 7_4 8_14 8_4 8_5 8_6 9_10 9_3 9_9,0.666667,0.600000,0.481481,0.111111,,0.600000,0.739130,0.538462,0.000000,0.818182
2025-09-30,B4: B1+B3,36,0.305556,0.550000,3_10 3_11 4_10 4_9 5_14 5_9 6_13 6_14 7_15 8_8 9_14,3_5 4_11 5_15 5_8 6_15 7_8 8_15 9_15 9_16,11_16 2_4 3_14 4_3 4_8 5_13 5_3 5_4 6_12 6_16 6_3 6_4 6_9 7_1 7_2 7_4 8_14 8_16 8_17 8_4 8_5 8_6 9_10 9_3 9_9,0.428571,0.666667,0.481481,0.111111,0.600000,,0.481481,0.818182,0.000000,0.538462
2025-09-30,B2: Recent MA,36,0.305556,0.550000,3_10 4_10 4_9 5_14 5_9 7_15 8_16 8_17 8_8 9_10 9_14,10_16 6_15 7_16 7_5 7_8 8_15 8_7 9_15 9_16,11_16 2_4 3_11 3_14 4_3 4_8 5_13 5_3 5_4 6_12 6_13 6_14 6_16 6_3 6_4 6_9 7_1 7_2 7_4 8_14 8_4 8_5 8_6 9_3 9_9,0.904762,0.481481,0.538462,0.111111,0.739130,0.481481,,0.379310,0.000000,0.904762
2025-09-30,B3: DoY season,36,0.333333,0.600000,3_11 4_10 4_8 4_9 5_14 5_9 6_12 6_13 6_14 7_15 8_8 9_14,3_5 4_11 5_15 5_8 6_15 8_15 9_15 9_16,11_16 2_4 3_10 3_14 4_3 5_13 5_3 5_4 6_16 6_3 6_4 6_9 7_1 7_2 7_4 8_14 8_16 8_17 8_4 8_5 8_6 9_10 9_3 9_9,0.333333,0.600000,0.379310,0.111111,0.538462,0.818182,0.379310,,0.000000,0.428571
2025-09-30,B0: Random,36,0.027778,0.050000,6_4,0_1 0_14 10_13 10_7 11_14 11_7 12_10 12_18 1_1 1_3 2_16 2_2 3_15 3_17 3_8 4_6 7_13 8_13 8_9,11_16 2_4 3_10 3_11 3_14 4_10 4_3 4_8 4_9 5_13 5_14 5_3 5_4 5_9 6_12 6_13 6_14 6_16 6_3 6_9 7_1 7_15 7_2 7_4 8_14 8_16 8_17 8_4 8_5 8_6 8_8 9_10 9_14 9_3 9_9,0.000000,0.000000,0.025641,0.052632,0.000000,0.000000,0.000000,0.000000,,0.000000
2025-10-01,GLM-Logit,34,0.529412,0.900000,10_16 4_10 4_9 5_14 5_8 5_9 6_15 7_15 7_16 7_8 8_15 8_16 8_17 8_7 8_8 9_14 9_15 9_16,3_10 8_6,10_14 2_3 3_13 3_5 4_11 5_15 6_11 6_12 6_14 6_16 6_7 7_5 7_6 8_3 8_4 9_10,0.818182,0.538462,0.481481,0.052632,0.818182,0.481481,0.739130,0.428571,0.081081,
2025-10-01,HierBayes,34,0.529412,0.900000,10_16 4_10 4_9 5_14 5_9 6_15 7_15 7_16 7_8 8_15 8_16 8_17 8_7 8_8 9_10 9_14 9_15 9_16,8_6 9_9,10_14 2_3 3_13 3_5 4_11 5_15 5_8 6_11 6_12 6_14 6_16 6_7 7_5 7_6 8_3 8_4,,0.428571,0.379310,0.111111,0.739130,0.428571,0.904762,0.379310,0.081081,0.818182
2025-10-01,B1: Static prior,34,0.470588,0.800000,4_10 4_9 5_14 5_15 5_8 5_9 6_14 6_15 6_7 7_15 7_16 7_8 8_15 9_14 9_15 9_16,3_10 3_11 3_14 4_8,10_14 10_16 2_3 3_13 3_5 4_11 6_11 6_12 6_16 7_5 7_6 8_16 8_17 8_3 8_4 8_7 8_8 9_10,0.428571,,0.538462,0.025641,0.538462,0.600000,0.428571,0.538462,0.052632,0.538462
2025-10-01,TTM,34,0.382353,0.650000,4_10 4_9 5_8 5_9 6_15 6_7 7_16 7_8 8_16 8_8 9_14 9_15 9_16,3_10 3_11 3_14 3_7 3_9 6_4 7_9,10_14 10_16 2_3 3_13 3_5 4_11 5_14 5_15 6_11 6_12 6_14 6_16 7_15 7_5 7_6 8_15 8_17 8_3 8_4 8_7 9_10,0.379310,0.538462,,0.000000,0.428571,0.379310,0.379310,0.333333,0.052632,0.481481
2025-10-01,ET,34,0.176471,0.300000,5_14 6_12 7_5 7_6 8_7 9_10,3_15 3_16 4_12 4_15 5_12 5_13 6_6 6_8 6_9 7_2 7_3 8_5 9_3 9_9,10_14 10_16 2_3 3_13 3_5 4_10 4_11 4_9 5_15 5_8 5_9 6_11 6_14 6_15 6_16 6_7 7_15 7_16 7_8 8_15 8_16 8_17 8_3 8_4 8_8 9_14 9_15 9_16,0.111111,0.025641,0.000000,,0.052632,0.052632,0.142857,0.052632,0.000000,0.052632
2025-10-01,B5: B2+B3,34,0.558824,0.950000,10_16 4_10 4_9 5_14 5_8 5_9 6_14 6_15 7_15 7_16 7_8 8_15 8_16 8_17 8_7 8_8 9_14 9_15 9_16,6_13,10_14 2_3 3_13 3_5 4_11 5_15 6_11 6_12 6_16 6_7 7_5 7_6 8_3 8_4 9_10,0.739130,0.538462,0.428571,0.052632,,0.600000,0.739130,0.538462,0.081081,0.818182
2025-10-01,B4: B1+B3,34,0.529412,0.900000,3_5 4_10 4_11 4_9 5_14 5_15 5_8 5_9 6_12 6_14 6_15 7_15 7_8 8_15 8_8 9_14 9_15 9_16,3_11 6_13,10_14 10_16 2_3 3_13 6_11 6_16 6_7 7_16 7_5 7_6 8_16 8_17 8_3 8_4 8_7 9_10,0.428571,0.600000,0.379310,0.052632,0.600000,,0.428571,0.904762,0.025641,0.481481
2025-10-01,B2: Recent MA,34,0.529412,0.900000,10_16 4_10 4_9 5_14 5_9 6_15 7_15 7_16 7_8 8_15 8_16 8_17 8_7 8_8 9_10 9_14 9_15 9_16,6_9 9_9,10_14 2_3 3_13 3_5 4_11 5_15 5_8 6_11 6_12 6_14 6_16 6_7 7_5 7_6 8_3 8_4,0.904762,0.428571,0.379310,0.142857,0.739130,0.428571,,0.379310,0.081081,0.739130
2025-10-01,B3: DoY season,34,0.500000,0.850000,3_5 4_10 4_11 4_9 5_14 5_15 5_8 5_9 6_12 6_14 6_15 7_15 8_15 8_8 9_14 9_15 9_16,3_11 5_7 6_13,10_14 10_16 2_3 3_13 6_11 6_16 6_7 7_16 7_5 7_6 7_8 8_16 8_17 8_3 8_4 8_7 9_10,0.379310,0.538462,0.333333,0.052632,0.538462,0.904762,0.379310,,0.025641,0.428571
2025-10-01,B0: Random,34,0.117647,0.200000,7_16 8_15 8_17 8_3,0_16 10_10 10_19 12_19 1_12 1_18 1_4 1_6 1_8 2_14 3_9 5_16 5_4 6_1 7_4 8_19,10_14 10_16 2_3 3_13 3_5 4_10 4_11 4_9 5_14 5_15 5_8 5_9 6_11 6_12 6_14 6_15 6_16 6_7 7_15 7_5 7_6 7_8 8_16 8_4 8_7 8_8 9_10 9_14 9_15 9_16,0.081081,0.052632,0.052632,0.000000,0.081081,0.025641,0.081081,0.025641,,0.081081
2025-10-02,GLM-Logit,36,0.444444,0.800000,10_16 4_10 4_9 5_8 5_9 7_15 7_16 8_15 8_16 8_17 8_6 8_7 8_8 9_14 9_15 9_16,3_10 5_14 6_15 7_8,10_13 2_3 3_12 3_15 3_9 4_6 5_13 5_15 5_3 6_12 6_13 6_16 6_5 6_7 7_1 7_5 7_6 7_9 8_9 9_13,0.818182,0.538462,0.481481,0.052632,0.818182,0.481481,0.818182,0.428571,0.025641,
2025-10-02,HierBayes,36,0.416667,0.750000,10_16 4_10 4_9 5_9 7_15 7_16 8_15 8_16 8_17 8_6 8_7 8_8 9_14 9_15 9_16,5_14 6_15 7_8 9_10 9_9,10_13 2_3 3_12 3_15 3_9 4_6 5_13 5_15 5_3 5_8 6_12 6_13 6_16 6_5 6_7 7_1 7_5 7_6 7_9 8_9 9_13,,0.428571,0.379310,0.111111,0.739130,0.428571,0.904762,0.379310,0.025641,0.818182
2025-10-02,B1: Static prior,36,0.333333,0.600000,4_10 4_9 5_15 5_8 5_9 6_7 7_15 7_16 8_15 9_14 9_15 9_16,3_10 3_11 3_14 4_8 5_14 6_14 6_15 7_8,10_13 10_16 2_3 3_12 3_15 3_9 4_6 5_13 5_3 6_12 6_13 6_16 6_5 7_1 7_5 7_6 7_9 8_16 8_17 8_6 8_7 8_8 8_9 9_13,0.428571,,0.538462,0.025641,0.538462,0.600000,0.428571,0.538462,0.025641,0.538462
2025-10-02,TTM,36,0.361111,0.650000,3_12 4_10 4_9 5_8 5_9 6_7 7_15 7_5 8_16 8_8 9_14 9_15 9_16,3_10 3_11 3_14 3_7 6_15 6_4 7_8,10_13 10_16 2_3 3_15 3_9 4_6 5_13 5_15 5_3 6_12 6_13 6_16 6_5 7_1 7_16 7_6 7_9 8_15 8_17 8_6 8_7 8_9 9_13,0.379310,0.538462,,0.025641,0.428571,0.428571,0.379310,0.379310,0.025641,0.481481
2025-10-02,ET,36,0.166667,0.300000,3_15 5_13 6_12 7_5 7_6 8_7,3_16 4_12 4_15 5_12 5_14 6_6 6_8 6_9 7_2 7_3 8_5 9_10 9_3 9_9,10_13 10_16 2_3 3_12 3_9 4_10 4_6 4_9 5_15 5_3 5_8 5_9 6_13 6_16 6_5 6_7 7_1 7_15 7_16 7_9 8_15 8_16 8_17 8_6 8_8 8_9 9_13 9_14 9_15 9_16,0.111111,0.025641,0.025641,,0.052632,0.052632,0.111111,0.052632,0.000000,0.052632
2025-10-02,B5: B2+B3,36,0.444444,0.800000,10_16 4_10 4_9 5_8 5_9 6_13 7_15 7_16 8_15 8_16 8_17 8_7 8_8 9_14 9_15 9_16,5_14 6_14 6_15 7_8,10_13 2_3 3_12 3_15 3_9 4_6 5_13 5_15 5_3 6_12 6_16 6_5 6_7 7_1 7_5 7_6 7_9 8_6 8_9 9_13,0.739130,0.538462,0.428571,0.052632,,0.600000,0.739130,0.538462,0.025641,0.818182
2025-10-02,B4: B1+B3,36,0.361111,0.650000,4_10 4_9 5_15 5_8 5_9 6_12 6_13 7_15 8_15 8_8 9_14 9_15 9_16,3_11 3_5 4_11 5_14 6_14 6_15 7_8,10_13 10_16 2_3 3_12 3_15 3_9 4_6 5_13 5_3 6_16 6_5 6_7 7_1 7_16 7_5 7_6 7_9 8_16 8_17 8_6 8_7 8_9 9_13,0.428571,0.600000,0.428571,0.052632,0.600000,,0.428571,0.904762,0.052632,0.481481
2025-10-02,B2: Recent MA,36,0.416667,0.750000,10_16 4_10 4_9 5_9 7_15 7_16 8_15 8_16 8_17 8_6 8_7 8_8 9_14 9_15 9_16,5_14 6_15 6_9 7_8 9_10,10_13 2_3 3_12 3_15 3_9 4_6 5_13 5_15 5_3 5_8 6_12 6_13 6_16 6_5 6_7 7_1 7_5 7_6 7_9 8_9 9_13,0.904762,0.428571,0.379310,0.111111,0.739130,0.428571,,0.379310,0.025641,0.818182
2025-10-02,B3: DoY season,36,0.361111,0.650000,4_10 4_9 5_15 5_8 5_9 6_12 6_13 7_15 8_15 8_8 9_14 9_15 9_16,3_11 3_5 4_11 5_14 5_7 6_14 6_15,10_13 10_16 2_3 3_12 3_15 3_9 4_6 5_13 5_3 6_16 6_5 6_7 7_1 7_16 7_5 7_6 7_9 8_16 8_17 8_6 8_7 8_9 9_13,0.379310,0.538462,0.379310,0.052632,0.538462,0.904762,0.379310,,0.052632,0.428571
2025-10-02,B0: Random,36,0.055556,0.100000,7_1 8_17,10_14 11_10 12_1 12_15 12_5 2_15 2_19 2_5 3_11 3_19 3_5 4_14 4_17 4_2 6_19 8_1 8_2 9_2,10_13 10_16 2_3 3_12 3_15 3_9 4_10 4_6 4_9 5_13 5_15 5_3 5_8 5_9 6_12 6_13 6_16 6_5 6_7 7_15 7_16 7_5 7_6 7_9 8_15 8_16 8_6 8_7 8_8 8_9 9_13 9_14 9_15 9_16,0.025641,0.025641,0.025641,0.000000,0.025641,0.052632,0.025641,0.052632,,0.025641
2025-10-03,GLM-Logit,38,0.421053,0.800000,10_16 4_10 4_9 5_8 5_9 6_15 7_15 7_8 8_15 8_16 8_17 8_6 8_8 9_14 9_15 9_16,3_10 5_14 7_16 8_7,10_15 2_17 2_4 3_11 3_15 3_17 4_12 4_3 5_12 5_13 5_15 5_4 6_12 7_14 7_5 7_7 8_3 8_4 8_5 9_3 9_4 9_9,0.818182,0.538462,0.481481,0.052632,0.818182,0.481481,0.818182,0.428571,0.081081,
2025-10-03,HierBayes,38,0.394737,0.750000,10_16 4_10 4_9 5_9 6_15 7_15 7_8 8_15 8_16 8_17 8_6 8_8 9_14 9_15 9_16,5_14 6_16 7_16 8_7 9_10,10_15 2_17 2_4 3_11 3_15 3_17 4_12 4_3 5_12 5_13 5_15 5_4 5_8 6_12 7_14 7_5 7_7 8_3 8_4 8_5 9_3 9_4 9_9,,0.428571,0.379310,0.081081,0.739130,0.379310,0.904762,0.379310,0.052632,0.818182
2025-10-03,B1: Static prior,38,0.342105,0.650000,3_11 4_10 4_9 5_15 5_8 5_9 6_15 7_15 7_8 8_15 9_14 9_15 9_16,3_10 3_14 4_8 5_14 6_14 6_7 7_16,10_15 10_16 2_17 2_4 3_15 3_17 4_12 4_3 5_12 5_13 5_4 6_12 7_14 7_5 7_7 8_16 8_17 8_3 8_4 8_5 8_6 8_8 9_3 9_4 9_9,0.428571,,0.538462,0.025641,0.538462,0.666667,0.428571,0.538462,0.081081,0.538462
2025-10-03,TTM,38,0.315789,0.600000,3_11 4_9 5_8 5_9 6_15 7_5 7_8 8_16 8_8 9_14 9_15 9_16,3_10 3_12 3_14 5_14 6_3 6_4 6_7 7_16,10_15 10_16 2_17 2_4 3_15 3_17 4_10 4_12 4_3 5_12 5_13 5_15 5_4 6_12 7_14 7_15 7_7 8_15 8_17 8_3 8_4 8_5 8_6 9_3 9_4 9_9,0.379310,0.538462,,0.052632,0.428571,0.379310,0.379310,0.333333,0.052632,0.481481
2025-10-03,ET,38,0.236842,0.450000,3_15 4_12 5_12 5_13 6_12 7_5 8_5 9_3 9_9,3_16 4_15 5_14 6_6 6_8 6_9 7_2 7_3 7_6 8_7 9_10,10_15 10_16 2_17 2_4 3_11 3_17 4_10 4_3 4_9 5_15 5_4 5_8 5_9 6_15 7_14 7_15 7_7 7_8 8_15 8_16 8_17 8_3 8_4 8_6 8_8 9_14 9_15 9_16 9_4,0.081081,0.025641,0.052632,,0.052632,0.025641,0.111111,0.025641,0.025641,0.052632
2025-10-03,B5: B2+B3,38,0.394737,0.750000,10_16 4_10 4_9 5_8 5_9 6_15 7_15 7_8 8_15 8_16 8_17 8_8 9_14 9_15 9_16,5_14 6_13 6_14 7_16 8_7,10_15 2_17 2_4 3_11 3_15 3_17 4_12 4_3 5_12 5_13 5_15 5_4 6_12 7_14 7_5 7_7 8_3 8_4 8_5 8_6 9_3 9_4 9_9,0.739130,0.538462,0.428571,0.052632,,0.538462,0.739130,0.538462,0.111111,0.818182
2025-10-03,B4: B1+B3,38,0.394737,0.750000,3_11 4_10 4_9 5_15 5_8 5_9 6_12 6_15 7_15 7_8 8_15 8_8 9_14 9_15 9_16,3_10 4_11 4_8 6_13 6_14,10_15 10_16 2_17 2_4 3_15 3_17 4_12 4_3 5_12 5_13 5_4 7_14 7_5 7_7 8_16 8_17 8_3 8_4 8_5 8_6 9_3 9_4 9_9,0.379310,0.666667,0.379310,0.025641,0.538462,,0.379310,0.818182,0.081081,0.481481
2025-10-03,B2: Recent MA,38,0.394737,0.750000,10_16 4_10 4_9 5_9 6_15 7_15 7_8 8_15 8_16 8_17 8_6 8_8 9_14 9_15 9_16,5_14 6_9 7_16 8_7 9_10,10_15 2_17 2_4 3_11 3_15 3_17 4_12 4_3 5_12 5_13 5_15 5_4 5_8 6_12 7_14 7_5 7_7 8_3 8_4 8_5 9_3 9_4 9_9,0.904762,0.428571,0.379310,0.111111,0.739130,0.379310,,0.379310,0.052632,0.818182
2025-10-03,B3: DoY season,38,0.394737,0.750000,3_11 4_10 4_9 5_15 5_8 5_9 6_12 6_15 7_15 7_8 8_15 8_8 9_14 9_15 9_16,3_5 4_11 5_7 6_13 6_14,10_15 10_16 2_17 2_4 3_15 3_17 4_12 4_3 5_12 5_13 5_4 7_14 7_5 7_7 8_16 8_17 8_3 8_4 8_5 8_6 9_3 9_4 9_9,0.379310,0.538462,0.333333,0.025641,0.538462,0.818182,0.379310,,0.081081,0.428571
2025-10-03,B0: Random,38,0.131579,0.250000,4_10 5_4 5_8 7_5 8_17,10_8 11_3 12_1 12_12 12_13 12_7 1_7 2_15 2_2 4_2 5_11 6_14 7_13 8_11 8_18,10_15 10_16 2_17 2_4 3_11 3_15 3_17 4_12 4_3 4_9 5_12 5_13 5_15 5_9 6_12 6_15 7_14 7_15 7_7 7_8 8_15 8_16 8_3 8_4 8_5 8_6 8_8 9_14 9_15 9_16 9_3 9_4 9_9,0.052632,0.081081,0.052632,0.025641,0.111111,0.081081,0.052632,0.081081,,0.081081
2025-10-04,GLM-Logit,40,0.300000,0.600000,4_10 4_9 5_14 5_8 5_9 6_15 7_16 8_15 8_6 8_8 9_14 9_16,10_16 7_15 7_5 7_8 8_16 8_17 8_7 9_15,0_11 10_14 3_10 3_11 3_12 3_14 3_5 3_6 3_7 4_13 4_4 5_15 5_16 6_12 6_14 6_16 6_4 6_9 7_11 7_2 7_3 8_10 8_11 8_4 8_5 8_9 9_4 9_9,0.904762,0.481481,0.481481,0.081081,0.904762,0.481481,1.000000,0.428571,0.025641,
2025-10-04,HierBayes,40,0.300000,0.600000,4_10 4_9 5_14 5_9 6_15 7_16 8_15 8_6 8_8 9_14 9_16 9_9,10_16 7_15 7_5 7_8 8_16 8_17 8_7 9_15,0_11 10_14 3_10 3_11 3_12 3_14 3_5 3_6 3_7 4_13 4_4 5_15 5_16 5_8 6_12 6_14 6_16 6_4 6_9 7_11 7_2 7_3 8_10 8_11 8_4 8_5 8_9 9_4,,0.428571,0.428571,0.111111,0.818182,0.428571,0.904762,0.379310,0.025641,0.904762
2025-10-04,B1: Static prior,40,0.375000,0.750000,3_10 3_11 3_14 4_10 4_9 5_14 5_15 5_8 5_9 6_14 6_15 7_16 8_15 9_14 9_16,4_8 6_7 7_15 7_8 9_15,0_11 10_14 3_12 3_5 3_6 3_7 4_13 4_4 5_16 6_12 6_16 6_4 6_9 7_11 7_2 7_3 8_10 8_11 8_4 8_5 8_6 8_8 8_9 9_4 9_9,0.428571,,0.600000,0.025641,0.538462,0.666667,0.481481,0.538462,0.081081,0.481481
2025-10-04,TTM,40,0.325000,0.650000,3_10 3_11 3_14 4_9 5_8 5_9 6_14 6_15 6_4 7_16 8_8 9_14 9_16,6_3 6_7 7_15 7_5 7_8 8_16 9_15,0_11 10_14 3_12 3_5 3_6 3_7 4_10 4_13 4_4 5_14 5_15 5_16 6_12 6_16 6_9 7_11 7_2 7_3 8_10 8_11 8_15 8_4 8_5 8_6 8_9 9_4 9_9,0.428571,0.600000,,0.025641,0.538462,0.481481,0.481481,0.428571,0.052632,0.481481
2025-10-04,ET,40,0.175000,0.350000,5_14 6_12 6_9 7_2 7_3 8_5 9_9,3_15 3_16 4_12 4_15 5_12 5_13 6_6 6_8 7_5 7_6 8_7 9_10 9_3,0_11 10_14 3_10 3_11 3_12 3_14 3_5 3_6 3_7 4_10 4_13 4_4 4_9 5_15 5_16 5_8 5_9 6_14 6_15 6_16 6_4 7_11 7_16 8_10 8_11 8_15 8_4 8_6 8_8 8_9 9_14 9_16 9_4,0.111111,0.025641,0.025641,,0.081081,0.052632,0.081081,0.025641,0.000000,0.081081
2025-10-04,B5: B2+B3,40,0.300000,0.600000,4_10 4_9 5_14 5_8 5_9 6_14 6_15 7_16 8_15 8_8 9_14 9_16,10_16 7_15 7_5 7_8 8_16 8_17 8_7 9_15,0_11 10_14 3_10 3_11 3_12 3_14 3_5 3_6 3_7 4_13 4_4 5_15 5_16 6_12 6_16 6_4 6_9 7_11 7_2 7_3 8_10 8_11 8_4 8_5 8_6 8_9 9_4 9_9,0.818182,0.538462,0.538462,0.081081,,0.538462,0.904762,0.481481,0.025641,0.904762
2025-10-04,B4: B1+B3,40,0.375000,0.750000,3_10 3_11 4_10 4_9 5_14 5_15 5_8 5_9 6_12 6_14 6_15 8_15 8_8 9_14 9_16,4_11 6_13 7_15 7_8 9_15,0_11 10_14 3_12 3_14 3_5 3_6 3_7 4_13 4_4 5_16 6_16 6_4 6_9 7_11 7_16 7_2 7_3 8_10 8_11 8_4 8_5 8_6 8_9 9_4 9_9,0.428571,0.666667,0.481481,0.052632,0.538462,,0.481481,0.818182,0.081081,0.481481
2025-10-04,B2: Recent MA,40,0.300000,0.600000,4_10 4_9 5_14 5_8 5_9 6_15 7_16 8_15 8_6 8_8 9_14 9_16,10_16 7_15 7_5 7_8 8_16 8_17 8_7 9_15,0_11 10_14 3_10 3_11 3_12 3_14 3_5 3_6 3_7 4_13 4_4 5_15 5_16 6_12 6_14 6_16 6_4 6_9 7_11 7_2 7_3 8_10 8_11 8_4 8_5 8_9 9_4 9_9,0.904762,0.481481,0.481481,0.081081,0.904762,0.481481,,0.428571,0.025641,1.000000
2025-10-04,B3: DoY season,40,0.350000,0.700000,3_11 3_12 4_10 4_9 5_15 5_8 5_9 6_12 6_14 6_15 8_15 8_8 9_14 9_16,4_11 5_7 6_13 7_15 7_8 9_15,0_11 10_14 3_10 3_14 3_5 3_6 3_7 4_13 4_4 5_14 5_16 6_16 6_4 6_9 7_11 7_16 7_2 7_3 8_10 8_11 8_4 8_5 8_6 8_9 9_4 9_9,0.379310,0.538462,0.428571,0.025641,0.481481,0.818182,0.428571,,0.052632,0.428571
2025-10-04,B0: Random,40,0.100000,0.200000,3_10 5_15 5_9 8_4,0_2 10_1 11_0 11_10 12_8 1_12 1_15 1_5 3_13 3_19 3_8 6_5 7_7 8_1 9_18 9_2,0_11 10_14 3_11 3_12 3_14 3_5 3_6 3_7 4_10 4_13 4_4 4_9 5_14 5_16 5_8 6_12 6_14 6_15 6_16 6_4 6_9 7_11 7_16 7_2 7_3 8_10 8_11 8_15 8_5 8_6 8_8 8_9 9_14 9_16 9_4 9_9,0.025641,0.081081,0.052632,0.000000,0.025641,0.081081,0.025641,0.052632,,0.025641
2025-10-05,GLM-Logit,43,0.395349,0.850000,3_10 4_10 4_9 5_8 5_9 6_15 7_15 7_16 7_5 7_8 8_15 8_16 8_6 8_8 9_14 9_15 9_16,10_16 5_14 8_17,10_14 10_15 3_11 3_12 3_13 3_14 3_15 3_5 3_6 4_11 5_15 5_4 6_12 6_13 6_8 7_14 7_3 7_4 7_6 8_10 8_4 8_5 8_7 9_17 9_4 9_9,0.818182,0.538462,0.538462,0.052632,0.739130,0.538462,0.904762,0.481481,0.081081,
2025-10-05,HierBayes,43,0.395349,0.850000,4_10 4_9 5_9 6_15 7_15 7_16 7_5 7_8 8_15 8_16 8_6 8_7 8_8 9_14 9_15 9_16 9_9,10_16 5_14 8_17,10_14 10_15 3_10 3_11 3_12 3_13 3_14 3_15 3_5 3_6 4_11 5_15 5_4 5_8 6_12 6_13 6_8 7_14 7_3 7_4 7_6 8_10 8_4 8_5 9_17 9_4,,0.428571,0.428571,0.111111,0.739130,0.428571,0.904762,0.379310,0.081081,0.818182
2025-10-05,B1: Static prior,43,0.372093,0.800000,3_10 3_11 3_14 4_10 4_9 5_15 5_8 5_9 6_15 7_15 7_16 7_8 8_15 9_14 9_15 9_16,4_8 5_14 6_14 6_7,10_14 10_15 3_12 3_13 3_15 3_5 3_6 4_11 5_4 6_12 6_13 6_8 7_14 7_3 7_4 7_5 7_6 8_10 8_16 8_4 8_5 8_6 8_7 8_8 9_17 9_4 9_9,0.428571,,0.666667,0.025641,0.538462,0.666667,0.481481,0.600000,0.025641,0.538462
2025-10-05,TTM,43,0.372093,0.800000,3_10 3_11 3_14 4_10 4_9 5_8 5_9 6_15 7_15 7_16 7_5 7_8 8_8 9_14 9_15 9_16,3_9 6_14 6_4 6_7,10_14 10_15 3_12 3_13 3_15 3_5 3_6 4_11 5_15 5_4 6_12 6_13 6_8 7_14 7_3 7_4 7_6 8_10 8_15 8_16 8_4 8_5 8_6 8_7 9_17 9_4 9_9,0.428571,0.666667,,0.025641,0.481481,0.538462,0.481481,0.481481,0.081081,0.538462
2025-10-05,ET,43,0.209302,0.450000,3_15 6_12 6_8 7_3 7_5 7_6 8_5 8_7 9_9,3_16 4_12 4_15 5_12 5_13 5_14 6_6 6_9 7_2 9_10 9_3,10_14 10_15 3_10 3_11 3_12 3_13 3_14 3_5 3_6 4_10 4_11 4_9 5_15 5_4 5_8 5_9 6_13 6_15 7_14 7_15 7_16 7_4 7_8 8_10 8_15 8_16 8_4 8_6 8_8 9_14 9_15 9_16 9_17 9_4,0.111111,0.025641,0.025641,,0.081081,0.052632,0.081081,0.052632,0.052632,0.052632
2025-10-05,B5: B2+B3,43,0.372093,0.800000,4_10 4_9 5_8 5_9 6_12 6_15 7_15 7_16 7_8 8_15 8_16 8_7 8_8 9_14 9_15 9_16,10_16 5_14 6_14 8_17,10_14 10_15 3_10 3_11 3_12 3_13 3_14 3_15 3_5 3_6 4_11 5_15 5_4 6_13 6_8 7_14 7_3 7_4 7_5 7_6 8_10 8_4 8_5 8_6 9_17 9_4 9_9,0.739130,0.538462,0.481481,0.081081,,0.600000,0.818182,0.538462,0.052632,0.739130
2025-10-05,B4: B1+B3,43,0.418605,0.900000,3_10 3_11 4_10 4_11 4_9 5_15 5_8 5_9 6_12 6_13 6_15 7_15 7_8 8_15 8_8 9_14 9_15 9_16,5_14 6_14,10_14 10_15 3_12 3_13 3_14 3_15 3_5 3_6 5_4 6_8 7_14 7_16 7_3 7_4 7_5 7_6 8_10 8_16 8_4 8_5 8_6 8_7 9_17 9_4 9_9,0.428571,0.666667,0.538462,0.052632,0.600000,,0.481481,0.904762,0.081081,0.538462
2025-10-05,B2: Recent MA,43,0.395349,0.850000,4_10 4_9 5_8 5_9 6_15 7_15 7_16 7_5 7_8 8_15 8_16 8_6 8_7 8_8 9_14 9_15 9_16,10_16 5_14 8_17,10_14 10_15 3_10 3_11 3_12 3_13 3_14 3_15 3_5 3_6 4_11 5_15 5_4 6_12 6_13 6_8 7_14 7_3 7_4 7_6 8_10 8_4 8_5 9_17 9_4 9_9,0.904762,0.481481,0.481481,0.081081,0.818182,0.481481,,0.428571,0.081081,0.904762
2025-10-05,B3: DoY season,43,0.418605,0.900000,3_10 3_11 3_12 4_10 4_11 4_9 5_15 5_8 5_9 6_12 6_13 6_15 7_15 7_8 8_15 8_8 9_14 9_16,5_14 6_14,10_14 10_15 3_13 3_14 3_15 3_5 3_6 5_4 6_8 7_14 7_16 7_3 7_4 7_5 7_6 8_10 8_16 8_4 8_5 8_6 8_7 9_15 9_17 9_4 9_9,0.379310,0.600000,0.481481,0.052632,0.538462,0.904762,0.428571,,0.081081,0.481481
2025-10-05,B0: Random,43,0.093023,0.200000,6_13 7_5 7_8 8_8,0_4 10_11 10_13 10_19 11_12 2_16 4_16 5_7 6_3 7_17 7_19 7_7 8_0 8_13 9_0 9_3,10_14 10_15 3_10 3_11 3_12 3_13 3_14 3_15 3_5 3_6 4_10 4_11 4_9 5_15 5_4 5_8 5_9 6_12 6_15 6_8 7_14 7_15 7_16 7_3 7_4 7_6 8_10 8_15 8_16 8_4 8_5 8_6 8_7 9_14 9_15 9_16 9_17 9_4 9_9,0.081081,0.025641,0.081081,0.052632,0.052632,0.081081,0.081081,0.081081,,0.081081
2025-10-06,GLM-Logit,46,0.391304,0.900000,3_10 4_10 4_9 5_14 5_8 5_9 6_15 7_15 7_16 7_5 7_8 8_15 8_16 8_6 8_8 9_14 9_15 9_16,10_16 8_17,10_15 2_11 2_17 3_11 3_12 3_13 3_6 4_6 5_15 6_12 6_13 6_14 6_16 6_7 7_14 7_3 7_9 8_14 8_3 8_4 8_5 8_7 8_9 9_10 9_3 9_4 9_5 9_9,0.818182,0.538462,0.538462,0.052632,0.739130,0.481481,0.904762,0.428571,0.000000,
2025-10-06,HierBayes,46,0.391304,0.900000,4_10 4_9 5_8 5_9 6_15 7_15 7_16 7_5 7_8 8_15 8_16 8_6 8_7 8_8 9_14 9_15 9_16 9_9,10_16 8_17,10_15 2_11 2_17 3_10 3_11 3_12 3_13 3_6 4_6 5_14 5_15 6_12 6_13 6_14 6_16 6_7 7_14 7_3 7_9 8_14 8_3 8_4 8_5 8_9 9_10 9_3 9_4 9_5,,0.428571,0.481481,0.081081,0.818182,0.428571,0.904762,0.481481,0.000000,0.818182
2025-10-06,B1: Static prior,46,0.391304,0.900000,3_10 3_11 4_10 4_9 5_14 5_15 5_8 5_9 6_14 6_15 6_7 7_15 7_16 7_8 8_15 9_14 9_15 9_16,3_14 4_8,10_15 2_11 2_17 3_12 3_13 3_6 4_6 6_12 6_13 6_16 7_14 7_3 7_5 7_9 8_14 8_16 8_3 8_4 8_5 8_6 8_7 8_8 8_9 9_10 9_3 9_4 9_5 9_9,0.428571,,0.666667,0.025641,0.481481,0.600000,0.481481,0.538462,0.000000,0.538462
2025-10-06,TTM,46,0.369565,0.850000,3_10 3_11 4_10 4_9 5_8 5_9 6_14 6_15 6_7 7_15 7_16 7_5 7_8 8_8 9_14 9_15 9_16,3_14 3_7 6_4,10_15 2_11 2_17 3_12 3_13 3_6 4_6 5_14 5_15 6_12 6_13 6_16 7_14 7_3 7_9 8_14 8_15 8_16 8_3 8_4 8_5 8_6 8_7 8_9 9_10 9_3 9_4 9_5 9_9,0.481481,0.666667,,0.025641,0.538462,0.538462,0.481481,0.481481,0.000000,0.538462
2025-10-06,ET,46,0.195652,0.450000,5_14 6_12 7_3 7_5 8_5 8_7 9_10 9_3 9_9,3_15 3_16 4_12 4_15 5_12 5_13 6_6 6_8 6_9 7_2 7_6,10_15 2_11 2_17 3_10 3_11 3_12 3_13 3_6 4_10 4_6 4_9 5_15 5_8 5_9 6_13 6_14 6_15 6_16 6_7 7_14 7_15 7_16 7_8 7_9 8_14 8_15 8_16 8_3 8_4 8_6 8_8 8_9 9_14 9_15 9_16 9_4 9_5,0.081081,0.025641,0.025641,,0.081081,0.025641,0.081081,0.052632,0.025641,0.052632
2025-10-06,B5: B2+B3,46,0.391304,0.900000,4_10 4_9 5_8 5_9 6_12 6_14 6_15 7_15 7_16 7_5 7_8 8_15 8_16 8_7 8_8 9_14 9_15 9_16,10_16 8_17,10_15 2_11 2_17 3_10 3_11 3_12 3_13 3_6 4_6 5_14 5_15 6_13 6_16 6_7 7_14 7_3 7_9 8_14 8_3 8_4 8_5 8_6 8_9 9_10 9_3 9_4 9_5 9_9,0.818182,0.481481,0.538462,0.081081,,0.538462,0.818182,0.600000,0.000000,0.739130
2025-10-06,B4: B1+B3,46,0.413043,0.950000,3_10 3_11 3_12 4_10 4_9 5_15 5_8 5_9 6_12 6_13 6_14 6_15 7_15 7_8 8_15 8_8 9_14 9_15 9_16,4_11,10_15 2_11 2_17 3_13 3_6 4_6 5_14 6_16 6_7 7_14 7_16 7_3 7_5 7_9 8_14 8_16 8_3 8_4 8_5 8_6 8_7 8_9 9_10 9_3 9_4 9_5 9_9,0.428571,0.600000,0.538462,0.025641,0.538462,,0.428571,0.904762,0.000000,0.481481
2025-10-06,B2: Recent MA,46,0.391304,0.900000,4_10 4_9 5_14 5_8 5_9 6_15 7_15 7_16 7_5 7_8 8_15 8_16 8_6 8_7 8_8 9_14 9_15 9_16,10_16 8_17,10_15 2_11 2_17 3_10 3_11 3_12 3_13 3_6 4_6 5_15 6_12 6_13 6_14 6_16 6_7 7_14 7_3 7_9 8_14 8_3 8_4 8_5 8_9 9_10 9_3 9_4 9_5 9_9,0.904762,0.481481,0.481481,0.081081,0.818182,0.428571,,0.481481,0.000000,0.904762
2025-10-06,B3: DoY season,46,0.413043,0.950000,3_11 3_12 4_10 4_9 5_15 5_8 5_9 6_12 6_13 6_14 6_15 7_15 7_8 8_15 8_7 8_8 9_14 9_15 9_16,4_11,10_15 2_11 2_17 3_10 3_13 3_6 4_6 5_14 6_16 6_7 7_14 7_16 7_3 7_5 7_9 8_14 8_16 8_3 8_4 8_5 8_6 8_9 9_10 9_3 9_4 9_5 9_9,0.481481,0.538462,0.481481,0.052632,0.600000,0.904762,0.481481,,0.000000,0.428571
2025-10-06,B0: Random,46,0.065217,0.150000,10_15 7_14 9_3,0_6 0_7 11_17 12_11 12_13 1_11 1_19 1_4 1_5 2_14 3_19 5_10 5_7 7_0 8_18 8_19 9_7,2_11 2_17 3_10 3_11 3_12 3_13 3_6 4_10 4_6 4_9 5_14 5_15 5_8 5_9 6_12 6_13 6_14 6_15 6_16 6_7 7_15 7_16 7_3 7_5 7_8 7_9 8_14 8_15 8_16 8_3 8_4 8_5 8_6 8_7 8_8 8_9 9_10 9_14 9_15 9_16 9_4 9_5 9_9,0.000000,0.000000,0.000000,0.025641,0.000000,0.000000,0.000000,0.000000,,0.000000
2025-10-07,GLM-Logit,50,0.340000,0.850000,3_10 4_10 4_9 5_14 5_8 5_9 7_15 7_16 7_5 7_8 8_15 8_16 8_6 8_8 9_14 9_15 9_16,10_16 6_15 8_17,10_13 1_11 3_11 3_12 3_13 3_14 3_15 4_11 4_15 4_3 5_13 5_15 5_16 5_3 5_4 6_13 6_14 6_2 6_3 6_4 6_6 7_3 7_7 8_10 8_14 8_2 8_3 8_4 8_5 8_7 9_12 9_3 9_4,0.739130,0.538462,0.538462,0.052632,0.666667,0.481481,0.818182,0.428571,0.081081,
2025-10-07,HierBayes,50,0.300000,0.750000,4_10 4_9 5_9 7_15 7_16 7_5 7_8 8_15 8_16 8_6 8_7 8_8 9_14 9_15 9_16,10_16 6_15 6_16 8_17 9_9,10_13 1_11 3_10 3_11 3_12 3_13 3_14 3_15 4_11 4_15 4_3 5_13 5_14 5_15 5_16 5_3 5_4 5_8 6_13 6_14 6_2 6_3 6_4 6_6 7_3 7_7 8_10 8_14 8_2 8_3 8_4 8_5 9_12 9_3 9_4,,0.379310,0.379310,0.081081,0.666667,0.428571,0.818182,0.379310,0.052632,0.739130
2025-10-07,B1: Static prior,50,0.340000,0.850000,3_10 3_11 3_14 4_10 4_9 5_14 5_15 5_8 5_9 6_14 7_15 7_16 7_8 8_15 9_14 9_15 9_16,4_8 6_15 6_7,10_13 1_11 3_12 3_13 3_15 4_11 4_15 4_3 5_13 5_16 5_3 5_4 6_13 6_2 6_3 6_4 6_6 7_3 7_5 7_7 8_10 8_14 8_16 8_2 8_3 8_4 8_5 8_6 8_7 8_8 9_12 9_3 9_4,0.379310,,0.666667,0.025641,0.538462,0.600000,0.428571,0.538462,0.142857,0.538462
2025-10-07,TTM,50,0.340000,0.850000,3_10 3_11 3_14 4_10 4_9 5_14 5_8 5_9 6_14 6_4 7_15 7_5 7_8 8_8 9_14 9_15 9_16,6_15 6_7 6_8,10_13 1_11 3_12 3_13 3_15 4_11 4_15 4_3 5_13 5_15 5_16 5_3 5_4 6_13 6_2 6_3 6_6 7_16 7_3 7_7 8_10 8_14 8_15 8_16 8_2 8_3 8_4 8_5 8_6 8_7 9_12 9_3 9_4,0.379310,0.666667,,0.081081,0.428571,0.538462,0.428571,0.481481,0.081081,0.538462
2025-10-07,ET,50,0.200000,0.500000,3_15 4_15 5_13 5_14 6_6 7_3 7_5 8_5 8_7 9_3,3_16 4_12 5_12 6_12 6_8 6_9 7_2 7_6 9_10 9_9,10_13 1_11 3_10 3_11 3_12 3_13 3_14 4_10 4_11 4_3 4_9 5_15 5_16 5_3 5_4 5_8 5_9 6_13 6_14 6_2 6_3 6_4 7_15 7_16 7_7 7_8 8_10 8_14 8_15 8_16 8_2 8_3 8_4 8_6 8_8 9_12 9_14 9_15 9_16 9_4,0.081081,0.025641,0.081081,,0.052632,0.052632,0.081081,0.052632,0.081081,0.052632
2025-10-07,B5: B2+B3,50,0.340000,0.850000,4_10 4_9 5_15 5_8 5_9 6_14 7_15 7_16 7_8 8_15 8_16 8_6 8_7 8_8 9_14 9_15 9_16,6_12 6_15 8_17,10_13 1_11 3_10 3_11 3_12 3_13 3_14 3_15 4_11 4_15 4_3 5_13 5_14 5_16 5_3 5_4 6_13 6_2 6_3 6_4 6_6 7_3 7_5 7_7 8_10 8_14 8_2 8_3 8_4 8_5 9_12 9_3 9_4,0.666667,0.538462,0.428571,0.052632,,0.666667,0.666667,0.600000,0.111111,0.666667
2025-10-07,B4: B1+B3,50,0.360000,0.900000,3_10 3_11 3_12 4_10 4_9 5_15 5_8 5_9 6_13 6_14 7_15 7_8 8_15 8_7 8_8 9_14 9_15 9_16,6_12 6_15,10_13 1_11 3_13 3_14 3_15 4_11 4_15 4_3 5_13 5_14 5_16 5_3 5_4 6_2 6_3 6_4 6_6 7_16 7_3 7_5 7_7 8_10 8_14 8_16 8_2 8_3 8_4 8_5 8_6 9_12 9_3 9_4,0.428571,0.600000,0.538462,0.052632,0.666667,,0.428571,0.904762,0.111111,0.481481
2025-10-07,B2: Recent MA,50,0.340000,0.850000,4_10 4_9 5_14 5_9 7_15 7_16 7_5 7_8 8_15 8_16 8_4 8_6 8_7 8_8 9_14 9_15 9_16,10_16 6_15 8_17,10_13 1_11 3_10 3_11 3_12 3_13 3_14 3_15 4_11 4_15 4_3 5_13 5_15 5_16 5_3 5_4 5_8 6_13 6_14 6_2 6_3 6_4 6_6 7_3 7_7 8_10 8_14 8_2 8_3 8_5 9_12 9_3 9_4,0.818182,0.428571,0.428571,0.081081,0.666667,0.428571,,0.379310,0.081081,0.818182
2025-10-07,B3: DoY season,50,0.360000,0.900000,3_10 3_11 3_12 4_10 4_11 4_9 5_15 5_8 5_9 6_13 6_14 7_15 7_8 8_15 8_7 8_8 9_14 9_15,6_12 6_15,10_13 1_11 3_13 3_14 3_15 4_15 4_3 5_13 5_14 5_16 5_3 5_4 6_2 6_3 6_4 6_6 7_16 7_3 7_5 7_7 8_10 8_14 8_16 8_2 8_3 8_4 8_5 8_6 9_12 9_16 9_3 9_4,0.379310,0.538462,0.481481,0.052632,0.600000,0.904762,0.379310,,0.111111,0.428571
2025-10-07,B0: Random,50,0.100000,0.250000,5_14 5_15 6_14 8_15 9_15,0_3 10_5 11_15 11_2 1_8 2_13 2_16 2_5 3_3 5_10 5_12 6_1 7_12 7_6 9_19,10_13 1_11 3_10 3_11 3_12 3_13 3_14 3_15 4_10 4_11 4_15 4_3 4_9 5_13 5_16 5_3 5_4 5_8 5_9 6_13 6_2 6_3 6_4 6_6 7_15 7_16 7_3 7_5 7_7 7_8 8_10 8_14 8_16 8_2 8_3 8_4 8_5 8_6 8_7 8_8 9_12 9_14 9_16 9_3 9_4,0.052632,0.142857,0.081081,0.081081,0.111111,0.111111,0.081081,0.111111,,0.081081
2025-10-08,GLM-Logit,46,0.391304,0.900000,3_10 4_10 4_9 5_14 5_15 5_8 5_9 6_15 7_15 7_16 7_5 7_8 8_15 8_16 8_6 8_8 9_15 9_16,8_17 9_14,10_15 10_16 1_12 1_3 3_11 3_7 4_16 4_3 4_8 5_13 5_16 6_12 6_13 6_14 6_16 6_2 6_5 6_8 7_2 7_4 7_7 8_10 8_3 8_4 8_5 8_7 9_3 9_9,0.739130,0.600000,0.538462,0.052632,0.818182,0.538462,0.739130,0.481481,0.025641,
2025-10-08,HierBayes,46,0.391304,0.900000,10_16 3_10 4_10 4_9 5_9 6_15 7_15 7_16 7_5 7_8 8_15 8_16 8_6 8_7 8_8 9_15 9_16 9_9,8_17 9_14,10_15 1_12 1_3 3_11 3_7 4_16 4_3 4_8 5_13 5_14 5_15 5_16 5_8 6_12 6_13 6_14 6_16 6_2 6_5 6_8 7_2 7_4 7_7 8_10 8_3 8_4 8_5 9_3,,0.428571,0.428571,0.081081,0.666667,0.428571,0.818182,0.428571,0.025641,0.739130
2025-10-08,B1: Static prior,46,0.369565,0.850000,3_10 3_11 4_10 4_8 4_9 5_14 5_15 5_8 5_9 6_14 6_15 7_15 7_16 7_8 8_15 9_15 9_16,3_14 6_7 9_14,10_15 10_16 1_12 1_3 3_7 4_16 4_3 5_13 5_16 6_12 6_13 6_16 6_2 6_5 6_8 7_2 7_4 7_5 7_7 8_10 8_16 8_3 8_4 8_5 8_6 8_7 8_8 9_3 9_9,0.428571,,0.538462,0.025641,0.600000,0.600000,0.481481,0.481481,0.025641,0.600000
2025-10-08,TTM,46,0.304348,0.700000,3_10 3_11 4_10 4_9 5_14 5_8 5_9 6_15 7_5 7_8 8_16 8_8 9_15 9_16,3_14 3_9 5_4 6_4 6_7 9_14,10_15 10_16 1_12 1_3 3_7 4_16 4_3 4_8 5_13 5_15 5_16 6_12 6_13 6_14 6_16 6_2 6_5 6_8 7_15 7_16 7_2 7_4 7_7 8_10 8_15 8_3 8_4 8_5 8_6 8_7 9_3 9_9,0.428571,0.538462,,0.052632,0.481481,0.428571,0.481481,0.333333,0.052632,0.538462
2025-10-08,ET,46,0.217391,0.500000,5_13 5_14 6_12 6_8 7_2 7_5 8_5 8_7 9_3 9_9,3_15 3_16 4_12 4_15 5_12 6_6 6_9 7_3 7_6 9_10,10_15 10_16 1_12 1_3 3_10 3_11 3_7 4_10 4_16 4_3 4_8 4_9 5_15 5_16 5_8 5_9 6_13 6_14 6_15 6_16 6_2 6_5 7_15 7_16 7_4 7_7 7_8 8_10 8_15 8_16 8_3 8_4 8_6 8_8 9_15 9_16,0.081081,0.025641,0.052632,,0.081081,0.025641,0.052632,0.052632,0.052632,0.052632
2025-10-08,B5: B2+B3,46,0.391304,0.900000,3_10 4_10 4_9 5_14 5_15 5_8 5_9 6_12 6_15 7_15 7_16 7_8 8_15 8_16 8_7 8_8 9_15 9_16,8_17 9_14,10_15 10_16 1_12 1_3 3_11 3_7 4_16 4_3 4_8 5_13 5_16 6_13 6_14 6_16 6_2 6_5 6_8 7_2 7_4 7_5 7_7 8_10 8_3 8_4 8_5 8_6 9_3 9_9,0.666667,0.600000,0.481481,0.081081,,0.600000,0.739130,0.600000,0.052632,0.818182
2025-10-08,B4: B1+B3,46,0.391304,0.900000,3_10 3_11 4_10 4_9 5_15 5_8 5_9 6_12 6_13 6_14 6_15 7_15 7_7 7_8 8_15 8_8 9_15 9_16,4_11 9_14,10_15 10_16 1_12 1_3 3_7 4_16 4_3 4_8 5_13 5_14 5_16 6_16 6_2 6_5 6_8 7_16 7_2 7_4 7_5 8_10 8_16 8_3 8_4 8_5 8_6 8_7 9_3 9_9,0.428571,0.600000,0.428571,0.025641,0.600000,,0.481481,0.818182,0.081081,0.538462
2025-10-08,B2: Recent MA,46,0.391304,0.900000,10_16 3_10 4_10 4_9 5_8 5_9 6_15 7_15 7_16 7_5 7_8 8_15 8_16 8_4 8_7 8_8 9_15 9_16,8_17 9_14,10_15 1_12 1_3 3_11 3_7 4_16 4_3 4_8 5_13 5_14 5_15 5_16 6_12 6_13 6_14 6_16 6_2 6_5 6_8 7_2 7_4 7_7 8_10 8_3 8_5 8_6 9_3 9_9,0.818182,0.481481,0.481481,0.052632,0.739130,0.481481,,0.481481,0.025641,0.739130
2025-10-08,B3: DoY season,46,0.369565,0.850000,3_10 4_10 4_9 5_15 5_8 5_9 6_12 6_13 6_14 6_15 7_15 7_7 7_8 8_15 8_7 8_8 9_16,3_12 4_11 9_14,10_15 10_16 1_12 1_3 3_11 3_7 4_16 4_3 4_8 5_13 5_14 5_16 6_16 6_2 6_5 6_8 7_16 7_2 7_4 7_5 8_10 8_16 8_3 8_4 8_5 8_6 9_15 9_3 9_9,0.428571,0.481481,0.333333,0.052632,0.600000,0.818182,0.481481,,0.052632,0.481481
2025-10-08,B0: Random,46,0.086957,0.200000,3_11 6_12 7_4 8_8,0_11 0_8 10_6 10_7 11_8 12_1 1_13 2_1 2_12 3_4 4_2 4_4 5_6 7_3 9_17 9_5,10_15 10_16 1_12 1_3 3_10 3_7 4_10 4_16 4_3 4_8 4_9 5_13 5_14 5_15 5_16 5_8 5_9 6_13 6_14 6_15 6_16 6_2 6_5 6_8 7_15 7_16 7_2 7_5 7_7 7_8 8_10 8_15 8_16 8_3 8_4 8_5 8_6 8_7 9_15 9_16 9_3 9_9,0.025641,0.025641,0.052632,0.052632,0.052632,0.081081,0.025641,0.052632,,0.025641
2025-10-09,GLM-Logit,52,0.365385,0.950000,3_10 4_10 4_9 5_14 5_15 5_8 5_9 6_15 7_15 7_16 7_5 7_8 8_15 8_16 8_6 8_8 9_14 9_15 9_16,8_17,2_4 3_11 3_14 3_16 3_17 3_7 3_9 4_12 4_13 4_3 4_8 5_13 6_12 6_13 6_14 6_16 6_3 6_7 6_8 7_2 7_7 7_9 8_1 8_10 8_14 8_2 8_3 8_4 8_5 8_7 9_2 9_4 9_9,0.666667,0.600000,0.600000,0.052632,0.739130,0.538462,0.739130,0.481481,0.081081,
2025-10-09,HierBayes,52,0.346154,0.900000,4_10 4_9 5_14 5_9 6_16 7_15 7_16 7_5 7_8 8_15 8_16 8_6 8_7 8_8 9_14 9_15 9_16 9_9,10_16 8_17,2_4 3_10 3_11 3_14 3_16 3_17 3_7 3_9 4_12 4_13 4_3 4_8 5_13 5_15 5_8 6_12 6_13 6_14 6_15 6_3 6_7 6_8 7_2 7_7 7_9 8_1 8_10 8_14 8_2 8_3 8_4 8_5 9_2 9_4,,0.379310,0.428571,0.111111,0.538462,0.333333,0.739130,0.290323,0.081081,0.666667
2025-10-09,B1: Static prior,52,0.384615,1.000000,3_10 3_11 3_14 4_10 4_8 4_9 5_14 5_15 5_8 5_9 6_14 6_15 6_7 7_15 7_16 7_8 8_15 9_14 9_15 9_16,,2_4 3_16 3_17 3_7 3_9 4_12 4_13 4_3 5_13 6_12 6_13 6_16 6_3 6_8 7_2 7_5 7_7 7_9 8_1 8_10 8_14 8_16 8_2 8_3 8_4 8_5 8_6 8_7 8_8 9_2 9_4 9_9,0.379310,,0.538462,0.025641,0.600000,0.600000,0.481481,0.538462,0.052632,0.600000
2025-10-09,TTM,52,0.365385,0.950000,3_10 3_11 3_14 3_9 4_10 4_9 5_14 5_8 5_9 6_15 7_16 7_5 7_7 7_8 8_16 8_8 9_14 9_15 9_16,6_4,2_4 3_16 3_17 3_7 4_12 4_13 4_3 4_8 5_13 5_15 6_12 6_13 6_14 6_16 6_3 6_7 6_8 7_15 7_2 7_9 8_1 8_10 8_14 8_15 8_2 8_3 8_4 8_5 8_6 8_7 9_2 9_4 9_9,0.428571,0.538462,,0.052632,0.481481,0.481481,0.538462,0.428571,0.052632,0.600000
2025-10-09,ET,52,0.211538,0.550000,3_16 4_12 5_13 5_14 6_12 6_8 7_2 7_5 8_5 8_7 9_9,3_15 4_15 5_12 6_6 6_9 7_3 7_6 9_10 9_3,2_4 3_10 3_11 3_14 3_17 3_7 3_9 4_10 4_13 4_3 4_8 4_9 5_15 5_8 5_9 6_13 6_14 6_15 6_16 6_3 6_7 7_15 7_16 7_7 7_8 7_9 8_1 8_10 8_14 8_15 8_16 8_2 8_3 8_4 8_6 8_8 9_14 9_15 9_16 9_2 9_4,0.111111,0.025641,0.052632,,0.052632,0.025641,0.081081,0.025641,0.052632,0.052632
2025-10-09,B5: B2+B3,52,0.365385,0.950000,3_10 4_10 4_9 5_15 5_8 5_9 6_12 6_14 6_15 7_15 7_16 7_8 8_15 8_16 8_7 8_8 9_14 9_15 9_16,8_17,2_4 3_11 3_14 3_16 3_17 3_7 3_9 4_12 4_13 4_3 4_8 5_13 5_14 6_13 6_16 6_3 6_7 6_8 7_2 7_5 7_7 7_9 8_1 8_10 8_14 8_2 8_3 8_4 8_5 8_6 9_2 9_4 9_9,0.538462,0.600000,0.481481,0.052632,,0.666667,0.666667,0.600000,0.025641,0.739130
2025-10-09,B4: B1+B3,52,0.365385,0.950000,3_10 3_11 4_10 4_9 5_15 5_8 5_9 6_12 6_13 6_14 6_15 7_15 7_7 7_8 8_15 8_8 9_14 9_15 9_16,3_12,2_4 3_14 3_16 3_17 3_7 3_9 4_12 4_13 4_3 4_8 5_13 5_14 6_16 6_3 6_7 6_8 7_16 7_2 7_5 7_9 8_1 8_10 8_14 8_16 8_2 8_3 8_4 8_5 8_6 8_7 9_2 9_4 9_9,0.333333,0.600000,0.481481,0.025641,0.666667,,0.428571,0.904762,0.052632,0.538462
2025-10-09,B2: Recent MA,52,0.346154,0.900000,4_10 4_9 5_14 5_8 5_9 6_15 7_15 7_16 7_5 7_8 8_15 8_16 8_4 8_7 8_8 9_14 9_15 9_16,10_16 8_17,2_4 3_10 3_11 3_14 3_16 3_17 3_7 3_9 4_12 4_13 4_3 4_8 5_13 5_15 6_12 6_13 6_14 6_16 6_3 6_7 6_8 7_2 7_7 7_9 8_1 8_10 8_14 8_2 8_3 8_5 8_6 9_2 9_4 9_9,0.739130,0.481481,0.538462,0.081081,0.666667,0.428571,,0.379310,0.052632,0.739130
2025-10-09,B3: DoY season,52,0.346154,0.900000,3_10 3_11 4_10 4_9 5_15 5_8 5_9 6_12 6_13 6_14 6_15 7_15 7_7 7_8 8_15 8_8 9_14 9_15,3_12 4_11,2_4 3_14 3_16 3_17 3_7 3_9 4_12 4_13 4_3 4_8 5_13 5_14 6_16 6_3 6_7 6_8 7_16 7_2 7_5 7_9 8_1 8_10 8_14 8_16 8_2 8_3 8_4 8_5 8_6 8_7 9_16 9_2 9_4 9_9,0.290323,0.538462,0.428571,0.025641,0.600000,0.904762,0.379310,,0.052632,0.481481
2025-10-09,B0: Random,52,0.096154,0.250000,3_7 5_14 5_9 8_10 8_6,0_10 0_18 10_13 10_18 10_9 12_14 12_3 2_5 3_12 4_17 4_5 4_7 6_10 6_9 7_19,2_4 3_10 3_11 3_14 3_16 3_17 3_9 4_10 4_12 4_13 4_3 4_8 4_9 5_13 5_15 5_8 6_12 6_13 6_14 6_15 6_16 6_3 6_7 6_8 7_15 7_16 7_2 7_5 7_7 7_8 7_9 8_1 8_14 8_15 8_16 8_2 8_3 8_4 8_5 8_7 8_8 9_14 9_15 9_16 9_2 9_4 9_9,0.081081,0.052632,0.052632,0.052632,0.025641,0.052632,0.052632,0.052632,,0.081081
2025-10-10,GLM-Logit,59,0.322034,0.950000,3_10 4_10 4_9 5_14 5_8 5_9 6_15 7_15 7_16 7_5 7_8 8_15 8_16 8_6 8_7 8_8 9_14 9_15 9_9,9_16,10_14 10_15 2_4 3_11 3_12 3_14 3_5 3_7 4_12 4_15 5_13 5_15 5_16 5_3 5_4 5_7 6_12 6_13 6_14 6_2 6_4 6_6 6_7 6_8 6_9 7_1 7_2 7_3 7_7 7_9 8_14 8_2 8_3 8_4 8_5 8_9 9_17 9_2 9_3 9_4,0.739130,0.538462,0.538462,0.111111,0.818182,0.428571,0.818182,0.428571,0.081081,
2025-10-10,HierBayes,59,0.271186,0.800000,3_10 4_10 4_9 5_9 7_15 7_16 7_5 7_8 8_15 8_16 8_6 8_7 8_8 9_14 9_15 9_9,10_16 6_16 8_17 9_16,10_14 10_15 2_4 3_11 3_12 3_14 3_5 3_7 4_12 4_15 5_13 5_14 5_15 5_16 5_3 5_4 5_7 5_8 6_12 6_13 6_14 6_15 6_2 6_4 6_6 6_7 6_8 6_9 7_1 7_2 7_3 7_7 7_9 8_14 8_2 8_3 8_4 8_5 8_9 9_17 9_2 9_3 9_4,,0.379310,0.428571,0.081081,0.666667,0.333333,0.666667,0.333333,0.081081,0.739130
2025-10-10,B1: Static prior,59,0.305085,0.900000,3_10 3_11 3_14 4_10 4_9 5_14 5_15 5_8 5_9 6_14 6_15 6_7 7_15 7_16 7_8 8_15 9_14 9_15,4_8 9_16,10_14 10_15 2_4 3_12 3_5 3_7 4_12 4_15 5_13 5_16 5_3 5_4 5_7 6_12 6_13 6_2 6_4 6_6 6_8 6_9 7_1 7_2 7_3 7_5 7_7 7_9 8_14 8_16 8_2 8_3 8_4 8_5 8_6 8_7 8_8 8_9 9_17 9_2 9_3 9_4 9_9,0.379310,,0.600000,0.025641,0.538462,0.538462,0.538462,0.538462,0.025641,0.538462
2025-10-10,TTM,59,0.288136,0.850000,3_10 3_11 3_14 4_10 4_9 5_14 5_8 5_9 6_15 6_4 6_7 7_16 7_5 7_8 8_8 9_14 9_15,10_16 3_9 9_16,10_14 10_15 2_4 3_12 3_5 3_7 4_12 4_15 5_13 5_15 5_16 5_3 5_4 5_7 6_12 6_13 6_14 6_2 6_6 6_8 6_9 7_1 7_15 7_2 7_3 7_7 7_9 8_14 8_15 8_16 8_2 8_3 8_4 8_5 8_6 8_7 8_9 9_17 9_2 9_3 9_4 9_9,0.428571,0.600000,,0.052632,0.481481,0.379310,0.538462,0.379310,0.052632,0.538462
2025-10-10,ET,59,0.254237,0.750000,4_12 4_15 5_13 5_14 6_12 6_6 6_8 6_9 7_2 7_3 7_5 8_5 8_7 9_3 9_9,3_15 3_16 5_12 7_6 9_10,10_14 10_15 2_4 3_10 3_11 3_12 3_14 3_5 3_7 4_10 4_9 5_15 5_16 5_3 5_4 5_7 5_8 5_9 6_13 6_14 6_15 6_2 6_4 6_7 7_1 7_15 7_16 7_7 7_8 7_9 8_14 8_15 8_16 8_2 8_3 8_4 8_6 8_8 8_9 9_14 9_15 9_17 9_2 9_4,0.081081,0.025641,0.052632,,0.081081,0.025641,0.081081,0.025641,0.025641,0.111111
2025-10-10,B5: B2+B3,59,0.322034,0.950000,3_10 4_10 4_9 5_15 5_8 5_9 6_12 6_15 7_15 7_16 7_5 7_8 8_15 8_16 8_6 8_7 8_8 9_14 9_15,9_16,10_14 10_15 2_4 3_11 3_12 3_14 3_5 3_7 4_12 4_15 5_13 5_14 5_16 5_3 5_4 5_7 6_13 6_14 6_2 6_4 6_6 6_7 6_8 6_9 7_1 7_2 7_3 7_7 7_9 8_14 8_2 8_3 8_4 8_5 8_9 9_17 9_2 9_3 9_4 9_9,0.666667,0.538462,0.481481,0.081081,,0.538462,0.739130,0.538462,0.081081,0.818182
2025-10-10,B4: B1+B3,59,0.322034,0.950000,3_10 3_11 3_12 4_10 4_9 5_15 5_8 5_9 6_12 6_13 6_14 6_15 7_15 7_7 7_8 8_15 8_8 9_14 9_15,4_11,10_14 10_15 2_4 3_14 3_5 3_7 4_12 4_15 5_13 5_14 5_16 5_3 5_4 5_7 6_2 6_4 6_6 6_7 6_8 6_9 7_1 7_16 7_2 7_3 7_5 7_9 8_14 8_16 8_2 8_3 8_4 8_5 8_6 8_7 8_9 9_17 9_2 9_3 9_4 9_9,0.333333,0.538462,0.379310,0.025641,0.538462,,0.428571,1.000000,0.052632,0.428571
2025-10-10,B2: Recent MA,59,0.305085,0.900000,3_10 4_10 4_9 5_14 5_8 5_9 6_15 7_15 7_16 7_5 7_8 8_15 8_16 8_4 8_7 8_8 9_14 9_15,8_17 9_16,10_14 10_15 2_4 3_11 3_12 3_14 3_5 3_7 4_12 4_15 5_13 5_15 5_16 5_3 5_4 5_7 6_12 6_13 6_14 6_2 6_4 6_6 6_7 6_8 6_9 7_1 7_2 7_3 7_7 7_9 8_14 8_2 8_3 8_5 8_6 8_9 9_17 9_2 9_3 9_4 9_9,0.666667,0.538462,0.538462,0.081081,0.739130,0.428571,,0.428571,0.081081,0.818182
2025-10-10,B3: DoY season,59,0.322034,0.950000,3_10 3_11 3_12 4_10 4_9 5_15 5_8 5_9 6_12 6_13 6_14 6_15 7_15 7_7 7_8 8_15 8_8 9_14 9_15,4_11,10_14 10_15 2_4 3_14 3_5 3_7 4_12 4_15 5_13 5_14 5_16 5_3 5_4 5_7 6_2 6_4 6_6 6_7 6_8 6_9 7_1 7_16 7_2 7_3 7_5 7_9 8_14 8_16 8_2 8_3 8_4 8_5 8_6 8_7 8_9 9_17 9_2 9_3 9_4 9_9,0.333333,0.538462,0.379310,0.025641,0.538462,1.000000,0.428571,,0.052632,0.428571
2025-10-10,B0: Random,59,0.067797,0.200000,8_7 8_8 9_15 9_2,10_10 10_12 11_13 11_9 12_10 12_17 2_19 2_3 2_7 5_10 6_0 6_1 7_4 8_1 9_12 9_18,10_14 10_15 2_4 3_10 3_11 3_12 3_14 3_5 3_7 4_10 4_12 4_15 4_9 5_13 5_14 5_15 5_16 5_3 5_4 5_7 5_8 5_9 6_12 6_13 6_14 6_15 6_2 6_4 6_6 6_7 6_8 6_9 7_1 7_15 7_16 7_2 7_3 7_5 7_7 7_8 7_9 8_14 8_15 8_16 8_2 8_3 8_4 8_5 8_6 8_9 9_14 9_17 9_3 9_4 9_9,0.081081,0.025641,0.052632,0.025641,0.081081,0.052632,0.081081,0.052632,,0.081081
2025-10-11,GLM-Logit,63,0.317460,1.000000,3_10 4_10 4_9 5_14 5_8 5_9 6_15 7_15 7_16 7_5 7_8 8_15 8_16 8_6 8_7 8_8 9_14 9_15 9_16 9_9,,10_16 1_11 1_12 2_11 2_17 3_11 3_12 3_13 3_14 3_16 3_7 3_8 3_9 4_11 4_13 4_3 5_13 5_15 5_16 5_7 6_12 6_13 6_16 6_2 6_4 6_5 6_8 7_10 7_11 7_2 7_3 7_4 7_6 7_7 8_10 8_11 8_14 8_2 8_3 8_4 9_10 9_17 9_2,0.904762,0.538462,0.600000,0.111111,0.739130,0.481481,0.818182,0.481481,0.052632,
2025-10-11,HierBayes,63,0.317460,1.000000,4_10 4_9 5_14 5_8 5_9 6_15 6_16 7_15 7_16 7_5 7_8 8_15 8_16 8_6 8_7 8_8 9_14 9_15 9_16 9_9,,10_16 1_11 1_12 2_11 2_17 3_10 3_11 3_12 3_13 3_14 3_16 3_7 3_8 3_9 4_11 4_13 4_3 5_13 5_15 5_16 5_7 6_12 6_13 6_2 6_4 6_5 6_8 7_10 7_11 7_2 7_3 7_4 7_6 7_7 8_10 8_11 8_14 8_2 8_3 8_4 9_10 9_17 9_2,,0.481481,0.538462,0.111111,0.666667,0.428571,0.818182,0.428571,0.052632,0.904762
2025-10-11,B1: Static prior,63,0.269841,0.850000,3_10 3_11 3_14 4_10 4_9 5_14 5_15 5_8 5_9 6_15 7_15 7_16 7_8 8_15 9_14 9_15 9_16,4_8 6_14 6_7,10_16 1_11 1_12 2_11 2_17 3_12 3_13 3_16 3_7 3_8 3_9 4_11 4_13 4_3 5_13 5_16 5_7 6_12 6_13 6_16 6_2 6_4 6_5 6_8 7_10 7_11 7_2 7_3 7_4 7_5 7_6 7_7 8_10 8_11 8_14 8_16 8_2 8_3 8_4 8_6 8_7 8_8 9_10 9_17 9_2 9_9,0.481481,,0.666667,0.025641,0.600000,0.538462,0.481481,0.538462,0.025641,0.538462
2025-10-11,TTM,63,0.301587,0.950000,3_10 3_11 3_14 3_9 4_10 4_9 5_14 5_8 5_9 6_15 6_4 7_16 7_5 7_8 8_15 8_8 9_14 9_15 9_16,6_7,10_16 1_11 1_12 2_11 2_17 3_12 3_13 3_16 3_7 3_8 4_11 4_13 4_3 5_13 5_15 5_16 5_7 6_12 6_13 6_16 6_2 6_5 6_8 7_10 7_11 7_15 7_2 7_3 7_4 7_6 7_7 8_10 8_11 8_14 8_16 8_2 8_3 8_4 8_6 8_7 9_10 9_17 9_2 9_9,0.538462,0.666667,,0.052632,0.538462,0.481481,0.538462,0.481481,0.025641,0.600000
2025-10-11,ET,63,0.190476,0.600000,3_16 5_13 5_14 6_12 6_8 7_2 7_3 7_5 7_6 8_7 9_10 9_9,3_15 4_12 4_15 5_12 6_6 6_9 8_5 9_3,10_16 1_11 1_12 2_11 2_17 3_10 3_11 3_12 3_13 3_14 3_7 3_8 3_9 4_10 4_11 4_13 4_3 4_9 5_15 5_16 5_7 5_8 5_9 6_13 6_15 6_16 6_2 6_4 6_5 7_10 7_11 7_15 7_16 7_4 7_7 7_8 8_10 8_11 8_14 8_15 8_16 8_2 8_3 8_4 8_6 8_8 9_14 9_15 9_16 9_17 9_2,0.111111,0.025641,0.052632,,0.081081,0.052632,0.081081,0.052632,0.081081,0.111111
2025-10-11,B5: B2+B3,63,0.301587,0.950000,3_10 4_10 4_9 5_15 5_8 5_9 6_12 6_15 7_15 7_16 7_5 7_8 8_15 8_16 8_7 8_8 9_14 9_15 9_16,6_14,10_16 1_11 1_12 2_11 2_17 3_11 3_12 3_13 3_14 3_16 3_7 3_8 3_9 4_11 4_13 4_3 5_13 5_14 5_16 5_7 6_13 6_16 6_2 6_4 6_5 6_8 7_10 7_11 7_2 7_3 7_4 7_6 7_7 8_10 8_11 8_14 8_2 8_3 8_4 8_6 9_10 9_17 9_2 9_9,0.666667,0.600000,0.538462,0.081081,,0.666667,0.666667,0.666667,0.025641,0.739130
2025-10-11,B4: B1+B3,63,0.301587,0.950000,3_10 3_11 3_12 4_10 4_9 5_15 5_8 5_9 6_12 6_13 6_15 7_15 7_5 7_7 7_8 8_15 8_8 9_14 9_15,6_14,10_16 1_11 1_12 2_11 2_17 3_13 3_14 3_16 3_7 3_8 3_9 4_11 4_13 4_3 5_13 5_14 5_16 5_7 6_16 6_2 6_4 6_5 6_8 7_10 7_11 7_16 7_2 7_3 7_4 7_6 8_10 8_11 8_14 8_16 8_2 8_3 8_4 8_6 8_7 9_10 9_16 9_17 9_2 9_9,0.428571,0.538462,0.481481,0.052632,0.666667,,0.428571,1.000000,0.025641,0.481481
2025-10-11,B2: Recent MA,63,0.301587,0.950000,4_10 4_9 5_14 5_8 5_9 6_15 7_15 7_16 7_5 7_8 8_15 8_16 8_4 8_6 8_7 8_8 9_14 9_15 9_16,8_17,10_16 1_11 1_12 2_11 2_17 3_10 3_11 3_12 3_13 3_14 3_16 3_7 3_8 3_9 4_11 4_13 4_3 5_13 5_15 5_16 5_7 6_12 6_13 6_16 6_2 6_4 6_5 6_8 7_10 7_11 7_2 7_3 7_4 7_6 7_7 8_10 8_11 8_14 8_2 8_3 9_10 9_17 9_2 9_9,0.818182,0.481481,0.538462,0.081081,0.666667,0.428571,,0.428571,0.081081,0.818182
2025-10-11,B3: DoY season,63,0.301587,0.950000,3_10 3_11 3_12 4_10 4_9 5_15 5_8 5_9 6_12 6_13 6_15 7_15 7_5 7_7 7_8 8_15 8_8 9_14 9_15,6_14,10_16 1_11 1_12 2_11 2_17 3_13 3_14 3_16 3_7 3_8 3_9 4_11 4_13 4_3 5_13 5_14 5_16 5_7 6_16 6_2 6_4 6_5 6_8 7_10 7_11 7_16 7_2 7_3 7_4 7_6 8_10 8_11 8_14 8_16 8_2 8_3 8_4 8_6 8_7 9_10 9_16 9_17 9_2 9_9,0.428571,0.538462,0.481481,0.052632,0.666667,1.000000,0.428571,,0.025641,0.481481
2025-10-11,B0: Random,63,0.111111,0.350000,1_12 4_3 5_14 6_13 6_5 7_3 8_7,10_15 11_14 11_18 11_3 12_1 12_16 1_7 2_4 2_8 3_1 8_1 8_17 9_18,10_16 1_11 2_11 2_17 3_10 3_11 3_12 3_13 3_14 3_16 3_7 3_8 3_9 4_10 4_11 4_13 4_9 5_13 5_15 5_16 5_7 5_8 5_9 6_12 6_15 6_16 6_2 6_4 6_8 7_10 7_11 7_15 7_16 7_2 7_4 7_5 7_6 7_7 7_8 8_10 8_11 8_14 8_15 8_16 8_2 8_3 8_4 8_6 8_8 9_10 9_14 9_15 9_16 9_17 9_2 9_9,0.052632,0.025641,0.025641,0.081081,0.025641,0.025641,0.081081,0.025641,,0.052632
2025-10-12,GLM-Logit,52,0.346154,0.900000,3_10 4_10 4_9 5_14 5_15 5_8 5_9 7_15 7_16 7_5 7_8 8_15 8_16 8_6 8_7 9_14 9_15 9_16,6_15 8_8,0_11 10_15 10_16 2_17 3_11 3_12 3_13 3_14 3_5 3_7 3_8 4_11 4_12 4_13 4_15 4_3 4_8 5_13 5_16 5_7 6_12 6_13 6_16 6_7 6_8 7_3 7_6 7_7 8_3 8_5 8_9 9_3 9_4 9_9,0.818182,0.600000,0.600000,0.081081,0.904762,0.481481,0.904762,0.600000,0.025641,
2025-10-12,HierBayes,52,0.346154,0.900000,4_10 4_9 5_14 5_8 5_9 6_16 7_15 7_16 7_5 7_8 8_15 8_16 8_6 8_7 9_14 9_15 9_16 9_9,6_15 8_8,0_11 10_15 10_16 2_17 3_10 3_11 3_12 3_13 3_14 3_5 3_7 3_8 4_11 4_12 4_13 4_15 4_3 4_8 5_13 5_15 5_16 5_7 6_12 6_13 6_7 6_8 7_3 7_6 7_7 8_3 8_5 8_9 9_3 9_4,,0.481481,0.538462,0.111111,0.739130,0.379310,0.818182,0.481481,0.025641,0.818182
2025-10-12,B1: Static prior,52,0.346154,0.900000,3_10 3_11 3_14 4_10 4_8 4_9 5_14 5_15 5_8 5_9 6_7 7_15 7_16 7_8 8_15 9_14 9_15 9_16,6_14 6_15,0_11 10_15 10_16 2_17 3_12 3_13 3_5 3_7 3_8 4_11 4_12 4_13 4_15 4_3 5_13 5_16 5_7 6_12 6_13 6_16 6_8 7_3 7_5 7_6 7_7 8_16 8_3 8_5 8_6 8_7 8_9 9_3 9_4 9_9,0.481481,,0.600000,0.025641,0.600000,0.600000,0.538462,0.481481,0.052632,0.600000
2025-10-12,TTM,52,0.288462,0.750000,3_10 3_11 3_14 4_10 4_9 5_8 5_9 7_16 7_5 7_8 8_15 8_16 9_14 9_15 9_16,3_9 6_14 6_15 6_4 8_8,0_11 10_15 10_16 2_17 3_12 3_13 3_5 3_7 3_8 4_11 4_12 4_13 4_15 4_3 4_8 5_13 5_14 5_15 5_16 5_7 6_12 6_13 6_16 6_7 6_8 7_15 7_3 7_6 7_7 8_3 8_5 8_6 8_7 8_9 9_3 9_4 9_9,0.538462,0.600000,,0.025641,0.600000,0.481481,0.538462,0.481481,0.052632,0.600000
2025-10-12,ET,52,0.250000,0.650000,4_12 4_15 5_13 5_14 6_12 6_8 7_3 7_5 7_6 8_5 8_7 9_3 9_9,3_15 3_16 5_12 6_6 6_9 7_2 9_10,0_11 10_15 10_16 2_17 3_10 3_11 3_12 3_13 3_14 3_5 3_7 3_8 4_10 4_11 4_13 4_3 4_8 4_9 5_15 5_16 5_7 5_8 5_9 6_13 6_16 6_7 7_15 7_16 7_7 7_8 8_15 8_16 8_3 8_6 8_9 9_14 9_15 9_16 9_4,0.111111,0.025641,0.025641,,0.111111,0.025641,0.081081,0.081081,0.052632,0.081081
2025-10-12,B5: B2+B3,52,0.346154,0.900000,3_10 4_10 4_9 5_14 5_15 5_8 5_9 6_12 7_15 7_16 7_5 7_8 8_15 8_16 8_7 9_14 9_15 9_16,6_15 8_8,0_11 10_15 10_16 2_17 3_11 3_12 3_13 3_14 3_5 3_7 3_8 4_11 4_12 4_13 4_15 4_3 4_8 5_13 5_16 5_7 6_13 6_16 6_7 6_8 7_3 7_6 7_7 8_3 8_5 8_6 8_9 9_3 9_4 9_9,0.739130,0.600000,0.600000,0.111111,,0.538462,0.818182,0.666667,0.025641,0.904762
2025-10-12,B4: B1+B3,52,0.326923,0.850000,3_10 3_11 3_12 4_10 4_9 5_15 5_8 5_9 6_12 6_13 6_7 7_15 7_7 7_8 8_15 9_14 9_15,6_14 6_15 8_8,0_11 10_15 10_16 2_17 3_13 3_14 3_5 3_7 3_8 4_11 4_12 4_13 4_15 4_3 4_8 5_13 5_14 5_16 5_7 6_16 6_8 7_16 7_3 7_5 7_6 8_16 8_3 8_5 8_6 8_7 8_9 9_16 9_3 9_4 9_9,0.379310,0.600000,0.481481,0.025641,0.538462,,0.428571,0.818182,0.052632,0.481481
2025-10-12,B2: Recent MA,52,0.326923,0.850000,4_10 4_9 5_14 5_15 5_8 5_9 7_15 7_16 7_5 7_8 8_15 8_16 8_6 8_7 9_14 9_15 9_16,6_15 8_4 8_8,0_11 10_15 10_16 2_17 3_10 3_11 3_12 3_13 3_14 3_5 3_7 3_8 4_11 4_12 4_13 4_15 4_3 4_8 5_13 5_16 5_7 6_12 6_13 6_16 6_7 6_8 7_3 7_6 7_7 8_3 8_5 8_9 9_3 9_4 9_9,0.818182,0.538462,0.538462,0.081081,0.818182,0.428571,,0.538462,0.025641,0.904762
2025-10-12,B3: DoY season,52,0.326923,0.850000,3_10 3_12 4_10 4_9 5_15 5_8 5_9 6_12 6_13 7_15 7_5 7_7 7_8 8_15 8_7 9_14 9_15,6_14 6_15 8_8,0_11 10_15 10_16 2_17 3_11 3_13 3_14 3_5 3_7 3_8 4_11 4_12 4_13 4_15 4_3 4_8 5_13 5_14 5_16 5_7 6_16 6_7 6_8 7_16 7_3 7_6 8_16 8_3 8_5 8_6 8_9 9_16 9_3 9_4 9_9,0.481481,0.481481,0.481481,0.081081,0.666667,0.818182,0.538462,,0.025641,0.600000
2025-10-12,B0: Random,52,0.115385,0.300000,0_11 3_11 6_7 7_3 7_5 8_9,0_10 0_14 0_17 10_8 11_5 1_18 2_14 2_15 3_17 3_18 3_2 5_17 6_0 9_1,10_15 10_16 2_17 3_10 3_12 3_13 3_14 3_5 3_7 3_8 4_10 4_11 4_12 4_13 4_15 4_3 4_8 4_9 5_13 5_14 5_15 5_16 5_7 5_8 5_9 6_12 6_13 6_16 6_8 7_15 7_16 7_6 7_7 7_8 8_15 8_16 8_3 8_5 8_6 8_7 9_14 9_15 9_16 9_3 9_4 9_9,0.025641,0.052632,0.052632,0.052632,0.025641,0.052632,0.025641,0.025641,,0.025641
2025-10-13,GLM-Logit,56,0.321429,0.900000,3_10 4_10 4_9 5_14 5_8 5_9 6_15 7_15 7_16 7_5 7_8 8_15 8_16 8_6 8_7 8_8 9_14 9_15,5_15 9_16,0_11 1_11 2_14 2_17 3_11 3_12 3_13 3_15 4_12 4_15 4_3 4_6 5_13 5_16 6_11 6_12 6_13 6_14 6_2 6_3 6_4 6_7 6_8 7_1 7_2 7_3 7_4 7_6 7_9 8_10 8_3 8_4 8_5 8_9 9_10 9_13 9_3 9_9,0.666667,0.600000,0.600000,0.081081,0.904762,0.481481,0.904762,0.600000,0.052632,
2025-10-13,HierBayes,56,0.303571,0.850000,4_10 4_9 5_13 5_14 5_8 5_9 7_15 7_16 7_5 7_8 8_16 8_6 8_7 8_8 9_14 9_15 9_9,10_16 6_16 9_16,0_11 1_11 2_14 2_17 3_10 3_11 3_12 3_13 3_15 4_12 4_15 4_3 4_6 5_16 6_11 6_12 6_13 6_14 6_15 6_2 6_3 6_4 6_7 6_8 7_1 7_2 7_3 7_4 7_6 7_9 8_10 8_15 8_3 8_4 8_5 8_9 9_10 9_13 9_3,,0.379310,0.428571,0.142857,0.600000,0.290323,0.739130,0.379310,0.052632,0.666667
2025-10-13,B1: Static prior,56,0.285714,0.800000,3_10 3_11 4_10 4_9 5_14 5_8 5_9 6_14 6_15 6_7 7_15 7_16 7_8 8_15 9_14 9_15,3_14 4_8 5_15 9_16,0_11 1_11 2_14 2_17 3_12 3_13 3_15 4_12 4_15 4_3 4_6 5_13 5_16 6_11 6_12 6_13 6_2 6_3 6_4 6_8 7_1 7_2 7_3 7_4 7_5 7_6 7_9 8_10 8_16 8_3 8_4 8_5 8_6 8_7 8_8 8_9 9_10 9_13 9_3 9_9,0.379310,,0.481481,0.025641,0.600000,0.600000,0.538462,0.481481,0.081081,0.600000
2025-10-13,TTM,56,0.303571,0.850000,3_10 3_11 4_10 4_9 5_8 5_9 6_15 6_3 6_4 7_16 7_5 7_8 8_15 8_16 8_8 9_14 9_15,3_7 3_9 9_16,0_11 1_11 2_14 2_17 3_12 3_13 3_15 4_12 4_15 4_3 4_6 5_13 5_14 5_16 6_11 6_12 6_13 6_14 6_2 6_7 6_8 7_1 7_15 7_2 7_3 7_4 7_6 7_9 8_10 8_3 8_4 8_5 8_6 8_7 8_9 9_10 9_13 9_3 9_9,0.428571,0.481481,,0.025641,0.600000,0.428571,0.538462,0.428571,0.052632,0.600000
2025-10-13,ET,56,0.285714,0.800000,3_15 4_12 4_15 5_13 5_14 6_12 6_8 7_2 7_3 7_5 7_6 8_5 8_7 9_10 9_3 9_9,3_16 5_12 6_6 6_9,0_11 1_11 2_14 2_17 3_10 3_11 3_12 3_13 4_10 4_3 4_6 4_9 5_16 5_8 5_9 6_11 6_13 6_14 6_15 6_2 6_3 6_4 6_7 7_1 7_15 7_16 7_4 7_8 7_9 8_10 8_15 8_16 8_3 8_4 8_6 8_8 8_9 9_13 9_14 9_15,0.142857,0.025641,0.025641,,0.111111,0.025641,0.111111,0.081081,0.052632,0.081081
2025-10-13,B5: B2+B3,56,0.321429,0.900000,3_10 4_10 4_9 5_14 5_8 5_9 6_12 6_15 7_15 7_16 7_5 7_8 8_15 8_16 8_7 8_8 9_14 9_15,5_15 9_16,0_11 1_11 2_14 2_17 3_11 3_12 3_13 3_15 4_12 4_15 4_3 4_6 5_13 5_16 6_11 6_13 6_14 6_2 6_3 6_4 6_7 6_8 7_1 7_2 7_3 7_4 7_6 7_9 8_10 8_3 8_4 8_5 8_6 8_9 9_10 9_13 9_3 9_9,0.600000,0.600000,0.600000,0.111111,,0.538462,0.818182,0.666667,0.052632,0.904762
2025-10-13,B4: B1+B3,56,0.321429,0.900000,3_10 3_11 3_12 4_10 4_9 5_8 5_9 6_12 6_13 6_14 6_15 6_7 7_15 7_8 8_15 8_8 9_14 9_15,5_15 7_7,0_11 1_11 2_14 2_17 3_13 3_15 4_12 4_15 4_3 4_6 5_13 5_14 5_16 6_11 6_2 6_3 6_4 6_8 7_1 7_16 7_2 7_3 7_4 7_5 7_6 7_9 8_10 8_16 8_3 8_4 8_5 8_6 8_7 8_9 9_10 9_13 9_3 9_9,0.290323,0.600000,0.428571,0.025641,0.538462,,0.428571,0.818182,0.052632,0.481481
2025-10-13,B2: Recent MA,56,0.321429,0.900000,4_10 4_9 5_14 5_8 5_9 6_15 7_15 7_16 7_5 7_8 8_15 8_16 8_6 8_7 8_8 9_14 9_15 9_9,5_15 9_16,0_11 1_11 2_14 2_17 3_10 3_11 3_12 3_13 3_15 4_12 4_15 4_3 4_6 5_13 5_16 6_11 6_12 6_13 6_14 6_2 6_3 6_4 6_7 6_8 7_1 7_2 7_3 7_4 7_6 7_9 8_10 8_3 8_4 8_5 8_9 9_10 9_13 9_3,0.739130,0.538462,0.538462,0.111111,0.818182,0.428571,,0.538462,0.052632,0.904762
2025-10-13,B3: DoY season,56,0.321429,0.900000,3_10 3_12 4_10 4_9 5_8 5_9 6_12 6_13 6_14 6_15 7_15 7_5 7_8 8_15 8_7 8_8 9_14 9_15,5_15 7_7,0_11 1_11 2_14 2_17 3_11 3_13 3_15 4_12 4_15 4_3 4_6 5_13 5_14 5_16 6_11 6_2 6_3 6_4 6_7 6_8 7_1 7_16 7_2 7_3 7_4 7_6 7_9 8_10 8_16 8_3 8_4 8_5 8_6 8_9 9_10 9_13 9_3 9_9,0.379310,0.481481,0.428571,0.081081,0.666667,0.818182,0.538462,,0.052632,0.600000
2025-10-13,B0: Random,56,0.071429,0.200000,3_15 4_10 4_9 6_11,0_19 0_8 10_10 10_14 11_1 1_18 1_4 1_5 1_7 1_8 2_10 3_14 3_8 5_3 5_5 6_9,0_11 1_11 2_14 2_17 3_10 3_11 3_12 3_13 4_12 4_15 4_3 4_6 5_13 5_14 5_16 5_8 5_9 6_12 6_13 6_14 6_15 6_2 6_3 6_4 6_7 6_8 7_1 7_15 7_16 7_2 7_3 7_4 7_5 7_6 7_8 7_9 8_10 8_15 8_16 8_3 8_4 8_5 8_6 8_7 8_8 8_9 9_10 9_13 9_14 9_15 9_3 9_9,0.052632,0.081081,0.052632,0.052632,0.052632,0.052632,0.052632,0.052632,,0.052632
2025-10-14,GLM-Logit,62,0.290323,0.900000,3_10 4_10 4_9 5_14 5_8 5_9 6_15 7_15 7_16 7_8 8_15 8_16 8_6 8_7 8_8 9_14 9_15 9_9,7_5 9_16,10_15 1_11 2_11 2_17 3_11 3_13 3_14 3_5 3_6 3_7 3_8 3_9 4_11 4_12 4_16 4_3 4_5 4_6 5_12 5_13 5_15 5_16 5_3 5_5 6_12 6_13 6_14 6_16 6_3 6_7 7_1 7_6 7_7 8_1 8_10 8_11 8_14 8_17 8_2 8_4 8_5 9_13 9_3 9_4,0.904762,0.538462,0.481481,0.111111,0.739130,0.481481,0.904762,0.428571,0.081081,
2025-10-14,HierBayes,62,0.290323,0.900000,3_10 4_10 4_9 5_14 5_8 5_9 6_16 7_15 7_16 7_8 8_15 8_16 8_6 8_7 8_8 9_14 9_15 9_9,7_5 9_16,10_15 1_11 2_11 2_17 3_11 3_13 3_14 3_5 3_6 3_7 3_8 3_9 4_11 4_12 4_16 4_3 4_5 4_6 5_12 5_13 5_15 5_16 5_3 5_5 6_12 6_13 6_14 6_15 6_3 6_7 7_1 7_6 7_7 8_1 8_10 8_11 8_14 8_17 8_2 8_4 8_5 9_13 9_3 9_4,,0.481481,0.428571,0.111111,0.666667,0.428571,0.818182,0.379310,0.081081,0.904762
2025-10-14,B1: Static prior,62,0.290323,0.900000,3_10 3_11 3_14 4_10 4_9 5_14 5_15 5_8 5_9 6_14 6_15 6_7 7_15 7_16 7_8 8_15 9_14 9_15,4_8 9_16,10_15 1_11 2_11 2_17 3_13 3_5 3_6 3_7 3_8 3_9 4_11 4_12 4_16 4_3 4_5 4_6 5_12 5_13 5_16 5_3 5_5 6_12 6_13 6_16 6_3 7_1 7_6 7_7 8_1 8_10 8_11 8_14 8_16 8_17 8_2 8_4 8_5 8_6 8_7 8_8 9_13 9_3 9_4 9_9,0.481481,,0.538462,0.025641,0.538462,0.538462,0.481481,0.428571,0.081081,0.538462
2025-10-14,TTM,62,0.274194,0.850000,3_10 3_11 3_14 3_5 3_9 4_10 4_9 5_14 5_8 5_9 6_15 6_3 6_7 7_15 8_8 9_14 9_15,6_4 7_5 9_16,10_15 1_11 2_11 2_17 3_13 3_6 3_7 3_8 4_11 4_12 4_16 4_3 4_5 4_6 5_12 5_13 5_15 5_16 5_3 5_5 6_12 6_13 6_14 6_16 7_1 7_16 7_6 7_7 7_8 8_1 8_10 8_11 8_14 8_15 8_16 8_17 8_2 8_4 8_5 8_6 8_7 9_13 9_3 9_4 9_9,0.428571,0.538462,,0.052632,0.428571,0.428571,0.428571,0.379310,0.142857,0.481481
2025-10-14,ET,62,0.161290,0.500000,4_12 5_12 5_13 5_14 6_12 7_6 8_5 8_7 9_3 9_9,3_15 3_16 4_15 6_6 6_8 6_9 7_2 7_3 7_5 9_10,10_15 1_11 2_11 2_17 3_10 3_11 3_13 3_14 3_5 3_6 3_7 3_8 3_9 4_10 4_11 4_16 4_3 4_5 4_6 4_9 5_15 5_16 5_3 5_5 5_8 5_9 6_13 6_14 6_15 6_16 6_3 6_7 7_1 7_15 7_16 7_7 7_8 8_1 8_10 8_11 8_14 8_15 8_16 8_17 8_2 8_4 8_6 8_8 9_13 9_14 9_15 9_4,0.111111,0.025641,0.052632,,0.111111,0.052632,0.111111,0.081081,0.025641,0.111111
2025-10-14,B5: B2+B3,62,0.306452,0.950000,3_10 4_10 4_9 5_14 5_15 5_8 5_9 6_12 6_13 6_15 7_15 7_16 7_8 8_15 8_16 8_7 8_8 9_14 9_15,7_5,10_15 1_11 2_11 2_17 3_11 3_13 3_14 3_5 3_6 3_7 3_8 3_9 4_11 4_12 4_16 4_3 4_5 4_6 5_12 5_13 5_16 5_3 5_5 6_14 6_16 6_3 6_7 7_1 7_6 7_7 8_1 8_10 8_11 8_14 8_17 8_2 8_4 8_5 8_6 9_13 9_3 9_4 9_9,0.666667,0.538462,0.428571,0.111111,,0.666667,0.666667,0.600000,0.081081,0.739130
2025-10-14,B4: B1+B3,62,0.290323,0.900000,3_10 4_10 4_9 5_15 5_8 5_9 6_12 6_13 6_14 6_15 6_7 7_15 7_7 7_8 8_15 8_8 9_14 9_15,3_12 7_5,10_15 1_11 2_11 2_17 3_11 3_13 3_14 3_5 3_6 3_7 3_8 3_9 4_11 4_12 4_16 4_3 4_5 4_6 5_12 5_13 5_14 5_16 5_3 5_5 6_16 6_3 7_1 7_16 7_6 8_1 8_10 8_11 8_14 8_16 8_17 8_2 8_4 8_5 8_6 8_7 9_13 9_3 9_4 9_9,0.428571,0.538462,0.428571,0.052632,0.666667,,0.428571,0.818182,0.052632,0.481481
2025-10-14,B2: Recent MA,62,0.290323,0.900000,4_10 4_9 5_14 5_8 5_9 6_15 7_15 7_16 7_8 8_15 8_16 8_4 8_6 8_7 8_8 9_14 9_15 9_9,7_5 9_16,10_15 1_11 2_11 2_17 3_10 3_11 3_13 3_14 3_5 3_6 3_7 3_8 3_9 4_11 4_12 4_16 4_3 4_5 4_6 5_12 5_13 5_15 5_16 5_3 5_5 6_12 6_13 6_14 6_16 6_3 6_7 7_1 7_6 7_7 8_1 8_10 8_11 8_14 8_17 8_2 8_5 9_13 9_3 9_4,0.818182,0.481481,0.428571,0.111111,0.666667,0.428571,,0.379310,0.052632,0.904762
2025-10-14,B3: DoY season,62,0.290323,0.900000,3_10 4_10 4_11 4_9 5_15 5_9 6_12 6_13 6_14 6_15 6_7 7_15 7_7 7_8 8_7 8_8 9_14 9_15,3_12 7_5,10_15 1_11 2_11 2_17 3_11 3_13 3_14 3_5 3_6 3_7 3_8 3_9 4_12 4_16 4_3 4_5 4_6 5_12 5_13 5_14 5_16 5_3 5_5 5_8 6_16 6_3 7_1 7_16 7_6 8_1 8_10 8_11 8_14 8_15 8_16 8_17 8_2 8_4 8_5 8_6 9_13 9_3 9_4 9_9,0.379310,0.428571,0.379310,0.081081,0.600000,0.818182,0.379310,,0.052632,0.428571
2025-10-14,B0: Random,62,0.112903,0.350000,2_11 3_10 3_9 4_9 5_14 6_3 8_11,0_10 10_1 10_4 11_17 11_5 12_15 3_19 4_13 5_7 6_19 6_2 7_14 7_19,10_15 1_11 2_17 3_11 3_13 3_14 3_5 3_6 3_7 3_8 4_10 4_11 4_12 4_16 4_3 4_5 4_6 5_12 5_13 5_15 5_16 5_3 5_5 5_8 5_9 6_12 6_13 6_14 6_15 6_16 6_7 7_1 7_15 7_16 7_6 7_7 7_8 8_1 8_10 8_14 8_15 8_16 8_17 8_2 8_4 8_5 8_6 8_7 8_8 9_13 9_14 9_15 9_3 9_4 9_9,0.081081,0.081081,0.142857,0.025641,0.081081,0.052632,0.052632,0.052632,,0.081081
2025-10-15,GLM-Logit,55,0.345455,0.950000,3_10 4_10 4_9 5_14 5_8 5_9 6_15 7_15 7_16 7_5 7_8 8_15 8_16 8_6 8_7 9_14 9_15 9_16 9_9,8_8,2_11 2_17 2_5 3_11 3_12 3_13 3_14 3_16 3_5 3_9 4_11 4_12 4_15 4_6 4_8 5_13 5_15 5_3 5_4 5_7 6_12 6_14 6_16 6_3 6_4 7_3 7_4 7_6 7_7 8_10 8_11 8_2 8_3 8_5 9_10 9_13,0.818182,0.538462,0.379310,0.111111,0.739130,0.538462,0.904762,0.481481,0.000000,
2025-10-15,HierBayes,55,0.345455,0.950000,4_10 4_9 5_13 5_14 5_8 5_9 6_16 7_15 7_16 7_5 7_8 8_15 8_16 8_6 8_7 9_14 9_15 9_16 9_9,8_8,2_11 2_17 2_5 3_10 3_11 3_12 3_13 3_14 3_16 3_5 3_9 4_11 4_12 4_15 4_6 4_8 5_15 5_3 5_4 5_7 6_12 6_14 6_15 6_3 6_4 7_3 7_4 7_6 7_7 8_10 8_11 8_2 8_3 8_5 9_10 9_13,,0.428571,0.290323,0.142857,0.600000,0.428571,0.818182,0.379310,0.000000,0.818182
2025-10-15,B1: Static prior,55,0.345455,0.950000,3_10 3_11 3_14 4_10 4_8 4_9 5_14 5_15 5_8 5_9 6_14 6_15 7_15 7_16 7_8 8_15 9_14 9_15 9_16,6_7,2_11 2_17 2_5 3_12 3_13 3_16 3_5 3_9 4_11 4_12 4_15 4_6 5_13 5_3 5_4 5_7 6_12 6_16 6_3 6_4 7_3 7_4 7_5 7_6 7_7 8_10 8_11 8_16 8_2 8_3 8_5 8_6 8_7 9_10 9_13 9_9,0.428571,,0.481481,0.025641,0.481481,0.538462,0.481481,0.428571,0.000000,0.538462
2025-10-15,TTM,55,0.327273,0.900000,3_10 3_11 3_12 3_14 3_5 3_9 4_10 4_9 5_8 5_9 6_15 6_3 6_4 8_15 8_5 9_14 9_15 9_16,6_7 8_8,2_11 2_17 2_5 3_13 3_16 4_11 4_12 4_15 4_6 4_8 5_13 5_14 5_15 5_3 5_4 5_7 6_12 6_14 6_16 7_15 7_16 7_3 7_4 7_5 7_6 7_7 7_8 8_10 8_11 8_16 8_2 8_3 8_6 8_7 9_10 9_13 9_9,0.290323,0.481481,,0.025641,0.333333,0.428571,0.333333,0.333333,0.000000,0.379310
2025-10-15,ET,55,0.236364,0.650000,3_16 4_12 4_15 5_13 5_14 6_12 7_3 7_5 7_6 8_5 8_7 9_10 9_9,3_15 5_12 6_6 6_8 6_9 7_2 9_3,2_11 2_17 2_5 3_10 3_11 3_12 3_13 3_14 3_5 3_9 4_10 4_11 4_6 4_8 4_9 5_15 5_3 5_4 5_7 5_8 5_9 6_14 6_15 6_16 6_3 6_4 7_15 7_16 7_4 7_7 7_8 8_10 8_11 8_15 8_16 8_2 8_3 8_6 9_13 9_14 9_15 9_16,0.142857,0.025641,0.025641,,0.081081,0.052632,0.111111,0.081081,0.025641,0.111111
2025-10-15,B5: B2+B3,55,0.327273,0.900000,3_10 4_10 4_9 5_15 5_8 5_9 6_12 6_15 7_15 7_16 7_5 7_8 8_15 8_16 8_6 8_7 9_14 9_15,6_13 8_8,2_11 2_17 2_5 3_11 3_12 3_13 3_14 3_16 3_5 3_9 4_11 4_12 4_15 4_6 4_8 5_13 5_14 5_3 5_4 5_7 6_14 6_16 6_3 6_4 7_3 7_4 7_6 7_7 8_10 8_11 8_2 8_3 8_5 9_10 9_13 9_16 9_9,0.600000,0.481481,0.333333,0.081081,,0.739130,0.666667,0.666667,0.000000,0.739130
2025-10-15,B4: B1+B3,55,0.309091,0.850000,3_10 3_12 4_10 4_9 5_15 5_8 5_9 6_12 6_14 6_15 7_15 7_5 7_8 8_15 8_16 9_14 9_15,6_13 6_7 8_8,2_11 2_17 2_5 3_11 3_13 3_14 3_16 3_5 3_9 4_11 4_12 4_15 4_6 4_8 5_13 5_14 5_3 5_4 5_7 6_16 6_3 6_4 7_16 7_3 7_4 7_6 7_7 8_10 8_11 8_2 8_3 8_5 8_6 8_7 9_10 9_13 9_16 9_9,0.428571,0.538462,0.428571,0.052632,0.739130,,0.481481,0.818182,0.000000,0.538462
2025-10-15,B2: Recent MA,55,0.327273,0.900000,4_10 4_9 5_14 5_8 5_9 6_15 7_15 7_16 7_5 7_8 8_15 8_16 8_6 8_7 9_14 9_15 9_16 9_9,8_4 8_8,2_11 2_17 2_5 3_10 3_11 3_12 3_13 3_14 3_16 3_5 3_9 4_11 4_12 4_15 4_6 4_8 5_13 5_15 5_3 5_4 5_7 6_12 6_14 6_16 6_3 6_4 7_3 7_4 7_6 7_7 8_10 8_11 8_2 8_3 8_5 9_10 9_13,0.818182,0.481481,0.333333,0.111111,0.666667,0.481481,,0.428571,0.000000,0.904762
2025-10-15,B3: DoY season,55,0.309091,0.850000,3_10 3_12 4_10 4_9 5_15 5_8 6_12 6_14 6_15 7_15 7_5 7_7 7_8 8_16 8_7 9_14 9_15,6_13 6_7 8_8,2_11 2_17 2_5 3_11 3_13 3_14 3_16 3_5 3_9 4_11 4_12 4_15 4_6 4_8 5_13 5_14 5_3 5_4 5_7 5_9 6_16 6_3 6_4 7_16 7_3 7_4 7_6 8_10 8_11 8_15 8_2 8_3 8_5 8_6 9_10 9_13 9_16 9_9,0.379310,0.428571,0.333333,0.081081,0.666667,0.818182,0.428571,,0.000000,0.481481
2025-10-15,B0: Random,55,0.018182,0.050000,2_11,0_4 10_16 11_11 11_13 11_18 11_2 1_0 1_6 2_0 2_13 3_15 5_11 5_16 5_19 5_5 6_17 7_12 8_14 8_18,2_17 2_5 3_10 3_11 3_12 3_13 3_14 3_16 3_5 3_9 4_10 4_11 4_12 4_15 4_6 4_8 4_9 5_13 5_14 5_15 5_3 5_4 5_7 5_8 5_9 6_12 6_14 6_15 6_16 6_3 6_4 7_15 7_16 7_3 7_4 7_5 7_6 7_7 7_8 8_10 8_11 8_15 8_16 8_2 8_3 8_5 8_6 8_7 9_10 9_13 9_14 9_15 9_16 9_9,0.000000,0.000000,0.000000,0.025641,0.000000,0.000000,0.000000,0.000000,,0.000000
2025-10-16,GLM-Logit,48,0.291667,0.700000,3_10 4_10 4_9 5_9 7_15 7_16 7_5 7_8 8_16 8_8 9_14 9_15 9_16 9_9,5_14 5_15 5_8 6_15 8_15 8_6,10_15 1_12 2_11 2_17 2_3 3_11 3_14 3_15 3_16 3_5 3_9 5_13 5_16 5_4 5_7 6_12 6_13 6_14 6_16 6_4 6_5 6_6 6_7 6_8 7_11 7_14 7_3 7_4 7_6 7_7 7_9 8_10 8_7 9_3,0.739130,0.600000,0.428571,0.081081,0.739130,0.481481,0.904762,0.481481,0.000000,
2025-10-16,HierBayes,48,0.333333,0.800000,3_10 4_10 5_13 5_9 6_16 7_15 7_16 7_5 7_8 8_16 8_7 8_8 9_14 9_15 9_16 9_9,5_14 5_8 8_15 8_6,10_15 1_12 2_11 2_17 2_3 3_11 3_14 3_15 3_16 3_5 3_9 4_9 5_16 5_4 5_7 6_12 6_13 6_14 6_4 6_5 6_6 6_7 6_8 7_11 7_14 7_3 7_4 7_6 7_7 7_9 8_10 9_3,,0.428571,0.333333,0.142857,0.600000,0.333333,0.739130,0.379310,0.000000,0.739130
2025-10-16,B1: Static prior,48,0.291667,0.700000,3_10 3_11 3_14 4_10 4_9 5_9 6_14 6_7 7_15 7_16 7_8 9_14 9_15 9_16,4_8 5_14 5_15 5_8 6_15 8_15,10_15 1_12 2_11 2_17 2_3 3_15 3_16 3_5 3_9 5_13 5_16 5_4 5_7 6_12 6_13 6_16 6_4 6_5 6_6 6_8 7_11 7_14 7_3 7_4 7_5 7_6 7_7 7_9 8_10 8_16 8_7 8_8 9_3 9_9,0.428571,,0.600000,0.025641,0.481481,0.600000,0.538462,0.428571,0.025641,0.600000
2025-10-16,TTM,48,0.312500,0.750000,3_10 3_11 3_14 3_9 4_10 4_9 5_9 6_14 6_4 6_7 7_15 8_8 9_14 9_15 9_16,3_12 5_14 5_8 6_15 8_5,10_15 1_12 2_11 2_17 2_3 3_15 3_16 3_5 5_13 5_16 5_4 5_7 6_12 6_13 6_16 6_5 6_6 6_8 7_11 7_14 7_16 7_3 7_4 7_5 7_6 7_7 7_8 7_9 8_10 8_16 8_7 9_3 9_9,0.333333,0.600000,,0.052632,0.333333,0.538462,0.379310,0.379310,0.025641,0.428571
2025-10-16,ET,48,0.250000,0.600000,3_15 3_16 5_13 6_12 6_6 6_8 7_3 7_5 7_6 8_7 9_3 9_9,4_12 4_15 5_12 5_14 6_9 7_2 8_5 9_10,10_15 1_12 2_11 2_17 2_3 3_10 3_11 3_14 3_5 3_9 4_10 4_9 5_16 5_4 5_7 5_9 6_13 6_14 6_16 6_4 6_5 6_7 7_11 7_14 7_15 7_16 7_4 7_7 7_8 7_9 8_10 8_16 8_8 9_14 9_15 9_16,0.142857,0.025641,0.052632,,0.081081,0.025641,0.111111,0.081081,0.081081,0.081081
2025-10-16,B5: B2+B3,48,0.312500,0.750000,3_10 4_10 4_9 5_9 6_12 6_13 7_15 7_16 7_5 7_8 8_16 8_7 8_8 9_14 9_15,5_15 5_8 6_15 8_15 8_6,10_15 1_12 2_11 2_17 2_3 3_11 3_14 3_15 3_16 3_5 3_9 5_13 5_16 5_4 5_7 6_14 6_16 6_4 6_5 6_6 6_7 6_8 7_11 7_14 7_3 7_4 7_6 7_7 7_9 8_10 9_16 9_3 9_9,0.600000,0.481481,0.333333,0.081081,,0.600000,0.739130,0.666667,0.000000,0.739130
2025-10-16,B4: B1+B3,48,0.312500,0.750000,3_10 3_11 4_10 4_9 5_9 6_12 6_13 6_14 6_7 7_15 7_7 7_8 8_8 9_14 9_15,3_12 5_15 5_8 6_15 8_15,10_15 1_12 2_11 2_17 2_3 3_14 3_15 3_16 3_5 3_9 5_13 5_16 5_4 5_7 6_16 6_4 6_5 6_6 6_8 7_11 7_14 7_16 7_3 7_4 7_5 7_6 7_9 8_10 8_16 8_7 9_16 9_3 9_9,0.333333,0.600000,0.538462,0.025641,0.600000,,0.428571,0.739130,0.025641,0.481481
2025-10-16,B2: Recent MA,48,0.291667,0.700000,4_10 4_9 5_9 7_15 7_16 7_5 7_8 8_16 8_7 8_8 9_14 9_15 9_16 9_9,5_14 5_15 5_8 6_15 8_15 8_6,10_15 1_12 2_11 2_17 2_3 3_10 3_11 3_14 3_15 3_16 3_5 3_9 5_13 5_16 5_4 5_7 6_12 6_13 6_14 6_16 6_4 6_5 6_6 6_7 6_8 7_11 7_14 7_3 7_4 7_6 7_7 7_9 8_10 9_3,0.739130,0.538462,0.379310,0.111111,0.739130,0.428571,,0.481481,0.000000,0.904762
2025-10-16,B3: DoY season,48,0.312500,0.750000,3_10 4_9 6_12 6_13 6_14 6_7 7_15 7_5 7_7 7_8 8_16 8_7 8_8 9_14 9_15,3_12 5_15 5_8 6_15 8_15,10_15 1_12 2_11 2_17 2_3 3_11 3_14 3_15 3_16 3_5 3_9 4_10 5_13 5_16 5_4 5_7 5_9 6_16 6_4 6_5 6_6 6_8 7_11 7_14 7_16 7_3 7_4 7_6 7_9 8_10 9_16 9_3 9_9,0.379310,0.428571,0.379310,0.081081,0.666667,0.739130,0.481481,,0.025641,0.481481
2025-10-16,B0: Random,48,0.125000,0.300000,3_14 3_15 5_16 7_6 7_7 7_9,0_0 11_5 12_10 12_11 12_5 1_0 2_4 3_0 4_3 4_7 5_12 6_0 6_10 7_10,10_15 1_12 2_11 2_17 2_3 3_10 3_11 3_16 3_5 3_9 4_10 4_9 5_13 5_4 5_7 5_9 6_12 6_13 6_14 6_16 6_4 6_5 6_6 6_7 6_8 7_11 7_14 7_15 7_16 7_3 7_4 7_5 7_8 8_10 8_16 8_7 8_8 9_14 9_15 9_16 9_3 9_9,0.000000,0.025641,0.025641,0.081081,0.000000,0.025641,0.000000,0.025641,,0.000000
2025-10-17,GLM-Logit,64,0.296875,0.950000,3_10 4_10 4_9 5_14 5_8 5_9 6_15 7_15 7_16 7_5 7_8 8_15 8_16 8_6 8_7 8_8 9_14 9_15 9_16,9_9,1_12 2_11 2_13 2_14 2_15 3_11 3_12 3_13 3_15 3_16 3_5 3_6 3_8 4_2 4_7 4_8 5_15 5_16 5_3 5_5 5_6 5_7 6_12 6_13 6_14 6_16 6_2 6_3 6_4 6_5 6_6 6_7 7_1 7_3 7_4 7_6 7_7 8_1 8_10 8_11 8_2 8_3 8_4 8_9 9_10,0.818182,0.538462,0.481481,0.111111,0.739130,0.428571,0.904762,0.379310,0.081081,
2025-10-17,HierBayes,64,0.281250,0.900000,3_10 4_10 5_14 5_8 5_9 6_16 7_15 7_16 7_5 7_8 8_15 8_16 8_6 8_7 8_8 9_14 9_15 9_16,5_13 9_9,1_12 2_11 2_13 2_14 2_15 3_11 3_12 3_13 3_15 3_16 3_5 3_6 3_8 4_2 4_7 4_8 4_9 5_15 5_16 5_3 5_5 5_6 5_7 6_12 6_13 6_14 6_15 6_2 6_3 6_4 6_5 6_6 6_7 7_1 7_3 7_4 7_6 7_7 8_1 8_10 8_11 8_2 8_3 8_4 8_9 9_10,,0.428571,0.379310,0.142857,0.600000,0.333333,0.818182,0.290323,0.052632,0.818182
2025-10-17,B1: Static prior,64,0.296875,0.950000,3_10 3_11 4_10 4_8 4_9 5_14 5_15 5_8 5_9 6_14 6_15 6_7 7_15 7_16 7_8 8_15 9_14 9_15 9_16,3_14,1_12 2_11 2_13 2_14 2_15 3_12 3_13 3_15 3_16 3_5 3_6 3_8 4_2 4_7 5_16 5_3 5_5 5_6 5_7 6_12 6_13 6_16 6_2 6_3 6_4 6_5 6_6 7_1 7_3 7_4 7_5 7_6 7_7 8_1 8_10 8_11 8_16 8_2 8_3 8_4 8_6 8_7 8_8 8_9 9_10,0.428571,,0.600000,0.025641,0.481481,0.666667,0.481481,0.481481,0.081081,0.538462
2025-10-17,TTM,64,0.281250,0.900000,3_10 3_11 3_12 3_6 4_10 4_9 5_8 5_9 6_15 6_4 6_7 7_15 7_16 8_15 8_8 9_14 9_15 9_16,3_14 3_9,1_12 2_11 2_13 2_14 2_15 3_13 3_15 3_16 3_5 3_8 4_2 4_7 4_8 5_14 5_15 5_16 5_3 5_5 5_6 5_7 6_12 6_13 6_14 6_16 6_2 6_3 6_5 6_6 7_1 7_3 7_4 7_5 7_6 7_7 7_8 8_1 8_10 8_11 8_16 8_2 8_3 8_4 8_6 8_7 8_9 9_10,0.379310,0.600000,,0.000000,0.428571,0.600000,0.428571,0.428571,0.052632,0.481481
2025-10-17,ET,64,0.156250,0.500000,3_15 3_16 5_14 6_12 6_6 7_3 7_5 7_6 8_7 9_10,4_12 4_15 5_12 5_13 6_8 6_9 7_2 8_5 9_3 9_9,1_12 2_11 2_13 2_14 2_15 3_10 3_11 3_12 3_13 3_5 3_6 3_8 4_10 4_2 4_7 4_8 4_9 5_15 5_16 5_3 5_5 5_6 5_7 5_8 5_9 6_13 6_14 6_15 6_16 6_2 6_3 6_4 6_5 6_7 7_1 7_15 7_16 7_4 7_7 7_8 8_1 8_10 8_11 8_15 8_16 8_2 8_3 8_4 8_6 8_8 8_9 9_14 9_15 9_16,0.142857,0.025641,0.000000,,0.081081,0.000000,0.142857,0.081081,0.025641,0.111111
2025-10-17,B5: B2+B3,64,0.312500,1.000000,3_10 4_10 4_9 5_15 5_8 5_9 6_12 6_13 6_15 7_15 7_16 7_5 7_8 8_15 8_16 8_6 8_7 8_8 9_14 9_15,,1_12 2_11 2_13 2_14 2_15 3_11 3_12 3_13 3_15 3_16 3_5 3_6 3_8 4_2 4_7 4_8 5_14 5_16 5_3 5_5 5_6 5_7 6_14 6_16 6_2 6_3 6_4 6_5 6_6 6_7 7_1 7_3 7_4 7_6 7_7 8_1 8_10 8_11 8_2 8_3 8_4 8_9 9_10 9_16,0.600000,0.481481,0.428571,0.081081,,0.538462,0.739130,0.538462,0.081081,0.739130
2025-10-17,B4: B1+B3,64,0.296875,0.950000,3_10 3_11 3_12 4_10 4_9 5_15 5_8 5_9 6_13 6_14 6_15 6_7 7_15 7_7 7_8 8_15 8_8 9_14 9_15,3_14,1_12 2_11 2_13 2_14 2_15 3_13 3_15 3_16 3_5 3_6 3_8 4_2 4_7 4_8 5_14 5_16 5_3 5_5 5_6 5_7 6_12 6_16 6_2 6_3 6_4 6_5 6_6 7_1 7_16 7_3 7_4 7_5 7_6 8_1 8_10 8_11 8_16 8_2 8_3 8_4 8_6 8_7 8_9 9_10 9_16,0.333333,0.666667,0.600000,0.000000,0.538462,,0.379310,0.739130,0.111111,0.428571
2025-10-17,B2: Recent MA,64,0.296875,0.950000,3_10 4_10 4_9 5_14 5_8 5_9 6_12 7_15 7_16 7_5 7_8 8_15 8_16 8_6 8_7 8_8 9_14 9_15 9_16,9_9,1_12 2_11 2_13 2_14 2_15 3_11 3_12 3_13 3_15 3_16 3_5 3_6 3_8 4_2 4_7 4_8 5_15 5_16 5_3 5_5 5_6 5_7 6_13 6_14 6_15 6_16 6_2 6_3 6_4 6_5 6_6 6_7 7_1 7_3 7_4 7_6 7_7 8_1 8_10 8_11 8_2 8_3 8_4 8_9 9_10,0.818182,0.481481,0.428571,0.142857,0.739130,0.379310,,0.379310,0.052632,0.904762
2025-10-17,B3: DoY season,64,0.281250,0.900000,3_10 3_12 4_9 5_15 5_8 6_12 6_13 6_14 6_15 6_7 7_15 7_7 7_8 8_15 8_7 8_8 9_14 9_15,3_14 4_12,1_12 2_11 2_13 2_14 2_15 3_11 3_13 3_15 3_16 3_5 3_6 3_8 4_10 4_2 4_7 4_8 5_14 5_16 5_3 5_5 5_6 5_7 5_9 6_16 6_2 6_3 6_4 6_5 6_6 7_1 7_16 7_3 7_4 7_5 7_6 8_1 8_10 8_11 8_16 8_2 8_3 8_4 8_6 8_9 9_10 9_16,0.290323,0.481481,0.428571,0.081081,0.538462,0.739130,0.379310,,0.111111,0.379310
2025-10-17,B0: Random,64,0.125000,0.400000,1_12 3_10 3_13 5_6 5_7 6_13 6_14 6_15,0_8 10_16 10_18 10_7 11_1 11_9 12_7 1_16 1_19 4_3 7_13 9_9,2_11 2_13 2_14 2_15 3_11 3_12 3_15 3_16 3_5 3_6 3_8 4_10 4_2 4_7 4_8 4_9 5_14 5_15 5_16 5_3 5_5 5_8 5_9 6_12 6_16 6_2 6_3 6_4 6_5 6_6 6_7 7_1 7_15 7_16 7_3 7_4 7_5 7_6 7_7 7_8 8_1 8_10 8_11 8_15 8_16 8_2 8_3 8_4 8_6 8_7 8_8 8_9 9_10 9_14 9_15 9_16,0.052632,0.081081,0.052632,0.025641,0.081081,0.111111,0.052632,0.111111,,0.081081
2025-10-18,GLM-Logit,55,0.327273,0.900000,3_10 3_11 4_10 4_9 5_15 5_8 5_9 7_15 7_16 7_5 7_8 8_15 8_16 8_6 8_8 9_14 9_15 9_16,5_14 6_15,10_15 10_16 1_11 1_12 2_13 3_12 3_13 3_15 3_16 3_6 3_9 4_11 4_15 4_4 4_7 4_8 5_12 5_16 5_6 6_13 6_14 6_3 6_4 6_5 6_6 6_7 7_2 7_3 7_4 7_6 7_7 8_1 8_3 8_4 8_7 9_3 9_9,0.600000,0.666667,0.600000,0.052632,0.739130,0.538462,0.818182,0.379310,0.052632,
2025-10-18,HierBayes,55,0.290909,0.800000,3_10 4_10 5_8 5_9 7_15 7_16 7_5 7_8 8_16 8_6 8_7 8_8 9_14 9_15 9_16 9_9,5_13 5_14 6_16 8_10,10_15 10_16 1_11 1_12 2_13 3_11 3_12 3_13 3_15 3_16 3_6 3_9 4_11 4_15 4_4 4_7 4_8 4_9 5_12 5_15 5_16 5_6 6_13 6_14 6_3 6_4 6_5 6_6 6_7 7_2 7_3 7_4 7_6 7_7 8_1 8_15 8_3 8_4 9_3,,0.379310,0.379310,0.142857,0.538462,0.290323,0.600000,0.250000,0.081081,0.600000
2025-10-18,B1: Static prior,55,0.309091,0.850000,3_10 3_11 4_10 4_8 4_9 5_15 5_8 5_9 6_14 6_7 7_15 7_16 7_8 8_15 9_14 9_15 9_16,3_14 5_14 6_15,10_15 10_16 1_11 1_12 2_13 3_12 3_13 3_15 3_16 3_6 3_9 4_11 4_15 4_4 4_7 5_12 5_16 5_6 6_13 6_3 6_4 6_5 6_6 7_2 7_3 7_4 7_5 7_6 7_7 8_1 8_16 8_3 8_4 8_6 8_7 8_8 9_3 9_9,0.379310,,0.666667,0.025641,0.481481,0.666667,0.538462,0.481481,0.052632,0.666667
2025-10-18,TTM,55,0.327273,0.900000,3_10 3_11 3_9 4_10 4_9 5_8 5_9 6_3 6_4 6_7 7_15 7_16 7_8 8_15 8_8 9_14 9_15 9_16,3_14 6_15,10_15 10_16 1_11 1_12 2_13 3_12 3_13 3_15 3_16 3_6 4_11 4_15 4_4 4_7 4_8 5_12 5_15 5_16 5_6 6_13 6_14 6_5 6_6 7_2 7_3 7_4 7_5 7_6 7_7 8_1 8_16 8_3 8_4 8_6 8_7 9_3 9_9,0.379310,0.666667,,0.000000,0.481481,0.600000,0.481481,0.428571,0.052632,0.600000
2025-10-18,ET,55,0.218182,0.600000,3_15 3_16 4_15 5_12 6_6 7_2 7_3 7_5 7_6 8_7 9_3 9_9,4_12 5_13 5_14 6_12 6_8 6_9 8_5 9_10,10_15 10_16 1_11 1_12 2_13 3_10 3_11 3_12 3_13 3_6 3_9 4_10 4_11 4_4 4_7 4_8 4_9 5_15 5_16 5_6 5_8 5_9 6_13 6_14 6_3 6_4 6_5 6_7 7_15 7_16 7_4 7_7 7_8 8_1 8_15 8_16 8_3 8_4 8_6 8_8 9_14 9_15 9_16,0.142857,0.025641,0.000000,,0.081081,0.025641,0.111111,0.081081,0.081081,0.052632
2025-10-18,B5: B2+B3,55,0.327273,0.900000,3_10 4_10 4_9 5_15 5_8 5_9 6_13 7_15 7_16 7_5 7_8 8_15 8_16 8_6 8_7 8_8 9_14 9_15,6_12 6_15,10_15 10_16 1_11 1_12 2_13 3_11 3_12 3_13 3_15 3_16 3_6 3_9 4_11 4_15 4_4 4_7 4_8 5_12 5_16 5_6 6_14 6_3 6_4 6_5 6_6 6_7 7_2 7_3 7_4 7_6 7_7 8_1 8_3 8_4 9_16 9_3 9_9,0.538462,0.481481,0.481481,0.081081,,0.538462,0.818182,0.538462,0.052632,0.739130
2025-10-18,B4: B1+B3,55,0.309091,0.850000,3_10 3_11 3_12 4_10 4_9 5_15 5_8 5_9 6_13 6_14 6_7 7_15 7_8 8_15 8_8 9_14 9_15,3_14 4_12 6_15,10_15 10_16 1_11 1_12 2_13 3_13 3_15 3_16 3_6 3_9 4_11 4_15 4_4 4_7 4_8 5_12 5_16 5_6 6_3 6_4 6_5 6_6 7_16 7_2 7_3 7_4 7_5 7_6 7_7 8_1 8_16 8_3 8_4 8_6 8_7 9_16 9_3 9_9,0.290323,0.666667,0.600000,0.025641,0.538462,,0.428571,0.739130,0.052632,0.538462
2025-10-18,B2: Recent MA,55,0.309091,0.850000,4_10 4_9 5_15 5_8 5_9 7_15 7_16 7_5 7_8 8_15 8_16 8_6 8_7 8_8 9_14 9_15 9_16,5_14 6_12 6_15,10_15 10_16 1_11 1_12 2_13 3_10 3_11 3_12 3_13 3_15 3_16 3_6 3_9 4_11 4_15 4_4 4_7 4_8 5_12 5_16 5_6 6_13 6_14 6_3 6_4 6_5 6_6 6_7 7_2 7_3 7_4 7_6 7_7 8_1 8_3 8_4 9_3 9_9,0.600000,0.538462,0.481481,0.111111,0.818182,0.428571,,0.428571,0.025641,0.818182
2025-10-18,B3: DoY season,55,0.290909,0.800000,3_10 3_12 4_9 5_15 5_8 5_9 6_13 6_14 6_7 7_15 7_7 7_8 8_15 8_7 8_8 9_14,3_14 4_12 6_12 6_15,10_15 10_16 1_11 1_12 2_13 3_11 3_13 3_15 3_16 3_6 3_9 4_10 4_11 4_15 4_4 4_7 4_8 5_12 5_16 5_6 6_3 6_4 6_5 6_6 7_16 7_2 7_3 7_4 7_5 7_6 8_1 8_16 8_3 8_4 8_6 9_15 9_16 9_3 9_9,0.250000,0.481481,0.428571,0.081081,0.538462,0.739130,0.428571,,0.052632,0.379310
2025-10-18,B0: Random,55,0.090909,0.250000,3_10 4_15 5_8 8_1 9_9,0_11 0_13 0_16 0_3 0_9 11_17 11_2 12_15 12_17 12_3 1_1 3_19 6_0 8_19 9_10,10_15 10_16 1_11 1_12 2_13 3_11 3_12 3_13 3_15 3_16 3_6 3_9 4_10 4_11 4_4 4_7 4_8 4_9 5_12 5_15 5_16 5_6 5_9 6_13 6_14 6_3 6_4 6_5 6_6 6_7 7_15 7_16 7_2 7_3 7_4 7_5 7_6 7_7 7_8 8_15 8_16 8_3 8_4 8_6 8_7 8_8 9_14 9_15 9_16 9_3,0.081081,0.052632,0.052632,0.081081,0.052632,0.052632,0.025641,0.052632,,0.052632
2025-10-19,GLM-Logit,62,0.290323,0.900000,3_10 3_11 4_10 4_9 5_14 5_15 5_8 5_9 6_15 7_15 7_16 7_5 7_8 8_15 8_6 8_8 9_14 9_15,8_16 9_16,10_15 1_12 2_12 2_13 3_12 3_13 3_15 3_16 3_4 3_5 3_6 3_7 3_9 4_12 4_13 4_14 4_15 4_7 4_8 5_10 5_16 5_6 5_7 6_12 6_13 6_14 6_16 6_4 6_5 6_7 6_9 7_0 7_1 7_3 7_4 7_7 8_10 8_2 8_4 8_7 9_1 9_13 9_3 9_9,0.666667,0.666667,0.538462,0.052632,0.818182,0.481481,0.818182,0.379310,0.025641,
2025-10-19,HierBayes,62,0.290323,0.900000,3_10 4_10 5_14 5_8 5_9 6_16 7_15 7_16 7_5 7_8 8_10 8_15 8_6 8_7 8_8 9_14 9_15 9_9,8_16 9_16,10_15 1_12 2_12 2_13 3_11 3_12 3_13 3_15 3_16 3_4 3_5 3_6 3_7 3_9 4_12 4_13 4_14 4_15 4_7 4_8 4_9 5_10 5_15 5_16 5_6 5_7 6_12 6_13 6_14 6_15 6_4 6_5 6_7 6_9 7_0 7_1 7_3 7_4 7_7 8_2 8_4 9_1 9_13 9_3,,0.428571,0.379310,0.111111,0.666667,0.290323,0.818182,0.290323,0.052632,0.666667
2025-10-19,B1: Static prior,62,0.290323,0.900000,3_10 3_11 4_10 4_8 4_9 5_14 5_15 5_8 5_9 6_14 6_15 6_7 7_15 7_16 7_8 8_15 9_14 9_15,3_14 9_16,10_15 1_12 2_12 2_13 3_12 3_13 3_15 3_16 3_4 3_5 3_6 3_7 3_9 4_12 4_13 4_14 4_15 4_7 5_10 5_16 5_6 5_7 6_12 6_13 6_16 6_4 6_5 6_9 7_0 7_1 7_3 7_4 7_5 7_7 8_10 8_2 8_4 8_6 8_7 8_8 9_1 9_13 9_3 9_9,0.428571,,0.600000,0.025641,0.538462,0.600000,0.538462,0.379310,0.025641,0.666667
2025-10-19,TTM,62,0.258065,0.800000,3_10 3_11 3_9 4_10 4_9 5_14 5_8 5_9 6_15 6_4 6_7 7_15 7_8 8_8 9_14 9_15,3_14 6_3 6_6 9_16,10_15 1_12 2_12 2_13 3_12 3_13 3_15 3_16 3_4 3_5 3_6 3_7 4_12 4_13 4_14 4_15 4_7 4_8 5_10 5_15 5_16 5_6 5_7 6_12 6_13 6_14 6_16 6_5 6_9 7_0 7_1 7_16 7_3 7_4 7_5 7_7 8_10 8_15 8_2 8_4 8_6 8_7 9_1 9_13 9_3 9_9,0.379310,0.600000,,0.052632,0.428571,0.481481,0.428571,0.290323,0.000000,0.538462
2025-10-19,ET,62,0.193548,0.600000,3_15 3_16 4_12 4_15 5_14 6_12 6_9 7_3 7_5 8_7 9_3 9_9,5_12 5_13 6_6 6_8 7_2 7_6 8_5 9_10,10_15 1_12 2_12 2_13 3_10 3_11 3_12 3_13 3_4 3_5 3_6 3_7 3_9 4_10 4_13 4_14 4_7 4_8 4_9 5_10 5_15 5_16 5_6 5_7 5_8 5_9 6_13 6_14 6_15 6_16 6_4 6_5 6_7 7_0 7_1 7_15 7_16 7_4 7_7 7_8 8_10 8_15 8_2 8_4 8_6 8_8 9_1 9_13 9_14 9_15,0.111111,0.025641,0.052632,,0.052632,0.025641,0.111111,0.052632,0.081081,0.052632
2025-10-19,B5: B2+B3,62,0.290323,0.900000,3_10 4_10 4_9 5_15 5_8 5_9 6_13 6_15 7_15 7_16 7_5 7_8 8_15 8_6 8_7 8_8 9_14 9_15,8_16 9_16,10_15 1_12 2_12 2_13 3_11 3_12 3_13 3_15 3_16 3_4 3_5 3_6 3_7 3_9 4_12 4_13 4_14 4_15 4_7 4_8 5_10 5_14 5_16 5_6 5_7 6_12 6_14 6_16 6_4 6_5 6_7 6_9 7_0 7_1 7_3 7_4 7_7 8_10 8_2 8_4 9_1 9_13 9_3 9_9,0.666667,0.538462,0.428571,0.052632,,0.481481,0.818182,0.481481,0.025641,0.818182
2025-10-19,B4: B1+B3,62,0.306452,0.950000,3_10 3_11 3_12 4_10 4_12 4_9 5_15 5_9 6_13 6_14 6_15 6_7 7_15 7_7 7_8 8_15 8_8 9_14 9_15,3_14,10_15 1_12 2_12 2_13 3_13 3_15 3_16 3_4 3_5 3_6 3_7 3_9 4_13 4_14 4_15 4_7 4_8 5_10 5_14 5_16 5_6 5_7 5_8 6_12 6_16 6_4 6_5 6_9 7_0 7_1 7_16 7_3 7_4 7_5 8_10 8_2 8_4 8_6 8_7 9_1 9_13 9_3 9_9,0.290323,0.600000,0.481481,0.025641,0.481481,,0.379310,0.666667,0.000000,0.481481
2025-10-19,B2: Recent MA,62,0.290323,0.900000,3_10 4_10 4_9 5_14 5_15 5_8 5_9 7_15 7_16 7_5 7_8 8_15 8_6 8_7 8_8 9_14 9_15 9_9,8_16 9_16,10_15 1_12 2_12 2_13 3_11 3_12 3_13 3_15 3_16 3_4 3_5 3_6 3_7 3_9 4_12 4_13 4_14 4_15 4_7 4_8 5_10 5_16 5_6 5_7 6_12 6_13 6_14 6_15 6_16 6_4 6_5 6_7 6_9 7_0 7_1 7_3 7_4 7_7 8_10 8_2 8_4 9_1 9_13 9_3,0.818182,0.538462,0.428571,0.111111,0.818182,0.379310,,0.379310,0.025641,0.818182
2025-10-19,B3: DoY season,62,0.274194,0.850000,3_10 3_12 4_12 4_9 5_15 6_13 6_14 6_15 6_7 7_15 7_7 7_8 8_15 8_6 8_7 8_8 9_14,3_14 4_11 8_16,10_15 1_12 2_12 2_13 3_11 3_13 3_15 3_16 3_4 3_5 3_6 3_7 3_9 4_10 4_13 4_14 4_15 4_7 4_8 5_10 5_14 5_16 5_6 5_7 5_8 5_9 6_12 6_16 6_4 6_5 6_9 7_0 7_1 7_16 7_3 7_4 7_5 8_10 8_2 8_4 9_1 9_13 9_15 9_3 9_9,0.290323,0.379310,0.290323,0.052632,0.481481,0.666667,0.379310,,0.000000,0.379310
2025-10-19,B0: Random,62,0.096774,0.300000,4_15 4_7 6_16 6_9 7_16 8_4,11_19 12_9 1_10 2_0 2_11 2_4 4_5 5_12 6_1 7_11 7_13 8_12 9_19 9_6,10_15 1_12 2_12 2_13 3_10 3_11 3_12 3_13 3_15 3_16 3_4 3_5 3_6 3_7 3_9 4_10 4_12 4_13 4_14 4_8 4_9 5_10 5_14 5_15 5_16 5_6 5_7 5_8 5_9 6_12 6_13 6_14 6_15 6_4 6_5 6_7 7_0 7_1 7_15 7_3 7_4 7_5 7_7 7_8 8_10 8_15 8_2 8_6 8_7 8_8 9_1 9_13 9_14 9_15 9_3 9_9,0.052632,0.025641,0.000000,0.081081,0.025641,0.000000,0.025641,0.000000,,0.025641
2025-10-20,GLM-Logit,64,0.312500,1.000000,3_10 3_11 4_10 4_9 5_14 5_15 5_8 5_9 6_15 7_15 7_16 7_5 7_8 8_15 8_16 8_6 8_8 9_14 9_15 9_16,,0_11 0_12 10_16 1_11 2_4 3_12 3_14 3_15 3_16 3_6 3_9 4_11 4_15 4_4 4_5 4_7 4_8 5_10 5_13 5_16 5_4 5_7 6_12 6_13 6_14 6_16 6_2 6_4 6_5 6_6 6_7 7_3 7_4 7_7 8_2 8_3 8_4 8_5 8_7 8_9 9_10 9_17 9_4 9_9,0.666667,0.666667,0.481481,0.052632,0.818182,0.538462,0.904762,0.428571,0.025641,
2025-10-20,HierBayes,64,0.296875,0.950000,3_10 4_10 5_14 5_8 5_9 6_16 7_15 7_16 7_5 7_8 8_15 8_16 8_6 8_7 8_8 9_14 9_15 9_16 9_9,8_10,0_11 0_12 10_16 1_11 2_4 3_11 3_12 3_14 3_15 3_16 3_6 3_9 4_11 4_15 4_4 4_5 4_7 4_8 4_9 5_10 5_13 5_15 5_16 5_4 5_7 6_12 6_13 6_14 6_15 6_2 6_4 6_5 6_6 6_7 7_3 7_4 7_7 8_2 8_3 8_4 8_5 8_9 9_10 9_17 9_4,,0.428571,0.333333,0.111111,0.600000,0.333333,0.739130,0.290323,0.025641,0.666667
2025-10-20,B1: Static prior,64,0.312500,1.000000,3_10 3_11 3_14 4_10 4_8 4_9 5_14 5_15 5_8 5_9 6_14 6_15 6_7 7_15 7_16 7_8 8_15 9_14 9_15 9_16,,0_11 0_12 10_16 1_11 2_4 3_12 3_15 3_16 3_6 3_9 4_11 4_15 4_4 4_5 4_7 5_10 5_13 5_16 5_4 5_7 6_12 6_13 6_16 6_2 6_4 6_5 6_6 7_3 7_4 7_5 7_7 8_16 8_2 8_3 8_4 8_5 8_6 8_7 8_8 8_9 9_10 9_17 9_4 9_9,0.428571,,0.600000,0.025641,0.538462,0.600000,0.600000,0.481481,0.025641,0.666667
2025-10-20,TTM,64,0.281250,0.900000,3_10 3_11 3_14 3_9 4_10 4_9 5_14 5_8 5_9 6_14 6_15 6_4 6_7 7_15 8_8 9_14 9_15 9_16,3_7 6_3,0_11 0_12 10_16 1_11 2_4 3_12 3_15 3_16 3_6 4_11 4_15 4_4 4_5 4_7 4_8 5_10 5_13 5_15 5_16 5_4 5_7 6_12 6_13 6_16 6_2 6_5 6_6 7_16 7_3 7_4 7_5 7_7 7_8 8_15 8_16 8_2 8_3 8_4 8_5 8_6 8_7 8_9 9_10 9_17 9_4 9_9,0.333333,0.600000,,0.025641,0.379310,0.481481,0.428571,0.379310,0.025641,0.481481
2025-10-20,ET,64,0.203125,0.650000,3_15 3_16 4_15 5_13 5_14 6_12 6_6 7_3 7_5 8_5 8_7 9_10 9_9,4_12 5_12 6_8 6_9 7_2 7_6 9_3,0_11 0_12 10_16 1_11 2_4 3_10 3_11 3_12 3_14 3_6 3_9 4_10 4_11 4_4 4_5 4_7 4_8 4_9 5_10 5_15 5_16 5_4 5_7 5_8 5_9 6_13 6_14 6_15 6_16 6_2 6_4 6_5 6_7 7_15 7_16 7_4 7_7 7_8 8_15 8_16 8_2 8_3 8_4 8_6 8_8 8_9 9_14 9_15 9_16 9_17 9_4,0.111111,0.025641,0.025641,,0.052632,0.025641,0.081081,0.052632,0.025641,0.052632
2025-10-20,B5: B2+B3,64,0.312500,1.000000,3_10 3_11 4_10 4_9 5_15 5_8 5_9 6_13 6_15 7_15 7_16 7_5 7_8 8_15 8_16 8_6 8_7 8_8 9_14 9_15,,0_11 0_12 10_16 1_11 2_4 3_12 3_14 3_15 3_16 3_6 3_9 4_11 4_15 4_4 4_5 4_7 4_8 5_10 5_13 5_14 5_16 5_4 5_7 6_12 6_14 6_16 6_2 6_4 6_5 6_6 6_7 7_3 7_4 7_7 8_2 8_3 8_4 8_5 8_9 9_10 9_16 9_17 9_4 9_9,0.600000,0.538462,0.379310,0.052632,,0.600000,0.818182,0.538462,0.052632,0.818182
2025-10-20,B4: B1+B3,64,0.296875,0.950000,3_10 3_11 3_12 3_14 4_10 4_9 5_15 5_9 6_13 6_14 6_15 6_7 7_15 7_8 8_15 8_6 8_8 9_14 9_15,4_12,0_11 0_12 10_16 1_11 2_4 3_15 3_16 3_6 3_9 4_11 4_15 4_4 4_5 4_7 4_8 5_10 5_13 5_14 5_16 5_4 5_7 5_8 6_12 6_16 6_2 6_4 6_5 6_6 7_16 7_3 7_4 7_5 7_7 8_16 8_2 8_3 8_4 8_5 8_7 8_9 9_10 9_16 9_17 9_4 9_9,0.333333,0.600000,0.481481,0.025641,0.600000,,0.481481,0.818182,0.025641,0.538462
2025-10-20,B2: Recent MA,64,0.312500,1.000000,3_10 3_11 4_10 4_9 5_14 5_15 5_8 5_9 7_15 7_16 7_5 7_8 8_15 8_16 8_6 8_7 8_8 9_14 9_15 9_16,,0_11 0_12 10_16 1_11 2_4 3_12 3_14 3_15 3_16 3_6 3_9 4_11 4_15 4_4 4_5 4_7 4_8 5_10 5_13 5_16 5_4 5_7 6_12 6_13 6_14 6_15 6_16 6_2 6_4 6_5 6_6 6_7 7_3 7_4 7_7 8_2 8_3 8_4 8_5 8_9 9_10 9_17 9_4 9_9,0.739130,0.600000,0.428571,0.081081,0.818182,0.481481,,0.428571,0.025641,0.904762
2025-10-20,B3: DoY season,64,0.296875,0.950000,3_10 3_11 3_12 3_14 4_9 5_15 6_13 6_14 6_15 6_7 7_15 7_7 7_8 8_15 8_6 8_7 8_8 9_14 9_15,4_12,0_11 0_12 10_16 1_11 2_4 3_15 3_16 3_6 3_9 4_10 4_11 4_15 4_4 4_5 4_7 4_8 5_10 5_13 5_14 5_16 5_4 5_7 5_8 5_9 6_12 6_16 6_2 6_4 6_5 6_6 7_16 7_3 7_4 7_5 8_16 8_2 8_3 8_4 8_5 8_9 9_10 9_16 9_17 9_4 9_9,0.290323,0.481481,0.379310,0.052632,0.538462,0.818182,0.428571,,0.052632,0.428571
2025-10-20,B0: Random,64,0.062500,0.200000,0_11 4_4 6_15 8_7,0_18 0_7 11_14 12_0 12_15 12_18 12_2 1_13 2_1 2_18 2_7 3_4 5_5 8_0 8_17 9_5,0_12 10_16 1_11 2_4 3_10 3_11 3_12 3_14 3_15 3_16 3_6 3_9 4_10 4_11 4_15 4_5 4_7 4_8 4_9 5_10 5_13 5_14 5_15 5_16 5_4 5_7 5_8 5_9 6_12 6_13 6_14 6_16 6_2 6_4 6_5 6_6 6_7 7_15 7_16 7_3 7_4 7_5 7_7 7_8 8_15 8_16 8_2 8_3 8_4 8_5 8_6 8_8 8_9 9_10 9_14 9_15 9_16 9_17 9_4 9_9,0.025641,0.025641,0.025641,0.025641,0.052632,0.025641,0.025641,0.052632,,0.025641
2025-10-21,GLM-Logit,54,0.351852,0.950000,3_10 3_11 4_10 4_9 5_15 5_8 5_9 6_15 7_15 7_16 7_5 7_8 8_15 8_16 8_6 8_8 9_14 9_15 9_16,5_14,10_13 10_16 1_12 2_11 2_14 2_17 3_12 3_14 3_15 3_4 3_5 3_6 3_9 4_11 4_12 4_15 4_7 4_8 5_13 5_7 6_13 6_14 6_2 6_4 6_7 7_14 7_3 7_4 7_6 7_7 8_14 8_2 8_3 8_7 9_9,0.600000,0.666667,0.538462,0.052632,0.818182,0.481481,0.739130,0.379310,0.052632,
2025-10-21,HierBayes,54,0.314815,0.850000,3_10 4_10 5_13 5_8 5_9 7_15 7_16 7_5 7_8 8_15 8_16 8_6 8_7 8_8 9_15 9_16 9_9,5_14 6_12 6_16,10_13 10_16 1_12 2_11 2_14 2_17 3_11 3_12 3_14 3_15 3_4 3_5 3_6 3_9 4_11 4_12 4_15 4_7 4_8 4_9 5_15 5_7 6_13 6_14 6_15 6_2 6_4 6_7 7_14 7_3 7_4 7_6 7_7 8_14 8_2 8_3 9_14,,0.379310,0.333333,0.176471,0.538462,0.250000,0.600000,0.212121,0.025641,0.600000
2025-10-21,B1: Static prior,54,0.351852,0.950000,3_10 3_11 3_14 4_10 4_8 4_9 5_15 5_8 5_9 6_14 6_15 6_7 7_15 7_16 7_8 8_15 9_14 9_15 9_16,5_14,10_13 10_16 1_12 2_11 2_14 2_17 3_12 3_15 3_4 3_5 3_6 3_9 4_11 4_12 4_15 4_7 5_13 5_7 6_13 6_2 6_4 7_14 7_3 7_4 7_5 7_6 7_7 8_14 8_16 8_2 8_3 8_6 8_7 8_8 9_9,0.379310,,0.600000,0.025641,0.538462,0.600000,0.481481,0.481481,0.052632,0.666667
2025-10-21,TTM,54,0.333333,0.900000,3_10 3_11 3_12 3_14 3_9 4_10 4_9 5_8 5_9 6_15 6_4 6_7 7_15 7_8 8_8 9_14 9_15 9_16,3_7 5_14,10_13 10_16 1_12 2_11 2_14 2_17 3_15 3_4 3_5 3_6 4_11 4_12 4_15 4_7 4_8 5_13 5_15 5_7 6_13 6_14 6_2 7_14 7_16 7_3 7_4 7_5 7_6 7_7 8_14 8_15 8_16 8_2 8_3 8_6 8_7 9_9,0.333333,0.600000,,0.025641,0.428571,0.538462,0.379310,0.428571,0.052632,0.538462
2025-10-21,ET,54,0.166667,0.450000,3_15 4_12 4_15 5_13 7_3 7_5 7_6 8_7 9_9,3_16 5_12 5_14 6_12 6_6 6_8 6_9 7_2 8_5 9_10 9_3,10_13 10_16 1_12 2_11 2_14 2_17 3_10 3_11 3_12 3_14 3_4 3_5 3_6 3_9 4_10 4_11 4_7 4_8 4_9 5_15 5_7 5_8 5_9 6_13 6_14 6_15 6_2 6_4 6_7 7_14 7_15 7_16 7_4 7_7 7_8 8_14 8_15 8_16 8_2 8_3 8_6 8_8 9_14 9_15 9_16,0.176471,0.025641,0.025641,,0.052632,0.025641,0.081081,0.052632,0.025641,0.052632
2025-10-21,B5: B2+B3,54,0.370370,1.000000,3_10 3_11 4_10 4_9 5_15 5_8 5_9 6_13 6_15 7_15 7_16 7_5 7_8 8_15 8_16 8_6 8_7 8_8 9_14 9_15,,10_13 10_16 1_12 2_11 2_14 2_17 3_12 3_14 3_15 3_4 3_5 3_6 3_9 4_11 4_12 4_15 4_7 4_8 5_13 5_7 6_14 6_2 6_4 6_7 7_14 7_3 7_4 7_6 7_7 8_14 8_2 8_3 9_16 9_9,0.538462,0.538462,0.428571,0.052632,,0.538462,0.818182,0.481481,0.052632,0.818182
2025-10-21,B4: B1+B3,54,0.370370,1.000000,3_10 3_11 3_12 3_14 4_10 4_12 4_9 5_15 5_9 6_13 6_14 6_15 6_7 7_15 7_7 7_8 8_15 8_8 9_14 9_15,,10_13 10_16 1_12 2_11 2_14 2_17 3_15 3_4 3_5 3_6 3_9 4_11 4_15 4_7 4_8 5_13 5_7 5_8 6_2 6_4 7_14 7_16 7_3 7_4 7_5 7_6 8_14 8_16 8_2 8_3 8_6 8_7 9_16 9_9,0.250000,0.600000,0.538462,0.025641,0.538462,,0.428571,0.818182,0.052632,0.481481
2025-10-21,B2: Recent MA,54,0.333333,0.900000,3_10 3_11 4_10 4_9 5_15 5_8 5_9 7_15 7_16 7_5 7_8 8_15 8_16 8_6 8_7 8_8 9_14 9_15,6_12 8_4,10_13 10_16 1_12 2_11 2_14 2_17 3_12 3_14 3_15 3_4 3_5 3_6 3_9 4_11 4_12 4_15 4_7 4_8 5_13 5_7 6_13 6_14 6_15 6_2 6_4 6_7 7_14 7_3 7_4 7_6 7_7 8_14 8_2 8_3 9_16 9_9,0.600000,0.481481,0.379310,0.081081,0.818182,0.428571,,0.379310,0.025641,0.739130
2025-10-21,B3: DoY season,54,0.370370,1.000000,3_10 3_11 3_12 3_14 4_11 4_12 4_9 5_15 6_13 6_14 6_15 6_7 7_15 7_7 7_8 8_15 8_7 8_8 9_14 9_15,,10_13 10_16 1_12 2_11 2_14 2_17 3_15 3_4 3_5 3_6 3_9 4_10 4_15 4_7 4_8 5_13 5_7 5_8 5_9 6_2 6_4 7_14 7_16 7_3 7_4 7_5 7_6 8_14 8_16 8_2 8_3 8_6 9_16 9_9,0.212121,0.481481,0.428571,0.052632,0.481481,0.818182,0.379310,,0.025641,0.379310
2025-10-21,B0: Random,54,0.055556,0.150000,4_10 6_15 7_3,0_4 0_6 10_12 10_8 11_0 11_15 11_16 1_11 1_9 4_1 4_14 4_16 5_6 7_10 8_18 9_1 9_19,10_13 10_16 1_12 2_11 2_14 2_17 3_10 3_11 3_12 3_14 3_15 3_4 3_5 3_6 3_9 4_11 4_12 4_15 4_7 4_8 4_9 5_13 5_15 5_7 5_8 5_9 6_13 6_14 6_2 6_4 6_7 7_14 7_15 7_16 7_4 7_5 7_6 7_7 7_8 8_14 8_15 8_16 8_2 8_3 8_6 8_7 8_8 9_14 9_15 9_16 9_9,0.025641,0.052632,0.052632,0.025641,0.052632,0.052632,0.025641,0.025641,,0.052632
2025-10-22,GLM-Logit,61,0.311475,0.950000,3_10 3_11 4_10 4_9 5_8 5_9 6_15 7_15 7_16 7_5 7_8 8_15 8_16 8_6 8_8 9_14 9_15 9_16 9_9,5_15,10_13 10_15 10_16 2_13 2_17 2_4 3_12 3_13 3_14 3_15 3_16 3_6 3_7 3_9 4_4 4_7 4_8 5_11 5_13 5_16 5_7 6_12 6_13 6_14 6_2 6_3 6_4 6_6 6_7 6_8 7_14 7_2 7_3 7_4 7_6 7_7 7_9 8_3 8_4 8_5 8_7 9_13,0.739130,0.600000,0.666667,0.052632,0.818182,0.538462,0.904762,0.379310,0.025641,
2025-10-22,HierBayes,61,0.311475,0.950000,3_10 3_11 4_10 5_13 5_8 5_9 7_15 7_16 7_5 7_8 8_15 8_16 8_6 8_7 8_8 9_14 9_15 9_16 9_9,6_16,10_13 10_15 10_16 2_13 2_17 2_4 3_12 3_13 3_14 3_15 3_16 3_6 3_7 3_9 4_4 4_7 4_8 4_9 5_11 5_16 5_7 6_12 6_13 6_14 6_15 6_2 6_3 6_4 6_6 6_7 6_8 7_14 7_2 7_3 7_4 7_6 7_7 7_9 8_3 8_4 8_5 9_13,,0.428571,0.538462,0.111111,0.666667,0.379310,0.818182,0.290323,0.025641,0.739130
2025-10-22,B1: Static prior,61,0.295082,0.900000,3_10 3_11 3_14 4_10 4_8 4_9 5_8 5_9 6_14 6_15 6_7 7_15 7_16 7_8 8_15 9_14 9_15 9_16,5_14 5_15,10_13 10_15 10_16 2_13 2_17 2_4 3_12 3_13 3_15 3_16 3_6 3_7 3_9 4_4 4_7 5_11 5_13 5_16 5_7 6_12 6_13 6_2 6_3 6_4 6_6 6_8 7_14 7_2 7_3 7_4 7_5 7_6 7_7 7_9 8_16 8_3 8_4 8_5 8_6 8_7 8_8 9_13 9_9,0.428571,,0.600000,0.025641,0.538462,0.666667,0.538462,0.481481,0.025641,0.600000
2025-10-22,TTM,61,0.327869,1.000000,3_10 3_11 3_14 3_9 4_9 5_8 5_9 6_15 6_4 6_7 7_15 7_16 7_5 7_8 8_15 8_16 8_8 9_14 9_15 9_16,,10_13 10_15 10_16 2_13 2_17 2_4 3_12 3_13 3_15 3_16 3_6 3_7 4_10 4_4 4_7 4_8 5_11 5_13 5_16 5_7 6_12 6_13 6_14 6_2 6_3 6_6 6_8 7_14 7_2 7_3 7_4 7_6 7_7 7_9 8_3 8_4 8_5 8_6 8_7 9_13 9_9,0.538462,0.600000,,0.025641,0.538462,0.538462,0.600000,0.428571,0.025641,0.666667
2025-10-22,ET,61,0.213115,0.650000,3_15 3_16 5_13 6_12 6_6 6_8 7_2 7_3 7_5 7_6 8_5 8_7 9_9,4_12 4_15 5_12 5_14 6_9 9_10 9_3,10_13 10_15 10_16 2_13 2_17 2_4 3_10 3_11 3_12 3_13 3_14 3_6 3_7 3_9 4_10 4_4 4_7 4_8 4_9 5_11 5_16 5_7 5_8 5_9 6_13 6_14 6_15 6_2 6_3 6_4 6_7 7_14 7_15 7_16 7_4 7_7 7_8 7_9 8_15 8_16 8_3 8_4 8_6 8_8 9_13 9_14 9_15 9_16,0.111111,0.025641,0.025641,,0.052632,0.025641,0.081081,0.052632,0.025641,0.052632
2025-10-22,B5: B2+B3,61,0.311475,0.950000,3_10 3_11 4_10 4_9 5_8 5_9 6_13 6_15 7_15 7_16 7_8 8_15 8_16 8_6 8_7 8_8 9_14 9_15 9_9,5_15,10_13 10_15 10_16 2_13 2_17 2_4 3_12 3_13 3_14 3_15 3_16 3_6 3_7 3_9 4_4 4_7 4_8 5_11 5_13 5_16 5_7 6_12 6_14 6_2 6_3 6_4 6_6 6_7 6_8 7_14 7_2 7_3 7_4 7_5 7_6 7_7 7_9 8_3 8_4 8_5 9_13 9_16,0.666667,0.538462,0.538462,0.052632,,0.600000,0.818182,0.481481,0.025641,0.818182
2025-10-22,B4: B1+B3,61,0.295082,0.900000,3_10 3_11 3_12 3_14 4_10 4_9 5_9 6_13 6_14 6_15 6_7 7_15 7_16 7_8 8_15 8_8 9_14 9_15,4_12 5_15,10_13 10_15 10_16 2_13 2_17 2_4 3_13 3_15 3_16 3_6 3_7 3_9 4_4 4_7 4_8 5_11 5_13 5_16 5_7 5_8 6_12 6_2 6_3 6_4 6_6 6_8 7_14 7_2 7_3 7_4 7_5 7_6 7_7 7_9 8_16 8_3 8_4 8_5 8_6 8_7 9_13 9_16 9_9,0.379310,0.666667,0.538462,0.025641,0.600000,,0.481481,0.739130,0.025641,0.538462
2025-10-22,B2: Recent MA,61,0.311475,0.950000,3_10 3_11 4_10 4_9 5_8 5_9 7_15 7_16 7_5 7_8 8_15 8_16 8_6 8_7 8_8 9_14 9_15 9_16 9_9,5_15,10_13 10_15 10_16 2_13 2_17 2_4 3_12 3_13 3_14 3_15 3_16 3_6 3_7 3_9 4_4 4_7 4_8 5_11 5_13 5_16 5_7 6_12 6_13 6_14 6_15 6_2 6_3 6_4 6_6 6_7 6_8 7_14 7_2 7_3 7_4 7_6 7_7 7_9 8_3 8_4 8_5 9_13,0.818182,0.538462,0.600000,0.081081,0.818182,0.481481,,0.379310,0.025641,0.904762
2025-10-22,B3: DoY season,61,0.278689,0.850000,3_11 3_12 3_14 4_9 5_9 6_13 6_14 6_15 6_7 7_15 7_7 7_8 8_15 8_7 8_8 9_14 9_15,4_11 4_12 5_15,10_13 10_15 10_16 2_13 2_17 2_4 3_10 3_13 3_15 3_16 3_6 3_7 3_9 4_10 4_4 4_7 4_8 5_11 5_13 5_16 5_7 5_8 6_12 6_2 6_3 6_4 6_6 6_8 7_14 7_16 7_2 7_3 7_4 7_5 7_6 7_9 8_16 8_3 8_4 8_5 8_6 9_13 9_16 9_9,0.290323,0.481481,0.428571,0.052632,0.481481,0.739130,0.379310,,0.025641,0.379310
2025-10-22,B0: Random,61,0.081967,0.250000,3_6 4_7 6_2 7_6 9_15,0_12 0_18 10_18 10_7 11_4 12_14 12_18 12_4 12_5 1_0 2_0 2_15 4_17 9_5 9_8,10_13 10_15 10_16 2_13 2_17 2_4 3_10 3_11 3_12 3_13 3_14 3_15 3_16 3_7 3_9 4_10 4_4 4_8 4_9 5_11 5_13 5_16 5_7 5_8 5_9 6_12 6_13 6_14 6_15 6_3 6_4 6_6 6_7 6_8 7_14 7_15 7_16 7_2 7_3 7_4 7_5 7_7 7_8 7_9 8_15 8_16 8_3 8_4 8_5 8_6 8_7 8_8 9_13 9_14 9_16 9_9,0.025641,0.025641,0.025641,0.025641,0.025641,0.025641,0.025641,0.025641,,0.025641
2025-10-23,GLM-Logit,59,0.305085,0.900000,3_10 3_11 4_10 4_9 5_8 5_9 6_14 6_15 7_15 7_16 7_5 7_8 8_16 8_6 8_8 9_14 9_15 9_9,8_15 9_16,10_14 1_12 2_11 2_17 2_4 3_12 3_13 3_14 3_15 3_16 3_4 3_9 4_12 4_15 4_3 4_6 4_8 5_13 5_14 5_15 5_3 5_5 6_1 6_12 6_13 6_16 6_3 6_7 7_1 7_2 7_3 7_4 7_6 7_7 7_9 8_10 8_2 8_3 8_5 8_7 9_3,0.666667,0.600000,0.600000,0.052632,0.739130,0.538462,0.818182,0.481481,0.052632,
2025-10-23,HierBayes,59,0.305085,0.900000,3_10 4_10 5_13 5_8 5_9 6_16 7_15 7_16 7_3 7_5 7_8 8_16 8_6 8_7 8_8 9_14 9_15 9_9,8_15 9_16,10_14 1_12 2_11 2_17 2_4 3_11 3_12 3_13 3_14 3_15 3_16 3_4 3_9 4_12 4_15 4_3 4_6 4_8 4_9 5_14 5_15 5_3 5_5 6_1 6_12 6_13 6_14 6_15 6_3 6_7 7_1 7_2 7_4 7_6 7_7 7_9 8_10 8_2 8_3 8_5 9_3,,0.379310,0.481481,0.142857,0.538462,0.333333,0.739130,0.290323,0.025641,0.666667
2025-10-23,B1: Static prior,59,0.305085,0.900000,3_10 3_11 3_14 4_10 4_8 4_9 5_14 5_15 5_8 5_9 6_14 6_15 6_7 7_15 7_16 7_8 9_14 9_15,8_15 9_16,10_14 1_12 2_11 2_17 2_4 3_12 3_13 3_15 3_16 3_4 3_9 4_12 4_15 4_3 4_6 5_13 5_3 5_5 6_1 6_12 6_13 6_16 6_3 7_1 7_2 7_3 7_4 7_5 7_6 7_7 7_9 8_10 8_16 8_2 8_3 8_5 8_6 8_7 8_8 9_3 9_9,0.379310,,0.600000,0.025641,0.538462,0.666667,0.481481,0.600000,0.081081,0.600000
2025-10-23,TTM,59,0.288136,0.850000,3_10 3_11 3_14 3_9 4_9 5_8 5_9 6_15 6_7 7_15 7_16 7_3 7_5 7_8 8_8 9_14 9_15,6_4 8_15 9_16,10_14 1_12 2_11 2_17 2_4 3_12 3_13 3_15 3_16 3_4 4_10 4_12 4_15 4_3 4_6 4_8 5_13 5_14 5_15 5_3 5_5 6_1 6_12 6_13 6_14 6_16 6_3 7_1 7_2 7_4 7_6 7_7 7_9 8_10 8_16 8_2 8_3 8_5 8_6 8_7 9_3 9_9,0.481481,0.600000,,0.052632,0.428571,0.538462,0.538462,0.481481,0.052632,0.600000
2025-10-23,ET,59,0.254237,0.750000,3_15 3_16 4_12 4_15 5_13 5_14 6_12 7_2 7_3 7_5 7_6 8_5 8_7 9_3 9_9,5_12 6_6 6_8 6_9 9_10,10_14 1_12 2_11 2_17 2_4 3_10 3_11 3_12 3_13 3_14 3_4 3_9 4_10 4_3 4_6 4_8 4_9 5_15 5_3 5_5 5_8 5_9 6_1 6_13 6_14 6_15 6_16 6_3 6_7 7_1 7_15 7_16 7_4 7_7 7_8 7_9 8_10 8_16 8_2 8_3 8_6 8_8 9_14 9_15,0.142857,0.025641,0.052632,,0.052632,0.000000,0.081081,0.025641,0.025641,0.052632
2025-10-23,B5: B2+B3,59,0.322034,0.950000,3_11 4_10 4_9 5_15 5_8 5_9 6_13 6_14 6_15 7_15 7_16 7_8 8_16 8_6 8_7 8_8 9_14 9_15 9_9,8_15,10_14 1_12 2_11 2_17 2_4 3_10 3_12 3_13 3_14 3_15 3_16 3_4 3_9 4_12 4_15 4_3 4_6 4_8 5_13 5_14 5_3 5_5 6_1 6_12 6_16 6_3 6_7 7_1 7_2 7_3 7_4 7_5 7_6 7_7 7_9 8_10 8_2 8_3 8_5 9_3,0.538462,0.538462,0.428571,0.052632,,0.600000,0.666667,0.600000,0.052632,0.739130
2025-10-23,B4: B1+B3,59,0.305085,0.900000,3_10 3_11 3_12 3_14 4_10 4_9 5_15 5_9 6_13 6_14 6_15 6_7 7_15 7_16 7_8 8_8 9_14 9_15,3_6 8_15,10_14 1_12 2_11 2_17 2_4 3_13 3_15 3_16 3_4 3_9 4_12 4_15 4_3 4_6 4_8 5_13 5_14 5_3 5_5 5_8 6_1 6_12 6_16 6_3 7_1 7_2 7_3 7_4 7_5 7_6 7_7 7_9 8_10 8_16 8_2 8_3 8_5 8_6 8_7 9_3 9_9,0.333333,0.666667,0.538462,0.000000,0.600000,,0.428571,0.904762,0.052632,0.538462
2025-10-23,B2: Recent MA,59,0.288136,0.850000,3_10 3_11 4_10 4_9 5_8 5_9 7_15 7_16 7_5 7_8 8_16 8_6 8_7 8_8 9_14 9_15 9_9,8_15 8_4 9_16,10_14 1_12 2_11 2_17 2_4 3_12 3_13 3_14 3_15 3_16 3_4 3_9 4_12 4_15 4_3 4_6 4_8 5_13 5_14 5_15 5_3 5_5 6_1 6_12 6_13 6_14 6_15 6_16 6_3 6_7 7_1 7_2 7_3 7_4 7_6 7_7 7_9 8_10 8_2 8_3 8_5 9_3,0.739130,0.481481,0.538462,0.081081,0.666667,0.428571,,0.379310,0.025641,0.818182
2025-10-23,B3: DoY season,59,0.305085,0.900000,3_11 3_12 3_14 4_10 4_12 4_9 5_15 5_9 6_13 6_14 6_15 6_7 7_15 7_16 7_8 8_8 9_14 9_15,3_6 8_15,10_14 1_12 2_11 2_17 2_4 3_10 3_13 3_15 3_16 3_4 3_9 4_15 4_3 4_6 4_8 5_13 5_14 5_3 5_5 5_8 6_1 6_12 6_16 6_3 7_1 7_2 7_3 7_4 7_5 7_6 7_7 7_9 8_10 8_16 8_2 8_3 8_5 8_6 8_7 9_3 9_9,0.290323,0.600000,0.481481,0.025641,0.600000,0.904762,0.379310,,0.081081,0.481481
2025-10-23,B0: Random,59,0.067797,0.200000,4_12 4_8 6_14 9_14,0_1 10_12 10_16 11_13 11_6 1_4 2_15 3_18 4_13 5_7 6_11 6_4 6_5 7_14 8_13 9_11,10_14 1_12 2_11 2_17 2_4 3_10 3_11 3_12 3_13 3_14 3_15 3_16 3_4 3_9 4_10 4_15 4_3 4_6 4_9 5_13 5_14 5_15 5_3 5_5 5_8 5_9 6_1 6_12 6_13 6_15 6_16 6_3 6_7 7_1 7_15 7_16 7_2 7_3 7_4 7_5 7_6 7_7 7_8 7_9 8_10 8_16 8_2 8_3 8_5 8_6 8_7 8_8 9_15 9_3 9_9,0.025641,0.081081,0.052632,0.025641,0.052632,0.052632,0.025641,0.081081,,0.052632
2025-10-24,GLM-Logit,62,0.306452,0.950000,3_10 3_11 4_10 4_9 5_15 5_8 5_9 6_14 6_15 7_15 7_16 7_5 7_8 8_15 8_16 8_6 8_8 9_14 9_15,9_9,10_15 10_16 1_12 2_17 2_4 3_12 3_14 3_15 3_16 3_4 3_5 3_6 3_8 3_9 4_12 4_14 4_3 4_7 4_8 5_11 5_13 5_3 5_7 6_1 6_12 6_13 6_16 6_4 6_6 6_7 7_2 7_3 7_6 7_7 7_9 8_10 8_14 8_2 8_3 8_5 8_7 9_16 9_3,0.538462,0.600000,0.379310,0.052632,0.818182,0.666667,0.818182,0.538462,0.052632,
2025-10-24,HierBayes,62,0.306452,0.950000,3_10 4_10 5_13 5_8 5_9 6_12 6_16 7_15 7_16 7_3 7_5 8_15 8_16 8_6 8_7 8_8 9_14 9_15 9_16,9_9,10_15 10_16 1_12 2_17 2_4 3_11 3_12 3_14 3_15 3_16 3_4 3_5 3_6 3_8 3_9 4_12 4_14 4_3 4_7 4_8 4_9 5_11 5_15 5_3 5_7 6_1 6_13 6_14 6_15 6_4 6_6 6_7 7_2 7_6 7_7 7_8 7_9 8_10 8_14 8_2 8_3 8_5 9_3,,0.333333,0.333333,0.176471,0.538462,0.333333,0.600000,0.333333,0.025641,0.538462
2025-10-24,B1: Static prior,62,0.306452,0.950000,3_10 3_11 3_14 4_10 4_8 4_9 5_15 5_8 5_9 6_14 6_15 6_7 7_15 7_16 7_8 8_15 9_14 9_15 9_16,5_14,10_15 10_16 1_12 2_17 2_4 3_12 3_15 3_16 3_4 3_5 3_6 3_8 3_9 4_12 4_14 4_3 4_7 5_11 5_13 5_3 5_7 6_1 6_12 6_13 6_16 6_4 6_6 7_2 7_3 7_5 7_6 7_7 7_9 8_10 8_14 8_16 8_2 8_3 8_5 8_6 8_7 8_8 9_3,0.333333,,0.481481,0.025641,0.538462,0.666667,0.481481,0.538462,0.052632,0.600000
2025-10-24,TTM,62,0.274194,0.850000,3_10 3_14 3_9 4_10 4_9 5_8 5_9 6_15 6_4 6_7 7_3 7_5 7_8 8_8 9_14 9_15 9_16,3_7 5_14 6_3,10_15 10_16 1_12 2_17 2_4 3_11 3_12 3_15 3_16 3_4 3_5 3_6 3_8 4_12 4_14 4_3 4_7 4_8 5_11 5_13 5_15 5_3 5_7 6_1 6_12 6_13 6_14 6_16 6_6 7_15 7_16 7_2 7_6 7_7 7_9 8_10 8_14 8_15 8_16 8_2 8_3 8_5 8_6 8_7 9_3,0.333333,0.481481,,0.081081,0.333333,0.379310,0.333333,0.333333,0.025641,0.379310
2025-10-24,ET,62,0.209677,0.650000,3_15 3_16 4_12 5_13 6_12 6_6 7_2 7_3 7_5 7_6 8_5 8_7 9_3,4_15 5_12 5_14 6_8 6_9 9_10 9_9,10_15 10_16 1_12 2_17 2_4 3_10 3_11 3_12 3_14 3_4 3_5 3_6 3_8 3_9 4_10 4_14 4_3 4_7 4_8 4_9 5_11 5_15 5_3 5_7 5_8 5_9 6_1 6_13 6_14 6_15 6_16 6_4 6_7 7_15 7_16 7_7 7_8 7_9 8_10 8_14 8_15 8_16 8_2 8_3 8_6 8_8 9_14 9_15 9_16,0.176471,0.025641,0.081081,,0.052632,0.000000,0.081081,0.052632,0.025641,0.052632
2025-10-24,B5: B2+B3,62,0.306452,0.950000,3_10 3_11 4_10 4_9 5_15 5_8 5_9 6_13 6_15 7_15 7_16 7_8 8_15 8_16 8_6 8_7 8_8 9_14 9_15,9_9,10_15 10_16 1_12 2_17 2_4 3_12 3_14 3_15 3_16 3_4 3_5 3_6 3_8 3_9 4_12 4_14 4_3 4_7 4_8 5_11 5_13 5_3 5_7 6_1 6_12 6_14 6_16 6_4 6_6 6_7 7_2 7_3 7_5 7_6 7_7 7_9 8_10 8_14 8_2 8_3 8_5 9_16 9_3,0.538462,0.538462,0.333333,0.052632,,0.666667,0.904762,0.666667,0.081081,0.818182
2025-10-24,B4: B1+B3,62,0.322581,1.000000,3_10 3_11 3_12 3_14 4_10 4_9 5_15 5_9 6_13 6_14 6_15 6_7 7_15 7_16 7_8 8_15 8_6 8_8 9_14 9_15,,10_15 10_16 1_12 2_17 2_4 3_15 3_16 3_4 3_5 3_6 3_8 3_9 4_12 4_14 4_3 4_7 4_8 5_11 5_13 5_3 5_7 5_8 6_1 6_12 6_16 6_4 6_6 7_2 7_3 7_5 7_6 7_7 7_9 8_10 8_14 8_16 8_2 8_3 8_5 8_7 9_16 9_3,0.333333,0.666667,0.379310,0.000000,0.666667,,0.600000,0.818182,0.081081,0.666667
2025-10-24,B2: Recent MA,62,0.306452,0.950000,3_10 3_11 4_10 4_9 5_15 5_8 5_9 6_13 7_15 7_16 7_5 7_8 8_15 8_16 8_6 8_7 8_8 9_14 9_15,9_9,10_15 10_16 1_12 2_17 2_4 3_12 3_14 3_15 3_16 3_4 3_5 3_6 3_8 3_9 4_12 4_14 4_3 4_7 4_8 5_11 5_13 5_3 5_7 6_1 6_12 6_14 6_15 6_16 6_4 6_6 6_7 7_2 7_3 7_6 7_7 7_9 8_10 8_14 8_2 8_3 8_5 9_16 9_3,0.600000,0.481481,0.333333,0.081081,0.904762,0.600000,,0.600000,0.081081,0.818182
2025-10-24,B3: DoY season,62,0.322581,1.000000,3_11 3_12 3_14 4_10 4_12 4_9 5_15 5_9 6_13 6_15 6_7 7_15 7_16 7_8 8_15 8_6 8_7 8_8 9_14 9_15,,10_15 10_16 1_12 2_17 2_4 3_10 3_15 3_16 3_4 3_5 3_6 3_8 3_9 4_14 4_3 4_7 4_8 5_11 5_13 5_3 5_7 5_8 6_1 6_12 6_14 6_16 6_4 6_6 7_2 7_3 7_5 7_6 7_7 7_9 8_10 8_14 8_16 8_2 8_3 8_5 9_16 9_3,0.333333,0.538462,0.333333,0.052632,0.666667,0.818182,0.600000,,0.081081,0.538462
2025-10-24,B0: Random,62,0.096774,0.300000,10_16 5_15 6_13 6_6 8_2 9_14,0_16 11_1 11_2 12_1 12_9 1_1 4_11 4_2 4_6 5_0 5_10 7_12 7_4 9_11,10_15 1_12 2_17 2_4 3_10 3_11 3_12 3_14 3_15 3_16 3_4 3_5 3_6 3_8 3_9 4_10 4_12 4_14 4_3 4_7 4_8 4_9 5_11 5_13 5_3 5_7 5_8 5_9 6_1 6_12 6_14 6_15 6_16 6_4 6_7 7_15 7_16 7_2 7_3 7_5 7_6 7_7 7_8 7_9 8_10 8_14 8_15 8_16 8_3 8_5 8_6 8_7 8_8 9_15 9_16 9_3,0.025641,0.052632,0.025641,0.025641,0.081081,0.081081,0.081081,0.081081,,0.052632
2025-10-25,GLM-Logit,60,0.333333,1.000000,3_10 3_11 4_10 4_9 5_15 5_8 5_9 6_14 6_15 7_15 7_16 7_5 7_8 8_15 8_16 8_6 8_8 9_14 9_15 9_16,,10_16 2_4 3_12 3_13 3_14 3_15 3_16 3_5 3_6 3_8 3_9 4_11 4_15 4_7 4_8 5_13 5_14 5_3 5_7 6_12 6_13 6_16 6_3 6_5 6_6 6_7 6_8 7_2 7_3 7_6 7_7 8_14 8_2 8_3 8_4 8_5 8_7 9_10 9_3 9_9,0.538462,0.666667,0.379310,0.025641,0.739130,0.600000,0.818182,0.538462,0.052632,
2025-10-25,HierBayes,60,0.333333,1.000000,3_10 3_11 4_10 5_13 5_8 5_9 6_12 6_16 7_15 7_16 7_3 7_5 8_15 8_16 8_6 8_7 8_8 9_15 9_16 9_9,,10_16 2_4 3_12 3_13 3_14 3_15 3_16 3_5 3_6 3_8 3_9 4_11 4_15 4_7 4_8 4_9 5_14 5_15 5_3 5_7 6_13 6_14 6_15 6_3 6_5 6_6 6_7 6_8 7_2 7_6 7_7 7_8 8_14 8_2 8_3 8_4 8_5 9_10 9_14 9_3,,0.333333,0.290323,0.176471,0.538462,0.333333,0.600000,0.290323,0.052632,0.538462
2025-10-25,B1: Static prior,60,0.333333,1.000000,3_10 3_11 3_14 4_10 4_8 4_9 5_14 5_15 5_8 5_9 6_14 6_15 6_7 7_15 7_16 7_8 8_15 9_14 9_15 9_16,,10_16 2_4 3_12 3_13 3_15 3_16 3_5 3_6 3_8 3_9 4_11 4_15 4_7 5_13 5_3 5_7 6_12 6_13 6_16 6_3 6_5 6_6 6_8 7_2 7_3 7_5 7_6 7_7 8_14 8_16 8_2 8_3 8_4 8_5 8_6 8_7 8_8 9_10 9_3 9_9,0.333333,,0.481481,0.025641,0.481481,0.666667,0.538462,0.538462,0.052632,0.666667
2025-10-25,TTM,60,0.300000,0.900000,3_10 3_11 3_12 3_14 3_9 4_10 4_9 5_14 5_8 5_9 6_15 6_3 6_7 7_3 8_8 9_14 9_15 9_16,3_7 6_4,10_16 2_4 3_13 3_15 3_16 3_5 3_6 3_8 4_11 4_15 4_7 4_8 5_13 5_15 5_3 5_7 6_12 6_13 6_14 6_16 6_5 6_6 6_8 7_15 7_16 7_2 7_5 7_6 7_7 7_8 8_14 8_15 8_16 8_2 8_3 8_4 8_5 8_6 8_7 9_10 9_3 9_9,0.290323,0.481481,,0.052632,0.290323,0.428571,0.333333,0.333333,0.052632,0.379310
2025-10-25,ET,60,0.283333,0.850000,3_15 3_16 4_15 5_13 5_14 6_12 6_6 6_8 7_2 7_3 7_5 7_6 8_5 8_7 9_10 9_3 9_9,4_12 5_12 6_9,10_16 2_4 3_10 3_11 3_12 3_13 3_14 3_5 3_6 3_8 3_9 4_10 4_11 4_7 4_8 4_9 5_15 5_3 5_7 5_8 5_9 6_13 6_14 6_15 6_16 6_3 6_5 6_7 7_15 7_16 7_7 7_8 8_14 8_15 8_16 8_2 8_3 8_4 8_6 8_8 9_14 9_15 9_16,0.176471,0.025641,0.052632,,0.081081,0.025641,0.081081,0.025641,0.052632,0.025641
2025-10-25,B5: B2+B3,60,0.333333,1.000000,3_11 4_10 4_9 5_15 5_8 5_9 6_12 6_13 6_15 7_15 7_16 7_5 7_8 8_15 8_16 8_6 8_7 8_8 9_14 9_15,,10_16 2_4 3_10 3_12 3_13 3_14 3_15 3_16 3_5 3_6 3_8 3_9 4_11 4_15 4_7 4_8 5_13 5_14 5_3 5_7 6_14 6_16 6_3 6_5 6_6 6_7 6_8 7_2 7_3 7_6 7_7 8_14 8_2 8_3 8_4 8_5 9_10 9_16 9_3 9_9,0.538462,0.481481,0.290323,0.081081,,0.600000,0.904762,0.600000,0.052632,0.739130
2025-10-25,B4: B1+B3,60,0.333333,1.000000,3_10 3_11 3_12 3_14 4_10 4_9 5_15 5_9 6_13 6_14 6_15 6_7 7_15 7_16 7_8 8_15 8_7 8_8 9_14 9_15,,10_16 2_4 3_13 3_15 3_16 3_5 3_6 3_8 3_9 4_11 4_15 4_7 4_8 5_13 5_14 5_3 5_7 5_8 6_12 6_16 6_3 6_5 6_6 6_8 7_2 7_3 7_5 7_6 7_7 8_14 8_16 8_2 8_3 8_4 8_5 8_6 9_10 9_16 9_3 9_9,0.333333,0.666667,0.428571,0.025641,0.600000,,0.600000,0.818182,0.052632,0.600000
2025-10-25,B2: Recent MA,60,0.333333,1.000000,3_10 3_11 4_10 4_9 5_15 5_8 5_9 6_12 6_15 7_15 7_16 7_5 7_8 8_15 8_16 8_6 8_7 8_8 9_14 9_15,,10_16 2_4 3_12 3_13 3_14 3_15 3_16 3_5 3_6 3_8 3_9 4_11 4_15 4_7 4_8 5_13 5_14 5_3 5_7 6_13 6_14 6_16 6_3 6_5 6_6 6_7 6_8 7_2 7_3 7_6 7_7 8_14 8_2 8_3 8_4 8_5 9_10 9_16 9_3 9_9,0.600000,0.538462,0.333333,0.081081,0.904762,0.600000,,0.538462,0.052632,0.818182
2025-10-25,B3: DoY season,60,0.333333,1.000000,3_11 3_12 3_14 3_6 4_10 4_9 5_15 5_9 6_13 6_14 6_15 6_7 7_15 7_16 7_8 8_15 8_6 8_7 8_8 9_14,,10_16 2_4 3_10 3_13 3_15 3_16 3_5 3_8 3_9 4_11 4_15 4_7 4_8 5_13 5_14 5_3 5_7 5_8 6_12 6_16 6_3 6_5 6_6 6_8 7_2 7_3 7_5 7_6 7_7 8_14 8_16 8_2 8_3 8_4 8_5 9_10 9_15 9_16 9_3 9_9,0.290323,0.538462,0.333333,0.025641,0.600000,0.818182,0.538462,,0.052632,0.538462
2025-10-25,B0: Random,60,0.100000,0.300000,4_15 4_7 5_7 6_15 7_15 7_3,0_0 11_16 11_9 12_16 1_11 1_17 2_0 2_15 2_18 3_19 3_4 5_10 9_1 9_13,10_16 2_4 3_10 3_11 3_12 3_13 3_14 3_15 3_16 3_5 3_6 3_8 3_9 4_10 4_11 4_8 4_9 5_13 5_14 5_15 5_3 5_8 5_9 6_12 6_13 6_14 6_16 6_3 6_5 6_6 6_7 6_8 7_16 7_2 7_5 7_6 7_7 7_8 8_14 8_15 8_16 8_2 8_3 8_4 8_5 8_6 8_7 8_8 9_10 9_14 9_15 9_16 9_3 9_9,0.052632,0.052632,0.052632,0.052632,0.052632,0.052632,0.052632,0.052632,,0.052632
2025-10-26,GLM-Logit,58,0.327586,0.950000,3_10 3_11 4_10 4_9 5_15 5_8 5_9 6_14 6_15 7_15 7_16 7_5 7_8 8_15 8_16 8_6 8_8 9_14 9_15,9_16,10_16 2_13 2_17 2_3 2_4 2_5 3_12 3_13 3_14 3_15 3_16 3_5 3_6 3_8 3_9 4_3 4_4 4_8 5_14 5_16 5_7 6_12 6_13 6_16 6_2 6_3 6_4 6_7 7_2 7_3 7_4 7_6 7_7 8_14 8_2 8_3 8_7 9_3 9_9,0.481481,0.666667,0.538462,0.025641,0.818182,0.666667,0.818182,0.538462,0.081081,
2025-10-26,HierBayes,58,0.310345,0.900000,3_10 4_10 5_8 5_9 6_12 6_16 7_15 7_16 7_3 7_5 7_7 8_15 8_16 8_6 8_7 8_8 9_15 9_9,5_13 9_16,10_16 2_13 2_17 2_3 2_4 2_5 3_11 3_12 3_13 3_14 3_15 3_16 3_5 3_6 3_8 3_9 4_3 4_4 4_8 4_9 5_14 5_15 5_16 5_7 6_13 6_14 6_15 6_2 6_3 6_4 6_7 7_2 7_4 7_6 7_8 8_14 8_2 8_3 9_14 9_3,,0.290323,0.290323,0.176471,0.481481,0.290323,0.481481,0.290323,0.081081,0.481481
2025-10-26,B1: Static prior,58,0.327586,0.950000,3_10 3_11 3_14 4_10 4_8 4_9 5_14 5_15 5_8 5_9 6_14 6_15 6_7 7_15 7_16 7_8 8_15 9_14 9_15,9_16,10_16 2_13 2_17 2_3 2_4 2_5 3_12 3_13 3_15 3_16 3_5 3_6 3_8 3_9 4_3 4_4 5_16 5_7 6_12 6_13 6_16 6_2 6_3 6_4 7_2 7_3 7_4 7_5 7_6 7_7 8_14 8_16 8_2 8_3 8_6 8_7 8_8 9_3 9_9,0.290323,,0.666667,0.025641,0.538462,0.739130,0.538462,0.538462,0.025641,0.666667
2025-10-26,TTM,58,0.310345,0.900000,3_10 3_11 3_12 3_14 4_10 4_8 4_9 5_14 5_8 5_9 6_15 6_7 7_15 7_5 7_8 8_8 9_14 9_15,3_7 9_16,10_16 2_13 2_17 2_3 2_4 2_5 3_13 3_15 3_16 3_5 3_6 3_8 3_9 4_3 4_4 5_15 5_16 5_7 6_12 6_13 6_14 6_16 6_2 6_3 6_4 7_16 7_2 7_3 7_4 7_6 7_7 8_14 8_15 8_16 8_2 8_3 8_6 8_7 9_3 9_9,0.290323,0.666667,,0.052632,0.481481,0.600000,0.481481,0.481481,0.000000,0.538462
2025-10-26,ET,58,0.189655,0.550000,3_15 3_16 5_14 6_12 7_2 7_3 7_5 7_6 8_7 9_3 9_9,4_12 4_15 5_12 5_13 6_6 6_8 6_9 8_5 9_10,10_16 2_13 2_17 2_3 2_4 2_5 3_10 3_11 3_12 3_13 3_14 3_5 3_6 3_8 3_9 4_10 4_3 4_4 4_8 4_9 5_15 5_16 5_7 5_8 5_9 6_13 6_14 6_15 6_16 6_2 6_3 6_4 6_7 7_15 7_16 7_4 7_7 7_8 8_14 8_15 8_16 8_2 8_3 8_6 8_8 9_14 9_15,0.176471,0.025641,0.052632,,0.052632,0.000000,0.052632,0.025641,0.000000,0.025641
2025-10-26,B5: B2+B3,58,0.327586,0.950000,3_10 3_11 4_10 4_9 5_15 5_9 6_13 6_15 7_15 7_16 7_5 7_8 8_15 8_16 8_6 8_7 8_8 9_14 9_15,9_16,10_16 2_13 2_17 2_3 2_4 2_5 3_12 3_13 3_14 3_15 3_16 3_5 3_6 3_8 3_9 4_3 4_4 4_8 5_14 5_16 5_7 5_8 6_12 6_14 6_16 6_2 6_3 6_4 6_7 7_2 7_3 7_4 7_6 7_7 8_14 8_2 8_3 9_3 9_9,0.481481,0.538462,0.481481,0.052632,,0.666667,0.904762,0.666667,0.081081,0.818182
2025-10-26,B4: B1+B3,58,0.327586,0.950000,3_10 3_11 3_12 3_14 4_10 4_9 5_15 5_9 6_13 6_14 6_15 6_7 7_15 7_16 7_8 8_15 8_8 9_14 9_15,9_16,10_16 2_13 2_17 2_3 2_4 2_5 3_13 3_15 3_16 3_5 3_6 3_8 3_9 4_3 4_4 4_8 5_14 5_16 5_7 5_8 6_12 6_16 6_2 6_3 6_4 7_2 7_3 7_4 7_5 7_6 7_7 8_14 8_16 8_2 8_3 8_6 8_7 9_3 9_9,0.290323,0.739130,0.600000,0.000000,0.666667,,0.600000,0.739130,0.025641,0.666667
2025-10-26,B2: Recent MA,58,0.344828,1.000000,3_10 3_11 4_10 4_9 5_15 5_8 5_9 6_13 6_15 7_15 7_16 7_5 7_8 8_15 8_16 8_6 8_7 8_8 9_14 9_15,,10_16 2_13 2_17 2_3 2_4 2_5 3_12 3_13 3_14 3_15 3_16 3_5 3_6 3_8 3_9 4_3 4_4 4_8 5_14 5_16 5_7 6_12 6_14 6_16 6_2 6_3 6_4 6_7 7_2 7_3 7_4 7_6 7_7 8_14 8_2 8_3 9_3 9_9,0.481481,0.538462,0.481481,0.052632,0.904762,0.600000,,0.600000,0.081081,0.818182
2025-10-26,B3: DoY season,58,0.327586,0.950000,3_11 3_12 3_14 3_5 4_10 4_9 5_15 5_9 6_13 6_15 6_7 7_15 7_16 7_8 8_15 8_6 8_7 8_8 9_14,9_16,10_16 2_13 2_17 2_3 2_4 2_5 3_10 3_13 3_15 3_16 3_6 3_8 3_9 4_3 4_4 4_8 5_14 5_16 5_7 5_8 6_12 6_14 6_16 6_2 6_3 6_4 7_2 7_3 7_4 7_5 7_6 7_7 8_14 8_16 8_2 8_3 9_15 9_3 9_9,0.290323,0.538462,0.481481,0.025641,0.666667,0.739130,0.600000,,0.052632,0.538462
2025-10-26,B0: Random,58,0.051724,0.150000,8_15 8_16 8_6,0_7 0_9 10_15 10_2 10_5 11_4 12_17 12_18 12_9 1_12 1_3 1_5 2_16 5_0 8_10 9_19 9_8,10_16 2_13 2_17 2_3 2_4 2_5 3_10 3_11 3_12 3_13 3_14 3_15 3_16 3_5 3_6 3_8 3_9 4_10 4_3 4_4 4_8 4_9 5_14 5_15 5_16 5_7 5_8 5_9 6_12 6_13 6_14 6_15 6_16 6_2 6_3 6_4 6_7 7_15 7_16 7_2 7_3 7_4 7_5 7_6 7_7 7_8 8_14 8_2 8_3 8_7 8_8 9_14 9_15 9_3 9_9,0.081081,0.025641,0.000000,0.000000,0.081081,0.025641,0.081081,0.052632,,0.081081
2025-10-27,GLM-Logit,57,0.350877,1.000000,3_10 3_11 4_10 4_9 5_15 5_8 5_9 6_15 7_15 7_16 7_5 7_8 8_15 8_16 8_6 8_7 8_8 9_14 9_15 9_16,,10_16 2_11 2_12 2_17 3_12 3_13 3_14 3_15 3_5 3_6 3_7 3_9 4_11 4_12 4_14 4_3 4_4 4_8 5_14 5_3 5_4 5_7 6_13 6_14 6_16 6_3 6_4 6_7 7_3 7_4 7_7 7_9 8_10 8_3 8_9 9_3 9_9,0.538462,0.600000,0.481481,0.052632,0.818182,0.600000,0.904762,0.538462,0.000000,
2025-10-27,HierBayes,57,0.315789,0.900000,3_10 3_11 4_10 5_8 5_9 6_16 7_15 7_16 7_3 7_5 7_7 8_16 8_6 8_7 8_8 9_15 9_16 9_9,5_13 6_12,10_16 2_11 2_12 2_17 3_12 3_13 3_14 3_15 3_5 3_6 3_7 3_9 4_11 4_12 4_14 4_3 4_4 4_8 4_9 5_14 5_15 5_3 5_4 5_7 6_13 6_14 6_15 6_3 6_4 6_7 7_4 7_8 7_9 8_10 8_15 8_3 8_9 9_14 9_3,,0.290323,0.290323,0.176471,0.481481,0.290323,0.538462,0.290323,0.000000,0.538462
2025-10-27,B1: Static prior,57,0.350877,1.000000,3_10 3_11 3_14 4_10 4_8 4_9 5_14 5_15 5_8 5_9 6_14 6_15 6_7 7_15 7_16 7_8 8_15 9_14 9_15 9_16,,10_16 2_11 2_12 2_17 3_12 3_13 3_15 3_5 3_6 3_7 3_9 4_11 4_12 4_14 4_3 4_4 5_3 5_4 5_7 6_13 6_16 6_3 6_4 7_3 7_4 7_5 7_7 7_9 8_10 8_16 8_3 8_6 8_7 8_8 8_9 9_3 9_9,0.290323,,0.538462,0.025641,0.538462,0.739130,0.538462,0.538462,0.000000,0.600000
2025-10-27,TTM,57,0.350877,1.000000,3_10 3_11 3_12 3_14 4_8 4_9 5_14 5_8 5_9 6_15 6_3 6_4 6_7 7_5 7_8 8_16 8_8 9_14 9_15 9_16,,10_16 2_11 2_12 2_17 3_13 3_15 3_5 3_6 3_7 3_9 4_10 4_11 4_12 4_14 4_3 4_4 5_15 5_3 5_4 5_7 6_13 6_14 6_16 7_15 7_16 7_3 7_4 7_7 7_9 8_10 8_15 8_3 8_6 8_7 8_9 9_3 9_9,0.290323,0.538462,,0.052632,0.379310,0.481481,0.428571,0.379310,0.000000,0.481481
2025-10-27,ET,57,0.140351,0.400000,3_15 4_12 5_14 7_3 7_5 8_7 9_3 9_9,3_16 4_15 5_12 5_13 6_12 6_6 6_8 6_9 7_2 7_6 8_5 9_10,10_16 2_11 2_12 2_17 3_10 3_11 3_12 3_13 3_14 3_5 3_6 3_7 3_9 4_10 4_11 4_14 4_3 4_4 4_8 4_9 5_15 5_3 5_4 5_7 5_8 5_9 6_13 6_14 6_15 6_16 6_3 6_4 6_7 7_15 7_16 7_4 7_7 7_8 7_9 8_10 8_15 8_16 8_3 8_6 8_8 8_9 9_14 9_15 9_16,0.176471,0.025641,0.052632,,0.052632,0.000000,0.081081,0.052632,0.052632,0.052632
2025-10-27,B5: B2+B3,57,0.350877,1.000000,3_10 3_11 4_10 4_9 5_15 5_9 6_13 6_15 7_15 7_16 7_8 8_15 8_16 8_6 8_7 8_8 9_14 9_15 9_16 9_9,,10_16 2_11 2_12 2_17 3_12 3_13 3_14 3_15 3_5 3_6 3_7 3_9 4_11 4_12 4_14 4_3 4_4 4_8 5_14 5_3 5_4 5_7 5_8 6_14 6_16 6_3 6_4 6_7 7_3 7_4 7_5 7_7 7_9 8_10 8_3 8_9 9_3,0.481481,0.538462,0.379310,0.052632,,0.666667,0.739130,0.600000,0.000000,0.818182
2025-10-27,B4: B1+B3,57,0.350877,1.000000,3_10 3_11 3_12 3_14 4_10 4_9 5_15 5_9 6_13 6_14 6_15 6_7 7_15 7_16 7_8 8_15 8_8 9_14 9_15 9_16,,10_16 2_11 2_12 2_17 3_13 3_15 3_5 3_6 3_7 3_9 4_11 4_12 4_14 4_3 4_4 4_8 5_14 5_3 5_4 5_7 5_8 6_16 6_3 6_4 7_3 7_4 7_5 7_7 7_9 8_10 8_16 8_3 8_6 8_7 8_9 9_3 9_9,0.290323,0.739130,0.481481,0.000000,0.666667,,0.538462,0.739130,0.000000,0.600000
2025-10-27,B2: Recent MA,57,0.333333,0.950000,3_10 3_11 4_10 4_9 5_15 5_8 5_9 6_15 7_15 7_16 7_5 7_8 8_15 8_16 8_6 8_7 8_8 9_14 9_15,6_12,10_16 2_11 2_12 2_17 3_12 3_13 3_14 3_15 3_5 3_6 3_7 3_9 4_11 4_12 4_14 4_3 4_4 4_8 5_14 5_3 5_4 5_7 6_13 6_14 6_16 6_3 6_4 6_7 7_3 7_4 7_7 7_9 8_10 8_3 8_9 9_16 9_3 9_9,0.538462,0.538462,0.428571,0.081081,0.739130,0.538462,,0.481481,0.000000,0.904762
2025-10-27,B3: DoY season,57,0.333333,0.950000,3_11 3_12 3_14 3_5 4_10 4_9 5_15 5_9 6_13 6_15 6_7 7_15 7_16 7_8 8_15 8_7 8_8 9_14 9_16,5_13,10_16 2_11 2_12 2_17 3_10 3_13 3_15 3_6 3_7 3_9 4_11 4_12 4_14 4_3 4_4 4_8 5_14 5_3 5_4 5_7 5_8 6_14 6_16 6_3 6_4 7_3 7_4 7_5 7_7 7_9 8_10 8_16 8_3 8_6 8_9 9_15 9_3 9_9,0.290323,0.538462,0.379310,0.052632,0.600000,0.739130,0.481481,,0.000000,0.538462
2025-10-27,B0: Random,57,0.070175,0.200000,2_11 3_7 7_9 8_3,0_8 11_1 11_13 12_17 1_8 2_10 3_1 3_8 4_19 4_6 5_11 5_12 6_19 7_13 7_18 9_10,10_16 2_12 2_17 3_10 3_11 3_12 3_13 3_14 3_15 3_5 3_6 3_9 4_10 4_11 4_12 4_14 4_3 4_4 4_8 4_9 5_14 5_15 5_3 5_4 5_7 5_8 5_9 6_13 6_14 6_15 6_16 6_3 6_4 6_7 7_15 7_16 7_3 7_4 7_5 7_7 7_8 8_10 8_15 8_16 8_6 8_7 8_8 8_9 9_14 9_15 9_16 9_3 9_9,0.000000,0.000000,0.000000,0.052632,0.000000,0.000000,0.000000,0.000000,,0.000000
2025-10-28,GLM-Logit,67,0.268657,0.900000,3_10 3_11 4_10 4_9 5_15 5_8 5_9 6_14 6_15 7_15 7_16 7_8 8_15 8_16 8_6 8_8 9_14 9_16,7_5 9_15,0_12 10_15 2_11 2_12 2_13 2_17 3_12 3_13 3_14 3_15 3_16 3_17 3_5 3_6 3_7 3_8 3_9 4_11 4_13 4_15 4_3 4_4 4_7 4_8 5_13 5_14 5_16 5_5 5_6 5_7 6_12 6_13 6_16 6_3 6_4 6_5 6_6 6_7 7_1 7_14 7_4 7_6 7_7 8_14 8_2 8_3 8_4 8_5 8_7,0.481481,0.666667,0.481481,0.025641,0.739130,0.600000,0.818182,0.538462,0.025641,
2025-10-28,HierBayes,67,0.238806,0.800000,3_10 3_11 4_10 5_13 5_8 5_9 6_12 6_16 7_15 7_16 7_7 8_16 8_6 8_7 8_8 9_16,7_3 7_5 9_15 9_9,0_12 10_15 2_11 2_12 2_13 2_17 3_12 3_13 3_14 3_15 3_16 3_17 3_5 3_6 3_7 3_8 3_9 4_11 4_13 4_15 4_3 4_4 4_7 4_8 4_9 5_14 5_15 5_16 5_5 5_6 5_7 6_13 6_14 6_15 6_3 6_4 6_5 6_6 6_7 7_1 7_14 7_4 7_6 7_8 8_14 8_15 8_2 8_3 8_4 8_5 9_14,,0.290323,0.290323,0.176471,0.428571,0.290323,0.481481,0.290323,0.000000,0.481481
2025-10-28,B1: Static prior,67,0.283582,0.950000,3_10 3_11 3_14 4_10 4_8 4_9 5_14 5_15 5_8 5_9 6_14 6_15 6_7 7_15 7_16 7_8 8_15 9_14 9_16,9_15,0_12 10_15 2_11 2_12 2_13 2_17 3_12 3_13 3_15 3_16 3_17 3_5 3_6 3_7 3_8 3_9 4_11 4_13 4_15 4_3 4_4 4_7 5_13 5_16 5_5 5_6 5_7 6_12 6_13 6_16 6_3 6_4 6_5 6_6 7_1 7_14 7_4 7_6 7_7 8_14 8_16 8_2 8_3 8_4 8_5 8_6 8_7 8_8,0.290323,,0.600000,0.025641,0.538462,0.666667,0.538462,0.538462,0.052632,0.666667
2025-10-28,TTM,67,0.268657,0.900000,3_10 3_11 3_12 3_14 4_8 4_9 5_14 5_8 5_9 6_15 6_3 6_4 6_7 7_15 7_8 8_8 9_14 9_16,7_5 9_15,0_12 10_15 2_11 2_12 2_13 2_17 3_13 3_15 3_16 3_17 3_5 3_6 3_7 3_8 3_9 4_10 4_11 4_13 4_15 4_3 4_4 4_7 5_13 5_15 5_16 5_5 5_6 5_7 6_12 6_13 6_14 6_16 6_5 6_6 7_1 7_14 7_16 7_4 7_6 7_7 8_14 8_15 8_16 8_2 8_3 8_4 8_5 8_6 8_7,0.290323,0.600000,,0.052632,0.428571,0.538462,0.428571,0.428571,0.052632,0.481481
2025-10-28,ET,67,0.149254,0.500000,3_15 3_16 4_15 5_13 5_14 6_12 6_6 7_6 8_5 8_7,4_12 5_12 6_8 6_9 7_2 7_3 7_5 9_10 9_3 9_9,0_12 10_15 2_11 2_12 2_13 2_17 3_10 3_11 3_12 3_13 3_14 3_17 3_5 3_6 3_7 3_8 3_9 4_10 4_11 4_13 4_3 4_4 4_7 4_8 4_9 5_15 5_16 5_5 5_6 5_7 5_8 5_9 6_13 6_14 6_15 6_16 6_3 6_4 6_5 6_7 7_1 7_14 7_15 7_16 7_4 7_7 7_8 8_14 8_15 8_16 8_2 8_3 8_4 8_6 8_8 9_14 9_16,0.176471,0.025641,0.052632,,0.025641,0.000000,0.052632,0.025641,0.000000,0.025641
2025-10-28,B5: B2+B3,67,0.283582,0.950000,3_10 3_11 3_12 4_10 4_9 5_15 5_8 5_9 6_13 6_15 7_15 7_16 7_8 8_15 8_16 8_6 8_7 8_8 9_14,9_15,0_12 10_15 2_11 2_12 2_13 2_17 3_13 3_14 3_15 3_16 3_17 3_5 3_6 3_7 3_8 3_9 4_11 4_13 4_15 4_3 4_4 4_7 4_8 5_13 5_14 5_16 5_5 5_6 5_7 6_12 6_14 6_16 6_3 6_4 6_5 6_6 6_7 7_1 7_14 7_4 7_6 7_7 8_14 8_2 8_3 8_4 8_5 9_16,0.428571,0.538462,0.428571,0.025641,,0.666667,0.904762,0.739130,0.025641,0.739130
2025-10-28,B4: B1+B3,67,0.283582,0.950000,3_10 3_11 3_12 3_14 3_5 4_10 4_9 5_15 5_9 6_13 6_15 6_7 7_15 7_16 7_8 8_15 8_8 9_14 9_16,9_15,0_12 10_15 2_11 2_12 2_13 2_17 3_13 3_15 3_16 3_17 3_6 3_7 3_8 3_9 4_11 4_13 4_15 4_3 4_4 4_7 4_8 5_13 5_14 5_16 5_5 5_6 5_7 5_8 6_12 6_14 6_16 6_3 6_4 6_5 6_6 7_1 7_14 7_4 7_6 7_7 8_14 8_16 8_2 8_3 8_4 8_5 8_6 8_7,0.290323,0.666667,0.538462,0.000000,0.666667,,0.600000,0.818182,0.052632,0.600000
2025-10-28,B2: Recent MA,67,0.268657,0.900000,3_10 3_11 4_10 4_9 5_15 5_8 5_9 6_13 6_15 7_15 7_16 7_8 8_15 8_16 8_6 8_7 8_8 9_14,7_5 9_15,0_12 10_15 2_11 2_12 2_13 2_17 3_12 3_13 3_14 3_15 3_16 3_17 3_5 3_6 3_7 3_8 3_9 4_11 4_13 4_15 4_3 4_4 4_7 4_8 5_13 5_14 5_16 5_5 5_6 5_7 6_12 6_14 6_16 6_3 6_4 6_5 6_6 6_7 7_1 7_14 7_4 7_6 7_7 8_14 8_2 8_3 8_4 8_5 9_16,0.481481,0.538462,0.428571,0.052632,0.904762,0.600000,,0.666667,0.025641,0.818182
2025-10-28,B3: DoY season,67,0.298507,1.000000,3_10 3_11 3_12 3_14 3_5 4_10 4_9 5_15 5_9 6_13 6_15 6_7 7_15 7_16 7_8 8_15 8_6 8_7 8_8 9_14,,0_12 10_15 2_11 2_12 2_13 2_17 3_13 3_15 3_16 3_17 3_6 3_7 3_8 3_9 4_11 4_13 4_15 4_3 4_4 4_7 4_8 5_13 5_14 5_16 5_5 5_6 5_7 5_8 6_12 6_14 6_16 6_3 6_4 6_5 6_6 7_1 7_14 7_4 7_6 7_7 8_14 8_16 8_2 8_3 8_4 8_5 9_16,0.290323,0.538462,0.428571,0.025641,0.739130,0.818182,0.666667,,0.052632,0.538462
2025-10-28,B0: Random,67,0.104478,0.350000,0_12 4_11 5_16 5_5 5_6 6_7 9_14,0_1 10_3 11_17 12_2 2_18 2_19 3_0 5_1 6_10 8_11 8_9 9_13 9_7,10_15 2_11 2_12 2_13 2_17 3_10 3_11 3_12 3_13 3_14 3_15 3_16 3_17 3_5 3_6 3_7 3_8 3_9 4_10 4_13 4_15 4_3 4_4 4_7 4_8 4_9 5_13 5_14 5_15 5_7 5_8 5_9 6_12 6_13 6_14 6_15 6_16 6_3 6_4 6_5 6_6 7_1 7_14 7_15 7_16 7_4 7_6 7_7 7_8 8_14 8_15 8_16 8_2 8_3 8_4 8_5 8_6 8_7 8_8 9_16,0.000000,0.052632,0.052632,0.000000,0.025641,0.052632,0.025641,0.052632,,0.025641
2025-10-29,GLM-Logit,69,0.289855,1.000000,3_10 3_11 4_10 4_9 5_15 5_8 5_9 6_14 6_15 7_15 7_16 7_5 7_8 8_15 8_16 8_6 8_8 9_14 9_15 9_16,,10_15 10_16 10_18 11_17 1_12 2_11 2_12 2_13 2_17 2_5 3_12 3_13 3_14 3_15 3_16 3_4 3_5 3_6 3_8 3_9 4_12 4_14 4_15 4_3 4_5 4_8 5_14 5_3 5_4 5_5 5_6 5_7 6_12 6_13 6_3 6_4 6_7 7_12 7_2 7_3 7_7 7_9 8_2 8_3 8_4 8_5 8_7 9_3 9_9,0.428571,0.666667,0.538462,0.025641,0.739130,0.538462,0.739130,0.481481,0.111111,
2025-10-29,HierBayes,69,0.260870,0.900000,3_10 3_11 4_10 5_8 5_9 6_12 6_13 7_15 7_16 7_3 7_5 7_7 8_16 8_6 8_7 8_8 9_15 9_9,5_13 6_16,10_15 10_16 10_18 11_17 1_12 2_11 2_12 2_13 2_17 2_5 3_12 3_13 3_14 3_15 3_16 3_4 3_5 3_6 3_8 3_9 4_12 4_14 4_15 4_3 4_5 4_8 4_9 5_14 5_15 5_3 5_4 5_5 5_6 5_7 6_14 6_15 6_3 6_4 6_7 7_12 7_2 7_8 7_9 8_15 8_2 8_3 8_4 8_5 9_14 9_16 9_3,,0.250000,0.290323,0.176471,0.481481,0.250000,0.600000,0.290323,0.111111,0.428571
2025-10-29,B1: Static prior,69,0.289855,1.000000,3_10 3_11 3_14 4_10 4_8 4_9 5_14 5_15 5_8 5_9 6_14 6_15 6_7 7_15 7_16 7_8 8_15 9_14 9_15 9_16,,10_15 10_16 10_18 11_17 1_12 2_11 2_12 2_13 2_17 2_5 3_12 3_13 3_15 3_16 3_4 3_5 3_6 3_8 3_9 4_12 4_14 4_15 4_3 4_5 5_3 5_4 5_5 5_6 5_7 6_12 6_13 6_3 6_4 7_12 7_2 7_3 7_5 7_7 7_9 8_16 8_2 8_3 8_4 8_5 8_6 8_7 8_8 9_3 9_9,0.250000,,0.538462,0.025641,0.538462,0.666667,0.481481,0.600000,0.081081,0.666667
2025-10-29,TTM,69,0.275362,0.950000,3_10 3_11 3_14 3_15 3_9 4_10 4_9 5_8 5_9 6_15 6_4 6_7 7_15 7_5 7_8 8_8 9_14 9_15 9_16,3_7,10_15 10_16 10_18 11_17 1_12 2_11 2_12 2_13 2_17 2_5 3_12 3_13 3_16 3_4 3_5 3_6 3_8 4_12 4_14 4_15 4_3 4_5 4_8 5_14 5_15 5_3 5_4 5_5 5_6 5_7 6_12 6_13 6_14 6_3 7_12 7_16 7_2 7_3 7_7 7_9 8_15 8_16 8_2 8_3 8_4 8_5 8_6 8_7 9_3 9_9,0.290323,0.538462,,0.052632,0.428571,0.481481,0.428571,0.428571,0.052632,0.538462
2025-10-29,ET,69,0.188406,0.650000,3_15 3_16 4_12 4_15 5_14 6_12 7_2 7_3 7_5 8_5 8_7 9_3 9_9,5_12 5_13 6_6 6_8 6_9 7_6 9_10,10_15 10_16 10_18 11_17 1_12 2_11 2_12 2_13 2_17 2_5 3_10 3_11 3_12 3_13 3_14 3_4 3_5 3_6 3_8 3_9 4_10 4_14 4_3 4_5 4_8 4_9 5_15 5_3 5_4 5_5 5_6 5_7 5_8 5_9 6_13 6_14 6_15 6_3 6_4 6_7 7_12 7_15 7_16 7_7 7_8 7_9 8_15 8_16 8_2 8_3 8_4 8_6 8_8 9_14 9_15 9_16,0.176471,0.025641,0.052632,,0.025641,0.000000,0.081081,0.025641,0.025641,0.025641
2025-10-29,B5: B2+B3,69,0.289855,1.000000,3_10 3_11 3_12 4_10 4_9 5_15 5_8 5_9 6_13 6_15 7_15 7_16 7_8 8_15 8_16 8_6 8_7 8_8 9_14 9_15,,10_15 10_16 10_18 11_17 1_12 2_11 2_12 2_13 2_17 2_5 3_13 3_14 3_15 3_16 3_4 3_5 3_6 3_8 3_9 4_12 4_14 4_15 4_3 4_5 4_8 5_14 5_3 5_4 5_5 5_6 5_7 6_12 6_14 6_3 6_4 6_7 7_12 7_2 7_3 7_5 7_7 7_9 8_2 8_3 8_4 8_5 9_16 9_3 9_9,0.481481,0.538462,0.428571,0.025641,,0.600000,0.818182,0.666667,0.142857,0.739130
2025-10-29,B4: B1+B3,69,0.289855,1.000000,3_10 3_11 3_12 3_14 3_5 4_10 4_8 4_9 5_15 5_9 6_13 6_15 6_7 7_15 7_16 7_8 8_15 8_8 9_14 9_16,,10_15 10_16 10_18 11_17 1_12 2_11 2_12 2_13 2_17 2_5 3_13 3_15 3_16 3_4 3_6 3_8 3_9 4_12 4_14 4_15 4_3 4_5 5_14 5_3 5_4 5_5 5_6 5_7 5_8 6_12 6_14 6_3 6_4 7_12 7_2 7_3 7_5 7_7 7_9 8_16 8_2 8_3 8_4 8_5 8_6 8_7 9_15 9_3 9_9,0.250000,0.666667,0.481481,0.000000,0.600000,,0.481481,0.904762,0.052632,0.538462
2025-10-29,B2: Recent MA,69,0.289855,1.000000,3_10 3_11 4_10 4_9 5_15 5_8 5_9 6_12 6_13 7_15 7_16 7_5 7_8 8_15 8_16 8_6 8_7 8_8 9_14 9_15,,10_15 10_16 10_18 11_17 1_12 2_11 2_12 2_13 2_17 2_5 3_12 3_13 3_14 3_15 3_16 3_4 3_5 3_6 3_8 3_9 4_12 4_14 4_15 4_3 4_5 4_8 5_14 5_3 5_4 5_5 5_6 5_7 6_14 6_15 6_3 6_4 6_7 7_12 7_2 7_3 7_7 7_9 8_2 8_3 8_4 8_5 9_16 9_3 9_9,0.600000,0.481481,0.428571,0.081081,0.818182,0.481481,,0.538462,0.142857,0.739130
2025-10-29,B3: DoY season,69,0.289855,1.000000,3_10 3_11 3_12 3_14 3_5 4_10 4_8 4_9 5_15 5_9 6_13 6_15 6_7 7_15 7_16 7_8 8_15 8_7 8_8 9_14,,10_15 10_16 10_18 11_17 1_12 2_11 2_12 2_13 2_17 2_5 3_13 3_15 3_16 3_4 3_6 3_8 3_9 4_12 4_14 4_15 4_3 4_5 5_14 5_3 5_4 5_5 5_6 5_7 5_8 6_12 6_14 6_3 6_4 7_12 7_2 7_3 7_5 7_7 7_9 8_16 8_2 8_3 8_4 8_5 8_6 9_15 9_16 9_3 9_9,0.290323,0.600000,0.428571,0.025641,0.666667,0.904762,0.538462,,0.081081,0.481481
2025-10-29,B0: Random,69,0.101449,0.350000,5_4 5_8 5_9 7_12 8_15 8_6 8_7,0_11 0_12 0_15 0_8 12_8 1_18 1_3 4_13 4_6 6_1 6_18 7_19 9_5,10_15 10_16 10_18 11_17 1_12 2_11 2_12 2_13 2_17 2_5 3_10 3_11 3_12 3_13 3_14 3_15 3_16 3_4 3_5 3_6 3_8 3_9 4_10 4_12 4_14 4_15 4_3 4_5 4_8 4_9 5_14 5_15 5_3 5_5 5_6 5_7 6_12 6_13 6_14 6_15 6_3 6_4 6_7 7_15 7_16 7_2 7_3 7_5 7_7 7_8 7_9 8_16 8_2 8_3 8_4 8_5 8_8 9_14 9_15 9_16 9_3 9_9,0.111111,0.081081,0.052632,0.025641,0.142857,0.052632,0.142857,0.081081,,0.111111
2025-10-30,GLM-Logit,63,0.317460,1.000000,3_10 3_11 4_10 4_9 5_15 5_8 5_9 6_13 6_14 6_15 7_15 7_16 7_5 7_8 8_15 8_16 8_6 8_8 9_14 9_15,,10_15 10_16 10_17 1_11 1_12 2_11 2_12 2_13 2_17 3_12 3_13 3_14 3_15 3_16 3_5 3_6 3_7 3_8 3_9 4_15 4_4 4_7 4_8 5_13 5_14 5_5 5_7 6_10 6_12 6_3 6_4 6_6 6_7 7_12 7_2 7_3 7_7 8_10 8_3 8_5 8_7 9_16 9_9,0.481481,0.600000,0.481481,0.025641,0.818182,0.600000,0.818182,0.600000,0.081081,
2025-10-30,HierBayes,63,0.301587,0.950000,3_10 3_11 4_10 5_13 5_8 5_9 6_12 6_13 7_15 7_16 7_3 7_5 7_7 8_16 8_6 8_7 8_8 9_15 9_9,6_16,10_15 10_16 10_17 1_11 1_12 2_11 2_12 2_13 2_17 3_12 3_13 3_14 3_15 3_16 3_5 3_6 3_7 3_8 3_9 4_15 4_4 4_7 4_8 4_9 5_14 5_15 5_5 5_7 6_10 6_14 6_15 6_3 6_4 6_6 6_7 7_12 7_2 7_8 8_10 8_15 8_3 8_5 9_14 9_16,,0.250000,0.290323,0.176471,0.428571,0.250000,0.600000,0.379310,0.081081,0.481481
2025-10-30,B1: Static prior,63,0.317460,1.000000,3_10 3_11 3_14 4_10 4_8 4_9 5_14 5_15 5_8 5_9 6_14 6_15 6_7 7_15 7_16 7_8 8_15 9_14 9_15 9_16,,10_15 10_16 10_17 1_11 1_12 2_11 2_12 2_13 2_17 3_12 3_13 3_15 3_16 3_5 3_6 3_7 3_8 3_9 4_15 4_4 4_7 5_13 5_5 5_7 6_10 6_12 6_13 6_3 6_4 6_6 7_12 7_2 7_3 7_5 7_7 8_10 8_16 8_3 8_5 8_6 8_7 8_8 9_9,0.250000,,0.538462,0.025641,0.538462,0.666667,0.481481,0.481481,0.081081,0.600000
2025-10-30,TTM,63,0.301587,0.950000,3_10 3_11 3_14 3_7 3_9 4_10 4_9 5_8 5_9 6_15 6_4 6_7 7_15 7_5 7_8 8_8 9_14 9_15 9_16,6_8,10_15 10_16 10_17 1_11 1_12 2_11 2_12 2_13 2_17 3_12 3_13 3_15 3_16 3_5 3_6 3_8 4_15 4_4 4_7 4_8 5_13 5_14 5_15 5_5 5_7 6_10 6_12 6_13 6_14 6_3 6_6 7_12 7_16 7_2 7_3 7_7 8_10 8_15 8_16 8_3 8_5 8_6 8_7 9_9,0.290323,0.538462,,0.052632,0.379310,0.428571,0.428571,0.379310,0.052632,0.481481
2025-10-30,ET,63,0.206349,0.650000,3_15 3_16 4_15 5_13 5_14 6_12 6_6 7_2 7_3 7_5 8_5 8_7 9_9,4_12 5_12 6_8 6_9 7_6 9_10 9_3,10_15 10_16 10_17 1_11 1_12 2_11 2_12 2_13 2_17 3_10 3_11 3_12 3_13 3_14 3_5 3_6 3_7 3_8 3_9 4_10 4_4 4_7 4_8 4_9 5_15 5_5 5_7 5_8 5_9 6_10 6_13 6_14 6_15 6_3 6_4 6_7 7_12 7_15 7_16 7_7 7_8 8_10 8_15 8_16 8_3 8_6 8_8 9_14 9_15 9_16,0.176471,0.025641,0.052632,,0.025641,0.000000,0.081081,0.025641,0.111111,0.025641
2025-10-30,B5: B2+B3,63,0.317460,1.000000,3_10 3_11 3_12 4_10 4_9 5_15 5_9 6_13 6_14 6_15 7_15 7_16 7_8 8_15 8_16 8_6 8_7 8_8 9_14 9_15,,10_15 10_16 10_17 1_11 1_12 2_11 2_12 2_13 2_17 3_13 3_14 3_15 3_16 3_5 3_6 3_7 3_8 3_9 4_15 4_4 4_7 4_8 5_13 5_14 5_5 5_7 5_8 6_10 6_12 6_3 6_4 6_6 6_7 7_12 7_2 7_3 7_5 7_7 8_10 8_3 8_5 9_16 9_9,0.428571,0.538462,0.379310,0.025641,,0.666667,0.739130,0.739130,0.052632,0.818182
2025-10-30,B4: B1+B3,63,0.317460,1.000000,3_10 3_11 3_12 3_5 4_10 4_8 4_9 5_15 5_9 6_13 6_14 6_15 6_7 7_15 7_16 7_8 8_15 8_8 9_14 9_16,,10_15 10_16 10_17 1_11 1_12 2_11 2_12 2_13 2_17 3_13 3_14 3_15 3_16 3_6 3_7 3_8 3_9 4_15 4_4 4_7 5_13 5_14 5_5 5_7 5_8 6_10 6_12 6_3 6_4 6_6 7_12 7_2 7_3 7_5 7_7 8_10 8_16 8_3 8_5 8_6 8_7 9_15 9_9,0.250000,0.666667,0.428571,0.000000,0.666667,,0.481481,0.739130,0.052632,0.600000
2025-10-30,B2: Recent MA,63,0.317460,1.000000,3_10 3_11 4_10 4_9 5_15 5_8 5_9 6_12 6_13 7_15 7_16 7_5 7_8 8_15 8_16 8_6 8_7 8_8 9_14 9_15,,10_15 10_16 10_17 1_11 1_12 2_11 2_12 2_13 2_17 3_12 3_13 3_14 3_15 3_16 3_5 3_6 3_7 3_8 3_9 4_15 4_4 4_7 4_8 5_13 5_14 5_5 5_7 6_10 6_14 6_15 6_3 6_4 6_6 6_7 7_12 7_2 7_3 7_7 8_10 8_3 8_5 9_16 9_9,0.600000,0.481481,0.428571,0.081081,0.739130,0.481481,,0.600000,0.081081,0.818182
2025-10-30,B3: DoY season,63,0.317460,1.000000,3_10 3_11 3_12 3_5 4_10 4_9 5_15 5_9 6_13 6_15 6_7 7_15 7_16 7_7 7_8 8_15 8_6 8_7 8_8 9_14,,10_15 10_16 10_17 1_11 1_12 2_11 2_12 2_13 2_17 3_13 3_14 3_15 3_16 3_6 3_7 3_8 3_9 4_15 4_4 4_7 4_8 5_13 5_14 5_5 5_7 5_8 6_10 6_12 6_14 6_3 6_4 6_6 7_12 7_2 7_3 7_5 8_10 8_16 8_3 8_5 9_15 9_16 9_9,0.379310,0.481481,0.379310,0.025641,0.739130,0.739130,0.600000,,0.025641,0.600000
2025-10-30,B0: Random,63,0.111111,0.350000,10_17 4_8 5_13 7_5 8_15 8_5 9_15,0_10 0_6 12_11 12_19 1_6 1_7 2_14 4_12 5_4 6_11 8_12 8_2 8_4,10_15 10_16 1_11 1_12 2_11 2_12 2_13 2_17 3_10 3_11 3_12 3_13 3_14 3_15 3_16 3_5 3_6 3_7 3_8 3_9 4_10 4_15 4_4 4_7 4_9 5_14 5_15 5_5 5_7 5_8 5_9 6_10 6_12 6_13 6_14 6_15 6_3 6_4 6_6 6_7 7_12 7_15 7_16 7_2 7_3 7_7 7_8 8_10 8_16 8_3 8_6 8_7 8_8 9_14 9_16 9_9,0.081081,0.081081,0.052632,0.111111,0.052632,0.052632,0.081081,0.025641,,0.081081
2025-10-31,GLM-Logit,52,0.346154,0.900000,3_10 3_11 4_10 4_9 5_15 5_8 5_9 6_14 6_15 7_15 7_16 7_5 7_8 8_16 8_6 8_8 9_14 9_16,8_15 9_15,10_16 11_17 2_11 2_12 2_17 2_4 3_12 3_13 3_14 3_15 3_16 3_17 3_5 3_6 3_7 3_9 4_11 4_14 4_8 5_14 5_16 5_5 5_7 6_12 6_4 6_7 7_3 7_4 7_7 8_2 8_3 8_5 8_7 9_9,0.379310,0.666667,0.538462,0.025641,0.666667,0.600000,0.739130,0.481481,0.000000,
2025-10-31,HierBayes,52,0.307692,0.800000,3_10 3_11 3_15 4_10 5_8 6_12 7_15 7_16 7_3 7_5 7_7 8_16 8_6 8_7 8_8 9_9,5_13 6_13 6_16 9_15,10_16 11_17 2_11 2_12 2_17 2_4 3_12 3_13 3_14 3_16 3_17 3_5 3_6 3_7 3_9 4_11 4_14 4_8 4_9 5_14 5_15 5_16 5_5 5_7 5_9 6_14 6_15 6_4 6_7 7_4 7_8 8_2 8_3 8_5 9_14 9_16,,0.212121,0.250000,0.212121,0.379310,0.212121,0.538462,0.290323,0.000000,0.379310
2025-10-31,B1: Static prior,52,0.346154,0.900000,3_10 3_11 3_14 4_10 4_8 4_9 5_14 5_15 5_8 5_9 6_14 6_15 6_7 7_15 7_16 7_8 9_14 9_16,8_15 9_15,10_16 11_17 2_11 2_12 2_17 2_4 3_12 3_13 3_15 3_16 3_17 3_5 3_6 3_7 3_9 4_11 4_14 5_16 5_5 5_7 6_12 6_4 7_3 7_4 7_5 7_7 8_16 8_2 8_3 8_5 8_6 8_7 8_8 9_9,0.212121,,0.538462,0.025641,0.600000,0.666667,0.481481,0.538462,0.000000,0.666667
2025-10-31,TTM,52,0.346154,0.900000,3_10 3_11 3_14 3_7 3_9 4_10 4_9 5_8 6_14 6_15 6_4 6_7 7_15 7_5 7_8 8_8 9_14 9_16,6_8 9_15,10_16 11_17 2_11 2_12 2_17 2_4 3_12 3_13 3_15 3_16 3_17 3_5 3_6 4_11 4_14 4_8 5_14 5_15 5_16 5_5 5_7 5_9 6_12 7_16 7_3 7_4 7_7 8_16 8_2 8_3 8_5 8_6 8_7 9_9,0.250000,0.538462,,0.052632,0.428571,0.428571,0.379310,0.333333,0.000000,0.538462
2025-10-31,ET,52,0.173077,0.450000,3_15 3_16 5_14 6_12 7_3 7_5 8_5 8_7 9_9,4_12 4_15 5_12 5_13 6_6 6_8 6_9 7_2 7_6 9_10 9_3,10_16 11_17 2_11 2_12 2_17 2_4 3_10 3_11 3_12 3_13 3_14 3_17 3_5 3_6 3_7 3_9 4_10 4_11 4_14 4_8 4_9 5_15 5_16 5_5 5_7 5_8 5_9 6_14 6_15 6_4 6_7 7_15 7_16 7_4 7_7 7_8 8_16 8_2 8_3 8_6 8_8 9_14 9_16,0.212121,0.025641,0.052632,,0.025641,0.000000,0.081081,0.052632,0.052632,0.025641
2025-10-31,B5: B2+B3,52,0.326923,0.850000,3_10 3_11 3_12 4_10 4_9 5_15 5_8 5_9 6_15 6_7 7_15 7_16 7_8 8_6 8_7 8_8 9_14,6_13 8_15 9_15,10_16 11_17 2_11 2_12 2_17 2_4 3_13 3_14 3_15 3_16 3_17 3_5 3_6 3_7 3_9 4_11 4_14 4_8 5_14 5_16 5_5 5_7 6_12 6_14 6_4 7_3 7_4 7_5 7_7 8_16 8_2 8_3 8_5 9_16 9_9,0.379310,0.600000,0.428571,0.025641,,0.666667,0.739130,0.739130,0.000000,0.666667
2025-10-31,B4: B1+B3,52,0.346154,0.900000,3_10 3_11 3_12 3_5 4_10 4_8 4_9 5_15 5_9 6_14 6_15 6_7 7_15 7_16 7_8 8_8 9_14 9_16,6_13 8_15,10_16 11_17 2_11 2_12 2_17 2_4 3_13 3_14 3_15 3_16 3_17 3_6 3_7 3_9 4_11 4_14 5_14 5_16 5_5 5_7 5_8 6_12 6_4 7_3 7_4 7_5 7_7 8_16 8_2 8_3 8_5 8_6 8_7 9_9,0.212121,0.666667,0.428571,0.000000,0.666667,,0.481481,0.818182,0.000000,0.600000
2025-10-31,B2: Recent MA,52,0.326923,0.850000,3_10 3_11 4_10 4_9 5_15 5_8 5_9 6_12 7_15 7_16 7_5 7_8 8_16 8_6 8_7 8_8 9_14,6_13 8_15 9_15,10_16 11_17 2_11 2_12 2_17 2_4 3_12 3_13 3_14 3_15 3_16 3_17 3_5 3_6 3_7 3_9 4_11 4_14 4_8 5_14 5_16 5_5 5_7 6_14 6_15 6_4 6_7 7_3 7_4 7_7 8_2 8_3 8_5 9_16 9_9,0.538462,0.481481,0.379310,0.081081,0.739130,0.481481,,0.538462,0.000000,0.739130
2025-10-31,B3: DoY season,52,0.346154,0.900000,3_10 3_11 3_12 3_15 3_5 4_10 4_8 4_9 5_15 5_9 6_15 6_7 7_15 7_16 7_8 8_7 8_8 9_14,6_13 8_15,10_16 11_17 2_11 2_12 2_17 2_4 3_13 3_14 3_16 3_17 3_6 3_7 3_9 4_11 4_14 5_14 5_16 5_5 5_7 5_8 6_12 6_14 6_4 7_3 7_4 7_5 7_7 8_16 8_2 8_3 8_5 8_6 9_16 9_9,0.290323,0.538462,0.333333,0.052632,0.739130,0.818182,0.538462,,0.000000,0.481481
2025-10-31,B0: Random,52,0.038462,0.100000,2_4 3_16,0_1 0_9 10_14 10_19 11_0 11_11 12_9 1_13 2_2 3_18 3_19 4_12 4_18 6_18 8_11 8_13 9_6 9_7,10_16 11_17 2_11 2_12 2_17 3_10 3_11 3_12 3_13 3_14 3_15 3_17 3_5 3_6 3_7 3_9 4_10 4_11 4_14 4_8 4_9 5_14 5_15 5_16 5_5 5_7 5_8 5_9 6_12 6_14 6_15 6_4 6_7 7_15 7_16 7_3 7_4 7_5 7_7 7_8 8_16 8_2 8_3 8_5 8_6 8_7 8_8 9_14 9_16 9_9,0.000000,0.000000,0.000000,0.052632,0.000000,0.000000,0.000000,0.000000,,0.000000
2025-11-01,GLM-Logit,51,0.333333,0.850000,3_10 3_11 4_10 4_9 5_15 5_9 6_14 7_15 7_16 7_5 7_7 7_8 8_15 8_16 8_8 9_14 9_15,5_8 6_15 8_6,0_12 10_15 10_16 10_17 2_11 2_13 3_12 3_14 3_15 3_5 3_6 3_7 3_9 4_4 4_8 5_13 5_14 5_3 5_4 5_7 6_12 6_16 6_4 6_7 6_9 7_2 7_3 7_4 8_10 8_14 8_3 8_4 8_7 9_16,0.428571,0.600000,0.428571,0.333333,0.666667,0.538462,0.739130,0.538462,0.000000,
2025-11-01,HierBayes,51,0.313725,0.800000,3_10 3_11 3_15 3_9 4_10 5_13 6_12 7_15 7_16 7_3 7_5 7_7 8_16 8_7 8_8 9_15,5_8 6_13 8_6 9_9,0_12 10_15 10_16 10_17 2_11 2_13 3_12 3_14 3_5 3_6 3_7 4_4 4_8 4_9 5_14 5_15 5_3 5_4 5_7 5_9 6_14 6_16 6_4 6_7 6_9 7_2 7_4 7_8 8_10 8_14 8_15 8_3 8_4 9_14 9_16,,0.212121,0.250000,0.212121,0.379310,0.290323,0.538462,0.333333,0.052632,0.428571
2025-11-01,B1: Static prior,51,0.352941,0.900000,3_10 3_11 3_14 4_10 4_8 4_9 5_14 5_15 5_9 6_14 6_7 7_15 7_16 7_8 8_15 9_14 9_15 9_16,5_8 6_15,0_12 10_15 10_16 10_17 2_11 2_13 3_12 3_15 3_5 3_6 3_7 3_9 4_4 5_13 5_3 5_4 5_7 6_12 6_16 6_4 6_9 7_2 7_3 7_4 7_5 7_7 8_10 8_14 8_16 8_3 8_4 8_7 8_8,0.212121,,0.538462,0.290323,0.600000,0.538462,0.481481,0.481481,0.000000,0.600000
2025-11-01,TTM,51,0.333333,0.850000,3_10 3_11 3_12 3_14 3_9 4_10 4_9 5_14 5_4 5_9 6_7 7_5 7_8 8_8 9_14 9_15 9_16,5_8 6_15 6_8,0_12 10_15 10_16 10_17 2_11 2_13 3_15 3_5 3_6 3_7 4_4 4_8 5_13 5_15 5_3 5_7 6_12 6_14 6_16 6_4 6_9 7_15 7_16 7_2 7_3 7_4 7_7 8_10 8_14 8_15 8_16 8_3 8_4 8_7,0.250000,0.538462,,0.176471,0.481481,0.379310,0.379310,0.379310,0.000000,0.428571
2025-11-01,ET,51,0.235294,0.600000,3_10 5_15 5_9 7_15 7_16 7_7 8_14 8_15 8_16 9_14 9_15 9_16,10_14 3_13 3_16 3_8 4_11 6_13 6_8 8_9,0_12 10_15 10_16 10_17 2_11 2_13 3_11 3_12 3_14 3_15 3_5 3_6 3_7 3_9 4_10 4_4 4_8 4_9 5_13 5_14 5_3 5_4 5_7 6_12 6_14 6_16 6_4 6_7 6_9 7_2 7_3 7_4 7_5 7_8 8_10 8_3 8_4 8_7 8_8,0.212121,0.290323,0.176471,,0.290323,0.290323,0.333333,0.290323,0.025641,0.333333
2025-11-01,B5: B2+B3,51,0.313725,0.800000,3_10 3_11 3_12 4_10 4_9 5_15 5_9 6_7 7_15 7_16 7_8 8_15 8_7 8_8 9_14 9_15,5_8 6_13 6_15 8_6,0_12 10_15 10_16 10_17 2_11 2_13 3_14 3_15 3_5 3_6 3_7 3_9 4_4 4_8 5_13 5_14 5_3 5_4 5_7 6_12 6_14 6_16 6_4 6_9 7_2 7_3 7_4 7_5 7_7 8_10 8_14 8_16 8_3 8_4 9_16,0.379310,0.600000,0.481481,0.290323,,0.666667,0.739130,0.739130,0.025641,0.666667
2025-11-01,B4: B1+B3,51,0.352941,0.900000,3_10 3_11 3_12 3_15 3_5 4_10 4_8 4_9 5_15 5_9 6_7 7_15 7_16 7_7 7_8 8_15 8_8 9_14,6_13 6_15,0_12 10_15 10_16 10_17 2_11 2_13 3_14 3_6 3_7 3_9 4_4 5_13 5_14 5_3 5_4 5_7 6_12 6_14 6_16 6_4 6_9 7_2 7_3 7_4 7_5 8_10 8_14 8_16 8_3 8_4 8_7 9_15 9_16,0.290323,0.538462,0.379310,0.290323,0.666667,,0.481481,0.904762,0.025641,0.538462
2025-11-01,B2: Recent MA,51,0.333333,0.850000,3_10 3_11 4_10 4_9 5_15 5_9 6_12 7_15 7_16 7_5 7_8 8_15 8_16 8_7 8_8 9_14 9_15,5_8 6_13 8_6,0_12 10_15 10_16 10_17 2_11 2_13 3_12 3_14 3_15 3_5 3_6 3_7 3_9 4_4 4_8 5_13 5_14 5_3 5_4 5_7 6_14 6_16 6_4 6_7 6_9 7_2 7_3 7_4 7_7 8_10 8_14 8_3 8_4 9_16,0.538462,0.481481,0.379310,0.333333,0.739130,0.481481,,0.538462,0.025641,0.739130
2025-11-01,B3: DoY season,51,0.352941,0.900000,3_10 3_11 3_12 3_15 3_5 4_10 4_9 5_15 5_9 6_7 7_15 7_16 7_7 7_8 8_15 8_7 8_8 9_14,6_13 6_15,0_12 10_15 10_16 10_17 2_11 2_13 3_14 3_6 3_7 3_9 4_4 4_8 5_13 5_14 5_3 5_4 5_7 6_12 6_14 6_16 6_4 6_9 7_2 7_3 7_4 7_5 8_10 8_14 8_16 8_3 8_4 9_15 9_16,0.333333,0.481481,0.379310,0.290323,0.739130,0.904762,0.538462,,0.025641,0.538462
2025-11-01,B0: Random,51,0.058824,0.150000,5_13 6_16 8_10,0_0 0_10 0_13 0_7 10_18 11_18 2_18 2_4 2_7 2_9 3_2 5_2 6_13 6_2 8_18 9_13 9_4,0_12 10_15 10_16 10_17 2_11 2_13 3_10 3_11 3_12 3_14 3_15 3_5 3_6 3_7 3_9 4_10 4_4 4_8 4_9 5_14 5_15 5_3 5_4 5_7 5_9 6_12 6_14 6_4 6_7 6_9 7_15 7_16 7_2 7_3 7_4 7_5 7_7 7_8 8_14 8_15 8_16 8_3 8_4 8_7 8_8 9_14 9_15 9_16,0.052632,0.000000,0.000000,0.025641,0.025641,0.025641,0.025641,0.025641,,0.000000
2025-11-02,GLM-Logit,48,0.375000,0.900000,3_10 3_11 4_10 4_9 5_15 5_9 6_14 6_15 7_15 7_16 7_5 7_7 7_8 8_15 8_16 8_8 9_14 9_15,5_8 8_6,10_14 1_12 2_11 2_17 3_12 3_13 3_14 3_15 3_16 3_5 3_6 3_7 3_9 4_12 4_13 4_15 4_7 4_8 5_13 5_14 5_7 6_4 6_7 6_8 7_1 7_3 7_4 7_9 8_3 8_5,0.481481,0.600000,0.428571,0.333333,0.666667,0.600000,0.818182,0.538462,0.052632,
2025-11-02,HierBayes,48,0.312500,0.750000,3_10 3_11 3_15 3_9 4_10 5_13 7_15 7_16 7_3 7_5 7_7 7_8 8_16 8_8 9_15,5_8 6_12 8_6 8_7 9_9,10_14 1_12 2_11 2_17 3_12 3_13 3_14 3_16 3_5 3_6 3_7 4_12 4_13 4_15 4_7 4_8 4_9 5_14 5_15 5_7 5_9 6_14 6_15 6_4 6_7 6_8 7_1 7_4 7_9 8_15 8_3 8_5 9_14,,0.250000,0.290323,0.176471,0.379310,0.333333,0.538462,0.333333,0.025641,0.481481
2025-11-02,B1: Static prior,48,0.375000,0.900000,3_10 3_11 3_14 4_10 4_8 4_9 5_14 5_15 5_9 6_14 6_15 6_7 7_15 7_16 7_8 8_15 9_14 9_15,5_8 9_16,10_14 1_12 2_11 2_17 3_12 3_13 3_15 3_16 3_5 3_6 3_7 3_9 4_12 4_13 4_15 4_7 5_13 5_7 6_4 6_8 7_1 7_3 7_4 7_5 7_7 7_9 8_16 8_3 8_5 8_8,0.250000,,0.538462,0.290323,0.538462,0.600000,0.538462,0.538462,0.081081,0.600000
2025-11-02,TTM,48,0.375000,0.900000,3_10 3_11 3_12 3_14 3_9 4_8 4_9 5_14 5_9 6_15 6_4 7_16 7_5 7_8 8_5 8_8 9_14 9_15,5_8 9_16,10_14 1_12 2_11 2_17 3_13 3_15 3_16 3_5 3_6 3_7 4_10 4_12 4_13 4_15 4_7 5_13 5_15 5_7 6_14 6_7 6_8 7_1 7_15 7_3 7_4 7_7 7_9 8_15 8_16 8_3,0.290323,0.538462,,0.176471,0.379310,0.428571,0.379310,0.379310,0.025641,0.428571
2025-11-02,ET,48,0.291667,0.700000,10_14 3_10 3_13 3_16 5_15 5_9 6_8 7_15 7_16 7_7 8_15 8_16 9_14 9_15,3_8 4_11 6_13 8_14 8_9 9_16,1_12 2_11 2_17 3_11 3_12 3_14 3_15 3_5 3_6 3_7 3_9 4_10 4_12 4_13 4_15 4_7 4_8 4_9 5_13 5_14 5_7 6_14 6_15 6_4 6_7 7_1 7_3 7_4 7_5 7_8 7_9 8_3 8_5 8_8,0.176471,0.290323,0.176471,,0.333333,0.290323,0.290323,0.250000,0.025641,0.333333
2025-11-02,B5: B2+B3,48,0.354167,0.850000,3_10 3_11 3_12 4_10 4_9 5_15 5_9 6_15 6_7 7_15 7_16 7_7 7_8 8_15 8_8 9_14 9_15,6_13 8_6 8_7,10_14 1_12 2_11 2_17 3_13 3_14 3_15 3_16 3_5 3_6 3_7 3_9 4_12 4_13 4_15 4_7 4_8 5_13 5_14 5_7 6_14 6_4 6_8 7_1 7_3 7_4 7_5 7_9 8_16 8_3 8_5,0.379310,0.538462,0.379310,0.333333,,0.739130,0.600000,0.739130,0.025641,0.666667
2025-11-02,B4: B1+B3,48,0.416667,1.000000,3_10 3_11 3_12 3_15 3_5 4_10 4_8 4_9 5_15 5_9 6_15 6_7 7_15 7_16 7_7 7_8 8_15 8_8 9_14 9_15,,10_14 1_12 2_11 2_17 3_13 3_14 3_16 3_6 3_7 3_9 4_12 4_13 4_15 4_7 5_13 5_14 5_7 6_14 6_4 6_8 7_1 7_3 7_4 7_5 7_9 8_16 8_3 8_5,0.333333,0.600000,0.428571,0.290323,0.739130,,0.481481,0.904762,0.025641,0.600000
2025-11-02,B2: Recent MA,48,0.333333,0.800000,3_10 3_11 4_10 4_9 5_15 5_9 6_14 7_15 7_16 7_5 7_8 8_15 8_16 8_8 9_14 9_15,5_8 6_12 8_6 8_7,10_14 1_12 2_11 2_17 3_12 3_13 3_14 3_15 3_16 3_5 3_6 3_7 3_9 4_12 4_13 4_15 4_7 4_8 5_13 5_14 5_7 6_15 6_4 6_7 6_8 7_1 7_3 7_4 7_7 7_9 8_3 8_5,0.538462,0.538462,0.379310,0.290323,0.600000,0.481481,,0.481481,0.052632,0.818182
2025-11-02,B3: DoY season,48,0.395833,0.950000,3_10 3_11 3_12 3_15 3_5 4_10 4_8 4_9 5_15 5_9 6_15 6_7 7_15 7_16 7_7 7_8 8_15 8_8 9_14,8_7,10_14 1_12 2_11 2_17 3_13 3_14 3_16 3_6 3_7 3_9 4_12 4_13 4_15 4_7 5_13 5_14 5_7 6_14 6_4 6_8 7_1 7_3 7_4 7_5 7_9 8_16 8_3 8_5 9_15,0.333333,0.538462,0.379310,0.250000,0.739130,0.904762,0.481481,,0.025641,0.538462
2025-11-02,B0: Random,48,0.083333,0.200000,1_12 3_6 6_14 6_7,0_1 0_12 0_15 0_4 12_18 12_19 2_1 3_17 3_8 4_1 4_19 5_8 6_2 6_3 7_13 9_6,10_14 2_11 2_17 3_10 3_11 3_12 3_13 3_14 3_15 3_16 3_5 3_7 3_9 4_10 4_12 4_13 4_15 4_7 4_8 4_9 5_13 5_14 5_15 5_7 5_9 6_15 6_4 6_8 7_1 7_15 7_16 7_3 7_4 7_5 7_7 7_8 7_9 8_15 8_16 8_3 8_5 8_8 9_14 9_15,0.025641,0.081081,0.025641,0.025641,0.025641,0.025641,0.052632,0.025641,,0.052632
2025-11-03,GLM-Logit,55,0.363636,1.000000,3_10 3_11 4_10 4_9 5_15 5_8 5_9 6_14 6_15 7_15 7_16 7_3 7_5 7_8 8_15 8_16 8_6 8_8 9_14 9_15,,2_11 2_17 2_4 3_12 3_13 3_14 3_15 3_17 3_4 3_5 3_6 3_7 3_9 4_4 4_8 5_14 5_16 5_4 5_6 5_7 6_3 6_7 6_8 7_2 7_4 7_6 7_7 7_9 8_10 8_2 8_3 8_5 8_9 9_17 9_3,0.379310,0.600000,0.428571,0.290323,0.666667,0.600000,0.904762,0.538462,0.025641,
2025-11-03,HierBayes,55,0.309091,0.850000,3_10 3_11 3_15 3_5 3_6 3_9 4_10 5_7 7_16 7_3 7_5 7_7 7_8 8_16 8_6 8_8 9_15,5_13 8_7 9_9,2_11 2_17 2_4 3_12 3_13 3_14 3_17 3_4 3_7 4_4 4_8 4_9 5_14 5_15 5_16 5_4 5_6 5_8 5_9 6_14 6_15 6_3 6_7 6_8 7_15 7_2 7_4 7_6 7_9 8_10 8_15 8_2 8_3 8_5 8_9 9_14 9_17 9_3,,0.176471,0.290323,0.142857,0.333333,0.290323,0.428571,0.333333,0.025641,0.379310
2025-11-03,B1: Static prior,55,0.345455,0.950000,3_10 3_11 3_14 4_10 4_8 4_9 5_14 5_15 5_8 5_9 6_14 6_15 6_7 7_15 7_16 7_8 8_15 9_14 9_15,9_16,2_11 2_17 2_4 3_12 3_13 3_15 3_17 3_4 3_5 3_6 3_7 3_9 4_4 5_16 5_4 5_6 5_7 6_3 6_8 7_2 7_3 7_4 7_5 7_6 7_7 7_9 8_10 8_16 8_2 8_3 8_5 8_6 8_8 8_9 9_17 9_3,0.176471,,0.538462,0.290323,0.600000,0.666667,0.538462,0.600000,0.025641,0.600000
2025-11-03,TTM,55,0.309091,0.850000,3_10 3_11 3_14 3_6 3_9 4_9 5_14 5_8 5_9 6_15 6_7 7_16 7_5 7_8 8_8 9_14 9_15,10_16 6_4 9_16,2_11 2_17 2_4 3_12 3_13 3_15 3_17 3_4 3_5 3_7 4_10 4_4 4_8 5_15 5_16 5_4 5_6 5_7 6_14 6_3 6_8 7_15 7_2 7_3 7_4 7_6 7_7 7_9 8_10 8_15 8_16 8_2 8_3 8_5 8_6 8_9 9_17 9_3,0.290323,0.538462,,0.176471,0.379310,0.379310,0.379310,0.379310,0.025641,0.428571
2025-11-03,ET,55,0.236364,0.650000,3_10 3_13 5_15 5_9 6_8 7_15 7_16 7_7 8_15 8_16 8_9 9_14 9_15,10_14 3_16 3_8 4_11 6_13 8_14 9_16,2_11 2_17 2_4 3_11 3_12 3_14 3_15 3_17 3_4 3_5 3_6 3_7 3_9 4_10 4_4 4_8 4_9 5_14 5_16 5_4 5_6 5_7 5_8 6_14 6_15 6_3 6_7 7_2 7_3 7_4 7_5 7_6 7_8 7_9 8_10 8_2 8_3 8_5 8_6 8_8 9_17 9_3,0.142857,0.290323,0.176471,,0.290323,0.290323,0.290323,0.290323,0.025641,0.290323
2025-11-03,B5: B2+B3,55,0.345455,0.950000,3_10 3_11 3_12 4_10 4_9 5_15 5_9 6_14 6_15 6_7 7_15 7_16 7_7 7_8 8_15 8_6 8_8 9_14 9_15,8_7,2_11 2_17 2_4 3_13 3_14 3_15 3_17 3_4 3_5 3_6 3_7 3_9 4_4 4_8 5_14 5_16 5_4 5_6 5_7 5_8 6_3 6_8 7_2 7_3 7_4 7_5 7_6 7_9 8_10 8_16 8_2 8_3 8_5 8_9 9_17 9_3,0.333333,0.600000,0.379310,0.290323,,0.818182,0.666667,0.739130,0.025641,0.666667
2025-11-03,B4: B1+B3,55,0.363636,1.000000,3_10 3_11 3_12 3_15 4_10 4_8 4_9 5_15 5_9 6_14 6_15 6_7 7_15 7_16 7_7 7_8 8_15 8_8 9_14 9_15,,2_11 2_17 2_4 3_13 3_14 3_17 3_4 3_5 3_6 3_7 3_9 4_4 5_14 5_16 5_4 5_6 5_7 5_8 6_3 6_8 7_2 7_3 7_4 7_5 7_6 7_9 8_10 8_16 8_2 8_3 8_5 8_6 8_9 9_17 9_3,0.290323,0.666667,0.379310,0.290323,0.818182,,0.538462,0.904762,0.025641,0.600000
2025-11-03,B2: Recent MA,55,0.345455,0.950000,3_10 3_11 4_10 4_9 5_15 5_8 5_9 6_14 7_15 7_16 7_3 7_5 7_8 8_15 8_16 8_6 8_8 9_14 9_15,8_7,2_11 2_17 2_4 3_12 3_13 3_14 3_15 3_17 3_4 3_5 3_6 3_7 3_9 4_4 4_8 5_14 5_16 5_4 5_6 5_7 6_15 6_3 6_7 6_8 7_2 7_4 7_6 7_7 7_9 8_10 8_2 8_3 8_5 8_9 9_17 9_3,0.428571,0.538462,0.379310,0.290323,0.666667,0.538462,,0.481481,0.025641,0.904762
2025-11-03,B3: DoY season,55,0.363636,1.000000,3_10 3_11 3_12 3_15 3_5 4_10 4_8 4_9 5_15 5_9 6_15 6_7 7_15 7_16 7_7 7_8 8_15 8_8 9_14 9_15,,2_11 2_17 2_4 3_13 3_14 3_17 3_4 3_6 3_7 3_9 4_4 5_14 5_16 5_4 5_6 5_7 5_8 6_14 6_3 6_8 7_2 7_3 7_4 7_5 7_6 7_9 8_10 8_16 8_2 8_3 8_5 8_6 8_9 9_17 9_3,0.333333,0.600000,0.379310,0.290323,0.739130,0.904762,0.481481,,0.025641,0.538462
2025-11-03,B0: Random,55,0.054545,0.150000,2_4 3_10 5_16,0_5 10_19 10_5 11_14 12_13 1_10 1_13 1_5 2_0 2_18 2_6 3_0 3_19 4_18 4_5 5_18 6_12,2_11 2_17 3_11 3_12 3_13 3_14 3_15 3_17 3_4 3_5 3_6 3_7 3_9 4_10 4_4 4_8 4_9 5_14 5_15 5_4 5_6 5_7 5_8 5_9 6_14 6_15 6_3 6_7 6_8 7_15 7_16 7_2 7_3 7_4 7_5 7_6 7_7 7_8 7_9 8_10 8_15 8_16 8_2 8_3 8_5 8_6 8_8 8_9 9_14 9_15 9_17 9_3,0.025641,0.025641,0.025641,0.025641,0.025641,0.025641,0.025641,0.025641,,0.025641
2025-11-04,GLM-Logit,52,0.346154,0.900000,3_10 3_11 4_10 4_9 5_8 5_9 6_14 6_15 7_15 7_5 7_7 7_8 8_15 8_16 8_6 8_8 9_14 9_15,5_15 7_16,10_15 1_12 2_11 3_12 3_13 3_14 3_15 3_16 3_17 3_5 3_6 3_7 3_9 4_12 4_7 4_8 5_13 5_14 5_6 5_7 6_2 6_3 6_4 6_5 6_6 6_7 6_8 7_3 7_6 7_9 8_2 8_3 9_16 9_3,0.428571,0.600000,0.538462,0.333333,0.739130,0.666667,0.904762,0.600000,0.025641,
2025-11-04,HierBayes,52,0.326923,0.850000,3_10 3_11 3_15 3_5 3_9 4_10 5_13 5_7 7_15 7_3 7_5 7_7 7_8 8_16 8_6 8_8 9_15,7_16 8_7 9_9,10_15 1_12 2_11 3_12 3_13 3_14 3_16 3_17 3_6 3_7 4_12 4_7 4_8 4_9 5_14 5_6 5_8 5_9 6_14 6_15 6_2 6_3 6_4 6_5 6_6 6_7 6_8 7_6 7_9 8_15 8_2 8_3 9_14 9_16 9_3,,0.212121,0.290323,0.176471,0.379310,0.333333,0.481481,0.333333,0.081081,0.428571
2025-11-04,B1: Static prior,52,0.346154,0.900000,3_10 3_11 3_14 4_10 4_8 4_9 5_14 5_8 5_9 6_14 6_15 6_7 7_15 7_8 8_15 9_14 9_15 9_16,5_15 7_16,10_15 1_12 2_11 3_12 3_13 3_15 3_16 3_17 3_5 3_6 3_7 3_9 4_12 4_7 5_13 5_6 5_7 6_2 6_3 6_4 6_5 6_6 6_8 7_3 7_5 7_6 7_7 7_9 8_16 8_2 8_3 8_6 8_8 9_3,0.212121,,0.666667,0.290323,0.600000,0.666667,0.538462,0.666667,0.000000,0.600000
2025-11-04,TTM,52,0.365385,0.950000,3_10 3_11 3_14 3_9 4_10 4_8 4_9 5_8 5_9 6_15 6_4 6_7 7_5 7_8 8_15 8_8 9_14 9_15 9_16,7_16,10_15 1_12 2_11 3_12 3_13 3_15 3_16 3_17 3_5 3_6 3_7 4_12 4_7 5_13 5_14 5_6 5_7 6_14 6_2 6_3 6_5 6_6 6_8 7_15 7_3 7_6 7_7 7_9 8_16 8_2 8_3 8_6 9_3,0.290323,0.666667,,0.212121,0.481481,0.538462,0.481481,0.481481,0.000000,0.538462
2025-11-04,ET,52,0.230769,0.600000,3_10 3_13 3_16 5_9 6_8 7_15 7_7 8_15 8_16 9_14 9_15 9_16,10_14 3_8 4_11 5_15 6_13 7_16 8_14 8_9,10_15 1_12 2_11 3_11 3_12 3_14 3_15 3_17 3_5 3_6 3_7 3_9 4_10 4_12 4_7 4_8 4_9 5_13 5_14 5_6 5_7 5_8 6_14 6_15 6_2 6_3 6_4 6_5 6_6 6_7 7_3 7_5 7_6 7_8 7_9 8_2 8_3 8_6 8_8 9_3,0.176471,0.290323,0.212121,,0.333333,0.290323,0.333333,0.290323,0.025641,0.333333
2025-11-04,B5: B2+B3,52,0.326923,0.850000,3_10 3_11 3_12 4_10 4_9 5_9 6_14 6_15 6_7 7_15 7_7 7_8 8_15 8_16 8_8 9_14 9_15,5_15 7_16 8_7,10_15 1_12 2_11 3_13 3_14 3_15 3_16 3_17 3_5 3_6 3_7 3_9 4_12 4_7 4_8 5_13 5_14 5_6 5_7 5_8 6_2 6_3 6_4 6_5 6_6 6_8 7_3 7_5 7_6 7_9 8_2 8_3 8_6 9_16 9_3,0.379310,0.600000,0.481481,0.333333,,0.818182,0.739130,0.739130,0.025641,0.739130
2025-11-04,B4: B1+B3,52,0.346154,0.900000,3_10 3_11 3_12 3_15 4_10 4_8 4_9 5_9 6_14 6_15 6_7 7_15 7_7 7_8 8_15 8_8 9_14 9_15,5_15 7_16,10_15 1_12 2_11 3_13 3_14 3_16 3_17 3_5 3_6 3_7 3_9 4_12 4_7 5_13 5_14 5_6 5_7 5_8 6_2 6_3 6_4 6_5 6_6 6_8 7_3 7_5 7_6 7_9 8_16 8_2 8_3 8_6 9_16 9_3,0.333333,0.666667,0.538462,0.290323,0.818182,,0.600000,0.904762,0.025641,0.666667
2025-11-04,B2: Recent MA,52,0.326923,0.850000,3_10 3_11 4_10 4_9 5_8 5_9 6_14 7_15 7_5 7_7 7_8 8_15 8_16 8_6 8_8 9_14 9_15,5_15 7_16 8_7,10_15 1_12 2_11 3_12 3_13 3_14 3_15 3_16 3_17 3_5 3_6 3_7 3_9 4_12 4_7 4_8 5_13 5_14 5_6 5_7 6_15 6_2 6_3 6_4 6_5 6_6 6_7 6_8 7_3 7_6 7_9 8_2 8_3 9_16 9_3,0.481481,0.538462,0.481481,0.333333,0.739130,0.600000,,0.538462,0.025641,0.904762
2025-11-04,B3: DoY season,52,0.346154,0.900000,3_10 3_11 3_12 3_15 3_5 4_10 4_8 4_9 5_9 6_14 6_15 6_7 7_15 7_7 7_8 8_15 9_14 9_15,5_15 7_16,10_15 1_12 2_11 3_13 3_14 3_16 3_17 3_6 3_7 3_9 4_12 4_7 5_13 5_14 5_6 5_7 5_8 6_2 6_3 6_4 6_5 6_6 6_8 7_3 7_5 7_6 7_9 8_16 8_2 8_3 8_6 8_8 9_16 9_3,0.333333,0.666667,0.481481,0.290323,0.739130,0.904762,0.538462,,0.025641,0.600000
2025-11-04,B0: Random,52,0.057692,0.150000,5_7 7_3 7_7,0_13 10_6 10_9 11_17 11_18 12_19 1_16 1_18 1_7 1_9 4_15 4_16 4_4 5_16 7_18 7_19 9_5,10_15 1_12 2_11 3_10 3_11 3_12 3_13 3_14 3_15 3_16 3_17 3_5 3_6 3_7 3_9 4_10 4_12 4_7 4_8 4_9 5_13 5_14 5_6 5_8 5_9 6_14 6_15 6_2 6_3 6_4 6_5 6_6 6_7 6_8 7_15 7_5 7_6 7_8 7_9 8_15 8_16 8_2 8_3 8_6 8_8 9_14 9_15 9_16 9_3,0.081081,0.000000,0.000000,0.025641,0.025641,0.025641,0.025641,0.025641,,0.025641
2025-11-05,GLM-Logit,55,0.309091,0.850000,3_10 3_11 4_10 4_9 5_9 6_7 7_15 7_16 7_5 7_7 7_8 8_15 8_16 8_6 8_8 9_14 9_15,5_15 5_8 6_14,0_12 10_16 1_12 2_11 2_17 2_4 2_5 3_12 3_13 3_14 3_15 3_16 3_5 3_6 3_7 3_9 4_4 4_6 4_7 4_8 5_14 5_5 5_6 5_7 6_15 6_2 6_4 6_8 7_3 7_4 7_6 7_9 8_3 8_4 8_5 8_7 9_16 9_3,0.428571,0.600000,0.481481,0.333333,0.739130,0.666667,0.818182,0.538462,0.052632,
2025-11-05,HierBayes,55,0.327273,0.900000,3_10 3_11 3_15 3_5 3_9 4_10 5_7 7_15 7_16 7_3 7_5 7_7 7_8 8_16 8_6 8_7 8_8 9_15,5_13 9_9,0_12 10_16 1_12 2_11 2_17 2_4 2_5 3_12 3_13 3_14 3_16 3_6 3_7 4_4 4_6 4_7 4_8 4_9 5_14 5_5 5_6 5_9 6_15 6_2 6_4 6_7 6_8 7_4 7_6 7_9 8_15 8_3 8_4 8_5 9_14 9_16 9_3,,0.212121,0.333333,0.176471,0.379310,0.333333,0.481481,0.333333,0.025641,0.428571
2025-11-05,B1: Static prior,55,0.309091,0.850000,3_10 3_11 3_14 4_10 4_8 4_9 5_14 5_9 6_15 6_7 7_15 7_16 7_8 8_15 9_14 9_15 9_16,5_15 5_8 6_14,0_12 10_16 1_12 2_11 2_17 2_4 2_5 3_12 3_13 3_15 3_16 3_5 3_6 3_7 3_9 4_4 4_6 4_7 5_5 5_6 5_7 6_2 6_4 6_8 7_3 7_4 7_5 7_6 7_7 7_9 8_16 8_3 8_4 8_5 8_6 8_7 8_8 9_3,0.212121,,0.666667,0.290323,0.600000,0.666667,0.481481,0.538462,0.081081,0.600000
2025-11-05,TTM,55,0.345455,0.950000,3_10 3_11 3_14 3_9 4_10 4_8 4_9 5_14 5_9 6_15 7_15 7_16 7_3 7_5 8_15 8_8 9_14 9_15 9_16,5_8,0_12 10_16 1_12 2_11 2_17 2_4 2_5 3_12 3_13 3_15 3_16 3_5 3_6 3_7 4_4 4_6 4_7 5_5 5_6 5_7 6_2 6_4 6_7 6_8 7_4 7_6 7_7 7_8 7_9 8_16 8_3 8_4 8_5 8_6 8_7 9_3,0.333333,0.666667,,0.250000,0.428571,0.481481,0.481481,0.428571,0.081081,0.481481
2025-11-05,ET,55,0.236364,0.650000,3_10 3_13 3_16 5_9 6_8 7_15 7_16 7_7 8_15 8_16 9_14 9_15 9_16,10_14 3_8 4_11 5_15 6_13 8_14 8_9,0_12 10_16 1_12 2_11 2_17 2_4 2_5 3_11 3_12 3_14 3_15 3_5 3_6 3_7 3_9 4_10 4_4 4_6 4_7 4_8 4_9 5_14 5_5 5_6 5_7 6_15 6_2 6_4 6_7 7_3 7_4 7_5 7_6 7_8 7_9 8_3 8_4 8_5 8_6 8_7 8_8 9_3,0.176471,0.290323,0.250000,,0.333333,0.290323,0.290323,0.290323,0.111111,0.333333
2025-11-05,B5: B2+B3,55,0.327273,0.900000,3_10 3_11 3_12 4_10 4_9 5_9 6_15 6_7 7_15 7_16 7_7 7_8 8_15 8_16 8_7 8_8 9_14 9_15,5_15 6_14,0_12 10_16 1_12 2_11 2_17 2_4 2_5 3_13 3_14 3_15 3_16 3_5 3_6 3_7 3_9 4_4 4_6 4_7 4_8 5_14 5_5 5_6 5_7 6_2 6_4 6_8 7_3 7_4 7_5 7_6 7_9 8_3 8_4 8_5 8_6 9_16 9_3,0.379310,0.600000,0.428571,0.333333,,0.818182,0.666667,0.666667,0.052632,0.739130
2025-11-05,B4: B1+B3,55,0.327273,0.900000,3_10 3_11 3_12 3_15 4_10 4_8 4_9 5_9 6_15 6_7 7_15 7_16 7_7 7_8 8_15 8_8 9_14 9_15,5_15 6_14,0_12 10_16 1_12 2_11 2_17 2_4 2_5 3_13 3_14 3_16 3_5 3_6 3_7 3_9 4_4 4_6 4_7 5_14 5_5 5_6 5_7 6_2 6_4 6_8 7_3 7_4 7_5 7_6 7_9 8_16 8_3 8_4 8_5 8_6 8_7 9_16 9_3,0.333333,0.666667,0.481481,0.290323,0.818182,,0.538462,0.818182,0.052632,0.666667
2025-11-05,B2: Recent MA,55,0.327273,0.900000,3_10 3_11 4_10 4_9 5_9 7_15 7_16 7_5 7_7 7_8 8_15 8_16 8_3 8_6 8_7 8_8 9_14 9_15,5_8 6_14,0_12 10_16 1_12 2_11 2_17 2_4 2_5 3_12 3_13 3_14 3_15 3_16 3_5 3_6 3_7 3_9 4_4 4_6 4_7 4_8 5_14 5_5 5_6 5_7 6_15 6_2 6_4 6_7 6_8 7_3 7_4 7_6 7_9 8_4 8_5 9_16 9_3,0.481481,0.481481,0.481481,0.290323,0.666667,0.538462,,0.428571,0.052632,0.818182
2025-11-05,B3: DoY season,55,0.327273,0.900000,3_10 3_11 3_12 3_15 3_5 4_10 4_8 4_9 5_9 6_15 6_7 7_15 7_16 7_7 7_8 8_15 8_8 9_14,5_15 8_14,0_12 10_16 1_12 2_11 2_17 2_4 2_5 3_13 3_14 3_16 3_6 3_7 3_9 4_4 4_6 4_7 5_14 5_5 5_6 5_7 6_2 6_4 6_8 7_3 7_4 7_5 7_6 7_9 8_16 8_3 8_4 8_5 8_6 8_7 9_15 9_16 9_3,0.333333,0.538462,0.428571,0.290323,0.666667,0.818182,0.428571,,0.052632,0.538462
2025-11-05,B0: Random,55,0.054545,0.150000,5_9 9_15 9_16,0_0 0_18 0_8 10_5 11_1 11_6 12_10 12_12 12_18 2_13 2_18 5_10 5_19 6_10 7_14 8_14 8_2,0_12 10_16 1_12 2_11 2_17 2_4 2_5 3_10 3_11 3_12 3_13 3_14 3_15 3_16 3_5 3_6 3_7 3_9 4_10 4_4 4_6 4_7 4_8 4_9 5_14 5_5 5_6 5_7 6_15 6_2 6_4 6_7 6_8 7_15 7_16 7_3 7_4 7_5 7_6 7_7 7_8 7_9 8_15 8_16 8_3 8_4 8_5 8_6 8_7 8_8 9_14 9_3,0.025641,0.081081,0.081081,0.111111,0.052632,0.052632,0.052632,0.052632,,0.052632
2025-11-06,GLM-Logit,55,0.345455,0.950000,3_10 3_11 4_10 4_9 5_8 5_9 6_14 6_15 7_15 7_16 7_5 7_7 7_8 8_15 8_16 8_6 8_8 9_14 9_15,6_7,10_15 11_17 1_12 2_11 3_12 3_13 3_14 3_15 3_16 3_5 3_6 3_7 3_9 4_11 4_12 4_15 4_7 4_8 5_14 5_3 5_4 5_7 6_12 6_2 6_3 6_4 6_5 7_3 7_4 7_9 8_14 8_3 8_7 8_9 9_16 9_3,0.379310,0.600000,0.538462,0.290323,0.739130,0.666667,0.739130,0.538462,0.000000,
2025-11-06,HierBayes,55,0.327273,0.900000,3_10 3_11 3_15 3_5 3_9 4_10 4_8 5_7 7_15 7_16 7_3 7_5 7_7 7_8 8_16 8_6 8_7 9_15,5_13 9_9,10_15 11_17 1_12 2_11 3_12 3_13 3_14 3_16 3_6 3_7 4_11 4_12 4_15 4_7 4_9 5_14 5_3 5_4 5_8 5_9 6_12 6_14 6_15 6_2 6_3 6_4 6_5 7_4 7_9 8_14 8_15 8_3 8_8 8_9 9_14 9_16 9_3,,0.250000,0.290323,0.176471,0.333333,0.333333,0.481481,0.333333,0.025641,0.379310
2025-11-06,B1: Static prior,55,0.327273,0.900000,3_10 3_11 3_14 4_10 4_8 4_9 5_14 5_8 5_9 6_14 6_15 7_15 7_16 7_8 8_15 9_14 9_15 9_16,5_15 6_7,10_15 11_17 1_12 2_11 3_12 3_13 3_15 3_16 3_5 3_6 3_7 3_9 4_11 4_12 4_15 4_7 5_3 5_4 5_7 6_12 6_2 6_3 6_4 6_5 7_3 7_4 7_5 7_7 7_9 8_14 8_16 8_3 8_6 8_7 8_8 8_9 9_3,0.250000,,0.481481,0.290323,0.600000,0.666667,0.428571,0.538462,0.000000,0.600000
2025-11-06,TTM,55,0.345455,0.950000,3_10 3_11 3_7 3_9 4_10 4_9 5_14 5_8 5_9 6_15 6_4 7_15 7_16 7_5 8_16 8_8 9_14 9_15 9_16,6_8,10_15 11_17 1_12 2_11 3_12 3_13 3_14 3_15 3_16 3_5 3_6 4_11 4_12 4_15 4_7 4_8 5_3 5_4 5_7 6_12 6_14 6_2 6_3 6_5 7_3 7_4 7_7 7_8 7_9 8_14 8_15 8_3 8_6 8_7 8_9 9_3,0.290323,0.481481,,0.290323,0.428571,0.379310,0.428571,0.290323,0.000000,0.538462
2025-11-06,ET,55,0.272727,0.750000,3_10 3_13 3_16 4_11 5_9 7_15 7_16 7_7 8_14 8_15 8_16 8_9 9_14 9_15 9_16,10_14 3_8 5_15 6_13 6_8,10_15 11_17 1_12 2_11 3_11 3_12 3_14 3_15 3_5 3_6 3_7 3_9 4_10 4_12 4_15 4_7 4_8 4_9 5_14 5_3 5_4 5_7 5_8 6_12 6_14 6_15 6_2 6_3 6_4 6_5 7_3 7_4 7_5 7_8 7_9 8_3 8_6 8_7 8_8 9_3,0.176471,0.290323,0.290323,,0.333333,0.290323,0.290323,0.250000,0.052632,0.290323
2025-11-06,B5: B2+B3,55,0.327273,0.900000,3_10 3_11 3_12 4_10 4_9 5_9 6_14 6_15 7_15 7_16 7_7 7_8 8_15 8_16 8_7 8_8 9_14 9_15,5_15 6_7,10_15 11_17 1_12 2_11 3_13 3_14 3_15 3_16 3_5 3_6 3_7 3_9 4_11 4_12 4_15 4_7 4_8 5_14 5_3 5_4 5_7 5_8 6_12 6_2 6_3 6_4 6_5 7_3 7_4 7_5 7_9 8_14 8_3 8_6 8_9 9_16 9_3,0.333333,0.600000,0.428571,0.333333,,0.818182,0.666667,0.739130,0.000000,0.739130
2025-11-06,B4: B1+B3,55,0.327273,0.900000,3_10 3_11 3_12 3_15 4_10 4_8 4_9 5_9 6_14 6_15 7_15 7_16 7_7 7_8 8_15 8_8 9_14 9_15,5_15 6_7,10_15 11_17 1_12 2_11 3_13 3_14 3_16 3_5 3_6 3_7 3_9 4_11 4_12 4_15 4_7 5_14 5_3 5_4 5_7 5_8 6_12 6_2 6_3 6_4 6_5 7_3 7_4 7_5 7_9 8_14 8_16 8_3 8_6 8_7 8_9 9_16 9_3,0.333333,0.666667,0.379310,0.290323,0.818182,,0.538462,0.818182,0.000000,0.666667
2025-11-06,B2: Recent MA,55,0.363636,1.000000,3_10 3_11 4_10 4_9 5_9 6_14 7_15 7_16 7_3 7_5 7_7 7_8 8_15 8_16 8_3 8_6 8_7 8_8 9_14 9_15,,10_15 11_17 1_12 2_11 3_12 3_13 3_14 3_15 3_16 3_5 3_6 3_7 3_9 4_11 4_12 4_15 4_7 4_8 5_14 5_3 5_4 5_7 5_8 6_12 6_15 6_2 6_3 6_4 6_5 7_4 7_9 8_14 8_9 9_16 9_3,0.481481,0.428571,0.428571,0.290323,0.666667,0.538462,,0.481481,0.025641,0.739130
2025-11-06,B3: DoY season,55,0.327273,0.900000,3_10 3_11 3_12 3_15 4_10 4_8 4_9 6_14 6_15 7_15 7_16 7_7 7_8 8_14 8_15 8_7 8_8 9_14,5_15 6_7,10_15 11_17 1_12 2_11 3_13 3_14 3_16 3_5 3_6 3_7 3_9 4_11 4_12 4_15 4_7 5_14 5_3 5_4 5_7 5_8 5_9 6_12 6_2 6_3 6_4 6_5 7_3 7_4 7_5 7_9 8_16 8_3 8_6 8_9 9_15 9_16 9_3,0.333333,0.538462,0.290323,0.250000,0.739130,0.818182,0.481481,,0.000000,0.538462
2025-11-06,B0: Random,55,0.072727,0.200000,3_16 3_5 4_11 8_3,10_4 11_11 12_12 12_15 12_16 1_17 2_13 2_8 2_9 3_17 5_11 6_0 6_1 7_10 7_6 9_7,10_15 11_17 1_12 2_11 3_10 3_11 3_12 3_13 3_14 3_15 3_6 3_7 3_9 4_10 4_12 4_15 4_7 4_8 4_9 5_14 5_3 5_4 5_7 5_8 5_9 6_12 6_14 6_15 6_2 6_3 6_4 6_5 7_15 7_16 7_3 7_4 7_5 7_7 7_8 7_9 8_14 8_15 8_16 8_6 8_7 8_8 8_9 9_14 9_15 9_16 9_3,0.025641,0.000000,0.000000,0.052632,0.000000,0.000000,0.025641,0.000000,,0.000000
2025-11-07,GLM-Logit,49,0.346939,0.850000,3_10 3_11 4_10 4_9 5_9 6_14 6_15 6_7 7_15 7_16 7_7 7_8 8_15 8_16 8_6 9_14 9_15,5_8 7_5 8_8,10_15 1_12 2_11 2_14 2_15 3_12 3_13 3_14 3_15 3_16 3_6 3_7 3_9 4_11 4_4 4_8 5_12 5_14 5_15 5_4 5_7 6_12 6_3 6_4 6_6 7_4 7_6 7_9 8_10 8_7 8_9 9_16,0.333333,0.600000,0.428571,0.290323,0.666667,0.666667,0.818182,0.481481,0.052632,
2025-11-07,HierBayes,49,0.306122,0.750000,3_10 3_11 3_15 3_6 3_9 4_10 4_8 5_7 7_16 7_7 7_8 8_16 8_6 8_7 9_15,3_5 5_13 7_3 7_5 9_9,10_15 1_12 2_11 2_14 2_15 3_12 3_13 3_14 3_16 3_7 4_11 4_4 4_9 5_12 5_14 5_15 5_4 5_9 6_12 6_14 6_15 6_3 6_4 6_6 6_7 7_15 7_4 7_6 7_9 8_10 8_15 8_9 9_14 9_16,,0.212121,0.176471,0.142857,0.333333,0.290323,0.379310,0.290323,0.025641,0.333333
2025-11-07,B1: Static prior,49,0.387755,0.950000,3_10 3_11 3_14 4_10 4_8 4_9 5_14 5_15 5_9 6_14 6_15 6_7 7_15 7_16 7_8 8_15 9_14 9_15 9_16,5_8,10_15 1_12 2_11 2_14 2_15 3_12 3_13 3_15 3_16 3_6 3_7 3_9 4_11 4_4 5_12 5_4 5_7 6_12 6_3 6_4 6_6 7_4 7_6 7_7 7_9 8_10 8_16 8_6 8_7 8_9,0.212121,,0.600000,0.290323,0.600000,0.666667,0.481481,0.481481,0.052632,0.600000
2025-11-07,TTM,49,0.346939,0.850000,3_10 3_11 3_14 3_9 4_10 4_8 4_9 5_14 5_9 6_15 6_3 6_4 6_7 7_15 9_14 9_15 9_16,5_8 8_8 9_12,10_15 1_12 2_11 2_14 2_15 3_12 3_13 3_15 3_16 3_6 3_7 4_11 4_4 5_12 5_15 5_4 5_7 6_12 6_14 6_6 7_16 7_4 7_6 7_7 7_8 7_9 8_10 8_15 8_16 8_6 8_7 8_9,0.176471,0.600000,,0.176471,0.428571,0.428571,0.333333,0.333333,0.052632,0.428571
2025-11-07,ET,49,0.306122,0.750000,3_10 3_13 3_16 4_11 5_15 5_9 7_15 7_16 7_7 8_15 8_16 8_9 9_14 9_15 9_16,10_14 3_8 6_13 6_8 8_14,10_15 1_12 2_11 2_14 2_15 3_11 3_12 3_14 3_15 3_6 3_7 3_9 4_10 4_4 4_8 4_9 5_12 5_14 5_4 5_7 6_12 6_14 6_15 6_3 6_4 6_6 6_7 7_4 7_6 7_8 7_9 8_10 8_6 8_7,0.142857,0.290323,0.176471,,0.333333,0.290323,0.290323,0.250000,0.000000,0.290323
2025-11-07,B5: B2+B3,49,0.387755,0.950000,3_10 3_11 3_12 4_10 4_8 4_9 5_15 5_9 6_15 6_7 7_15 7_16 7_7 7_8 8_15 8_16 8_7 9_14 9_15,8_8,10_15 1_12 2_11 2_14 2_15 3_13 3_14 3_15 3_16 3_6 3_7 3_9 4_11 4_4 5_12 5_14 5_4 5_7 6_12 6_14 6_3 6_4 6_6 7_4 7_6 7_9 8_10 8_6 8_9 9_16,0.333333,0.600000,0.428571,0.333333,,0.818182,0.600000,0.739130,0.052632,0.666667
2025-11-07,B4: B1+B3,49,0.387755,0.950000,3_10 3_11 3_12 3_15 4_10 4_8 4_9 5_15 5_9 6_14 6_15 6_7 7_15 7_16 7_7 7_8 8_15 9_14 9_15,8_8,10_15 1_12 2_11 2_14 2_15 3_13 3_14 3_16 3_6 3_7 3_9 4_11 4_4 5_12 5_14 5_4 5_7 6_12 6_3 6_4 6_6 7_4 7_6 7_9 8_10 8_16 8_6 8_7 8_9 9_16,0.290323,0.666667,0.428571,0.290323,0.818182,,0.538462,0.739130,0.052632,0.666667
2025-11-07,B2: Recent MA,49,0.326531,0.800000,3_10 3_11 4_10 4_9 5_9 6_14 7_15 7_16 7_7 7_8 8_15 8_16 8_6 8_7 9_14 9_15,5_8 7_5 8_3 8_8,10_15 1_12 2_11 2_14 2_15 3_12 3_13 3_14 3_15 3_16 3_6 3_7 3_9 4_11 4_4 4_8 5_12 5_14 5_15 5_4 5_7 6_12 6_15 6_3 6_4 6_6 6_7 7_4 7_6 7_9 8_10 8_9 9_16,0.379310,0.481481,0.333333,0.290323,0.600000,0.538462,,0.428571,0.052632,0.818182
2025-11-07,B3: DoY season,49,0.346939,0.850000,3_10 3_11 3_12 3_15 4_10 4_8 4_9 5_15 6_15 6_7 7_15 7_16 7_7 7_8 8_15 8_7 9_14,2_13 8_14 8_8,10_15 1_12 2_11 2_14 2_15 3_13 3_14 3_16 3_6 3_7 3_9 4_11 4_4 5_12 5_14 5_4 5_7 5_9 6_12 6_14 6_3 6_4 6_6 7_4 7_6 7_9 8_10 8_16 8_6 8_9 9_15 9_16,0.290323,0.481481,0.333333,0.250000,0.739130,0.739130,0.428571,,0.052632,0.481481
2025-11-07,B0: Random,49,0.040816,0.100000,4_10 4_9,0_17 10_12 10_6 11_17 11_2 12_4 1_19 2_12 2_16 2_17 4_2 4_5 7_14 8_0 8_1 8_13 8_4 8_5,10_15 1_12 2_11 2_14 2_15 3_10 3_11 3_12 3_13 3_14 3_15 3_16 3_6 3_7 3_9 4_11 4_4 4_8 5_12 5_14 5_15 5_4 5_7 5_9 6_12 6_14 6_15 6_3 6_4 6_6 6_7 7_15 7_16 7_4 7_6 7_7 7_8 7_9 8_10 8_15 8_16 8_6 8_7 8_9 9_14 9_15 9_16,0.025641,0.052632,0.052632,0.000000,0.052632,0.052632,0.052632,0.052632,,0.052632
2025-11-08,GLM-Logit,49,0.408163,1.000000,3_10 3_11 3_14 3_9 4_10 4_9 5_9 6_14 6_15 6_7 7_15 7_16 7_5 7_7 7_8 8_15 8_16 8_6 9_14 9_15,,0_12 10_14 1_11 1_12 2_11 2_14 2_17 3_12 3_15 3_16 3_5 3_6 3_7 4_8 5_15 5_16 5_7 5_8 6_13 6_3 6_4 6_5 6_6 6_8 7_4 7_6 8_7 8_8 9_9,0.379310,0.600000,0.428571,0.290323,0.600000,0.600000,0.739130,0.428571,0.025641,
2025-11-08,HierBayes,49,0.367347,0.900000,3_10 3_11 3_15 3_16 3_5 3_6 3_9 4_10 4_8 5_7 7_16 7_5 7_7 7_8 8_16 8_6 8_7 9_15,3_13 7_3,0_12 10_14 1_11 1_12 2_11 2_14 2_17 3_12 3_14 3_7 4_9 5_15 5_16 5_8 5_9 6_13 6_14 6_15 6_3 6_4 6_5 6_6 6_7 6_8 7_15 7_4 7_6 8_15 8_8 9_14 9_9,,0.212121,0.111111,0.212121,0.333333,0.290323,0.379310,0.290323,0.052632,0.379310
2025-11-08,B1: Static prior,49,0.367347,0.900000,3_10 3_11 3_14 4_10 4_8 4_9 5_15 5_8 5_9 6_14 6_15 6_7 7_15 7_16 7_8 8_15 9_14 9_15,5_14 9_16,0_12 10_14 1_11 1_12 2_11 2_14 2_17 3_12 3_15 3_16 3_5 3_6 3_7 3_9 5_16 5_7 6_13 6_3 6_4 6_5 6_6 6_8 7_4 7_5 7_6 7_7 8_16 8_6 8_7 8_8 9_9,0.212121,,0.538462,0.290323,0.600000,0.666667,0.481481,0.481481,0.025641,0.600000
2025-11-08,TTM,49,0.346939,0.850000,3_10 3_11 3_12 3_14 3_9 4_9 5_8 5_9 6_15 6_3 6_6 6_7 7_15 8_15 8_8 9_14 9_15,5_14 8_5 9_16,0_12 10_14 1_11 1_12 2_11 2_14 2_17 3_15 3_16 3_5 3_6 3_7 4_10 4_8 5_15 5_16 5_7 6_13 6_14 6_4 6_5 6_8 7_16 7_4 7_5 7_6 7_7 7_8 8_16 8_6 8_7 9_9,0.111111,0.538462,,0.212121,0.428571,0.428571,0.379310,0.333333,0.000000,0.428571
2025-11-08,ET,49,0.285714,0.700000,10_14 3_10 3_16 5_15 5_9 6_13 6_8 7_15 7_16 7_7 8_15 8_16 9_14 9_15,3_13 3_8 4_11 8_14 8_9 9_16,0_12 1_11 1_12 2_11 2_14 2_17 3_11 3_12 3_14 3_15 3_5 3_6 3_7 3_9 4_10 4_8 4_9 5_16 5_7 5_8 6_14 6_15 6_3 6_4 6_5 6_6 6_7 7_4 7_5 7_6 7_8 8_6 8_7 8_8 9_9,0.212121,0.290323,0.212121,,0.333333,0.290323,0.290323,0.250000,0.000000,0.290323
2025-11-08,B5: B2+B3,49,0.408163,1.000000,3_10 3_11 3_12 4_10 4_8 4_9 5_15 5_9 6_15 6_7 7_15 7_16 7_7 7_8 8_15 8_16 8_7 8_8 9_14 9_15,,0_12 10_14 1_11 1_12 2_11 2_14 2_17 3_14 3_15 3_16 3_5 3_6 3_7 3_9 5_16 5_7 5_8 6_13 6_14 6_3 6_4 6_5 6_6 6_8 7_4 7_5 7_6 8_6 9_9,0.333333,0.600000,0.428571,0.333333,,0.818182,0.739130,0.739130,0.025641,0.600000
2025-11-08,B4: B1+B3,49,0.408163,1.000000,3_10 3_11 3_12 3_15 4_10 4_8 4_9 5_15 5_9 6_14 6_15 6_7 7_15 7_16 7_7 7_8 8_15 8_8 9_14 9_15,,0_12 10_14 1_11 1_12 2_11 2_14 2_17 3_14 3_16 3_5 3_6 3_7 3_9 5_16 5_7 5_8 6_13 6_3 6_4 6_5 6_6 6_8 7_4 7_5 7_6 8_16 8_6 8_7 9_9,0.290323,0.666667,0.428571,0.290323,0.818182,,0.666667,0.739130,0.025641,0.600000
2025-11-08,B2: Recent MA,49,0.408163,1.000000,3_10 3_11 3_12 4_10 4_9 5_9 6_14 6_7 7_15 7_16 7_5 7_7 7_8 8_15 8_16 8_6 8_7 8_8 9_14 9_15,,0_12 10_14 1_11 1_12 2_11 2_14 2_17 3_14 3_15 3_16 3_5 3_6 3_7 3_9 4_8 5_15 5_16 5_7 5_8 6_13 6_15 6_3 6_4 6_5 6_6 6_8 7_4 7_6 9_9,0.379310,0.481481,0.379310,0.290323,0.739130,0.666667,,0.538462,0.025641,0.739130
2025-11-08,B3: DoY season,49,0.367347,0.900000,3_10 3_11 3_12 3_15 4_10 4_8 4_9 5_15 6_15 6_7 7_15 7_16 7_7 7_8 8_15 8_7 8_8 9_14,2_13 8_14,0_12 10_14 1_11 1_12 2_11 2_14 2_17 3_14 3_16 3_5 3_6 3_7 3_9 5_16 5_7 5_8 5_9 6_13 6_14 6_3 6_4 6_5 6_6 6_8 7_4 7_5 7_6 8_16 8_6 9_15 9_9,0.290323,0.481481,0.333333,0.250000,0.739130,0.739130,0.538462,,0.025641,0.428571
2025-11-08,B0: Random,49,0.040816,0.100000,5_7 7_8,0_17 0_5 10_4 11_11 11_3 12_1 1_9 2_1 2_3 3_1 5_11 5_19 5_6 6_1 7_10 8_19 9_0 9_11,0_12 10_14 1_11 1_12 2_11 2_14 2_17 3_10 3_11 3_12 3_14 3_15 3_16 3_5 3_6 3_7 3_9 4_10 4_8 4_9 5_15 5_16 5_8 5_9 6_13 6_14 6_15 6_3 6_4 6_5 6_6 6_7 6_8 7_15 7_16 7_4 7_5 7_6 7_7 8_15 8_16 8_6 8_7 8_8 9_14 9_15 9_9,0.052632,0.025641,0.000000,0.000000,0.025641,0.025641,0.025641,0.025641,,0.025641
2025-11-09,GLM-Logit,39,0.410256,0.800000,3_10 3_11 3_12 3_14 4_9 5_9 6_15 6_7 7_15 7_16 7_5 7_8 8_16 8_6 9_14 9_15,4_10 6_14 7_7 8_15,0_12 10_15 1_12 2_11 3_13 3_15 3_5 3_6 3_9 4_11 4_12 4_15 4_7 4_8 5_14 5_16 6_2 6_3 6_4 6_5 7_1 7_6 8_2,0.333333,0.600000,0.428571,0.290323,0.666667,0.666667,0.818182,0.481481,0.025641,
2025-11-09,HierBayes,39,0.358974,0.700000,3_10 3_11 3_12 3_13 3_15 3_5 3_6 3_9 4_8 7_16 7_5 8_16 8_6 9_15,3_16 4_10 5_7 7_3 7_7 8_7,0_12 10_15 1_12 2_11 3_14 4_11 4_12 4_15 4_7 4_9 5_14 5_16 5_9 6_15 6_2 6_3 6_4 6_5 6_7 7_1 7_15 7_6 7_8 8_2 9_14,,0.176471,0.176471,0.212121,0.290323,0.290323,0.379310,0.250000,0.052632,0.333333
2025-11-09,B1: Static prior,39,0.358974,0.700000,3_10 3_11 3_14 4_8 4_9 5_14 5_9 6_15 6_7 7_15 7_16 7_8 9_14 9_15,4_10 5_15 5_8 6_14 8_15 9_16,0_12 10_15 1_12 2_11 3_12 3_13 3_15 3_5 3_6 3_9 4_11 4_12 4_15 4_7 5_16 6_2 6_3 6_4 6_5 7_1 7_5 7_6 8_16 8_2 8_6,0.176471,,0.538462,0.290323,0.666667,0.666667,0.481481,0.481481,0.000000,0.600000
2025-11-09,TTM,39,0.358974,0.700000,3_10 3_11 3_12 3_14 3_9 4_9 5_14 5_9 6_15 6_4 6_7 7_15 9_14 9_15,5_8 6_14 7_3 8_5 8_8 9_16,0_12 10_15 1_12 2_11 3_13 3_15 3_5 3_6 4_11 4_12 4_15 4_7 4_8 5_16 6_2 6_3 6_5 7_1 7_16 7_5 7_6 7_8 8_16 8_2 8_6,0.176471,0.538462,,0.176471,0.428571,0.428571,0.379310,0.333333,0.000000,0.428571
2025-11-09,ET,39,0.230769,0.450000,3_10 3_13 4_11 5_9 7_15 7_16 8_16 9_14 9_15,10_14 3_16 3_8 5_15 6_13 6_8 7_7 8_14 8_15 8_9 9_16,0_12 10_15 1_12 2_11 3_11 3_12 3_14 3_15 3_5 3_6 3_9 4_12 4_15 4_7 4_8 4_9 5_14 5_16 6_15 6_2 6_3 6_4 6_5 6_7 7_1 7_5 7_6 7_8 8_2 8_6,0.212121,0.290323,0.176471,,0.290323,0.290323,0.290323,0.212121,0.052632,0.290323
2025-11-09,B5: B2+B3,39,0.333333,0.650000,3_10 3_11 3_12 4_8 4_9 5_9 6_15 6_7 7_15 7_16 7_8 9_14 9_15,4_10 5_15 6_14 7_7 8_15 8_7 8_8,0_12 10_15 1_12 2_11 3_13 3_14 3_15 3_5 3_6 3_9 4_11 4_12 4_15 4_7 5_14 5_16 6_2 6_3 6_4 6_5 7_1 7_5 7_6 8_16 8_2 8_6,0.290323,0.666667,0.428571,0.290323,,0.904762,0.739130,0.666667,0.025641,0.666667
2025-11-09,B4: B1+B3,39,0.358974,0.700000,3_10 3_11 3_12 3_15 4_8 4_9 5_9 6_15 6_7 7_15 7_16 7_8 9_14 9_15,4_10 5_15 6_14 7_7 8_15 8_8,0_12 10_15 1_12 2_11 3_13 3_14 3_5 3_6 3_9 4_11 4_12 4_15 4_7 5_14 5_16 6_2 6_3 6_4 6_5 7_1 7_5 7_6 8_16 8_2 8_6,0.290323,0.666667,0.428571,0.290323,0.904762,,0.666667,0.739130,0.000000,0.666667
2025-11-09,B2: Recent MA,39,0.358974,0.700000,3_10 3_11 3_12 4_9 5_9 6_7 7_15 7_16 7_5 7_8 8_16 8_6 9_14 9_15,4_10 6_14 7_7 8_15 8_7 8_8,0_12 10_15 1_12 2_11 3_13 3_14 3_15 3_5 3_6 3_9 4_11 4_12 4_15 4_7 4_8 5_14 5_16 6_15 6_2 6_3 6_4 6_5 7_1 7_6 8_2,0.379310,0.481481,0.379310,0.290323,0.739130,0.666667,,0.481481,0.052632,0.818182
2025-11-09,B3: DoY season,39,0.307692,0.600000,3_10 3_11 3_12 3_15 3_6 4_8 4_9 6_15 6_7 7_15 7_8 9_14,2_13 4_10 5_15 6_14 7_7 8_14 8_15 8_8,0_12 10_15 1_12 2_11 3_13 3_14 3_5 3_9 4_11 4_12 4_15 4_7 5_14 5_16 5_9 6_2 6_3 6_4 6_5 7_1 7_16 7_5 7_6 8_16 8_2 8_6 9_15,0.250000,0.481481,0.333333,0.212121,0.666667,0.739130,0.481481,,0.000000,0.481481
2025-11-09,B0: Random,39,0.051282,0.100000,0_12 8_16,0_10 0_16 10_14 10_4 11_2 11_3 12_7 2_1 2_3 5_2 6_0 6_10 7_14 7_17 8_3 8_7 9_10 9_3,10_15 1_12 2_11 3_10 3_11 3_12 3_13 3_14 3_15 3_5 3_6 3_9 4_11 4_12 4_15 4_7 4_8 4_9 5_14 5_16 5_9 6_15 6_2 6_3 6_4 6_5 6_7 7_1 7_15 7_16 7_5 7_6 7_8 8_2 8_6 9_14 9_15,0.052632,0.000000,0.000000,0.052632,0.025641,0.000000,0.052632,0.000000,,0.025641
2025-11-10,GLM-Logit,37,0.486486,0.900000,3_10 3_11 3_14 3_9 4_10 4_8 4_9 5_9 6_15 6_7 7_15 7_16 7_7 7_8 8_16 8_6 9_14 9_15,3_12 6_14,10_13 2_11 2_12 2_4 3_13 3_15 3_5 3_6 3_7 5_10 5_14 5_15 5_7 5_8 7_6 7_9 8_5 8_7 8_9,0.333333,0.600000,0.481481,0.250000,0.739130,0.600000,0.818182,0.538462,0.025641,
2025-11-10,HierBayes,37,0.432432,0.800000,3_10 3_11 3_13 3_15 3_5 3_6 3_9 4_8 5_7 7_16 7_6 7_7 8_16 8_6 8_7 9_15,3_12 3_16 7_3 7_5,10_13 2_11 2_12 2_4 3_14 3_7 4_10 4_9 5_10 5_14 5_15 5_8 5_9 6_15 6_7 7_15 7_8 7_9 8_5 8_9 9_14,,0.142857,0.290323,0.212121,0.333333,0.250000,0.428571,0.250000,0.025641,0.333333
2025-11-10,B1: Static prior,37,0.459459,0.850000,3_10 3_11 3_14 4_10 4_8 4_9 5_14 5_15 5_8 5_9 6_15 6_7 7_15 7_16 7_8 9_14 9_15,6_14 8_15 9_16,10_13 2_11 2_12 2_4 3_13 3_15 3_5 3_6 3_7 3_9 5_10 5_7 7_6 7_7 7_9 8_16 8_5 8_6 8_7 8_9,0.142857,,0.481481,0.290323,0.538462,0.600000,0.481481,0.538462,0.025641,0.600000
2025-11-10,TTM,37,0.378378,0.700000,3_10 3_11 3_14 3_6 3_9 4_8 4_9 5_8 5_9 6_15 6_7 7_15 9_14 9_15,3_12 6_4 7_3 7_5 8_8 9_16,10_13 2_11 2_12 2_4 3_13 3_15 3_5 3_7 4_10 5_10 5_14 5_15 5_7 7_16 7_6 7_7 7_8 7_9 8_16 8_5 8_6 8_7 8_9,0.290323,0.481481,,0.176471,0.428571,0.379310,0.481481,0.333333,0.025641,0.481481
2025-11-10,ET,37,0.297297,0.550000,3_10 3_13 5_15 5_9 7_15 7_16 7_7 8_16 8_9 9_14 9_15,10_14 3_16 3_8 4_11 6_13 6_8 8_14 8_15 9_16,10_13 2_11 2_12 2_4 3_11 3_14 3_15 3_5 3_6 3_7 3_9 4_10 4_8 4_9 5_10 5_14 5_7 5_8 6_15 6_7 7_6 7_8 7_9 8_5 8_6 8_7,0.212121,0.290323,0.176471,,0.290323,0.290323,0.250000,0.250000,0.000000,0.250000
2025-11-10,B5: B2+B3,37,0.459459,0.850000,3_10 3_11 3_15 4_10 4_8 4_9 5_9 6_15 6_7 7_15 7_16 7_7 7_8 8_16 8_6 9_14 9_15,3_12 8_15 8_8,10_13 2_11 2_12 2_4 3_13 3_14 3_5 3_6 3_7 3_9 5_10 5_14 5_15 5_7 5_8 7_6 7_9 8_5 8_7 8_9,0.333333,0.538462,0.428571,0.290323,,0.739130,0.739130,0.666667,0.025641,0.739130
2025-11-10,B4: B1+B3,37,0.405405,0.750000,3_10 3_11 3_15 4_10 4_8 4_9 5_15 6_15 6_7 7_15 7_16 7_7 7_8 9_14 9_15,3_12 6_14 8_14 8_15 8_8,10_13 2_11 2_12 2_4 3_13 3_14 3_5 3_6 3_7 3_9 5_10 5_14 5_7 5_8 5_9 7_6 7_9 8_16 8_5 8_6 8_7 8_9,0.250000,0.600000,0.379310,0.290323,0.739130,,0.538462,0.904762,0.025641,0.600000
2025-11-10,B2: Recent MA,37,0.486486,0.900000,3_10 3_11 3_14 3_15 3_9 4_10 4_8 4_9 5_9 6_7 7_15 7_16 7_7 7_8 8_16 8_6 9_14 9_15,3_12 7_5,10_13 2_11 2_12 2_4 3_13 3_5 3_6 3_7 5_10 5_14 5_15 5_7 5_8 6_15 7_6 7_9 8_5 8_7 8_9,0.428571,0.481481,0.481481,0.250000,0.739130,0.538462,,0.481481,0.052632,0.818182
2025-11-10,B3: DoY season,37,0.405405,0.750000,3_10 3_11 3_15 4_10 4_8 4_9 5_15 6_15 6_7 7_15 7_16 7_7 7_8 8_7 9_14,3_12 6_14 8_14 8_15 8_8,10_13 2_11 2_12 2_4 3_13 3_14 3_5 3_6 3_7 3_9 5_10 5_14 5_7 5_8 5_9 7_6 7_9 8_16 8_5 8_6 8_9 9_15,0.250000,0.538462,0.333333,0.250000,0.666667,0.904762,0.481481,,0.025641,0.538462
2025-11-10,B0: Random,37,0.027027,0.050000,4_10,0_0 0_14 0_16 11_18 11_4 11_7 11_9 1_11 1_8 2_19 2_5 2_9 5_3 5_6 6_6 7_1 7_5 8_19 9_2,10_13 2_11 2_12 2_4 3_10 3_11 3_13 3_14 3_15 3_5 3_6 3_7 3_9 4_8 4_9 5_10 5_14 5_15 5_7 5_8 5_9 6_15 6_7 7_15 7_16 7_6 7_7 7_8 7_9 8_16 8_5 8_6 8_7 8_9 9_14 9_15,0.025641,0.025641,0.025641,0.000000,0.025641,0.025641,0.052632,0.025641,,0.025641
2025-11-11,GLM-Logit,38,0.394737,0.750000,3_10 3_11 3_12 3_14 4_10 4_8 4_9 5_9 6_15 6_7 7_15 7_16 7_7 7_8 9_15,3_9 6_14 8_16 8_6 9_14,10_15 10_16 1_12 2_13 2_17 3_13 3_15 3_16 3_5 4_4 5_14 5_3 5_7 5_8 6_2 6_4 6_8 7_5 7_6 7_9 8_3 8_8 9_3,0.379310,0.600000,0.481481,0.250000,0.739130,0.538462,0.904762,0.538462,0.025641,
2025-11-11,HierBayes,38,0.368421,0.700000,3_10 3_11 3_13 3_15 3_5 4_10 4_8 5_7 6_7 7_16 7_5 7_6 7_7 9_15,3_6 3_9 7_3 8_16 8_6 8_7,10_15 10_16 1_12 2_13 2_17 3_12 3_14 3_16 4_4 4_9 5_14 5_3 5_8 5_9 6_15 6_2 6_4 6_8 7_15 7_8 7_9 8_3 8_8 9_3,,0.212121,0.290323,0.176471,0.333333,0.290323,0.428571,0.290323,0.025641,0.379310
2025-11-11,B1: Static prior,38,0.394737,0.750000,3_10 3_11 3_14 4_10 4_8 4_9 5_14 5_8 5_9 6_15 6_7 7_15 7_16 7_8 9_15,5_15 6_14 8_15 9_14 9_16,10_15 10_16 1_12 2_13 2_17 3_12 3_13 3_15 3_16 3_5 4_4 5_3 5_7 6_2 6_4 6_8 7_5 7_6 7_7 7_9 8_3 8_8 9_3,0.212121,,0.600000,0.290323,0.600000,0.538462,0.538462,0.538462,0.025641,0.600000
2025-11-11,TTM,38,0.394737,0.750000,3_10 3_11 3_14 4_8 4_9 5_8 6_15 6_4 6_7 7_15 7_16 7_5 7_8 8_8 9_15,3_9 7_3 8_15 9_14 9_16,10_15 10_16 1_12 2_13 2_17 3_12 3_13 3_15 3_16 3_5 4_10 4_4 5_14 5_3 5_7 5_9 6_2 6_8 7_6 7_7 7_9 8_3 9_3,0.290323,0.600000,,0.212121,0.481481,0.428571,0.481481,0.428571,0.025641,0.481481
2025-11-11,ET,38,0.236842,0.450000,3_10 3_13 3_16 5_9 6_8 7_15 7_16 7_7 9_15,10_14 3_8 4_11 5_15 6_13 8_14 8_15 8_16 8_9 9_14 9_16,10_15 10_16 1_12 2_13 2_17 3_11 3_12 3_14 3_15 3_5 4_10 4_4 4_8 4_9 5_14 5_3 5_7 5_8 6_15 6_2 6_4 6_7 7_5 7_6 7_8 7_9 8_3 8_8 9_3,0.176471,0.290323,0.212121,,0.290323,0.290323,0.250000,0.250000,0.025641,0.250000
2025-11-11,B5: B2+B3,38,0.421053,0.800000,3_10 3_11 3_12 3_15 4_10 4_8 4_9 5_9 6_15 6_7 7_15 7_16 7_7 7_8 8_8 9_15,6_14 8_15 8_16 9_14,10_15 10_16 1_12 2_13 2_17 3_13 3_14 3_16 3_5 4_4 5_14 5_3 5_7 5_8 6_2 6_4 6_8 7_5 7_6 7_9 8_3 9_3,0.333333,0.600000,0.481481,0.290323,,0.739130,0.739130,0.739130,0.025641,0.739130
2025-11-11,B4: B1+B3,38,0.394737,0.750000,3_10 3_11 3_12 3_13 3_15 4_10 4_8 4_9 6_15 6_7 7_15 7_16 7_7 7_8 8_8,5_15 6_14 8_14 8_15 9_14,10_15 10_16 1_12 2_13 2_17 3_14 3_16 3_5 4_4 5_14 5_3 5_7 5_8 5_9 6_2 6_4 6_8 7_5 7_6 7_9 8_3 9_15 9_3,0.290323,0.538462,0.428571,0.290323,0.739130,,0.538462,0.904762,0.025641,0.538462
2025-11-11,B2: Recent MA,38,0.421053,0.800000,3_10 3_11 3_12 3_14 3_15 4_10 4_8 4_9 5_9 6_15 6_7 7_15 7_16 7_7 7_8 9_15,3_9 8_16 8_6 9_14,10_15 10_16 1_12 2_13 2_17 3_13 3_16 3_5 4_4 5_14 5_3 5_7 5_8 6_2 6_4 6_8 7_5 7_6 7_9 8_3 8_8 9_3,0.428571,0.538462,0.481481,0.250000,0.739130,0.538462,,0.538462,0.025641,0.904762
2025-11-11,B3: DoY season,38,0.368421,0.700000,3_10 3_11 3_12 3_15 4_10 4_8 4_9 6_15 6_7 7_15 7_16 7_7 7_8 8_8,3_6 5_15 6_14 8_14 8_15 9_14,10_15 10_16 1_12 2_13 2_17 3_13 3_14 3_16 3_5 4_4 5_14 5_3 5_7 5_8 5_9 6_2 6_4 6_8 7_5 7_6 7_9 8_3 9_15 9_3,0.290323,0.538462,0.428571,0.250000,0.739130,0.904762,0.538462,,0.025641,0.538462
2025-11-11,B0: Random,38,0.026316,0.050000,3_11,0_1 10_2 10_3 11_1 11_17 12_19 12_7 1_11 1_8 2_15 2_6 3_8 4_12 6_11 7_11 7_2 8_10 9_0 9_13,10_15 10_16 1_12 2_13 2_17 3_10 3_12 3_13 3_14 3_15 3_16 3_5 4_10 4_4 4_8 4_9 5_14 5_3 5_7 5_8 5_9 6_15 6_2 6_4 6_7 6_8 7_15 7_16 7_5 7_6 7_7 7_8 7_9 8_3 8_8 9_15 9_3,0.025641,0.025641,0.025641,0.025641,0.025641,0.025641,0.025641,0.025641,,0.025641
2025-11-12,GLM-Logit,37,0.432432,0.800000,3_10 3_11 3_15 3_9 4_10 4_8 4_9 5_9 6_15 6_7 7_15 7_7 7_8 8_6 9_14 9_15,3_14 6_14 7_16 8_16,0_12 2_4 3_12 3_13 3_5 3_6 3_7 4_15 4_5 5_15 5_7 6_4 6_6 7_3 7_5 8_15 8_5 8_7 8_8 8_9 9_3,0.379310,0.600000,0.481481,0.250000,0.739130,0.538462,0.904762,0.538462,0.025641,
2025-11-12,HierBayes,37,0.432432,0.800000,3_10 3_11 3_13 3_15 3_5 3_6 3_9 4_8 5_7 6_7 7_3 7_5 7_7 8_6 8_7 9_15,3_16 7_16 7_6 8_16,0_12 2_4 3_12 3_7 4_10 4_15 4_5 4_9 5_15 5_9 6_15 6_4 6_6 7_15 7_8 8_15 8_5 8_8 8_9 9_14 9_3,,0.176471,0.176471,0.212121,0.290323,0.250000,0.379310,0.250000,0.052632,0.379310
2025-11-12,B1: Static prior,37,0.378378,0.700000,3_10 3_11 4_10 4_8 4_9 5_15 5_9 6_15 6_7 7_15 7_8 8_15 9_14 9_15,3_14 5_14 5_8 6_14 7_16 9_16,0_12 2_4 3_12 3_13 3_15 3_5 3_6 3_7 3_9 4_15 4_5 5_7 6_4 6_6 7_3 7_5 7_7 8_5 8_6 8_7 8_8 8_9 9_3,0.176471,,0.538462,0.290323,0.600000,0.600000,0.538462,0.538462,0.025641,0.600000
2025-11-12,TTM,37,0.405405,0.750000,3_10 3_11 3_9 4_10 4_9 5_9 6_15 6_6 6_7 7_15 7_5 7_8 8_8 9_14 9_15,3_14 5_8 6_3 6_8 9_16,0_12 2_4 3_12 3_13 3_15 3_5 3_6 3_7 4_15 4_5 4_8 5_15 5_7 6_4 7_3 7_7 8_15 8_5 8_6 8_7 8_9 9_3,0.176471,0.538462,,0.212121,0.428571,0.379310,0.481481,0.333333,0.025641,0.481481
2025-11-12,ET,37,0.270270,0.500000,3_10 3_13 5_15 5_9 7_15 7_7 8_15 8_9 9_14 9_15,10_14 3_16 3_8 4_11 6_13 6_8 7_16 8_14 8_16 9_16,0_12 2_4 3_11 3_12 3_15 3_5 3_6 3_7 3_9 4_10 4_15 4_5 4_8 4_9 5_7 6_15 6_4 6_6 6_7 7_3 7_5 7_8 8_5 8_6 8_7 8_8 9_3,0.212121,0.290323,0.212121,,0.250000,0.333333,0.250000,0.250000,0.025641,0.250000
2025-11-12,B5: B2+B3,37,0.486486,0.900000,3_10 3_11 3_12 3_15 4_10 4_8 4_9 5_9 6_15 6_7 7_15 7_7 7_8 8_15 8_6 8_8 9_14 9_15,6_14 7_16,0_12 2_4 3_13 3_5 3_6 3_7 3_9 4_15 4_5 5_15 5_7 6_4 6_6 7_3 7_5 8_5 8_7 8_9 9_3,0.290323,0.600000,0.428571,0.250000,,0.739130,0.739130,0.739130,0.025641,0.739130
2025-11-12,B4: B1+B3,37,0.459459,0.850000,3_10 3_11 3_12 3_13 4_10 4_8 4_9 5_15 6_15 6_7 7_15 7_7 7_8 8_15 8_8 9_14 9_15,6_14 7_16 8_14,0_12 2_4 3_15 3_5 3_6 3_7 3_9 4_15 4_5 5_7 5_9 6_4 6_6 7_3 7_5 8_5 8_6 8_7 8_9 9_3,0.250000,0.600000,0.379310,0.333333,0.739130,,0.538462,0.818182,0.025641,0.538462
2025-11-12,B2: Recent MA,37,0.459459,0.850000,3_10 3_11 3_12 3_15 3_9 4_10 4_8 4_9 5_9 6_15 6_7 7_15 7_7 7_8 8_6 9_14 9_15,3_14 7_16 8_16,0_12 2_4 3_13 3_5 3_6 3_7 4_15 4_5 5_15 5_7 6_4 6_6 7_3 7_5 8_15 8_5 8_7 8_8 8_9 9_3,0.379310,0.538462,0.481481,0.250000,0.739130,0.538462,,0.538462,0.025641,0.904762
2025-11-12,B3: DoY season,37,0.459459,0.850000,3_10 3_11 3_12 3_15 3_6 4_10 4_8 4_9 5_15 6_15 6_7 7_15 7_7 7_8 8_15 8_8 9_14,6_14 7_16 8_14,0_12 2_4 3_13 3_5 3_7 3_9 4_15 4_5 5_7 5_9 6_4 6_6 7_3 7_5 8_5 8_6 8_7 8_9 9_15 9_3,0.250000,0.538462,0.333333,0.250000,0.739130,0.818182,0.538462,,0.025641,0.538462
2025-11-12,B0: Random,37,0.054054,0.100000,3_10 7_3,0_1 0_19 10_12 10_7 11_8 12_3 1_12 1_19 1_3 2_16 4_13 4_3 6_1 6_16 6_18 6_19 7_14 9_19,0_12 2_4 3_11 3_12 3_13 3_15 3_5 3_6 3_7 3_9 4_10 4_15 4_5 4_8 4_9 5_15 5_7 5_9 6_15 6_4 6_6 6_7 7_15 7_5 7_7 7_8 8_15 8_5 8_6 8_7 8_8 8_9 9_14 9_15 9_3,0.052632,0.025641,0.025641,0.025641,0.025641,0.025641,0.025641,0.025641,,0.025641
2025-11-13,GLM-Logit,38,0.500000,0.950000,3_10 3_11 3_12 3_14 3_15 3_9 4_10 4_8 4_9 6_15 6_7 7_15 7_16 7_7 7_8 8_16 8_6 9_14 9_15,5_9,0_12 2_3 2_4 3_16 3_6 4_11 4_15 4_7 5_7 5_8 6_4 6_5 7_3 7_5 7_6 7_9 8_10 8_7 8_9,0.428571,0.538462,0.428571,0.250000,0.818182,0.538462,1.000000,0.481481,0.081081,
2025-11-13,HierBayes,38,0.473684,0.900000,3_10 3_11 3_15 3_16 3_6 3_9 4_10 4_8 5_7 6_7 7_16 7_3 7_5 7_7 8_16 8_6 8_7 9_15,3_13 3_5,0_12 2_3 2_4 3_12 3_14 4_11 4_15 4_7 4_9 5_8 6_15 6_4 6_5 7_15 7_6 7_8 7_9 8_10 8_9 9_14,,0.212121,0.176471,0.212121,0.428571,0.290323,0.428571,0.290323,0.052632,0.428571
2025-11-13,B1: Static prior,38,0.368421,0.700000,3_10 3_11 3_14 4_10 4_8 4_9 5_8 6_15 6_7 7_15 7_16 7_8 9_14 9_15,5_14 5_15 5_9 6_14 8_15 9_16,0_12 2_3 2_4 3_12 3_15 3_16 3_6 3_9 4_11 4_15 4_7 5_7 6_4 6_5 7_3 7_5 7_6 7_7 7_9 8_10 8_16 8_6 8_7 8_9,0.212121,,0.481481,0.290323,0.481481,0.538462,0.538462,0.428571,0.081081,0.538462
2025-11-13,TTM,38,0.342105,0.650000,3_10 3_11 3_12 3_14 3_9 4_9 5_8 6_15 6_7 7_15 7_5 9_14 9_15,3_7 5_14 5_9 6_3 6_6 8_8 9_16,0_12 2_3 2_4 3_15 3_16 3_6 4_10 4_11 4_15 4_7 4_8 5_7 6_4 6_5 7_16 7_3 7_6 7_7 7_8 7_9 8_10 8_16 8_6 8_7 8_9,0.176471,0.481481,,0.176471,0.428571,0.290323,0.428571,0.250000,0.052632,0.428571
2025-11-13,ET,38,0.263158,0.500000,3_10 3_16 4_11 7_15 7_16 7_7 8_16 8_9 9_14 9_15,10_14 3_13 3_8 5_15 5_9 6_13 6_8 8_14 8_15 9_16,0_12 2_3 2_4 3_11 3_12 3_14 3_15 3_6 3_9 4_10 4_15 4_7 4_8 4_9 5_7 5_8 6_15 6_4 6_5 6_7 7_3 7_5 7_6 7_8 7_9 8_10 8_6 8_7,0.212121,0.290323,0.176471,,0.212121,0.290323,0.250000,0.250000,0.025641,0.250000
2025-11-13,B5: B2+B3,38,0.473684,0.900000,3_10 3_11 3_12 3_15 3_6 3_9 4_10 4_8 4_9 6_15 6_7 7_15 7_16 7_7 7_8 8_6 9_14 9_15,5_9 8_8,0_12 2_3 2_4 3_14 3_16 4_11 4_15 4_7 5_7 5_8 6_4 6_5 7_3 7_5 7_6 7_9 8_10 8_16 8_7 8_9,0.428571,0.481481,0.428571,0.212121,,0.600000,0.818182,0.600000,0.052632,0.818182
2025-11-13,B4: B1+B3,38,0.368421,0.700000,3_10 3_11 3_12 4_10 4_8 4_9 6_15 6_7 7_15 7_16 7_7 7_8 8_6 9_14,3_13 5_15 6_14 8_14 8_15 8_8,0_12 2_3 2_4 3_14 3_15 3_16 3_6 3_9 4_11 4_15 4_7 5_7 5_8 6_4 6_5 7_3 7_5 7_6 7_9 8_10 8_16 8_7 8_9 9_15,0.290323,0.538462,0.290323,0.290323,0.600000,,0.538462,0.818182,0.052632,0.538462
2025-11-13,B2: Recent MA,38,0.500000,0.950000,3_10 3_11 3_12 3_14 3_15 3_9 4_10 4_8 4_9 6_15 6_7 7_15 7_16 7_7 7_8 8_16 8_6 9_14 9_15,5_9,0_12 2_3 2_4 3_16 3_6 4_11 4_15 4_7 5_7 5_8 6_4 6_5 7_3 7_5 7_6 7_9 8_10 8_7 8_9,0.428571,0.538462,0.428571,0.250000,0.818182,0.538462,,0.481481,0.081081,1.000000
2025-11-13,B3: DoY season,38,0.368421,0.700000,3_10 3_11 3_12 3_15 3_6 4_10 4_8 4_9 6_15 7_15 7_7 7_8 8_6 9_14,3_13 5_15 6_14 8_14 8_15 8_8,0_12 2_3 2_4 3_14 3_16 3_9 4_11 4_15 4_7 5_7 5_8 6_4 6_5 6_7 7_16 7_3 7_5 7_6 7_9 8_10 8_16 8_7 8_9 9_15,0.290323,0.428571,0.250000,0.250000,0.600000,0.818182,0.481481,,0.052632,0.481481
2025-11-13,B0: Random,38,0.105263,0.200000,3_14 4_10 6_4 8_6,11_2 1_11 1_15 1_18 1_6 2_1 2_13 2_5 4_19 5_13 6_16 7_19 9_0 9_1 9_16 9_17,0_12 2_3 2_4 3_10 3_11 3_12 3_15 3_16 3_6 3_9 4_11 4_15 4_7 4_8 4_9 5_7 5_8 6_15 6_5 6_7 7_15 7_16 7_3 7_5 7_6 7_7 7_8 7_9 8_10 8_16 8_7 8_9 9_14 9_15,0.052632,0.081081,0.052632,0.025641,0.052632,0.052632,0.081081,0.052632,,0.081081
2025-11-14,GLM-Logit,42,0.357143,0.750000,3_10 3_11 3_12 3_15 3_9 4_10 4_8 4_9 5_9 6_7 7_15 7_16 7_7 7_8 9_15,3_14 5_7 6_15 8_16 9_14,2_11 2_12 2_4 3_13 3_4 3_6 3_8 4_13 4_15 4_6 5_15 5_16 5_3 5_8 6_2 6_4 6_9 7_3 7_4 7_5 7_9 8_14 8_15 8_5 8_6 8_7 8_8,0.428571,0.538462,0.481481,0.250000,0.739130,0.481481,0.904762,0.428571,0.025641,
2025-11-14,HierBayes,42,0.380952,0.800000,3_10 3_11 3_12 3_13 3_15 3_6 3_9 4_8 6_7 7_16 7_3 7_5 7_7 8_6 8_7 9_15,3_16 3_5 5_7 8_16,2_11 2_12 2_4 3_4 3_8 4_10 4_13 4_15 4_6 4_9 5_15 5_16 5_3 5_8 5_9 6_2 6_4 6_9 7_15 7_4 7_8 7_9 8_14 8_15 8_5 8_8,,0.176471,0.176471,0.212121,0.428571,0.290323,0.481481,0.290323,0.000000,0.428571
2025-11-14,B1: Static prior,42,0.333333,0.700000,3_10 3_11 4_10 4_8 4_9 5_15 5_8 5_9 6_7 7_15 7_16 7_8 8_15 9_15,3_14 5_14 6_14 6_15 9_14 9_16,2_11 2_12 2_4 3_12 3_13 3_15 3_4 3_6 3_8 3_9 4_13 4_15 4_6 5_16 5_3 6_2 6_4 6_9 7_3 7_4 7_5 7_7 7_9 8_14 8_5 8_6 8_7 8_8,0.176471,,0.600000,0.290323,0.481481,0.538462,0.481481,0.481481,0.081081,0.538462
2025-11-14,TTM,42,0.333333,0.700000,3_10 3_11 3_12 3_9 4_10 4_9 5_8 5_9 7_15 7_5 7_8 8_15 8_8 9_15,3_14 3_7 5_14 6_15 9_14 9_16,2_11 2_12 2_4 3_13 3_15 3_4 3_6 3_8 4_13 4_15 4_6 4_8 5_15 5_16 5_3 6_2 6_4 6_7 6_9 7_16 7_3 7_4 7_7 7_9 8_14 8_5 8_6 8_7,0.176471,0.600000,,0.212121,0.481481,0.428571,0.481481,0.379310,0.081081,0.481481
2025-11-14,ET,42,0.261905,0.550000,3_10 3_13 3_8 5_15 5_9 7_15 7_16 7_7 8_14 8_15 9_15,10_14 3_16 4_11 6_13 6_8 8_16 8_9 9_14 9_16,2_11 2_12 2_4 3_11 3_12 3_15 3_4 3_6 3_9 4_10 4_13 4_15 4_6 4_8 4_9 5_16 5_3 5_8 6_2 6_4 6_7 6_9 7_3 7_4 7_5 7_8 7_9 8_5 8_6 8_7 8_8,0.212121,0.290323,0.212121,,0.212121,0.290323,0.250000,0.250000,0.025641,0.250000
2025-11-14,B5: B2+B3,42,0.428571,0.900000,3_10 3_11 3_12 3_15 3_6 3_9 4_10 4_8 4_9 5_9 6_7 7_15 7_16 7_7 7_8 8_6 8_8 9_15,6_15 9_14,2_11 2_12 2_4 3_13 3_4 3_8 4_13 4_15 4_6 5_15 5_16 5_3 5_8 6_2 6_4 6_9 7_3 7_4 7_5 7_9 8_14 8_15 8_5 8_7,0.428571,0.481481,0.481481,0.212121,,0.600000,0.739130,0.600000,0.025641,0.739130
2025-11-14,B4: B1+B3,42,0.404762,0.850000,3_10 3_11 3_12 3_13 4_10 4_8 4_9 5_15 6_7 7_15 7_7 7_8 8_14 8_15 8_6 8_8 9_15,6_14 6_15 9_14,2_11 2_12 2_4 3_15 3_4 3_6 3_8 3_9 4_13 4_15 4_6 5_16 5_3 5_8 5_9 6_2 6_4 6_9 7_16 7_3 7_4 7_5 7_9 8_5 8_7,0.290323,0.538462,0.428571,0.290323,0.600000,,0.481481,0.904762,0.052632,0.481481
2025-11-14,B2: Recent MA,42,0.380952,0.800000,3_10 3_11 3_12 3_15 3_9 4_10 4_8 4_9 5_9 6_7 7_15 7_16 7_5 7_7 7_8 9_15,5_7 6_15 8_16 9_14,2_11 2_12 2_4 3_13 3_4 3_6 3_8 4_13 4_15 4_6 5_15 5_16 5_3 5_8 6_2 6_4 6_9 7_3 7_4 7_9 8_14 8_15 8_5 8_6 8_7 8_8,0.481481,0.481481,0.481481,0.250000,0.739130,0.481481,,0.428571,0.025641,0.904762
2025-11-14,B3: DoY season,42,0.404762,0.850000,3_10 3_11 3_12 3_13 3_6 4_10 4_8 4_9 5_15 6_7 7_15 7_7 7_8 8_14 8_15 8_6 8_8,6_14 6_15 9_14,2_11 2_12 2_4 3_15 3_4 3_8 3_9 4_13 4_15 4_6 5_16 5_3 5_8 5_9 6_2 6_4 6_9 7_16 7_3 7_4 7_5 7_9 8_5 8_7 9_15,0.290323,0.481481,0.379310,0.250000,0.600000,0.904762,0.428571,,0.052632,0.428571
2025-11-14,B0: Random,42,0.095238,0.200000,2_12 5_8 7_8 8_15,0_4 0_7 0_8 10_10 11_15 12_14 12_9 1_0 4_12 5_10 5_12 5_4 7_11 8_2 8_3 9_18,2_11 2_4 3_10 3_11 3_12 3_13 3_15 3_4 3_6 3_8 3_9 4_10 4_13 4_15 4_6 4_8 4_9 5_15 5_16 5_3 5_9 6_2 6_4 6_7 6_9 7_15 7_16 7_3 7_4 7_5 7_7 7_9 8_14 8_5 8_6 8_7 8_8 9_15,0.000000,0.081081,0.081081,0.025641,0.025641,0.052632,0.025641,0.052632,,0.025641
2025-11-15,GLM-Logit,33,0.454545,0.750000,3_10 3_11 3_12 3_15 3_6 3_9 4_10 4_8 4_9 5_9 6_15 7_15 7_5 7_7 8_6,6_7 7_16 7_8 9_14 9_15,10_15 2_13 2_4 3_13 3_14 4_7 5_14 5_15 6_6 7_14 7_6 8_14 8_15 8_16 8_7 8_8 9_13 9_16,0.481481,0.481481,0.481481,0.212121,0.818182,0.538462,0.904762,0.538462,0.052632,
2025-11-15,HierBayes,33,0.393939,0.650000,3_10 3_11 3_12 3_13 3_15 3_6 3_9 4_8 7_5 7_7 8_16 8_6 8_7,3_16 3_5 5_7 6_7 7_16 7_3 9_15,10_15 2_13 2_4 3_14 4_10 4_7 4_9 5_14 5_15 5_9 6_15 6_6 7_14 7_15 7_6 8_14 8_15 8_8 9_13 9_16,,0.176471,0.290323,0.212121,0.379310,0.250000,0.481481,0.290323,0.025641,0.481481
2025-11-15,B1: Static prior,33,0.393939,0.650000,3_10 3_11 3_14 4_10 4_8 4_9 5_14 5_15 5_9 6_15 7_15 8_15 9_16,5_8 6_14 6_7 7_16 7_8 9_14 9_15,10_15 2_13 2_4 3_12 3_13 3_15 3_6 3_9 4_7 6_6 7_14 7_5 7_6 7_7 8_14 8_16 8_6 8_7 8_8 9_13,0.176471,,0.600000,0.290323,0.538462,0.538462,0.481481,0.481481,0.111111,0.481481
2025-11-15,TTM,33,0.393939,0.650000,3_10 3_11 3_14 3_9 4_9 5_9 6_15 7_15 7_5 8_15 8_16 8_8 9_16,5_8 6_7 7_16 7_3 7_8 9_14 9_15,10_15 2_13 2_4 3_12 3_13 3_15 3_6 4_10 4_7 4_8 5_14 5_15 6_6 7_14 7_6 7_7 8_14 8_6 8_7 9_13,0.290323,0.600000,,0.290323,0.481481,0.379310,0.481481,0.333333,0.052632,0.481481
2025-11-15,ET,33,0.303030,0.500000,3_10 3_13 5_15 5_9 7_15 7_7 8_14 8_15 8_16 9_16,10_14 3_16 3_8 4_11 6_13 6_8 7_16 8_9 9_14 9_15,10_15 2_13 2_4 3_11 3_12 3_14 3_15 3_6 3_9 4_10 4_7 4_8 4_9 5_14 6_15 6_6 7_14 7_5 7_6 8_6 8_7 8_8 9_13,0.212121,0.290323,0.290323,,0.250000,0.290323,0.212121,0.250000,0.052632,0.212121
2025-11-15,B5: B2+B3,33,0.454545,0.750000,3_10 3_11 3_12 3_15 3_6 3_9 4_10 4_8 4_9 5_15 5_9 6_15 7_15 7_7 8_8,6_7 7_16 7_8 9_14 9_15,10_15 2_13 2_4 3_13 3_14 4_7 5_14 6_6 7_14 7_5 7_6 8_14 8_15 8_16 8_6 8_7 9_13 9_16,0.379310,0.538462,0.481481,0.250000,,0.600000,0.818182,0.600000,0.052632,0.818182
2025-11-15,B4: B1+B3,33,0.484848,0.800000,3_10 3_11 3_12 3_13 4_10 4_8 4_9 5_15 5_9 6_15 7_15 7_7 8_14 8_15 8_6 8_8,6_14 6_7 7_8 9_14,10_15 2_13 2_4 3_14 3_15 3_6 3_9 4_7 5_14 6_6 7_14 7_5 7_6 8_16 8_7 9_13 9_16,0.250000,0.538462,0.379310,0.290323,0.600000,,0.481481,0.904762,0.052632,0.538462
2025-11-15,B2: Recent MA,33,0.424242,0.700000,3_10 3_11 3_12 3_15 3_6 3_9 4_10 4_8 4_9 5_9 6_15 7_15 7_5 7_7,5_7 6_7 7_16 7_8 9_14 9_15,10_15 2_13 2_4 3_13 3_14 4_7 5_14 5_15 6_6 7_14 7_6 8_14 8_15 8_16 8_6 8_7 8_8 9_13 9_16,0.481481,0.481481,0.481481,0.212121,0.818182,0.481481,,0.481481,0.052632,0.904762
2025-11-15,B3: DoY season,33,0.484848,0.800000,3_10 3_11 3_12 3_13 3_6 4_10 4_8 4_9 5_15 6_15 7_15 7_7 8_14 8_15 8_6 8_8,6_14 6_7 7_8 9_14,10_15 2_13 2_4 3_14 3_15 3_9 4_7 5_14 5_9 6_6 7_14 7_5 7_6 8_16 8_7 9_13 9_16,0.290323,0.481481,0.333333,0.250000,0.600000,0.904762,0.481481,,0.052632,0.538462
2025-11-15,B0: Random,33,0.090909,0.150000,4_10 5_14 8_15,0_0 0_11 0_13 11_16 11_6 1_17 1_7 2_1 2_12 2_15 2_18 2_2 7_10 7_16 7_19 7_2 8_17,10_15 2_13 2_4 3_10 3_11 3_12 3_13 3_14 3_15 3_6 3_9 4_7 4_8 4_9 5_15 5_9 6_15 6_6 7_14 7_15 7_5 7_6 7_7 8_14 8_16 8_6 8_7 8_8 9_13 9_16,0.025641,0.111111,0.052632,0.052632,0.052632,0.052632,0.052632,0.052632,,0.052632
2025-11-16,GLM-Logit,35,0.457143,0.800000,3_10 3_11 3_12 3_15 3_9 4_10 4_8 4_9 6_15 6_7 7_15 7_16 7_5 7_7 9_14 9_15,3_6 5_9 7_8 8_6,1_12 2_13 3_13 3_14 3_7 3_8 4_15 4_4 4_7 5_7 5_8 7_1 7_4 7_6 8_15 8_16 8_2 8_8 9_16,0.538462,0.481481,0.428571,0.212121,0.818182,0.600000,1.000000,0.600000,0.081081,
2025-11-16,HierBayes,35,0.428571,0.750000,3_10 3_11 3_12 3_13 3_15 3_9 4_10 4_8 5_7 6_7 7_16 7_5 7_7 8_16 9_15,3_5 3_6 7_3 8_6 8_7,1_12 2_13 3_14 3_7 3_8 4_15 4_4 4_7 4_9 5_8 6_15 7_1 7_15 7_4 7_6 8_15 8_2 8_8 9_14 9_16,,0.212121,0.212121,0.176471,0.428571,0.290323,0.538462,0.379310,0.081081,0.538462
2025-11-16,B1: Static prior,35,0.428571,0.750000,3_10 3_11 3_14 4_10 4_8 4_9 5_8 6_15 6_7 7_15 7_16 8_15 9_14 9_15 9_16,5_14 5_15 5_9 6_14 7_8,1_12 2_13 3_12 3_13 3_15 3_7 3_8 3_9 4_15 4_4 4_7 5_7 7_1 7_4 7_5 7_6 7_7 8_16 8_2 8_8,0.212121,,0.538462,0.290323,0.481481,0.666667,0.481481,0.481481,0.081081,0.481481
2025-11-16,TTM,35,0.457143,0.800000,3_10 3_11 3_14 3_7 3_9 4_9 5_8 6_15 6_7 7_15 7_5 8_15 8_8 9_14 9_15 9_16,5_9 6_4 7_3 7_8,1_12 2_13 3_12 3_13 3_15 3_8 4_10 4_15 4_4 4_7 4_8 5_7 7_1 7_16 7_4 7_6 7_7 8_16 8_2,0.212121,0.538462,,0.212121,0.379310,0.428571,0.428571,0.379310,0.081081,0.428571
2025-11-16,ET,35,0.314286,0.550000,3_10 3_13 3_8 7_15 7_16 7_7 8_15 8_16 9_14 9_15 9_16,10_14 3_16 4_11 5_15 5_9 6_13 6_8 8_14 8_9,1_12 2_13 3_11 3_12 3_14 3_15 3_7 3_9 4_10 4_15 4_4 4_7 4_8 4_9 5_7 5_8 6_15 6_7 7_1 7_4 7_5 7_6 8_2 8_8,0.176471,0.290323,0.212121,,0.212121,0.333333,0.212121,0.250000,0.081081,0.212121
2025-11-16,B5: B2+B3,35,0.428571,0.750000,3_10 3_11 3_12 3_15 3_9 4_10 4_8 4_9 6_15 6_7 7_15 7_16 7_7 8_8 9_14,3_6 5_15 5_9 7_8 8_6,1_12 2_13 3_13 3_14 3_7 3_8 4_15 4_4 4_7 5_7 5_8 7_1 7_4 7_5 7_6 8_15 8_16 8_2 9_15 9_16,0.428571,0.481481,0.379310,0.212121,,0.666667,0.818182,0.739130,0.052632,0.818182
2025-11-16,B4: B1+B3,35,0.428571,0.750000,3_10 3_11 3_12 4_10 4_8 4_9 6_15 6_7 7_15 7_16 7_7 8_15 8_8 9_14 9_15,5_15 5_9 6_14 7_8 8_14,1_12 2_13 3_13 3_14 3_15 3_7 3_8 3_9 4_15 4_4 4_7 5_7 5_8 7_1 7_4 7_5 7_6 8_16 8_2 9_16,0.290323,0.666667,0.428571,0.333333,0.666667,,0.600000,0.739130,0.081081,0.600000
2025-11-16,B2: Recent MA,35,0.457143,0.800000,3_10 3_11 3_12 3_15 3_9 4_10 4_8 4_9 6_15 6_7 7_15 7_16 7_5 7_7 9_14 9_15,3_6 5_9 7_8 8_6,1_12 2_13 3_13 3_14 3_7 3_8 4_15 4_4 4_7 5_7 5_8 7_1 7_4 7_6 8_15 8_16 8_2 8_8 9_16,0.538462,0.481481,0.428571,0.212121,0.818182,0.600000,,0.600000,0.081081,1.000000
2025-11-16,B3: DoY season,35,0.400000,0.700000,3_10 3_11 3_12 4_10 4_8 4_9 6_15 6_7 7_15 7_16 7_7 8_15 8_8 9_14,3_6 5_15 7_3 7_8 8_14 8_6,1_12 2_13 3_13 3_14 3_15 3_7 3_8 3_9 4_15 4_4 4_7 5_7 5_8 7_1 7_4 7_5 7_6 8_16 8_2 9_15 9_16,0.379310,0.481481,0.379310,0.250000,0.739130,0.739130,0.600000,,0.025641,0.600000
2025-11-16,B0: Random,35,0.114286,0.200000,3_10 3_9 4_15 9_15,0_14 10_12 10_17 12_0 12_2 2_4 2_5 3_16 6_10 6_12 6_14 6_17 7_13 9_11 9_17 9_6,1_12 2_13 3_11 3_12 3_13 3_14 3_15 3_7 3_8 4_10 4_4 4_7 4_8 4_9 5_7 5_8 6_15 6_7 7_1 7_15 7_16 7_4 7_5 7_6 7_7 8_15 8_16 8_2 8_8 9_14 9_16,0.081081,0.081081,0.081081,0.081081,0.052632,0.081081,0.081081,0.025641,,0.081081
2025-11-17,GLM-Logit,32,0.500000,0.800000,3_10 3_11 3_14 3_15 3_6 3_9 4_8 4_9 6_7 7_15 7_16 7_5 7_7 7_8 9_14 9_15,3_12 4_10 5_9 6_15,0_12 10_15 10_16 1_12 2_5 3_5 3_7 4_12 4_7 5_15 5_4 5_7 6_6 7_6 8_16 8_2,0.538462,0.538462,0.481481,0.212121,0.739130,0.600000,0.904762,0.600000,0.081081,
2025-11-17,HierBayes,32,0.468750,0.750000,3_10 3_11 3_15 3_5 3_6 3_9 4_8 5_7 6_7 7_15 7_16 7_5 7_7 8_16 9_15,3_12 3_13 4_10 8_6 8_7,0_12 10_15 10_16 1_12 2_5 3_14 3_7 4_12 4_7 4_9 5_15 5_4 6_6 7_6 7_8 8_2 9_14,,0.250000,0.212121,0.212121,0.481481,0.290323,0.538462,0.428571,0.000000,0.538462
2025-11-17,B1: Static prior,32,0.375000,0.600000,3_10 3_11 3_14 4_8 4_9 5_15 6_7 7_15 7_16 7_8 9_14 9_15,4_10 5_14 5_8 5_9 6_14 6_15 8_15 9_16,0_12 10_15 10_16 1_12 2_5 3_15 3_5 3_6 3_7 3_9 4_12 4_7 5_4 5_7 6_6 7_5 7_6 7_7 8_16 8_2,0.250000,,0.481481,0.290323,0.481481,0.666667,0.481481,0.428571,0.111111,0.538462
2025-11-17,TTM,32,0.343750,0.550000,3_10 3_11 3_14 3_7 3_9 4_9 6_7 7_5 7_8 9_14 9_15,4_10 5_8 5_9 6_15 6_3 6_4 7_3 8_8 9_16,0_12 10_15 10_16 1_12 2_5 3_15 3_5 3_6 4_12 4_7 4_8 5_15 5_4 5_7 6_6 7_15 7_16 7_6 7_7 8_16 8_2,0.212121,0.481481,,0.142857,0.379310,0.379310,0.481481,0.333333,0.081081,0.481481
2025-11-17,ET,32,0.250000,0.400000,3_10 5_15 7_15 7_16 7_7 8_16 9_14 9_15,10_14 3_13 3_16 3_8 4_11 5_9 6_13 6_8 8_14 8_15 8_9 9_16,0_12 10_15 10_16 1_12 2_5 3_11 3_14 3_15 3_5 3_6 3_7 3_9 4_12 4_7 4_8 4_9 5_4 5_7 6_6 6_7 7_5 7_6 7_8 8_2,0.212121,0.290323,0.142857,,0.212121,0.290323,0.212121,0.176471,0.025641,0.212121
2025-11-17,B5: B2+B3,32,0.437500,0.700000,3_10 3_11 3_15 3_6 3_9 4_8 4_9 5_15 6_7 7_15 7_16 7_7 7_8 9_14,3_12 4_10 5_9 6_15 8_6 8_8,0_12 10_15 10_16 1_12 2_5 3_14 3_5 3_7 4_12 4_7 5_4 5_7 6_6 7_5 7_6 8_16 8_2 9_15,0.481481,0.481481,0.379310,0.212121,,0.666667,0.818182,0.739130,0.052632,0.739130
2025-11-17,B4: B1+B3,32,0.375000,0.600000,3_10 3_11 3_14 4_8 4_9 5_15 6_7 7_15 7_16 7_7 7_8 9_14,3_12 4_10 5_9 6_14 6_15 8_14 8_15 8_8,0_12 10_15 10_16 1_12 2_5 3_15 3_5 3_6 3_7 3_9 4_12 4_7 5_4 5_7 6_6 7_5 7_6 8_16 8_2 9_15,0.290323,0.666667,0.379310,0.290323,0.666667,,0.600000,0.666667,0.111111,0.600000
2025-11-17,B2: Recent MA,32,0.468750,0.750000,3_10 3_11 3_15 3_6 3_9 4_8 4_9 6_7 7_15 7_16 7_5 7_7 7_8 9_14 9_15,3_12 4_10 5_9 6_15 8_8,0_12 10_15 10_16 1_12 2_5 3_14 3_5 3_7 4_12 4_7 5_15 5_4 5_7 6_6 7_6 8_16 8_2,0.538462,0.481481,0.481481,0.212121,0.818182,0.600000,,0.600000,0.052632,0.904762
2025-11-17,B3: DoY season,32,0.406250,0.650000,3_10 3_11 3_14 3_15 3_6 4_8 4_9 5_15 6_7 7_15 7_16 7_7 7_8,3_12 4_10 6_15 7_3 8_14 8_6 8_8,0_12 10_15 10_16 1_12 2_5 3_5 3_7 3_9 4_12 4_7 5_4 5_7 6_6 7_5 7_6 8_16 8_2 9_14 9_15,0.428571,0.428571,0.333333,0.176471,0.739130,0.666667,0.600000,,0.081081,0.600000
2025-11-17,B0: Random,32,0.125000,0.200000,3_14 4_9 5_4 7_8,0_7 11_14 1_0 1_6 4_3 5_0 5_10 5_12 6_1 6_5 6_9 7_2 8_1 8_15 9_18 9_7,0_12 10_15 10_16 1_12 2_5 3_10 3_11 3_15 3_5 3_6 3_7 3_9 4_12 4_7 4_8 5_15 5_7 6_6 6_7 7_15 7_16 7_5 7_6 7_7 8_16 8_2 9_14 9_15,0.000000,0.111111,0.081081,0.025641,0.052632,0.111111,0.052632,0.081081,,0.081081
2025-11-18,GLM-Logit,31,0.483871,0.750000,3_10 3_11 3_15 3_6 3_9 4_10 4_8 4_9 5_9 7_15 7_16 7_5 7_8 9_14 9_15,3_12 3_14 6_15 6_7 7_7,10_15 11_17 1_12 2_4 2_5 3_13 3_7 3_8 5_14 5_7 6_6 6_9 8_15 8_16 8_6 8_8,0.538462,0.538462,0.481481,0.212121,0.818182,0.600000,1.000000,0.600000,0.081081,
2025-11-18,HierBayes,31,0.483871,0.750000,3_10 3_11 3_13 3_15 3_6 3_9 4_10 4_8 5_7 7_15 7_16 7_5 8_16 8_6 9_15,3_12 3_5 6_7 7_7 8_7,10_15 11_17 1_12 2_4 2_5 3_7 3_8 4_9 5_14 5_9 6_6 6_9 7_8 8_15 8_8 9_14,,0.250000,0.250000,0.212121,0.428571,0.333333,0.538462,0.428571,0.081081,0.538462
2025-11-18,B1: Static prior,31,0.419355,0.650000,3_10 3_11 4_10 4_8 4_9 5_14 5_9 7_15 7_16 7_8 8_15 9_14 9_15,3_14 5_15 5_8 6_14 6_15 6_7 9_16,10_15 11_17 1_12 2_4 2_5 3_13 3_15 3_6 3_7 3_8 3_9 5_7 6_6 6_9 7_5 8_16 8_6 8_8,0.250000,,0.428571,0.290323,0.538462,0.600000,0.538462,0.379310,0.025641,0.538462
2025-11-18,TTM,31,0.354839,0.550000,3_10 3_11 3_7 3_9 4_10 4_9 5_9 7_5 8_8 9_14 9_15,3_12 3_14 5_8 6_15 6_3 6_4 6_7 7_9 9_16,10_15 11_17 1_12 2_4 2_5 3_13 3_15 3_6 3_8 4_8 5_14 5_7 6_6 6_9 7_15 7_16 7_8 8_15 8_16 8_6,0.250000,0.428571,,0.142857,0.428571,0.428571,0.481481,0.290323,0.025641,0.481481
2025-11-18,ET,31,0.322581,0.500000,3_10 3_13 3_8 5_9 7_15 7_16 8_15 8_16 9_14 9_15,10_14 3_16 4_11 5_15 6_13 6_8 7_7 8_14 8_9 9_16,10_15 11_17 1_12 2_4 2_5 3_11 3_15 3_6 3_7 3_9 4_10 4_8 4_9 5_14 5_7 6_6 6_9 7_5 7_8 8_6 8_8,0.212121,0.290323,0.142857,,0.212121,0.250000,0.212121,0.176471,0.081081,0.212121
2025-11-18,B5: B2+B3,31,0.451613,0.700000,3_10 3_11 3_15 3_6 3_9 4_10 4_8 4_9 5_9 7_15 7_16 7_8 8_8 9_14,3_12 3_14 5_15 6_15 6_7 7_7,10_15 11_17 1_12 2_4 2_5 3_13 3_7 3_8 5_14 5_7 6_6 6_9 7_5 8_15 8_16 8_6 9_15,0.428571,0.538462,0.428571,0.212121,,0.739130,0.818182,0.739130,0.081081,0.818182
2025-11-18,B4: B1+B3,31,0.451613,0.700000,3_10 3_11 3_9 4_10 4_8 4_9 5_9 7_15 7_16 7_8 8_15 8_6 8_8 9_14,3_12 3_14 5_15 6_15 6_7 8_14,10_15 11_17 1_12 2_4 2_5 3_13 3_15 3_6 3_7 3_8 5_14 5_7 6_6 6_9 7_5 8_16 9_15,0.333333,0.600000,0.428571,0.250000,0.739130,,0.600000,0.666667,0.052632,0.600000
2025-11-18,B2: Recent MA,31,0.483871,0.750000,3_10 3_11 3_15 3_6 3_9 4_10 4_8 4_9 5_9 7_15 7_16 7_5 7_8 9_14 9_15,3_12 3_14 6_15 6_7 7_7,10_15 11_17 1_12 2_4 2_5 3_13 3_7 3_8 5_14 5_7 6_6 6_9 8_15 8_16 8_6 8_8,0.538462,0.538462,0.481481,0.212121,0.818182,0.600000,,0.600000,0.081081,1.000000
2025-11-18,B3: DoY season,31,0.419355,0.650000,3_10 3_11 3_15 3_6 3_9 4_10 4_8 4_9 7_15 7_16 7_8 8_6 8_8,3_12 3_14 5_15 6_15 7_3 7_7 8_14,10_15 11_17 1_12 2_4 2_5 3_13 3_7 3_8 5_14 5_7 5_9 6_6 6_9 7_5 8_15 8_16 9_14 9_15,0.428571,0.379310,0.290323,0.176471,0.739130,0.666667,0.600000,,0.081081,0.600000
2025-11-18,B0: Random,31,0.064516,0.100000,3_15 7_16,0_0 10_1 10_9 1_19 2_0 2_2 2_3 3_12 5_17 5_6 6_8 7_12 7_13 7_6 8_12 8_3 8_9 9_7,10_15 11_17 1_12 2_4 2_5 3_10 3_11 3_13 3_6 3_7 3_8 3_9 4_10 4_8 4_9 5_14 5_7 5_9 6_6 6_9 7_15 7_5 7_8 8_15 8_16 8_6 8_8 9_14 9_15,0.081081,0.025641,0.025641,0.081081,0.081081,0.052632,0.081081,0.081081,,0.081081
2025-11-19,GLM-Logit,28,0.464286,0.650000,3_10 3_11 3_14 3_15 3_9 4_10 4_8 4_9 5_9 6_7 7_5 8_16 9_14,3_6 6_15 7_15 7_16 7_7 7_8 9_15,1_12 2_11 2_4 2_5 3_13 3_16 5_15 5_8 6_6 7_4 8_15 8_3 8_6 8_7 9_3,0.538462,0.538462,0.538462,0.250000,0.739130,0.538462,0.904762,0.428571,0.081081,
2025-11-19,HierBayes,28,0.392857,0.550000,3_10 3_11 3_13 3_15 3_9 4_10 4_8 6_7 7_5 8_16 8_6,3_12 3_5 3_6 5_7 7_15 7_16 7_6 7_7 9_15,1_12 2_11 2_4 2_5 3_14 3_16 4_9 5_15 5_8 5_9 6_6 7_4 8_15 8_3 8_7 9_14 9_3,,0.250000,0.290323,0.212121,0.481481,0.333333,0.600000,0.428571,0.081081,0.538462
2025-11-19,B1: Static prior,28,0.428571,0.600000,3_10 3_11 3_14 4_10 4_8 4_9 5_15 5_8 5_9 6_7 8_15 9_14,5_14 6_14 6_15 7_15 7_16 7_8 9_15 9_16,1_12 2_11 2_4 2_5 3_13 3_15 3_16 3_9 6_6 7_4 7_5 8_16 8_3 8_6 8_7 9_3,0.250000,,0.666667,0.290323,0.481481,0.600000,0.481481,0.333333,0.081081,0.538462
2025-11-19,TTM,28,0.392857,0.550000,3_10 3_11 3_14 4_10 4_8 4_9 5_8 5_9 6_7 7_5 9_14,3_12 3_7 5_14 6_15 7_15 7_8 8_8 9_15 9_16,1_12 2_11 2_4 2_5 3_13 3_15 3_16 3_9 5_15 6_6 7_4 8_15 8_16 8_3 8_6 8_7 9_3,0.290323,0.666667,,0.176471,0.538462,0.481481,0.538462,0.379310,0.081081,0.538462
2025-11-19,ET,28,0.285714,0.400000,3_10 3_13 3_16 5_15 5_9 8_15 8_16 9_14,10_14 3_8 4_11 6_13 6_8 7_15 7_16 7_7 8_14 8_9 9_15 9_16,1_12 2_11 2_4 2_5 3_11 3_14 3_15 3_9 4_10 4_8 4_9 5_8 6_6 6_7 7_4 7_5 8_3 8_6 8_7 9_3,0.212121,0.290323,0.176471,,0.176471,0.290323,0.250000,0.142857,0.052632,0.250000
2025-11-19,B5: B2+B3,28,0.392857,0.550000,3_10 3_11 3_14 3_15 3_9 4_10 4_8 4_9 5_9 6_7 9_14,3_12 3_6 5_7 6_15 7_15 7_16 7_7 7_8 8_8,1_12 2_11 2_4 2_5 3_13 3_16 5_15 5_8 6_6 7_4 7_5 8_15 8_16 8_3 8_6 8_7 9_3,0.481481,0.481481,0.538462,0.176471,,0.666667,0.739130,0.600000,0.052632,0.739130
2025-11-19,B4: B1+B3,28,0.392857,0.550000,3_10 3_11 3_9 4_10 4_8 4_9 5_15 5_9 6_7 8_15 9_14,3_12 6_14 6_15 7_15 7_16 7_7 7_8 8_14 8_8,1_12 2_11 2_4 2_5 3_13 3_14 3_15 3_16 5_8 6_6 7_4 7_5 8_16 8_3 8_6 8_7 9_3,0.333333,0.600000,0.481481,0.290323,0.666667,,0.538462,0.600000,0.052632,0.538462
2025-11-19,B2: Recent MA,28,0.464286,0.650000,3_10 3_11 3_14 3_15 3_9 4_10 4_8 4_9 5_9 6_7 7_5 8_16 9_14,3_12 3_6 7_15 7_16 7_7 7_8 9_15,1_12 2_11 2_4 2_5 3_13 3_16 5_15 5_8 6_6 7_4 8_15 8_3 8_6 8_7 9_3,0.600000,0.481481,0.538462,0.250000,0.739130,0.538462,,0.428571,0.081081,0.904762
2025-11-19,B3: DoY season,28,0.357143,0.500000,2_4 3_10 3_11 3_9 4_10 4_8 4_9 5_15 6_7 8_6,3_12 3_6 5_7 6_15 7_15 7_3 7_7 7_8 8_14 8_8,1_12 2_11 2_5 3_13 3_14 3_15 3_16 5_8 5_9 6_6 7_4 7_5 8_15 8_16 8_3 8_7 9_14 9_3,0.428571,0.333333,0.379310,0.142857,0.600000,0.600000,0.428571,,0.052632,0.428571
2025-11-19,B0: Random,28,0.107143,0.150000,3_10 4_8 6_6,10_13 11_1 11_16 12_11 12_15 1_13 1_2 1_7 2_10 2_8 4_13 4_17 4_7 5_3 5_6 7_0 9_15,1_12 2_11 2_4 2_5 3_11 3_13 3_14 3_15 3_16 3_9 4_10 4_9 5_15 5_8 5_9 6_7 7_4 7_5 8_15 8_16 8_3 8_6 8_7 9_14 9_3,0.081081,0.081081,0.081081,0.052632,0.052632,0.052632,0.081081,0.052632,,0.081081
2025-11-20,GLM-Logit,26,0.461538,0.600000,3_10 3_11 3_15 3_9 4_9 7_15 7_5 7_7 7_8 8_16 9_14 9_15,3_14 3_6 4_10 4_8 5_9 6_15 6_7 7_16,1_11 2_4 2_5 4_13 5_3 5_7 6_12 6_4 6_6 7_3 7_4 7_6 8_8 9_3,0.600000,0.538462,0.538462,0.250000,0.739130,0.538462,0.904762,0.428571,0.052632,
2025-11-20,HierBayes,26,0.423077,0.550000,3_10 3_11 3_15 3_9 5_7 7_15 7_5 7_6 7_7 8_16 9_15,3_13 3_14 3_5 3_6 4_10 4_8 6_7 7_16 8_6,1_11 2_4 2_5 4_13 4_9 5_3 6_12 6_4 6_6 7_3 7_4 7_8 8_8 9_14 9_3,,0.290323,0.290323,0.212121,0.481481,0.290323,0.600000,0.428571,0.025641,0.600000
2025-11-20,B1: Static prior,26,0.269231,0.350000,3_10 3_11 4_9 7_15 7_8 9_14 9_15,3_14 4_10 4_8 5_14 5_15 5_8 5_9 6_14 6_15 6_7 7_16 8_15 9_16,1_11 2_4 2_5 3_15 3_9 4_13 5_3 5_7 6_12 6_4 6_6 7_3 7_4 7_5 7_6 7_7 8_16 8_8 9_3,0.290323,,0.538462,0.290323,0.481481,0.666667,0.481481,0.333333,0.025641,0.538462
2025-11-20,TTM,26,0.346154,0.450000,3_10 3_11 4_9 7_5 7_8 8_16 8_8 9_14 9_15,3_12 3_14 3_6 4_8 5_14 5_8 5_9 6_15 6_3 6_7 9_16,1_11 2_4 2_5 3_15 3_9 4_13 5_3 5_7 6_12 6_4 6_6 7_15 7_3 7_4 7_6 7_7 9_3,0.290323,0.538462,,0.176471,0.481481,0.428571,0.538462,0.290323,0.052632,0.538462
2025-11-20,ET,26,0.230769,0.300000,3_10 7_15 7_7 8_16 9_14 9_15,10_14 3_13 3_16 3_8 4_11 5_15 5_9 6_13 6_8 7_16 8_14 8_15 8_9 9_16,1_11 2_4 2_5 3_11 3_15 3_9 4_13 4_9 5_3 5_7 6_12 6_4 6_6 7_3 7_4 7_5 7_6 7_8 8_8 9_3,0.212121,0.290323,0.176471,,0.176471,0.250000,0.250000,0.176471,0.081081,0.250000
2025-11-20,B5: B2+B3,26,0.423077,0.550000,3_10 3_11 3_15 3_9 4_9 5_7 7_15 7_7 7_8 8_8 9_14,3_12 3_14 3_6 4_10 4_8 5_9 6_15 6_7 7_16,1_11 2_4 2_5 4_13 5_3 6_12 6_4 6_6 7_3 7_4 7_5 7_6 8_16 9_15 9_3,0.481481,0.481481,0.481481,0.176471,,0.666667,0.739130,0.600000,0.025641,0.739130
2025-11-20,B4: B1+B3,26,0.307692,0.400000,3_10 3_11 3_9 4_9 7_15 7_8 8_8 9_14,3_12 3_14 4_10 4_8 5_15 5_9 6_14 6_15 6_7 7_16 8_14 8_15,1_11 2_4 2_5 3_15 4_13 5_3 5_7 6_12 6_4 6_6 7_3 7_4 7_5 7_6 7_7 8_16 9_15 9_3,0.290323,0.666667,0.428571,0.250000,0.666667,,0.538462,0.538462,0.025641,0.538462
2025-11-20,B2: Recent MA,26,0.461538,0.600000,3_10 3_11 3_15 3_9 4_9 7_15 7_5 7_7 7_8 8_16 9_14 9_15,3_12 3_14 3_6 4_10 4_8 5_9 6_7 7_16,1_11 2_4 2_5 4_13 5_3 5_7 6_12 6_4 6_6 7_3 7_4 7_6 8_8 9_3,0.600000,0.481481,0.538462,0.250000,0.739130,0.538462,,0.428571,0.025641,0.904762
2025-11-20,B3: DoY season,26,0.346154,0.450000,2_4 3_10 3_9 4_9 5_7 7_15 7_3 7_7 8_8,3_12 3_14 3_6 4_10 4_8 5_15 6_15 6_7 7_16 8_14 8_6,1_11 2_5 3_11 3_15 4_13 5_3 6_12 6_4 6_6 7_4 7_5 7_6 7_8 8_16 9_14 9_15 9_3,0.428571,0.333333,0.290323,0.176471,0.600000,0.538462,0.428571,,0.025641,0.428571
2025-11-20,B0: Random,26,0.076923,0.100000,5_3 8_16,0_4 10_5 11_11 11_16 11_3 12_0 1_10 2_2 4_11 4_15 5_11 5_2 6_0 6_13 6_15 8_0 8_17 8_4,1_11 2_4 2_5 3_10 3_11 3_15 3_9 4_13 4_9 5_7 6_12 6_4 6_6 7_15 7_3 7_4 7_5 7_6 7_7 7_8 8_8 9_14 9_15 9_3,0.025641,0.025641,0.052632,0.081081,0.025641,0.025641,0.025641,0.025641,,0.052632
2025-11-21,GLM-Logit,24,0.583333,0.700000,3_10 3_11 3_14 3_15 3_9 4_10 4_8 4_9 7_16 7_5 7_7 7_8 8_16 9_15,3_6 5_9 6_15 6_7 7_15 9_14,1_12 2_4 3_12 3_13 4_15 6_12 6_5 7_3 7_6 7_9,0.600000,0.538462,0.428571,0.250000,0.818182,0.538462,0.818182,0.538462,0.025641,
2025-11-21,HierBayes,24,0.583333,0.700000,3_10 3_11 3_13 3_14 3_15 3_9 4_10 4_8 7_16 7_5 7_6 7_7 8_16 9_15,3_5 3_6 5_7 6_7 7_15 8_6,1_12 2_4 3_12 4_15 4_9 6_12 6_5 7_3 7_8 7_9,,0.290323,0.212121,0.212121,0.481481,0.290323,0.600000,0.428571,0.052632,0.600000
2025-11-21,B1: Static prior,24,0.375000,0.450000,3_10 3_11 3_14 4_10 4_8 4_9 7_16 7_8 9_15,5_14 5_15 5_8 5_9 6_14 6_15 6_7 7_15 8_15 9_14 9_16,1_12 2_4 3_12 3_13 3_15 3_9 4_15 6_12 6_5 7_3 7_5 7_6 7_7 7_9 8_16,0.290323,,0.538462,0.290323,0.481481,0.666667,0.428571,0.379310,0.025641,0.538462
2025-11-21,TTM,24,0.375000,0.450000,3_10 3_11 3_12 3_14 4_9 7_3 7_5 7_8 9_15,5_14 5_8 5_9 6_15 6_3 6_4 6_7 7_15 8_8 9_14 9_16,1_12 2_4 3_13 3_15 3_9 4_10 4_15 4_8 6_12 6_5 7_16 7_6 7_7 7_9 8_16,0.212121,0.538462,,0.176471,0.481481,0.428571,0.428571,0.290323,0.025641,0.428571
2025-11-21,ET,24,0.250000,0.300000,3_10 3_13 7_16 7_7 8_16 9_15,10_14 3_16 3_8 4_11 5_15 5_9 6_13 6_8 7_15 8_14 8_15 8_9 9_14 9_16,1_12 2_4 3_11 3_12 3_14 3_15 3_9 4_10 4_15 4_8 4_9 6_12 6_5 7_3 7_5 7_6 7_8 7_9,0.212121,0.290323,0.176471,,0.176471,0.290323,0.212121,0.176471,0.052632,0.250000
2025-11-21,B5: B2+B3,24,0.541667,0.650000,3_10 3_11 3_12 3_14 3_15 3_9 4_10 4_8 4_9 7_16 7_5 7_7 7_8,3_6 5_9 6_15 6_7 7_15 8_8 9_14,1_12 2_4 3_13 4_15 6_12 6_5 7_3 7_6 7_9 8_16 9_15,0.481481,0.481481,0.481481,0.176471,,0.666667,0.739130,0.666667,0.025641,0.818182
2025-11-21,B4: B1+B3,24,0.416667,0.500000,3_10 3_11 3_12 3_14 4_10 4_8 4_9 7_16 7_7 7_8,5_15 5_9 6_14 6_15 6_7 7_15 8_14 8_15 8_8 9_14,1_12 2_4 3_13 3_15 3_9 4_15 6_12 6_5 7_3 7_5 7_6 7_9 8_16 9_15,0.290323,0.666667,0.428571,0.290323,0.666667,,0.481481,0.600000,0.025641,0.538462
2025-11-21,B2: Recent MA,24,0.583333,0.700000,3_10 3_11 3_12 3_14 3_15 3_9 4_10 4_8 4_9 7_5 7_7 7_8 8_16 9_15,3_6 5_7 5_9 6_7 7_15 9_14,1_12 2_4 3_13 4_15 6_12 6_5 7_16 7_3 7_6 7_9,0.600000,0.428571,0.428571,0.212121,0.739130,0.481481,,0.481481,0.025641,0.818182
2025-11-21,B3: DoY season,24,0.500000,0.600000,2_4 3_10 3_12 3_14 3_15 3_9 4_10 4_8 4_9 7_16 7_7 7_8,3_6 5_15 6_15 6_7 7_15 8_14 8_6 8_8,1_12 3_11 3_13 4_15 6_12 6_5 7_3 7_5 7_6 7_9 8_16 9_15,0.428571,0.379310,0.290323,0.176471,0.666667,0.600000,0.481481,,0.025641,0.538462
2025-11-21,B0: Random,24,0.083333,0.100000,7_16 7_3,0_1 0_12 0_16 0_4 11_0 11_1 12_10 12_16 12_4 12_9 1_13 2_14 2_16 3_7 3_8 4_7 5_7 7_10,1_12 2_4 3_10 3_11 3_12 3_13 3_14 3_15 3_9 4_10 4_15 4_8 4_9 6_12 6_5 7_5 7_6 7_7 7_8 7_9 8_16 9_15,0.052632,0.025641,0.025641,0.052632,0.025641,0.025641,0.025641,0.025641,,0.025641
2025-11-22,GLM-Logit,26,0.576923,0.750000,3_10 3_11 3_12 3_13 3_15 3_9 4_10 4_9 6_7 7_15 7_5 7_7 7_8 8_16 9_14,3_14 4_8 5_9 7_16 9_15,0_12 1_12 2_3 2_5 4_15 4_4 6_3 6_4 7_4 7_6 8_3,0.600000,0.481481,0.428571,0.290323,0.818182,0.538462,0.904762,0.428571,0.111111,
2025-11-22,HierBayes,26,0.461538,0.600000,3_10 3_11 3_13 3_15 3_9 4_10 6_7 7_15 7_5 7_6 7_7 8_16,3_14 3_5 3_6 4_8 5_7 7_16 8_6 9_15,0_12 1_12 2_3 2_5 3_12 4_15 4_4 4_9 6_3 6_4 7_4 7_8 8_3 9_14,,0.290323,0.250000,0.212121,0.481481,0.290323,0.600000,0.379310,0.081081,0.600000
2025-11-22,B1: Static prior,26,0.307692,0.400000,3_10 3_11 4_10 4_9 6_7 7_15 7_8 9_14,3_14 4_8 5_14 5_15 5_8 5_9 6_14 6_15 7_16 8_15 9_15 9_16,0_12 1_12 2_3 2_5 3_12 3_13 3_15 3_9 4_15 4_4 6_3 6_4 7_4 7_5 7_6 7_7 8_16 8_3,0.290323,,0.538462,0.290323,0.481481,0.666667,0.481481,0.428571,0.025641,0.481481
2025-11-22,TTM,26,0.384615,0.500000,3_10 3_11 3_9 4_9 6_4 6_7 7_15 7_5 7_8 9_14,3_14 3_7 5_8 5_9 6_15 6_8 8_15 8_8 9_15 9_16,0_12 1_12 2_3 2_5 3_12 3_13 3_15 4_10 4_15 4_4 6_3 7_4 7_6 7_7 8_16 8_3,0.250000,0.538462,,0.250000,0.481481,0.481481,0.428571,0.290323,0.025641,0.428571
2025-11-22,ET,26,0.230769,0.300000,3_10 3_13 7_15 7_7 8_16 9_14,10_14 3_16 3_8 4_11 5_15 5_9 6_13 6_8 7_16 8_14 8_15 8_9 9_15 9_16,0_12 1_12 2_3 2_5 3_11 3_12 3_15 3_9 4_10 4_15 4_4 4_9 6_3 6_4 6_7 7_4 7_5 7_6 7_8 8_3,0.212121,0.290323,0.250000,,0.212121,0.250000,0.250000,0.176471,0.081081,0.290323
2025-11-22,B5: B2+B3,26,0.538462,0.700000,3_10 3_11 3_12 3_15 3_9 4_10 4_9 6_7 7_15 7_5 7_7 7_8 8_16 9_14,3_14 4_8 5_9 6_15 7_16 8_8,0_12 1_12 2_3 2_5 3_13 4_15 4_4 6_3 6_4 7_4 7_6 8_3,0.481481,0.481481,0.481481,0.212121,,0.666667,0.818182,0.538462,0.081081,0.818182
2025-11-22,B4: B1+B3,26,0.384615,0.500000,3_10 3_11 3_12 3_9 4_10 4_9 6_7 7_15 7_8 9_14,3_14 4_8 5_15 5_9 6_14 6_15 7_16 8_14 8_15 8_8,0_12 1_12 2_3 2_5 3_13 3_15 4_15 4_4 6_3 6_4 7_4 7_5 7_6 7_7 8_16 8_3,0.290323,0.666667,0.481481,0.250000,0.666667,,0.538462,0.666667,0.052632,0.538462
2025-11-22,B2: Recent MA,26,0.538462,0.700000,3_10 3_11 3_12 3_15 3_9 4_10 4_9 6_7 7_15 7_5 7_7 7_8 8_16 9_14,3_14 4_8 5_7 5_9 7_16 9_15,0_12 1_12 2_3 2_5 3_13 4_15 4_4 6_3 6_4 7_4 7_6 8_3,0.600000,0.481481,0.428571,0.250000,0.818182,0.538462,,0.428571,0.081081,0.904762
2025-11-22,B3: DoY season,26,0.346154,0.450000,3_10 3_12 3_9 4_10 4_9 6_7 7_15 7_7 7_8,2_4 3_14 3_6 4_8 5_15 6_14 6_15 7_16 8_14 8_6 8_8,0_12 1_12 2_3 2_5 3_11 3_13 3_15 4_15 4_4 6_3 6_4 7_4 7_5 7_6 8_16 8_3 9_14,0.379310,0.428571,0.290323,0.176471,0.538462,0.666667,0.428571,,0.111111,0.428571
2025-11-22,B0: Random,26,0.230769,0.300000,3_12 3_13 4_10 6_4 7_4 7_7,0_11 11_0 11_13 11_8 11_9 12_16 1_19 2_4 3_16 5_19 7_1 7_11 8_19 9_19,0_12 1_12 2_3 2_5 3_10 3_11 3_15 3_9 4_15 4_4 4_9 6_3 6_7 7_15 7_5 7_6 7_8 8_16 8_3 9_14,0.081081,0.025641,0.025641,0.081081,0.081081,0.052632,0.081081,0.111111,,0.111111
2025-11-23,GLM-Logit,23,0.391304,0.450000,3_10 3_11 3_14 3_15 3_9 4_10 4_9 7_5 8_16,3_12 3_13 4_8 5_9 6_7 7_15 7_16 7_7 7_8 9_14 9_15,0_12 1_12 2_13 2_4 4_11 5_7 6_12 6_2 7_3 7_4 8_15 8_3 8_6 9_9,0.600000,0.481481,0.481481,0.290323,0.818182,0.538462,0.818182,0.481481,0.000000,
2025-11-23,HierBayes,23,0.391304,0.450000,3_10 3_11 3_15 3_9 4_10 5_7 7_5 8_16 8_6,3_13 3_5 3_6 4_8 6_7 7_15 7_16 7_6 7_7 7_8 9_15,0_12 1_12 2_13 2_4 3_14 4_11 4_9 6_12 6_2 7_3 7_4 8_15 8_3 9_9,,0.290323,0.250000,0.212121,0.538462,0.290323,0.600000,0.290323,0.000000,0.600000
2025-11-23,B1: Static prior,23,0.260870,0.300000,3_10 3_11 3_14 4_10 4_9 8_15,4_8 5_14 5_15 5_8 5_9 6_14 6_15 6_7 7_15 7_16 7_8 9_14 9_15 9_16,0_12 1_12 2_13 2_4 3_15 3_9 4_11 5_7 6_12 6_2 7_3 7_4 7_5 8_16 8_3 8_6 9_9,0.290323,,0.538462,0.290323,0.481481,0.666667,0.428571,0.538462,0.052632,0.481481
2025-11-23,TTM,23,0.304348,0.350000,3_10 3_11 3_14 3_9 4_9 7_5 8_15,10_17 3_12 3_7 5_8 5_9 6_15 6_7 6_8 7_15 7_8 9_14 9_15 9_16,0_12 1_12 2_13 2_4 3_15 4_10 4_11 5_7 6_12 6_2 7_3 7_4 8_16 8_3 8_6 9_9,0.250000,0.538462,,0.250000,0.481481,0.481481,0.481481,0.379310,0.000000,0.481481
2025-11-23,ET,23,0.173913,0.200000,3_10 4_11 8_15 8_16,10_14 3_13 3_16 3_8 5_15 5_9 6_13 6_8 7_15 7_16 7_7 8_14 8_9 9_14 9_15 9_16,0_12 1_12 2_13 2_4 3_11 3_14 3_15 3_9 4_10 4_9 5_7 6_12 6_2 7_3 7_4 7_5 8_3 8_6 9_9,0.212121,0.290323,0.250000,,0.212121,0.250000,0.212121,0.176471,0.052632,0.290323
2025-11-23,B5: B2+B3,23,0.391304,0.450000,3_10 3_11 3_14 3_15 3_9 4_10 4_9 7_5 8_16,3_12 3_6 4_8 5_9 6_15 6_7 7_15 7_16 7_7 7_8 9_14,0_12 1_12 2_13 2_4 4_11 5_7 6_12 6_2 7_3 7_4 8_15 8_3 8_6 9_9,0.538462,0.481481,0.481481,0.212121,,0.600000,0.818182,0.538462,0.000000,0.818182
2025-11-23,B4: B1+B3,23,0.304348,0.350000,3_10 3_11 3_14 3_9 4_10 4_9 8_15,3_12 4_8 5_15 5_9 6_14 6_15 6_7 7_15 7_16 7_8 8_14 8_8 9_14,0_12 1_12 2_13 2_4 3_15 4_11 5_7 6_12 6_2 7_3 7_4 7_5 8_16 8_3 8_6 9_9,0.290323,0.666667,0.481481,0.250000,0.600000,,0.481481,0.818182,0.025641,0.538462
2025-11-23,B2: Recent MA,23,0.434783,0.500000,3_10 3_11 3_14 3_15 3_9 4_10 4_9 5_7 7_5 8_16,3_12 3_6 4_8 5_9 6_7 7_15 7_7 7_8 9_14 9_15,0_12 1_12 2_13 2_4 4_11 6_12 6_2 7_3 7_4 8_15 8_3 8_6 9_9,0.600000,0.428571,0.481481,0.212121,0.818182,0.481481,,0.428571,0.000000,0.818182
2025-11-23,B3: DoY season,23,0.347826,0.400000,2_4 3_10 3_11 3_14 3_9 4_10 4_9 7_3,3_12 4_8 5_15 5_9 6_14 6_15 6_7 7_15 7_16 7_8 8_14 8_8,0_12 1_12 2_13 3_15 4_11 5_7 6_12 6_2 7_4 7_5 8_15 8_16 8_3 8_6 9_9,0.290323,0.538462,0.379310,0.176471,0.538462,0.818182,0.428571,,0.025641,0.481481
2025-11-23,B0: Random,23,0.043478,0.050000,4_11,0_0 0_17 10_0 10_19 10_4 10_9 11_12 12_10 1_1 1_13 1_17 2_0 3_0 4_0 5_14 5_15 6_18 6_19 9_0,0_12 1_12 2_13 2_4 3_10 3_11 3_14 3_15 3_9 4_10 4_9 5_7 6_12 6_2 7_3 7_4 7_5 8_15 8_16 8_3 8_6 9_9,0.000000,0.052632,0.000000,0.052632,0.000000,0.025641,0.000000,0.025641,,0.000000
2025-11-24,GLM-Logit,17,0.647059,0.550000,3_10 3_11 3_13 3_15 3_9 4_10 4_8 4_9 7_16 7_7 7_8,3_14 5_7 5_9 6_7 7_15 7_5 8_16 9_14 9_15,2_13 3_6 6_14 6_15 6_4 8_8,0.666667,0.481481,0.379310,0.290323,0.818182,0.481481,0.904762,0.379310,0.025641,
2025-11-24,HierBayes,17,0.588235,0.500000,3_10 3_11 3_13 3_15 3_6 3_9 4_10 4_8 7_16 7_7,3_14 3_5 5_7 6_7 7_15 7_5 7_6 8_16 8_6 9_15,2_13 4_9 6_14 6_15 6_4 7_8 8_8,,0.290323,0.250000,0.212121,0.600000,0.290323,0.600000,0.290323,0.025641,0.666667
2025-11-24,B1: Static prior,17,0.529412,0.450000,3_10 3_11 4_10 4_8 4_9 6_14 6_15 7_16 7_8,3_14 5_14 5_15 5_8 5_9 6_7 7_15 8_15 9_14 9_15 9_16,2_13 3_13 3_15 3_6 3_9 6_4 7_7 8_8,0.290323,,0.481481,0.290323,0.428571,0.666667,0.428571,0.428571,0.025641,0.481481
2025-11-24,TTM,17,0.588235,0.500000,3_10 3_11 3_9 4_10 4_9 6_14 6_15 6_4 7_8 8_8,3_12 3_7 5_8 6_7 6_8 7_15 7_5 9_14 9_15 9_16,2_13 3_13 3_15 3_6 4_8 7_16 7_7,0.250000,0.481481,,0.176471,0.428571,0.538462,0.428571,0.333333,0.052632,0.379310
2025-11-24,ET,17,0.235294,0.200000,3_10 3_13 7_16 7_7,10_14 3_16 3_8 4_11 5_15 5_9 6_13 6_8 7_15 8_14 8_15 8_16 8_9 9_14 9_15 9_16,2_13 3_11 3_15 3_6 3_9 4_10 4_8 4_9 6_14 6_15 6_4 7_8 8_8,0.212121,0.290323,0.176471,,0.212121,0.250000,0.250000,0.176471,0.025641,0.290323
2025-11-24,B5: B2+B3,17,0.705882,0.600000,3_10 3_11 3_13 3_15 3_9 4_10 4_8 4_9 6_15 7_16 7_7 7_8,3_12 3_14 5_7 6_7 7_15 7_5 8_16 9_14,2_13 3_6 6_14 6_4 8_8,0.600000,0.428571,0.428571,0.212121,,0.538462,0.818182,0.428571,0.052632,0.818182
2025-11-24,B4: B1+B3,17,0.647059,0.550000,3_10 3_11 3_9 4_10 4_8 4_9 6_14 6_15 7_16 7_8 8_8,3_12 3_14 5_15 5_9 6_7 7_15 8_14 9_14 9_16,2_13 3_13 3_15 3_6 6_4 7_7,0.290323,0.666667,0.538462,0.250000,0.538462,,0.481481,0.666667,0.081081,0.481481
2025-11-24,B2: Recent MA,17,0.588235,0.500000,3_10 3_11 3_13 3_15 3_9 4_10 4_8 4_9 7_7 7_8,3_12 3_14 5_7 5_9 6_7 7_15 7_5 8_16 9_14 9_15,2_13 3_6 6_14 6_15 6_4 7_16 8_8,0.600000,0.428571,0.428571,0.250000,0.818182,0.481481,,0.379310,0.052632,0.904762
2025-11-24,B3: DoY season,17,0.529412,0.450000,3_10 3_11 3_9 4_10 4_8 4_9 6_15 7_16 8_8,2_4 3_12 3_14 4_4 5_15 5_4 5_9 6_7 7_15 7_3 8_14,2_13 3_13 3_15 3_6 6_14 6_4 7_7 7_8,0.290323,0.428571,0.333333,0.176471,0.428571,0.666667,0.379310,,0.081081,0.379310
2025-11-24,B0: Random,17,0.058824,0.050000,8_8,0_9 10_7 12_11 1_14 1_4 2_0 2_10 2_16 2_7 3_1 3_12 3_14 3_8 5_10 8_10 8_13 8_7 9_0 9_18,2_13 3_10 3_11 3_13 3_15 3_6 3_9 4_10 4_8 4_9 6_14 6_15 6_4 7_16 7_7 7_8,0.025641,0.025641,0.052632,0.025641,0.052632,0.081081,0.052632,0.081081,,0.025641
2025-11-25,GLM-Logit,21,0.476190,0.500000,3_10 3_13 3_14 3_15 3_6 3_9 4_9 7_15 7_7 7_8,3_11 4_10 4_8 5_7 6_7 7_16 7_5 8_16 9_14 9_15,10_16 1_12 2_4 3_16 6_4 7_4 8_2 8_4 8_6 8_7 8_8,0.739130,0.428571,0.379310,0.250000,0.818182,0.428571,0.904762,0.428571,0.025641,
2025-11-25,HierBayes,21,0.476190,0.500000,3_10 3_13 3_14 3_15 3_6 3_9 7_15 7_7 7_8 8_6,3_11 3_5 4_10 4_8 5_7 7_16 7_5 7_6 8_16 9_15,10_16 1_12 2_4 3_16 4_9 6_4 7_4 8_2 8_4 8_7 8_8,,0.290323,0.250000,0.212121,0.600000,0.290323,0.739130,0.333333,0.025641,0.739130
2025-11-25,B1: Static prior,21,0.238095,0.250000,3_10 3_14 4_9 7_15 7_8,3_11 4_10 4_8 5_14 5_15 5_8 5_9 6_14 6_15 6_7 7_16 8_15 9_14 9_15 9_16,10_16 1_12 2_4 3_13 3_15 3_16 3_6 3_9 6_4 7_4 7_7 8_2 8_4 8_6 8_7 8_8,0.290323,,0.600000,0.290323,0.428571,0.739130,0.379310,0.379310,0.052632,0.428571
2025-11-25,TTM,21,0.333333,0.350000,3_10 3_14 3_9 4_9 7_15 7_8 8_8,3_11 3_12 5_14 5_8 5_9 6_15 6_7 6_8 7_5 8_15 9_14 9_15 9_16,10_16 1_12 2_4 3_13 3_15 3_16 3_6 6_4 7_4 7_7 8_2 8_4 8_6 8_7,0.250000,0.600000,,0.250000,0.428571,0.538462,0.379310,0.333333,0.081081,0.379310
2025-11-25,ET,21,0.238095,0.250000,3_10 3_13 3_16 7_15 7_7,10_14 3_8 4_11 5_15 5_9 6_13 6_8 7_16 8_14 8_15 8_16 8_9 9_14 9_15 9_16,10_16 1_12 2_4 3_14 3_15 3_6 3_9 4_9 6_4 7_4 7_8 8_2 8_4 8_6 8_7 8_8,0.212121,0.290323,0.250000,,0.212121,0.290323,0.250000,0.212121,0.111111,0.250000
2025-11-25,B5: B2+B3,21,0.428571,0.450000,3_10 3_13 3_14 3_15 3_9 4_9 7_15 7_7 7_8,3_11 3_12 4_10 4_8 5_7 6_15 6_7 7_16 7_5 8_16 9_14,10_16 1_12 2_4 3_16 3_6 6_4 7_4 8_2 8_4 8_6 8_7 8_8,0.600000,0.428571,0.428571,0.212121,,0.538462,0.818182,0.538462,0.025641,0.818182
2025-11-25,B4: B1+B3,21,0.285714,0.300000,3_10 3_14 3_9 4_9 7_15 7_8,3_11 3_12 4_10 4_8 5_15 5_9 6_14 6_15 6_7 7_16 8_14 8_15 9_14 9_16,10_16 1_12 2_4 3_13 3_15 3_16 3_6 6_4 7_4 7_7 8_2 8_4 8_6 8_7 8_8,0.290323,0.739130,0.538462,0.290323,0.538462,,0.428571,0.538462,0.052632,0.428571
2025-11-25,B2: Recent MA,21,0.476190,0.500000,3_10 3_13 3_14 3_15 3_6 3_9 4_9 7_15 7_7 7_8,3_11 3_12 4_10 4_8 5_7 7_16 7_5 8_16 9_14 9_15,10_16 1_12 2_4 3_16 6_4 7_4 8_2 8_4 8_6 8_7 8_8,0.739130,0.379310,0.379310,0.250000,0.818182,0.428571,,0.428571,0.025641,0.904762
2025-11-25,B3: DoY season,21,0.380952,0.400000,2_4 3_10 3_13 3_14 3_15 3_9 4_9 7_15,3_11 3_12 3_5 4_8 5_15 5_4 6_15 6_7 7_16 7_3 8_14 9_14,10_16 1_12 3_16 3_6 6_4 7_4 7_7 7_8 8_2 8_4 8_6 8_7 8_8,0.333333,0.379310,0.333333,0.212121,0.538462,0.538462,0.428571,,0.052632,0.428571
2025-11-25,B0: Random,21,0.047619,0.050000,8_8,10_12 11_0 11_11 11_13 2_1 5_13 5_14 6_13 6_16 6_8 6_9 7_0 7_16 8_13 8_14 9_18 9_4 9_5 9_7,10_16 1_12 2_4 3_10 3_13 3_14 3_15 3_16 3_6 3_9 4_9 6_4 7_15 7_4 7_7 7_8 8_2 8_4 8_6 8_7,0.025641,0.052632,0.081081,0.111111,0.025641,0.052632,0.025641,0.052632,,0.025641
2025-11-26,GLM-Logit,22,0.545455,0.600000,3_10 3_11 3_13 3_14 3_9 4_10 4_8 4_9 5_7 6_7 7_8 9_14,3_15 3_6 7_15 7_16 7_5 7_7 8_16 9_15,1_12 3_5 5_3 6_14 6_4 7_4 7_6 8_4 8_6 8_9,0.739130,0.428571,0.379310,0.250000,0.818182,0.428571,0.904762,0.379310,0.052632,
2025-11-26,HierBayes,22,0.545455,0.600000,3_10 3_11 3_13 3_14 3_5 3_9 4_10 4_8 5_7 7_4 7_8 8_6,3_15 3_6 7_15 7_16 7_5 7_7 8_16 9_15,1_12 4_9 5_3 6_14 6_4 6_7 7_6 8_4 8_9 9_14,,0.290323,0.290323,0.212121,0.600000,0.290323,0.739130,0.333333,0.052632,0.739130
2025-11-26,B1: Static prior,22,0.454545,0.500000,3_10 3_11 3_14 4_10 4_8 4_9 6_14 6_7 7_8 9_14,5_14 5_15 5_8 5_9 6_15 7_15 7_16 8_15 9_15 9_16,1_12 3_13 3_5 3_9 5_3 5_7 6_4 7_4 7_6 8_4 8_6 8_9,0.290323,,0.481481,0.290323,0.428571,0.666667,0.379310,0.428571,0.052632,0.428571
2025-11-26,TTM,22,0.409091,0.450000,3_10 3_11 3_14 3_9 4_8 4_9 6_4 7_8 9_14,3_12 5_14 5_8 5_9 6_15 7_5 7_7 8_5 8_8 9_15 9_16,1_12 3_13 3_5 4_10 5_3 5_7 6_14 6_7 7_4 7_6 8_4 8_6 8_9,0.290323,0.481481,,0.176471,0.428571,0.428571,0.428571,0.333333,0.052632,0.379310
2025-11-26,ET,22,0.181818,0.200000,3_10 3_13 8_9 9_14,10_14 3_16 3_8 4_11 5_15 5_9 6_13 6_8 7_15 7_16 7_7 8_14 8_15 8_16 9_15 9_16,1_12 3_11 3_14 3_5 3_9 4_10 4_8 4_9 5_3 5_7 6_14 6_4 6_7 7_4 7_6 7_8 8_4 8_6,0.212121,0.290323,0.176471,,0.212121,0.290323,0.250000,0.176471,0.000000,0.250000
2025-11-26,B5: B2+B3,22,0.500000,0.550000,3_10 3_11 3_13 3_14 3_9 4_10 4_8 4_9 6_7 7_8 9_14,3_12 3_15 3_6 6_15 7_15 7_16 7_5 7_7 8_16,1_12 3_5 5_3 5_7 6_14 6_4 7_4 7_6 8_4 8_6 8_9,0.600000,0.428571,0.428571,0.212121,,0.538462,0.818182,0.481481,0.052632,0.818182
2025-11-26,B4: B1+B3,22,0.454545,0.500000,3_10 3_11 3_14 3_9 4_10 4_8 4_9 6_7 7_8 9_14,2_4 3_12 5_15 5_9 6_15 7_15 7_16 8_14 8_15 9_16,1_12 3_13 3_5 5_3 5_7 6_14 6_4 7_4 7_6 8_4 8_6 8_9,0.290323,0.666667,0.428571,0.290323,0.538462,,0.428571,0.666667,0.052632,0.428571
2025-11-26,B2: Recent MA,22,0.500000,0.550000,3_10 3_11 3_13 3_14 3_9 4_10 4_8 4_9 5_7 7_8 9_14,3_12 3_15 3_6 7_15 7_16 7_5 7_7 8_16 9_15,1_12 3_5 5_3 6_14 6_4 6_7 7_4 7_6 8_4 8_6 8_9,0.739130,0.379310,0.428571,0.250000,0.818182,0.428571,,0.379310,0.052632,0.904762
2025-11-26,B3: DoY season,22,0.409091,0.450000,3_10 3_11 3_14 3_5 3_9 4_8 4_9 6_7 7_8,2_4 3_12 3_15 5_15 5_4 5_9 6_15 7_15 7_16 7_3 8_14,1_12 3_13 4_10 5_3 5_7 6_14 6_4 7_4 7_6 8_4 8_6 8_9 9_14,0.333333,0.428571,0.333333,0.176471,0.481481,0.666667,0.379310,,0.052632,0.379310
2025-11-26,B0: Random,22,0.090909,0.100000,3_11 7_8,10_10 10_13 10_19 10_5 11_5 12_15 12_16 2_11 2_13 2_3 2_5 3_4 4_17 5_12 6_0 6_12 6_18 6_19,1_12 3_10 3_13 3_14 3_5 3_9 4_10 4_8 4_9 5_3 5_7 6_14 6_4 6_7 7_4 7_6 8_4 8_6 8_9 9_14,0.052632,0.052632,0.052632,0.000000,0.052632,0.052632,0.052632,0.052632,,0.052632
2025-11-27,GLM-Logit,17,0.529412,0.450000,3_10 3_11 3_6 3_9 4_10 4_9 6_7 7_5 7_8,3_13 3_14 3_15 4_8 5_7 7_15 7_16 7_7 8_16 8_6 9_14,0_12 2_4 5_14 5_9 6_14 8_5 8_7 9_9,0.739130,0.379310,0.333333,0.212121,0.904762,0.481481,0.904762,0.379310,0.000000,
2025-11-27,HierBayes,17,0.470588,0.400000,3_10 3_11 3_6 3_9 4_10 4_9 7_5 7_8,3_13 3_14 3_15 3_5 4_8 5_7 7_16 7_4 7_6 7_7 8_16 8_6,0_12 2_4 5_14 5_9 6_14 6_7 8_5 8_7 9_9,,0.250000,0.290323,0.142857,0.666667,0.379310,0.666667,0.333333,0.000000,0.739130
2025-11-27,B1: Static prior,17,0.529412,0.450000,3_10 3_11 4_10 4_9 5_14 5_9 6_14 6_7 7_8,3_14 4_8 5_15 5_8 6_15 7_15 7_16 8_15 9_14 9_15 9_16,0_12 2_4 3_6 3_9 7_5 8_5 8_7 9_9,0.250000,,0.481481,0.290323,0.428571,0.666667,0.428571,0.538462,0.025641,0.379310
2025-11-27,TTM,17,0.588235,0.500000,3_10 3_11 3_6 3_9 4_9 5_14 5_9 7_5 7_8 8_5,10_16 3_14 5_8 6_15 6_4 7_16 8_8 9_14 9_15 9_16,0_12 2_4 4_10 6_14 6_7 8_7 9_9,0.290323,0.481481,,0.176471,0.379310,0.379310,0.379310,0.333333,0.025641,0.333333
2025-11-27,ET,17,0.117647,0.100000,3_10 5_9,10_14 3_13 3_16 3_8 4_11 5_15 6_13 6_8 7_15 7_16 7_7 8_14 8_15 8_16 8_9 9_14 9_15 9_16,0_12 2_4 3_11 3_6 3_9 4_10 4_9 5_14 6_14 6_7 7_5 7_8 8_5 8_7 9_9,0.142857,0.290323,0.176471,,0.212121,0.290323,0.250000,0.250000,0.025641,0.212121
2025-11-27,B5: B2+B3,17,0.529412,0.450000,3_10 3_11 3_6 3_9 4_10 4_9 6_7 7_5 7_8,3_13 3_14 3_15 4_8 5_7 6_15 7_15 7_16 7_7 8_16 9_14,0_12 2_4 5_14 5_9 6_14 8_5 8_7 9_9,0.666667,0.428571,0.379310,0.212121,,0.481481,0.904762,0.428571,0.000000,0.904762
2025-11-27,B4: B1+B3,17,0.470588,0.400000,3_10 3_11 3_9 4_10 4_9 5_9 6_7 7_8,3_14 3_5 4_8 5_15 6_15 7_15 7_16 8_14 8_15 8_6 9_14 9_16,0_12 2_4 3_6 5_14 6_14 7_5 8_5 8_7 9_9,0.379310,0.666667,0.379310,0.290323,0.481481,,0.428571,0.739130,0.025641,0.481481
2025-11-27,B2: Recent MA,17,0.529412,0.450000,3_10 3_11 3_6 3_9 4_10 4_9 6_7 7_5 7_8,3_13 3_14 3_15 4_8 5_7 7_15 7_16 7_7 8_16 9_14 9_15,0_12 2_4 5_14 5_9 6_14 8_5 8_7 9_9,0.666667,0.428571,0.379310,0.250000,0.904762,0.428571,,0.379310,0.000000,0.904762
2025-11-27,B3: DoY season,17,0.470588,0.400000,2_4 3_10 3_11 3_9 4_9 5_9 6_7 7_8,3_12 3_14 3_15 3_5 4_8 5_15 6_15 7_15 7_16 8_14 8_15 9_16,0_12 3_6 4_10 5_14 6_14 7_5 8_5 8_7 9_9,0.333333,0.538462,0.333333,0.250000,0.428571,0.739130,0.379310,,0.025641,0.379310
2025-11-27,B0: Random,17,0.058824,0.050000,5_9,0_1 0_17 0_7 10_0 11_1 11_10 11_16 1_1 2_14 2_9 3_2 4_18 5_16 5_18 7_11 7_2 8_13 8_2 9_19,0_12 2_4 3_10 3_11 3_6 3_9 4_10 4_9 5_14 6_14 6_7 7_5 7_8 8_5 8_7 9_9,0.000000,0.025641,0.025641,0.025641,0.000000,0.025641,0.000000,0.025641,,0.000000
2025-11-28,GLM-Logit,14,0.500000,0.350000,3_10 3_6 3_9 4_9 7_7 7_8 9_15,3_11 3_13 3_14 3_15 4_10 4_8 5_7 6_7 7_15 7_16 7_5 8_16 9_14,0_12 1_11 1_12 2_4 6_14 6_15 7_6,0.818182,0.428571,0.481481,0.250000,0.818182,0.428571,1.000000,0.379310,0.081081,
2025-11-28,HierBayes,14,0.571429,0.400000,3_10 3_6 3_9 4_9 7_6 7_7 7_8 9_15,3_11 3_13 3_14 3_15 4_10 4_8 5_7 6_7 7_16 7_5 8_16 8_6,0_12 1_11 1_12 2_4 6_14 6_15,,0.333333,0.379310,0.176471,0.666667,0.333333,0.818182,0.333333,0.081081,0.818182
2025-11-28,B1: Static prior,14,0.428571,0.300000,3_10 4_9 6_14 6_15 7_8 9_15,3_11 3_14 4_10 4_8 5_14 5_15 5_8 5_9 6_7 7_15 7_16 8_15 9_14 9_16,0_12 1_11 1_12 2_4 3_6 3_9 7_6 7_7,0.333333,,0.666667,0.290323,0.428571,0.739130,0.428571,0.600000,0.081081,0.428571
2025-11-28,TTM,14,0.428571,0.300000,3_10 3_9 4_9 6_15 7_8 9_15,3_11 3_14 4_8 5_8 5_9 6_4 6_7 7_15 7_16 7_5 8_15 8_8 9_14 9_16,0_12 1_11 1_12 2_4 3_6 6_14 7_6 7_7,0.379310,0.666667,,0.250000,0.481481,0.600000,0.481481,0.538462,0.081081,0.481481
2025-11-28,ET,14,0.214286,0.150000,3_10 7_7 9_15,10_14 3_13 3_16 3_8 4_11 5_15 5_9 6_13 6_8 7_15 7_16 8_14 8_15 8_16 8_9 9_14 9_16,0_12 1_11 1_12 2_4 3_6 3_9 4_9 6_14 6_15 7_6 7_8,0.176471,0.290323,0.250000,,0.212121,0.290323,0.250000,0.250000,0.052632,0.250000
2025-11-28,B5: B2+B3,14,0.500000,0.350000,3_10 3_6 3_9 4_9 6_15 7_7 7_8,3_11 3_12 3_13 3_14 3_15 4_10 4_8 6_7 7_15 7_16 7_5 8_16 9_14,0_12 1_11 1_12 2_4 6_14 7_6 9_15,0.666667,0.428571,0.481481,0.212121,,0.538462,0.818182,0.481481,0.052632,0.818182
2025-11-28,B4: B1+B3,14,0.357143,0.250000,3_10 3_9 4_9 6_15 7_8,3_11 3_12 3_14 4_10 4_8 5_14 5_15 5_9 6_7 7_15 7_16 8_14 8_15 9_14 9_16,0_12 1_11 1_12 2_4 3_6 6_14 7_6 7_7 9_15,0.333333,0.739130,0.600000,0.290323,0.538462,,0.428571,0.818182,0.025641,0.428571
2025-11-28,B2: Recent MA,14,0.500000,0.350000,3_10 3_6 3_9 4_9 7_7 7_8 9_15,3_11 3_13 3_14 3_15 4_10 4_8 5_7 6_7 7_15 7_16 7_5 8_16 9_14,0_12 1_11 1_12 2_4 6_14 6_15 7_6,0.818182,0.428571,0.481481,0.250000,0.818182,0.428571,,0.379310,0.081081,1.000000
2025-11-28,B3: DoY season,14,0.357143,0.250000,3_10 3_9 4_9 6_15 7_8,3_11 3_12 3_14 3_15 3_5 4_8 5_14 5_15 5_9 6_7 7_15 7_16 8_14 8_15 9_16,0_12 1_11 1_12 2_4 3_6 6_14 7_6 7_7 9_15,0.333333,0.600000,0.538462,0.250000,0.481481,0.818182,0.379310,,0.025641,0.379310
2025-11-28,B0: Random,14,0.142857,0.100000,6_14 9_15,0_4 0_5 11_1 12_15 12_9 1_18 2_10 2_14 2_6 3_0 3_2 5_16 5_18 7_1 7_15 7_5 8_0 8_6,0_12 1_11 1_12 2_4 3_10 3_6 3_9 4_9 6_15 7_6 7_7 7_8,0.081081,0.081081,0.081081,0.052632,0.052632,0.025641,0.081081,0.025641,,0.081081
2025-11-29,GLM-Logit,14,0.500000,0.350000,3_10 3_11 3_14 4_10 4_9 7_15 7_8,3_13 3_15 3_6 3_9 4_8 5_7 6_7 7_16 7_5 7_7 8_16 9_14 9_15,2_12 3_5 4_12 4_15 5_9 7_6 8_15,0.739130,0.428571,0.428571,0.250000,0.904762,0.428571,0.904762,0.333333,0.000000,
2025-11-29,HierBayes,14,0.500000,0.350000,3_10 3_11 3_14 4_10 4_9 7_6 7_8,3_13 3_15 3_6 3_9 4_8 5_7 7_16 7_4 7_5 7_7 8_16 8_6 9_15,2_12 3_5 4_12 4_15 5_9 7_15 8_15,,0.290323,0.333333,0.176471,0.666667,0.290323,0.739130,0.250000,0.000000,0.739130
2025-11-29,B1: Static prior,14,0.642857,0.450000,3_10 3_11 3_14 4_10 4_9 5_9 7_15 7_8 8_15,4_8 5_14 5_15 5_8 6_14 6_15 6_7 7_16 9_14 9_15 9_16,2_12 3_5 4_12 4_15 7_6,0.290323,,0.600000,0.290323,0.481481,0.739130,0.379310,0.481481,0.000000,0.428571
2025-11-29,TTM,14,0.571429,0.400000,3_10 3_11 3_14 4_9 5_9 7_15 7_8 8_15,3_9 4_8 5_8 6_15 6_4 7_16 7_3 7_5 8_8 9_14 9_15 9_16,2_12 3_5 4_10 4_12 4_15 7_6,0.333333,0.600000,,0.250000,0.481481,0.538462,0.379310,0.428571,0.000000,0.428571
2025-11-29,ET,14,0.285714,0.200000,3_10 5_9 7_15 8_15,10_14 3_13 3_16 3_8 4_11 5_15 6_13 6_8 7_16 7_7 8_14 8_16 8_9 9_14 9_15 9_16,2_12 3_11 3_14 3_5 4_10 4_12 4_15 4_9 7_6 7_8,0.176471,0.290323,0.250000,,0.250000,0.290323,0.212121,0.212121,0.025641,0.250000
2025-11-29,B5: B2+B3,14,0.500000,0.350000,3_10 3_11 3_14 4_10 4_9 7_15 7_8,3_13 3_15 3_6 3_9 4_8 6_15 6_7 7_16 7_5 7_7 8_16 9_14 9_15,2_12 3_5 4_12 4_15 5_9 7_6 8_15,0.666667,0.481481,0.481481,0.250000,,0.481481,0.818182,0.379310,0.000000,0.904762
2025-11-29,B4: B1+B3,14,0.642857,0.450000,3_10 3_11 3_14 4_10 4_9 5_9 7_15 7_8 8_15,3_12 3_9 4_8 5_14 5_15 6_15 6_7 7_16 8_14 9_14 9_16,2_12 3_5 4_12 4_15 7_6,0.290323,0.739130,0.538462,0.290323,0.481481,,0.379310,0.666667,0.000000,0.428571
2025-11-29,B2: Recent MA,14,0.500000,0.350000,3_10 3_11 3_14 4_10 4_9 7_15 7_8,3_13 3_15 3_6 3_9 4_8 5_7 6_7 7_5 7_7 8_16 8_6 9_14 9_15,2_12 3_5 4_12 4_15 5_9 7_6 8_15,0.739130,0.379310,0.379310,0.212121,0.818182,0.379310,,0.290323,0.000000,0.904762
2025-11-29,B3: DoY season,14,0.571429,0.400000,3_10 3_11 3_14 3_5 4_9 7_15 7_8 8_15,2_4 3_12 3_15 3_9 5_14 5_15 6_15 6_7 7_16 7_3 8_14 9_16,2_12 4_10 4_12 4_15 5_9 7_6,0.250000,0.481481,0.428571,0.212121,0.379310,0.666667,0.290323,,0.025641,0.333333
2025-11-29,B0: Random,14,0.071429,0.050000,3_5,0_10 0_14 0_7 12_15 12_2 12_9 1_18 1_8 2_0 2_10 2_9 3_3 4_16 4_19 5_19 6_0 7_10 8_17 8_9,2_12 3_10 3_11 3_14 4_10 4_12 4_15 4_9 5_9 7_15 7_6 7_8 8_15,0.000000,0.000000,0.000000,0.025641,0.000000,0.000000,0.000000,0.025641,,0.000000
2025-11-30,GLM-Logit,9,0.555556,0.250000,3_11 3_9 4_9 7_15 7_5,3_10 3_13 3_14 3_15 3_6 4_10 4_8 5_9 6_7 7_16 7_7 7_8 8_16 9_14 9_15,1_12 1_3 7_14 8_6,0.666667,0.481481,0.428571,0.290323,0.818182,0.481481,0.904762,0.333333,0.081081,
2025-11-30,HierBayes,9,0.555556,0.250000,3_11 3_9 4_9 7_5 8_6,3_10 3_13 3_14 3_15 3_6 4_10 4_8 5_7 7_16 7_4 7_6 7_7 7_8 8_16 9_15,1_12 1_3 7_14 7_15,,0.290323,0.290323,0.176471,0.600000,0.290323,0.666667,0.250000,0.081081,0.666667
2025-11-30,B1: Static prior,9,0.333333,0.150000,3_11 4_9 7_15,3_10 3_14 4_10 4_8 5_14 5_15 5_8 5_9 6_14 6_15 6_7 7_16 7_8 8_15 9_14 9_15 9_16,1_12 1_3 3_9 7_14 7_5 8_6,0.290323,,0.481481,0.290323,0.428571,0.739130,0.428571,0.428571,0.052632,0.481481
2025-11-30,TTM,9,0.555556,0.250000,3_11 3_9 4_9 7_15 7_5,3_10 3_7 4_10 5_14 5_8 5_9 6_15 6_4 6_8 7_8 8_16 8_8 9_14 9_15 9_16,1_12 1_3 7_14 8_6,0.290323,0.481481,,0.250000,0.428571,0.428571,0.428571,0.250000,0.081081,0.428571
2025-11-30,ET,9,0.111111,0.050000,7_15,10_14 3_10 3_13 3_16 3_8 4_11 5_15 5_9 6_13 6_8 7_16 7_7 8_14 8_15 8_16 8_9 9_14 9_15 9_16,1_12 1_3 3_11 3_9 4_9 7_14 7_5 8_6,0.176471,0.290323,0.250000,,0.212121,0.290323,0.250000,0.176471,0.025641,0.290323
2025-11-30,B5: B2+B3,9,0.555556,0.250000,3_11 3_9 4_9 7_15 7_5,3_10 3_12 3_13 3_14 3_15 3_6 4_10 4_8 6_15 6_7 7_7 7_8 8_16 9_14 9_15,1_12 1_3 7_14 8_6,0.600000,0.428571,0.428571,0.212121,,0.481481,0.818182,0.379310,0.081081,0.818182
2025-11-30,B4: B1+B3,9,0.444444,0.200000,3_11 3_9 4_9 7_15,3_10 3_12 3_14 4_10 4_8 5_14 5_15 5_9 6_15 6_7 7_16 7_8 8_14 8_15 9_14 9_16,1_12 1_3 7_14 7_5 8_6,0.290323,0.739130,0.428571,0.290323,0.481481,,0.428571,0.600000,0.052632,0.481481
2025-11-30,B2: Recent MA,9,0.555556,0.250000,3_11 3_9 4_9 7_15 7_5,3_10 3_13 3_14 3_15 3_6 4_10 4_8 5_7 5_9 6_7 7_7 7_8 8_16 9_14 9_15,1_12 1_3 7_14 8_6,0.666667,0.428571,0.428571,0.250000,0.818182,0.428571,,0.290323,0.081081,0.904762
2025-11-30,B3: DoY season,9,0.444444,0.200000,3_11 3_9 4_9 7_15,2_4 3_10 3_12 3_14 3_15 3_5 4_12 5_14 5_15 6_15 6_7 7_16 7_3 7_8 8_14 8_15,1_12 1_3 7_14 7_5 8_6,0.250000,0.428571,0.250000,0.176471,0.379310,0.600000,0.290323,,0.052632,0.333333
2025-11-30,B0: Random,9,0.111111,0.050000,3_9,0_8 10_18 10_2 10_3 11_1 11_11 1_11 3_0 3_15 4_11 4_8 5_10 5_8 6_4 8_0 8_7 9_0 9_10 9_7,1_12 1_3 3_11 4_9 7_14 7_15 7_5 8_6,0.081081,0.052632,0.081081,0.025641,0.081081,0.052632,0.081081,0.052632,,0.081081
2025-12-01,GLM-Logit,17,0.588235,0.500000,3_10 3_11 3_13 3_14 3_9 4_10 7_15 7_5 7_8 9_14,3_15 3_6 4_8 4_9 5_9 6_7 7_7 8_16 8_6 9_15,2_4 6_12 6_6 7_16 8_2 8_7 8_8,0.739130,0.428571,0.333333,0.290323,0.818182,0.428571,0.818182,0.333333,0.000000,
2025-12-01,HierBayes,17,0.588235,0.500000,3_10 3_11 3_13 3_14 3_9 4_10 7_15 7_16 7_5 7_8,3_15 3_6 4_8 4_9 5_7 7_6 7_7 8_16 8_6 9_15,2_4 6_12 6_6 8_2 8_7 8_8 9_14,,0.333333,0.250000,0.212121,0.666667,0.333333,0.739130,0.250000,0.000000,0.739130
2025-12-01,B1: Static prior,17,0.470588,0.400000,3_10 3_11 3_14 4_10 7_15 7_16 7_8 9_14,4_8 4_9 5_14 5_15 5_8 5_9 6_14 6_15 6_7 8_15 9_15 9_16,2_4 3_13 3_9 6_12 6_6 7_5 8_2 8_7 8_8,0.333333,,0.428571,0.481481,0.428571,0.739130,0.379310,0.428571,0.000000,0.428571
2025-12-01,TTM,17,0.470588,0.400000,3_10 3_11 3_9 4_10 7_15 7_5 8_8 9_14,3_12 4_9 5_14 5_8 5_9 6_15 6_3 6_4 6_8 9_12 9_15 9_16,2_4 3_13 3_14 6_12 6_6 7_16 7_8 8_2 8_7,0.250000,0.428571,,0.379310,0.379310,0.428571,0.290323,0.290323,0.025641,0.333333
2025-12-01,ET,17,0.411765,0.350000,3_11 3_14 4_10 7_15 7_5 8_8 9_14,10_14 3_12 4_9 5_14 5_15 6_14 6_15 6_7 8_14 8_15 8_6 8_9 9_16,2_4 3_10 3_13 3_9 6_12 6_6 7_16 7_8 8_2 8_7,0.212121,0.481481,0.379310,,0.333333,0.538462,0.250000,0.428571,0.000000,0.290323
2025-12-01,B5: B2+B3,17,0.588235,0.500000,3_10 3_11 3_13 3_14 3_9 4_10 7_15 7_5 7_8 9_14,3_12 3_15 3_6 4_8 4_9 6_15 6_7 7_7 8_16 9_15,2_4 6_12 6_6 7_16 8_2 8_7 8_8,0.666667,0.428571,0.379310,0.333333,,0.481481,0.818182,0.428571,0.000000,0.818182
2025-12-01,B4: B1+B3,17,0.529412,0.450000,3_10 3_11 3_14 3_9 4_10 7_15 7_16 7_8 9_14,3_12 4_8 4_9 5_14 5_15 5_9 6_15 6_7 8_14 8_15 9_16,2_4 3_13 6_12 6_6 7_5 8_2 8_7 8_8,0.333333,0.739130,0.428571,0.538462,0.481481,,0.379310,0.600000,0.000000,0.428571
2025-12-01,B2: Recent MA,17,0.588235,0.500000,3_10 3_11 3_13 3_14 3_9 4_10 7_15 7_5 7_8 9_14,1_12 3_15 3_6 4_8 4_9 5_7 6_7 7_7 8_16 9_15,2_4 6_12 6_6 7_16 8_2 8_7 8_8,0.739130,0.379310,0.290323,0.250000,0.818182,0.379310,,0.333333,0.025641,0.818182
2025-12-01,B3: DoY season,17,0.470588,0.400000,2_4 3_10 3_11 3_14 3_9 7_15 7_8 9_14,3_12 3_15 3_5 4_12 4_9 5_14 5_15 6_13 6_15 6_7 8_14 8_15,3_13 4_10 6_12 6_6 7_16 7_5 8_2 8_7 8_8,0.250000,0.428571,0.290323,0.428571,0.428571,0.600000,0.333333,,0.025641,0.333333
2025-12-01,B0: Random,17,0.000000,0.000000,,0_19 12_16 12_4 1_0 1_1 1_12 2_2 2_6 2_8 3_8 4_12 4_3 4_4 5_4 6_8 7_17 8_0 8_12 8_18 9_17,2_4 3_10 3_11 3_13 3_14 3_9 4_10 6_12 6_6 7_15 7_16 7_5 7_8 8_2 8_7 8_8 9_14,0.000000,0.000000,0.025641,0.000000,0.000000,0.000000,0.025641,0.025641,,0.000000
2025-12-02,GLM-Logit,11,0.545455,0.300000,3_10 3_9 4_10 4_9 7_15 7_16,3_11 3_13 3_14 3_15 3_6 4_8 6_7 7_5 7_7 7_8 8_16 8_6 9_14 9_15,1_12 6_15 6_2 7_4 8_8,0.818182,0.428571,0.250000,0.290323,0.818182,0.379310,0.904762,0.428571,0.000000,
2025-12-02,HierBayes,11,0.545455,0.300000,3_10 3_9 4_10 4_9 7_15 7_16,3_11 3_13 3_14 3_15 3_6 4_8 5_7 7_5 7_6 7_7 7_8 8_16 8_6 9_15,1_12 6_15 6_2 7_4 8_8,,0.333333,0.176471,0.212121,0.666667,0.290323,0.739130,0.333333,0.000000,0.818182
2025-12-02,B1: Static prior,11,0.545455,0.300000,3_10 4_10 4_9 6_15 7_15 7_16,3_11 3_14 4_8 5_14 5_15 5_8 5_9 6_14 6_7 7_8 8_15 9_14 9_15 9_16,1_12 3_9 6_2 7_4 8_8,0.333333,,0.481481,0.481481,0.428571,0.818182,0.379310,0.538462,0.025641,0.428571
2025-12-02,TTM,11,0.454545,0.250000,3_10 3_9 4_9 6_15 8_8,3_11 3_12 3_14 5_14 5_8 5_9 6_3 6_4 6_6 6_7 8_15 8_5 9_14 9_15 9_16,1_12 4_10 6_2 7_15 7_16 7_4,0.176471,0.481481,,0.379310,0.290323,0.538462,0.250000,0.379310,0.025641,0.250000
2025-12-02,ET,11,0.454545,0.250000,4_10 4_9 6_15 7_15 8_8,10_14 3_11 3_12 3_14 5_14 5_15 6_14 6_7 7_5 8_14 8_15 8_6 8_9 9_14 9_16,1_12 3_10 3_9 6_2 7_16 7_4,0.212121,0.481481,0.379310,,0.290323,0.538462,0.290323,0.481481,0.000000,0.290323
2025-12-02,B5: B2+B3,11,0.636364,0.350000,1_12 3_10 3_9 4_10 4_9 6_15 7_15,3_11 3_13 3_14 3_15 3_6 4_8 6_7 7_5 7_7 7_8 8_16 9_14 9_15,6_2 7_16 7_4 8_8,0.666667,0.428571,0.290323,0.290323,,0.379310,0.904762,0.428571,0.000000,0.818182
2025-12-02,B4: B1+B3,11,0.636364,0.350000,3_10 3_9 4_10 4_9 6_15 7_15 7_16,3_11 3_12 3_14 5_14 5_15 5_8 5_9 6_14 6_7 7_8 8_15 9_14 9_16,1_12 6_2 7_4 8_8,0.290323,0.818182,0.538462,0.538462,0.379310,,0.333333,0.666667,0.025641,0.379310
2025-12-02,B2: Recent MA,11,0.545455,0.300000,1_12 3_10 3_9 4_10 4_9 7_15,3_11 3_13 3_14 3_15 3_6 4_8 6_7 7_5 7_7 7_8 8_16 8_6 9_14 9_15,6_15 6_2 7_16 7_4 8_8,0.739130,0.379310,0.250000,0.290323,0.904762,0.333333,,0.379310,0.000000,0.904762
2025-12-02,B3: DoY season,11,0.636364,0.350000,3_10 3_9 4_10 4_9 6_15 7_15 7_16,2_4 3_11 3_12 3_14 3_15 4_12 5_14 5_15 6_7 7_8 8_14 8_15 9_14,1_12 6_2 7_4 8_8,0.333333,0.538462,0.379310,0.481481,0.428571,0.666667,0.379310,,0.000000,0.428571
2025-12-02,B0: Random,11,0.000000,0.000000,,0_13 0_15 0_5 10_1 10_19 12_3 1_10 1_17 1_19 1_9 2_12 2_13 3_0 3_19 4_5 5_9 8_13 9_10 9_13 9_6,1_12 3_10 3_9 4_10 4_9 6_15 6_2 7_15 7_16 7_4 8_8,0.000000,0.025641,0.025641,0.000000,0.000000,0.025641,0.000000,0.000000,,0.000000
2025-12-03,GLM-Logit,14,0.714286,0.500000,3_11 3_15 3_9 4_10 4_9 7_16 7_5 7_8 8_16 9_14,3_10 3_13 3_14 3_6 4_8 6_7 7_15 7_7 8_6 9_15,1_12 6_14 7_4 8_3,0.818182,0.428571,0.250000,0.290323,0.818182,0.379310,0.818182,0.379310,0.111111,
2025-12-03,HierBayes,14,0.642857,0.450000,3_11 3_15 3_9 4_10 4_9 7_16 7_5 7_8 8_16,3_10 3_13 3_14 3_6 4_8 5_7 7_15 7_6 7_7 8_6 9_15,1_12 6_14 7_4 8_3 9_14,,0.333333,0.212121,0.212121,0.666667,0.290323,0.818182,0.290323,0.111111,0.818182
2025-12-03,B1: Static prior,14,0.500000,0.350000,3_11 4_10 4_9 6_14 7_16 7_8 9_14,3_10 3_14 4_8 5_14 5_15 5_8 5_9 6_15 6_7 7_15 8_15 9_15 9_16,1_12 3_15 3_9 7_4 7_5 8_16 8_3,0.333333,,0.428571,0.481481,0.379310,0.818182,0.333333,0.481481,0.052632,0.428571
2025-12-03,TTM,14,0.428571,0.300000,3_11 3_9 4_9 6_14 7_5 9_14,3_10 3_12 5_14 5_8 5_9 6_15 6_4 6_8 7_15 7_3 8_5 8_8 9_15 9_16,1_12 3_15 4_10 7_16 7_4 7_8 8_16 8_3,0.212121,0.428571,,0.379310,0.250000,0.481481,0.250000,0.290323,0.052632,0.250000
2025-12-03,ET,14,0.428571,0.300000,3_11 4_10 4_9 6_14 7_5 9_14,10_14 3_12 3_14 5_14 5_15 6_15 6_7 7_15 8_14 8_15 8_6 8_8 8_9 9_16,1_12 3_15 3_9 7_16 7_4 7_8 8_16 8_3,0.212121,0.481481,0.379310,,0.333333,0.538462,0.250000,0.481481,0.081081,0.290323
2025-12-03,B5: B2+B3,14,0.714286,0.500000,1_12 3_11 3_15 3_9 4_10 4_9 7_5 7_8 8_16 9_14,3_10 3_13 3_14 3_6 4_8 6_15 6_7 7_15 7_7 8_6,6_14 7_16 7_4 8_3,0.666667,0.379310,0.250000,0.333333,,0.379310,0.818182,0.428571,0.111111,0.818182
2025-12-03,B4: B1+B3,14,0.571429,0.400000,3_11 3_9 4_10 4_9 6_14 7_16 7_8 9_14,3_10 3_12 3_14 5_14 5_15 5_8 5_9 6_15 6_7 7_15 8_15 9_16,1_12 3_15 7_4 7_5 8_16 8_3,0.290323,0.818182,0.481481,0.538462,0.379310,,0.290323,0.600000,0.052632,0.379310
2025-12-03,B2: Recent MA,14,0.714286,0.500000,1_12 3_11 3_15 3_9 4_10 4_9 7_5 7_8 8_16 9_14,3_10 3_13 3_14 3_6 4_8 7_15 7_6 7_7 8_6 9_15,6_14 7_16 7_4 8_3,0.818182,0.333333,0.250000,0.250000,0.818182,0.290323,,0.333333,0.111111,0.818182
2025-12-03,B3: DoY season,14,0.500000,0.350000,3_11 3_15 3_9 4_10 4_9 7_8 9_14,1_3 2_4 3_10 3_12 3_14 4_12 5_14 5_15 6_15 6_7 7_15 8_14 8_15,1_12 6_14 7_16 7_4 7_5 8_16 8_3,0.290323,0.481481,0.290323,0.481481,0.428571,0.600000,0.333333,,0.081081,0.379310
2025-12-03,B0: Random,14,0.214286,0.150000,3_15 4_10 7_5,0_5 10_12 10_6 11_6 12_16 1_16 1_2 3_7 4_11 5_13 5_4 6_10 6_13 6_16 6_9 7_15 8_17,1_12 3_11 3_9 4_9 6_14 7_16 7_4 7_8 8_16 8_3 9_14,0.111111,0.052632,0.052632,0.081081,0.111111,0.052632,0.111111,0.081081,,0.111111
2025-12-04,GLM-Logit,13,0.461538,0.300000,3_10 3_11 3_9 4_10 7_15 7_8,3_13 3_14 3_15 3_6 4_8 4_9 6_7 7_16 7_5 7_7 8_16 8_6 9_14 9_15,1_12 2_11 2_4 4_12 5_3 5_4 8_14,0.739130,0.428571,0.379310,0.290323,0.818182,0.379310,0.904762,0.379310,0.025641,
2025-12-04,HierBayes,13,0.461538,0.300000,3_10 3_11 3_9 4_10 7_15 7_8,3_13 3_14 3_15 3_6 4_8 4_9 5_7 7_16 7_4 7_5 7_6 7_7 8_16 8_6,1_12 2_11 2_4 4_12 5_3 5_4 8_14,,0.290323,0.290323,0.212121,0.739130,0.290323,0.739130,0.333333,0.025641,0.739130
2025-12-04,B1: Static prior,13,0.384615,0.250000,3_10 3_11 4_10 7_15 7_8,3_14 4_8 4_9 5_14 5_15 5_8 5_9 6_14 6_15 6_7 7_16 8_15 9_14 9_15 9_16,1_12 2_11 2_4 3_9 4_12 5_3 5_4 8_14,0.290323,,0.481481,0.481481,0.379310,0.818182,0.379310,0.428571,0.025641,0.428571
2025-12-04,TTM,13,0.307692,0.200000,3_10 3_11 3_9 7_15,3_12 3_14 3_6 4_8 4_9 5_8 5_9 6_15 6_4 7_5 8_15 8_5 8_8 9_14 9_15 9_16,1_12 2_11 2_4 4_10 4_12 5_3 5_4 7_8 8_14,0.290323,0.481481,,0.379310,0.379310,0.481481,0.379310,0.333333,0.052632,0.379310
2025-12-04,ET,13,0.307692,0.200000,3_11 4_10 7_15 8_14,10_14 3_12 3_14 4_9 5_14 5_15 6_14 6_15 6_7 7_5 8_15 8_6 8_8 8_9 9_14 9_16,1_12 2_11 2_4 3_10 3_9 4_12 5_3 5_4 7_8,0.212121,0.481481,0.379310,,0.290323,0.538462,0.250000,0.481481,0.052632,0.290323
2025-12-04,B5: B2+B3,13,0.538462,0.350000,1_12 3_10 3_11 3_9 4_10 7_15 7_8,3_13 3_14 3_15 3_6 4_8 4_9 6_15 7_16 7_5 7_7 8_16 8_6 9_14,2_11 2_4 4_12 5_3 5_4 8_14,0.739130,0.379310,0.379310,0.290323,,0.379310,0.904762,0.379310,0.025641,0.818182
2025-12-04,B4: B1+B3,13,0.461538,0.300000,3_10 3_11 3_9 4_10 7_15 7_8,3_12 3_14 4_9 5_14 5_15 5_8 5_9 6_14 6_15 6_7 7_16 8_15 9_14 9_16,1_12 2_11 2_4 4_12 5_3 5_4 8_14,0.290323,0.818182,0.481481,0.538462,0.379310,,0.333333,0.538462,0.025641,0.379310
2025-12-04,B2: Recent MA,13,0.538462,0.350000,1_12 3_10 3_11 3_9 4_10 7_15 7_8,3_13 3_14 3_15 3_6 4_8 4_9 7_16 7_5 7_7 8_16 8_6 9_14 9_15,2_11 2_4 4_12 5_3 5_4 8_14,0.739130,0.379310,0.379310,0.250000,0.904762,0.333333,,0.333333,0.025641,0.904762
2025-12-04,B3: DoY season,13,0.615385,0.400000,3_10 3_11 3_9 4_10 4_12 7_15 7_8 8_14,3_12 3_14 3_15 4_9 5_14 6_14 6_15 6_7 7_2 7_3 7_5 8_15,1_12 2_11 2_4 5_3 5_4,0.333333,0.428571,0.333333,0.481481,0.379310,0.538462,0.333333,,0.081081,0.379310
2025-12-04,B0: Random,13,0.000000,0.000000,,0_6 0_9 10_8 11_13 11_18 1_5 2_12 2_15 4_0 5_1 5_8 7_2 7_3 7_5 8_1 8_11 8_9 9_0 9_19 9_8,1_12 2_11 2_4 3_10 3_11 3_9 4_10 4_12 5_3 5_4 7_15 7_8 8_14,0.025641,0.025641,0.052632,0.052632,0.025641,0.025641,0.025641,0.081081,,0.025641
2025-12-05,GLM-Logit,13,0.461538,0.300000,3_10 3_11 4_9 7_15 7_7 7_8,3_13 3_14 3_15 3_6 3_9 4_10 4_8 6_7 7_16 7_5 8_16 8_6 9_14 9_15,2_4 3_12 7_3 7_4 8_10 8_2 9_3,0.739130,0.428571,0.379310,0.290323,0.739130,0.379310,0.818182,0.333333,0.052632,
2025-12-05,HierBayes,13,0.538462,0.350000,3_10 3_11 4_9 7_15 7_4 7_7 7_8,3_13 3_14 3_15 3_6 3_9 4_10 4_8 5_7 7_16 7_5 7_6 8_16 8_6,2_4 3_12 7_3 8_10 8_2 9_3,,0.290323,0.290323,0.212121,0.600000,0.250000,0.666667,0.333333,0.025641,0.739130
2025-12-05,B1: Static prior,13,0.384615,0.250000,3_10 3_11 4_9 7_15 7_8,3_14 4_10 4_8 5_14 5_15 5_8 5_9 6_14 6_15 6_7 7_16 8_15 9_14 9_15 9_16,2_4 3_12 7_3 7_4 7_7 8_10 8_2 9_3,0.290323,,0.538462,0.481481,0.428571,0.818182,0.379310,0.481481,0.052632,0.428571
2025-12-05,TTM,13,0.461538,0.300000,3_10 3_11 3_12 4_9 7_15 7_8,3_14 3_9 4_8 5_8 5_9 6_15 6_3 6_4 7_5 8_15 8_8 9_14 9_15 9_16,2_4 7_3 7_4 7_7 8_10 8_2 9_3,0.290323,0.538462,,0.379310,0.379310,0.600000,0.379310,0.428571,0.081081,0.379310
2025-12-05,ET,13,0.307692,0.200000,3_11 3_12 4_9 7_15,10_14 3_14 4_10 5_14 5_15 6_14 6_15 6_7 7_5 8_14 8_15 8_6 8_8 8_9 9_14 9_16,2_4 3_10 7_3 7_4 7_7 7_8 8_10 8_2 9_3,0.212121,0.481481,0.379310,,0.290323,0.538462,0.250000,0.538462,0.052632,0.290323
2025-12-05,B5: B2+B3,13,0.538462,0.350000,2_4 3_10 3_11 4_9 7_15 7_7 7_8,1_12 3_13 3_14 3_15 3_9 4_10 4_8 6_15 6_7 7_16 7_5 8_16 9_14,3_12 7_3 7_4 8_10 8_2 9_3,0.600000,0.428571,0.379310,0.290323,,0.379310,0.818182,0.379310,0.052632,0.739130
2025-12-05,B4: B1+B3,13,0.461538,0.300000,3_10 3_11 3_12 4_9 7_15 7_8,3_14 3_9 4_10 5_14 5_15 5_8 5_9 6_14 6_15 6_7 8_15 9_14 9_15 9_16,2_4 7_3 7_4 7_7 8_10 8_2 9_3,0.250000,0.818182,0.600000,0.538462,0.379310,,0.333333,0.600000,0.052632,0.379310
2025-12-05,B2: Recent MA,13,0.538462,0.350000,2_4 3_10 3_11 4_9 7_15 7_7 7_8,1_12 3_13 3_14 3_15 3_9 4_10 4_8 7_16 7_5 8_16 8_6 9_14 9_15,3_12 7_3 7_4 8_10 8_2 9_3,0.666667,0.379310,0.379310,0.250000,0.818182,0.333333,,0.290323,0.052632,0.818182
2025-12-05,B3: DoY season,13,0.615385,0.400000,3_10 3_11 3_12 4_9 7_15 7_3 7_4 7_8,3_14 3_9 4_10 5_14 6_14 6_15 6_7 7_2 7_5 8_14 8_15 9_16,2_4 7_7 8_10 8_2 9_3,0.333333,0.481481,0.428571,0.538462,0.379310,0.600000,0.290323,,0.000000,0.333333
2025-12-05,B0: Random,13,0.000000,0.000000,,0_12 0_5 10_10 10_6 11_1 11_8 11_9 12_9 1_0 1_1 1_6 2_17 2_3 4_0 5_5 5_9 7_13 8_16 8_8 9_14,2_4 3_10 3_11 3_12 4_9 7_15 7_3 7_4 7_7 7_8 8_10 8_2 9_3,0.025641,0.052632,0.081081,0.052632,0.052632,0.052632,0.052632,0.000000,,0.052632
2025-12-06,GLM-Logit,10,0.600000,0.300000,2_4 3_10 3_11 3_14 3_9 4_9,3_13 3_15 4_10 4_8 6_7 7_15 7_16 7_5 7_7 7_8 8_16 8_6 9_14 9_15,2_14 5_9 7_4 8_3,0.666667,0.428571,0.379310,0.290323,0.818182,0.379310,0.904762,0.379310,0.052632,
2025-12-06,HierBayes,10,0.600000,0.300000,3_10 3_11 3_14 3_9 4_9 7_4,3_13 3_15 3_6 4_10 4_8 5_7 7_15 7_16 7_5 7_6 7_7 7_8 8_16 8_6,2_14 2_4 5_9 8_3,,0.290323,0.250000,0.212121,0.600000,0.250000,0.666667,0.290323,0.052632,0.666667
2025-12-06,B1: Static prior,10,0.500000,0.250000,3_10 3_11 3_14 4_9 5_9,4_10 4_8 5_14 5_15 5_8 6_14 6_15 6_7 7_15 7_16 7_8 8_15 9_14 9_15 9_16,2_14 2_4 3_9 7_4 8_3,0.290323,,0.538462,0.481481,0.428571,0.818182,0.379310,0.538462,0.052632,0.428571
2025-12-06,TTM,10,0.600000,0.300000,3_10 3_11 3_14 3_9 4_9 5_9,5_8 6_15 6_3 6_4 6_6 6_7 7_15 7_8 8_15 8_6 8_8 9_14 9_15 9_16,2_14 2_4 7_4 8_3,0.250000,0.538462,,0.379310,0.333333,0.600000,0.333333,0.428571,0.052632,0.379310
2025-12-06,ET,10,0.300000,0.150000,3_11 3_14 4_9,10_14 3_12 4_10 5_14 5_15 6_14 6_15 6_7 7_15 7_5 8_14 8_15 8_6 8_8 8_9 9_14 9_16,2_14 2_4 3_10 3_9 5_9 7_4 8_3,0.212121,0.481481,0.379310,,0.290323,0.538462,0.250000,0.600000,0.025641,0.290323
2025-12-06,B5: B2+B3,10,0.600000,0.300000,2_4 3_10 3_11 3_14 3_9 4_9,1_12 3_13 3_15 4_10 4_8 6_15 6_7 7_15 7_16 7_5 7_7 7_8 8_16 9_14,2_14 5_9 7_4 8_3,0.600000,0.428571,0.333333,0.290323,,0.379310,0.818182,0.428571,0.052632,0.818182
2025-12-06,B4: B1+B3,10,0.600000,0.300000,3_10 3_11 3_14 3_9 4_9 5_9,3_12 4_10 5_14 5_15 5_8 6_14 6_15 6_7 7_15 7_8 8_15 9_14 9_15 9_16,2_14 2_4 7_4 8_3,0.250000,0.818182,0.600000,0.538462,0.379310,,0.333333,0.666667,0.052632,0.379310
2025-12-06,B2: Recent MA,10,0.600000,0.300000,2_4 3_10 3_11 3_14 3_9 4_9,1_12 3_13 3_15 4_10 4_8 7_15 7_16 7_5 7_7 7_8 8_16 8_6 9_14 9_15,2_14 5_9 7_4 8_3,0.666667,0.379310,0.333333,0.250000,0.818182,0.333333,,0.333333,0.052632,0.904762
2025-12-06,B3: DoY season,10,0.500000,0.250000,3_10 3_11 3_14 3_9 4_9,3_12 4_10 5_14 6_14 6_15 6_7 7_15 7_2 7_3 7_5 7_8 8_14 8_15 9_14 9_16,2_14 2_4 5_9 7_4 8_3,0.290323,0.538462,0.428571,0.600000,0.428571,0.666667,0.333333,,0.025641,0.379310
2025-12-06,B0: Random,10,0.000000,0.000000,,0_0 0_19 12_13 12_6 1_11 2_0 2_1 2_15 3_1 3_15 3_6 4_7 5_3 6_1 6_11 6_15 6_18 8_13 9_15 9_6,2_14 2_4 3_10 3_11 3_14 3_9 4_9 5_9 7_4 8_3,0.052632,0.052632,0.052632,0.025641,0.052632,0.052632,0.052632,0.025641,,0.052632
2025-12-07,GLM-Logit,6,0.500000,0.150000,2_4 3_10 4_10,3_11 3_13 3_14 3_15 3_9 4_8 4_9 6_7 7_15 7_16 7_5 7_7 7_8 8_16 8_6 9_14 9_15,2_12 2_5 9_3,0.739130,0.428571,0.379310,0.290323,0.739130,0.379310,0.739130,0.379310,0.081081,
2025-12-07,HierBayes,6,0.500000,0.150000,2_4 3_10 4_10,3_11 3_13 3_14 3_15 3_6 3_9 4_8 4_9 7_15 7_16 7_4 7_5 7_6 7_7 7_8 8_16 8_6,2_12 2_5 9_3,,0.290323,0.250000,0.212121,0.666667,0.250000,0.818182,0.290323,0.081081,0.739130
2025-12-07,B1: Static prior,6,0.333333,0.100000,3_10 4_10,3_11 3_14 4_8 4_9 5_14 5_15 5_8 5_9 6_14 6_15 6_7 7_15 7_16 7_8 8_15 9_14 9_15 9_16,2_12 2_4 2_5 9_3,0.290323,,0.481481,0.481481,0.428571,0.818182,0.333333,0.538462,0.025641,0.428571
2025-12-07,TTM,6,0.166667,0.050000,3_10,3_11 3_12 3_14 3_7 3_9 4_9 5_8 5_9 6_15 6_3 6_6 6_7 7_15 7_5 7_8 8_8 9_14 9_15 9_16,2_12 2_4 2_5 4_10 9_3,0.250000,0.481481,,0.379310,0.379310,0.600000,0.290323,0.481481,0.025641,0.379310
2025-12-07,ET,6,0.166667,0.050000,4_10,10_14 3_11 3_12 3_14 4_9 5_14 5_15 6_14 6_15 6_7 7_15 7_5 8_14 8_15 8_6 8_8 8_9 9_14 9_16,2_12 2_4 2_5 3_10 9_3,0.212121,0.481481,0.379310,,0.290323,0.538462,0.212121,0.600000,0.000000,0.290323
2025-12-07,B5: B2+B3,6,0.500000,0.150000,2_4 3_10 4_10,1_12 3_11 3_13 3_14 3_15 3_9 4_8 4_9 6_15 6_7 7_15 7_16 7_5 7_6 7_7 7_8 9_14,2_12 2_5 9_3,0.666667,0.428571,0.379310,0.290323,,0.379310,0.818182,0.428571,0.052632,0.739130
2025-12-07,B4: B1+B3,6,0.333333,0.100000,3_10 4_10,3_11 3_12 3_14 3_9 4_9 5_14 5_15 5_8 5_9 6_14 6_15 6_7 7_15 7_8 8_15 9_14 9_15 9_16,2_12 2_4 2_5 9_3,0.250000,0.818182,0.600000,0.538462,0.379310,,0.290323,0.666667,0.025641,0.379310
2025-12-07,B2: Recent MA,6,0.500000,0.150000,2_4 3_10 4_10,1_12 3_11 3_13 3_14 3_15 3_9 4_8 4_9 7_15 7_16 7_4 7_5 7_6 7_7 7_8 8_16 9_14,2_12 2_5 9_3,0.818182,0.333333,0.290323,0.212121,0.818182,0.290323,,0.333333,0.081081,0.739130
2025-12-07,B3: DoY season,6,0.333333,0.100000,3_10 4_10,3_11 3_12 3_14 3_9 4_9 5_14 6_14 6_15 6_7 7_15 7_2 7_3 7_5 7_8 8_15 8_9 9_14 9_16,2_12 2_4 2_5 9_3,0.290323,0.538462,0.481481,0.600000,0.428571,0.666667,0.333333,,0.025641,0.379310
2025-12-07,B0: Random,6,0.166667,0.050000,9_3,0_1 10_15 11_11 11_12 12_8 1_16 1_18 1_4 2_17 2_3 3_13 4_17 6_1 6_12 6_13 7_8 8_10 8_16 8_2,2_12 2_4 2_5 3_10 4_10,0.081081,0.025641,0.025641,0.000000,0.052632,0.025641,0.081081,0.025641,,0.081081
2025-12-08,GLM-Logit,7,0.571429,0.200000,2_4 3_11 4_9 6_7,3_10 3_13 3_14 3_15 3_9 4_10 4_8 7_15 7_16 7_5 7_7 7_8 8_16 8_6 9_14 9_15,5_8 7_4 8_3,0.739130,0.428571,0.379310,0.290323,0.739130,0.379310,0.739130,0.333333,0.052632,
2025-12-08,HierBayes,7,0.571429,0.200000,2_4 3_11 4_9 7_4,3_10 3_13 3_14 3_15 3_6 3_9 4_10 4_8 7_15 7_16 7_5 7_6 7_7 7_8 8_16 8_6,5_8 6_7 8_3,,0.290323,0.290323,0.212121,0.666667,0.250000,0.818182,0.333333,0.052632,0.739130
2025-12-08,B1: Static prior,7,0.571429,0.200000,3_11 4_9 5_8 6_7,3_10 3_14 4_10 4_8 5_14 5_15 5_9 6_14 6_15 7_15 7_16 7_8 8_15 9_14 9_15 9_16,2_4 7_4 8_3,0.290323,,0.600000,0.481481,0.379310,0.818182,0.333333,0.428571,0.052632,0.428571
2025-12-08,TTM,7,0.428571,0.150000,3_11 4_9 5_8,3_10 3_12 3_14 3_9 4_10 5_14 5_9 6_15 6_8 7_15 7_5 7_8 8_15 8_8 9_14 9_15 9_16,2_4 6_7 7_4 8_3,0.290323,0.600000,,0.481481,0.379310,0.739130,0.333333,0.481481,0.052632,0.379310
2025-12-08,ET,7,0.428571,0.150000,3_11 4_9 6_7,10_14 3_12 3_14 4_10 5_14 5_15 6_14 6_15 7_15 7_5 8_14 8_15 8_6 8_8 8_9 9_14 9_16,2_4 5_8 7_4 8_3,0.212121,0.481481,0.481481,,0.290323,0.538462,0.212121,0.538462,0.025641,0.290323
2025-12-08,B5: B2+B3,7,0.571429,0.200000,2_4 3_11 4_9 6_7,1_12 3_10 3_13 3_14 3_15 3_9 4_10 4_8 6_15 7_15 7_5 7_6 7_7 7_8 8_16 9_14,5_8 7_4 8_3,0.666667,0.379310,0.379310,0.290323,,0.379310,0.818182,0.379310,0.052632,0.739130
2025-12-08,B4: B1+B3,7,0.571429,0.200000,3_11 4_9 5_8 6_7,3_10 3_12 3_14 3_9 4_10 5_14 5_15 5_9 6_14 6_15 7_15 7_8 8_15 9_14 9_15 9_16,2_4 7_4 8_3,0.250000,0.818182,0.739130,0.538462,0.379310,,0.290323,0.538462,0.052632,0.379310
2025-12-08,B2: Recent MA,7,0.571429,0.200000,2_4 3_11 4_9 7_4,1_12 3_10 3_13 3_14 3_15 3_9 4_10 4_8 7_15 7_16 7_5 7_6 7_7 7_8 8_16 9_14,5_8 6_7 8_3,0.818182,0.333333,0.333333,0.212121,0.818182,0.290323,,0.333333,0.052632,0.739130
2025-12-08,B3: DoY season,7,0.571429,0.200000,3_11 4_9 6_7 7_4,3_10 3_12 3_14 3_9 4_10 5_14 6_14 6_15 7_15 7_2 7_3 7_5 7_8 8_14 8_15 8_9,2_4 5_8 8_3,0.333333,0.428571,0.481481,0.538462,0.379310,0.538462,0.333333,,0.081081,0.333333
2025-12-08,B0: Random,7,0.000000,0.000000,,0_1 0_3 0_7 0_8 12_2 1_15 2_12 3_10 3_2 3_5 3_8 4_4 5_0 5_1 5_11 7_11 7_8 8_9 9_0 9_11,2_4 3_11 4_9 5_8 6_7 7_4 8_3,0.052632,0.052632,0.052632,0.025641,0.052632,0.052632,0.052632,0.081081,,0.052632
2025-12-09,GLM-Logit,11,0.454545,0.250000,2_4 3_10 4_9 7_7 7_8,3_11 3_13 3_14 3_15 3_9 4_10 4_8 6_7 7_15 7_16 7_5 8_16 8_6 9_14 9_15,3_12 3_16 6_3 8_14 8_7 8_8,0.739130,0.428571,0.428571,0.290323,0.666667,0.379310,0.739130,0.333333,0.052632,
2025-12-09,HierBayes,11,0.454545,0.250000,2_4 3_10 4_9 7_7 7_8,3_11 3_13 3_14 3_15 3_6 3_9 4_10 4_8 7_15 7_16 7_4 7_5 7_6 8_16 8_6,3_12 3_16 6_3 8_14 8_7 8_8,,0.290323,0.290323,0.212121,0.666667,0.250000,0.818182,0.290323,0.081081,0.739130
2025-12-09,B1: Static prior,11,0.272727,0.150000,3_10 4_9 7_8,3_11 3_14 4_10 4_8 5_14 5_15 5_8 5_9 6_14 6_15 6_7 7_15 7_16 8_15 9_14 9_15 9_16,2_4 3_12 3_16 6_3 7_7 8_14 8_7 8_8,0.290323,,0.538462,0.481481,0.379310,0.739130,0.333333,0.428571,0.000000,0.428571
2025-12-09,TTM,11,0.454545,0.250000,3_10 3_12 4_9 7_8 8_8,3_11 3_14 3_9 5_8 5_9 6_15 6_7 7_15 7_3 7_5 8_15 8_16 9_14 9_15 9_16,2_4 3_16 6_3 7_7 8_14 8_7,0.290323,0.538462,,0.428571,0.379310,0.739130,0.333333,0.481481,0.000000,0.428571
2025-12-09,ET,11,0.363636,0.200000,3_12 4_9 8_14 8_8,10_14 3_11 3_14 4_10 5_14 5_15 6_14 6_15 6_7 7_15 7_5 8_15 8_6 8_9 9_14 9_16,2_4 3_10 3_16 6_3 7_7 7_8 8_7,0.212121,0.481481,0.428571,,0.290323,0.538462,0.212121,0.538462,0.025641,0.290323
2025-12-09,B5: B2+B3,11,0.454545,0.250000,2_4 3_10 4_9 7_7 7_8,1_12 3_11 3_13 3_14 3_15 3_9 4_10 4_8 6_15 6_7 7_15 7_4 7_5 7_6 9_14,3_12 3_16 6_3 8_14 8_7 8_8,0.666667,0.379310,0.379310,0.290323,,0.379310,0.818182,0.428571,0.025641,0.666667
2025-12-09,B4: B1+B3,11,0.454545,0.250000,3_10 3_12 4_9 7_8 8_8,3_11 3_14 3_9 4_10 5_14 5_8 5_9 6_14 6_15 6_7 7_15 8_15 9_14 9_15 9_16,2_4 3_16 6_3 7_7 8_14 8_7,0.250000,0.739130,0.739130,0.538462,0.379310,,0.290323,0.538462,0.000000,0.379310
2025-12-09,B2: Recent MA,11,0.454545,0.250000,2_4 3_10 4_9 7_7 7_8,1_12 3_11 3_13 3_14 3_15 3_9 4_10 4_8 7_15 7_16 7_4 7_5 7_6 8_16 9_14,3_12 3_16 6_3 8_14 8_7 8_8,0.818182,0.333333,0.333333,0.212121,0.818182,0.290323,,0.333333,0.025641,0.739130
2025-12-09,B3: DoY season,11,0.454545,0.250000,3_10 3_12 4_9 7_8 8_14,3_14 3_9 4_10 5_14 6_14 6_15 6_7 7_15 7_2 7_3 7_4 7_5 8_15 8_9 9_14,2_4 3_16 6_3 7_7 8_7 8_8,0.290323,0.428571,0.481481,0.538462,0.428571,0.538462,0.333333,,0.000000,0.333333
2025-12-09,B0: Random,11,0.090909,0.050000,7_7,0_10 0_19 10_5 10_6 11_18 12_13 12_2 2_3 2_9 3_6 7_11 7_13 7_19 8_1 8_11 8_6 9_10 9_17 9_9,2_4 3_10 3_12 3_16 4_9 6_3 7_8 8_14 8_7 8_8,0.081081,0.000000,0.000000,0.025641,0.025641,0.000000,0.025641,0.000000,,0.052632
2025-12-10,GLM-Logit,14,0.571429,0.400000,3_10 3_11 3_13 3_15 3_9 4_10 4_9 7_7,2_4 3_14 4_8 6_7 7_15 7_16 7_5 7_8 8_16 8_6 9_14 9_15,3_5 6_15 6_5 6_6 7_6 8_14,0.739130,0.428571,0.428571,0.290323,0.666667,0.379310,0.666667,0.333333,0.025641,
2025-12-10,HierBayes,14,0.642857,0.450000,3_10 3_11 3_13 3_15 3_9 4_10 4_9 7_6 7_7,2_4 3_14 3_6 4_8 7_15 7_16 7_4 7_5 7_8 8_16 8_6,3_5 6_15 6_5 6_6 8_14,,0.290323,0.290323,0.212121,0.600000,0.250000,0.818182,0.290323,0.052632,0.739130
2025-12-10,B1: Static prior,14,0.357143,0.250000,3_10 3_11 4_10 4_9 6_15,3_14 4_8 5_14 5_15 5_8 5_9 6_14 6_7 7_15 7_16 7_8 8_15 9_14 9_15 9_16,3_13 3_15 3_5 3_9 6_5 6_6 7_6 7_7 8_14,0.290323,,0.600000,0.481481,0.379310,0.739130,0.290323,0.428571,0.025641,0.428571
2025-12-10,TTM,14,0.357143,0.250000,3_10 3_11 3_9 4_9 6_15,3_14 4_8 5_8 5_9 6_4 6_7 7_15 7_3 7_5 7_8 8_15 8_8 9_14 9_15 9_16,3_13 3_15 3_5 4_10 6_5 6_6 7_6 7_7 8_14,0.290323,0.600000,,0.379310,0.481481,0.666667,0.333333,0.428571,0.025641,0.428571
2025-12-10,ET,14,0.357143,0.250000,3_11 4_10 4_9 6_15 8_14,10_14 3_12 3_14 5_14 5_15 6_14 6_7 7_15 7_5 8_15 8_6 8_8 8_9 9_14 9_16,3_10 3_13 3_15 3_5 3_9 6_5 6_6 7_6 7_7,0.212121,0.481481,0.379310,,0.333333,0.538462,0.212121,0.538462,0.025641,0.290323
2025-12-10,B5: B2+B3,14,0.642857,0.450000,3_10 3_11 3_13 3_15 3_9 4_10 4_9 6_15 7_7,1_12 2_4 3_14 4_8 6_7 7_15 7_4 7_5 7_8 8_8 9_14,3_5 6_5 6_6 7_6 8_14,0.600000,0.379310,0.481481,0.333333,,0.428571,0.739130,0.428571,0.025641,0.666667
2025-12-10,B4: B1+B3,14,0.428571,0.300000,3_10 3_11 3_9 4_10 4_9 6_15,3_12 3_14 5_14 5_8 5_9 6_14 6_7 7_15 7_8 8_15 8_8 9_14 9_15 9_16,3_13 3_15 3_5 6_5 6_6 7_6 7_7 8_14,0.250000,0.739130,0.666667,0.538462,0.428571,,0.290323,0.538462,0.052632,0.379310
2025-12-10,B2: Recent MA,14,0.642857,0.450000,3_10 3_11 3_13 3_15 3_9 4_10 4_9 7_6 7_7,1_12 2_4 3_14 4_8 7_15 7_16 7_4 7_5 7_8 8_16 8_8,3_5 6_15 6_5 6_6 8_14,0.818182,0.290323,0.333333,0.212121,0.739130,0.290323,,0.290323,0.052632,0.666667
2025-12-10,B3: DoY season,14,0.428571,0.300000,3_10 3_9 4_10 4_9 6_15 8_14,3_12 3_14 5_14 6_14 6_7 7_15 7_2 7_3 7_4 7_5 7_8 8_15 8_9 9_14,3_11 3_13 3_15 3_5 6_5 6_6 7_6 7_7,0.290323,0.428571,0.428571,0.538462,0.428571,0.538462,0.290323,,0.052632,0.333333
2025-12-10,B0: Random,14,0.142857,0.100000,3_9 7_6,0_17 12_16 12_17 1_1 1_17 1_18 2_13 2_19 2_3 3_2 5_10 5_17 5_19 5_5 6_14 6_16 7_14 9_1,3_10 3_11 3_13 3_15 3_5 4_10 4_9 6_15 6_5 6_6 7_7 8_14,0.052632,0.025641,0.025641,0.025641,0.025641,0.052632,0.052632,0.052632,,0.025641
2025-12-11,GLM-Logit,10,0.800000,0.400000,2_4 3_13 3_14 4_9 7_5 7_7 7_8 8_8,3_10 3_11 3_15 3_9 4_10 4_8 6_7 7_15 7_16 8_16 8_6 9_14,3_5 3_6,0.739130,0.379310,0.379310,0.333333,0.666667,0.333333,0.739130,0.333333,0.052632,
2025-12-11,HierBayes,10,0.800000,0.400000,2_4 3_13 3_14 3_6 4_9 7_5 7_7 7_8,3_10 3_11 3_15 3_9 4_10 4_8 7_15 7_16 7_4 7_6 8_16 8_6,3_5 8_8,,0.290323,0.250000,0.212121,0.666667,0.250000,0.739130,0.333333,0.052632,0.739130
2025-12-11,B1: Static prior,10,0.300000,0.150000,3_14 4_9 7_8,3_10 3_11 4_10 4_8 5_14 5_15 5_8 5_9 6_14 6_15 6_7 7_15 7_16 8_15 9_14 9_15 9_16,2_4 3_13 3_5 3_6 7_5 7_7 8_8,0.290323,,0.481481,0.481481,0.333333,0.739130,0.333333,0.428571,0.081081,0.379310
2025-12-11,TTM,10,0.400000,0.200000,4_9 7_5 7_8 8_8,3_10 3_11 3_9 4_8 5_8 5_9 6_15 6_3 6_4 6_7 7_15 7_3 8_5 9_14 9_15 9_16,2_4 3_13 3_14 3_5 3_6 7_7,0.250000,0.481481,,0.290323,0.379310,0.481481,0.333333,0.333333,0.025641,0.379310
2025-12-11,ET,10,0.400000,0.200000,3_14 4_9 7_5 8_8,10_14 3_11 3_12 4_10 5_14 5_15 6_14 6_15 6_7 7_15 8_14 8_15 8_6 8_9 9_14 9_16,2_4 3_13 3_5 3_6 7_7 7_8,0.212121,0.481481,0.290323,,0.290323,0.481481,0.250000,0.481481,0.081081,0.333333
2025-12-11,B5: B2+B3,10,0.800000,0.400000,2_4 3_13 3_14 4_9 7_5 7_7 7_8 8_8,1_12 3_10 3_11 3_15 3_9 4_10 4_8 6_15 6_7 7_15 7_4 7_6,3_5 3_6,0.666667,0.333333,0.379310,0.290323,,0.333333,0.818182,0.428571,0.052632,0.666667
2025-12-11,B4: B1+B3,10,0.300000,0.150000,3_14 4_9 7_8,3_10 3_11 3_12 3_7 3_9 4_10 5_14 5_8 5_9 6_14 6_15 6_7 7_15 8_15 9_14 9_15 9_16,2_4 3_13 3_5 3_6 7_5 7_7 8_8,0.250000,0.739130,0.481481,0.481481,0.333333,,0.290323,0.600000,0.081081,0.333333
2025-12-11,B2: Recent MA,10,0.800000,0.400000,2_4 3_13 3_14 4_9 7_5 7_7 7_8 8_8,1_12 3_10 3_11 3_15 3_9 4_10 4_8 7_15 7_16 7_4 7_6 9_14,3_5 3_6,0.739130,0.333333,0.333333,0.250000,0.818182,0.290323,,0.333333,0.052632,0.739130
2025-12-11,B3: DoY season,10,0.400000,0.200000,3_14 4_9 7_5 7_8,3_10 3_11 3_12 3_7 3_9 4_10 5_14 6_14 6_15 6_7 7_15 7_2 7_3 7_4 8_15 8_9,2_4 3_13 3_5 3_6 7_7 8_8,0.333333,0.428571,0.333333,0.481481,0.428571,0.600000,0.333333,,0.052632,0.333333
2025-12-11,B0: Random,10,0.000000,0.000000,,0_1 10_11 10_14 10_15 10_6 11_11 11_4 11_8 12_4 12_8 2_1 2_2 3_15 4_10 5_14 5_6 6_1 6_19 7_17 9_15,2_4 3_13 3_14 3_5 3_6 4_9 7_5 7_7 7_8 8_8,0.052632,0.081081,0.025641,0.081081,0.052632,0.081081,0.052632,0.052632,,0.052632
2025-12-12,GLM-Logit,5,0.800000,0.200000,3_13 3_6 4_10 7_15,2_4 3_10 3_11 3_14 3_15 3_9 4_8 4_9 6_7 7_16 7_5 7_7 7_8 8_16 8_8 9_14,8_7,0.739130,0.379310,0.333333,0.290323,0.666667,0.333333,0.739130,0.333333,0.052632,
2025-12-12,HierBayes,5,0.800000,0.200000,3_13 3_6 4_10 7_15,2_4 3_10 3_11 3_14 3_15 3_9 4_8 4_9 7_16 7_4 7_5 7_6 7_7 7_8 8_16 8_6,8_7,,0.290323,0.212121,0.212121,0.666667,0.250000,0.818182,0.333333,0.052632,0.739130
2025-12-12,B1: Static prior,5,0.400000,0.100000,4_10 7_15,3_10 3_11 3_14 4_8 4_9 5_14 5_15 5_8 5_9 6_14 6_15 6_7 7_16 7_8 8_15 9_14 9_15 9_16,3_13 3_6 8_7,0.290323,,0.428571,0.481481,0.290323,0.739130,0.250000,0.428571,0.025641,0.379310
2025-12-12,TTM,5,0.400000,0.100000,4_10 7_15,3_10 3_11 3_12 3_7 3_9 4_9 5_8 5_9 6_15 6_3 6_4 6_7 7_7 8_5 8_8 9_14 9_15 9_16,3_13 3_6 8_7,0.212121,0.428571,,0.333333,0.333333,0.600000,0.250000,0.379310,0.052632,0.333333
2025-12-12,ET,5,0.400000,0.100000,4_10 7_15,10_14 3_11 3_12 3_14 4_9 5_14 5_15 6_14 6_15 6_7 7_5 8_14 8_15 8_6 8_8 8_9 9_14 9_16,3_13 3_6 8_7,0.212121,0.481481,0.333333,,0.290323,0.481481,0.212121,0.379310,0.052632,0.290323
2025-12-12,B5: B2+B3,5,0.800000,0.200000,3_13 3_6 4_10 7_15,1_12 2_4 3_10 3_11 3_14 3_15 3_9 4_9 6_15 7_4 7_5 7_6 7_7 7_8 8_8 9_14,8_7,0.666667,0.290323,0.333333,0.290323,,0.333333,0.818182,0.428571,0.052632,0.666667
2025-12-12,B4: B1+B3,5,0.400000,0.100000,4_10 7_15,3_10 3_11 3_12 3_14 3_7 3_9 4_9 5_15 5_8 5_9 6_14 6_15 6_7 7_8 8_15 9_14 9_15 9_16,3_13 3_6 8_7,0.250000,0.739130,0.600000,0.481481,0.333333,,0.250000,0.600000,0.025641,0.333333
2025-12-12,B2: Recent MA,5,0.800000,0.200000,3_13 3_6 4_10 7_15,1_12 2_4 3_10 3_11 3_14 3_15 3_9 4_8 4_9 7_4 7_5 7_6 7_7 7_8 8_16 8_8,8_7,0.818182,0.250000,0.250000,0.212121,0.818182,0.250000,,0.333333,0.052632,0.739130
2025-12-12,B3: DoY season,5,0.400000,0.100000,4_10 7_15,3_10 3_12 3_14 3_7 3_9 4_9 5_8 6_14 6_15 6_7 7_3 7_4 7_5 7_6 7_8 7_9 8_15 9_14,3_13 3_6 8_7,0.333333,0.428571,0.379310,0.379310,0.428571,0.600000,0.333333,,0.052632,0.333333
2025-12-12,B0: Random,5,0.200000,0.050000,4_10,0_11 0_7 10_6 11_10 11_14 11_19 1_17 1_9 2_13 2_3 2_6 4_11 6_0 7_14 7_5 8_2 8_5 9_3 9_6,3_13 3_6 7_15 8_7,0.052632,0.025641,0.052632,0.052632,0.052632,0.025641,0.052632,0.052632,,0.052632
2025-12-13,GLM-Logit,8,0.500000,0.200000,3_13 3_14 4_10 7_8,2_4 3_10 3_11 3_15 3_6 3_9 4_8 4_9 6_7 7_15 7_16 7_5 7_7 8_16 8_8 9_14,2_15 3_12 4_15 5_14,0.739130,0.379310,0.428571,0.290323,0.666667,0.379310,0.739130,0.290323,0.025641,
2025-12-13,HierBayes,8,0.500000,0.200000,3_13 3_14 4_10 7_8,2_4 3_10 3_11 3_15 3_6 3_9 4_8 4_9 7_15 7_16 7_4 7_5 7_6 7_7 8_16 8_6,2_15 3_12 4_15 5_14,,0.290323,0.290323,0.212121,0.666667,0.290323,0.818182,0.290323,0.025641,0.739130
2025-12-13,B1: Static prior,8,0.500000,0.200000,3_14 4_10 5_14 7_8,3_10 3_11 4_8 4_9 5_15 5_8 5_9 6_14 6_15 6_7 7_15 7_16 8_15 9_14 9_15 9_16,2_15 3_12 3_13 4_15,0.290323,,0.666667,0.481481,0.290323,0.739130,0.250000,0.428571,0.025641,0.379310
2025-12-13,TTM,8,0.500000,0.200000,3_12 3_14 4_10 7_8,3_10 3_11 3_7 4_8 4_9 5_8 5_9 6_15 6_7 7_15 7_5 8_15 8_8 9_14 9_15 9_16,2_15 3_13 4_15 5_14,0.290323,0.666667,,0.481481,0.379310,0.739130,0.333333,0.481481,0.025641,0.428571
2025-12-13,ET,8,0.500000,0.200000,3_12 3_14 4_10 5_14,10_14 3_11 4_9 5_15 6_14 6_15 6_7 7_15 7_5 8_14 8_15 8_6 8_8 8_9 9_14 9_16,2_15 3_13 4_15 7_8,0.212121,0.481481,0.481481,,0.290323,0.481481,0.212121,0.379310,0.025641,0.290323
2025-12-13,B5: B2+B3,8,0.500000,0.200000,3_13 3_14 4_10 7_8,1_12 2_4 3_10 3_11 3_15 3_6 3_9 4_9 6_15 7_15 7_4 7_5 7_6 7_7 8_8 9_14,2_15 3_12 4_15 5_14,0.666667,0.290323,0.379310,0.290323,,0.379310,0.818182,0.379310,0.025641,0.666667
2025-12-13,B4: B1+B3,8,0.375000,0.150000,3_14 4_10 7_8,3_10 3_11 3_7 3_9 4_9 5_15 5_8 5_9 6_14 6_15 6_7 7_15 7_5 8_15 9_14 9_15 9_16,2_15 3_12 3_13 4_15 5_14,0.290323,0.739130,0.739130,0.481481,0.379310,,0.290323,0.600000,0.025641,0.379310
2025-12-13,B2: Recent MA,8,0.500000,0.200000,3_13 3_14 4_10 7_8,1_12 2_4 3_10 3_11 3_15 3_6 3_9 4_8 4_9 7_15 7_4 7_5 7_6 7_7 8_16 8_8,2_15 3_12 4_15 5_14,0.818182,0.250000,0.333333,0.212121,0.818182,0.290323,,0.290323,0.025641,0.739130
2025-12-13,B3: DoY season,8,0.250000,0.100000,3_14 4_10,3_10 3_7 3_9 4_9 5_8 6_14 6_15 6_7 7_15 7_2 7_3 7_4 7_5 7_6 7_9 8_15 9_14 9_16,2_15 3_12 3_13 4_15 5_14 7_8,0.290323,0.428571,0.481481,0.379310,0.379310,0.600000,0.290323,,0.052632,0.290323
2025-12-13,B0: Random,8,0.000000,0.000000,,0_4 10_18 10_9 1_16 1_18 1_8 2_4 2_9 3_1 3_19 3_2 5_11 5_16 5_5 5_9 7_0 7_2 7_3 8_0 8_14,2_15 3_12 3_13 3_14 4_10 4_15 5_14 7_8,0.025641,0.025641,0.025641,0.025641,0.025641,0.025641,0.025641,0.052632,,0.025641
2025-12-14,GLM-Logit,7,0.428571,0.150000,3_10 3_13 3_15,2_4 3_11 3_14 3_6 3_9 4_10 4_8 4_9 7_15 7_16 7_4 7_5 7_7 7_8 8_16 8_8 9_14,10_14 2_15 5_8 5_9,0.818182,0.333333,0.379310,0.250000,0.739130,0.333333,0.818182,0.428571,0.000000,
2025-12-14,HierBayes,7,0.428571,0.150000,3_10 3_13 3_15,1_12 2_4 3_11 3_14 3_6 3_9 4_10 4_8 4_9 7_15 7_16 7_4 7_5 7_6 7_7 7_8 8_16,10_14 2_15 5_8 5_9,,0.290323,0.290323,0.176471,0.739130,0.290323,0.904762,0.379310,0.000000,0.818182
2025-12-14,B1: Static prior,7,0.428571,0.150000,3_10 5_8 5_9,3_11 3_14 4_10 4_8 4_9 5_14 5_15 6_14 6_15 6_7 7_15 7_16 7_8 8_15 9_14 9_15 9_16,10_14 2_15 3_13 3_15,0.290323,,0.600000,0.481481,0.290323,0.666667,0.250000,0.379310,0.000000,0.333333
2025-12-14,TTM,7,0.428571,0.150000,3_10 5_8 5_9,3_11 3_12 3_14 4_8 4_9 5_14 6_15 6_3 6_7 7_15 7_5 7_8 8_16 8_8 9_14 9_15 9_16,10_14 2_15 3_13 3_15,0.290323,0.600000,,0.428571,0.333333,0.481481,0.333333,0.333333,0.000000,0.379310
2025-12-14,ET,7,0.142857,0.050000,10_14,3_11 3_12 3_14 4_10 4_9 5_14 5_15 6_14 6_15 6_7 7_15 7_5 8_14 8_15 8_6 8_8 8_9 9_14 9_16,2_15 3_10 3_13 3_15 5_8 5_9,0.176471,0.481481,0.428571,,0.290323,0.481481,0.212121,0.333333,0.000000,0.250000
2025-12-14,B5: B2+B3,7,0.428571,0.150000,3_10 3_13 3_15,1_12 2_4 3_11 3_14 3_6 3_9 4_10 4_9 6_15 7_15 7_4 7_5 7_6 7_7 7_8 8_8 9_14,10_14 2_15 5_8 5_9,0.739130,0.290323,0.333333,0.290323,,0.379310,0.818182,0.481481,0.000000,0.739130
2025-12-14,B4: B1+B3,7,0.428571,0.150000,3_10 5_8 5_9,3_11 3_14 3_7 3_9 4_10 4_9 5_15 6_14 6_15 6_7 7_15 7_3 7_5 7_8 8_15 9_14 9_16,10_14 2_15 3_13 3_15,0.290323,0.666667,0.481481,0.481481,0.379310,,0.290323,0.600000,0.052632,0.333333
2025-12-14,B2: Recent MA,7,0.428571,0.150000,3_10 3_13 3_15,1_12 2_4 3_11 3_14 3_6 3_9 4_10 4_8 4_9 7_15 7_4 7_5 7_6 7_7 7_8 8_16 8_8,10_14 2_15 5_8 5_9,0.904762,0.250000,0.333333,0.212121,0.818182,0.290323,,0.379310,0.000000,0.818182
2025-12-14,B3: DoY season,7,0.285714,0.100000,3_10 5_8,3_11 3_14 3_6 3_7 3_9 4_10 4_9 6_15 6_7 7_15 7_2 7_3 7_4 7_5 7_7 7_9 8_15 9_14,10_14 2_15 3_13 3_15 5_9,0.379310,0.379310,0.333333,0.333333,0.481481,0.600000,0.379310,,0.052632,0.428571
2025-12-14,B0: Random,7,0.000000,0.000000,,0_1 0_10 0_9 10_19 10_3 12_15 12_3 12_9 2_19 2_7 3_2 3_7 4_0 4_1 6_1 6_9 7_3 8_12 8_3 9_8,10_14 2_15 3_10 3_13 3_15 5_8 5_9,0.000000,0.000000,0.000000,0.000000,0.000000,0.052632,0.000000,0.052632,,0.000000
2025-12-15,GLM-Logit,5,0.600000,0.150000,3_11 3_13 4_9,2_4 3_10 3_14 3_15 3_6 3_9 4_10 4_8 7_15 7_16 7_4 7_5 7_7 7_8 8_16 8_8 9_14,10_15 6_10,0.818182,0.333333,0.333333,0.250000,0.739130,0.333333,0.818182,0.379310,0.025641,
2025-12-15,HierBayes,5,0.600000,0.150000,3_11 3_13 4_9,1_12 2_4 3_10 3_14 3_15 3_6 3_9 4_10 4_8 7_15 7_16 7_4 7_5 7_6 7_7 7_8 8_16,10_15 6_10,,0.290323,0.250000,0.176471,0.739130,0.290323,0.818182,0.379310,0.081081,0.818182
2025-12-15,B1: Static prior,5,0.400000,0.100000,3_11 4_9,3_10 3_14 4_10 4_8 5_14 5_15 5_8 5_9 6_14 6_15 6_7 7_15 7_16 7_8 8_15 9_14 9_15 9_16,10_15 3_13 6_10,0.290323,,0.600000,0.481481,0.290323,0.666667,0.250000,0.379310,0.025641,0.333333
2025-12-15,TTM,5,0.400000,0.100000,3_11 4_9,3_10 3_12 3_14 4_8 5_14 5_8 5_9 6_15 6_3 6_4 6_7 7_15 7_5 7_8 8_8 9_14 9_15 9_16,10_15 3_13 6_10,0.250000,0.600000,,0.428571,0.333333,0.481481,0.290323,0.290323,0.025641,0.333333
2025-12-15,ET,5,0.400000,0.100000,3_11 4_9,10_14 3_12 3_14 4_10 5_14 5_15 6_14 6_15 6_7 7_15 7_5 8_14 8_15 8_6 8_8 8_9 9_14 9_16,10_15 3_13 6_10,0.176471,0.481481,0.428571,,0.290323,0.481481,0.250000,0.379310,0.000000,0.250000
2025-12-15,B5: B2+B3,5,0.600000,0.150000,3_11 3_13 4_9,1_12 2_4 3_10 3_14 3_15 3_6 3_9 4_10 6_15 7_15 7_4 7_5 7_6 7_7 7_8 8_8 9_14,10_15 6_10,0.739130,0.290323,0.333333,0.290323,,0.379310,0.904762,0.481481,0.052632,0.739130
2025-12-15,B4: B1+B3,5,0.400000,0.100000,3_11 4_9,3_10 3_14 3_7 3_9 4_10 5_15 5_8 5_9 6_14 6_15 6_7 7_15 7_3 7_5 7_8 8_15 9_14 9_16,10_15 3_13 6_10,0.290323,0.666667,0.481481,0.481481,0.379310,,0.333333,0.600000,0.000000,0.333333
2025-12-15,B2: Recent MA,5,0.600000,0.150000,3_11 3_13 4_9,1_12 2_4 3_10 3_14 3_15 3_6 3_9 4_10 7_15 7_4 7_5 7_6 7_7 7_8 8_16 8_8 9_14,10_15 6_10,0.818182,0.250000,0.290323,0.250000,0.904762,0.333333,,0.428571,0.052632,0.818182
2025-12-15,B3: DoY season,5,0.400000,0.100000,3_11 4_9,3_14 3_6 3_7 3_9 4_10 5_8 6_14 6_15 6_7 7_15 7_3 7_4 7_5 7_6 7_7 7_9 8_15 9_14,10_15 3_13 6_10,0.379310,0.379310,0.290323,0.379310,0.481481,0.600000,0.428571,,0.025641,0.379310
2025-12-15,B0: Random,5,0.000000,0.000000,,0_12 12_10 12_2 1_1 1_12 1_18 1_2 2_17 2_19 2_8 3_19 4_6 4_8 5_0 7_6 8_1 8_11 8_17 8_18 9_12,10_15 3_11 3_13 4_9 6_10,0.081081,0.025641,0.025641,0.000000,0.052632,0.000000,0.052632,0.025641,,0.025641
2025-12-16,GLM-Logit,7,0.285714,0.100000,3_13 4_9,2_4 3_10 3_11 3_14 3_15 3_6 3_9 4_10 4_8 6_7 7_15 7_16 7_4 7_5 7_7 7_8 8_16 9_14,10_15 3_16 7_12 9_8 9_9,0.818182,0.379310,0.333333,0.250000,0.666667,0.333333,0.739130,0.379310,0.000000,
2025-12-16,HierBayes,7,0.285714,0.100000,3_13 4_9,1_12 2_4 3_10 3_11 3_14 3_15 3_6 3_9 4_10 7_15 7_16 7_4 7_5 7_6 7_7 7_8 8_16 9_14,10_15 3_16 7_12 9_8 9_9,,0.290323,0.290323,0.212121,0.818182,0.290323,0.904762,0.379310,0.000000,0.818182
2025-12-16,B1: Static prior,7,0.142857,0.050000,4_9,3_10 3_11 3_14 4_10 4_8 5_14 5_15 5_8 5_9 6_14 6_15 6_7 7_15 7_16 7_8 8_15 9_14 9_15 9_16,10_15 3_13 3_16 7_12 9_8 9_9,0.290323,,0.600000,0.481481,0.290323,0.739130,0.290323,0.379310,0.025641,0.379310
2025-12-16,TTM,7,0.142857,0.050000,4_9,3_10 3_11 3_12 3_14 3_9 5_8 5_9 6_14 6_15 6_4 6_7 7_15 7_5 7_8 8_15 8_8 9_14 9_15 9_16,10_15 3_13 3_16 7_12 9_8 9_9,0.290323,0.600000,,0.481481,0.379310,0.666667,0.333333,0.379310,0.052632,0.333333
2025-12-16,ET,7,0.142857,0.050000,4_9,10_14 3_11 3_12 3_14 4_10 5_14 5_15 6_14 6_15 6_7 7_15 7_5 8_14 8_15 8_6 8_8 8_9 9_14 9_16,10_15 3_13 3_16 7_12 9_8 9_9,0.212121,0.481481,0.481481,,0.290323,0.481481,0.250000,0.379310,0.025641,0.250000
2025-12-16,B5: B2+B3,7,0.285714,0.100000,3_13 4_9,1_12 2_4 3_10 3_11 3_14 3_15 3_6 3_9 4_10 6_15 7_15 7_4 7_5 7_6 7_7 7_8 8_8 9_14,10_15 3_16 7_12 9_8 9_9,0.818182,0.290323,0.379310,0.290323,,0.333333,0.818182,0.428571,0.000000,0.666667
2025-12-16,B4: B1+B3,7,0.142857,0.050000,4_9,3_10 3_11 3_14 3_7 4_10 5_15 5_8 5_9 6_14 6_15 6_7 7_15 7_3 7_5 7_8 8_15 9_14 9_15 9_16,10_15 3_13 3_16 7_12 9_8 9_9,0.290323,0.739130,0.666667,0.481481,0.333333,,0.290323,0.538462,0.025641,0.333333
2025-12-16,B2: Recent MA,7,0.285714,0.100000,3_13 4_9,1_12 2_4 3_10 3_11 3_14 3_15 3_9 4_10 7_15 7_16 7_4 7_5 7_6 7_7 7_8 8_16 8_8 9_14,10_15 3_16 7_12 9_8 9_9,0.904762,0.290323,0.333333,0.250000,0.818182,0.290323,,0.333333,0.000000,0.739130
2025-12-16,B3: DoY season,7,0.142857,0.050000,4_9,3_11 3_14 3_6 3_7 4_10 5_8 6_14 6_15 6_7 6_8 7_15 7_3 7_4 7_5 7_6 7_7 7_9 8_15 9_14,10_15 3_13 3_16 7_12 9_8 9_9,0.379310,0.379310,0.379310,0.379310,0.428571,0.538462,0.333333,,0.000000,0.379310
2025-12-16,B0: Random,7,0.142857,0.050000,3_16,0_14 10_16 10_5 11_14 11_15 11_7 11_9 1_6 4_13 4_17 5_12 5_19 6_2 6_4 8_13 8_19 9_11 9_16 9_2,10_15 3_13 4_9 7_12 9_8 9_9,0.000000,0.025641,0.052632,0.025641,0.000000,0.025641,0.000000,0.000000,,0.000000
2025-12-17,GLM-Logit,4,0.500000,0.100000,3_10 4_10,2_4 3_11 3_13 3_14 3_15 3_6 3_9 4_8 4_9 6_7 7_15 7_16 7_4 7_5 7_7 7_8 8_16 9_14,3_16 6_15,0.818182,0.379310,0.333333,0.250000,0.666667,0.333333,0.739130,0.379310,0.000000,
2025-12-17,HierBayes,4,0.500000,0.100000,3_10 4_10,1_12 2_4 3_11 3_13 3_14 3_15 3_6 3_9 4_9 7_15 7_16 7_4 7_5 7_6 7_7 7_8 8_16 9_14,3_16 6_15,,0.290323,0.290323,0.212121,0.818182,0.290323,0.904762,0.379310,0.000000,0.818182
2025-12-17,B1: Static prior,4,0.750000,0.150000,3_10 4_10 6_15,3_11 3_14 4_8 4_9 5_14 5_15 5_8 5_9 6_14 6_7 7_15 7_16 7_8 8_15 9_14 9_15 9_16,3_16,0.290323,,0.538462,0.481481,0.290323,0.739130,0.250000,0.333333,0.000000,0.379310
2025-12-17,TTM,4,0.500000,0.100000,3_10 6_15,3_11 3_12 3_14 3_7 3_9 4_9 5_8 5_9 6_7 6_8 7_15 7_5 7_8 8_15 8_8 9_14 9_15 9_16,3_16 4_10,0.290323,0.538462,,0.428571,0.379310,0.739130,0.333333,0.428571,0.000000,0.333333
2025-12-17,ET,4,0.500000,0.100000,4_10 6_15,10_14 3_11 3_12 3_14 4_9 5_14 5_15 6_14 6_7 7_15 7_5 8_14 8_15 8_6 8_8 8_9 9_14 9_16,3_10 3_16,0.212121,0.481481,0.428571,,0.290323,0.538462,0.250000,0.379310,0.000000,0.250000
2025-12-17,B5: B2+B3,4,0.750000,0.150000,3_10 4_10 6_15,1_12 2_4 3_11 3_13 3_14 3_15 3_6 3_9 4_9 7_15 7_4 7_5 7_6 7_7 7_8 8_8 9_14,3_16,0.818182,0.290323,0.379310,0.290323,,0.379310,0.904762,0.428571,0.000000,0.666667
2025-12-17,B4: B1+B3,4,0.750000,0.150000,3_10 4_10 6_15,3_11 3_14 3_7 4_9 5_15 5_8 5_9 6_14 6_7 7_15 7_5 7_8 8_15 8_8 9_14 9_15 9_16,3_16,0.290323,0.739130,0.739130,0.538462,0.379310,,0.333333,0.428571,0.000000,0.333333
2025-12-17,B2: Recent MA,4,0.500000,0.100000,3_10 4_10,1_12 2_4 3_11 3_13 3_14 3_15 3_6 3_9 4_9 7_15 7_4 7_5 7_6 7_7 7_8 8_16 8_8 9_14,3_16 6_15,0.904762,0.250000,0.333333,0.250000,0.904762,0.333333,,0.379310,0.000000,0.739130
2025-12-17,B3: DoY season,4,0.500000,0.100000,4_10 6_15,3_11 3_14 3_6 3_7 4_9 5_8 6_7 6_8 7_15 7_3 7_4 7_5 7_6 7_7 7_9 8_15 8_9 9_14,3_10 3_16,0.379310,0.333333,0.428571,0.379310,0.428571,0.428571,0.379310,,0.000000,0.379310
2025-12-17,B0: Random,4,0.000000,0.000000,,0_14 0_6 0_7 10_12 11_11 11_18 12_17 1_16 1_5 2_0 3_19 5_18 6_11 6_19 8_10 8_13 8_17 8_18 8_7 9_2,3_10 3_16 4_10 6_15,0.000000,0.000000,0.000000,0.000000,0.000000,0.000000,0.000000,0.000000,,0.000000
2025-12-18,GLM-Logit,2,0.000000,0.000000,,2_4 3_10 3_11 3_13 3_14 3_15 3_6 3_9 4_10 4_9 7_15 7_16 7_4 7_5 7_7 7_8 8_16 8_6 8_8 9_14,8_14 8_9,0.818182,0.290323,0.290323,0.290323,0.739130,0.333333,0.818182,0.333333,0.000000,
2025-12-18,HierBayes,2,0.000000,0.000000,,1_12 2_4 3_10 3_11 3_13 3_14 3_15 3_6 3_9 4_10 4_9 7_15 7_16 7_4 7_5 7_6 7_7 7_8 8_6 9_14,8_14 8_9,,0.290323,0.250000,0.250000,0.818182,0.290323,0.818182,0.379310,0.000000,0.818182
2025-12-18,B1: Static prior,2,0.000000,0.000000,,3_10 3_11 3_14 4_10 4_8 4_9 5_14 5_15 5_8 5_9 6_14 6_15 6_7 7_15 7_16 7_8 8_15 9_14 9_15 9_16,8_14 8_9,0.290323,,0.538462,0.481481,0.290323,0.739130,0.250000,0.333333,0.052632,0.290323
2025-12-18,TTM,2,0.000000,0.000000,,3_10 3_11 3_12 3_7 4_10 4_9 5_8 5_9 6_14 6_15 6_4 6_7 6_8 7_15 7_5 7_8 8_8 9_14 9_15 9_16,8_14 8_9,0.250000,0.538462,,0.428571,0.333333,0.739130,0.290323,0.428571,0.025641,0.290323
2025-12-18,ET,2,1.000000,0.100000,8_14 8_9,10_14 3_11 3_12 3_14 4_10 4_9 5_14 5_15 6_14 6_15 6_7 7_15 7_5 8_15 8_6 8_8 9_14 9_16,,0.250000,0.481481,0.428571,,0.290323,0.538462,0.250000,0.379310,0.052632,0.290323
2025-12-18,B5: B2+B3,2,0.000000,0.000000,,1_12 2_4 3_10 3_11 3_13 3_14 3_15 3_6 3_9 4_10 4_9 6_15 7_15 7_4 7_5 7_6 7_7 7_8 8_8 9_14,8_14 8_9,0.818182,0.290323,0.333333,0.290323,,0.379310,0.904762,0.428571,0.000000,0.739130
2025-12-18,B4: B1+B3,2,0.000000,0.000000,,3_10 3_11 3_14 3_7 4_10 4_9 5_15 5_8 5_9 6_14 6_15 6_7 7_15 7_5 7_8 8_15 8_8 9_14 9_15 9_16,8_14 8_9,0.290323,0.739130,0.739130,0.538462,0.379310,,0.333333,0.428571,0.052632,0.333333
2025-12-18,B2: Recent MA,2,0.000000,0.000000,,1_12 2_4 3_10 3_11 3_13 3_14 3_15 3_6 3_9 4_10 4_9 7_15 7_4 7_5 7_6 7_7 7_8 8_16 8_8 9_14,8_14 8_9,0.818182,0.250000,0.290323,0.250000,0.904762,0.333333,,0.379310,0.000000,0.818182
2025-12-18,B3: DoY season,2,0.500000,0.050000,8_9,3_11 3_14 3_6 3_7 4_10 4_9 5_8 6_15 6_7 6_8 7_15 7_3 7_4 7_5 7_6 7_7 7_9 9_14 9_16,8_14,0.379310,0.333333,0.428571,0.379310,0.428571,0.428571,0.379310,,0.025641,0.333333
2025-12-18,B0: Random,2,0.000000,0.000000,,0_15 0_9 10_12 11_12 12_13 12_17 1_14 1_18 1_3 2_14 2_9 3_5 4_17 5_13 5_15 5_7 6_11 9_16 9_3 9_9,8_14 8_9,0.000000,0.052632,0.025641,0.052632,0.000000,0.052632,0.000000,0.025641,,0.000000
2025-12-19,GLM-Logit,3,0.000000,0.000000,,2_4 3_10 3_11 3_13 3_14 3_15 3_6 3_9 4_10 4_9 6_15 6_7 7_15 7_16 7_4 7_5 7_7 7_8 8_16 9_14,3_12 4_11 5_15,0.818182,0.379310,0.379310,0.290323,0.739130,0.379310,0.666667,0.428571,0.000000,
2025-12-19,HierBayes,3,0.000000,0.000000,,2_4 3_10 3_11 3_13 3_14 3_15 3_6 3_9 4_10 4_9 6_14 6_15 7_15 7_16 7_4 7_5 7_6 7_7 7_8 9_14,3_12 4_11 5_15,,0.379310,0.333333,0.290323,0.818182,0.379310,0.739130,0.428571,0.000000,0.818182
2025-12-19,B1: Static prior,3,0.333333,0.050000,5_15,3_10 3_11 3_14 4_10 4_8 4_9 5_14 5_8 5_9 6_14 6_15 6_7 7_15 7_16 7_8 8_15 9_14 9_15 9_16,3_12 4_11,0.379310,,0.600000,0.481481,0.290323,0.818182,0.250000,0.290323,0.000000,0.379310
2025-12-19,TTM,3,0.333333,0.050000,3_12,3_10 3_11 3_14 3_9 4_9 5_14 5_8 5_9 6_15 6_7 6_8 7_15 7_5 7_8 8_15 8_8 9_14 9_15 9_16,4_11 5_15,0.333333,0.600000,,0.481481,0.379310,0.600000,0.333333,0.333333,0.000000,0.379310
2025-12-19,ET,3,0.666667,0.100000,3_12 5_15,10_14 3_11 3_14 4_10 4_9 5_14 6_14 6_15 6_7 7_15 7_5 8_14 8_15 8_6 8_8 8_9 9_14 9_16,4_11,0.290323,0.481481,0.481481,,0.290323,0.481481,0.250000,0.379310,0.025641,0.290323
2025-12-19,B5: B2+B3,3,0.000000,0.000000,,1_12 2_4 3_10 3_11 3_13 3_14 3_15 3_6 3_9 4_10 4_9 6_15 7_15 7_4 7_5 7_6 7_7 7_8 8_8 9_14,3_12 4_11 5_15,0.818182,0.290323,0.379310,0.290323,,0.333333,0.904762,0.428571,0.000000,0.739130
2025-12-19,B4: B1+B3,3,0.333333,0.050000,5_15,3_10 3_11 3_14 3_7 4_10 4_8 4_9 5_8 5_9 6_14 6_15 6_7 7_15 7_5 7_8 8_15 9_14 9_15 9_16,3_12 4_11,0.379310,0.818182,0.600000,0.481481,0.333333,,0.290323,0.379310,0.000000,0.379310
2025-12-19,B2: Recent MA,3,0.000000,0.000000,,1_12 2_4 3_10 3_11 3_13 3_14 3_15 3_6 3_9 4_10 4_9 7_15 7_4 7_5 7_6 7_7 7_8 8_7 8_8 9_14,3_12 4_11 5_15,0.739130,0.250000,0.333333,0.250000,0.904762,0.290323,,0.379310,0.000000,0.666667
2025-12-19,B3: DoY season,3,0.000000,0.000000,,10_14 3_11 3_14 3_6 3_7 4_10 4_9 5_8 6_13 6_15 6_7 6_8 7_15 7_4 7_5 7_6 7_7 7_9 8_9 9_14,3_12 4_11 5_15,0.428571,0.290323,0.333333,0.379310,0.428571,0.379310,0.379310,,0.025641,0.428571
2025-12-19,B0: Random,3,0.000000,0.000000,,0_10 0_11 0_14 11_19 11_4 12_2 12_6 12_9 1_0 1_13 1_16 1_19 5_2 6_13 7_14 8_11 8_3 8_6 9_13 9_8,3_12 4_11 5_15,0.000000,0.000000,0.000000,0.025641,0.000000,0.000000,0.000000,0.025641,,0.000000
2025-12-20,GLM-Logit,2,0.500000,0.050000,3_11,2_4 3_10 3_13 3_14 3_15 3_6 3_9 4_10 4_9 6_14 6_15 7_15 7_16 7_4 7_5 7_7 7_8 8_8 9_14,3_16,0.904762,0.379310,0.379310,0.333333,0.818182,0.428571,0.666667,0.428571,0.025641,
2025-12-20,HierBayes,2,0.500000,0.050000,3_11,2_4 3_10 3_13 3_14 3_15 3_6 3_9 4_10 4_9 6_14 6_15 7_15 7_16 7_4 7_5 7_6 7_7 7_8 9_14,3_16,,0.379310,0.333333,0.290323,0.818182,0.428571,0.666667,0.481481,0.025641,0.904762
2025-12-20,B1: Static prior,2,0.500000,0.050000,3_11,3_10 3_14 4_10 4_8 4_9 5_14 5_15 5_8 5_9 6_14 6_15 6_7 7_15 7_16 7_8 8_15 9_14 9_15 9_16,3_16,0.379310,,0.600000,0.481481,0.290323,0.739130,0.212121,0.290323,0.025641,0.379310
2025-12-20,TTM,2,0.500000,0.050000,3_11,3_10 3_12 3_14 3_9 4_8 4_9 5_14 5_8 5_9 6_15 7_15 7_5 7_8 8_15 8_5 8_8 9_14 9_15 9_16,3_16,0.333333,0.600000,,0.428571,0.379310,0.600000,0.333333,0.333333,0.052632,0.379310
2025-12-20,ET,2,0.500000,0.050000,3_11,10_14 3_12 3_14 4_10 4_9 5_14 5_15 6_14 6_15 6_7 7_15 7_5 8_14 8_15 8_6 8_8 8_9 9_14 9_16,3_16,0.290323,0.481481,0.428571,,0.290323,0.481481,0.250000,0.333333,0.025641,0.333333
2025-12-20,B5: B2+B3,2,0.500000,0.050000,3_11,1_12 2_4 3_10 3_13 3_14 3_15 3_6 3_9 4_10 4_9 6_15 7_15 7_4 7_5 7_6 7_7 7_8 8_8 9_14,3_16,0.818182,0.290323,0.379310,0.290323,,0.379310,0.818182,0.481481,0.025641,0.818182
2025-12-20,B4: B1+B3,2,0.500000,0.050000,3_11,3_10 3_14 3_7 3_9 4_10 4_8 4_9 5_15 5_8 5_9 6_14 6_15 6_7 7_15 7_5 7_8 8_15 9_14 9_16,3_16,0.428571,0.739130,0.600000,0.481481,0.379310,,0.290323,0.428571,0.025641,0.428571
2025-12-20,B2: Recent MA,2,0.500000,0.050000,3_11,1_12 2_4 3_10 3_12 3_13 3_14 3_15 3_6 3_9 4_10 4_9 7_15 7_4 7_5 7_6 7_7 7_8 8_16 8_8,3_16,0.666667,0.212121,0.333333,0.250000,0.818182,0.290323,,0.379310,0.052632,0.666667
2025-12-20,B3: DoY season,2,0.500000,0.050000,3_11,3_14 3_6 3_7 3_9 4_10 4_9 5_8 6_13 6_15 6_8 7_15 7_4 7_5 7_6 7_7 7_9 8_9 9_14 9_16,3_16,0.481481,0.290323,0.333333,0.333333,0.481481,0.428571,0.379310,,0.000000,0.428571
2025-12-20,B0: Random,2,0.000000,0.000000,,0_2 0_9 10_10 10_3 11_1 11_5 11_6 12_15 12_7 1_3 1_7 2_12 2_14 2_3 2_5 3_12 3_3 5_5 7_8 9_10,3_11 3_16,0.025641,0.025641,0.052632,0.025641,0.025641,0.025641,0.052632,0.000000,,0.025641
2025-12-21,GLM-Logit,0,,0.000000,,2_4 3_10 3_11 3_12 3_13 3_14 3_15 3_6 3_9 4_10 4_9 6_14 6_15 6_7 7_15 7_16 7_4 7_5 7_7 7_8,,0.818182,0.379310,0.379310,0.333333,0.739130,0.379310,0.666667,0.290323,0.000000,
2025-12-21,HierBayes,0,,0.000000,,2_4 3_10 3_11 3_13 3_14 3_15 3_6 3_9 4_10 4_9 6_14 6_15 7_15 7_16 7_4 7_5 7_6 7_7 7_8 9_14,,,0.379310,0.379310,0.290323,0.739130,0.428571,0.666667,0.379310,0.000000,0.818182
2025-12-21,B1: Static prior,0,,0.000000,,3_10 3_11 3_14 4_10 4_8 4_9 5_14 5_15 5_8 5_9 6_14 6_15 6_7 7_15 7_16 7_8 8_15 9_14 9_15 9_16,,0.379310,,0.481481,0.481481,0.250000,0.666667,0.212121,0.212121,0.000000,0.379310
2025-12-21,TTM,0,,0.000000,,10_16 3_10 3_11 3_12 3_14 3_6 3_9 4_9 5_14 5_8 5_9 6_15 6_4 7_15 7_5 7_8 8_8 9_14 9_15 9_16,,0.379310,0.481481,,0.379310,0.428571,0.538462,0.379310,0.290323,0.000000,0.379310
2025-12-21,ET,0,,0.000000,,10_14 3_11 3_12 3_14 4_10 4_9 5_14 5_15 6_14 6_15 6_7 7_15 7_5 8_14 8_15 8_6 8_8 8_9 9_14 9_16,,0.290323,0.481481,0.379310,,0.290323,0.428571,0.250000,0.290323,0.025641,0.333333
2025-12-21,B5: B2+B3,0,,0.000000,,1_12 2_4 3_10 3_11 3_12 3_13 3_14 3_15 3_6 3_9 4_10 4_9 6_15 7_15 7_4 7_5 7_6 7_7 7_8 8_8,,0.739130,0.250000,0.428571,0.290323,,0.379310,0.904762,0.333333,0.000000,0.739130
2025-12-21,B4: B1+B3,0,,0.000000,,3_10 3_11 3_14 3_7 3_9 4_10 4_8 4_9 5_15 5_8 5_9 6_14 6_15 7_15 7_5 7_8 8_15 8_8 9_14 9_15,,0.428571,0.666667,0.538462,0.428571,0.379310,,0.333333,0.333333,0.000000,0.379310
2025-12-21,B2: Recent MA,0,,0.000000,,1_12 2_4 3_10 3_11 3_12 3_13 3_14 3_15 3_6 3_9 4_10 4_9 7_15 7_4 7_5 7_6 7_7 7_8 8_3 8_8,,0.666667,0.212121,0.379310,0.250000,0.904762,0.333333,,0.290323,0.000000,0.666667
2025-12-21,B3: DoY season,0,,0.000000,,10_14 10_17 3_11 3_6 3_7 3_9 4_10 4_9 5_8 6_13 6_15 6_8 7_15 7_5 7_6 7_7 7_9 8_2 8_9 9_14,,0.379310,0.212121,0.290323,0.290323,0.333333,0.333333,0.290323,,0.000000,0.290323
2025-12-21,B0: Random,0,,0.000000,,0_0 0_8 10_11 10_13 10_6 1_1 1_4 1_5 3_17 4_19 5_17 5_3 6_9 7_17 7_19 8_14 8_19 9_11 9_18 9_6,,0.000000,0.000000,0.000000,0.025641,0.000000,0.000000,0.000000,0.000000,,0.000000
2025-12-22,GLM-Logit,3,1.000000,0.150000,3_10 3_9 4_9,2_4 3_11 3_13 3_14 3_15 3_6 4_10 6_14 6_15 6_7 7_15 7_16 7_4 7_5 7_7 7_8 8_8,,0.818182,0.379310,0.428571,0.333333,0.739130,0.379310,0.666667,0.250000,0.142857,
2025-12-22,HierBayes,3,1.000000,0.150000,3_10 3_9 4_9,2_4 3_11 3_13 3_14 3_15 3_6 4_10 5_9 6_14 6_15 6_7 7_15 7_4 7_5 7_7 7_8 9_14,,,0.428571,0.481481,0.333333,0.666667,0.428571,0.600000,0.290323,0.142857,0.818182
2025-12-22,B1: Static prior,3,0.666667,0.100000,3_10 4_9,3_11 3_14 4_10 4_8 5_14 5_15 5_8 5_9 6_14 6_15 6_7 7_15 7_16 7_8 8_15 9_14 9_15 9_16,3_9,0.428571,,0.666667,0.481481,0.250000,0.666667,0.212121,0.176471,0.081081,0.379310
2025-12-22,TTM,3,1.000000,0.150000,3_10 3_9 4_9,3_11 3_14 4_10 5_14 5_8 5_9 6_15 6_4 6_7 7_15 7_5 7_8 8_15 8_8 9_14 9_15 9_16,,0.481481,0.666667,,0.481481,0.379310,0.600000,0.333333,0.212121,0.111111,0.428571
2025-12-22,ET,3,0.333333,0.050000,4_9,10_14 3_11 3_12 3_14 4_10 5_14 5_15 6_14 6_15 6_7 7_15 7_5 8_14 8_15 8_6 8_8 8_9 9_14 9_16,3_10 3_9,0.333333,0.481481,0.481481,,0.250000,0.428571,0.250000,0.250000,0.111111,0.333333
2025-12-22,B5: B2+B3,3,1.000000,0.150000,3_10 3_9 4_9,1_12 2_4 3_11 3_13 3_14 3_15 3_6 4_10 6_15 7_15 7_4 7_5 7_6 7_7 7_8 8_7 8_8,,0.666667,0.250000,0.379310,0.250000,,0.333333,0.904762,0.290323,0.081081,0.739130
2025-12-22,B4: B1+B3,3,0.666667,0.100000,3_10 4_9,3_11 3_14 3_7 4_10 4_8 5_15 5_8 5_9 6_14 6_15 7_15 7_3 7_5 7_8 8_15 8_8 9_14 9_15,3_9,0.428571,0.666667,0.600000,0.428571,0.333333,,0.290323,0.290323,0.081081,0.379310
2025-12-22,B2: Recent MA,3,1.000000,0.150000,3_10 3_9 4_9,1_12 2_4 3_11 3_12 3_13 3_14 3_15 3_6 4_10 7_15 7_4 7_5 7_6 7_7 7_8 8_7 8_8,,0.600000,0.212121,0.333333,0.250000,0.904762,0.290323,,0.250000,0.081081,0.666667
2025-12-22,B3: DoY season,3,0.333333,0.050000,4_9,10_14 10_17 3_11 3_6 3_7 5_8 6_13 6_15 6_8 7_15 7_3 7_4 7_5 7_6 7_7 7_9 8_2 8_9 9_14,3_10 3_9,0.290323,0.176471,0.212121,0.250000,0.290323,0.290323,0.250000,,0.052632,0.250000
2025-12-22,B0: Random,3,0.333333,0.050000,3_9,0_10 0_9 10_10 10_3 12_7 1_2 2_10 2_17 4_13 4_19 4_7 6_14 6_5 6_7 7_10 7_15 7_5 8_0 8_1,3_10 4_9,0.142857,0.081081,0.111111,0.111111,0.081081,0.081081,0.081081,0.052632,,0.142857
2025-12-23,GLM-Logit,4,0.250000,0.050000,4_9,2_4 3_10 3_11 3_13 3_14 3_15 3_6 3_9 4_10 6_14 6_15 7_15 7_16 7_4 7_5 7_7 7_8 8_6 8_8,4_8 5_8 6_2,0.818182,0.333333,0.333333,0.333333,0.739130,0.379310,0.818182,0.250000,0.111111,
2025-12-23,HierBayes,4,0.250000,0.050000,4_9,2_4 3_10 3_11 3_13 3_14 3_15 3_16 3_6 3_9 4_10 5_9 6_14 6_15 7_15 7_16 7_4 7_5 7_7 7_8,4_8 5_8 6_2,,0.379310,0.333333,0.250000,0.666667,0.379310,0.739130,0.250000,0.081081,0.818182
2025-12-23,B1: Static prior,4,0.750000,0.150000,4_8 4_9 5_8,3_10 3_11 3_14 4_10 5_14 5_15 5_9 6_14 6_15 6_7 7_15 7_16 7_8 8_15 9_14 9_15 9_16,6_2,0.379310,,0.600000,0.481481,0.250000,0.666667,0.290323,0.176471,0.052632,0.333333
2025-12-23,TTM,4,0.750000,0.150000,4_8 4_9 5_8,3_10 3_11 3_14 3_9 5_14 5_9 6_15 6_3 7_15 7_3 7_5 7_8 8_15 8_8 9_14 9_15 9_16,6_2,0.333333,0.600000,,0.379310,0.333333,0.666667,0.333333,0.250000,0.081081,0.333333
2025-12-23,ET,4,0.250000,0.050000,4_9,10_14 3_11 3_12 3_14 4_10 5_14 5_15 6_14 6_15 6_7 7_15 7_5 8_14 8_15 8_6 8_8 8_9 9_14 9_16,4_8 5_8 6_2,0.250000,0.481481,0.379310,,0.250000,0.428571,0.290323,0.250000,0.052632,0.333333
2025-12-23,B5: B2+B3,4,0.250000,0.050000,4_9,1_12 2_4 3_10 3_11 3_13 3_14 3_15 3_6 3_9 4_10 6_15 7_15 7_4 7_5 7_6 7_7 7_8 8_7 8_8,4_8 5_8 6_2,0.666667,0.250000,0.333333,0.250000,,0.333333,0.904762,0.290323,0.081081,0.739130
2025-12-23,B4: B1+B3,4,0.750000,0.150000,4_8 4_9 5_8,3_10 3_11 3_14 3_7 4_10 5_15 5_9 6_14 6_15 7_15 7_3 7_5 7_8 8_15 8_8 9_14 9_15,6_2,0.379310,0.666667,0.666667,0.428571,0.333333,,0.379310,0.290323,0.081081,0.379310
2025-12-23,B2: Recent MA,4,0.250000,0.050000,4_9,1_12 2_4 3_10 3_11 3_13 3_14 3_15 3_6 3_9 4_10 6_14 6_15 7_15 7_4 7_5 7_7 7_8 8_7 8_8,4_8 5_8 6_2,0.739130,0.290323,0.333333,0.290323,0.904762,0.379310,,0.250000,0.081081,0.818182
2025-12-23,B3: DoY season,4,0.500000,0.100000,4_9 5_8,10_14 10_17 3_11 3_6 3_7 6_13 6_15 6_8 7_15 7_3 7_4 7_5 7_6 7_7 7_9 8_5 8_9 9_14,4_8 6_2,0.250000,0.176471,0.250000,0.250000,0.290323,0.290323,0.250000,,0.025641,0.250000
2025-12-23,B0: Random,4,0.250000,0.050000,4_8,11_11 11_7 12_19 1_17 2_11 2_16 2_3 2_5 3_10 3_13 4_17 4_3 6_17 6_9 7_13 7_5 8_0 8_6 9_10,4_9 5_8 6_2,0.081081,0.052632,0.081081,0.052632,0.081081,0.081081,0.081081,0.025641,,0.111111
2025-12-24,GLM-Logit,1,0.000000,0.000000,,2_4 3_10 3_11 3_13 3_14 3_6 3_9 4_10 4_8 4_9 5_9 6_14 6_15 6_7 7_15 7_16 7_5 7_7 7_8 8_8,9_9,0.739130,0.481481,0.379310,0.333333,0.666667,0.481481,0.666667,0.212121,0.081081,
2025-12-24,HierBayes,1,0.000000,0.000000,,2_4 3_10 3_11 3_13 3_14 3_15 3_16 3_6 3_9 4_10 4_9 5_9 6_14 6_15 7_15 7_16 7_4 7_5 7_7 7_8,9_9,,0.379310,0.333333,0.250000,0.666667,0.379310,0.818182,0.250000,0.081081,0.739130
2025-12-24,B1: Static prior,1,0.000000,0.000000,,3_10 3_11 3_14 4_10 4_8 4_9 5_14 5_15 5_8 5_9 6_14 6_15 6_7 7_15 7_16 7_8 8_15 9_14 9_15 9_16,9_9,0.379310,,0.538462,0.481481,0.290323,0.666667,0.290323,0.176471,0.111111,0.481481
2025-12-24,TTM,1,0.000000,0.000000,,3_10 3_11 3_7 3_9 4_10 4_9 5_14 5_8 5_9 6_15 6_4 6_8 7_15 7_5 7_8 8_15 8_8 9_14 9_15 9_16,9_9,0.333333,0.538462,,0.379310,0.333333,0.600000,0.333333,0.290323,0.081081,0.379310
2025-12-24,ET,1,0.000000,0.000000,,10_14 3_11 3_12 3_14 4_10 4_9 5_14 5_15 6_14 6_15 6_7 7_15 7_5 8_14 8_15 8_6 8_8 8_9 9_14 9_16,9_9,0.250000,0.481481,0.379310,,0.290323,0.428571,0.290323,0.250000,0.025641,0.333333
2025-12-24,B5: B2+B3,1,0.000000,0.000000,,1_12 2_4 3_10 3_11 3_13 3_14 3_6 3_9 4_10 4_9 6_14 6_15 7_15 7_4 7_5 7_6 7_7 7_8 8_7 8_8,9_9,0.666667,0.290323,0.333333,0.290323,,0.379310,0.818182,0.290323,0.052632,0.666667
2025-12-24,B4: B1+B3,1,0.000000,0.000000,,3_10 3_11 3_14 3_7 4_10 4_8 4_9 5_15 5_8 5_9 6_14 6_15 7_15 7_3 7_5 7_8 8_15 8_8 9_14 9_15,9_9,0.379310,0.666667,0.600000,0.428571,0.379310,,0.379310,0.290323,0.111111,0.481481
2025-12-24,B2: Recent MA,1,0.000000,0.000000,,1_12 2_4 3_10 3_11 3_13 3_14 3_15 3_16 3_6 3_9 4_10 4_9 6_14 6_15 7_15 7_4 7_5 7_7 7_8 8_8,9_9,0.818182,0.290323,0.333333,0.290323,0.818182,0.379310,,0.250000,0.052632,0.666667
2025-12-24,B3: DoY season,1,0.000000,0.000000,,10_14 10_17 3_11 3_6 3_7 4_9 5_8 6_13 6_15 6_8 7_15 7_3 7_4 7_5 7_6 7_7 7_9 8_5 8_9 9_14,9_9,0.250000,0.176471,0.290323,0.250000,0.290323,0.290323,0.250000,,0.111111,0.212121
2025-12-24,B0: Random,1,0.000000,0.000000,,10_16 11_1 11_12 11_3 12_1 12_13 1_7 2_14 3_3 4_4 4_8 5_8 5_9 6_14 6_8 7_1 7_4 7_9 8_17 8_18,9_9,0.081081,0.111111,0.081081,0.025641,0.052632,0.111111,0.052632,0.111111,,0.081081
2025-12-25,GLM-Logit,2,0.500000,0.050000,5_8,2_4 3_10 3_11 3_13 3_14 3_6 3_9 4_10 4_9 5_9 6_14 6_15 6_7 7_15 7_16 7_5 7_7 7_8 8_8,6_9,0.739130,0.481481,0.379310,0.333333,0.666667,0.538462,0.538462,0.333333,0.000000,
2025-12-25,HierBayes,2,0.500000,0.050000,5_8,2_4 3_10 3_11 3_13 3_14 3_16 3_6 3_9 4_10 4_9 5_9 6_14 6_15 7_15 7_4 7_5 7_7 7_8 9_14,6_9,,0.428571,0.379310,0.290323,0.666667,0.538462,0.600000,0.379310,0.000000,0.739130
2025-12-25,B1: Static prior,2,0.500000,0.050000,5_8,3_10 3_11 3_14 4_10 4_8 4_9 5_14 5_15 5_9 6_14 6_15 6_7 7_15 7_16 7_8 8_15 9_14 9_15 9_16,6_9,0.428571,,0.481481,0.481481,0.290323,0.666667,0.212121,0.176471,0.000000,0.481481
2025-12-25,TTM,2,0.500000,0.050000,5_8,3_10 3_11 3_12 3_9 4_10 4_9 5_14 5_9 6_15 6_3 6_4 7_15 7_5 8_15 8_8 9_12 9_14 9_15 9_16,6_9,0.379310,0.481481,,0.428571,0.333333,0.538462,0.250000,0.290323,0.025641,0.379310
2025-12-25,ET,2,0.000000,0.000000,,10_14 3_11 3_12 3_14 4_10 4_9 5_14 5_15 6_14 6_15 6_7 7_15 7_5 8_14 8_15 8_6 8_8 8_9 9_14 9_16,5_8 6_9,0.290323,0.481481,0.428571,,0.250000,0.428571,0.250000,0.250000,0.025641,0.333333
2025-12-25,B5: B2+B3,2,0.500000,0.050000,5_8,1_12 2_4 3_10 3_11 3_13 3_14 3_6 3_9 4_10 4_9 6_15 7_15 7_4 7_5 7_6 7_7 7_8 8_7 8_8,6_9,0.666667,0.290323,0.333333,0.250000,,0.428571,0.818182,0.428571,0.000000,0.666667
2025-12-25,B4: B1+B3,2,0.500000,0.050000,5_8,3_10 3_11 3_14 3_7 3_9 4_10 4_8 4_9 5_15 5_9 6_14 6_15 7_15 7_5 7_8 8_15 8_8 9_14 9_15,6_9,0.538462,0.666667,0.538462,0.428571,0.428571,,0.333333,0.333333,0.025641,0.538462
2025-12-25,B2: Recent MA,2,0.000000,0.000000,,1_12 2_4 3_10 3_11 3_13 3_14 3_16 3_6 3_9 4_10 4_9 7_15 7_4 7_5 7_6 7_7 7_8 8_14 8_7 8_8,5_8 6_9,0.600000,0.212121,0.250000,0.250000,0.818182,0.333333,,0.333333,0.000000,0.538462
2025-12-25,B3: DoY season,2,0.500000,0.050000,5_8,3_11 3_6 3_7 3_9 4_9 6_13 6_15 6_8 7_15 7_3 7_4 7_5 7_6 7_7 7_9 8_5 8_8 8_9 9_14,6_9,0.379310,0.176471,0.290323,0.250000,0.428571,0.333333,0.333333,,0.081081,0.333333
2025-12-25,B0: Random,2,0.000000,0.000000,,0_5 11_13 1_13 1_15 1_19 1_4 1_5 2_1 2_17 2_5 3_7 6_11 6_17 6_3 7_17 7_19 7_9 8_9 9_10 9_9,5_8 6_9,0.000000,0.000000,0.025641,0.025641,0.000000,0.025641,0.000000,0.081081,,0.000000
2025-12-26,GLM-Logit,3,0.333333,0.050000,3_9,2_4 3_10 3_11 3_13 3_14 3_5 3_6 4_10 4_9 5_8 5_9 6_14 6_15 6_7 7_15 7_16 7_5 7_7 7_8,5_15 6_13,0.818182,0.481481,0.333333,0.290323,0.600000,0.428571,0.600000,0.250000,0.025641,
2025-12-26,HierBayes,3,0.333333,0.050000,3_9,2_4 3_10 3_11 3_13 3_14 3_6 4_10 4_9 5_8 5_9 6_14 6_15 6_7 7_15 7_4 7_5 7_7 7_8 9_14,5_15 6_13,,0.481481,0.379310,0.333333,0.666667,0.481481,0.600000,0.290323,0.025641,0.818182
2025-12-26,B1: Static prior,3,0.333333,0.050000,5_15,3_10 3_11 3_14 4_10 4_8 4_9 5_14 5_8 5_9 6_14 6_15 6_7 7_15 7_16 7_8 8_15 9_14 9_15 9_16,3_9 6_13,0.481481,,0.538462,0.481481,0.290323,0.600000,0.290323,0.142857,0.000000,0.481481
2025-12-26,TTM,3,0.333333,0.050000,3_9,3_10 3_11 3_12 3_14 4_9 5_14 5_8 5_9 6_15 6_3 6_7 7_15 8_15 8_5 8_8 9_12 9_14 9_15 9_16,5_15 6_13,0.379310,0.538462,,0.428571,0.333333,0.428571,0.290323,0.250000,0.000000,0.333333
2025-12-26,ET,3,0.333333,0.050000,5_15,10_14 3_11 3_12 3_14 4_10 4_9 5_14 6_14 6_15 6_7 7_15 7_5 8_14 8_15 8_6 8_8 8_9 9_14 9_16,3_9 6_13,0.333333,0.481481,0.428571,,0.290323,0.428571,0.379310,0.250000,0.000000,0.290323
2025-12-26,B5: B2+B3,3,0.333333,0.050000,3_9,1_12 2_4 3_10 3_11 3_12 3_13 3_14 3_6 4_10 4_9 5_8 6_15 7_15 7_4 7_5 7_6 7_7 7_8 8_8,5_15 6_13,0.666667,0.290323,0.333333,0.290323,,0.379310,0.739130,0.333333,0.025641,0.600000
2025-12-26,B4: B1+B3,3,0.666667,0.100000,3_9 5_15,3_10 3_11 3_7 4_10 4_8 4_9 5_8 5_9 6_14 6_15 7_15 7_5 7_8 8_15 8_6 8_8 9_14 9_15,6_13,0.481481,0.600000,0.428571,0.428571,0.379310,,0.379310,0.333333,0.000000,0.428571
2025-12-26,B2: Recent MA,3,0.333333,0.050000,3_9,1_12 2_4 3_10 3_11 3_12 3_13 3_14 3_5 4_10 4_9 6_14 6_15 7_15 7_4 7_5 7_7 7_8 8_14 8_8,5_15 6_13,0.600000,0.290323,0.290323,0.379310,0.739130,0.379310,,0.212121,0.025641,0.600000
2025-12-26,B3: DoY season,3,0.666667,0.100000,3_9 6_13,3_11 3_6 3_7 4_9 5_8 6_15 6_8 7_1 7_3 7_5 7_6 7_7 7_9 8_5 8_6 8_8 8_9 9_14,5_15,0.290323,0.142857,0.250000,0.250000,0.333333,0.333333,0.212121,,0.000000,0.250000
2025-12-26,B0: Random,3,0.000000,0.000000,,0_15 10_1 10_10 10_7 12_15 1_3 2_15 2_4 2_5 2_9 4_19 5_12 6_1 7_12 7_17 8_12 8_13 9_13 9_2 9_4,3_9 5_15 6_13,0.025641,0.000000,0.000000,0.000000,0.025641,0.000000,0.025641,0.000000,,0.025641
2025-12-27,GLM-Logit,3,0.666667,0.100000,4_10 6_15,2_4 3_10 3_11 3_12 3_13 3_14 3_6 3_9 4_9 5_8 5_9 6_14 6_7 7_15 7_16 7_5 7_7 7_8,5_14,0.818182,0.481481,0.379310,0.333333,0.739130,0.481481,0.600000,0.212121,0.025641,
2025-12-27,HierBayes,3,0.666667,0.100000,4_10 6_15,2_4 3_10 3_11 3_13 3_14 3_6 3_9 4_9 5_8 5_9 6_14 7_15 7_16 7_5 7_7 7_8 8_14 9_14,5_14,,0.481481,0.379310,0.333333,0.666667,0.538462,0.600000,0.250000,0.081081,0.818182
2025-12-27,B1: Static prior,3,1.000000,0.150000,4_10 5_14 6_15,3_10 3_11 3_14 4_8 4_9 5_15 5_8 5_9 6_14 6_7 7_15 7_16 7_8 8_15 9_14 9_15 9_16,,0.481481,,0.538462,0.481481,0.333333,0.538462,0.250000,0.142857,0.081081,0.481481
2025-12-27,TTM,3,1.000000,0.150000,4_10 5_14 6_15,3_10 3_11 3_12 3_9 4_9 5_8 5_9 6_14 6_4 7_15 7_3 8_15 8_5 8_8 9_14 9_15 9_16,,0.379310,0.538462,,0.428571,0.379310,0.538462,0.250000,0.290323,0.052632,0.379310
2025-12-27,ET,3,1.000000,0.150000,4_10 5_14 6_15,10_14 3_11 3_12 3_14 4_9 5_15 6_14 6_7 7_15 7_5 8_14 8_15 8_6 8_8 8_9 9_14 9_16,,0.333333,0.481481,0.428571,,0.290323,0.428571,0.250000,0.290323,0.081081,0.333333
2025-12-27,B5: B2+B3,3,0.666667,0.100000,4_10 6_15,1_12 2_4 3_10 3_11 3_12 3_13 3_14 3_6 3_9 4_9 5_8 5_9 7_15 7_4 7_5 7_7 7_8 8_8,5_14,0.666667,0.333333,0.379310,0.290323,,0.481481,0.739130,0.250000,0.025641,0.739130
2025-12-27,B4: B1+B3,3,0.666667,0.100000,4_10 6_15,3_10 3_11 3_14 3_7 3_9 4_8 4_9 5_8 5_9 6_14 7_15 7_3 7_5 7_8 8_15 8_6 8_8 9_14,5_14,0.538462,0.538462,0.538462,0.428571,0.481481,,0.333333,0.379310,0.052632,0.481481
2025-12-27,B2: Recent MA,3,0.333333,0.050000,4_10,1_12 2_4 3_10 3_11 3_12 3_13 3_14 3_16 3_6 3_9 4_9 5_8 7_15 7_4 7_5 7_7 7_8 8_14 8_7,5_14 6_15,0.600000,0.250000,0.250000,0.250000,0.739130,0.333333,,0.176471,0.052632,0.600000
2025-12-27,B3: DoY season,3,0.333333,0.050000,6_15,10_13 10_14 3_11 3_7 3_9 4_9 5_8 6_13 6_8 7_1 7_3 7_5 7_6 7_7 8_5 8_6 8_8 8_9 9_14,4_10 5_14,0.250000,0.142857,0.290323,0.290323,0.250000,0.379310,0.176471,,0.081081,0.212121
2025-12-27,B0: Random,3,0.000000,0.000000,,0_1 0_19 10_13 12_1 12_17 1_0 1_4 1_8 2_18 2_6 4_13 4_2 5_15 5_8 6_18 8_14 8_3 9_1 9_12 9_14,4_10 5_14 6_15,0.081081,0.081081,0.052632,0.081081,0.025641,0.052632,0.052632,0.081081,,0.025641
2025-12-28,GLM-Logit,0,,0.000000,,2_4 3_10 3_11 3_12 3_13 3_14 3_6 3_9 4_10 4_9 5_8 5_9 6_14 6_15 7_15 7_16 7_5 7_7 7_8 8_14,,0.818182,0.428571,0.481481,0.333333,0.666667,0.481481,0.666667,0.212121,0.052632,
2025-12-28,HierBayes,0,,0.000000,,2_4 3_10 3_11 3_13 3_14 3_16 3_9 4_10 4_9 5_8 5_9 6_14 6_15 7_15 7_16 7_5 7_7 7_8 8_14 9_14,,,0.481481,0.428571,0.333333,0.666667,0.538462,0.666667,0.250000,0.081081,0.818182
2025-12-28,B1: Static prior,0,,0.000000,,3_10 3_11 3_14 4_10 4_8 4_9 5_14 5_15 5_8 5_9 6_14 6_15 6_7 7_15 7_16 7_8 8_15 9_14 9_15 9_16,,0.481481,,0.538462,0.481481,0.290323,0.538462,0.290323,0.142857,0.025641,0.428571
2025-12-28,TTM,0,,0.000000,,3_10 3_11 3_12 3_14 3_6 3_9 4_10 4_8 4_9 5_8 5_9 6_15 6_4 7_15 7_7 8_15 8_8 9_14 9_15 9_16,,0.428571,0.538462,,0.379310,0.428571,0.538462,0.428571,0.250000,0.000000,0.481481
2025-12-28,ET,0,,0.000000,,10_14 3_11 3_12 3_14 4_10 4_9 5_14 5_15 6_14 6_15 6_7 7_15 7_5 8_14 8_15 8_6 8_8 8_9 9_14 9_16,,0.333333,0.481481,0.379310,,0.333333,0.428571,0.333333,0.290323,0.025641,0.333333
2025-12-28,B5: B2+B3,0,,0.000000,,1_12 2_4 3_10 3_11 3_12 3_13 3_14 3_16 3_9 4_10 4_9 5_8 6_15 7_15 7_4 7_5 7_7 7_8 8_14 8_8,,0.666667,0.290323,0.428571,0.333333,,0.428571,1.000000,0.250000,0.081081,0.666667
2025-12-28,B4: B1+B3,0,,0.000000,,3_10 3_11 3_14 3_7 3_9 4_10 4_8 4_9 5_8 5_9 6_14 6_15 7_15 7_3 7_5 7_8 8_15 8_6 8_8 9_14,,0.538462,0.538462,0.538462,0.428571,0.428571,,0.428571,0.379310,0.025641,0.481481
2025-12-28,B2: Recent MA,0,,0.000000,,1_12 2_4 3_10 3_11 3_12 3_13 3_14 3_16 3_9 4_10 4_9 5_8 6_15 7_15 7_4 7_5 7_7 7_8 8_14 8_8,,0.666667,0.290323,0.428571,0.333333,1.000000,0.428571,,0.250000,0.081081,0.666667
2025-12-28,B3: DoY season,0,,0.000000,,10_13 10_14 10_17 3_11 3_7 3_9 4_9 5_8 6_13 6_15 6_8 7_1 7_3 7_5 7_7 8_5 8_6 8_8 8_9 9_14,,0.250000,0.142857,0.250000,0.290323,0.250000,0.379310,0.250000,,0.025641,0.212121
2025-12-28,B0: Random,0,,0.000000,,0_0 10_11 10_15 11_7 12_13 1_11 1_17 2_3 3_16 4_17 5_7 6_13 7_19 7_8 8_0 8_14 9_10 9_18 9_2 9_4,,0.081081,0.025641,0.000000,0.025641,0.081081,0.025641,0.081081,0.025641,,0.052632
2025-12-29,GLM-Logit,2,0.500000,0.050000,3_9,2_4 3_10 3_11 3_12 3_13 3_14 3_16 4_10 4_9 5_8 5_9 6_15 7_15 7_16 7_5 7_7 7_8 8_14 8_8,8_15,0.818182,0.379310,0.481481,0.333333,0.818182,0.481481,0.818182,0.176471,0.000000,
2025-12-29,HierBayes,2,0.500000,0.050000,3_9,2_4 3_10 3_11 3_13 3_14 3_16 4_10 4_9 5_8 5_9 6_15 7_15 7_16 7_4 7_5 7_7 7_8 8_14 9_14,8_15,,0.428571,0.428571,0.290323,0.739130,0.481481,0.739130,0.142857,0.000000,0.818182
2025-12-29,B1: Static prior,2,0.500000,0.050000,8_15,3_10 3_11 3_14 4_10 4_8 4_9 5_14 5_15 5_8 5_9 6_14 6_15 6_7 7_15 7_16 7_8 9_14 9_15 9_16,3_9,0.428571,,0.538462,0.481481,0.290323,0.600000,0.290323,0.081081,0.000000,0.379310
2025-12-29,TTM,2,1.000000,0.100000,3_9 8_15,3_10 3_11 3_12 3_14 4_8 4_9 5_8 5_9 6_15 6_3 7_15 7_5 7_8 8_6 8_8 9_14 9_15 9_16,,0.428571,0.538462,,0.428571,0.428571,0.739130,0.428571,0.250000,0.000000,0.481481
2025-12-29,ET,2,0.500000,0.050000,8_15,10_14 3_11 3_12 3_14 4_10 4_9 5_14 5_15 6_14 6_15 6_7 7_15 7_5 8_14 8_6 8_8 8_9 9_14 9_16,3_9,0.290323,0.481481,0.428571,,0.333333,0.428571,0.333333,0.212121,0.025641,0.333333
2025-12-29,B5: B2+B3,2,0.500000,0.050000,3_9,1_12 2_4 3_10 3_11 3_12 3_13 3_14 3_16 4_10 4_9 5_8 6_15 7_15 7_4 7_5 7_7 7_8 8_14 8_8,8_15,0.739130,0.290323,0.428571,0.333333,,0.428571,1.000000,0.176471,0.000000,0.818182
2025-12-29,B4: B1+B3,2,1.000000,0.100000,3_9 8_15,3_10 3_11 3_14 3_7 4_10 4_8 4_9 5_8 5_9 6_14 6_15 7_15 7_5 7_8 8_6 8_8 9_14 9_15,,0.481481,0.600000,0.739130,0.428571,0.428571,,0.428571,0.250000,0.000000,0.481481
2025-12-29,B2: Recent MA,2,0.500000,0.050000,3_9,1_12 2_4 3_10 3_11 3_12 3_13 3_14 3_16 4_10 4_9 5_8 6_15 7_15 7_4 7_5 7_7 7_8 8_14 8_8,8_15,0.739130,0.290323,0.428571,0.333333,1.000000,0.428571,,0.176471,0.000000,0.818182
2025-12-29,B3: DoY season,2,0.500000,0.050000,3_9,10_13 10_14 10_17 3_7 4_9 5_7 5_8 6_13 6_15 6_3 6_8 7_1 7_3 7_5 7_6 8_5 8_6 8_8 8_9,8_15,0.142857,0.081081,0.250000,0.212121,0.176471,0.250000,0.176471,,0.081081,0.176471
2025-12-29,B0: Random,2,0.000000,0.000000,,10_3 10_5 12_16 1_14 1_4 2_0 3_19 4_13 4_17 4_19 4_4 5_16 6_13 7_0 7_3 8_11 8_12 8_19 8_9 9_19,3_9 8_15,0.000000,0.000000,0.000000,0.025641,0.000000,0.000000,0.000000,0.081081,,0.000000
2025-12-30,GLM-Logit,1,0.000000,0.000000,,2_4 3_10 3_11 3_12 3_13 3_14 3_16 3_9 4_10 4_9 5_14 5_8 6_15 7_15 7_16 7_5 7_7 7_8 8_14 8_8,6_5,0.739130,0.379310,0.428571,0.379310,0.818182,0.428571,0.818182,0.142857,0.000000,
2025-12-30,HierBayes,1,0.000000,0.000000,,2_4 3_10 3_11 3_13 3_14 3_16 3_9 4_10 4_9 5_8 5_9 6_15 7_15 7_16 7_4 7_5 7_7 7_8 8_14 9_14,6_5,,0.428571,0.428571,0.290323,0.739130,0.481481,0.739130,0.111111,0.025641,0.739130
2025-12-30,B1: Static prior,1,0.000000,0.000000,,3_10 3_11 3_14 4_10 4_8 4_9 5_14 5_15 5_8 5_9 6_14 6_15 6_7 7_15 7_16 7_8 8_15 9_14 9_15 9_16,6_5,0.428571,,0.600000,0.481481,0.290323,0.600000,0.290323,0.081081,0.025641,0.379310
2025-12-30,TTM,1,0.000000,0.000000,,3_10 3_11 3_12 3_14 3_9 4_10 4_9 5_8 5_9 6_15 6_3 6_7 7_15 7_8 8_15 8_6 8_8 9_14 9_15 9_16,6_5,0.428571,0.600000,,0.481481,0.428571,0.666667,0.428571,0.176471,0.025641,0.428571
2025-12-30,ET,1,0.000000,0.000000,,10_14 3_11 3_12 3_14 4_10 4_9 5_14 5_15 6_14 6_15 6_7 7_15 7_5 8_14 8_15 8_6 8_8 8_9 9_14 9_16,6_5,0.290323,0.481481,0.481481,,0.333333,0.428571,0.333333,0.176471,0.025641,0.379310
2025-12-30,B5: B2+B3,1,0.000000,0.000000,,1_12 2_4 3_10 3_11 3_12 3_13 3_14 3_16 3_9 4_10 4_9 5_8 6_15 7_15 7_4 7_5 7_7 7_8 8_14 8_8,6_5,0.739130,0.290323,0.428571,0.333333,,0.428571,1.000000,0.142857,0.000000,0.818182
2025-12-30,B4: B1+B3,1,0.000000,0.000000,,3_10 3_11 3_14 3_7 3_9 4_10 4_8 4_9 5_8 5_9 6_14 6_15 7_15 7_5 7_8 8_15 8_6 8_8 9_14 9_15,6_5,0.481481,0.600000,0.666667,0.428571,0.428571,,0.428571,0.250000,0.025641,0.428571
2025-12-30,B2: Recent MA,1,0.000000,0.000000,,1_12 2_4 3_10 3_11 3_12 3_13 3_14 3_16 3_9 4_10 4_9 5_8 6_15 7_15 7_4 7_5 7_7 7_8 8_14 8_8,6_5,0.739130,0.290323,0.428571,0.333333,1.000000,0.428571,,0.142857,0.000000,0.818182
2025-12-30,B3: DoY season,1,0.000000,0.000000,,10_13 10_14 10_17 3_7 3_9 4_8 4_9 5_7 5_8 6_13 6_3 6_8 7_1 7_3 7_5 7_6 8_5 8_6 8_8 8_9,6_5,0.111111,0.081081,0.176471,0.176471,0.142857,0.250000,0.142857,,0.025641,0.142857
2025-12-30,B0: Random,1,0.000000,0.000000,,0_10 10_15 11_15 12_7 12_8 2_1 3_3 5_10 5_5 6_19 6_6 7_1 8_16 8_19 8_2 8_4 9_10 9_14 9_19 9_9,6_5,0.025641,0.025641,0.025641,0.025641,0.000000,0.025641,0.000000,0.025641,,0.000000
2025-12-31,GLM-Logit,0,,0.000000,,2_4 3_10 3_11 3_12 3_13 3_14 3_16 3_9 4_10 4_9 5_14 5_8 6_15 7_15 7_16 7_5 7_7 7_8 8_14 8_8,,0.739130,0.379310,0.333333,0.379310,0.818182,0.428571,0.818182,0.142857,0.000000,
2025-12-31,HierBayes,0,,0.000000,,2_4 3_10 3_11 3_12 3_13 3_14 3_16 3_9 4_10 4_9 5_8 5_9 6_15 7_15 7_16 7_4 7_7 7_8 8_14 9_14,,,0.428571,0.379310,0.290323,0.739130,0.428571,0.739130,0.111111,0.025641,0.739130
2025-12-31,B1: Static prior,0,,0.000000,,3_10 3_11 3_14 4_10 4_8 4_9 5_14 5_15 5_8 5_9 6_14 6_15 6_7 7_15 7_16 7_8 8_15 9_14 9_15 9_16,,0.428571,,0.481481,0.481481,0.290323,0.600000,0.290323,0.111111,0.052632,0.379310
2025-12-31,TTM,0,,0.000000,,3_10 3_11 3_12 3_7 3_9 4_9 5_8 5_9 6_14 6_15 6_3 6_6 6_7 7_15 7_8 8_6 8_8 9_14 9_15 9_16,,0.379310,0.481481,,0.379310,0.333333,0.538462,0.333333,0.212121,0.052632,0.333333
2025-12-31,ET,0,,0.000000,,10_14 3_11 3_12 3_14 4_10 4_9 5_14 5_15 6_14 6_15 6_7 7_15 7_5 8_14 8_15 8_6 8_8 8_9 9_14 9_16,,0.290323,0.481481,0.379310,,0.333333,0.428571,0.333333,0.176471,0.052632,0.379310
2025-12-31,B5: B2+B3,0,,0.000000,,1_12 2_4 3_10 3_11 3_12 3_13 3_14 3_16 3_9 4_10 4_9 5_8 6_15 7_15 7_4 7_5 7_7 7_8 8_14 8_8,,0.739130,0.290323,0.333333,0.333333,,0.428571,1.000000,0.142857,0.000000,0.818182
2025-12-31,B4: B1+B3,0,,0.000000,,3_10 3_11 3_14 3_9 4_10 4_8 4_9 5_8 5_9 6_14 6_15 7_15 7_3 7_5 7_8 8_15 8_6 8_8 9_14 9_15,,0.428571,0.600000,0.538462,0.428571,0.428571,,0.428571,0.290323,0.025641,0.428571
2025-12-31,B2: Recent MA,0,,0.000000,,1_12 2_4 3_10 3_11 3_12 3_13 3_14 3_16 3_9 4_10 4_9 5_8 6_15 7_15 7_4 7_5 7_7 7_8 8_14 8_8,,0.739130,0.290323,0.333333,0.333333,1.000000,0.428571,,0.142857,0.000000,0.818182
2025-12-31,B3: DoY season,0,,0.000000,,10_13 10_14 10_17 3_9 4_8 4_9 5_7 5_8 5_9 6_13 6_3 6_8 7_1 7_3 7_5 7_6 8_5 8_6 8_8 8_9,,0.111111,0.111111,0.212121,0.176471,0.142857,0.290323,0.142857,,0.000000,0.142857
2025-12-31,B0: Random,0,,0.000000,,0_13 0_18 10_19 10_6 11_3 12_14 1_7 3_5 4_15 4_17 4_19 5_0 6_18 6_9 7_11 7_13 8_11 8_12 9_14 9_16,,0.025641,0.052632,0.052632,0.052632,0.000000,0.025641,0.000000,0.000000,,0.000000
